number,count
0,121967406
1,159273701
2,118040440
3,82373725
4,62895324
5,65182524
6,42246674
7,35723183
8,35565767
9,28445251
10,47315045
11,21857528
12,25905059
13,15439207
14,15038499
15,20766741
16,15016934
17,12195624
18,13813450
19,13554482
20,23850865
21,10519171
22,10088538
23,8966636
24,11863748
25,13870442
26,7322164
27,7156298
28,7400862
29,6501680
30,20089753
31,6067134
32,5490268
33,4167455
34,3863539
35,5542446
36,3991058
37,3539860
38,3386211
39,3937458
40,9716897
41,2935515
42,3353943
43,2858183
44,3076773
45,5282315
46,2688310
47,2698885
48,3493317
49,2756183
50,14212968
51,2575319
52,2738031
53,2358439
54,2433574
55,3206206
56,2382409
57,2180527
58,2260098
59,2269298
60,6880168
61,1453997
62,1554099
63,1507333
64,2635413
65,2538843
66,1549374
67,1458793
68,1404787
69,1335167
70,4411098
71,1266646
72,1750349
73,1267302
74,1247980
75,3550772
76,1249929
77,1236079
78,1244188
79,1156959
80,5141317
81,1167960
82,1184362
83,1201401
84,1205935
85,1887824
86,1153357
87,1099325
88,1249876
89,1152709
90,5028972
91,1133969
92,1197633
93,1259823
94,1100723
95,3034364
96,1325500
97,1226690
98,1404431
99,3544993
100,15945522
101,1196688
102,661670
103,592004
104,628204
105,754905
106,581952
107,531930
108,570782
109,510188
110,1090202
111,638067
112,548159
113,452107
114,485875
115,607237
116,471577
117,441147
118,431858
119,426899
120,1751764
121,446812
122,433067
123,633430
124,407038
125,918599
126,392840
127,604162
128,825009
129,376367
130,895850
131,355465
132,376115
133,352596
134,328216
135,502572
136,329484
137,338684
138,326460
139,325203
140,872853
141,314758
142,305937
143,310114
144,387772
145,416518
146,299686
147,307156
148,289400
149,318697
150,2557373
151,301313
152,297417
153,286338
154,275584
155,361702
156,280525
157,272883
158,257360
159,261405
160,995160
161,270820
162,276444
163,264567
164,259845
165,369107
166,250525
167,258326
168,429315
169,266107
170,551695
171,244281
172,343370
173,237057
174,238756
175,464223
176,252483
177,245971
178,233135
179,244689
180,1132152
181,227653
182,254919
183,275746
184,228945
185,318830
186,222371
187,236343
188,223284
189,230146
190,411906
191,235746
192,447186
193,219281
194,200355
195,281286
196,212163
197,209143
198,209324
199,292006
200,5568672
201,357896
202,340001
203,272475
204,279202
205,304241
206,260782
207,242007
208,258996
209,219057
210,426103
211,238993
212,303278
213,217159
214,227354
215,296760
216,236806
217,210818
218,204612
219,195647
220,539228
221,221153
222,264667
223,237794
224,272843
225,399081
226,199412
227,198525
228,210679
229,200270
230,421804
231,225221
232,227369
233,234353
234,206527
235,259766
236,181710
237,188202
238,193541
239,197151
240,572613
241,187463
242,191188
243,198406
244,184689
245,231004
246,183250
247,188735
248,190638
249,194328
250,2039330
251,183765
252,228333
253,179976
254,216663
255,1185735
256,595876
257,159192
258,147710
259,146037
260,337656
261,150503
262,166195
263,153170
264,211186
265,202262
266,146730
267,150615
268,144191
269,150715
270,358639
271,146381
272,158769
273,170537
274,141582
275,264062
276,145286
277,148738
278,139358
279,143982
280,346392
281,147941
282,138552
283,137070
284,135985
285,184655
286,138177
287,142435
288,162017
289,138119
290,220134
291,125398
292,131574
293,145439
294,126709
295,171382
296,129804
297,130106
298,134334
299,198315
300,3638490
301,253477
302,205884
303,210860
304,199285
305,199227
306,154589
307,151422
308,186077
309,136637
310,265924
311,165647
312,183500
313,148735
314,146682
315,198900
316,147401
317,137321
318,136035
319,137362
320,381564
321,155173
322,146272
323,153872
324,135336
325,253958
326,124418
327,130951
328,128785
329,122091
330,299950
331,127810
332,123365
333,225703
334,122600
335,153437
336,141145
337,122211
338,123652
339,111239
340,233151
341,121795
342,119509
343,134973
344,119850
345,162363
346,111632
347,120800
348,111656
349,123693
350,974699
351,126495
352,130221
353,119181
354,115274
355,141648
356,120073
357,141295
358,114570
359,112689
360,1092351
361,115210
362,105434
363,110764
364,117613
365,564324
366,117406
367,107535
368,106611
369,101380
370,208761
371,108528
372,106304
373,108737
374,97536
375,286825
376,108731
377,296287
378,99045
379,99644
380,220852
381,100595
382,96458
383,102502
384,135622
385,129487
386,111376
387,100395
388,94499
389,99488
390,163042
391,95476
392,98253
393,94159
394,87732
395,125630
396,91966
397,91872
398,86578
399,141529
400,2944134
401,368532
402,127456
403,191422
404,372788
405,162746
406,118596
407,116581
408,121806
409,110389
410,197514
411,126118
412,118710
413,102133
414,110735
415,150386
416,126813
417,103369
418,92462
419,104703
420,236962
421,102416
422,115203
423,99665
424,99271
425,187110
426,93103
427,98876
428,91435
429,105279
430,171941
431,93333
432,113915
433,101164
434,89711
435,123917
436,87097
437,88209
438,88452
439,81776
440,199363
441,92548
442,90591
443,148922
444,120678
445,103799
446,80201
447,88083
448,92051
449,91918
450,593520
451,113403
452,82863
453,83861
454,101263
455,109359
456,120075
457,94412
458,92821
459,81744
460,165791
461,83051
462,81949
463,80558
464,83924
465,103370
466,80038
467,80621
468,83872
469,81478
470,144716
471,83972
472,79324
473,79861
474,75151
475,126391
476,85588
477,79306
478,76457
479,81796
480,271070
481,76393
482,75942
483,83700
484,78544
485,107863
486,96956
487,74934
488,103683
489,74284
490,124072
491,72463
492,72919
493,73219
494,71904
495,114887
496,76530
497,74377
498,74479
499,141017
500,5909906
501,235457
502,115788
503,122826
504,128971
505,119828
506,89276
507,86082
508,109130
509,101009
510,170672
511,96723
512,331692
513,84608
514,88156
515,99636
516,82483
517,78953
518,81739
519,78645
520,169582
521,92498
522,79870
523,78305
524,75624
525,124573
526,73632
527,78571
528,82078
529,113844
530,160072
531,75740
532,81989
533,78173
534,71580
535,94478
536,76941
537,104555
538,76224
539,69433
540,162668
541,81045
542,70967
543,73180
544,72227
545,85008
546,68884
547,67634
548,64234
549,73063
550,340935
551,71378
552,73005
553,68520
554,64882
555,151385
556,72495
557,63186
558,63235
559,66575
560,157788
561,76489
562,71363
563,66825
564,64933
565,77997
566,61388
567,71225
568,65803
569,61693
570,125780
571,71342
572,61078
573,67018
574,64382
575,99647
576,76430
577,66534
578,58244
579,63105
580,135974
581,66962
582,60409
583,62391
584,59773
585,80474
586,69276
587,72301
588,62324
589,60785
590,99310
591,57971
592,60130
593,59502
594,61849
595,79450
596,57330
597,60922
598,59320
599,93463
600,1923988
601,97106
602,87289
603,86937
604,88536
605,82403
606,76399
607,70398
608,76153
609,76253
610,126380
611,66926
612,83857
613,78831
614,68172
615,87051
616,83083
617,89126
618,78774
619,70524
620,134897
621,66800
622,67374
623,63508
624,68128
625,153844
626,72162
627,61383
628,60145
629,58900
630,134692
631,68584
632,70004
633,66549
634,57422
635,73111
636,66925
637,57288
638,57801
639,67215
640,187134
641,60935
642,72229
643,59067
644,73003
645,74867
646,66114
647,66257
648,60520
649,67050
650,354711
651,68783
652,57395
653,55321
654,56601
655,67498
656,62978
657,56266
658,52667
659,54434
660,129821
661,62415
662,61258
663,55013
664,58768
665,64447
666,136928
667,77064
668,56915
669,54218
670,99625
671,55136
672,59284
673,55600
674,54709
675,88129
676,54219
677,57168
678,64072
679,59615
680,121637
681,52842
682,55296
683,53812
684,54530
685,61773
686,56252
687,56958
688,57057
689,51799
690,84994
691,53417
692,51746
693,50973
694,49329
695,66536
696,51923
697,49488
698,48576
699,73584
700,1317826
701,83362
702,85680
703,77801
704,73368
705,72335
706,66059
707,84521
708,62222
709,61077
710,98285
711,68979
712,61539
713,66610
714,71305
715,69960
716,62342
717,65133
718,75056
719,56145
720,190966
721,60536
722,65524
723,53524
724,57793
725,81768
726,52242
727,73295
728,61330
729,55654
730,97402
731,57903
732,67612
733,55987
734,56150
735,62303
736,50960
737,123069
738,49511
739,48122
740,96989
741,55197
742,51738
743,51066
744,57693
745,66678
746,49341
747,110960
748,53250
749,55352
750,542543
751,55464
752,54588
753,54885
754,58488
755,84095
756,52044
757,73077
758,46676
759,46656
760,109469
761,49910
762,51764
763,51801
764,47933
765,67873
766,49425
767,71499
768,98825
769,49197
770,104154
771,50972
772,53095
773,58523
774,50320
775,80822
776,54018
777,157426
778,53238
779,46512
780,107814
781,56034
782,49627
783,48964
784,54848
785,61234
786,54295
787,93630
788,49164
789,60973
790,71651
791,46596
792,52309
793,47360
794,46578
795,58689
796,44973
797,45899
798,45573
799,68842
800,2026457
801,86108
802,222891
803,57860
804,57722
805,69066
806,51121
807,48485
808,92107
809,48207
810,91281
811,54495
812,59382
813,57129
814,52533
815,67780
816,54241
817,52519
818,59000
819,45779
820,93217
821,50022
822,52439
823,47369
824,48217
825,70377
826,47148
827,45508
828,54891
829,47963
830,85146
831,50481
832,53470
833,67023
834,42749
835,56229
836,45007
837,44081
838,42900
839,42808
840,99188
841,49338
842,46070
843,55210
844,68245
845,79398
846,46258
847,57710
848,47719
849,45090
850,254647
851,44674
852,51037
853,44923
854,46164
855,90684
856,49134
857,44661
858,50523
859,47141
860,86636
861,43026
862,42298
863,46623
864,55281
865,58255
866,118327
867,45467
868,45594
869,41282
870,86537
871,47237
872,44511
873,43537
874,40897
875,94273
876,44507
877,111690
878,40743
879,40914
880,90881
881,41601
882,43733
883,45362
884,40686
885,50407
886,44879
887,41866
888,214551
889,43828
890,64959
891,41791
892,39806
893,42593
894,38615
895,51842
896,43811
897,39282
898,41461
899,57050
900,850560
901,68523
902,54011
903,49429
904,53584
905,62689
906,46087
907,57203
908,49156
909,56194
910,73762
911,459818
912,54541
913,47356
914,55508
915,54898
916,56548
917,53794
918,52107
919,58824
920,112816
921,45115
922,49470
923,43373
924,51145
925,80156
926,41945
927,40703
928,53161
929,44434
930,77537
931,43370
932,41714
933,43070
934,39366
935,49845
936,44281
937,46247
938,39785
939,43134
940,71496
941,49067
942,39466
943,39748
944,46932
945,49818
946,39130
947,38254
948,37228
949,52161
950,167322
951,46540
952,45270
953,39124
954,50191
955,47253
956,40594
957,38450
958,35142
959,41162
960,111431
961,40574
962,41676
963,41378
964,38711
965,48401
966,40327
967,40636
968,40773
969,41543
970,83764
971,44461
972,53720
973,50919
974,39806
975,59039
976,43802
977,40062
978,282163
979,39477
980,88518
981,40680
982,38847
983,38749
984,39603
985,48550
986,37893
987,44294
988,42608
989,48683
990,109599
991,44352
992,43759
993,43277
994,40849
995,82084
996,50416
997,52857
998,52937
999,333232
1000,2472640
1001,113817
1002,107760
1003,34073
1004,29804
1005,29884
1006,35854
1007,129992
1008,25831
1009,22808
1010,62879
1011,38758
1012,33579
1013,27453
1014,27308
1015,32187
1016,307144
1017,35950
1018,24513
1019,21107
1020,48639
1021,52178
1022,22134
1023,42456
1024,309618
1025,27110
1026,19475
1027,19383
1028,18333
1029,30605
1030,37249
1031,36376
1032,18278
1033,23560
1034,18081
1035,21736
1036,16093
1037,27176
1038,123342
1039,21651
1040,57028
1041,17904
1042,20021
1043,16378
1044,17873
1045,20952
1046,27492
1047,16029
1048,17157
1049,17029
1050,62067
1051,19765
1052,16600
1053,19870
1054,21873
1055,23629
1056,25500
1057,16531
1058,15225
1059,15051
1060,37824
1061,15830
1062,15927
1063,23079
1064,20535
1065,18630
1066,42045
1067,17739
1068,16418
1069,15626
1070,45915
1071,18037
1072,18807
1073,51494
1074,28748
1075,19402
1076,15246
1077,19312
1078,16587
1079,16234
1080,154948
1081,16871
1082,14520
1083,19206
1084,17753
1085,18493
1086,35900
1087,15866
1088,30960
1089,22577
1090,25120
1091,16267
1092,14709
1093,76765
1094,15359
1095,27021
1096,18831
1097,42006
1098,31515
1099,73934
1100,173983
1101,49070
1102,20982
1103,32730
1104,20443
1105,23802
1106,16524
1107,19644
1108,18031
1109,40035
1110,30464
1111,137466
1112,20548
1113,18960
1114,16115
1115,20936
1116,15757
1117,17936
1118,16567
1119,16313
1120,29683
1121,17134
1122,19338
1123,16909
1124,16100
1125,22045
1126,49564
1127,16216
1128,36621
1129,13684
1130,28289
1131,15023
1132,14198
1133,14828
1134,13758
1135,17106
1136,32067
1137,16386
1138,16748
1139,15147
1140,22226
1141,14015
1142,15787
1143,13926
1144,14376
1145,38035
1146,23357
1147,14018
1148,13391
1149,15035
1150,38755
1151,15624
1152,23320
1153,14065
1154,14118
1155,24802
1156,13881
1157,13682
1158,19907
1159,18919
1160,19989
1161,19720
1162,14910
1163,13852
1164,13688
1165,14182
1166,13486
1167,16235
1168,11852
1169,13384
1170,22512
1171,13813
1172,17257
1173,13889
1174,12178
1175,20425
1176,16288
1177,34831
1178,12055
1179,13998
1180,21779
1181,12667
1182,16788
1183,13675
1184,12746
1185,17785
1186,71202
1187,14634
1188,13660
1189,15484
1190,18825
1191,14545
1192,15545
1193,12458
1194,15265
1195,13390
1196,12392
1197,12832
1198,14594
1199,20878
1200,400539
1201,25869
1202,23139
1203,17382
1204,23392
1205,17694
1206,19395
1207,17810
1208,15799
1209,15967
1210,27152
1211,18959
1212,27564
1213,18038
1214,17813
1215,27381
1216,17432
1217,14320
1218,14089
1219,14638
1220,24544
1221,17247
1222,19005
1223,18145
1224,15344
1225,22217
1226,14309
1227,16380
1228,13397
1229,13999
1230,25546
1231,16502
1232,15069
1233,14233
1234,106120
1235,18449
1236,13912
1237,13846
1238,12528
1239,12651
1240,23280
1241,14937
1242,19448
1243,14447
1244,15581
1245,16786
1246,13431
1247,12560
1248,14743
1249,13807
1250,70162
1251,17510
1252,23376
1253,14817
1254,15399
1255,15570
1256,15692
1257,14513
1258,15354
1259,13677
1260,30348
1261,14286
1262,11569
1263,12736
1264,12493
1265,15170
1266,12611
1267,12730
1268,12197
1269,10831
1270,20590
1271,15949
1272,13878
1273,18340
1274,15039
1275,18895
1276,12176
1277,12588
1278,12349
1279,17887
1280,65190
1281,12510
1282,14351
1283,12620
1284,13856
1285,14388
1286,11163
1287,12253
1288,11566
1289,12258
1290,21896
1291,16053
1292,13839
1293,12178
1294,12998
1295,17039
1296,17440
1297,12762
1298,12754
1299,16566
1300,192390
1301,33726
1302,17917
1303,16473
1304,16102
1305,17774
1306,15150
1307,25790
1308,15128
1309,14462
1310,21864
1311,15448
1312,16307
1313,19000
1314,16130
1315,17252
1316,14012
1317,13715
1318,11940
1319,12034
1320,25500
1321,14564
1322,13534
1323,14403
1324,14439
1325,22046
1326,14213
1327,16129
1328,13658
1329,11958
1330,24023
1331,15426
1332,20136
1333,21222
1334,13482
1335,14361
1336,13083
1337,31770
1338,11991
1339,11264
1340,20816
1341,13422
1342,12871
1343,13439
1344,14463
1345,15066
1346,14103
1347,14903
1348,16375
1349,14666
1350,44077
1351,14235
1352,11674
1353,14110
1354,11575
1355,13118
1356,12351
1357,12502
1358,10940
1359,11581
1360,18815
1361,12986
1362,11388
1363,11448
1364,14449
1365,32195
1366,19919
1367,13100
1368,19324
1369,11567
1370,17280
1371,66871
1372,12159
1373,13145
1374,10873
1375,15277
1376,10893
1377,14840
1378,12521
1379,10752
1380,18925
1381,13429
1382,12781
1383,10783
1384,11249
1385,14074
1386,12938
1387,11844
1388,12482
1389,13833
1390,15731
1391,11881
1392,15149
1393,10589
1394,18779
1395,13079
1396,12127
1397,12252
1398,12611
1399,16719
1400,173291
1401,21213
1402,15977
1403,14707
1404,16617
1405,16702
1406,14322
1407,13119
1408,15526
1409,12902
1410,20197
1411,13779
1412,13603
1413,13095
1414,15057
1415,22221
1416,14157
1417,12500
1418,11463
1419,12103
1420,22721
1421,13270
1422,13853
1423,12971
1424,12890
1425,15838
1426,9744
1427,11259
1428,12679
1429,12829
1430,21141
1431,14123
1432,13724
1433,16975
1434,12586
1435,13923
1436,12281
1437,11845
1438,12445
1439,12987
1440,51559
1441,20640
1442,12596
1443,11730
1444,13577
1445,13198
1446,11285
1447,11184
1448,10640
1449,11774
1450,42931
1451,13248
1452,14371
1453,24764
1454,10616
1455,16073
1456,11625
1457,11069
1458,10900
1459,11725
1460,21057
1461,14793
1462,12515
1463,11649
1464,12106
1465,12115
1466,10929
1467,14999
1468,12334
1469,16787
1470,18025
1471,35958
1472,15334
1473,13514
1474,11725
1475,18962
1476,13716
1477,13402
1478,12817
1479,11862
1480,20620
1481,11479
1482,12947
1483,17691
1484,12554
1485,18860
1486,11674
1487,11376
1488,12729
1489,11091
1490,17307
1491,14196
1492,44353
1493,17112
1494,16290
1495,15116
1496,11009
1497,14371
1498,14646
1499,17555
1500,547018
1501,24010
1502,21389
1503,19610
1504,17051
1505,17926
1506,16917
1507,14611
1508,15162
1509,18528
1510,22215
1511,18240
1512,18506
1513,17720
1514,15156
1515,23161
1516,19118
1517,22650
1518,17597
1519,21956
1520,39381
1521,26109
1522,16812
1523,20678
1524,17561
1525,24631
1526,18517
1527,17201
1528,15163
1529,16922
1530,29468
1531,15031
1532,16581
1533,17667
1534,20087
1535,21290
1536,30766
1537,14941
1538,16668
1539,16562
1540,29710
1541,20213
1542,19855
1543,18347
1544,13597
1545,18801
1546,15476
1547,18556
1548,14055
1549,17129
1550,43994
1551,15123
1552,15489
1553,18419
1554,14404
1555,20248
1556,16713
1557,15540
1558,20065
1559,20811
1560,25740
1561,15083
1562,15829
1563,15861
1564,20264
1565,18595
1566,15436
1567,15137
1568,15721
1569,14596
1570,22398
1571,17489
1572,18480
1573,15173
1574,14116
1575,18224
1576,14864
1577,16168
1578,14318
1579,13568
1580,23884
1581,14869
1582,20049
1583,14973
1584,15802
1585,17716
1586,15171
1587,16956
1588,20542
1589,14865
1590,24426
1591,17333
1592,18851
1593,15758
1594,15561
1595,17353
1596,18060
1597,15976
1598,20404
1599,20542
1600,261399
1601,24760
1602,23376
1603,37177
1604,25116
1605,25514
1606,21980
1607,26210
1608,22264
1609,27008
1610,32921
1611,26625
1612,20979
1613,18251
1614,17715
1615,19694
1616,23521
1617,17050
1618,21233
1619,26542
1620,36688
1621,22264
1622,18312
1623,22379
1624,17983
1625,24573
1626,16980
1627,16032
1628,18531
1629,17221
1630,31183
1631,17663
1632,21690
1633,19134
1634,19461
1635,21406
1636,18919
1637,19145
1638,20517
1639,17477
1640,47959
1641,19883
1642,29502
1643,20176
1644,29396
1645,22437
1646,20984
1647,16618
1648,27724
1649,22441
1650,55731
1651,19690
1652,17564
1653,17243
1654,17923
1655,19011
1656,18569
1657,15553
1658,18172
1659,16480
1660,44739
1661,20107
1662,21332
1663,17557
1664,20502
1665,23373
1666,24781
1667,21634
1668,16872
1669,16637
1670,24985
1671,15678
1672,18634
1673,16164
1674,17105
1675,21610
1676,17614
1677,16020
1678,16609
1679,16306
1680,32783
1681,17336
1682,18205
1683,20074
1684,16368
1685,23967
1686,15949
1687,18342
1688,28596
1689,26181
1690,25926
1691,16042
1692,22664
1693,15972
1694,17419
1695,17710
1696,15521
1697,17582
1698,16025
1699,19628
1700,162475
1701,32742
1702,21930
1703,22873
1704,21666
1705,19572
1706,20346
1707,28473
1708,20093
1709,22317
1710,27308
1711,21548
1712,19706
1713,19760
1714,22288
1715,26257
1716,18683
1717,22329
1718,21161
1719,18704
1720,31933
1721,20295
1722,21551
1723,20655
1724,18890
1725,22660
1726,18363
1727,21344
1728,23187
1729,19329
1730,29907
1731,17550
1732,20209
1733,20165
1734,18977
1735,22190
1736,18939
1737,19932
1738,19518
1739,19128
1740,31518
1741,21769
1742,21696
1743,22115
1744,21487
1745,28402
1746,21616
1747,19902
1748,25445
1749,23360
1750,74264
1751,22615
1752,25866
1753,24667
1754,25581
1755,33736
1756,27297
1757,27447
1758,30615
1759,27833
1760,39549
1761,22701
1762,25320
1763,37921
1764,27123
1765,32095
1766,25946
1767,26109
1768,26931
1769,30003
1770,46391
1771,25218
1772,30781
1773,31019
1774,39656
1775,65148
1776,106416
1777,43438
1778,38352
1779,32209
1780,51394
1781,39159
1782,36349
1783,50270
1784,37010
1785,37818
1786,33889
1787,61088
1788,47625
1789,90819
1790,84321
1791,54873
1792,58470
1793,53520
1794,45671
1795,49339
1796,44888
1797,44405
1798,54130
1799,49330
1800,365461
1801,60812
1802,48549
1803,60981
1804,57068
1805,51996
1806,53102
1807,48308
1808,49470
1809,57814
1810,62210
1811,49600
1812,120720
1813,51987
1814,63107
1815,83790
1816,53446
1817,50566
1818,58360
1819,58371
1820,89600
1821,64001
1822,52879
1823,49013
1824,60151
1825,62901
1826,51070
1827,49986
1828,59844
1829,54949
1830,111193
1831,63737
1832,73186
1833,63812
1834,63259
1835,71941
1836,73914
1837,79191
1838,67440
1839,70967
1840,113089
1841,71682
1842,70545
1843,67346
1844,75415
1845,81771
1846,80064
1847,78652
1848,123655
1849,84042
1850,176803
1851,95051
1852,77682
1853,77067
1854,88431
1855,86735
1856,88605
1857,99907
1858,88136
1859,100424
1860,170803
1861,157593
1862,132157
1863,133008
1864,131003
1865,160563
1866,101699
1867,113503
1868,110602
1869,100438
1870,167591
1871,122522
1872,103945
1873,99790
1874,93864
1875,113086
1876,111488
1877,98854
1878,100138
1879,104033
1880,177896
1881,121077
1882,119968
1883,110492
1884,110222
1885,122391
1886,117589
1887,115533
1888,124954
1889,127811
1890,188030
1891,124617
1892,124557
1893,130472
1894,119988
1895,147133
1896,143728
1897,131452
1898,151784
1899,141915
1900,424394
1901,189562
1902,156044
1903,168605
1904,166111
1905,197568
1906,179241
1907,169457
1908,187954
1909,173601
1910,260363
1911,250970
1912,232196
1913,257518
1914,319057
1915,234331
1916,227054
1917,308097
1918,331352
1919,263550
1920,433353
1921,214308
1922,219976
1923,208225
1924,207809
1925,218540
1926,205359
1927,212275
1928,224141
1929,281552
1930,417287
1931,222614
1932,245737
1933,316668
1934,255415
1935,269192
1936,287780
1937,277525
1938,299017
1939,390708
1940,522532
1941,379381
1942,355234
1943,317321
1944,375759
1945,571056
1946,325929
1947,373531
1948,425555
1949,341869
1950,580735
1951,299020
1952,322276
1953,341776
1954,346632
1955,354638
1956,373396
1957,371213
1958,373898
1959,386446
1960,681930
1961,433849
1962,466169
1963,485549
1964,546653
1965,552437
1966,509487
1967,619149
1968,665394
1969,642965
1970,905667
1971,618885
1972,672212
1973,675147
1974,645216
1975,700137
1976,684693
1977,661361
1978,701054
1979,805418
1980,1112336
1981,749796
1982,803448
1983,808072
1984,951477
1985,905393
1986,962208
1987,947136
1988,1016649
1989,1156709
1990,1510392
1991,1289896
1992,1381625
1993,1372642
1994,1538868
1995,1657447
1996,1767383
1997,1836659
1998,2046360
1999,2459041
2000,4128971
2001,3004160
2002,2958674
2003,3435502
2004,3803865
2005,4435789
2006,5005587
2007,5862649
2008,7274105
2009,6924774
2010,7817824
2011,7979723
2012,8999295
2013,8514094
2014,7807552
2015,7335135
2016,7707099
2017,7577579
2018,7567785
2019,6762128
2020,7026973
2021,4665875
2022,2838440
2023,499495
2024,191201
2025,237200
2026,85385
2027,61143
2028,50126
2029,31525
2030,312317
2031,24455
2032,22391
2033,19535
2034,14000
2035,47275
2036,16655
2037,12653
2038,13771
2039,10357
2040,64132
2041,13247
2042,15237
2043,8457
2044,10508
2045,22809
2046,11002
2047,13289
2048,98488
2049,21539
2050,195833
2051,8646
2052,9939
2053,7348
2054,7334
2055,9962
2056,7663
2057,6830
2058,7340
2059,6638
2060,30413
2061,8640
2062,6368
2063,8898
2064,7009
2065,8486
2066,6690
2067,6416
2068,6626
2069,6297
2070,24136
2071,7491
2072,7835
2073,6881
2074,6767
2075,9404
2076,7288
2077,27252
2078,5892
2079,6238
2080,29544
2081,6709
2082,5262
2083,6412
2084,7009
2085,6398
2086,5344
2087,5581
2088,5862
2089,5508
2090,8908
2091,5329
2092,5110
2093,5556
2094,5222
2095,6148
2096,5343
2097,5609
2098,4935
2099,15614
2100,118441
2101,11329
2102,9489
2103,9069
2104,9276
2105,16719
2106,9263
2107,7774
2108,8338
2109,8141
2110,24330
2111,18067
2112,13717
2113,9681
2114,7523
2115,9400
2116,7370
2117,6628
2118,7934
2119,7475
2120,10835
2121,11398
2122,8361
2123,6947
2124,6523
2125,8202
2126,6350
2127,5184
2128,5925
2129,5366
2130,10269
2131,7725
2132,5656
2133,9096
2134,7187
2135,6313
2136,5356
2137,6619
2138,7119
2139,8796
2140,10193
2141,7040
2142,7980
2143,6291
2144,5827
2145,6344
2146,4657
2147,6686
2148,7551
2149,5544
2150,15047
2151,7124
2152,6151
2153,5939
2154,7201
2155,7728
2156,5517
2157,5186
2158,4726
2159,4922
2160,21256
2161,6032
2162,4673
2163,5042
2164,9201
2165,6626
2166,5203
2167,5457
2168,4705
2169,5201
2170,7850
2171,5076
2172,5203
2173,4609
2174,8307
2175,6416
2176,4855
2177,4755
2178,4410
2179,4494
2180,7484
2181,9595
2182,4856
2183,4616
2184,4585
2185,4639
2186,4212
2187,5488
2188,4668
2189,4568
2190,6163
2191,5184
2192,4958
2193,5012
2194,4345
2195,5499
2196,6083
2197,4964
2198,4478
2199,8379
2200,79667
2201,11247
2202,9174
2203,8426
2204,7208
2205,9838
2206,7041
2207,6020
2208,6659
2209,5530
2210,9821
2211,8753
2212,8923
2213,5454
2214,5704
2215,8248
2216,5759
2217,6125
2218,5454
2219,5470
2220,9005
2221,6807
2222,23410
2223,7238
2224,7279
2225,9395
2226,5281
2227,5901
2228,5560
2229,6356
2230,9152
2231,7290
2232,5386
2233,7270
2234,5000
2235,5513
2236,5740
2237,5308
2238,4570
2239,4749
2240,8752
2241,6805
2242,5609
2243,5106
2244,6532
2245,6012
2246,5123
2247,4788
2248,4946
2249,5215
2250,18894
2251,6665
2252,5432
2253,5829
2254,10465
2255,13780
2256,5762
2257,7304
2258,5200
2259,5434
2260,7084
2261,5994
2262,4818
2263,4829
2264,5421
2265,6040
2266,5847
2267,6615
2268,5745
2269,5225
2270,6570
2271,4642
2272,5564
2273,5851
2274,4521
2275,5474
2276,4494
2277,6254
2278,5071
2279,5289
2280,8756
2281,6279
2282,4589
2283,4682
2284,4693
2285,5238
2286,4590
2287,5518
2288,5434
2289,4519
2290,6844
2291,4268
2292,4202
2293,5128
2294,3977
2295,4913
2296,4503
2297,4057
2298,4048
2299,5563
2300,62253
2301,8426
2302,6084
2303,5601
2304,8486
2305,7331
2306,4922
2307,21110
2308,5546
2309,5374
2310,8770
2311,6851
2312,7449
2313,5325
2314,6115
2315,5696
2316,4899
2317,5584
2318,4712
2319,6639
2320,7732
2321,5482
2322,6041
2323,7248
2324,5722
2325,7773
2326,5247
2327,5088
2328,4680
2329,4651
2330,8452
2331,5234
2332,5144
2333,7284
2334,6110
2335,4879
2336,4534
2337,7957
2338,4026
2339,4653
2340,14917
2341,5179
2342,5098
2343,4547
2344,5329
2345,14322
2346,4535
2347,5036
2348,4581
2349,4670
2350,11598
2351,4590
2352,5023
2353,5062
2354,4531
2355,5482
2356,5062
2357,5405
2358,4127
2359,5291
2360,6278
2361,4542
2362,4581
2363,4274
2364,5411
2365,5353
2366,5676
2367,5561
2368,6214
2369,6091
2370,7381
2371,6751
2372,6282
2373,6540
2374,5832
2375,8865
2376,6318
2377,5564
2378,4654
2379,6957
2380,7624
2381,6149
2382,4510
2383,4794
2384,4144
2385,4758
2386,4135
2387,3994
2388,4364
2389,4032
2390,4874
2391,5047
2392,4997
2393,4124
2394,3858
2395,4709
2396,4685
2397,4036
2398,3940
2399,5037
2400,88370
2401,8595
2402,5654
2403,5639
2404,5234
2405,5277
2406,4533
2407,5528
2408,4688
2409,5079
2410,7017
2411,5344
2412,6753
2413,4808
2414,4461
2415,5150
2416,4286
2417,4379
2418,4095
2419,4633
2420,6662
2421,4469
2422,5709
2423,4902
2424,6748
2425,6553
2426,4999
2427,4656
2428,4083
2429,4112
2430,5936
2431,4829
2432,4280
2433,4605
2434,3946
2435,4741
2436,4215
2437,4001
2438,4492
2439,3977
2440,6520
2441,4578
2442,4676
2443,4365
2444,4608
2445,4717
2446,3911
2447,4125
2448,5702
2449,4176
2450,10999
2451,5600
2452,4132
2453,4137
2454,4853
2455,5028
2456,4441
2457,4280
2458,4815
2459,3756
2460,7182
2461,4350
2462,3904
2463,3654
2464,4172
2465,4542
2466,4169
2467,4198
2468,4725
2469,4007
2470,5013
2471,4430
2472,4547
2473,3900
2474,4307
2475,5311
2476,4663
2477,4589
2478,4982
2479,3562
2480,6034
2481,4266
2482,3765
2483,3842
2484,3954
2485,4170
2486,4230
2487,3677
2488,4082
2489,4349
2490,4943
2491,4158
2492,3868
2493,3705
2494,3976
2495,4885
2496,4539
2497,3911
2498,3984
2499,6822
2500,253025
2501,8631
2502,5265
2503,4980
2504,4758
2505,5698
2506,4987
2507,4253
2508,4507
2509,4495
2510,7964
2511,6011
2512,5075
2513,4090
2514,4575
2515,4879
2516,4492
2517,4301
2518,5089
2519,3975
2520,14487
2521,5647
2522,5333
2523,4287
2524,4267
2525,10633
2526,5490
2527,5343
2528,4627
2529,4855
2530,5794
2531,4982
2532,5445
2533,4118
2534,3890
2535,5048
2536,4506
2537,4240
2538,3901
2539,3780
2540,6321
2541,4366
2542,3995
2543,4095
2544,4121
2545,4756
2546,3569
2547,3905
2548,4088
2549,3873
2550,11238
2551,5049
2552,5886
2553,5643
2554,4510
2555,6370
2556,3927
2557,4704
2558,4707
2559,4652
2560,24097
2561,3891
2562,4483
2563,4463
2564,4090
2565,4142
2566,3681
2567,4384
2568,3691
2569,3269
2570,4636
2571,3798
2572,3456
2573,3397
2574,6607
2575,4846
2576,3719
2577,4007
2578,3611
2579,3599
2580,5807
2581,4428
2582,3778
2583,3966
2584,3639
2585,3865
2586,3451
2587,3489
2588,4086
2589,3654
2590,4647
2591,3790
2592,5102
2593,3527
2594,3145
2595,4337
2596,3797
2597,3542
2598,3582
2599,4098
2600,88708
2601,7498
2602,4447
2603,4557
2604,4557
2605,4791
2606,5780
2607,4428
2608,3751
2609,4155
2610,6575
2611,5268
2612,3980
2613,3828
2614,3689
2615,4518
2616,5701
2617,3996
2618,3974
2619,3575
2620,6342
2621,4077
2622,4239
2623,4153
2624,3693
2625,5352
2626,5019
2627,4351
2628,4934
2629,3743
2630,5878
2631,4037
2632,3809
2633,3985
2634,3436
2635,4252
2636,3794
2637,3892
2638,3279
2639,3944
2640,7672
2641,3412
2642,4761
2643,3566
2644,3465
2645,3797
2646,3818
2647,3522
2648,3848
2649,3378
2650,10050
2651,3827
2652,4052
2653,3764
2654,3404
2655,4160
2656,3766
2657,3489
2658,3212
2659,3087
2660,5428
2661,4005
2662,3626
2663,3767
2664,4023
2665,4575
2666,8298
2667,4809
2668,3215
2669,3380
2670,4858
2671,3639
2672,3839
2673,3670
2674,3321
2675,3999
2676,3380
2677,3850
2678,3306
2679,3556
2680,5476
2681,3601
2682,3214
2683,3309
2684,3196
2685,3212
2686,3529
2687,3064
2688,4303
2689,3201
2690,4731
2691,3381
2692,3430
2693,3743
2694,3022
2695,4128
2696,3271
2697,3789
2698,3394
2699,4838
2700,47431
2701,6383
2702,4894
2703,4786
2704,5057
2705,4598
2706,3795
2707,4340
2708,3840
2709,4471
2710,5659
2711,4757
2712,4084
2713,3841
2714,3849
2715,3942
2716,4076
2717,3689
2718,3520
2719,3641
2720,6180
2721,4031
2722,4079
2723,3768
2724,3446
2725,4117
2726,3469
2727,5903
2728,4024
2729,4468
2730,5507
2731,3590
2732,4052
2733,3734
2734,3244
2735,3469
2736,4085
2737,4174
2738,3346
2739,3635
2740,4182
2741,3995
2742,3217
2743,4147
2744,3914
2745,4211
2746,3265
2747,3643
2748,3098
2749,3340
2750,11812
2751,3594
2752,3521
2753,3597
2754,3236
2755,3861
2756,3261
2757,3227
2758,3163
2759,3206
2760,5492
2761,3488
2762,3120
2763,3246
2764,3763
2765,4759
2766,3341
2767,3817
2768,3294
2769,2963
2770,4530
2771,3305
2772,3956
2773,3055
2774,3156
2775,4362
2776,3090
2777,4420
2778,4011
2779,3139
2780,4332
2781,3915
2782,3451
2783,3587
2784,3203
2785,3624
2786,2997
2787,5004
2788,3288
2789,3688
2790,4132
2791,3105
2792,3050
2793,3075
2794,3014
2795,3662
2796,3992
2797,3210
2798,2903
2799,4955
2800,49536
2801,6708
2802,4195
2803,4383
2804,3755
2805,4225
2806,3623
2807,3742
2808,4637
2809,3764
2810,5130
2811,4507
2812,4099
2813,3572
2814,4079
2815,3927
2816,4062
2817,3821
2818,3929
2819,3193
2820,5172
2821,3952
2822,5012
2823,3414
2824,4948
2825,4105
2826,3176
2827,4682
2828,4647
2829,3750
2830,5170
2831,3750
2832,3922
2833,3736
2834,3337
2835,4249
2836,4945
2837,2988
2838,3247
2839,3194
2840,5253
2841,3769
2842,3041
2843,2986
2844,3215
2845,3508
2846,2868
2847,3426
2848,3845
2849,3297
2850,8270
2851,3844
2852,3833
2853,2903
2854,2948
2855,3768
2856,3170
2857,3893
2858,2988
2859,3337
2860,4808
2861,3362
2862,2900
2863,3085
2864,3233
2865,3634
2866,10113
2867,3033
2868,3258
2869,3342
2870,3622
2871,3305
2872,3198
2873,3090
2874,2808
2875,4557
2876,2796
2877,2916
2878,3031
2879,3131
2880,9805
2881,3409
2882,3368
2883,3518
2884,2646
2885,4328
2886,3043
2887,3116
2888,4296
2889,3383
2890,4309
2891,4036
2892,3760
2893,3360
2894,2841
2895,3412
2896,3190
2897,3002
2898,2932
2899,3334
2900,26990
2901,5388
2902,3732
2903,4864
2904,3704
2905,3983
2906,3436
2907,3823
2908,3519
2909,4290
2910,4772
2911,4668
2912,3932
2913,3463
2914,3516
2915,4223
2916,3668
2917,3598
2918,3759
2919,3456
2920,7709
2921,3868
2922,3237
2923,3699
2924,3798
2925,4362
2926,3009
2927,3130
2928,3094
2929,5694
2930,5132
2931,4009
2932,3233
2933,5122
2934,3225
2935,3313
2936,3203
2937,2746
2938,2735
2939,2921
2940,4746
2941,3904
2942,2908
2943,3210
2944,3350
2945,3449
2946,2911
2947,2955
2948,2803
2949,2912
2950,8548
2951,3321
2952,3346
2953,2950
2954,2947
2955,3405
2956,2543
2957,2902
2958,5441
2959,2761
2960,5790
2961,2871
2962,2977
2963,2978
2964,2853
2965,3260
2966,3366
2967,3111
2968,2683
2969,2866
2970,4008
2971,2787
2972,2837
2973,2798
2974,2748
2975,3494
2976,3020
2977,3242
2978,2643
2979,2969
2980,4060
2981,2741
2982,2742
2983,2544
2984,2605
2985,3270
2986,2665
2987,3452
2988,3123
2989,2915
2990,4381
2991,3865
2992,3471
2993,2990
2994,2926
2995,4064
2996,3152
2997,3526
2998,3217
2999,8096
3000,597658
3001,19504
3002,8787
3003,8898
3004,6977
3005,6358
3006,6050
3007,5231
3008,8556
3009,5150
3010,9662
3011,5364
3012,5958
3013,4555
3014,4270
3015,5545
3016,4529
3017,3807
3018,4389
3019,4883
3020,8741
3021,4903
3022,4115
3023,3904
3024,6020
3025,6131
3026,3505
3027,3631
3028,3469
3029,3754
3030,12390
3031,5161
3032,4434
3033,4698
3034,4017
3035,4324
3036,3468
3037,3272
3038,3488
3039,4007
3040,7537
3041,3450
3042,3560
3043,3245
3044,3146
3045,3932
3046,3013
3047,3366
3048,5206
3049,3541
3050,11991
3051,3940
3052,4131
3053,3713
3054,3438
3055,4678
3056,3576
3057,3413
3058,3260
3059,3247
3060,14004
3061,3260
3062,3324
3063,3037
3064,3230
3065,4015
3066,3582
3067,3947
3068,3423
3069,2937
3070,13207
3071,3947
3072,9255
3073,3075
3074,3321
3075,3914
3076,3314
3077,3830
3078,2619
3079,3327
3080,19742
3081,3780
3082,2817
3083,3405
3084,2924
3085,4043
3086,2919
3087,2928
3088,3361
3089,2966
3090,13029
3091,3005
3092,2944
3093,2752
3094,2940
3095,3439
3096,3082
3097,2816
3098,2874
3099,3932
3100,33118
3101,7251
3102,5329
3103,4084
3104,4128
3105,4502
3106,4100
3107,3683
3108,3709
3109,7690
3110,5936
3111,6320
3112,4781
3113,4251
3114,4539
3115,4739
3116,3693
3117,3500
3118,3523
3119,3270
3120,6589
3121,6793
3122,3815
3123,4158
3124,3917
3125,18607
3126,3386
3127,3364
3128,6205
3129,3427
3130,6091
3131,5296
3132,4012
3133,4601
3134,3606
3135,4822
3136,3672
3137,3381
3138,3389
3139,2969
3140,4244
3141,4147
3142,4441
3143,3094
3144,3358
3145,4526
3146,3122
3147,3059
3148,2906
3149,2909
3150,8850
3151,3418
3152,3019
3153,3066
3154,2784
3155,3432
3156,3395
3157,3266
3158,2861
3159,2809
3160,4203
3161,3854
3162,3269
3163,3753
3164,2961
3165,3083
3166,10726
3167,3141
3168,4147
3169,2626
3170,3545
3171,3704
3172,2804
3173,2806
3174,3139
3175,3523
3176,2592
3177,2753
3178,2604
3179,2741
3180,3989
3181,3212
3182,2875
3183,2649
3184,2990
3185,3066
3186,2801
3187,2714
3188,2736
3189,2904
3190,3497
3191,2994
3192,2893
3193,2570
3194,3431
3195,3224
3196,2838
3197,2548
3198,2806
3199,3366
3200,70690
3201,7488
3202,4477
3203,3936
3204,4219
3205,5054
3206,3418
3207,3910
3208,3492
3209,3334
3210,6283
3211,4772
3212,3823
3213,3730
3214,3466
3215,3492
3216,3642
3217,3260
3218,3008
3219,2989
3220,5384
3221,4088
3222,3652
3223,3917
3224,3465
3225,3967
3226,3252
3227,3232
3228,2909
3229,2960
3230,4216
3231,3404
3232,7479
3233,4821
3234,3911
3235,4158
3236,2923
3237,2839
3238,2881
3239,3806
3240,4967
3241,3163
3242,3153
3243,3259
3244,2929
3245,3237
3246,2982
3247,2963
3248,2645
3249,2786
3250,8399
3251,3237
3252,3010
3253,2617
3254,2622
3255,3367
3256,2926
3257,2733
3258,2760
3259,2531
3260,4143
3261,3620
3262,2747
3263,2907
3264,4257
3265,3133
3266,2660
3267,2755
3268,2783
3269,2829
3270,5590
3271,2659
3272,2691
3273,2668
3274,2657
3275,3092
3276,3014
3277,2690
3278,2970
3279,2568
3280,4518
3281,2858
3282,3463
3283,2559
3284,2818
3285,3191
3286,2902
3287,2527
3288,2761
3289,2620
3290,3357
3291,2502
3292,2391
3293,2416
3294,2518
3295,2775
3296,2478
3297,2549
3298,2256
3299,4682
3300,34944
3301,8040
3302,4521
3303,5626
3304,4351
3305,4637
3306,23548
3307,4373
3308,3614
3309,3518
3310,10059
3311,4830
3312,3618
3313,3620
3314,3152
3315,3728
3316,3025
3317,2977
3318,2872
3319,3019
3320,5090
3321,4241
3322,4613
3323,3188
3324,3411
3325,4269
3326,3446
3327,3207
3328,3302
3329,2832
3330,5895
3331,3688
3332,3348
3333,25509
3334,4026
3335,4218
3336,3379
3337,3502
3338,3084
3339,4700
3340,4414
3341,2950
3342,3304
3343,3200
3344,3887
3345,3317
3346,2998
3347,2712
3348,2829
3349,2595
3350,8153
3351,3242
3352,3145
3353,3071
3354,3916
3355,3768
3356,2562
3357,2617
3358,2663
3359,3188
3360,5094
3361,3226
3362,3082
3363,2676
3364,2681
3365,2824
3366,4965
3367,2606
3368,2609
3369,2730
3370,3750
3371,3145
3372,2717
3373,2657
3374,2493
3375,4126
3376,2729
3377,3023
3378,2536
3379,2800
3380,3605
3381,2740
3382,2602
3383,2612
3384,2707
3385,3018
3386,7627
3387,2431
3388,2942
3389,19294
3390,23045
3391,2784
3392,2596
3393,3242
3394,2497
3395,2830
3396,3284
3397,2677
3398,2388
3399,5396
3400,29916
3401,6466
3402,7313
3403,4865
3404,3622
3405,3823
3406,3733
3407,3756
3408,3073
3409,2887
3410,4401
3411,3848
3412,4261
3413,3020
3414,2824
3415,3220
3416,2751
3417,3168
3418,2532
3419,2450
3420,5251
3421,3432
3422,2979
3423,3490
3424,2827
3425,3251
3426,2605
3427,2760
3428,2543
3429,2624
3430,3530
3431,2888
3432,3285
3433,2746
3434,3831
3435,3592
3436,3349
3437,2537
3438,2755
3439,2543
3440,5741
3441,2731
3442,2624
3443,3047
3444,3395
3445,3157
3446,2425
3447,2506
3448,2869
3449,2695
3450,7042
3451,2822
3452,2697
3453,2644
3454,2805
3455,2927
3456,8764
3457,2858
3458,2528
3459,2372
3460,3052
3461,2559
3462,2646
3463,2694
3464,2969
3465,2750
3466,2626
3467,2528
3468,2926
3469,2310
3470,3820
3471,3853
3472,2931
3473,2374
3474,2705
3475,3215
3476,2693
3477,2719
3478,3278
3479,2291
3480,3746
3481,2879
3482,2410
3483,2438
3484,2234
3485,2530
3486,2230
3487,2007
3488,2565
3489,2176
3490,3477
3491,2384
3492,2312
3493,2197
3494,2093
3495,3553
3496,2384
3497,2736
3498,2319
3499,3212
3500,121870
3501,5774
3502,3397
3503,3252
3504,3201
3505,3677
3506,3131
3507,2862
3508,3308
3509,2839
3510,4459
3511,3550
3512,3304
3513,2783
3514,3771
3515,3588
3516,3206
3517,2656
3518,2367
3519,2509
3520,5593
3521,3637
3522,2830
3523,2773
3524,2703
3525,3267
3526,2575
3527,2530
3528,3058
3529,2506
3530,3498
3531,2634
3532,2582
3533,2594
3534,2507
3535,4508
3536,3095
3537,3224
3538,3403
3539,2667
3540,4208
3541,2721
3542,2981
3543,2605
3544,2690
3545,2757
3546,2380
3547,2580
3548,2647
3549,2787
3550,6965
3551,3078
3552,2669
3553,7051
3554,2438
3555,3850
3556,2547
3557,2455
3558,2364
3559,2421
3560,4062
3561,2786
3562,2323
3563,2299
3564,2308
3565,2753
3566,2313
3567,2680
3568,2695
3569,2191
3570,3744
3571,2827
3572,2312
3573,2402
3574,2225
3575,3116
3576,2433
3577,2400
3578,3217
3579,2510
3580,3368
3581,2404
3582,3307
3583,3262
3584,4005
3585,2863
3586,2260
3587,2209
3588,4303
3589,2269
3590,3777
3591,2519
3592,2705
3593,2677
3594,2176
3595,2639
3596,2096
3597,2490
3598,2094
3599,3304
3600,95763
3601,4779
3602,3232
3603,3430
3604,3486
3605,3089
3606,2910
3607,2615
3608,2747
3609,2796
3610,4388
3611,3048
3612,2790
3613,2654
3614,2505
3615,2961
3616,2753
3617,2392
3618,2291
3619,2317
3620,3818
3621,2855
3622,2713
3623,2489
3624,3012
3625,3112
3626,3281
3627,2794
3628,2651
3629,2426
3630,4092
3631,2944
3632,2673
3633,2902
3634,2515
3635,2618
3636,4020
3637,2522
3638,3022
3639,2866
3640,3868
3641,2800
3642,2906
3643,2511
3644,2408
3645,2303
3646,2552
3647,2675
3648,2952
3649,2164
3650,8332
3651,2802
3652,2310
3653,2407
3654,2418
3655,2616
3656,2350
3657,2213
3658,3030
3659,2308
3660,3838
3661,2462
3662,2202
3663,3459
3664,2669
3665,2624
3666,2608
3667,2935
3668,2581
3669,2155
3670,2786
3671,2414
3672,2435
3673,2393
3674,2216
3675,2773
3676,2738
3677,2448
3678,2390
3679,2129
3680,3340
3681,2106
3682,2013
3683,2527
3684,2277
3685,2165
3686,2620
3687,2404
3688,2202
3689,2043
3690,3356
3691,2143
3692,2014
3693,2034
3694,1811
3695,2419
3696,2372
3697,2182
3698,2154
3699,2628
3700,24070
3701,4625
3702,3391
3703,2714
3704,2866
3705,3066
3706,2614
3707,2548
3708,2784
3709,2209
3710,3586
3711,3520
3712,2882
3713,2581
3714,2480
3715,2621
3716,2275
3717,2665
3718,2426
3719,2628
3720,3733
3721,2772
3722,2502
3723,2370
3724,2892
3725,2744
3726,2366
3727,3407
3728,2466
3729,3869
3730,4771
3731,2856
3732,3283
3733,3597
3734,2064
3735,2514
3736,2285
3737,3314
3738,2520
3739,3033
3740,3625
3741,2288
3742,3246
3743,2733
3744,2845
3745,3371
3746,2223
3747,2321
3748,3048
3749,2274
3750,10161
3751,2583
3752,2463
3753,2256
3754,2422
3755,3172
3756,2405
3757,2082
3758,3505
3759,1993
3760,3377
3761,2424
3762,2533
3763,2027
3764,2312
3765,2484
3766,2266
3767,2280
3768,2193
3769,2217
3770,5515
3771,2581
3772,2311
3773,2643
3774,2450
3775,2819
3776,2938
3777,3076
3778,2139
3779,2173
3780,3308
3781,2471
3782,2387
3783,2361
3784,2186
3785,2549
3786,2474
3787,2084
3788,2183
3789,2181
3790,3755
3791,3214
3792,2032
3793,2029
3794,2093
3795,2170
3796,1967
3797,2412
3798,1843
3799,2343
3800,30031
3801,4570
3802,2782
3803,2794
3804,2349
3805,2703
3806,2605
3807,2207
3808,2875
3809,2988
3810,3367
3811,2897
3812,2750
3813,2248
3814,2228
3815,2575
3816,2332
3817,2130
3818,2123
3819,2099
3820,4023
3821,2525
3822,2299
3823,2388
3824,4763
3825,2776
3826,2064
3827,2124
3828,2374
3829,2261
3830,3004
3831,2417
3832,2213
3833,2902
3834,2228
3835,2685
3836,2020
3837,2147
3838,3215
3839,2399
3840,13892
3841,2908
3842,2731
3843,2281
3844,2807
3845,2550
3846,2544
3847,3175
3848,2247
3849,2165
3850,6678
3851,2324
3852,2311
3853,2113
3854,1965
3855,2647
3856,2133
3857,4953
3858,2093
3859,2365
3860,2807
3861,2423
3862,2091
3863,2258
3864,2316
3865,3520
3866,2249
3867,2158
3868,2301
3869,1924
3870,5154
3871,2217
3872,4785
3873,1887
3874,1908
3875,2619
3876,2064
3877,2043
3878,2121
3879,1852
3880,3521
3881,2263
3882,2024
3883,2421
3884,1916
3885,2434
3886,2340
3887,2069
3888,4393
3889,2468
3890,2704
3891,2203
3892,2595
3893,2118
3894,2091
3895,2345
3896,1950
3897,2597
3898,1982
3899,2428
3900,18189
3901,3634
3902,2515
3903,2915
3904,3327
3905,2818
3906,3275
3907,2440
3908,2645
3909,2617
3910,3209
3911,2887
3912,2483
3913,2217
3914,2125
3915,2636
3916,2131
3917,2462
3918,2001
3919,2259
3920,3210
3921,2567
3922,2911
3923,2473
3924,2350
3925,2429
3926,2309
3927,3843
3928,2637
3929,2180
3930,2958
3931,2470
3932,2416
3933,2421
3934,12829
3935,2069
3936,2065
3937,3081
3938,2002
3939,3200
3940,3768
3941,2696
3942,2171
3943,2198
3944,2172
3945,4943
3946,2306
3947,2195
3948,2100
3949,2418
3950,4507
3951,2234
3952,2210
3953,1880
3954,2051
3955,2384
3956,2545
3957,1846
3958,1911
3959,3178
3960,3588
3961,2185
3962,2621
3963,2100
3964,1973
3965,2145
3966,2273
3967,1986
3968,2247
3969,2642
3970,3089
3971,2271
3972,1994
3973,1902
3974,2116
3975,2660
3976,2019
3977,1980
3978,2415
3979,2350
3980,2552
3981,2075
3982,2053
3983,1868
3984,2001
3985,2063
3986,3341
3987,3174
3988,2148
3989,2134
3990,2970
3991,2248
3992,2171
3993,2433
3994,2114
3995,2773
3996,2459
3997,2144
3998,2505
3999,5590
4000,350477
4001,11248
4002,5634
4003,5251
4004,9513
4005,5229
4006,4611
4007,3949
4008,3909
4009,3483
4010,6281
4011,4517
4012,4032
4013,3519
4014,3923
4015,3797
4016,3341
4017,3783
4018,5066
4019,2820
4020,7001
4021,3253
4022,3104
4023,2901
4024,2808
4025,3546
4026,2842
4027,2735
4028,2863
4029,2601
4030,4050
4031,3401
4032,4861
4033,14533
4034,2662
4035,3116
4036,2492
4037,2450
4038,2921
4039,3226
4040,7692
4041,3401
4042,3098
4043,2898
4044,3505
4045,3357
4046,2732
4047,2580
4048,2814
4049,4689
4050,7012
4051,4834
4052,2554
4053,2826
4054,2702
4055,2811
4056,2686
4057,2322
4058,2322
4059,2284
4060,4417
4061,2744
4062,2710
4063,2356
4064,3201
4065,2700
4066,2666
4067,2685
4068,2474
4069,2519
4070,4030
4071,2372
4072,2898
4073,2279
4074,2422
4075,2694
4076,2201
4077,3190
4078,2233
4079,2244
4080,6690
4081,2871
4082,2324
4083,2229
4084,2306
4085,2433
4086,2570
4087,2241
4088,3077
4089,2063
4090,5914
4091,2507
4092,2520
4093,2286
4094,2870
4095,7759
4096,85549
4097,3882
4098,2605
4099,3611
4100,21392
4101,5632
4102,4263
4103,7233
4104,3854
4105,3373
4106,2734
4107,2680
4108,2899
4109,2818
4110,4289
4111,4751
4112,3465
4113,2667
4114,2831
4115,3133
4116,2939
4117,2447
4118,2575
4119,2724
4120,4364
4121,3875
4122,3220
4123,3651
4124,2736
4125,3506
4126,2393
4127,2870
4128,3692
4129,2780
4130,6758
4131,2750
4132,2428
4133,2458
4134,2312
4135,5059
4136,2430
4137,2439
4138,2231
4139,2255
4140,5593
4141,4422
4142,3654
4143,3042
4144,2757
4145,2423
4146,2188
4147,2746
4148,2401
4149,2133
4150,5828
4151,3830
4152,2292
4153,2233
4154,2063
4155,2856
4156,2256
4157,2645
4158,2227
4159,3276
4160,4953
4161,4449
4162,2224
4163,2427
4164,2225
4165,2901
4166,2454
4167,3497
4168,2044
4169,2303
4170,3034
4171,2761
4172,3325
4173,2194
4174,2002
4175,2586
4176,2309
4177,2231
4178,2110
4179,2397
4180,3450
4181,2649
4182,1980
4183,2543
4184,2262
4185,2125
4186,2267
4187,2251
4188,2054
4189,2009
4190,2520
4191,2476
4192,2161
4193,2120
4194,2122
4195,2177
4196,1999
4197,1957
4198,2079
4199,2356
4200,35277
4201,4293
4202,3539
4203,2755
4204,2612
4205,2985
4206,2389
4207,2780
4208,2831
4209,2593
4210,4313
4211,3516
4212,3262
4213,3077
4214,3161
4215,3531
4216,2268
4217,4913
4218,2579
4219,2257
4220,3563
4221,2886
4222,4219
4223,2415
4224,2951
4225,4169
4226,2730
4227,3028
4228,2302
4229,2362
4230,3509
4231,4485
4232,2827
4233,2624
4234,2341
4235,2360
4236,6562
4237,2077
4238,2149
4239,2039
4240,4208
4241,2659
4242,5323
4243,2851
4244,3945
4245,3070
4246,2208
4247,2531
4248,2394
4249,2352
4250,6458
4251,2723
4252,2267
4253,2365
4254,2385
4255,2533
4256,2445
4257,2273
4258,2873
4259,2029
4260,3666
4261,2678
4262,2327
4263,2278
4264,2027
4265,2190
4266,2380
4267,2970
4268,2050
4269,3138
4270,2682
4271,3785
4272,2309
4273,3454
4274,2422
4275,2600
4276,2138
4277,2314
4278,2487
4279,2135
4280,3716
4281,2148
4282,2212
4283,2124
4284,2053
4285,2643
4286,2456
4287,2708
4288,2439
4289,1895
4290,2744
4291,2282
4292,2415
4293,2100
4294,2029
4295,2648
4296,2784
4297,2023
4298,2002
4299,2357
4300,19446
4301,4300
4302,3258
4303,3198
4304,2700
4305,3084
4306,2648
4307,2540
4308,2428
4309,2312
4310,3858
4311,3275
4312,3557
4313,2402
4314,2529
4315,2639
4316,2018
4317,2371
4318,2107
4319,3514
4320,5772
4321,8251
4322,3331
4323,2394
4324,4054
4325,2840
4326,14636
4327,2390
4328,2552
4329,2004
4330,3503
4331,3043
4332,2707
4333,3840
4334,2662
4335,2520
4336,2297
4337,2252
4338,2344
4339,2159
4340,4847
4341,2404
4342,2079
4343,3489
4344,2689
4345,2879
4346,2044
4347,2221
4348,2172
4349,2113
4350,5847
4351,2273
4352,2975
4353,2184
4354,2045
4355,2365
4356,2645
4357,5709
4358,2449
4359,2018
4360,3480
4361,2129
4362,2449
4363,2529
4364,2322
4365,2478
4366,2398
4367,1777
4368,2879
4369,2066
4370,2788
4371,2182
4372,1991
4373,2123
4374,2399
4375,7528
4376,1874
4377,2309
4378,1859
4379,1898
4380,3070
4381,2268
4382,1968
4383,1886
4384,2077
4385,2033
4386,2041
4387,1963
4388,2652
4389,2728
4390,2306
4391,2313
4392,1913
4393,1943
4394,2127
4395,2296
4396,1731
4397,1825
4398,2222
4399,2680
4400,24610
4401,4271
4402,3037
4403,2715
4404,2988
4405,2907
4406,2647
4407,2361
4408,2473
4409,2744
4410,3553
4411,3557
4412,3229
4413,2413
4414,2687
4415,2631
4416,3781
4417,2317
4418,2306
4419,3013
4420,3337
4421,2764
4422,3680
4423,2930
4424,2413
4425,2881
4426,2190
4427,2225
4428,2248
4429,2029
4430,4230
4431,2387
4432,2467
4433,3265
4434,2387
4435,3190
4436,2128
4437,2491
4438,2554
4439,1953
4440,4210
4441,2833
4442,2326
4443,3209
4444,16009
4445,3240
4446,2762
4447,2581
4448,2571
4449,2976
4450,4049
4451,2468
4452,2302
4453,2824
4454,2227
4455,3485
4456,2091
4457,2399
4458,2102
4459,2203
4460,3228
4461,2054
4462,2185
4463,1923
4464,2378
4465,2635
4466,2660
4467,2045
4468,2164
4469,2099
4470,3143
4471,2428
4472,3347
4473,5744
4474,2212
4475,2242
4476,1859
4477,2867
4478,1912
4479,2022
4480,3268
4481,2109
4482,1970
4483,2252
4484,2937
4485,2385
4486,2238
4487,2022
4488,3007
4489,1986
4490,2680
4491,2378
4492,1883
4493,2014
4494,2011
4495,2102
4496,1855
4497,1792
4498,1670
4499,2789
4500,69350
4501,4718
4502,3964
4503,3615
4504,2458
4505,3449
4506,3889
4507,2339
4508,2298
4509,2748
4510,3898
4511,3556
4512,3024
4513,2610
4514,2506
4515,2890
4516,2409
4517,1910
4518,1938
4519,2017
4520,3754
4521,2613
4522,2850
4523,2016
4524,2168
4525,2748
4526,2026
4527,2107
4528,2042
4529,2319
4530,3245
4531,2043
4532,2441
4533,2235
4534,2008
4535,2409
4536,2339
4537,2048
4538,1845
4539,2037
4540,2679
4541,2236
4542,2102
4543,2075
4544,2286
4545,4500
4546,2176
4547,2514
4548,2351
4549,2213
4550,4578
4551,2591
4552,2373
4553,2130
4554,2463
4555,3095
4556,2434
4557,2300
4558,2215
4559,2070
4560,3235
4561,2252
4562,2844
4563,2075
4564,2076
4565,2718
4566,2750
4567,8571
4568,2156
4569,2380
4570,3204
4571,2436
4572,2165
4573,2070
4574,1761
4575,2447
4576,2164
4577,2288
4578,1980
4579,1985
4580,2489
4581,1900
4582,1970
4583,2120
4584,1733
4585,1875
4586,1885
4587,1847
4588,1932
4589,1829
4590,3172
4591,1733
4592,2196
4593,1985
4594,1942
4595,1978
4596,1766
4597,1834
4598,2180
4599,2306
4600,19429
4601,3387
4602,2437
4603,2316
4604,2134
4605,2422
4606,2510
4607,2196
4608,3887
4609,2389
4610,3517
4611,2379
4612,2375
4613,2093
4614,2559
4615,3415
4616,2122
4617,1996
4618,1961
4619,1932
4620,3040
4621,2199
4622,2388
4623,2082
4624,2565
4625,3115
4626,2165
4627,2293
4628,1839
4629,1773
4630,3101
4631,2361
4632,2052
4633,2075
4634,2428
4635,2141
4636,4142
4637,2124
4638,2012
4639,1976
4640,2937
4641,2217
4642,2162
4643,1880
4644,2019
4645,2144
4646,3070
4647,2415
4648,2998
4649,2482
4650,4542
4651,2480
4652,1990
4653,2330
4654,1899
4655,2327
4656,2105
4657,2036
4658,2467
4659,1796
4660,2866
4661,1855
4662,2032
4663,2250
4664,2259
4665,2302
4666,2843
4667,2457
4668,2076
4669,1971
4670,3623
4671,2053
4672,2118
4673,3745
4674,1778
4675,2083
4676,2052
4677,1955
4678,2089
4679,1819
4680,3859
4681,2218
4682,1830
4683,1788
4684,2232
4685,1990
4686,2787
4687,2146
4688,3182
4689,1802
4690,3041
4691,1840
4692,1902
4693,1651
4694,1884
4695,1953
4696,2212
4697,1862
4698,1831
4699,2000
4700,17143
4701,3451
4702,2491
4703,2274
4704,2646
4705,2524
4706,2064
4707,2698
4708,2187
4709,2069
4710,3375
4711,5376
4712,2615
4713,2872
4714,2108
4715,2637
4716,2066
4717,2061
4718,1913
4719,1946
4720,3126
4721,2173
4722,2219
4723,2577
4724,2050
4725,2746
4726,1943
4727,2058
4728,2046
4729,2109
4730,2747
4731,2223
4732,2177
4733,2033
4734,1863
4735,1994
4736,2498
4737,1947
4738,1819
4739,2067
4740,2788
4741,2186
4742,1863
4743,1746
4744,2185
4745,1853
4746,1873
4747,3396
4748,1971
4749,2257
4750,5251
4751,2410
4752,2138
4753,2058
4754,2067
4755,2813
4756,1889
4757,2165
4758,2447
4759,1916
4760,2824
4761,1947
4762,2083
4763,1700
4764,1747
4765,1953
4766,2162
4767,1918
4768,1934
4769,2246
4770,4449
4771,2182
4772,2250
4773,2055
4774,1940
4775,2054
4776,2057
4777,2729
4778,1734
4779,1812
4780,2409
4781,2034
4782,1943
4783,1944
4784,1969
4785,1903
4786,2036
4787,1793
4788,1936
4789,2029
4790,2985
4791,1915
4792,1762
4793,1745
4794,1559
4795,1871
4796,2020
4797,2316
4798,1696
4799,2204
4800,31890
4801,3470
4802,2372
4803,2119
4804,2050
4805,2652
4806,2126
4807,2112
4808,2057
4809,5906
4810,3582
4811,2596
4812,2285
4813,1963
4814,2064
4815,2044
4816,1932
4817,1943
4818,2116
4819,2692
4820,2709
4821,2142
4822,2748
4823,1832
4824,1878
4825,2264
4826,1903
4827,2226
4828,1946
4829,1583
4830,5862
4831,2073
4832,1826
4833,2464
4834,1612
4835,2047
4836,1750
4837,1630
4838,2001
4839,1681
4840,2618
4841,2207
4842,2059
4843,1848
4844,2086
4845,3890
4846,1855
4847,1770
4848,3118
4849,2307
4850,6896
4851,2062
4852,2240
4853,1941
4854,1791
4855,1817
4856,1958
4857,1788
4858,1857
4859,1740
4860,3219
4861,2323
4862,2001
4863,1642
4864,2049
4865,1853
4866,1831
4867,1963
4868,2831
4869,1959
4870,5407
4871,2039
4872,2359
4873,1831
4874,1841
4875,2344
4876,1835
4877,2294
4878,2236
4879,1876
4880,2883
4881,1856
4882,2224
4883,1952
4884,2058
4885,2126
4886,1770
4887,1869
4888,2477
4889,2397
4890,3052
4891,1595
4892,1526
4893,1606
4894,1706
4895,2240
4896,2223
4897,1685
4898,1738
4899,2148
4900,12286
4901,2996
4902,2092
4903,2252
4904,2048
4905,2364
4906,1992
4907,1905
4908,1777
4909,2028
4910,2761
4911,2613
4912,2101
4913,2049
4914,2277
4915,2638
4916,1671
4917,1769
4918,1911
4919,2020
4920,2698
4921,2233
4922,2316
4923,1962
4924,1985
4925,2131
4926,1879
4927,1717
4928,1897
4929,1912
4930,2327
4931,1862
4932,2171
4933,2013
4934,1865
4935,1893
4936,1882
4937,1830
4938,1747
4939,2221
4940,2429
4941,2046
4942,1762
4943,1711
4944,2188
4945,3004
4946,2056
4947,1786
4948,2017
4949,2690
4950,4322
4951,2317
4952,2063
4953,1763
4954,1739
4955,1947
4956,1768
4957,1792
4958,1946
4959,2506
4960,2678
4961,1951
4962,1862
4963,1831
4964,1703
4965,2126
4966,1770
4967,1742
4968,1853
4969,1588
4970,2294
4971,1918
4972,1750
4973,1737
4974,1715
4975,2673
4976,1722
4977,1989
4978,1669
4979,1783
4980,2372
4981,1780
4982,1749
4983,1887
4984,1672
4985,1796
4986,1846
4987,1734
4988,1657
4989,1799
4990,2858
4991,1982
4992,2223
4993,2141
4994,1967
4995,2616
4996,2408
4997,2009
4998,1981
4999,6202
5000,562551
5001,13953
5002,5604
5003,4268
5004,3740
5005,6407
5006,3311
5007,5715
5008,4534
5009,2990
5010,6639
5011,3557
5012,2930
5013,2515
5014,2477
5015,3399
5016,2436
5017,2481
5018,2395
5019,2009
5020,4894
5021,2546
5022,2747
5023,2162
5024,2229
5025,2506
5026,2081
5027,2252
5028,1883
5029,2457
5030,3667
5031,2155
5032,2299
5033,2399
5034,1948
5035,2039
5036,2095
5037,2389
5038,1715
5039,2294
5040,5642
5041,2360
5042,1950
5043,2257
5044,2328
5045,2296
5046,1999
5047,1703
5048,1974
5049,2048
5050,11621
5051,3336
5052,3793
5053,2336
5054,2109
5055,3245
5056,2222
5057,1804
5058,1814
5059,2004
5060,5992
5061,3960
5062,1908
5063,1939
5064,1866
5065,2104
5066,2307
5067,2136
5068,1877
5069,2030
5070,3190
5071,1721
5072,1920
5073,1679
5074,1689
5075,2486
5076,1746
5077,1888
5078,1734
5079,1596
5080,3465
5081,1881
5082,1677
5083,2675
5084,1822
5085,2217
5086,1837
5087,1746
5088,2188
5089,1933
5090,2677
5091,1607
5092,1803
5093,1647
5094,1586
5095,1730
5096,1904
5097,1583
5098,1489
5099,1819
5100,20668
5101,4573
5102,2809
5103,2963
5104,2470
5105,6434
5106,1973
5107,2452
5108,2284
5109,1881
5110,4308
5111,3645
5112,2734
5113,2188
5114,2624
5115,2656
5116,2139
5117,1914
5118,1897
5119,2292
5120,6998
5121,2995
5122,2501
5123,2418
5124,2002
5125,2921
5126,2093
5127,1788
5128,2463
5129,1891
5130,2968
5131,2172
5132,1851
5133,1896
5134,1912
5135,2120
5136,1618
5137,1798
5138,1569
5139,1765
5140,3085
5141,1880
5142,1858
5143,1726
5144,1950
5145,2090
5146,1813
5147,1618
5148,1715
5149,1746
5150,10974
5151,3675
5152,2412
5153,2293
5154,2058
5155,2407
5156,1984
5157,1753
5158,1724
5159,1665
5160,4017
5161,2332
5162,1914
5163,1684
5164,1782
5165,1876
5166,1711
5167,2284
5168,1779
5169,1788
5170,2502
5171,2123
5172,2344
5173,1644
5174,1548
5175,1969
5176,1885
5177,1678
5178,1435
5179,1653
5180,2415
5181,1754
5182,1972
5183,1734
5184,2195
5185,1798
5186,1493
5187,1647
5188,1691
5189,1610
5190,2261
5191,1956
5192,1954
5193,2122
5194,10368
5195,2125
5196,1754
5197,1713
5198,1683
5199,2064
5200,28918
5201,3692
5202,2282
5203,2076
5204,2405
5205,2339
5206,2108
5207,2024
5208,2070
5209,1918
5210,3597
5211,2490
5212,2131
5213,1813
5214,1889
5215,2070
5216,1982
5217,2449
5218,1824
5219,1638
5220,3910
5221,2253
5222,3177
5223,2148
5224,1859
5225,3204
5226,1892
5227,2040
5228,1859
5229,1685
5230,3157
5231,1941
5232,2068
5233,2151
5234,1978
5235,2160
5236,2050
5237,1777
5238,1787
5239,1514
5240,2583
5241,1901
5242,1683
5243,1589
5244,1627
5245,2006
5246,1868
5247,1788
5248,1749
5249,1603
5250,6921
5251,2173
5252,3002
5253,2393
5254,2065
5255,2854
5256,1745
5257,1883
5258,1779
5259,1640
5260,2289
5261,1869
5262,1737
5263,2002
5264,1635
5265,1629
5266,1863
5267,1641
5268,1513
5269,1552
5270,2399
5271,1827
5272,1694
5273,1861
5274,1669
5275,1945
5276,1432
5277,1683
5278,1827
5279,1617
5280,7676
5281,5486
5282,1726
5283,1818
5284,1489
5285,2219
5286,1553
5287,1607
5288,1631
5289,1435
5290,1915
5291,1783
5292,2077
5293,1565
5294,1443
5295,1590
5296,1676
5297,1598
5298,1365
5299,1712
5300,16966
5301,3481
5302,2594
5303,2313
5304,2160
5305,2475
5306,2099
5307,2421
5308,1819
5309,3198
5310,3501
5311,2548
5312,2208
5313,2132
5314,1603
5315,2226
5316,1930
5317,1782
5318,1688
5319,1550
5320,3285
5321,2556
5322,2555
5323,2223
5324,2539
5325,2244
5326,1654
5327,1977
5328,2068
5329,1997
5330,2541
5331,2011
5332,1852
5333,3077
5334,2007
5335,2317
5336,1613
5337,1660
5338,1473
5339,1619
5340,2171
5341,1929
5342,1651
5343,1912
5344,1797
5345,1960
5346,1625
5347,2499
5348,1777
5349,1625
5350,3224
5351,1654
5352,1709
5353,3274
5354,1758
5355,2369
5356,2069
5357,1827
5358,1714
5359,1727
5360,2088
5361,1706
5362,1582
5363,1628
5364,1499
5365,1667
5366,1611
5367,1519
5368,1544
5369,1457
5370,2103
5371,1744
5372,1437
5373,1854
5374,1525
5375,2275
5376,1873
5377,1648
5378,1530
5379,1365
5380,2491
5381,2384
5382,1436
5383,1669
5384,1514
5385,1738
5386,1583
5387,1617
5388,1522
5389,1537
5390,1777
5391,1555
5392,1425
5393,1416
5394,1259
5395,1727
5396,1513
5397,1446
5398,1412
5399,1527
5400,22528
5401,3643
5402,2411
5403,2099
5404,1806
5405,2636
5406,2400
5407,1961
5408,2117
5409,1716
5410,2395
5411,2533
5412,2353
5413,1760
5414,1843
5415,2520
5416,1808
5417,1702
5418,1850
5419,1565
5420,2702
5421,1876
5422,2304
5423,1740
5424,2179
5425,2153
5426,1505
5427,1592
5428,1807
5429,1472
5430,2480
5431,1682
5432,16275
5433,3265
5434,1636
5435,1842
5436,1599
5437,2332
5438,1666
5439,2017
5440,2657
5441,1872
5442,1958
5443,2041
5444,2273
5445,2373
5446,2048
5447,1864
5448,1703
5449,1711
5450,3846
5451,1829
5452,1977
5453,1821
5454,2936
5455,2301
5456,2255
5457,1777
5458,1567
5459,1607
5460,2571
5461,2653
5462,1590
5463,1936
5464,1757
5465,2059
5466,1691
5467,1538
5468,1687
5469,1699
5470,2312
5471,2325
5472,5551
5473,1385
5474,1596
5475,1683
5476,1517
5477,1643
5478,1639
5479,1636
5480,2213
5481,1688
5482,1519
5483,1772
5484,1396
5485,1548
5486,1535
5487,1651
5488,2216
5489,1469
5490,2186
5491,1959
5492,1468
5493,1433
5494,1606
5495,2002
5496,1352
5497,1430
5498,1931
5499,1877
5500,47631
5501,3491
5502,2153
5503,1981
5504,2125
5505,3438
5506,2470
5507,1858
5508,2214
5509,2019
5510,3933
5511,3049
5512,2652
5513,2199
5514,1745
5515,2858
5516,1736
5517,2060
5518,1779
5519,1578
5520,3917
5521,2140
5522,2183
5523,2492
5524,1867
5525,2843
5526,1672
5527,1714
5528,1598
5529,1616
5530,3412
5531,1638
5532,2266
5533,2356
5534,1559
5535,2112
5536,1811
5537,1686
5538,1613
5539,2126
5540,2438
5541,1689
5542,1955
5543,1610
5544,2318
5545,2270
5546,1500
5547,1933
5548,2234
5549,1543
5550,4455
5551,2391
5552,2127
5553,1918
5554,2893
5555,17679
5556,3053
5557,2322
5558,2077
5559,1985
5560,2540
5561,1826
5562,1493
5563,1578
5564,1596
5565,2132
5566,2546
5567,1759
5568,1775
5569,1902
5570,2668
5571,1532
5572,1568
5573,1544
5574,1481
5575,2104
5576,1633
5577,2138
5578,1455
5579,1550
5580,2368
5581,1609
5582,1652
5583,1482
5584,1933
5585,1825
5586,1603
5587,1433
5588,2067
5589,1503
5590,2311
5591,1462
5592,1607
5593,1536
5594,1575
5595,1896
5596,1622
5597,1571
5598,1543
5599,1906
5600,20937
5601,4140
5602,1923
5603,2223
5604,1661
5605,1946
5606,1899
5607,1827
5608,1567
5609,1715
5610,3608
5611,2163
5612,1785
5613,1580
5614,1450
5615,1855
5616,1944
5617,1608
5618,1661
5619,1520
5620,2551
5621,1753
5622,2629
5623,2266
5624,1510
5625,7873
5626,1776
5627,1631
5628,1474
5629,1487
5630,2336
5631,1688
5632,2057
5633,1588
5634,1740
5635,1893
5636,1539
5637,2408
5638,1647
5639,1481
5640,2248
5641,1765
5642,1596
5643,1611
5644,1624
5645,1696
5646,2331
5647,1475
5648,1378
5649,1358
5650,3547
5651,1792
5652,1899
5653,1447
5654,1601
5655,2228
5656,2385
5657,1777
5658,1817
5659,1507
5660,2381
5661,1649
5662,1814
5663,1723
5664,1803
5665,2064
5666,2120
5667,2038
5668,1484
5669,1585
5670,2922
5671,2075
5672,4342
5673,1648
5674,1500
5675,1815
5676,1692
5677,1502
5678,8661
5679,1460
5680,2378
5681,1699
5682,1399
5683,1876
5684,1517
5685,1423
5686,1443
5687,2000
5688,1828
5689,1686
5690,1718
5691,1347
5692,1361
5693,1290
5694,1450
5695,1548
5696,1594
5697,1484
5698,1366
5699,1705
5700,18882
5701,4108
5702,2123
5703,2184
5704,1660
5705,2013
5706,1523
5707,1736
5708,2303
5709,1965
5710,2376
5711,2805
5712,2055
5713,1851
5714,1987
5715,2032
5716,1365
5717,1881
5718,1665
5719,1598
5720,2294
5721,1947
5722,1801
5723,1662
5724,1653
5725,2250
5726,1323
5727,2129
5728,1955
5729,1499
5730,3562
5731,1543
5732,1468
5733,1866
5734,1587
5735,2129
5736,1511
5737,1836
5738,1398
5739,1554
5740,2103
5741,2038
5742,1643
5743,1617
5744,1699
5745,1685
5746,1563
5747,1669
5748,1658
5749,1634
5750,4591
5751,2337
5752,1561
5753,2135
5754,2129
5755,2467
5756,1791
5757,2788
5758,2336
5759,2579
5760,5517
5761,2434
5762,2424
5763,2557
5764,2623
5765,2890
5766,2624
5767,2490
5768,2907
5769,2715
5770,5619
5771,3041
5772,5791
5773,3016
5774,3527
5775,3879
5776,2832
5777,3930
5778,3578
5779,2288
5780,2810
5781,2136
5782,2135
5783,1595
5784,1296
5785,1402
5786,1377
5787,1431
5788,1647
5789,1688
5790,1764
5791,1532
5792,1567
5793,2925
5794,1277
5795,1649
5796,1318
5797,1460
5798,1292
5799,1445
5800,18226
5801,2801
5802,2074
5803,1708
5804,1560
5805,1983
5806,1552
5807,1778
5808,1842
5809,1430
5810,2364
5811,1961
5812,2591
5813,1546
5814,1545
5815,1783
5816,1488
5817,1571
5818,1423
5819,1452
5820,2304
5821,1552
5822,2080
5823,1544
5824,1564
5825,1855
5826,1356
5827,1480
5828,1809
5829,1558
5830,2298
5831,1424
5832,1757
5833,2018
5834,1367
5835,1554
5836,1271
5837,1419
5838,1366
5839,1611
5840,2399
5841,1697
5842,1471
5843,1452
5844,1415
5845,2033
5846,1524
5847,1381
5848,1391
5849,1769
5850,4785
5851,1702
5852,1584
5853,1449
5854,1339
5855,1673
5856,1568
5857,1492
5858,2530
5859,1876
5860,2174
5861,2208
5862,1515
5863,1337
5864,1361
5865,1539
5866,1726
5867,1541
5868,1751
5869,1532
5870,4857
5871,1549
5872,1418
5873,1205
5874,1482
5875,2461
5876,1947
5877,1473
5878,1512
5879,1368
5880,2518
5881,1822
5882,1600
5883,1539
5884,1474
5885,1769
5886,1344
5887,1708
5888,2172
5889,1537
5890,2288
5891,1516
5892,1391
5893,1254
5894,1217
5895,1775
5896,1297
5897,1675
5898,1338
5899,1474
5900,11903
5901,3364
5902,1912
5903,1604
5904,1723
5905,2088
5906,1932
5907,1896
5908,1672
5909,1737
5910,2025
5911,1918
5912,1516
5913,1312
5914,1429
5915,1502
5916,1396
5917,1524
5918,1256
5919,1494
5920,2075
5921,1392
5922,1510
5923,1750
5924,1262
5925,1758
5926,1291
5927,1399
5928,1421
5929,1330
5930,2777
5931,1641
5932,1419
5933,1397
5934,1341
5935,1719
5936,1417
5937,1553
5938,1462
5939,1401
5940,2067
5941,1616
5942,1521
5943,1288
5944,1291
5945,1348
5946,1416
5947,1278
5948,1211
5949,1363
5950,3251
5951,1469
5952,1637
5953,1328
5954,1271
5955,1775
5956,1327
5957,1236
5958,1454
5959,2231
5960,2186
5961,1558
5962,1666
5963,1495
5964,1393
5965,1612
5966,1369
5967,1662
5968,1422
5969,1291
5970,3089
5971,1440
5972,1599
5973,1765
5974,1252
5975,1991
5976,1420
5977,1375
5978,1407
5979,1249
5980,1838
5981,1415
5982,1310
5983,1231
5984,2663
5985,1757
5986,1590
5987,1420
5988,1597
5989,1378
5990,2139
5991,1514
5992,1602
5993,1266
5994,1283
5995,1890
5996,1702
5997,1471
5998,1647
5999,3342
6000,217633
6001,8260
6002,4395
6003,3025
6004,2920
6005,3272
6006,3889
6007,2069
6008,2570
6009,2724
6010,4589
6011,3795
6012,2944
6013,2531
6014,1896
6015,2852
6016,2506
6017,1781
6018,1845
6019,1763
6020,3794
6021,2550
6022,2037
6023,1738
6024,1804
6025,2166
6026,1623
6027,1603
6028,1744
6029,1584
6030,3036
6031,1932
6032,2001
6033,2181
6034,1386
6035,1969
6036,1519
6037,1552
6038,1480
6039,1449
6040,3279
6041,1676
6042,1967
6043,1472
6044,1601
6045,1942
6046,1415
6047,1420
6048,1652
6049,1707
6050,4964
6051,1813
6052,1930
6053,1896
6054,1414
6055,2606
6056,1811
6057,1360
6058,1421
6059,1463
6060,8051
6061,11386
6062,2135
6063,3215
6064,1548
6065,1879
6066,2162
6067,1720
6068,1716
6069,1642
6070,2632
6071,1473
6072,1743
6073,1710
6074,1447
6075,2011
6076,1616
6077,1524
6078,1410
6079,1568
6080,3294
6081,1774
6082,2512
6083,1416
6084,2958
6085,1704
6086,1502
6087,1425
6088,1637
6089,1341
6090,2653
6091,1512
6092,1568
6093,1536
6094,1444
6095,1455
6096,2005
6097,1351
6098,1351
6099,1616
6100,14976
6101,3256
6102,3329
6103,3025
6104,1858
6105,2859
6106,2390
6107,2324
6108,1997
6109,2139
6110,3168
6111,3551
6112,2158
6113,1586
6114,1835
6115,2379
6116,2096
6117,1618
6118,1738
6119,1665
6120,3911
6121,2295
6122,1763
6123,2124
6124,1594
6125,2497
6126,1801
6127,1629
6128,2399
6129,1412
6130,2841
6131,2443
6132,1691
6133,1928
6134,1462
6135,1713
6136,1681
6137,1416
6138,1465
6139,2642
6140,2291
6141,1837
6142,1474
6143,1706
6144,3522
6145,1911
6146,1539
6147,1518
6148,1758
6149,1334
6150,4399
6151,2257
6152,1680
6153,1619
6154,1669
6155,1750
6156,1681
6157,1442
6158,1292
6159,1307
6160,2568
6161,2744
6162,1942
6163,1897
6164,1735
6165,1774
6166,2339
6167,1683
6168,1565
6169,1456
6170,1850
6171,1568
6172,1573
6173,1502
6174,1868
6175,1634
6176,1673
6177,1436
6178,1242
6179,2745
6180,2695
6181,1637
6182,1573
6183,1358
6184,1185
6185,1433
6186,1177
6187,1223
6188,1386
6189,1377
6190,1781
6191,1371
6192,1365
6193,1264
6194,1461
6195,1408
6196,1348
6197,1162
6198,1208
6199,2080
6200,16008
6201,2861
6202,1932
6203,2906
6204,1923
6205,2531
6206,1694
6207,1935
6208,1732
6209,1494
6210,3319
6211,2430
6212,3270
6213,1860
6214,1614
6215,2032
6216,1609
6217,1456
6218,1395
6219,1358
6220,2560
6221,2891
6222,2472
6223,2015
6224,1665
6225,1900
6226,1963
6227,1600
6228,1466
6229,1974
6230,3086
6231,1933
6232,1658
6233,2070
6234,1673
6235,1802
6236,1554
6237,1729
6238,1785
6239,1862
6240,2948
6241,1776
6242,1738
6243,1442
6244,1615
6245,1558
6246,1449
6247,1486
6248,1544
6249,1465
6250,7523
6251,2224
6252,1719
6253,1681
6254,1571
6255,1849
6256,1845
6257,1494
6258,1678
6259,1365
6260,2232
6261,1799
6262,2541
6263,2116
6264,2244
6265,2004
6266,1819
6267,1504
6268,1520
6269,1726
6270,2231
6271,1887
6272,1964
6273,3969
6274,1502
6275,1790
6276,1514
6277,1980
6278,1785
6279,1603
6280,2139
6281,1522
6282,1571
6283,1624
6284,1526
6285,1781
6286,1267
6287,1391
6288,1707
6289,1412
6290,1801
6291,1485
6292,1392
6293,1286
6294,1373
6295,1465
6296,1396
6297,1235
6298,1477
6299,1650
6300,17525
6301,3204
6302,2383
6303,2153
6304,1975
6305,1872
6306,1667
6307,1504
6308,1587
6309,2088
6310,2689
6311,2123
6312,1650
6313,1493
6314,1375
6315,1682
6316,1513
6317,1496
6318,1267
6319,1450
6320,2502
6321,2044
6322,1642
6323,1677
6324,1706
6325,1921
6326,1664
6327,1390
6328,1605
6329,1454
6330,3044
6331,1962
6332,1711
6333,2943
6334,1748
6335,1531
6336,1828
6337,1745
6338,1463
6339,1510
6340,1910
6341,1476
6342,1432
6343,1614
6344,1523
6345,1453
6346,1449
6347,1517
6348,2153
6349,1313
6350,3171
6351,1882
6352,1529
6353,1447
6354,1291
6355,2122
6356,1369
6357,1625
6358,1295
6359,1267
6360,2327
6361,3445
6362,1629
6363,2921
6364,1843
6365,1900
6366,1709
6367,1644
6368,1434
6369,1431
6370,1720
6371,2867
6372,1510
6373,1534
6374,1672
6375,1906
6376,1360
6377,1376
6378,2169
6379,11841
6380,2277
6381,1445
6382,1283
6383,1398
6384,1457
6385,1452
6386,1269
6387,1284
6388,1621
6389,1417
6390,1590
6391,1325
6392,1338
6393,1353
6394,1206
6395,1468
6396,1369
6397,2524
6398,1311
6399,1622
6400,25064
6401,2635
6402,2144
6403,1516
6404,1865
6405,1934
6406,1642
6407,1434
6408,1527
6409,1566
6410,2357
6411,2058
6412,1667
6413,1414
6414,1432
6415,1585
6416,1597
6417,1501
6418,1373
6419,1380
6420,2536
6421,1546
6422,1805
6423,1603
6424,1499
6425,2169
6426,1482
6427,1277
6428,1338
6429,1617
6430,2003
6431,1540
6432,1656
6433,1568
6434,1429
6435,1746
6436,1281
6437,1371
6438,1475
6439,1079
6440,2193
6441,1776
6442,1490
6443,3293
6444,1822
6445,1613
6446,1565
6447,1298
6448,1308
6449,1474
6450,3467
6451,1349
6452,1304
6453,1671
6454,1479
6455,1816
6456,1254
6457,1825
6458,1339
6459,1265
6460,2016
6461,1484
6462,1279
6463,1623
6464,2344
6465,1674
6466,1691
6467,1495
6468,1752
6469,1444
6470,1725
6471,1479
6472,1410
6473,1398
6474,1428
6475,2248
6476,1246
6477,1379
6478,1576
6479,1236
6480,2050
6481,1290
6482,1336
6483,1357
6484,1657
6485,1243
6486,1060
6487,1377
6488,1533
6489,1424
6490,1995
6491,1346
6492,1387
6493,1151
6494,1448
6495,1456
6496,1301
6497,1489
6498,1295
6499,1662
6500,40939
6501,3228
6502,26592
6503,1871
6504,1589
6505,2643
6506,1470
6507,1627
6508,1666
6509,1983
6510,3615
6511,2810
6512,2388
6513,1596
6514,1431
6515,1848
6516,1694
6517,1362
6518,1360
6519,1455
6520,3165
6521,1489
6522,2094
6523,1360
6524,1325
6525,2049
6526,1455
6527,1366
6528,1465
6529,1354
6530,2178
6531,1663
6532,1684
6533,1522
6534,1588
6535,1833
6536,1518
6537,1216
6538,1714
6539,1214
6540,1759
6541,1598
6542,1646
6543,2431
6544,1529
6545,1608
6546,1355
6547,1340
6548,1499
6549,1190
6550,4275
6551,1769
6552,1584
6553,1787
6554,1372
6555,2411
6556,1522
6557,1274
6558,1249
6559,1383
6560,2312
6561,2198
6562,1560
6563,1565
6564,1277
6565,2339
6566,1806
6567,1582
6568,1272
6569,1735
6570,2197
6571,1366
6572,1318
6573,1552
6574,1228
6575,1490
6576,1447
6577,1409
6578,1326
6579,1279
6580,1947
6581,1787
6582,1344
6583,1955
6584,1765
6585,1559
6586,1100
6587,1199
6588,1232
6589,1150
6590,1444
6591,1359
6592,1266
6593,1307
6594,1094
6595,1259
6596,1766
6597,1102
6598,1118
6599,1302
6600,20481
6601,2246
6602,2025
6603,1769
6604,1780
6605,1808
6606,1866
6607,1420
6608,1468
6609,1392
6610,2402
6611,2823
6612,1484
6613,1636
6614,1442
6615,1601
6616,1483
6617,1382
6618,1222
6619,1172
6620,2362
6621,1667
6622,1784
6623,1346
6624,1541
6625,1777
6626,1337
6627,1245
6628,1190
6629,1174
6630,2198
6631,1488
6632,2432
6633,2939
6634,1277
6635,1337
6636,1712
6637,1319
6638,1228
6639,1214
6640,1780
6641,1514
6642,1600
6643,1551
6644,1536
6645,1588
6646,1302
6647,1097
6648,1231
6649,1289
6650,2932
6651,1972
6652,1338
6653,1754
6654,1578
6655,2110
6656,1751
6657,1658
6658,1113
6659,1268
6660,2042
6661,1595
6662,2070
6663,1378
6664,1726
6665,1634
6666,8651
6667,7386
6668,1768
6669,1744
6670,2751
6671,1483
6672,1919
6673,1660
6674,1274
6675,1465
6676,1344
6677,1986
6678,1646
6679,1124
6680,2356
6681,1553
6682,1439
6683,1293
6684,1493
6685,1298
6686,1376
6687,1215
6688,2221
6689,1181
6690,1656
6691,1329
6692,1094
6693,1143
6694,1578
6695,1268
6696,1419
6697,1580
6698,1497
6699,3413
6700,13962
6701,2298
6702,1617
6703,1542
6704,1603
6705,1516
6706,1457
6707,1747
6708,1904
6709,1477
6710,1973
6711,1601
6712,1521
6713,1362
6714,1385
6715,1559
6716,1910
6717,1678
6718,1163
6719,1309
6720,2470
6721,1458
6722,1929
6723,1548
6724,1379
6725,1713
6726,1217
6727,1356
6728,1178
6729,1169
6730,1656
6731,1995
6732,1344
6733,1487
6734,1350
6735,1541
6736,8446
6737,1504
6738,1284
6739,1174
6740,1746
6741,1453
6742,1338
6743,1355
6744,1341
6745,1424
6746,1022
6747,2013
6748,1241
6749,1767
6750,4020
6751,1534
6752,1976
6753,1368
6754,1121
6755,1388
6756,1164
6757,1309
6758,1489
6759,1198
6760,1697
6761,1163
6762,1357
6763,1426
6764,1357
6765,1648
6766,1385
6767,2050
6768,1499
6769,1523
6770,2451
6771,1306
6772,1405
6773,1458
6774,1233
6775,1401
6776,1562
6777,2244
6778,1257
6779,1369
6780,1720
6781,1332
6782,1112
6783,1184
6784,1439
6785,1412
6786,1213
6787,1731
6788,1293
6789,6990
6790,1892
6791,1637
6792,1449
6793,1248
6794,1120
6795,1311
6796,1084
6797,1220
6798,1189
6799,1463
6800,20652
6801,2429
6802,1507
6803,3658
6804,1589
6805,1621
6806,1415
6807,1490
6808,1504
6809,3149
6810,2669
6811,2562
6812,1486
6813,1240
6814,1388
6815,1317
6816,1226
6817,1304
6818,1327
6819,1615
6820,2273
6821,1356
6822,2431
6823,1474
6824,1576
6825,1814
6826,1285
6827,1176
6828,1164
6829,1136
6830,2129
6831,1572
6832,1390
6833,1781
6834,1426
6835,1389
6836,1281
6837,1234
6838,1153
6839,1172
6840,2106
6841,1409
6842,1477
6843,1299
6844,1286
6845,1852
6846,1578
6847,1200
6848,1313
6849,1099
6850,4041
6851,1818
6852,1255
6853,1342
6854,1591
6855,1265
6856,1188
6857,1272
6858,1137
6859,1214
6860,1512
6861,1196
6862,1213
6863,1210
6864,1224
6865,1636
6866,1344
6867,1096
6868,2265
6869,1369
6870,3852
6871,1299
6872,2020
6873,1209
6874,1139
6875,6211
6876,1307
6877,1508
6878,1289
6879,1507
6880,2306
6881,1724
6882,1482
6883,1198
6884,1249
6885,1318
6886,1305
6887,1360
6888,2124
6889,1310
6890,2359
6891,1161
6892,1465
6893,1105
6894,1179
6895,1257
6896,1129
6897,1492
6898,1156
6899,1270
6900,10888
6901,2372
6902,1828
6903,1595
6904,1371
6905,1562
6906,1444
6907,1319
6908,1145
6909,1531
6910,2082
6911,1796
6912,1821
6913,1137
6914,1498
6915,1501
6916,1135
6917,1229
6918,1181
6919,1227
6920,2199
6921,1188
6922,1951
6923,1250
6924,1371
6925,1480
6926,1104
6927,1153
6928,1348
6929,1234
6930,1879
6931,1230
6932,1154
6933,1402
6934,1204
6935,1451
6936,1122
6937,1295
6938,1128
6939,1394
6940,1742
6941,1328
6942,1051
6943,1076
6944,1275
6945,1209
6946,2060
6947,1308
6948,1095
6949,1192
6950,4042
6951,1363
6952,1027
6953,1031
6954,1111
6955,1769
6956,1015
6957,1132
6958,1127
6959,1187
6960,1963
6961,1252
6962,1232
6963,1685
6964,1247
6965,1327
6966,1301
6967,1136
6968,1968
6969,2953
6970,3292
6971,1352
6972,1318
6973,1251
6974,1108
6975,1459
6976,1691
6977,1287
6978,1270
6979,1642
6980,1826
6981,1425
6982,1057
6983,1175
6984,1100
6985,1146
6986,1045
6987,1040
6988,1575
6989,1382
6990,9426
6991,1207
6992,1150
6993,1117
6994,997
6995,1548
6996,1438
6997,1010
6998,1186
6999,2607
7000,128464
7001,6780
7002,4565
7003,2929
7004,3097
7005,2999
7006,2611
7007,3863
7008,2138
7009,2233
7010,4219
7011,2539
7012,2294
7013,2154
7014,1887
7015,2728
7016,1848
7017,1941
7018,2628
7019,2172
7020,4157
7021,1895
7022,1797
7023,1838
7024,1695
7025,2176
7026,1474
7027,2033
7028,1557
7029,1488
7030,3539
7031,2221
7032,1552
7033,1490
7034,1639
7035,1685
7036,1612
7037,1656
7038,1350
7039,1404
7040,2891
7041,1510
7042,1694
7043,1750
7044,1790
7045,1483
7046,1341
7047,1505
7048,1282
7049,1455
7050,4055
7051,1840
7052,1704
7053,1324
7054,1727
7055,1956
7056,1514
7057,1386
7058,1320
7059,1358
7060,2306
7061,1429
7062,1282
7063,1266
7064,1399
7065,1705
7066,1430
7067,1376
7068,1416
7069,1499
7070,4398
7071,4164
7072,1775
7073,1538
7074,1536
7075,6666
7076,1494
7077,2493
7078,1499
7079,1461
7080,3124
7081,1450
7082,2117
7083,1673
7084,1277
7085,1537
7086,1276
7087,1286
7088,1258
7089,1374
7090,2859
7091,1486
7092,1242
7093,1185
7094,2125
7095,1558
7096,1192
7097,1181
7098,999
7099,1618
7100,14169
7101,2610
7102,2519
7103,2146
7104,1680
7105,1776
7106,2190
7107,1633
7108,1475
7109,1614
7110,3321
7111,3133
7112,1773
7113,1349
7114,1739
7115,1571
7116,1647
7117,1880
7118,1266
7119,1518
7120,3107
7121,1901
7122,1893
7123,1818
7124,1287
7125,2058
7126,1459
7127,1316
7128,1625
7129,1754
7130,2127
7131,1875
7132,1264
7133,1397
7134,1541
7135,1975
7136,1578
7137,1703
7138,1136
7139,1255
7140,2001
7141,1829
7142,1615
7143,1720
7144,1339
7145,1407
7146,1452
7147,1221
7148,1313
7149,1111
7150,3605
7151,1446
7152,1863
7153,1494
7154,1495
7155,1621
7156,1313
7157,1135
7158,1160
7159,1195
7160,2096
7161,1436
7162,1098
7163,1801
7164,1435
7165,1449
7166,1318
7167,2509
7168,1686
7169,1277
7170,1699
7171,2409
7172,1752
7173,1464
7174,1277
7175,1477
7176,1730
7177,1498
7178,1244
7179,1298
7180,1964
7181,1539
7182,1312
7183,1640
7184,1233
7185,1425
7186,1455
7187,1138
7188,1602
7189,1234
7190,1874
7191,1428
7192,1260
7193,1393
7194,1117
7195,1662
7196,1108
7197,1067
7198,1127
7199,1663
7200,31645
7201,3417
7202,2385
7203,2538
7204,1588
7205,1958
7206,2335
7207,1678
7208,1682
7209,1342
7210,2842
7211,2119
7212,1849
7213,1521
7214,1330
7215,1665
7216,1904
7217,1342
7218,1351
7219,1772
7220,2466
7221,1598
7222,2489
7223,1969
7224,2384
7225,2018
7226,1606
7227,1820
7228,1423
7229,1378
7230,2227
7231,2042
7232,1532
7233,3150
7234,1774
7235,1773
7236,1221
7237,1468
7238,1274
7239,1369
7240,2007
7241,1414
7242,1490
7243,1870
7244,1327
7245,1739
7246,1443
7247,1286
7248,1330
7249,1228
7250,3911
7251,1498
7252,1656
7253,1322
7254,1284
7255,1474
7256,1657
7257,1265
7258,1533
7259,1102
7260,2577
7261,1363
7262,1638
7263,1322
7264,1407
7265,1748
7266,1367
7267,1531
7268,1074
7269,1411
7270,1656
7271,1296
7272,2496
7273,1781
7274,1695
7275,3709
7276,1280
7277,1974
7278,1453
7279,1255
7280,2249
7281,1321
7282,1273
7283,1292
7284,1193
7285,1301
7286,1119
7287,1756
7288,1387
7289,1597
7290,1995
7291,1480
7292,1317
7293,1328
7294,1101
7295,1256
7296,1203
7297,1979
7298,1050
7299,1386
7300,12698
7301,1931
7302,1644
7303,1662
7304,1735
7305,1940
7306,1821
7307,1557
7308,1440
7309,1405
7310,2258
7311,1717
7312,1458
7313,1333
7314,1267
7315,1559
7316,1378
7317,1352
7318,1293
7319,1423
7320,2531
7321,1939
7322,1469
7323,1971
7324,1732
7325,1862
7326,2612
7327,1221
7328,1465
7329,1142
7330,3176
7331,1652
7332,1428
7333,2516
7334,1688
7335,1395
7336,1401
7337,1721
7338,1150
7339,1193
7340,2724
7341,1193
7342,1152
7343,1331
7344,1386
7345,1475
7346,1117
7347,1328
7348,1253
7349,1120
7350,2640
7351,1367
7352,1600
7353,1360
7354,1245
7355,1574
7356,1366
7357,1353
7358,1205
7359,1215
7360,2035
7361,1358
7362,1327
7363,1256
7364,1207
7365,1299
7366,1506
7367,1224
7368,1578
7369,1287
7370,1752
7371,1441
7372,1302
7373,2385
7374,1401
7375,1825
7376,1329
7377,1683
7378,1994
7379,1253
7380,1777
7381,1438
7382,1443
7383,1280
7384,1225
7385,1390
7386,1683
7387,1810
7388,1452
7389,1215
7390,2043
7391,1437
7392,1366
7393,1490
7394,1112
7395,1170
7396,1063
7397,1061
7398,1075
7399,2648
7400,11060
7401,2478
7402,2575
7403,1781
7404,2462
7405,2157
7406,1386
7407,1650
7408,1650
7409,1230
7410,2559
7411,2577
7412,1554
7413,1361
7414,1526
7415,1541
7416,1169
7417,1446
7418,1167
7419,1225
7420,2566
7421,1764
7422,1640
7423,1374
7424,1764
7425,1862
7426,1278
7427,1429
7428,1214
7429,1298
7430,1818
7431,1522
7432,2110
7433,1760
7434,1593
7435,1476
7436,1298
7437,1319
7438,1083
7439,1375
7440,2919
7441,1534
7442,1370
7443,1471
7444,1967
7445,1866
7446,1645
7447,1797
7448,1217
7449,1180
7450,2757
7451,1352
7452,1338
7453,1286
7454,1225
7455,1683
7456,1559
7457,1145
7458,1531
7459,1271
7460,1473
7461,1233
7462,1210
7463,1541
7464,1243
7465,1241
7466,1106
7467,1770
7468,1251
7469,2123
7470,1734
7471,1364
7472,1333
7473,1307
7474,2692
7475,1856
7476,1480
7477,1368
7478,1217
7479,1157
7480,1857
7481,1303
7482,1407
7483,1284
7484,1532
7485,1621
7486,1453
7487,1328
7488,1304
7489,1299
7490,1971
7491,1481
7492,1118
7493,1259
7494,1411
7495,1471
7496,1138
7497,1178
7498,2067
7499,1849
7500,51780
7501,2738
7502,1838
7503,1907
7504,1304
7505,2069
7506,3016
7507,1478
7508,1395
7509,1494
7510,2583
7511,1859
7512,1774
7513,1468
7514,1444
7515,1769
7516,1376
7517,1379
7518,1378
7519,1738
7520,3067
7521,1464
7522,1645
7523,1306
7524,1407
7525,2263
7526,1482
7527,1320
7528,1398
7529,1978
7530,1784
7531,1593
7532,1214
7533,1424
7534,1318
7535,1517
7536,1066
7537,1363
7538,1333
7539,1235
7540,1746
7541,1374
7542,1453
7543,1383
7544,1298
7545,1680
7546,1778
7547,1311
7548,1349
7549,1159
7550,2661
7551,1783
7552,1305
7553,1239
7554,4592
7555,2187
7556,1404
7557,1637
7558,1092
7559,1640
7560,1984
7561,1244
7562,1253
7563,1105
7564,999
7565,1429
7566,1834
7567,1877
7568,1397
7569,1229
7570,1750
7571,1164
7572,1139
7573,1045
7574,1017
7575,2617
7576,1335
7577,1641
7578,1087
7579,1079
7580,2069
7581,1325
7582,2015
7583,1293
7584,1498
7585,1550
7586,1146
7587,1281
7588,1196
7589,1318
7590,2133
7591,1507
7592,1352
7593,1282
7594,1234
7595,1353
7596,1039
7597,985
7598,1193
7599,1331
7600,14530
7601,4029
7602,1871
7603,1630
7604,1462
7605,1360
7606,1673
7607,1500
7608,1519
7609,1407
7610,3636
7611,1783
7612,1390
7613,2232
7614,1364
7615,1260
7616,1306
7617,1323
7618,1166
7619,1502
7620,2174
7621,1408
7622,1396
7623,1636
7624,1403
7625,1948
7626,1222
7627,1234
7628,1179
7629,1293
7630,1576
7631,1452
7632,1822
7633,1288
7634,1323
7635,1188
7636,1541
7637,1632
7638,1242
7639,1222
7640,1489
7641,1512
7642,1209
7643,1556
7644,1414
7645,2122
7646,1206
7647,1492
7648,1169
7649,1048
7650,2819
7651,1092
7652,1651
7653,1642
7654,2103
7655,1343
7656,1445
7657,1148
7658,1177
7659,1400
7660,1697
7661,1510
7662,1240
7663,1494
7664,1481
7665,1443
7666,1530
7667,1868
7668,1143
7669,1725
7670,1552
7671,1774
7672,1090
7673,1197
7674,1080
7675,1403
7676,2086
7677,1399
7678,1422
7679,1488
7680,3175
7681,1429
7682,1173
7683,1161
7684,1062
7685,1051
7686,1165
7687,1915
7688,1408
7689,1079
7690,1288
7691,1074
7692,1603
7693,1157
7694,909
7695,1674
7696,1422
7697,1033
7698,1253
7699,1254
7700,12881
7701,3588
7702,2617
7703,1705
7704,1833
7705,1509
7706,1812
7707,1379
7708,1250
7709,1266
7710,2608
7711,2368
7712,1649
7713,1411
7714,3692
7715,1697
7716,1383
7717,3459
7718,1365
7719,1208
7720,2336
7721,2961
7722,2277
7723,1328
7724,1248
7725,1800
7726,1675
7727,1618
7728,1417
7729,1379
7730,2479
7731,1491
7732,1368
7733,1984
7734,2473
7735,1665
7736,1467
7737,1690
7738,1366
7739,1394
7740,2107
7741,1305
7742,1528
7743,1312
7744,1413
7745,1455
7746,1131
7747,1859
7748,1710
7749,1286
7750,5654
7751,1711
7752,1247
7753,1850
7754,1027
7755,1661
7756,1244
7757,1551
7758,1202
7759,1508
7760,1973
7761,1429
7762,1188
7763,1348
7764,1699
7765,1439
7766,1844
7767,1520
7768,1388
7769,1267
7770,3465
7771,2082
7772,1550
7773,1448
7774,1600
7775,1813
7776,2231
7777,12055
7778,2266
7779,1725
7780,1984
7781,1282
7782,1607
7783,1374
7784,1204
7785,1407
7786,1833
7787,1522
7788,2443
7789,1800
7790,2103
7791,1416
7792,1257
7793,1681
7794,1167
7795,1401
7796,1159
7797,1441
7798,1120
7799,2292
7800,17451
7801,2111
7802,1629
7803,2109
7804,1334
7805,4620
7806,1431
7807,1294
7808,1556
7809,1480
7810,2028
7811,1616
7812,3329
7813,1360
7814,1345
7815,1485
7816,1908
7817,1912
7818,1278
7819,1182
7820,1802
7821,1462
7822,1437
7823,1251
7824,1325
7825,2067
7826,1183
7827,1811
7828,1448
7829,1109
7830,1487
7831,1573
7832,1242
7833,1777
7834,1568
7835,1352
7836,2042
7837,1249
7838,1178
7839,1646
7840,1827
7841,1468
7842,1126
7843,1583
7844,1260
7845,1644
7846,1059
7847,1156
7848,1462
7849,1193
7850,4456
7851,1509
7852,1202
7853,1204
7854,1688
7855,1655
7856,1030
7857,1171
7858,1369
7859,1091
7860,1895
7861,1372
7862,1043
7863,1435
7864,1979
7865,1082
7866,1589
7867,2290
7868,1282
7869,3436
7870,4192
7871,1461
7872,1468
7873,1597
7874,1454
7875,2151
7876,1457
7877,1282
7878,2119
7879,1611
7880,1982
7881,1477
7882,1333
7883,1183
7884,1353
7885,1742
7886,1143
7887,1717
7888,2597
7889,1380
7890,4869
7891,1394
7892,983
7893,1034
7894,1406
7895,1208
7896,1251
7897,1138
7898,1246
7899,1390
7900,11412
7901,3768
7902,1620
7903,1558
7904,1619
7905,1429
7906,1284
7907,1440
7908,1348
7909,1778
7910,2352
7911,1614
7912,1564
7913,1258
7914,1788
7915,1787
7916,1345
7917,1633
7918,1251
7919,1608
7920,2596
7921,1864
7922,1549
7923,1608
7924,1243
7925,1643
7926,1235
7927,1213
7928,1492
7929,1079
7930,1911
7931,1277
7932,1290
7933,1209
7934,1030
7935,1362
7936,1643
7937,1317
7938,1095
7939,1370
7940,1855
7941,1483
7942,1845
7943,951
7944,1316
7945,1175
7946,1586
7947,1203
7948,993
7949,1413
7950,5778
7951,1298
7952,1175
7953,998
7954,1016
7955,1287
7956,1276
7957,1324
7958,1215
7959,1067
7960,2169
7961,1266
7962,1145
7963,1022
7964,908
7965,1144
7966,1527
7967,1623
7968,1376
7969,1227
7970,6750
7971,1524
7972,1096
7973,1898
7974,1710
7975,1138
7976,1531
7977,1736
7978,1069
7979,1987
7980,1936
7981,1325
7982,1086
7983,1106
7984,1130
7985,1256
7986,1105
7987,939
7988,1087
7989,1335
7990,2609
7991,1027
7992,1111
7993,1105
7994,1082
7995,1411
7996,972
7997,1252
7998,1918
7999,2754
8000,194924
8001,10106
8002,5126
8003,3641
8004,2837
8005,3226
8006,2961
8007,2630
8008,6542
8009,3220
8010,4701
8011,2964
8012,2146
8013,1623
8014,2469
8015,1734
8016,1730
8017,1545
8018,2943
8019,1494
8020,5733
8021,2573
8022,2172
8023,1668
8024,1561
8025,2271
8026,1425
8027,1494
8028,2140
8029,1298
8030,2341
8031,1991
8032,2391
8033,1669
8034,1561
8035,1648
8036,1425
8037,1416
8038,1568
8039,1340
8040,2961
8041,1448
8042,1829
8043,1525
8044,1521
8045,1478
8046,1303
8047,2260
8048,2062
8049,1380
8050,4699
8051,8333
8052,1989
8053,1985
8054,1331
8055,1734
8056,1246
8057,1671
8058,1583
8059,1397
8060,2664
8061,1830
8062,1311
8063,1273
8064,1590
8065,1764
8066,1343
8067,1332
8068,1379
8069,1856
8070,2516
8071,1654
8072,1393
8073,1168
8074,1098
8075,2233
8076,1265
8077,1532
8078,1726
8079,1436
8080,170746
8081,13934
8082,5748
8083,3664
8084,2277
8085,5671
8086,13723
8087,3609
8088,9721
8089,2672
8090,5756
8091,2633
8092,2069
8093,1663
8094,1524
8095,1471
8096,1958
8097,1389
8098,1520
8099,1778
8100,13563
8101,2800
8102,1961
8103,1831
8104,1523
8105,1481
8106,1439
8107,1393
8108,2144
8109,1798
8110,2988
8111,3541
8112,1829
8113,1720
8114,1345
8115,1646
8116,1217
8117,1551
8118,2166
8119,1431
8120,3134
8121,1478
8122,1932
8123,2777
8124,1606
8125,7106
8126,1765
8127,1585
8128,1864
8129,1612
8130,2566
8131,1870
8132,1136
8133,1757
8134,1173
8135,1908
8136,1193
8137,1995
8138,1361
8139,1636
8140,2220
8141,1351
8142,1321
8143,1310
8144,1529
8145,1300
8146,1212
8147,1449
8148,1065
8149,1055
8150,3300
8151,1542
8152,3980
8153,1618
8154,1140
8155,1370
8156,1279
8157,1237
8158,1151
8159,1178
8160,2471
8161,1541
8162,1283
8163,1252
8164,1149
8165,1442
8166,1580
8167,1454
8168,1623
8169,1135
8170,1261
8171,1557
8172,1384
8173,1425
8174,1191
8175,1283
8176,1365
8177,1342
8178,1172
8179,1213
8180,2325
8181,3486
8182,1829
8183,1453
8184,1455
8185,1229
8186,1311
8187,1286
8188,1583
8189,1233
8190,1635
8191,3425
8192,38877
8193,1737
8194,1507
8195,1763
8196,1357
8197,1167
8198,1156
8199,1449
8200,14723
8201,2891
8202,2680
8203,11313
8204,1869
8205,2256
8206,1751
8207,1548
8208,1929
8209,2259
8210,2722
8211,17770
8212,18227
8213,1783
8214,1340
8215,1482
8216,8680
8217,113081
8218,1837
8219,1073
8220,35713
8221,40940
8222,2780
8223,1982
8224,1822
8225,1803
8226,11796
8227,1288
8228,2176
8229,1274
8230,10663
8231,1387
8232,2032
8233,1545
8234,1574
8235,1346
8236,1204
8237,1524
8238,1243
8239,1385
8240,2110
8241,1274
8242,1571
8243,1741
8244,1184
8245,1311
8246,1147
8247,1836
8248,1618
8249,1510
8250,4383
8251,1440
8252,1518
8253,1638
8254,1612
8255,12662
8256,1729
8257,1111
8258,1281
8259,1579
8260,2308
8261,1258
8262,1346
8263,1422
8264,1418
8265,1657
8266,1866
8267,1834
8268,1181
8269,1073
8270,1674
8271,1395
8272,1267
8273,1303
8274,1398
8275,1483
8276,1232
8277,1249
8278,1253
8279,1328
8280,1957
8281,1462
8282,2476
8283,2454
8284,1644
8285,1294
8286,1589
8287,1202
8288,2182
8289,1217
8290,1754
8291,1151
8292,1284
8293,1250
8294,1214
8295,1267
8296,1179
8297,1423
8298,1095
8299,1396
8300,11461
8301,3390
8302,1682
8303,2004
8304,1340
8305,1429
8306,1456
8307,1220
8308,1390
8309,1208
8310,2884
8311,1771
8312,1811
8313,1521
8314,1295
8315,1229
8316,1129
8317,1259
8318,1120
8319,1109
8320,3175
8321,1405
8322,1398
8323,1391
8324,1323
8325,1742
8326,1441
8327,1128
8328,1135
8329,1192
8330,2883
8331,1517
8332,2015
8333,6682
8334,1201
8335,1298
8336,1378
8337,1298
8338,1324
8339,1556
8340,1482
8341,1450
8342,1090
8343,1161
8344,1407
8345,1236
8346,1283
8347,1110
8348,1267
8349,994
8350,4984
8351,1309
8352,1265
8353,1434
8354,1015
8355,1212
8356,1219
8357,1007
8358,1326
8359,1105
8360,1650
8361,1179
8362,1098
8363,997
8364,1746
8365,1171
8366,1136
8367,1105
8368,1208
8369,1332
8370,1475
8371,1341
8372,1208
8373,1325
8374,1008
8375,1373
8376,1235
8377,1590
8378,1258
8379,1308
8380,1489
8381,1201
8382,1199
8383,2013
8384,1161
8385,1422
8386,1119
8387,1375
8388,1365
8389,1214
8390,1463
8391,1118
8392,1295
8393,1076
8394,941
8395,1104
8396,1109
8397,1041
8398,1166
8399,1230
8400,12618
8401,2223
8402,1408
8403,1260
8404,1395
8405,1269
8406,1248
8407,1208
8408,1353
8409,1048
8410,1606
8411,1811
8412,1461
8413,1228
8414,1368
8415,1509
8416,1421
8417,1528
8418,1188
8419,1180
8420,1552
8421,1664
8422,1320
8423,1275
8424,2191
8425,1500
8426,1112
8427,1170
8428,1165
8429,1060
8430,1448
8431,1344
8432,1447
8433,1231
8434,1208
8435,1206
8436,1248
8437,1226
8438,1049
8439,1219
8440,1636
8441,1247
8442,1348
8443,9419
8444,2373
8445,1385
8446,1386
8447,1201
8448,1821
8449,1167
8450,2233
8451,1711
8452,1430
8453,1568
8454,1467
8455,1397
8456,1619
8457,2105
8458,1116
8459,1188
8460,1423
8461,1253
8462,1303
8463,1432
8464,1191
8465,1185
8466,1185
8467,1157
8468,1023
8469,1192
8470,1488
8471,1376
8472,3980
8473,1298
8474,1164
8475,1179
8476,1424
8477,6551
8478,1414
8479,1146
8480,1551
8481,1199
8482,1864
8483,1131
8484,2146
8485,1477
8486,1494
8487,1221
8488,1286
8489,1175
8490,1378
8491,1156
8492,1015
8493,2013
8494,1082
8495,1234
8496,1160
8497,1212
8498,1232
8499,1701
8500,27388
8501,3764
8502,2023
8503,1397
8504,1429
8505,1701
8506,1346
8507,1453
8508,1288
8509,1155
8510,2015
8511,1707
8512,1520
8513,1044
8514,1342
8515,1624
8516,1275
8517,1301
8518,1120
8519,1211
8520,3742
8521,1440
8522,1299
8523,1147
8524,1213
8525,2419
8526,1342
8527,1299
8528,1273
8529,1678
8530,2360
8531,1299
8532,1307
8533,1246
8534,1257
8535,1449
8536,1277
8537,1114
8538,1040
8539,1109
8540,2546
8541,1509
8542,2035
8543,1379
8544,1784
8545,2906
8546,1227
8547,1259
8548,1062
8549,1178
8550,2716
8551,1329
8552,1238
8553,1107
8554,1386
8555,2334
8556,1261
8557,1037
8558,2541
8559,981
8560,1743
8561,1282
8562,1089
8563,1246
8564,1137
8565,1179
8566,1130
8567,1150
8568,1180
8569,968
8570,2135
8571,1617
8572,1238
8573,1616
8574,1047
8575,1444
8576,1025
8577,1346
8578,1101
8579,1020
8580,1834
8581,1238
8582,1395
8583,1632
8584,1099
8585,2202
8586,1359
8587,1331
8588,1367
8589,1187
8590,1389
8591,1065
8592,1537
8593,1265
8594,2559
8595,1470
8596,1136
8597,978
8598,944
8599,2143
8600,17563
8601,14011
8602,1398
8603,1279
8604,1284
8605,1331
8606,2880
8607,1189
8608,1309
8609,1228
8610,2448
8611,1778
8612,1371
8613,1084
8614,1168
8615,1348
8616,1687
8617,1762
8618,3618
8619,1091
8620,2184
8621,1510
8622,1231
8623,1429
8624,1404
8625,1832
8626,1054
8627,1218
8628,1365
8629,1076
8630,1389
8631,1019
8632,1100
8633,1247
8634,1003
8635,1143
8636,1221
8637,1105
8638,1085
8639,1207
8640,2227
8641,1100
8642,1103
8643,1185
8644,1766
8645,1100
8646,1143
8647,1086
8648,1363
8649,1536
8650,1953
8651,1184
8652,1244
8653,988
8654,1076
8655,1503
8656,1193
8657,1070
8658,1150
8659,1158
8660,1710
8661,1253
8662,1326
8663,1226
8664,1800
8665,1410
8666,1720
8667,1697
8668,1278
8669,1582
8670,1412
8671,1131
8672,1165
8673,1047
8674,5874
8675,1349
8676,1123
8677,1165
8678,1029
8679,1090
8680,1397
8681,1321
8682,1190
8683,1503
8684,1086
8685,1235
8686,1999
8687,1509
8688,1627
8689,1125
8690,1317
8691,1198
8692,1196
8693,1010
8694,977
8695,1101
8696,1225
8697,1049
8698,988
8699,1085
8700,10073
8701,2308
8702,1292
8703,1391
8704,1411
8705,1490
8706,1238
8707,1338
8708,1490
8709,1185
8710,1879
8711,1835
8712,1413
8713,1046
8714,989
8715,1130
8716,1096
8717,1130
8718,884
8719,1191
8720,1618
8721,1663
8722,1932
8723,1128
8724,1124
8725,1337
8726,988
8727,1233
8728,1104
8729,1074
8730,1858
8731,1145
8732,1457
8733,1629
8734,1241
8735,1164
8736,1249
8737,1310
8738,1176
8739,1266
8740,1720
8741,1526
8742,1508
8743,1101
8744,1188
8745,1293
8746,1576
8747,1489
8748,1108
8749,1250
8750,3397
8751,1164
8752,1117
8753,1289
8754,964
8755,1452
8756,1144
8757,1139
8758,1052
8759,1121
8760,3348
8761,1835
8762,1319
8763,984
8764,995
8765,2225
8766,1283
8767,2888
8768,1030
8769,941
8770,1338
8771,1113
8772,1071
8773,1181
8774,1072
8775,1838
8776,2226
8777,2147
8778,1265
8779,1079
8780,1331
8781,982
8782,1196
8783,1129
8784,1121
8785,1085
8786,1242
8787,2771
8788,1564
8789,1348
8790,1290
8791,1178
8792,1220
8793,973
8794,1450
8795,1155
8796,997
8797,1265
8798,1052
8799,2758
8800,21336
8801,2865
8802,2254
8803,1383
8804,1640
8805,1710
8806,1342
8807,1574
8808,1578
8809,1367
8810,1908
8811,2109
8812,1431
8813,1133
8814,1185
8815,1244
8816,1573
8817,1439
8818,1325
8819,1193
8820,2633
8821,1398
8822,2078
8823,1320
8824,1492
8825,1655
8826,1166
8827,1171
8828,1425
8829,1276
8830,2361
8831,1406
8832,1768
8833,2125
8834,1102
8835,1229
8836,1119
8837,1206
8838,1214
8839,1208
8840,1668
8841,1174
8842,1149
8843,1351
8844,1948
8845,1183
8846,1112
8847,1000
8848,2456
8849,1238
8850,4954
8851,1160
8852,1091
8853,1248
8854,1765
8855,1806
8856,1284
8857,1306
8858,1405
8859,33533
8860,1780
8861,1354
8862,1234
8863,1408
8864,1035
8865,1589
8866,1558
8867,1155
8868,1244
8869,1412
8870,1562
8871,1189
8872,1263
8873,1328
8874,1049
8875,1381
8876,1285
8877,1690
8878,1299
8879,1925
8880,2937
8881,1765
8882,1451
8883,2332
8884,1542
8885,1528
8886,1494
8887,1686
8888,23447
8889,3305
8890,2609
8891,1647
8892,1135
8893,1035
8894,890
8895,1680
8896,1042
8897,1112
8898,1282
8899,2091
8900,9435
8901,3204
8902,1324
8903,1787
8904,1272
8905,1133
8906,1115
8907,1049
8908,1234
8909,1231
8910,2714
8911,1576
8912,1398
8913,1068
8914,958
8915,1171
8916,994
8917,1121
8918,980
8919,1120
8920,1426
8921,1025
8922,1256
8923,1087
8924,1531
8925,1376
8926,934
8927,943
8928,1050
8929,1055
8930,1546
8931,1651
8932,1025
8933,1062
8934,979
8935,1135
8936,1088
8937,994
8938,2286
8939,1145
8940,1571
8941,1159
8942,1036
8943,1015
8944,1179
8945,1040
8946,1008
8947,1165
8948,935
8949,2139
8950,1732
8951,1027
8952,991
8953,991
8954,1015
8955,1189
8956,949
8957,736
8958,1075
8959,925
8960,1570
8961,921
8962,1407
8963,1034
8964,1573
8965,1194
8966,1088
8967,809
8968,1019
8969,1686
8970,1233
8971,1212
8972,1175
8973,1039
8974,971
8975,1132
8976,1010
8977,1367
8978,1011
8979,1089
8980,1420
8981,1293
8982,937
8983,2491
8984,1813
8985,1099
8986,1331
8987,1067
8988,1237
8989,2277
8990,1969
8991,1180
8992,1189
8993,2155
8994,1203
8995,1353
8996,1141
8997,1094
8998,1485
8999,2949
9000,124704
9001,59397
9002,5832
9003,3866
9004,3030
9005,3204
9006,3092
9007,2748
9008,1939
9009,3185
9010,3889
9011,2071
9012,2380
9013,1529
9014,1504
9015,2001
9016,1616
9017,1363
9018,1453
9019,1258
9020,2860
9021,1663
9022,1430
9023,1373
9024,1480
9025,1757
9026,1198
9027,1342
9028,1084
9029,1210
9030,2203
9031,1361
9032,1406
9033,1409
9034,1122
9035,1379
9036,1275
9037,1308
9038,1231
9039,1504
9040,2256
9041,1365
9042,2098
9043,1081
9044,1116
9045,1422
9046,1082
9047,1149
9048,1268
9049,969
9050,3207
9051,1535
9052,1220
9053,1130
9054,1152
9055,1505
9056,1745
9057,1163
9058,1188
9059,1153
9060,2311
9061,1221
9062,1058
9063,1173
9064,1196
9065,1150
9066,3842
9067,1079
9068,1184
9069,1158
9070,1771
9071,1315
9072,1243
9073,1064
9074,1002
9075,1637
9076,1089
9077,1201
9078,1653
9079,909
9080,3453
9081,1574
9082,1359
9083,1368
9084,1219
9085,1403
9086,942
9087,1143
9088,1069
9089,1348
9090,9116
9091,3091
9092,7290
9093,2243
9094,1467
9095,1590
9096,1145
9097,1324
9098,1136
9099,1831
9100,11526
9101,3240
9102,1726
9103,1339
9104,1451
9105,1453
9106,1228
9107,1241
9108,1201
9109,1215
9110,2254
9111,2644
9112,1373
9113,1244
9114,1243
9115,1464
9116,1250
9117,1124
9118,1055
9119,1470
9120,1970
9121,1427
9122,1636
9123,1621
9124,1128
9125,1743
9126,1568
9127,1073
9128,1539
9129,934
9130,1610
9131,1487
9132,1251
9133,1345
9134,1039
9135,1281
9136,1337
9137,1142
9138,987
9139,1133
9140,1678
9141,1460
9142,1065
9143,1035
9144,2287
9145,1190
9146,1032
9147,1042
9148,1139
9149,1456
9150,2788
9151,1203
9152,1116
9153,1279
9154,990
9155,1714
9156,987
9157,959
9158,974
9159,963
9160,1698
9161,1137
9162,1130
9163,998
9164,987
9165,1631
9166,1268
9167,1891
9168,1052
9169,906
9170,1346
9171,2315
9172,976
9173,1121
9174,906
9175,1062
9176,961
9177,948
9178,996
9179,972
9180,1530
9181,1149
9182,1119
9183,1001
9184,1232
9185,1124
9186,951
9187,1024
9188,1089
9189,950
9190,1280
9191,2035
9192,1218
9193,1400
9194,1152
9195,1166
9196,1054
9197,1030
9198,1064
9199,1342
9200,17889
9201,2272
9202,1606
9203,2055
9204,1240
9205,1732
9206,1228
9207,1172
9208,1314
9209,1252
9210,2009
9211,2148
9212,1826
9213,1302
9214,1110
9215,1290
9216,2240
9217,1156
9218,1047
9219,1198
9220,1838
9221,1364
9222,2375
9223,1377
9224,1101
9225,1719
9226,1052
9227,1461
9228,1154
9229,1514
9230,2122
9231,1374
9232,1291
9233,1297
9234,1217
9235,1294
9236,1019
9237,1058
9238,1015
9239,1211
9240,1587
9241,1897
9242,1176
9243,1197
9244,1097
9245,1129
9246,1004
9247,1136
9248,1064
9249,1002
9250,3368
9251,1275
9252,1357
9253,1064
9254,914
9255,1509
9256,971
9257,1090
9258,1286
9259,1042
9260,1681
9261,1313
9262,1549
9263,1056
9264,1062
9265,1129
9266,1289
9267,1143
9268,1459
9269,901
9270,1375
9271,1173
9272,1206
9273,1095
9274,1137
9275,1169
9276,1070
9277,1209
9278,1032
9279,957
9280,2013
9281,1156
9282,1280
9283,1266
9284,1050
9285,1085
9286,1040
9287,1025
9288,1211
9289,943
9290,1716
9291,1099
9292,2873
9293,1234
9294,1201
9295,1417
9296,1112
9297,1146
9298,960
9299,1478
9300,11979
9301,1811
9302,1298
9303,1491
9304,1119
9305,1393
9306,1136
9307,1076
9308,1128
9309,1069
9310,2233
9311,1542
9312,1421
9313,1128
9314,1069
9315,1397
9316,1038
9317,1122
9318,952
9319,1087
9320,2221
9321,1260
9322,1171
9323,1017
9324,1047
9325,2081
9326,1968
9327,1150
9328,1366
9329,1059
9330,1700
9331,1233
9332,1211
9333,2530
9334,946
9335,1380
9336,1289
9337,1113
9338,1045
9339,1479
9340,1620
9341,1209
9342,978
9343,1757
9344,1404
9345,1197
9346,1129
9347,1060
9348,1055
9349,1142
9350,2285
9351,1645
9352,1186
9353,1149
9354,1073
9355,1736
9356,994
9357,1017
9358,978
9359,948
9360,2562
9361,1343
9362,1336
9363,1012
9364,1087
9365,1044
9366,877
9367,1087
9368,962
9369,1146
9370,1946
9371,1241
9372,1143
9373,1023
9374,1008
9375,11555
9376,1416
9377,1161
9378,1329
9379,830
9380,1861
9381,1495
9382,1166
9383,1295
9384,1480
9385,1220
9386,978
9387,1140
9388,1226
9389,1084
9390,1260
9391,1140
9392,995
9393,1789
9394,1342
9395,1211
9396,1040
9397,1372
9398,1044
9399,1338
9400,8095
9401,1657
9402,1335
9403,1358
9404,1374
9405,1352
9406,1122
9407,1176
9408,1403
9409,1597
9410,1954
9411,2136
9412,1276
9413,1173
9414,1240
9415,1517
9416,1250
9417,1269
9418,1292
9419,1224
9420,1709
9421,1117
9422,1602
9423,974
9424,1261
9425,1320
9426,938
9427,1094
9428,1135
9429,1082
9430,1314
9431,1034
9432,1027
9433,1132
9434,1188
9435,1089
9436,977
9437,1026
9438,1159
9439,1072
9440,1931
9441,1114
9442,1077
9443,2537
9444,1830
9445,1318
9446,1101
9447,1001
9448,1045
9449,1126
9450,2042
9451,1235
9452,1260
9453,1260
9454,1092
9455,1138
9456,946
9457,1100
9458,931
9459,890
9460,1246
9461,1046
9462,1010
9463,1463
9464,1080
9465,1268
9466,963
9467,1037
9468,1011
9469,1035
9470,1132
9471,1063
9472,1334
9473,1138
9474,1571
9475,1127
9476,976
9477,1244
9478,897
9479,1032
9480,1135
9481,1114
9482,926
9483,855
9484,1096
9485,982
9486,921
9487,1000
9488,1034
9489,984
9490,1245
9491,1016
9492,1085
9493,985
9494,1460
9495,1296
9496,1179
9497,954
9498,908
9499,1276
9500,19970
9501,2082
9502,1549
9503,1416
9504,1469
9505,1677
9506,1158
9507,1119
9508,1214
9509,1148
9510,1695
9511,1396
9512,1267
9513,1173
9514,1115
9515,1324
9516,1302
9517,1097
9518,1056
9519,942
9520,1625
9521,1241
9522,1134
9523,1154
9524,1315
9525,3223
9526,937
9527,1522
9528,1276
9529,1216
9530,1953
9531,1132
9532,947
9533,1057
9534,939
9535,1031
9536,1545
9537,956
9538,1047
9539,847
9540,1306
9541,1318
9542,1016
9543,973
9544,1078
9545,1721
9546,1074
9547,977
9548,1045
9549,921
9550,3537
9551,1216
9552,1394
9553,1140
9554,1005
9555,2511
9556,1075
9557,1115
9558,1020
9559,1324
9560,2178
9561,1077
9562,889
9563,903
9564,1021
9565,1177
9566,1146
9567,1094
9568,1900
9569,1042
9570,1785
9571,1032
9572,1141
9573,1130
9574,1218
9575,1453
9576,1066
9577,1032
9578,986
9579,1346
9580,1365
9581,890
9582,862
9583,1023
9584,1153
9585,1162
9586,826
9587,874
9588,994
9589,861
9590,1849
9591,903
9592,1232
9593,1036
9594,940
9595,2216
9596,1100
9597,1012
9598,1097
9599,1439
9600,28706
9601,2116
9602,1467
9603,1368
9604,1559
9605,1430
9606,2963
9607,1401
9608,1471
9609,1089
9610,1803
9611,1778
9612,1308
9613,1136
9614,954
9615,1216
9616,970
9617,1012
9618,1024
9619,1099
9620,1468
9621,1077
9622,1750
9623,1211
9624,980
9625,1360
9626,1254
9627,852
9628,818
9629,1088
9630,2120
9631,1055
9632,1319
9633,1067
9634,804
9635,1078
9636,937
9637,1136
9638,853
9639,1063
9640,1285
9641,1024
9642,2278
9643,953
9644,999
9645,1264
9646,1186
9647,1054
9648,1094
9649,980
9650,3323
9651,1107
9652,943
9653,1019
9654,1539
9655,1183
9656,1096
9657,897
9658,1496
9659,1024
9660,3862
9661,1239
9662,6644
9663,1381
9664,1220
9665,1166
9666,1298
9667,1464
9668,1259
9669,1098
9670,9393
9671,931
9672,977
9673,1261
9674,1391
9675,1504
9676,935
9677,1072
9678,860
9679,1550
9680,1144
9681,1026
9682,950
9683,1005
9684,813
9685,1099
9686,1422
9687,958
9688,2122
9689,918
9690,1307
9691,852
9692,854
9693,833
9694,835
9695,1033
9696,2004
9697,1352
9698,1038
9699,1203
9700,15337
9701,1784
9702,1391
9703,1034
9704,1144
9705,1304
9706,1272
9707,1432
9708,1128
9709,1275
9710,1641
9711,1511
9712,1386
9713,970
9714,1144
9715,1098
9716,1111
9717,1100
9718,852
9719,908
9720,1620
9721,1141
9722,1096
9723,1090
9724,964
9725,1202
9726,1142
9727,1189
9728,1271
9729,1181
9730,1143
9731,935
9732,965
9733,2281
9734,1285
9735,1254
9736,1031
9737,1074
9738,943
9739,911
9740,1187
9741,1055
9742,965
9743,1264
9744,1251
9745,1103
9746,883
9747,1166
9748,1075
9749,941
9750,2420
9751,1014
9752,1085
9753,1051
9754,964
9755,1211
9756,1046
9757,1042
9758,1071
9759,850
9760,1422
9761,949
9762,928
9763,1068
9764,988
9765,982
9766,1282
9767,1138
9768,823
9769,969
9770,1433
9771,970
9772,953
9773,958
9774,935
9775,1209
9776,1603
9777,1832
9778,1160
9779,1244
9780,2683
9781,1098
9782,853
9783,1001
9784,920
9785,995
9786,1060
9787,1094
9788,1038
9789,1095
9790,1899
9791,1025
9792,1354
9793,1487
9794,868
9795,978
9796,2019
9797,1780
9798,1258
9799,1300
9800,14696
9801,2831
9802,1623
9803,1130
9804,1275
9805,1290
9806,1158
9807,1092
9808,1309
9809,1107
9810,3422
9811,1256
9812,1086
9813,1088
9814,1051
9815,1141
9816,1077
9817,1050
9818,1060
9819,1157
9820,2128
9821,1209
9822,2338
9823,1070
9824,1106
9825,1533
9826,959
9827,1019
9828,1050
9829,1156
9830,1613
9831,1057
9832,1337
9833,1525
9834,1632
9835,1186
9836,959
9837,894
9838,1045
9839,1191
9840,1487
9841,1199
9842,1222
9843,1068
9844,1120
9845,1462
9846,901
9847,920
9848,1041
9849,984
9850,2527
9851,1058
9852,1113
9853,1053
9854,890
9855,1183
9856,1161
9857,1141
9858,996
9859,1044
9860,2735
9861,1483
9862,1167
9863,877
9864,983
9865,1122
9866,1036
9867,896
9868,1253
9869,2882
9870,1322
9871,977
9872,1063
9873,1054
9874,972
9875,1516
9876,4100
9877,1473
9878,1041
9879,952
9880,1560
9881,1048
9882,1034
9883,954
9884,961
9885,1014
9886,967
9887,1289
9888,2211
9889,1747
9890,1411
9891,935
9892,793
9893,917
9894,846
9895,1637
9896,990
9897,1028
9898,1943
9899,2324
9900,16926
9901,2376
9902,1340
9903,1399
9904,1549
9905,1416
9906,1135
9907,1371
9908,1248
9909,1290
9910,1814
9911,1797
9912,1445
9913,1432
9914,959
9915,1088
9916,933
9917,1126
9918,1141
9919,1267
9920,1495
9921,1206
9922,1515
9923,1370
9924,907
9925,1610
9926,1422
9927,874
9928,950
9929,1228
9930,2764
9931,1282
9932,1038
9933,2289
9934,1063
9935,1214
9936,1174
9937,1043
9938,1250
9939,1558
9940,1413
9941,1142
9942,1007
9943,990
9944,1479
9945,1368
9946,1052
9947,1261
9948,1096
9949,1201
9950,2370
9951,1203
9952,1023
9953,1069
9954,1178
9955,1525
9956,1135
9957,993
9958,1031
9959,1196
9960,2138
9961,1331
9962,1062
9963,1019
9964,1103
9965,1993
9966,2275
9967,1282
9968,1100
9969,1230
9970,1287
9971,1514
9972,1197
9973,1366
9974,1177
9975,1677
9976,1176
9977,1429
9978,1346
9979,1292
9980,1704
9981,2066
9982,1599
9983,1547
9984,1927
9985,1603
9986,1539
9987,2693
9988,2563
9989,1906
9990,4163
9991,2431
9992,2119
9993,2742
9994,2766
9995,4003
9996,3139
9997,3466
9998,4944
9999,81955
10000,258458
