number,count
0,80855717
1,133021758
2,107726796
3,84442616
4,67792636
5,72190858
6,48657933
7,42958153
8,41388564
9,33907678
10,54542618
11,26796208
12,31507468
13,17787901
14,18026619
15,25253799
16,17252001
17,14850997
18,16909958
19,16333966
20,27824529
21,12853404
22,12095646
23,10791204
24,15015555
25,17504148
26,9455910
27,9252226
28,9627523
29,8473263
30,27025022
31,7848163
32,5455580
33,4534528
34,4324451
35,6573551
36,4433996
37,3901903
38,3843528
39,3925715
40,11390256
41,3327016
42,3746896
43,3206702
44,3647143
45,6414845
46,3062450
47,3010883
48,3923330
49,3335656
50,16524433
51,2877271
52,3123014
53,2651140
54,2778604
55,3799566
56,2672294
57,2448986
58,2473376
59,2600900
60,7770947
61,1715035
62,1791174
63,1677545
64,2485999
65,2963168
66,1805865
67,1657757
68,1618099
69,1594298
70,5149098
71,1489229
72,2013304
73,1454787
74,1468112
75,4215545
76,1442009
77,1427505
78,1438776
79,1397819
80,5624624
81,1325799
82,1357170
83,1327245
84,1384020
85,2187738
86,1356392
87,1250833
88,1449341
89,1333446
90,5552490
91,1346769
92,1343565
93,1335577
94,1293868
95,3823290
96,1472756
97,1381031
98,1623137
99,5053412
100,16354955
101,1429533
102,791608
103,699733
104,748575
105,881471
106,723123
107,616296
108,648786
109,583848
110,1280415
111,697364
112,621145
113,520629
114,529297
115,704105
116,504124
117,486897
118,500269
119,507351
120,1995157
121,497873
122,479343
123,540626
124,450426
125,1127709
126,437760
127,450374
128,607314
129,440789
130,1095213
131,405716
132,425240
133,394397
134,369003
135,599924
136,366879
137,362282
138,376377
139,376115
140,1045905
141,368143
142,344239
143,340521
144,421001
145,487806
146,319797
147,344374
148,327441
149,403509
150,3083397
151,343285
152,347390
153,309342
154,310883
155,426012
156,312641
157,305342
158,294970
159,309783
160,1006480
161,323902
162,312976
163,288025
164,282357
165,444569
166,275255
167,284621
168,359712
169,299425
170,677569
171,274161
172,283983
173,260070
174,273778
175,582878
176,277210
177,268641
178,262890
179,287440
180,1216049
181,257121
182,289795
183,308938
184,261117
185,385528
186,244313
187,256296
188,253338
189,270325
190,503886
191,259350
192,351293
193,238572
194,222351
195,354872
196,237345
197,243304
198,238572
199,392818
200,6259986
201,437523
202,497996
203,355931
204,315862
205,392735
206,351193
207,335270
208,342337
209,280882
210,545842
211,282374
212,450360
213,265304
214,287590
215,406837
216,283857
217,254654
218,248608
219,241282
220,662785
221,254176
222,310808
223,261005
224,276935
225,519586
226,235350
227,238429
228,252544
229,247343
230,506019
231,254096
232,260958
233,262123
234,233828
235,302783
236,210006
237,211562
238,208767
239,238650
240,683880
241,210552
242,218157
243,222887
244,203253
245,271995
246,205144
247,222627
248,227936
249,251264
250,2605329
251,210715
252,252528
253,209547
254,220295
255,357333
256,400875
257,187506
258,182752
259,188710
260,430676
261,184695
262,205476
263,192814
264,252439
265,256135
266,182465
267,190758
268,176167
269,198169
270,432419
271,182265
272,198356
273,199217
274,173813
275,350000
276,183040
277,181446
278,175553
279,187238
280,429489
281,198668
282,171151
283,170992
284,164428
285,243204
286,167245
287,180414
288,197953
289,179235
290,279923
291,157765
292,165565
293,176076
294,156739
295,237564
296,162494
297,163032
298,161368
299,277301
300,4279668
301,367532
302,262644
303,310638
304,275197
305,279862
306,198029
307,191982
308,223119
309,184532
310,377843
311,208967
312,256626
313,191486
314,198539
315,264792
316,187429
317,190546
318,176801
319,186140
320,497028
321,201956
322,173161
323,205138
324,165783
325,346290
326,161115
327,161036
328,164614
329,160927
330,390770
331,160843
332,159218
333,262410
334,162693
335,193660
336,185391
337,159076
338,155720
339,144499
340,294384
341,151500
342,150900
343,165490
344,153658
345,205875
346,139659
347,156951
348,142382
349,176788
350,1350522
351,161487
352,176897
353,168999
354,140982
355,181885
356,150317
357,165959
358,156252
359,146181
360,1407567
361,147612
362,136596
363,139617
364,144315
365,751799
366,149190
367,131204
368,141282
369,133720
370,253508
371,137138
372,133829
373,138037
374,121736
375,383780
376,126677
377,138478
378,122883
379,126144
380,274590
381,125388
382,123698
383,130556
384,151617
385,173471
386,137018
387,124984
388,124325
389,125300
390,206609
391,121682
392,123520
393,117542
394,109093
395,176017
396,111387
397,114210
398,114018
399,206828
400,3441770
401,412537
402,184742
403,215684
404,309926
405,226175
406,166509
407,172518
408,179945
409,138444
410,298131
411,169053
412,179375
413,144390
414,150790
415,235174
416,200699
417,142200
418,121532
419,154428
420,310456
421,135596
422,139775
423,141120
424,144632
425,287064
426,121928
427,129709
428,116922
429,133822
430,223305
431,122110
432,144035
433,124358
434,124401
435,169519
436,111891
437,110182
438,113134
439,108144
440,265412
441,125331
442,118641
443,147702
444,150586
445,139959
446,104470
447,110161
448,118768
449,125937
450,768625
451,145160
452,109046
453,107545
454,127346
455,145750
456,121298
457,123938
458,120833
459,104581
460,207759
461,107261
462,109266
463,108550
464,110079
465,132444
466,104202
467,104928
468,107483
469,108617
470,187483
471,110528
472,103497
473,106301
474,99428
475,172539
476,106541
477,106243
478,102995
479,113808
480,334821
481,98531
482,102949
483,105215
484,105019
485,140542
486,115381
487,101298
488,132173
489,96182
490,163913
491,93682
492,93705
493,89636
494,94339
495,165274
496,96646
497,94686
498,91595
499,214168
500,7280292
501,362922
502,158588
503,184131
504,183899
505,178011
506,122208
507,120154
508,173872
509,136484
510,250054
511,114182
512,279849
513,119396
514,123709
515,145878
516,117912
517,110788
518,127797
519,118746
520,235403
521,111720
522,108157
523,102907
524,99456
525,173444
526,98751
527,101396
528,101995
529,144989
530,207012
531,95941
532,103455
533,102883
534,93995
535,120803
536,94063
537,99674
538,92006
539,93691
540,217194
541,129553
542,93660
543,94880
544,94593
545,113642
546,93193
547,87226
548,83642
549,99952
550,447783
551,92702
552,97826
553,87865
554,84532
555,171630
556,91827
557,81000
558,80379
559,96442
560,213430
561,112973
562,104256
563,89544
564,84158
565,103226
566,79476
567,87442
568,83613
569,79428
570,172507
571,94627
572,77725
573,98473
574,90690
575,146523
576,89518
577,85846
578,74912
579,79869
580,171727
581,83411
582,78192
583,82070
584,77263
585,117256
586,92480
587,87407
588,81136
589,76633
590,126343
591,74956
592,74282
593,74626
594,77890
595,112870
596,72597
597,76980
598,74767
599,137883
600,2310863
601,139145
602,128909
603,131795
604,143223
605,119067
606,106942
607,96003
608,115575
609,116020
610,192407
611,85351
612,125801
613,115863
614,104963
615,137953
616,113361
617,152199
618,97174
619,114417
620,189998
621,93068
622,91832
623,88154
624,93396
625,186205
626,111966
627,79852
628,79753
629,78852
630,188976
631,104891
632,91598
633,91220
634,76670
635,97733
636,97408
637,73911
638,75283
639,77963
640,239004
641,84778
642,101060
643,76478
644,82085
645,100766
646,108111
647,88354
648,76083
649,91070
650,498661
651,109466
652,78056
653,70753
654,72717
655,91156
656,80758
657,72180
658,68511
659,71871
660,169116
661,88546
662,92554
663,73280
664,76520
665,84246
666,124323
667,96542
668,78398
669,72036
670,125983
671,69224
672,72244
673,73920
674,68815
675,118623
676,69873
677,74954
678,92334
679,87291
680,157286
681,67818
682,73377
683,70466
684,72996
685,83726
686,73283
687,76645
688,75830
689,69151
690,112888
691,66163
692,67996
693,67782
694,64930
695,96355
696,68160
697,64346
698,64231
699,108726
700,1615976
701,124252
702,137079
703,137117
704,114756
705,101894
706,103422
707,124239
708,87014
709,78957
710,136510
711,86751
712,87015
713,112172
714,106667
715,105500
716,95726
717,102920
718,121572
719,84123
720,248398
721,77824
722,83730
723,73948
724,89686
725,117502
726,71127
727,115587
728,82867
729,70545
730,129651
731,76897
732,105604
733,78374
734,89932
735,84430
736,68831
737,157789
738,63635
739,64597
740,147551
741,69857
742,71818
743,66594
744,75408
745,94221
746,64389
747,129796
748,70753
749,78945
750,742426
751,71901
752,70725
753,70212
754,68382
755,92101
756,63936
757,104870
758,62738
759,59621
760,159826
761,67228
762,66944
763,73919
764,66362
765,96802
766,66905
767,89009
768,112573
769,61664
770,153634
771,67965
772,79228
773,95049
774,67657
775,118683
776,68944
777,179375
778,70232
779,61021
780,146422
781,89766
782,70312
783,63963
784,62382
785,91338
786,75016
787,128563
788,66125
789,73022
790,95231
791,66098
792,67447
793,57793
794,59845
795,85686
796,59221
797,63243
798,61368
799,107447
800,2903196
801,140969
802,307245
803,91704
804,92675
805,112319
806,75263
807,68579
808,148895
809,63355
810,130482
811,73023
812,93208
813,89055
814,82853
815,105353
816,85570
817,87377
818,92601
819,60522
820,132583
821,70643
822,73645
823,67070
824,69875
825,106238
826,69544
827,66418
828,94252
829,69069
830,122202
831,82652
832,78570
833,85420
834,58125
835,78924
836,62624
837,62162
838,61592
839,57893
840,127840
841,66911
842,64933
843,96945
844,121081
845,146515
846,61930
847,100128
848,68294
849,64758
850,362763
851,59091
852,81469
853,60951
854,64001
855,158732
856,78480
857,62027
858,82722
859,73199
860,140438
861,61181
862,60343
863,70271
864,81364
865,92329
866,236261
867,61105
868,61138
869,57191
870,125367
871,73473
872,61136
873,56139
874,57420
875,123201
876,62861
877,241609
878,57296
879,56347
880,128321
881,57233
882,60313
883,62442
884,56358
885,70281
886,64661
887,57400
888,391877
889,61833
890,90738
891,57212
892,53844
893,63311
894,52321
895,79616
896,64961
897,51221
898,59713
899,86332
900,1113675
901,107183
902,81099
903,74506
904,86068
905,101509
906,69003
907,82194
908,78749
909,87552
910,112280
911,547408
912,80659
913,70321
914,80195
915,79078
916,101748
917,81610
918,82326
919,107848
920,169333
921,62453
922,71161
923,56992
924,71778
925,123613
926,58520
927,56420
928,78711
929,64750
930,105882
931,62892
932,57933
933,60927
934,55939
935,70241
936,60300
937,73500
938,53606
939,59933
940,100971
941,74923
942,56028
943,53796
944,62729
945,69201
946,55972
947,52420
948,50882
949,88466
950,241207
951,70871
952,68484
953,51099
954,86832
955,65453
956,56995
957,49566
958,44418
959,50066
960,136555
961,53091
962,59772
963,55339
964,55205
965,65688
966,58162
967,51981
968,56119
969,55082
970,130571
971,69501
972,93836
973,87339
974,56242
975,80978
976,54373
977,55578
978,316684
979,57588
980,110478
981,52901
982,50990
983,49316
984,53108
985,68534
986,51151
987,57257
988,57126
989,66090
990,169891
991,55728
992,54428
993,55962
994,54906
995,143073
996,62668
997,67683
998,67437
999,416145
1000,1942665
1001,124948
1002,107177
1003,35767
1004,29659
1005,33085
1006,33639
1007,118447
1008,26775
1009,24065
1010,74573
1011,39407
1012,34113
1013,26585
1014,26457
1015,36425
1016,284794
1017,34143
1018,24350
1019,21064
1020,56189
1021,44669
1022,22173
1023,33488
1024,116375
1025,27220
1026,19649
1027,18970
1028,18001
1029,29601
1030,46163
1031,42776
1032,18444
1033,25567
1034,17428
1035,22758
1036,15425
1037,24955
1038,95721
1039,21266
1040,66727
1041,20490
1042,20733
1043,16490
1044,21227
1045,23881
1046,26307
1047,15858
1048,15193
1049,19036
1050,71748
1051,20280
1052,15859
1053,21100
1054,19661
1055,25384
1056,25134
1057,16991
1058,15448
1059,15332
1060,38973
1061,17356
1062,15876
1063,20501
1064,18530
1065,20758
1066,37964
1067,18125
1068,16375
1069,15831
1070,45773
1071,18350
1072,15370
1073,38312
1074,24449
1075,20248
1076,14270
1077,17308
1078,16457
1079,15931
1080,167225
1081,16503
1082,13938
1083,17111
1084,16089
1085,17160
1086,28439
1087,15095
1088,24778
1089,21281
1090,26965
1091,15250
1092,14638
1093,71951
1094,16679
1095,30193
1096,19059
1097,51129
1098,29853
1099,82647
1100,206597
1101,46945
1102,23887
1103,26815
1104,23130
1105,28480
1106,19012
1107,25247
1108,20714
1109,42084
1110,35625
1111,141717
1112,22842
1113,22167
1114,18891
1115,26445
1116,18597
1117,21475
1118,18207
1119,17479
1120,35359
1121,20636
1122,22578
1123,18146
1124,17723
1125,26175
1126,34203
1127,17595
1128,35617
1129,16603
1130,34845
1131,18974
1132,16794
1133,17838
1134,14364
1135,18658
1136,34695
1137,15455
1138,16381
1139,15777
1140,25513
1141,15409
1142,15318
1143,14485
1144,15920
1145,23621
1146,19533
1147,14493
1148,14200
1149,15619
1150,48297
1151,18132
1152,21703
1153,15378
1154,14269
1155,30104
1156,14498
1157,14180
1158,20095
1159,19318
1160,22302
1161,22371
1162,14286
1163,13937
1164,14223
1165,15086
1166,13983
1167,17140
1168,11636
1169,13218
1170,23619
1171,14554
1172,16237
1173,13982
1174,12103
1175,19504
1176,15937
1177,45935
1178,11626
1179,14328
1180,23166
1181,14202
1182,18206
1183,14221
1184,12753
1185,17197
1186,67677
1187,14138
1188,14751
1189,16116
1190,21159
1191,15946
1192,15618
1193,12525
1194,15788
1195,15569
1196,12270
1197,13245
1198,14764
1199,25256
1200,439278
1201,35427
1202,31032
1203,19764
1204,24884
1205,21528
1206,23361
1207,20081
1208,18752
1209,18262
1210,31733
1211,21975
1212,31958
1213,20215
1214,18775
1215,30131
1216,18168
1217,15917
1218,15747
1219,16151
1220,31075
1221,20875
1222,23425
1223,25923
1224,19250
1225,29328
1226,16991
1227,19616
1228,15339
1229,15282
1230,33444
1231,17641
1232,14351
1233,15946
1234,56252
1235,20171
1236,14264
1237,13852
1238,13179
1239,13623
1240,25011
1241,16771
1242,21012
1243,16254
1244,19283
1245,21706
1246,14908
1247,12886
1248,15319
1249,16341
1250,76320
1251,15781
1252,21630
1253,17559
1254,17234
1255,17776
1256,16397
1257,14839
1258,14420
1259,12500
1260,32105
1261,13712
1262,12386
1263,13564
1264,13218
1265,15348
1266,12888
1267,14211
1268,13037
1269,11500
1270,22378
1271,16252
1272,13445
1273,25293
1274,17418
1275,21806
1276,13017
1277,13622
1278,12674
1279,18024
1280,73901
1281,12577
1282,13702
1283,13192
1284,15773
1285,15619
1286,11791
1287,12415
1288,12838
1289,13859
1290,24256
1291,18928
1292,15754
1293,13675
1294,12499
1295,20176
1296,16326
1297,13564
1298,13311
1299,19759
1300,253716
1301,29771
1302,22544
1303,19431
1304,18564
1305,21606
1306,16863
1307,18614
1308,16521
1309,16243
1310,27095
1311,18359
1312,16790
1313,22060
1314,18024
1315,20118
1316,14284
1317,14480
1318,13395
1319,12911
1320,30049
1321,16438
1322,16421
1323,16523
1324,15446
1325,29264
1326,16135
1327,16899
1328,14363
1329,14767
1330,28509
1331,19595
1332,22809
1333,24760
1334,15465
1335,15880
1336,12766
1337,21174
1338,12119
1339,12209
1340,24716
1341,15599
1342,15075
1343,15021
1344,15904
1345,17117
1346,15461
1347,14592
1348,15838
1349,16057
1350,48667
1351,14200
1352,12008
1353,16565
1354,12249
1355,15981
1356,12499
1357,12701
1358,11288
1359,12213
1360,21479
1361,13723
1362,12233
1363,13119
1364,14042
1365,32933
1366,24909
1367,14182
1368,18147
1369,12062
1370,18289
1371,74038
1372,13318
1373,14079
1374,10974
1375,16977
1376,12506
1377,15446
1378,12349
1379,11234
1380,20873
1381,14117
1382,14095
1383,12563
1384,13178
1385,14756
1386,14159
1387,11859
1388,12806
1389,13394
1390,17669
1391,13055
1392,17541
1393,10743
1394,21018
1395,15720
1396,11522
1397,11987
1398,11951
1399,18063
1400,198076
1401,27755
1402,17599
1403,17299
1404,18452
1405,17788
1406,15034
1407,13782
1408,15943
1409,13507
1410,22880
1411,15806
1412,14951
1413,13529
1414,19376
1415,23255
1416,14183
1417,13120
1418,12221
1419,12973
1420,27527
1421,14691
1422,15859
1423,14678
1424,15166
1425,18605
1426,11056
1427,12663
1428,12943
1429,13796
1430,25128
1431,14639
1432,15275
1433,15029
1434,13361
1435,15451
1436,11452
1437,12100
1438,12771
1439,13323
1440,53962
1441,18894
1442,14655
1443,12756
1444,15345
1445,14884
1446,13224
1447,12570
1448,10843
1449,11687
1450,47590
1451,13762
1452,15795
1453,21283
1454,11945
1455,16555
1456,11172
1457,10948
1458,10748
1459,10990
1460,21876
1461,14488
1462,13024
1463,12805
1464,11533
1465,12852
1466,10549
1467,15025
1468,12611
1469,15564
1470,18530
1471,33162
1472,16298
1473,15424
1474,11581
1475,20855
1476,13761
1477,13628
1478,12211
1479,12254
1480,21065
1481,11888
1482,15425
1483,23876
1484,14278
1485,19097
1486,10510
1487,11010
1488,12296
1489,11855
1490,18462
1491,14703
1492,36119
1493,16019
1494,16914
1495,17110
1496,10566
1497,13602
1498,13726
1499,19256
1500,611517
1501,29239
1502,22332
1503,19645
1504,18564
1505,20163
1506,17251
1507,16055
1508,16464
1509,20505
1510,25007
1511,19041
1512,17851
1513,18557
1514,15196
1515,29677
1516,19078
1517,21651
1518,15522
1519,20070
1520,47935
1521,23677
1522,18613
1523,19233
1524,19346
1525,27254
1526,17844
1527,18270
1528,15581
1529,16407
1530,33776
1531,16371
1532,16654
1533,17616
1534,19223
1535,22837
1536,30261
1537,15086
1538,18652
1539,18562
1540,33075
1541,19248
1542,20202
1543,17807
1544,13911
1545,20940
1546,15763
1547,19391
1548,14368
1549,17764
1550,46858
1551,21145
1552,15504
1553,19817
1554,14928
1555,23483
1556,16276
1557,15924
1558,19942
1559,19596
1560,26960
1561,15180
1562,14977
1563,15746
1564,20422
1565,19536
1566,15515
1567,14900
1568,14906
1569,13730
1570,23079
1571,16947
1572,18242
1573,15662
1574,13419
1575,19105
1576,14062
1577,15330
1578,13309
1579,13574
1580,25156
1581,15152
1582,19419
1583,14755
1584,15928
1585,17792
1586,15066
1587,15531
1588,19854
1589,13977
1590,25371
1591,15121
1592,18058
1593,15519
1594,14721
1595,18370
1596,16553
1597,15923
1598,19193
1599,21940
1600,302210
1601,32321
1602,24439
1603,41595
1604,28271
1605,28082
1606,24063
1607,27756
1608,22897
1609,26059
1610,34344
1611,27860
1612,21632
1613,19082
1614,18935
1615,22540
1616,27321
1617,18205
1618,20472
1619,26794
1620,39478
1621,24455
1622,20673
1623,24307
1624,20075
1625,29350
1626,19702
1627,16135
1628,21934
1629,19699
1630,36625
1631,19542
1632,21673
1633,22007
1634,22986
1635,25557
1636,20587
1637,20621
1638,23910
1639,20106
1640,55058
1641,22503
1642,32367
1643,21965
1644,28043
1645,23003
1646,18352
1647,18293
1648,25433
1649,22732
1650,63104
1651,21633
1652,19721
1653,19615
1654,19355
1655,21219
1656,19493
1657,17254
1658,18617
1659,17876
1660,48919
1661,22687
1662,23672
1663,19128
1664,21848
1665,24846
1666,26662
1667,22060
1668,18071
1669,17968
1670,28576
1671,17034
1672,19956
1673,18535
1674,18086
1675,24112
1676,19408
1677,18429
1678,18716
1679,17354
1680,35955
1681,19460
1682,19424
1683,20844
1684,19048
1685,26644
1686,17713
1687,19284
1688,28662
1689,27259
1690,29459
1691,18547
1692,24534
1693,18085
1694,18959
1695,21888
1696,17434
1697,19027
1698,18218
1699,22213
1700,188411
1701,38850
1702,26323
1703,25338
1704,24741
1705,22161
1706,24416
1707,28974
1708,22762
1709,26718
1710,31471
1711,22981
1712,21870
1713,21415
1714,25165
1715,29178
1716,21141
1717,28264
1718,23080
1719,21109
1720,37241
1721,22409
1722,25357
1723,24149
1724,21891
1725,27209
1726,21710
1727,25911
1728,23429
1729,21480
1730,38300
1731,21221
1732,25843
1733,26494
1734,26369
1735,26547
1736,22549
1737,24239
1738,23551
1739,21511
1740,36618
1741,25055
1742,25619
1743,27018
1744,24757
1745,33026
1746,26202
1747,24205
1748,27168
1749,28023
1750,82675
1751,26033
1752,31589
1753,30309
1754,29764
1755,37997
1756,31489
1757,29540
1758,33103
1759,31420
1760,45859
1761,27033
1762,28445
1763,38255
1764,29984
1765,35324
1766,33914
1767,30481
1768,31218
1769,34204
1770,54048
1771,31473
1772,37375
1773,35537
1774,42535
1775,72137
1776,108046
1777,52284
1778,43692
1779,38920
1780,60568
1781,43145
1782,45315
1783,51862
1784,43711
1785,45503
1786,40908
1787,61561
1788,54625
1789,85947
1790,76724
1791,55497
1792,60989
1793,58266
1794,50727
1795,56214
1796,50594
1797,51292
1798,59074
1799,56650
1800,437132
1801,70436
1802,57256
1803,74561
1804,62965
1805,61485
1806,58832
1807,55692
1808,56591
1809,65030
1810,74673
1811,58985
1812,130966
1813,63121
1814,68896
1815,87993
1816,63035
1817,62680
1818,72729
1819,71034
1820,107968
1821,72360
1822,64348
1823,62658
1824,71657
1825,79833
1826,64465
1827,65576
1828,72396
1829,70235
1830,134167
1831,78971
1832,90125
1833,82179
1834,82524
1835,93303
1836,94406
1837,99276
1838,86289
1839,89967
1840,140287
1841,95413
1842,91029
1843,88814
1844,97403
1845,104361
1846,98638
1847,100316
1848,131669
1849,106592
1850,216281
1851,125810
1852,102260
1853,101795
1854,114079
1855,114366
1856,112907
1857,121038
1858,112102
1859,121094
1860,206877
1861,194840
1862,173006
1863,170648
1864,167743
1865,208196
1866,126940
1867,136148
1868,136073
1869,127825
1870,203596
1871,145277
1872,135682
1873,126355
1874,124417
1875,140559
1876,138471
1877,126967
1878,127478
1879,132813
1880,226151
1881,159345
1882,149626
1883,142172
1884,143400
1885,159587
1886,155854
1887,152949
1888,168628
1889,166988
1890,240176
1891,168491
1892,166064
1893,170247
1894,157934
1895,187096
1896,178083
1897,170631
1898,190572
1899,184930
1900,503552
1901,237419
1902,202283
1903,214295
1904,215750
1905,237735
1906,226853
1907,217816
1908,240392
1909,224304
1910,337053
1911,305956
1912,283137
1913,284131
1914,367364
1915,302781
1916,288138
1917,348748
1918,372474
1919,314101
1920,515082
1921,262570
1922,269659
1923,260999
1924,258349
1925,285099
1926,272024
1927,273966
1928,282978
1929,334942
1930,455286
1931,273542
1932,293982
1933,346241
1934,321708
1935,318613
1936,339252
1937,336210
1938,348172
1939,440483
1940,521673
1941,408208
1942,404206
1943,359296
1944,420034
1945,590244
1946,403098
1947,443442
1948,486270
1949,414808
1950,676654
1951,383488
1952,404201
1953,423688
1954,438306
1955,454345
1956,471835
1957,470985
1958,473116
1959,493696
1960,798150
1961,547395
1962,591987
1963,617090
1964,683025
1965,694911
1966,656450
1967,775762
1968,821377
1969,812420
1970,1079047
1971,783700
1972,848599
1973,850010
1974,835272
1975,893441
1976,889091
1977,860102
1978,922863
1979,1011173
1980,1341451
1981,975567
1982,1035209
1983,1074016
1984,1218198
1985,1192280
1986,1256397
1987,1247635
1988,1347953
1989,1489917
1990,1894532
1991,1634452
1992,1796088
1993,1818055
1994,2019728
1995,2203461
1996,2378786
1997,2497299
1998,2783754
1999,3530961
2000,5238843
2001,4029006
2002,4110066
2003,4779988
2004,5314445
2005,6231914
2006,7352511
2007,9585898
2008,12108160
2009,10740740
2010,11931424
2011,12296089
2012,14575011
2013,14178785
2014,13087495
2015,11691916
2016,12279658
2017,12317235
2018,11491410
2019,9533474
2020,8627310
2021,5257063
2022,2358417
2023,324882
2024,192634
2025,291687
2026,99014
2027,65759
2028,50307
2029,32812
2030,373678
2031,25784
2032,22466
2033,21692
2034,15141
2035,52545
2036,17606
2037,12700
2038,12796
2039,10256
2040,75124
2041,14626
2042,14913
2043,9199
2044,10179
2045,22888
2046,10545
2047,10724
2048,50467
2049,21795
2050,206698
2051,8966
2052,9906
2053,7167
2054,7315
2055,11420
2056,9308
2057,6744
2058,6270
2059,6816
2060,29704
2061,9172
2062,7378
2063,10111
2064,6767
2065,9227
2066,7463
2067,7171
2068,6502
2069,6102
2070,22430
2071,8466
2072,7844
2073,6508
2074,6801
2075,10226
2076,7430
2077,26393
2078,6181
2079,6316
2080,26670
2081,6925
2082,5343
2083,5938
2084,6687
2085,7092
2086,5416
2087,6603
2088,6579
2089,5554
2090,10254
2091,5485
2092,5808
2093,5685
2094,5391
2095,7089
2096,5315
2097,5322
2098,5123
2099,14083
2100,131235
2101,17022
2102,11483
2103,11484
2104,11338
2105,18726
2106,11733
2107,9473
2108,10805
2109,9505
2110,16664
2111,15725
2112,14610
2113,9535
2114,10362
2115,15310
2116,9710
2117,7994
2118,9427
2119,8207
2120,14161
2121,21756
2122,8210
2123,7803
2124,7811
2125,10094
2126,7017
2127,5999
2128,6686
2129,6279
2130,13830
2131,8500
2132,6620
2133,10600
2134,7630
2135,8039
2136,6067
2137,5683
2138,10327
2139,9533
2140,12144
2141,10926
2142,9752
2143,6567
2144,6841
2145,7620
2146,4927
2147,6771
2148,7074
2149,5509
2150,18761
2151,8677
2152,5806
2153,6870
2154,6457
2155,9774
2156,5713
2157,6054
2158,4861
2159,5325
2160,25143
2161,7256
2162,4916
2163,5335
2164,7574
2165,7469
2166,5874
2167,5404
2168,4849
2169,5817
2170,8336
2171,5807
2172,4923
2173,4750
2174,8141
2175,6662
2176,4964
2177,4758
2178,4473
2179,4610
2180,9471
2181,6463
2182,4783
2183,4361
2184,4869
2185,5002
2186,4400
2187,5182
2188,4759
2189,4177
2190,7095
2191,6021
2192,4847
2193,4733
2194,4872
2195,6238
2196,6873
2197,4837
2198,4306
2199,9027
2200,100704
2201,15931
2202,10786
2203,7473
2204,7886
2205,9959
2206,7568
2207,6768
2208,7226
2209,6132
2210,13647
2211,12579
2212,8311
2213,6666
2214,6868
2215,12218
2216,6927
2217,7406
2218,6169
2219,6198
2220,12722
2221,9143
2222,24856
2223,8590
2224,8378
2225,9479
2226,6313
2227,7419
2228,7003
2229,7467
2230,11663
2231,8682
2232,6367
2233,9542
2234,5652
2235,6407
2236,6584
2237,5828
2238,5071
2239,5000
2240,11059
2241,10053
2242,6604
2243,5865
2244,9955
2245,7316
2246,5473
2247,5101
2248,5192
2249,5747
2250,23011
2251,7502
2252,6593
2253,7389
2254,16239
2255,23051
2256,5483
2257,7266
2258,5125
2259,5266
2260,8337
2261,6542
2262,5478
2263,5692
2264,5256
2265,7424
2266,6259
2267,6298
2268,4973
2269,4940
2270,7634
2271,5168
2272,6744
2273,7936
2274,5103
2275,6503
2276,4739
2277,8363
2278,5915
2279,4509
2280,10016
2281,6957
2282,5367
2283,5694
2284,5146
2285,5425
2286,4615
2287,5819
2288,6761
2289,4678
2290,8440
2291,4862
2292,4796
2293,4676
2294,4131
2295,5435
2296,5345
2297,4141
2298,4424
2299,7429
2300,79849
2301,13422
2302,7774
2303,6672
2304,8869
2305,7882
2306,5643
2307,16091
2308,6028
2309,5687
2310,11493
2311,9365
2312,7666
2313,6272
2314,6496
2315,7303
2316,5422
2317,5377
2318,5149
2319,5939
2320,10789
2321,6840
2322,7595
2323,10764
2324,7054
2325,7891
2326,6091
2327,6073
2328,5277
2329,5272
2330,10857
2331,6636
2332,6290
2333,8957
2334,7422
2335,6096
2336,4953
2337,9109
2338,4700
2339,4928
2340,11524
2341,5526
2342,5982
2343,5179
2344,4886
2345,14348
2346,4565
2347,6177
2348,4996
2349,4828
2350,14262
2351,5644
2352,5451
2353,5408
2354,4529
2355,5999
2356,4588
2357,5100
2358,4472
2359,5612
2360,7554
2361,4894
2362,4912
2363,4640
2364,4992
2365,5441
2366,5577
2367,4978
2368,5015
2369,5138
2370,7180
2371,5929
2372,5704
2373,5339
2374,4859
2375,7044
2376,4943
2377,5327
2378,4754
2379,4726
2380,8919
2381,4977
2382,4573
2383,4944
2384,4234
2385,4892
2386,4116
2387,3905
2388,4543
2389,3851
2390,5606
2391,4495
2392,5871
2393,4473
2394,4121
2395,5511
2396,4004
2397,4136
2398,3799
2399,6019
2400,104781
2401,11939
2402,6361
2403,6689
2404,5930
2405,7077
2406,5032
2407,6192
2408,5571
2409,5397
2410,8846
2411,6990
2412,7429
2413,5101
2414,5538
2415,6470
2416,4677
2417,4498
2418,4447
2419,5055
2420,8628
2421,5785
2422,6155
2423,5639
2424,10125
2425,8221
2426,5135
2427,5254
2428,4750
2429,4671
2430,7154
2431,5140
2432,4582
2433,6098
2434,4729
2435,5099
2436,4894
2437,4309
2438,4026
2439,3882
2440,8011
2441,5422
2442,5517
2443,4225
2444,6594
2445,6015
2446,4911
2447,4347
2448,6842
2449,4955
2450,13674
2451,5677
2452,4557
2453,4956
2454,5881
2455,6108
2456,4787
2457,4695
2458,6136
2459,4207
2460,7816
2461,4917
2462,4974
2463,4009
2464,4445
2465,5181
2466,5181
2467,4700
2468,4745
2469,4179
2470,5779
2471,5675
2472,4981
2473,4311
2474,5192
2475,5531
2476,6936
2477,5236
2478,5415
2479,3937
2480,6706
2481,4900
2482,3951
2483,4204
2484,3888
2485,4337
2486,4468
2487,3677
2488,4326
2489,4588
2490,5314
2491,4214
2492,3877
2493,4082
2494,4197
2495,5863
2496,4293
2497,4123
2498,4060
2499,8217
2500,282759
2501,12011
2502,6663
2503,5740
2504,5532
2505,7645
2506,5190
2507,5133
2508,5073
2509,5017
2510,11693
2511,7992
2512,5898
2513,4777
2514,5216
2515,6904
2516,5040
2517,4782
2518,5627
2519,4462
2520,13084
2521,5813
2522,6191
2523,4775
2524,4785
2525,15147
2526,6220
2527,5728
2528,5004
2529,4862
2530,7716
2531,5580
2532,5298
2533,4925
2534,4396
2535,6269
2536,5031
2537,5110
2538,4363
2539,4240
2540,7963
2541,5187
2542,4064
2543,4438
2544,4564
2545,5394
2546,4032
2547,4023
2548,4932
2549,4237
2550,14078
2551,5842
2552,5996
2553,5856
2554,4748
2555,8600
2556,4330
2557,4901
2558,4654
2559,4809
2560,28195
2561,4267
2562,4691
2563,4284
2564,4364
2565,4755
2566,3805
2567,4421
2568,4039
2569,3452
2570,5734
2571,4316
2572,3659
2573,3497
2574,3535
2575,6156
2576,4060
2577,4893
2578,3835
2579,3528
2580,6056
2581,4557
2582,4257
2583,4540
2584,3747
2585,4291
2586,3794
2587,3630
2588,4085
2589,3266
2590,5839
2591,3721
2592,5470
2593,3396
2594,3110
2595,4606
2596,4316
2597,3554
2598,3305
2599,4759
2600,98500
2601,12921
2602,5171
2603,5261
2604,4827
2605,6134
2606,5264
2607,4851
2608,4370
2609,4667
2610,8222
2611,6613
2612,4543
2613,4260
2614,3995
2615,5201
2616,5925
2617,4546
2618,4323
2619,3753
2620,8084
2621,4964
2622,5626
2623,4772
2624,3953
2625,6485
2626,7324
2627,4971
2628,5524
2629,3867
2630,7062
2631,4627
2632,4359
2633,4549
2634,3607
2635,5508
2636,3975
2637,4000
2638,4025
2639,3739
2640,7614
2641,4190
2642,4439
2643,3853
2644,3879
2645,4504
2646,4675
2647,3800
2648,4306
2649,3689
2650,12153
2651,4055
2652,4056
2653,3968
2654,3618
2655,5054
2656,4227
2657,3577
2658,3383
2659,3205
2660,6650
2661,4211
2662,4010
2663,4156
2664,4198
2665,5878
2666,9017
2667,4897
2668,3486
2669,3927
2670,5036
2671,4005
2672,4230
2673,3979
2674,3678
2675,5159
2676,3501
2677,4127
2678,3472
2679,3473
2680,6590
2681,3783
2682,3588
2683,3278
2684,3131
2685,3438
2686,3604
2687,3089
2688,5136
2689,2989
2690,5622
2691,3989
2692,3401
2693,3564
2694,3203
2695,4919
2696,3201
2697,3651
2698,3293
2699,5867
2700,60072
2701,9308
2702,5713
2703,5717
2704,5593
2705,5619
2706,4339
2707,4710
2708,4328
2709,4519
2710,7727
2711,6689
2712,4655
2713,4268
2714,3983
2715,4940
2716,4347
2717,4409
2718,4005
2719,3942
2720,9143
2721,5089
2722,5096
2723,4300
2724,4539
2725,5214
2726,4350
2727,8845
2728,4736
2729,4473
2730,7295
2731,4196
2732,4281
2733,4439
2734,3502
2735,4090
2736,5157
2737,5159
2738,3895
2739,4560
2740,5726
2741,3856
2742,3849
2743,3907
2744,4091
2745,4568
2746,3437
2747,4272
2748,3247
2749,3566
2750,14538
2751,4326
2752,3561
2753,3980
2754,3263
2755,4703
2756,3295
2757,4041
2758,3248
2759,3051
2760,8445
2761,3476
2762,3414
2763,3316
2764,4142
2765,4784
2766,3986
2767,5285
2768,2917
2769,3250
2770,5827
2771,3790
2772,5018
2773,3292
2774,3290
2775,5031
2776,3292
2777,6288
2778,4567
2779,3318
2780,5442
2781,4079
2782,3580
2783,3672
2784,3285
2785,4006
2786,3529
2787,9538
2788,3772
2789,3525
2790,4908
2791,3250
2792,2957
2793,2863
2794,2851
2795,4365
2796,3379
2797,3468
2798,2809
2799,4246
2800,64940
2801,8786
2802,5138
2803,4345
2804,4302
2805,5309
2806,4295
2807,4511
2808,4756
2809,4424
2810,6868
2811,5884
2812,4409
2813,3759
2814,4280
2815,4836
2816,4248
2817,3816
2818,4538
2819,3352
2820,7183
2821,4937
2822,5318
2823,3680
2824,5530
2825,5248
2826,3549
2827,3470
2828,6428
2829,4215
2830,5974
2831,4045
2832,3872
2833,4267
2834,3420
2835,4744
2836,4847
2837,3160
2838,3531
2839,3301
2840,7306
2841,4830
2842,3509
2843,3108
2844,3453
2845,3921
2846,2839
2847,3645
2848,4570
2849,3379
2850,10357
2851,3511
2852,3692
2853,3184
2854,2821
2855,4600
2856,3415
2857,3358
2858,3209
2859,3335
2860,5712
2861,3535
2862,2986
2863,3096
2864,3405
2865,4236
2866,10452
2867,3151
2868,3346
2869,3279
2870,4246
2871,3683
2872,3214
2873,3534
2874,3167
2875,5458
2876,2836
2877,3457
2878,3374
2879,2904
2880,11050
2881,4086
2882,4407
2883,3324
2884,2923
2885,4162
2886,4034
2887,3840
2888,5321
2889,3863
2890,5193
2891,4140
2892,4217
2893,3759
2894,2862
2895,4037
2896,3246
2897,2851
2898,2904
2899,3974
2900,37557
2901,8655
2902,4286
2903,6858
2904,4653
2905,5071
2906,4236
2907,4082
2908,4439
2909,5260
2910,6281
2911,8018
2912,4760
2913,3939
2914,4123
2915,4901
2916,3876
2917,3751
2918,3780
2919,4343
2920,10735
2921,4893
2922,3920
2923,4400
2924,4023
2925,5096
2926,3148
2927,3281
2928,3281
2929,9147
2930,6723
2931,3846
2932,3512
2933,4400
2934,3267
2935,3563
2936,3312
2937,3032
2938,2675
2939,3153
2940,5698
2941,4048
2942,2958
2943,3365
2944,3202
2945,3716
2946,2796
2947,3218
2948,2997
2949,3596
2950,10012
2951,3630
2952,3113
2953,3169
2954,2854
2955,4357
2956,2541
2957,2822
2958,4463
2959,2978
2960,7493
2961,2873
2962,3167
2963,3065
2964,2714
2965,3411
2966,3368
2967,3109
2968,2649
2969,2671
2970,4372
2971,2866
2972,2645
2973,2764
2974,3446
2975,3457
2976,3026
2977,3074
2978,2793
2979,2712
2980,4398
2981,2915
2982,2969
2983,2632
2984,2502
2985,3026
2986,2409
2987,3070
2988,3374
2989,2912
2990,5340
2991,4096
2992,3663
2993,2876
2994,2715
2995,5212
2996,3141
2997,3395
2998,3368
2999,9723
3000,590805
3001,19168
3002,9905
3003,10598
3004,8478
3005,8067
3006,8288
3007,5556
3008,11801
3009,6530
3010,13095
3011,7807
3012,7420
3013,5725
3014,5234
3015,7421
3016,5865
3017,4408
3018,4907
3019,5115
3020,11295
3021,5640
3022,4840
3023,4529
3024,5010
3025,7081
3026,4503
3027,4637
3028,3666
3029,3737
3030,17207
3031,5780
3032,4603
3033,5842
3034,4653
3035,5476
3036,4133
3037,3834
3038,4060
3039,4229
3040,10773
3041,4468
3042,4220
3043,3753
3044,3721
3045,5167
3046,3375
3047,3442
3048,4253
3049,3797
3050,14492
3051,5005
3052,4800
3053,4946
3054,4249
3055,5558
3056,3701
3057,3598
3058,3711
3059,3326
3060,12109
3061,3804
3062,3800
3063,3609
3064,3173
3065,4731
3066,3924
3067,3936
3068,3784
3069,2958
3070,10599
3071,3790
3072,6116
3073,3240
3074,3614
3075,4538
3076,3105
3077,4354
3078,2842
3079,3424
3080,14636
3081,3681
3082,2729
3083,3612
3084,3185
3085,4423
3086,3112
3087,3118
3088,3908
3089,3227
3090,9326
3091,3322
3092,2638
3093,2836
3094,2829
3095,3602
3096,3046
3097,2560
3098,3077
3099,4350
3100,46743
3101,13125
3102,7000
3103,5442
3104,5192
3105,5732
3106,4581
3107,4348
3108,4559
3109,8700
3110,8895
3111,10551
3112,5336
3113,5304
3114,5255
3115,6134
3116,4388
3117,4399
3118,3464
3119,3662
3120,8610
3121,10747
3122,4579
3123,4718
3124,4372
3125,7968
3126,3819
3127,3423
3128,4568
3129,3264
3130,8497
3131,8899
3132,5145
3133,4865
3134,3884
3135,5726
3136,3969
3137,3529
3138,3632
3139,3100
3140,5800
3141,6080
3142,4406
3143,3901
3144,5047
3145,5867
3146,3479
3147,3745
3148,3359
3149,3093
3150,10742
3151,4594
3152,3190
3153,3440
3154,2907
3155,4406
3156,3923
3157,3191
3158,2879
3159,3073
3160,5438
3161,5218
3162,3387
3163,3876
3164,2861
3165,3398
3166,6478
3167,3186
3168,4301
3169,2620
3170,4877
3171,4261
3172,2903
3173,2814
3174,3434
3175,4803
3176,2909
3177,3876
3178,2610
3179,2668
3180,4877
3181,4354
3182,3311
3183,2854
3184,2794
3185,3303
3186,3265
3187,3150
3188,3565
3189,3222
3190,4074
3191,3775
3192,3112
3193,2559
3194,4442
3195,3847
3196,3041
3197,2588
3198,2670
3199,4077
3200,92580
3201,10059
3202,5305
3203,4347
3204,4546
3205,6103
3206,4074
3207,4364
3208,4758
3209,3570
3210,8687
3211,7520
3212,5108
3213,4621
3214,3930
3215,4666
3216,4536
3217,3635
3218,3375
3219,3877
3220,8199
3221,5303
3222,5644
3223,4929
3224,4664
3225,5443
3226,4782
3227,3558
3228,3686
3229,3844
3230,5813
3231,4434
3232,6477
3233,8983
3234,3744
3235,5066
3236,3215
3237,3266
3238,2991
3239,3396
3240,6252
3241,3557
3242,3574
3243,3568
3244,3211
3245,4184
3246,3671
3247,3430
3248,2827
3249,2903
3250,11241
3251,4529
3252,3576
3253,3071
3254,3004
3255,4403
3256,2977
3257,3111
3258,2997
3259,2819
3260,5278
3261,4024
3262,3288
3263,3422
3264,4719
3265,3268
3266,3601
3267,2886
3268,2754
3269,2879
3270,6053
3271,2947
3272,3397
3273,2488
3274,2829
3275,3680
3276,3404
3277,3017
3278,3244
3279,2705
3280,5512
3281,3209
3282,4115
3283,2668
3284,2696
3285,3340
3286,3570
3287,2975
3288,3282
3289,2862
3290,4099
3291,2594
3292,2784
3293,2511
3294,2513
3295,3311
3296,2511
3297,2579
3298,2360
3299,4359
3300,48528
3301,12224
3302,5333
3303,7732
3304,5014
3305,5400
3306,8279
3307,4720
3308,3590
3309,4100
3310,14931
3311,7245
3312,4224
3313,5025
3314,3738
3315,5044
3316,3637
3317,3673
3318,3901
3319,3512
3320,6393
3321,4556
3322,6478
3323,3864
3324,3812
3325,4882
3326,3448
3327,3514
3328,3574
3329,3023
3330,9103
3331,5511
3332,4494
3333,25451
3334,4715
3335,4761
3336,3872
3337,4604
3338,3727
3339,4307
3340,5815
3341,3810
3342,3781
3343,4248
3344,5295
3345,4103
3346,3374
3347,2788
3348,3103
3349,2782
3350,11117
3351,3788
3352,3322
3353,3967
3354,4978
3355,5656
3356,3069
3357,2766
3358,2855
3359,2914
3360,5679
3361,3477
3362,4382
3363,3041
3364,3205
3365,3671
3366,4478
3367,2602
3368,3371
3369,2998
3370,5199
3371,3756
3372,2852
3373,3112
3374,2545
3375,4408
3376,2776
3377,4233
3378,3259
3379,2878
3380,4870
3381,3082
3382,2879
3383,2840
3384,2687
3385,2755
3386,8989
3387,2384
3388,4000
3389,19751
3390,20823
3391,2979
3392,2518
3393,4356
3394,2718
3395,2993
3396,2837
3397,3079
3398,2353
3399,4251
3400,40368
3401,8030
3402,5846
3403,3751
3404,4552
3405,5297
3406,5218
3407,5105
3408,3398
3409,3427
3410,6144
3411,5463
3412,4236
3413,3141
3414,3556
3415,3958
3416,3055
3417,3526
3418,2645
3419,2824
3420,5835
3421,3642
3422,3701
3423,3091
3424,3407
3425,3879
3426,2949
3427,2881
3428,2644
3429,2934
3430,4411
3431,4189
3432,3052
3433,3410
3434,5513
3435,4796
3436,3138
3437,2624
3438,2754
3439,2931
3440,6523
3441,3298
3442,3073
3443,3424
3444,5298
3445,3386
3446,2758
3447,3087
3448,3092
3449,3455
3450,9343
3451,3505
3452,3126
3453,2827
3454,4119
3455,3648
3456,8268
3457,3504
3458,2724
3459,2475
3460,4262
3461,2904
3462,2495
3463,3391
3464,3033
3465,2834
3466,2887
3467,2583
3468,2864
3469,2319
3470,4584
3471,2605
3472,2651
3473,2737
3474,3941
3475,3821
3476,2762
3477,2736
3478,2890
3479,2380
3480,4308
3481,2684
3482,2371
3483,2379
3484,2356
3485,2501
3486,2524
3487,2031
3488,3018
3489,2103
3490,3977
3491,2467
3492,2338
3493,2084
3494,2315
3495,3884
3496,2087
3497,2084
3498,2500
3499,3769
3500,145779
3501,9028
3502,4110
3503,3484
3504,3812
3505,4696
3506,3908
3507,3172
3508,3872
3509,3351
3510,6800
3511,4516
3512,3819
3513,2821
3514,3628
3515,4048
3516,3127
3517,2916
3518,2654
3519,2845
3520,7618
3521,4031
3522,3124
3523,2896
3524,3230
3525,4085
3526,2881
3527,3323
3528,3085
3529,2693
3530,4587
3531,3137
3532,2652
3533,2959
3534,2719
3535,7420
3536,3463
3537,3075
3538,2692
3539,2775
3540,5407
3541,3295
3542,2973
3543,2904
3544,3215
3545,3691
3546,2457
3547,2690
3548,2689
3549,2268
3550,10388
3551,3748
3552,3049
3553,7428
3554,2598
3555,5976
3556,2674
3557,2525
3558,2597
3559,2681
3560,5626
3561,2849
3562,2371
3563,2484
3564,2345
3565,3251
3566,2617
3567,2773
3568,2369
3569,2231
3570,4694
3571,2938
3572,2366
3573,2236
3574,1978
3575,3721
3576,2366
3577,2686
3578,2290
3579,2358
3580,3868
3581,2581
3582,4035
3583,3482
3584,3567
3585,3275
3586,2647
3587,2028
3588,3360
3589,2244
3590,5197
3591,2720
3592,2850
3593,2150
3594,2021
3595,3306
3596,2160
3597,2188
3598,2220
3599,3201
3600,63822
3601,6988
3602,3741
3603,3513
3604,3914
3605,3691
3606,3389
3607,2798
3608,2876
3609,2836
3610,5362
3611,3653
3612,3193
3613,2892
3614,2607
3615,3864
3616,3095
3617,2760
3618,2401
3619,2553
3620,5004
3621,3638
3622,3480
3623,2664
3624,3446
3625,4005
3626,3547
3627,3673
3628,2736
3629,2543
3630,5867
3631,3351
3632,2838
3633,3987
3634,2673
3635,3007
3636,5984
3637,3142
3638,3086
3639,2771
3640,4536
3641,3548
3642,2894
3643,2637
3644,2602
3645,2871
3646,2864
3647,3030
3648,3322
3649,2314
3650,10536
3651,3027
3652,2317
3653,2388
3654,2229
3655,3725
3656,2460
3657,2228
3658,2714
3659,2268
3660,4824
3661,3181
3662,2425
3663,5085
3664,2908
3665,2929
3666,3404
3667,3189
3668,2772
3669,2298
3670,3390
3671,2852
3672,2499
3673,2618
3674,2296
3675,3039
3676,3224
3677,2594
3678,2558
3679,2011
3680,4027
3681,2414
3682,1964
3683,2068
3684,2187
3685,2434
3686,2610
3687,2273
3688,2621
3689,2159
3690,3881
3691,2477
3692,2053
3693,2149
3694,1765
3695,2595
3696,2573
3697,2354
3698,2232
3699,3017
3700,34733
3701,7230
3702,3455
3703,3191
3704,3485
3705,3747
3706,3086
3707,3086
3708,3090
3709,2565
3710,4618
3711,4625
3712,2897
3713,2819
3714,2775
3715,3418
3716,2636
3717,3383
3718,2630
3719,3492
3720,5308
3721,3230
3722,2968
3723,2695
3724,3005
3725,3260
3726,2437
3727,3353
3728,2681
3729,3657
3730,6920
3731,3602
3732,3033
3733,4924
3734,2570
3735,2858
3736,2480
3737,5538
3738,2595
3739,2887
3740,3930
3741,2712
3742,4268
3743,3917
3744,3202
3745,4461
3746,2888
3747,2788
3748,3256
3749,2252
3750,12260
3751,3080
3752,2704
3753,2502
3754,2136
3755,4388
3756,2511
3757,2477
3758,3414
3759,2039
3760,3712
3761,2778
3762,2345
3763,2213
3764,2570
3765,2566
3766,2518
3767,2474
3768,2289
3769,2160
3770,5270
3771,2708
3772,2578
3773,3243
3774,2858
3775,3104
3776,2912
3777,4716
3778,2538
3779,2235
3780,3642
3781,2424
3782,2227
3783,2171
3784,2300
3785,2475
3786,2185
3787,2378
3788,2739
3789,2117
3790,3491
3791,3185
3792,2023
3793,2116
3794,1896
3795,2486
3796,2114
3797,2720
3798,1803
3799,2813
3800,40429
3801,7659
3802,3230
3803,3562
3804,2654
3805,3584
3806,2780
3807,2536
3808,3635
3809,3080
3810,4642
3811,4105
3812,2836
3813,2615
3814,2810
3815,3308
3816,2634
3817,2490
3818,2880
3819,2328
3820,5346
3821,3330
3822,2866
3823,2882
3824,3187
3825,3761
3826,2475
3827,2219
3828,2819
3829,2271
3830,4598
3831,2799
3832,2500
3833,3765
3834,2932
3835,3379
3836,2235
3837,2479
3838,4963
3839,2962
3840,16184
3841,3230
3842,2975
3843,2365
3844,4252
3845,3054
3846,2502
3847,2838
3848,2940
3849,2542
3850,8930
3851,2828
3852,2511
3853,2423
3854,1936
3855,3493
3856,2010
3857,2669
3858,2475
3859,2507
3860,4182
3861,2985
3862,2393
3863,2407
3864,2442
3865,2896
3866,2684
3867,2665
3868,2443
3869,2149
3870,5493
3871,2508
3872,2664
3873,2229
3874,2031
3875,2648
3876,2241
3877,2296
3878,2478
3879,1690
3880,4659
3881,2294
3882,2022
3883,2947
3884,2079
3885,2531
3886,2690
3887,2144
3888,5310
3889,2228
3890,3078
3891,2247
3892,2742
3893,2156
3894,2125
3895,2195
3896,1853
3897,2308
3898,2163
3899,2660
3900,27451
3901,5981
3902,3258
3903,3418
3904,2919
3905,3214
3906,2979
3907,2822
3908,2665
3909,3226
3910,4119
3911,3700
3912,2685
3913,2570
3914,2450
3915,2988
3916,2358
3917,2439
3918,2068
3919,2544
3920,4123
3921,2978
3922,3261
3923,2432
3924,2324
3925,3207
3926,2642
3927,2107
3928,2773
3929,2369
3930,3912
3931,2940
3932,2332
3933,3115
3934,5258
3935,2400
3936,2408
3937,3216
3938,2185
3939,4805
3940,4774
3941,2613
3942,2123
3943,2210
3944,2897
3945,4145
3946,2042
3947,2437
3948,2048
3949,2426
3950,6344
3951,2367
3952,2304
3953,1982
3954,1964
3955,2622
3956,2174
3957,1901
3958,1768
3959,3589
3960,4044
3961,2079
3962,2838
3963,2230
3964,1982
3965,2338
3966,2405
3967,1898
3968,2217
3969,2385
3970,3589
3971,2279
3972,1948
3973,2043
3974,2245
3975,2640
3976,1904
3977,2310
3978,2025
3979,2140
3980,2997
3981,2155
3982,2050
3983,1834
3984,2076
3985,2365
3986,2471
3987,2524
3988,2446
3989,2142
3990,3738
3991,2553
3992,2164
3993,2785
3994,2361
3995,3628
3996,2558
3997,2229
3998,2311
3999,6871
4000,344169
4001,12620
4002,6259
4003,5510
4004,8380
4005,6905
4006,5224
4007,4763
4008,4464
4009,4556
4010,9124
4011,6555
4012,4702
4013,3961
4014,5021
4015,4499
4016,3557
4017,3917
4018,3502
4019,2971
4020,8715
4021,3936
4022,3632
4023,3040
4024,3417
4025,4164
4026,3000
4027,2808
4028,2867
4029,2954
4030,5555
4031,4202
4032,4052
4033,13561
4034,3024
4035,3437
4036,2819
4037,2846
4038,3050
4039,3139
4040,10657
4041,4143
4042,3477
4043,3455
4044,3865
4045,3703
4046,3079
4047,2826
4048,2802
4049,4802
4050,10076
4051,4272
4052,3277
4053,3118
4054,2615
4055,3586
4056,3032
4057,2322
4058,2260
4059,2453
4060,5931
4061,3584
4062,3259
4063,2463
4064,3593
4065,3280
4066,3169
4067,2562
4068,2474
4069,2818
4070,4627
4071,2586
4072,3218
4073,2339
4074,2764
4075,3181
4076,2373
4077,3328
4078,2455
4079,2174
4080,5499
4081,2785
4082,2401
4083,2161
4084,2253
4085,2711
4086,2232
4087,2364
4088,3361
4089,2088
4090,4654
4091,2767
4092,2409
4093,2170
4094,2362
4095,4299
4096,31759
4097,2522
4098,2391
4099,3053
4100,32168
4101,9467
4102,5085
4103,7795
4104,5428
4105,4125
4106,3565
4107,3161
4108,3661
4109,3528
4110,5926
4111,8632
4112,4339
4113,3132
4114,3841
4115,4003
4116,3193
4117,2869
4118,3105
4119,2797
4120,5670
4121,4258
4122,3890
4123,3948
4124,2717
4125,4308
4126,2573
4127,2622
4128,4700
4129,2518
4130,8708
4131,3679
4132,2314
4133,3115
4134,2519
4135,3052
4136,2368
4137,2590
4138,2250
4139,2079
4140,7538
4141,7240
4142,3513
4143,3072
4144,3101
4145,2858
4146,2318
4147,2445
4148,2327
4149,2274
4150,7709
4151,4004
4152,2735
4153,2486
4154,2277
4155,3517
4156,2351
4157,2559
4158,2234
4159,3011
4160,5265
4161,4356
4162,2355
4163,2381
4164,2279
4165,2914
4166,2714
4167,2767
4168,1946
4169,2256
4170,3897
4171,3316
4172,4544
4173,2162
4174,2105
4175,2780
4176,2123
4177,2396
4178,2159
4179,2169
4180,3829
4181,2981
4182,2034
4183,2125
4184,2110
4185,2338
4186,1951
4187,2072
4188,2341
4189,1785
4190,2732
4191,2383
4192,2069
4193,1901
4194,2206
4195,2286
4196,1838
4197,2130
4198,1839
4199,2540
4200,43456
4201,5882
4202,4283
4203,3245
4204,3204
4205,3623
4206,2576
4207,3000
4208,3214
4209,2900
4210,6312
4211,4671
4212,4038
4213,3537
4214,3275
4215,4339
4216,2692
4217,4408
4218,2809
4219,2477
4220,5596
4221,4044
4222,5331
4223,2813
4224,3564
4225,4388
4226,3155
4227,4167
4228,2945
4229,2719
4230,4280
4231,3796
4232,3225
4233,3035
4234,2481
4235,2737
4236,7697
4237,2454
4238,2303
4239,2251
4240,4897
4241,3017
4242,6302
4243,3143
4244,4290
4245,3106
4246,2566
4247,3387
4248,2550
4249,2131
4250,8096
4251,2647
4252,2585
4253,2800
4254,2427
4255,3272
4256,2283
4257,2278
4258,2073
4259,1967
4260,4149
4261,2643
4262,2488
4263,2805
4264,2156
4265,2417
4266,2600
4267,2158
4268,2371
4269,2608
4270,3126
4271,3105
4272,2925
4273,2014
4274,2582
4275,2837
4276,2594
4277,2921
4278,2496
4279,2258
4280,3824
4281,2206
4282,2463
4283,2114
4284,1982
4285,3037
4286,2166
4287,2712
4288,2904
4289,1925
4290,2949
4291,2181
4292,2489
4293,2036
4294,1988
4295,2709
4296,1974
4297,2257
4298,2153
4299,2599
4300,28982
4301,6685
4302,4045
4303,3643
4304,2919
4305,3695
4306,2819
4307,2728
4308,2655
4309,2451
4310,6104
4311,4239
4312,3645
4313,2732
4314,2886
4315,3685
4316,2205
4317,2341
4318,2382
4319,3325
4320,6812
4321,7694
4322,3738
4323,2823
4324,3171
4325,3597
4326,3554
4327,2452
4328,2666
4329,2360
4330,5415
4331,3967
4332,3551
4333,5465
4334,3087
4335,3152
4336,2572
4337,2386
4338,2685
4339,1963
4340,5762
4341,2723
4342,2528
4343,5226
4344,3399
4345,3137
4346,2337
4347,2724
4348,2432
4349,2437
4350,7974
4351,2661
4352,2580
4353,2799
4354,2115
4355,3261
4356,2929
4357,9525
4358,2314
4359,2112
4360,3729
4361,2566
4362,2719
4363,2554
4364,2218
4365,2289
4366,2323
4367,2042
4368,5293
4369,1917
4370,3562
4371,2510
4372,2357
4373,2454
4374,1890
4375,3515
4376,2047
4377,2575
4378,1717
4379,1913
4380,3556
4381,2105
4382,2009
4383,1907
4384,1812
4385,2095
4386,2470
4387,1692
4388,2897
4389,1969
4390,2754
4391,2374
4392,1879
4393,2088
4394,1864
4395,2234
4396,1666
4397,1923
4398,1905
4399,3450
4400,37594
4401,7821
4402,3675
4403,3089
4404,4303
4405,3349
4406,3132
4407,2576
4408,2832
4409,2422
4410,5001
4411,6082
4412,3849
4413,2639
4414,3224
4415,3292
4416,2765
4417,2477
4418,2289
4419,3160
4420,4542
4421,3689
4422,5038
4423,3681
4424,2839
4425,3361
4426,2272
4427,2337
4428,2453
4429,2437
4430,4401
4431,2828
4432,2672
4433,4023
4434,2632
4435,3794
4436,2134
4437,2619
4438,2743
4439,2118
4440,5569
4441,4254
4442,2765
4443,2919
4444,18708
4445,4023
4446,3030
4447,3278
4448,3283
4449,3371
4450,5273
4451,2712
4452,2339
4453,2919
4454,2378
4455,5601
4456,2190
4457,2604
4458,2094
4459,1758
4460,4051
4461,2495
4462,2378
4463,2375
4464,2665
4465,2753
4466,3342
4467,2035
4468,2022
4469,2227
4470,3698
4471,2477
4472,2760
4473,4643
4474,2903
4475,2584
4476,2046
4477,3247
4478,2304
4479,1902
4480,3830
4481,2216
4482,2403
4483,2460
4484,2790
4485,2402
4486,2125
4487,2300
4488,4074
4489,2019
4490,3463
4491,2349
4492,1753
4493,2108
4494,2072
4495,2559
4496,1993
4497,1966
4498,1926
4499,3573
4500,84475
4501,5886
4502,3701
4503,4119
4504,2648
4505,4648
4506,4145
4507,2552
4508,3712
4509,2393
4510,5469
4511,4377
4512,2913
4513,2654
4514,2387
4515,3417
4516,2423
4517,2044
4518,2191
4519,2256
4520,4968
4521,3205
4522,3278
4523,2254
4524,2472
4525,3625
4526,2043
4527,2200
4528,2180
4529,2500
4530,4269
4531,2303
4532,2456
4533,2787
4534,2046
4535,2754
4536,2209
4537,2257
4538,2250
4539,2066
4540,3437
4541,2641
4542,2128
4543,2398
4544,2581
4545,7740
4546,3469
4547,2711
4548,2612
4549,2356
4550,6927
4551,3322
4552,2374
4553,2325
4554,2712
4555,4775
4556,2647
4557,2559
4558,2845
4559,2163
4560,4206
4561,2119
4562,2972
4563,2157
4564,2437
4565,2793
4566,2671
4567,6701
4568,2260
4569,2287
4570,3705
4571,2481
4572,2227
4573,2160
4574,1848
4575,3178
4576,1976
4577,2717
4578,1910
4579,1965
4580,3093
4581,2108
4582,1870
4583,1972
4584,1759
4585,2241
4586,1771
4587,2027
4588,2181
4589,1652
4590,3752
4591,1879
4592,2059
4593,1840
4594,1734
4595,2204
4596,1738
4597,1650
4598,2092
4599,2253
4600,30772
4601,4931
4602,3008
4603,2460
4604,2368
4605,3315
4606,3134
4607,2179
4608,3280
4609,2520
4610,4572
4611,3291
4612,2303
4613,2493
4614,2984
4615,2670
4616,2586
4617,2646
4618,2039
4619,2178
4620,4080
4621,2517
4622,3073
4623,2297
4624,2655
4625,3743
4626,2645
4627,2265
4628,2266
4629,1813
4630,4053
4631,2592
4632,2461
4633,2479
4634,2187
4635,2326
4636,7270
4637,2294
4638,2047
4639,2300
4640,3667
4641,2060
4642,2458
4643,2056
4644,2415
4645,2663
4646,4366
4647,3057
4648,2745
4649,2251
4650,6277
4651,2777
4652,2429
4653,3557
4654,2066
4655,3167
4656,2214
4657,1838
4658,2516
4659,1672
4660,3602
4661,2480
4662,2394
4663,3292
4664,2263
4665,2500
4666,3006
4667,2440
4668,2329
4669,2017
4670,4684
4671,1946
4672,1957
4673,5698
4674,1817
4675,2360
4676,2204
4677,2301
4678,2215
4679,1788
4680,3892
4681,2305
4682,1909
4683,1854
4684,2311
4685,2121
4686,2018
4687,1773
4688,2340
4689,1751
4690,3317
4691,1885
4692,1972
4693,1664
4694,1744
4695,2022
4696,2153
4697,1653
4698,1743
4699,2284
4700,25746
4701,4828
4702,2768
4703,2779
4704,3223
4705,2716
4706,2115
4707,2563
4708,2161
4709,2180
4710,4463
4711,6696
4712,2437
4713,2337
4714,2285
4715,2882
4716,1892
4717,2516
4718,2013
4719,1856
4720,3918
4721,2367
4722,3097
4723,2680
4724,2255
4725,3376
4726,2135
4727,2523
4728,1968
4729,2194
4730,4055
4731,2649
4732,2275
4733,2300
4734,1956
4735,2243
4736,2261
4737,2272
4738,1765
4739,1817
4740,3624
4741,3046
4742,1947
4743,2030
4744,2373
4745,2180
4746,1948
4747,5704
4748,2322
4749,1971
4750,6593
4751,2526
4752,2297
4753,2056
4754,2394
4755,3348
4756,1886
4757,2509
4758,2217
4759,1923
4760,3119
4761,1933
4762,2066
4763,1788
4764,1772
4765,2310
4766,2634
4767,1901
4768,1659
4769,2159
4770,4902
4771,2784
4772,2272
4773,2163
4774,2625
4775,3250
4776,1958
4777,4119
4778,1743
4779,1706
4780,2774
4781,2187
4782,1939
4783,2004
4784,1794
4785,1692
4786,1659
4787,2056
4788,2018
4789,1868
4790,3321
4791,2160
4792,1611
4793,1613
4794,1414
4795,1815
4796,1614
4797,2394
4798,1507
4799,2371
4800,41811
4801,5293
4802,2873
4803,2127
4804,2642
4805,2822
4806,2409
4807,2132
4808,2405
4809,4261
4810,4874
4811,3581
4812,2238
4813,1832
4814,2433
4815,2399
4816,2209
4817,2029
4818,2474
4819,3410
4820,3439
4821,2179
4822,3102
4823,2054
4824,2144
4825,3010
4826,1851
4827,2464
4828,2251
4829,1615
4830,3274
4831,2351
4832,1843
4833,2562
4834,1732
4835,2569
4836,2107
4837,1838
4838,2112
4839,1633
4840,3382
4841,2678
4842,2250
4843,1976
4844,2296
4845,2027
4846,1736
4847,2071
4848,4889
4849,2959
4850,8098
4851,2409
4852,2397
4853,1896
4854,1907
4855,2201
4856,2115
4857,1736
4858,1958
4859,1641
4860,3384
4861,2164
4862,1796
4863,1627
4864,1962
4865,1742
4866,1886
4867,2213
4868,4007
4869,2053
4870,7372
4871,1907
4872,2646
4873,1552
4874,1736
4875,2614
4876,1883
4877,2373
4878,2690
4879,1673
4880,3822
4881,2000
4882,1857
4883,1936
4884,2207
4885,2054
4886,1879
4887,1927
4888,3787
4889,2344
4890,3513
4891,1575
4892,1587
4893,1557
4894,1519
4895,1925
4896,1708
4897,1602
4898,1776
4899,2315
4900,19596
4901,4793
4902,2388
4903,2353
4904,1964
4905,2678
4906,2275
4907,1922
4908,1813
4909,2518
4910,3896
4911,3811
4912,2096
4913,1970
4914,2116
4915,2681
4916,1916
4917,1923
4918,1711
4919,2069
4920,3157
4921,2928
4922,2521
4923,1871
4924,1868
4925,2892
4926,2329
4927,1838
4928,2079
4929,2457
4930,3228
4931,2239
4932,1982
4933,2385
4934,1803
4935,2007
4936,1800
4937,1840
4938,1887
4939,2390
4940,3379
4941,2169
4942,1925
4943,1861
4944,2783
4945,2598
4946,1772
4947,1991
4948,2648
4949,4330
4950,5765
4951,2364
4952,2029
4953,1906
4954,1732
4955,2520
4956,1957
4957,1807
4958,1959
4959,2026
4960,2992
4961,2040
4962,2430
4963,1809
4964,1557
4965,2135
4966,2092
4967,1831
4968,1868
4969,1729
4970,2838
4971,1832
4972,1870
4973,1545
4974,1722
4975,3852
4976,1698
4977,1668
4978,1585
4979,1731
4980,2909
4981,1690
4982,1690
4983,1674
4984,1557
4985,1878
4986,1561
4987,1506
4988,1966
4989,2011
4990,3791
4991,2109
4992,2298
4993,1859
4994,2284
4995,3198
4996,1782
4997,1907
4998,2043
4999,7391
5000,536705
5001,13682
5002,6198
5003,4860
5004,4313
5005,8182
5006,3808
5007,4076
5008,6826
5009,3664
5010,10492
5011,4628
5012,3261
5013,3066
5014,2970
5015,4831
5016,2741
5017,2729
5018,3464
5019,2539
5020,7519
5021,3536
5022,3374
5023,2676
5024,2527
5025,3385
5026,2453
5027,2403
5028,2172
5029,2014
5030,5158
5031,2820
5032,2841
5033,2933
5034,2686
5035,2767
5036,2357
5037,2192
5038,2209
5039,2174
5040,6081
5041,2567
5042,2258
5043,2409
5044,2435
5045,3274
5046,2186
5047,2250
5048,2222
5049,2047
5050,16546
5051,3619
5052,4476
5053,2595
5054,2715
5055,4422
5056,2396
5057,2175
5058,2033
5059,2418
5060,7617
5061,3360
5062,2205
5063,2026
5064,2625
5065,2873
5066,2358
5067,2456
5068,2044
5069,2449
5070,4663
5071,2197
5072,2147
5073,2186
5074,2021
5075,2955
5076,1768
5077,1847
5078,1720
5079,1887
5080,4340
5081,2382
5082,1833
5083,2937
5084,1968
5085,2663
5086,1995
5087,1883
5088,2624
5089,2075
5090,3603
5091,2099
5092,2069
5093,1727
5094,1694
5095,2270
5096,1887
5097,1724
5098,1600
5099,2091
5100,30423
5101,6845
5102,3953
5103,3759
5104,2800
5105,5504
5106,2721
5107,2856
5108,2726
5109,2383
5110,6201
5111,6774
5112,3045
5113,2746
5114,2832
5115,3775
5116,2653
5117,2631
5118,2504
5119,2543
5120,6961
5121,4030
5122,3046
5123,3061
5124,2288
5125,3425
5126,2815
5127,2164
5128,2201
5129,2165
5130,4483
5131,3323
5132,2101
5133,2399
5134,2076
5135,2441
5136,2162
5137,2617
5138,1702
5139,2068
5140,4032
5141,2740
5142,1970
5143,1862
5144,2465
5145,2647
5146,1968
5147,1742
5148,2229
5149,2019
5150,13680
5151,6389
5152,3014
5153,2636
5154,2337
5155,3353
5156,2179
5157,2030
5158,2228
5159,2128
5160,5096
5161,2900
5162,2040
5163,1975
5164,2137
5165,2228
5166,2156
5167,3253
5168,1930
5169,1739
5170,3063
5171,2667
5172,2532
5173,1893
5174,1710
5175,2374
5176,2224
5177,1990
5178,1507
5179,1505
5180,3002
5181,2179
5182,1871
5183,1794
5184,2195
5185,2488
5186,1664
5187,1711
5188,2116
5189,1657
5190,2911
5191,3143
5192,2003
5193,2085
5194,6803
5195,2467
5196,1728
5197,1662
5198,1826
5199,2340
5200,40191
5201,5589
5202,3206
5203,2733
5204,2751
5205,3071
5206,2432
5207,2480
5208,2546
5209,2135
5210,4999
5211,3891
5212,3083
5213,2201
5214,2363
5215,2708
5216,2539
5217,2465
5218,2395
5219,2062
5220,5823
5221,3056
5222,5405
5223,3148
5224,2364
5225,4528
5226,2426
5227,2727
5228,2178
5229,2029
5230,6107
5231,2542
5232,2668
5233,3615
5234,2161
5235,2820
5236,2215
5237,2390
5238,1837
5239,1785
5240,3437
5241,2453
5242,2435
5243,2068
5244,2114
5245,2698
5246,2112
5247,2177
5248,1989
5249,1878
5250,9128
5251,3070
5252,4631
5253,2893
5254,2505
5255,3709
5256,2222
5257,2091
5258,2033
5259,1801
5260,3062
5261,2311
5262,2379
5263,2421
5264,1726
5265,1761
5266,2798
5267,1969
5268,1692
5269,1842
5270,2725
5271,2254
5272,2231
5273,2226
5274,1957
5275,2318
5276,1736
5277,2149
5278,1797
5279,1740
5280,8760
5281,4272
5282,2124
5283,2288
5284,1599
5285,2356
5286,1581
5287,2005
5288,2198
5289,1578
5290,2912
5291,2128
5292,2068
5293,1597
5294,1587
5295,1986
5296,1953
5297,1945
5298,1530
5299,2377
5300,27817
5301,5626
5302,2785
5303,2884
5304,2690
5305,3007
5306,2630
5307,2768
5308,2189
5309,3793
5310,5937
5311,3798
5312,2889
5313,2396
5314,1978
5315,2967
5316,2338
5317,2245
5318,2061
5319,1761
5320,4529
5321,3219
5322,3303
5323,3043
5324,2552
5325,2963
5326,2189
5327,2196
5328,2097
5329,2049
5330,4037
5331,2628
5332,2209
5333,4662
5334,2390
5335,3250
5336,2064
5337,2332
5338,1869
5339,1970
5340,3119
5341,2226
5342,1859
5343,2608
5344,2102
5345,2422
5346,1977
5347,2444
5348,2106
5349,1739
5350,4883
5351,2295
5352,2257
5353,4070
5354,2169
5355,2999
5356,2890
5357,2022
5358,2094
5359,2088
5360,2941
5361,2073
5362,1851
5363,2220
5364,1899
5365,1897
5366,1966
5367,1753
5368,1866
5369,1594
5370,2841
5371,1868
5372,1616
5373,2205
5374,1708
5375,2213
5376,2082
5377,2227
5378,1757
5379,1462
5380,3276
5381,2252
5382,1688
5383,1938
5384,1690
5385,1791
5386,1766
5387,2007
5388,2012
5389,1616
5390,2183
5391,1711
5392,1532
5393,1566
5394,1460
5395,1824
5396,1514
5397,1638
5398,1572
5399,1944
5400,33424
5401,6173
5402,3072
5403,3015
5404,2541
5405,3469
5406,3114
5407,2425
5408,2125
5409,1977
5410,3877
5411,3941
5412,2901
5413,1974
5414,2657
5415,3324
5416,2256
5417,1874
5418,1989
5419,1906
5420,3917
5421,2474
5422,2729
5423,2166
5424,2672
5425,3017
5426,1812
5427,1856
5428,2680
5429,1719
5430,3354
5431,2228
5432,4759
5433,3997
5434,2051
5435,2207
5436,1910
5437,3796
5438,2115
5439,2120
5440,4148
5441,2699
5442,2538
5443,2812
5444,3801
5445,3286
5446,2563
5447,2125
5448,2144
5449,2348
5450,5611
5451,2230
5452,2230
5453,2223
5454,4923
5455,3408
5456,2441
5457,1773
5458,1853
5459,1796
5460,3299
5461,2661
5462,1779
5463,2443
5464,2361
5465,2784
5466,2370
5467,1858
5468,1655
5469,1646
5470,3157
5471,2907
5472,5376
5473,1553
5474,1995
5475,2176
5476,2050
5477,2017
5478,2140
5479,1826
5480,3162
5481,2026
5482,2006
5483,2190
5484,1577
5485,1711
5486,1598
5487,1553
5488,1977
5489,1608
5490,2637
5491,2507
5492,1585
5493,1613
5494,2143
5495,2440
5496,1426
5497,1378
5498,2637
5499,2324
5500,63010
5501,5105
5502,2767
5503,2393
5504,2409
5505,4722
5506,3255
5507,2242
5508,2779
5509,2624
5510,5687
5511,5266
5512,3382
5513,2989
5514,2396
5515,3742
5516,2443
5517,2583
5518,2571
5519,2201
5520,5228
5521,2696
5522,3465
5523,2029
5524,2402
5525,4038
5526,2381
5527,2375
5528,1907
5529,2062
5530,5244
5531,2340
5532,2598
5533,3665
5534,2046
5535,2793
5536,2350
5537,2225
5538,2256
5539,2753
5540,3652
5541,2372
5542,1963
5543,1992
5544,3210
5545,3110
5546,2195
5547,2011
5548,2141
5549,1662
5550,7540
5551,3234
5552,2794
5553,2386
5554,2570
5555,22554
5556,3204
5557,3161
5558,2677
5559,2648
5560,3666
5561,2303
5562,1783
5563,2064
5564,2027
5565,2910
5566,3585
5567,1885
5568,2029
5569,1620
5570,3618
5571,2101
5572,1932
5573,1823
5574,1753
5575,3033
5576,1859
5577,3044
5578,1789
5579,1720
5580,3326
5581,1873
5582,1893
5583,1797
5584,1676
5585,2315
5586,1665
5587,1637
5588,3292
5589,1654
5590,3266
5591,1873
5592,1771
5593,1710
5594,1506
5595,2252
5596,1749
5597,1517
5598,1670
5599,2577
5600,30204
5601,4790
5602,2753
5603,2218
5604,1982
5605,2577
5606,2681
5607,2122
5608,2123
5609,2025
5610,4512
5611,3189
5612,2456
5613,1878
5614,1864
5615,2383
5616,2675
5617,1569
5618,1804
5619,1852
5620,3507
5621,2390
5622,2073
5623,2266
5624,1791
5625,3833
5626,2597
5627,2222
5628,1771
5629,1982
5630,3398
5631,2100
5632,2185
5633,2038
5634,1716
5635,2463
5636,2030
5637,2313
5638,1803
5639,1821
5640,2924
5641,2142
5642,1859
5643,1672
5644,1990
5645,2077
5646,2785
5647,1737
5648,1478
5649,1402
5650,5166
5651,2341
5652,2005
5653,1792
5654,1923
5655,3394
5656,3792
5657,2161
5658,2045
5659,1604
5660,3483
5661,2363
5662,2064
5663,2263
5664,2174
5665,2869
5666,2679
5667,2313
5668,1757
5669,1989
5670,3944
5671,2054
5672,2364
5673,1676
5674,1675
5675,2080
5676,2063
5677,1831
5678,6171
5679,1666
5680,2739
5681,1640
5682,1445
5683,1909
5684,1405
5685,1715
5686,1563
5687,2107
5688,2200
5689,1839
5690,2224
5691,1446
5692,1505
5693,1288
5694,1434
5695,1920
5696,1788
5697,1479
5698,1682
5699,2069
5700,26097
5701,5486
5702,2221
5703,2479
5704,1871
5705,2497
5706,1957
5707,2109
5708,2155
5709,1840
5710,2956
5711,3886
5712,2303
5713,2298
5714,1987
5715,2193
5716,1750
5717,2090
5718,1900
5719,1864
5720,3417
5721,2417
5722,2636
5723,1934
5724,1901
5725,2884
5726,1591
5727,2791
5728,2105
5729,1699
5730,3848
5731,1870
5732,1882
5733,2481
5734,1953
5735,2207
5736,1726
5737,1911
5738,1551
5739,1682
5740,3014
5741,2028
5742,1834
5743,1709
5744,2076
5745,2127
5746,1592
5747,2113
5748,1884
5749,1504
5750,6369
5751,2803
5752,1836
5753,2992
5754,2348
5755,2729
5756,1699
5757,3952
5758,2061
5759,2066
5760,7091
5761,2114
5762,2092
5763,1964
5764,2114
5765,2426
5766,2455
5767,2492
5768,2840
5769,2537
5770,6386
5771,3043
5772,3370
5773,2800
5774,3082
5775,4128
5776,2981
5777,5366
5778,3129
5779,2600
5780,3664
5781,2470
5782,2286
5783,1423
5784,1483
5785,1638
5786,1595
5787,1615
5788,1761
5789,1771
5790,2279
5791,1548
5792,1586
5793,2471
5794,1326
5795,1907
5796,1359
5797,1569
5798,1574
5799,1777
5800,29197
5801,3926
5802,2182
5803,2189
5804,1824
5805,2458
5806,1920
5807,1950
5808,2251
5809,1676
5810,3252
5811,3046
5812,2471
5813,1789
5814,1707
5815,2275
5816,1687
5817,1700
5818,1686
5819,2089
5820,3046
5821,1944
5822,2434
5823,1790
5824,1799
5825,2484
5826,1661
5827,1607
5828,2687
5829,1692
5830,3640
5831,1638
5832,1905
5833,2341
5834,1664
5835,1674
5836,1552
5837,1638
5838,1658
5839,2094
5840,2888
5841,2354
5842,1462
5843,1615
5844,1581
5845,2035
5846,1563
5847,1678
5848,1920
5849,1856
5850,6204
5851,2422
5852,1934
5853,1626
5854,1525
5855,2588
5856,1739
5857,1576
5858,3467
5859,1925
5860,2653
5861,2213
5862,1522
5863,1543
5864,1637
5865,2079
5866,2182
5867,1703
5868,2031
5869,1708
5870,5494
5871,1762
5872,1575
5873,1424
5874,1625
5875,2126
5876,2005
5877,1776
5878,1463
5879,1263
5880,2875
5881,2022
5882,1513
5883,1469
5884,1634
5885,2479
5886,1418
5887,1735
5888,3152
5889,1460
5890,2696
5891,1691
5892,1357
5893,1406
5894,1216
5895,1956
5896,1252
5897,1683
5898,1545
5899,1690
5900,17480
5901,3986
5902,2128
5903,1799
5904,1924
5905,2645
5906,2075
5907,1620
5908,2093
5909,1772
5910,3137
5911,2806
5912,1751
5913,1399
5914,1480
5915,1970
5916,1533
5917,1599
5918,1443
5919,1690
5920,3077
5921,1959
5922,1886
5923,2024
5924,1507
5925,2264
5926,1496
5927,1492
5928,1536
5929,1555
5930,4185
5931,1870
5932,1611
5933,1750
5934,1326
5935,1859
5936,1345
5937,1478
5938,1405
5939,1708
5940,2782
5941,1793
5942,1639
5943,1398
5944,1669
5945,1677
5946,1434
5947,1395
5948,1419
5949,1575
5950,4714
5951,1704
5952,1550
5953,1331
5954,1369
5955,2562
5956,1492
5957,1301
5958,1773
5959,3391
5960,2758
5961,1671
5962,1939
5963,1658
5964,1545
5965,2680
5966,1835
5967,1457
5968,1472
5969,1520
5970,4549
5971,1666
5972,1565
5973,1770
5974,1335
5975,2166
5976,1616
5977,1449
5978,1310
5979,1654
5980,2313
5981,1465
5982,1340
5983,1442
5984,1713
5985,1718
5986,1490
5987,1434
5988,1793
5989,1434
5990,3368
5991,1688
5992,1617
5993,1694
5994,1477
5995,2821
5996,1647
5997,1425
5998,2431
5999,5096
6000,239728
6001,11368
6002,5964
6003,4154
6004,3753
6005,4411
6006,4421
6007,3129
6008,3812
6009,4236
6010,7560
6011,5952
6012,4185
6013,3228
6014,2794
6015,4540
6016,3186
6017,2560
6018,2616
6019,2499
6020,6294
6021,3534
6022,2947
6023,2433
6024,2409
6025,3126
6026,2179
6027,2200
6028,2097
6029,1895
6030,5164
6031,2295
6032,2384
6033,3032
6034,1698
6035,2711
6036,2068
6037,1974
6038,1746
6039,1855
6040,4563
6041,2144
6042,2214
6043,1798
6044,2146
6045,2580
6046,1591
6047,1593
6048,1729
6049,1863
6050,5896
6051,2699
6052,2089
6053,1903
6054,1812
6055,3618
6056,2625
6057,1571
6058,1668
6059,2114
6060,9403
6061,15240
6062,2543
6063,3742
6064,2035
6065,2575
6066,3088
6067,2245
6068,2060
6069,2075
6070,4392
6071,1895
6072,1784
6073,1765
6074,1813
6075,2258
6076,1947
6077,1820
6078,1691
6079,1613
6080,4566
6081,2023
6082,2938
6083,1764
6084,2664
6085,2256
6086,2046
6087,1425
6088,2293
6089,1501
6090,4623
6091,1780
6092,1626
6093,1522
6094,1669
6095,1861
6096,1617
6097,1420
6098,1589
6099,2446
6100,24261
6101,5478
6102,3967
6103,5141
6104,2735
6105,4239
6106,3803
6107,2764
6108,2901
6109,2784
6110,5252
6111,6763
6112,2831
6113,2362
6114,2811
6115,3814
6116,2623
6117,2520
6118,2305
6119,2441
6120,6163
6121,3346
6122,2335
6123,2776
6124,2074
6125,3366
6126,3454
6127,1984
6128,2675
6129,1784
6130,3759
6131,3836
6132,1933
6133,2751
6134,1759
6135,2133
6136,1996
6137,1692
6138,1807
6139,2026
6140,3668
6141,2567
6142,2007
6143,2041
6144,2933
6145,2197
6146,1907
6147,1793
6148,1909
6149,1485
6150,6098
6151,3698
6152,2012
6153,1788
6154,2095
6155,2606
6156,2392
6157,1759
6158,1486
6159,1568
6160,4035
6161,4427
6162,2549
6163,2371
6164,2076
6165,2303
6166,2934
6167,2075
6168,2159
6169,1654
6170,2901
6171,2329
6172,1803
6173,1556
6174,1706
6175,1998
6176,1773
6177,1972
6178,1554
6179,2022
6180,4942
6181,2553
6182,3776
6183,2421
6184,1599
6185,1772
6186,1454
6187,1506
6188,1726
6189,1857
6190,2362
6191,1937
6192,1467
6193,1314
6194,1307
6195,1750
6196,1624
6197,1259
6198,1499
6199,2075
6200,27095
6201,4824
6202,2853
6203,3367
6204,2562
6205,3340
6206,2508
6207,2494
6208,2628
6209,2066
6210,5510
6211,3601
6212,2792
6213,2647
6214,2063
6215,3019
6216,1993
6217,2046
6218,2025
6219,1874
6220,4847
6221,5005
6222,4582
6223,3352
6224,2362
6225,3134
6226,3292
6227,2535
6228,2020
6229,2216
6230,4978
6231,2359
6232,2917
6233,3165
6234,2364
6235,2871
6236,2057
6237,2226
6238,2220
6239,2333
6240,3436
6241,2234
6242,2571
6243,1827
6244,2261
6245,2480
6246,1901
6247,2192
6248,2040
6249,2033
6250,7365
6251,2813
6252,2590
6253,2184
6254,2130
6255,2793
6256,1959
6257,1946
6258,1874
6259,1785
6260,3175
6261,3207
6262,4247
6263,2864
6264,2749
6265,2466
6266,2463
6267,1888
6268,2033
6269,2329
6270,2951
6271,2588
6272,2599
6273,3579
6274,1820
6275,2708
6276,1973
6277,3995
6278,2125
6279,1872
6280,3558
6281,2255
6282,2115
6283,1814
6284,1819
6285,2663
6286,1542
6287,1674
6288,2389
6289,1963
6290,2477
6291,1993
6292,1874
6293,1676
6294,1538
6295,1994
6296,1575
6297,1576
6298,1544
6299,2074
6300,26137
6301,5057
6302,2361
6303,2992
6304,2735
6305,2493
6306,2298
6307,2162
6308,1999
6309,2065
6310,4301
6311,3292
6312,2267
6313,2123
6314,1762
6315,2410
6316,1995
6317,1953
6318,1831
6319,1724
6320,4362
6321,2804
6322,2394
6323,2620
6324,2144
6325,2771
6326,1957
6327,2277
6328,2105
6329,1848
6330,5202
6331,2949
6332,3400
6333,5085
6334,2291
6335,2125
6336,2864
6337,2457
6338,2429
6339,2156
6340,3581
6341,1898
6342,1961
6343,2076
6344,2240
6345,2298
6346,2031
6347,1749
6348,2443
6349,1502
6350,4470
6351,2051
6352,1706
6353,1863
6354,1726
6355,3980
6356,1524
6357,1847
6358,1524
6359,1885
6360,3616
6361,3051
6362,1984
6363,7353
6364,2060
6365,2142
6366,1921
6367,1791
6368,1810
6369,1700
6370,2470
6371,2255
6372,2010
6373,1683
6374,1820
6375,2159
6376,1732
6377,2145
6378,1842
6379,2466
6380,2625
6381,1805
6382,1872
6383,1875
6384,1545
6385,1812
6386,1633
6387,1551
6388,2071
6389,1643
6390,2299
6391,1694
6392,1617
6393,1772
6394,1422
6395,1731
6396,1507
6397,3476
6398,1626
6399,2199
6400,34382
6401,4353
6402,2583
6403,1959
6404,2538
6405,2939
6406,1889
6407,1943
6408,1746
6409,1855
6410,3437
6411,3371
6412,2233
6413,1963
6414,1848
6415,2129
6416,2275
6417,1813
6418,1720
6419,1942
6420,3771
6421,2324
6422,2213
6423,2153
6424,2242
6425,3033
6426,1994
6427,1669
6428,1925
6429,1535
6430,2956
6431,2445
6432,2254
6433,2393
6434,2428
6435,2102
6436,1687
6437,2015
6438,1943
6439,1311
6440,3396
6441,2289
6442,1832
6443,1975
6444,2844
6445,1955
6446,2370
6447,1718
6448,1702
6449,1834
6450,5121
6451,1933
6452,1984
6453,1931
6454,1811
6455,2730
6456,1719
6457,2590
6458,1627
6459,1548
6460,3091
6461,1932
6462,1620
6463,2196
6464,3918
6465,2081
6466,2485
6467,1726
6468,2499
6469,1679
6470,3042
6471,1741
6472,1784
6473,1844
6474,1680
6475,2500
6476,1535
6477,1821
6478,1641
6479,1537
6480,2395
6481,1828
6482,1668
6483,1629
6484,2176
6485,1429
6486,1258
6487,1397
6488,2556
6489,1731
6490,2346
6491,1576
6492,2028
6493,1374
6494,1736
6495,1851
6496,1519
6497,1611
6498,1463
6499,1894
6500,53826
6501,5197
6502,9037
6503,2364
6504,2087
6505,3739
6506,2041
6507,1890
6508,2394
6509,2588
6510,5131
6511,5311
6512,3430
6513,2218
6514,1895
6515,2869
6516,2566
6517,1626
6518,1811
6519,1887
6520,5101
6521,1873
6522,2436
6523,1513
6524,1963
6525,2874
6526,1512
6527,1517
6528,1377
6529,1818
6530,3177
6531,2220
6532,2180
6533,2059
6534,1838
6535,2260
6536,1897
6537,1490
6538,2038
6539,1288
6540,2572
6541,1875
6542,1780
6543,2222
6544,1660
6545,2046
6546,1514
6547,1385
6548,1392
6549,1272
6550,5504
6551,2301
6552,2516
6553,1885
6554,1658
6555,4427
6556,2085
6557,1628
6558,1389
6559,1534
6560,3600
6561,1994
6562,1595
6563,1588
6564,1407
6565,3967
6566,2366
6567,1699
6568,1487
6569,1632
6570,3013
6571,1679
6572,1715
6573,1491
6574,1556
6575,2172
6576,1671
6577,1696
6578,1424
6579,1275
6580,2786
6581,2045
6582,1788
6583,1692
6584,1420
6585,1727
6586,1335
6587,1429
6588,1626
6589,1310
6590,1978
6591,1412
6592,1346
6593,1215
6594,1142
6595,1930
6596,1477
6597,1250
6598,1228
6599,1490
6600,35886
6601,4481
6602,2417
6603,1997
6604,2873
6605,2559
6606,3060
6607,1922
6608,1900
6609,1869
6610,3620
6611,6092
6612,2028
6613,1869
6614,1856
6615,2353
6616,2198
6617,1575
6618,1504
6619,1481
6620,3540
6621,2891
6622,3041
6623,1699
6624,1894
6625,2190
6626,1991
6627,1660
6628,1636
6629,1395
6630,3934
6631,2047
6632,2802
6633,3931
6634,1626
6635,1858
6636,2657
6637,1568
6638,1435
6639,1561
6640,2501
6641,1904
6642,1741
6643,1541
6644,2425
6645,2112
6646,1899
6647,1496
6648,1633
6649,1490
6650,4207
6651,3206
6652,1814
6653,2899
6654,2038
6655,3093
6656,1934
6657,2160
6658,1422
6659,1692
6660,3359
6661,2648
6662,3538
6663,1869
6664,2490
6665,2272
6666,8527
6667,4769
6668,2022
6669,1829
6670,3923
6671,2185
6672,2672
6673,2074
6674,1481
6675,1908
6676,1842
6677,2962
6678,1649
6679,1425
6680,3207
6681,1952
6682,2049
6683,1997
6684,2025
6685,2027
6686,1909
6687,1641
6688,3364
6689,1678
6690,1954
6691,1575
6692,1308
6693,1176
6694,2007
6695,1605
6696,1960
6697,1632
6698,1896
6699,2785
6700,22096
6701,4415
6702,2355
6703,1647
6704,1778
6705,2008
6706,1569
6707,2306
6708,2245
6709,1539
6710,3086
6711,2198
6712,1953
6713,1929
6714,1693
6715,1896
6716,1785
6717,1676
6718,1308
6719,1289
6720,3005
6721,1841
6722,2779
6723,2030
6724,1585
6725,2296
6726,1510
6727,1996
6728,1671
6729,1386
6730,2416
6731,1692
6732,1716
6733,2132
6734,1760
6735,2139
6736,9812
6737,2001
6738,1499
6739,1287
6740,2166
6741,1929
6742,1751
6743,1605
6744,1743
6745,1724
6746,1405
6747,1889
6748,1496
6749,1746
6750,4943
6751,2030
6752,2029
6753,1751
6754,1277
6755,2045
6756,1303
6757,1792
6758,2289
6759,1287
6760,2483
6761,1327
6762,1635
6763,1727
6764,1299
6765,1873
6766,1930
6767,3540
6768,1820
6769,1463
6770,3628
6771,1721
6772,1973
6773,2168
6774,1443
6775,1943
6776,2336
6777,3996
6778,1718
6779,1608
6780,2300
6781,1713
6782,1503
6783,1277
6784,1548
6785,1586
6786,1593
6787,1833
6788,1712
6789,4557
6790,2862
6791,1787
6792,1291
6793,1311
6794,1259
6795,1592
6796,1289
6797,1379
6798,1310
6799,1824
6800,28547
6801,4177
6802,1772
6803,3260
6804,2025
6805,1970
6806,1817
6807,1811
6808,1965
6809,2467
6810,3739
6811,2510
6812,1763
6813,1469
6814,1546
6815,1709
6816,1480
6817,1565
6818,1676
6819,1457
6820,3328
6821,1530
6822,2392
6823,2062
6824,2159
6825,2247
6826,1547
6827,1516
6828,1920
6829,1294
6830,3237
6831,2139
6832,1696
6833,2147
6834,1503
6835,1835
6836,1774
6837,1475
6838,1489
6839,1303
6840,2697
6841,1721
6842,3031
6843,1147
6844,1577
6845,1720
6846,1779
6847,1596
6848,1861
6849,1288
6850,5566
6851,2646
6852,1744
6853,1740
6854,2116
6855,1791
6856,1426
6857,1282
6858,1472
6859,1135
6860,2264
6861,1632
6862,1553
6863,1330
6864,1345
6865,1530
6866,1826
6867,1279
6868,3680
6869,1668
6870,4542
6871,1393
6872,1891
6873,1388
6874,1401
6875,2721
6876,1533
6877,2498
6878,1786
6879,1656
6880,4083
6881,1913
6882,2082
6883,1720
6884,1731
6885,1767
6886,1933
6887,1604
6888,4322
6889,1529
6890,2661
6891,1248
6892,1453
6893,1046
6894,1135
6895,1326
6896,1362
6897,1674
6898,1272
6899,1577
6900,15115
6901,3924
6902,2659
6903,1998
6904,1614
6905,2107
6906,1645
6907,1507
6908,1370
6909,1853
6910,2311
6911,2491
6912,1571
6913,1376
6914,1318
6915,1684
6916,1348
6917,1640
6918,1356
6919,1456
6920,3515
6921,1557
6922,2190
6923,1297
6924,1764
6925,1899
6926,1419
6927,1214
6928,1334
6929,1450
6930,2484
6931,1468
6932,1400
6933,1957
6934,1262
6935,1629
6936,1233
6937,1622
6938,1399
6939,1667
6940,2480
6941,1758
6942,1233
6943,1185
6944,1609
6945,1536
6946,1759
6947,1513
6948,1233
6949,1502
6950,4997
6951,1799
6952,1276
6953,1214
6954,1087
6955,2142
6956,1322
6957,1283
6958,1283
6959,1484
6960,2545
6961,1410
6962,1644
6963,2512
6964,1292
6965,1534
6966,2447
6967,1139
6968,2102
6969,3719
6970,3889
6971,1484
6972,1661
6973,1271
6974,1367
6975,1817
6976,1947
6977,1747
6978,1617
6979,1632
6980,2311
6981,1665
6982,1219
6983,1155
6984,1232
6985,1508
6986,1304
6987,1121
6988,3597
6989,1495
6990,3429
6991,1599
6992,1461
6993,1213
6994,1212
6995,2202
6996,1817
6997,1400
6998,1258
6999,3847
7000,154597
7001,8860
7002,4901
7003,4229
7004,4360
7005,4393
7006,3722
7007,4882
7008,3074
7009,2881
7010,6407
7011,3909
7012,3649
7013,2495
7014,2439
7015,3362
7016,2684
7017,2745
7018,3089
7019,4827
7020,5110
7021,2656
7022,2535
7023,2056
7024,2383
7025,3169
7026,2206
7027,2241
7028,1709
7029,2061
7030,5864
7031,3059
7032,1899
7033,2323
7034,2165
7035,2619
7036,2095
7037,1867
7038,1537
7039,1810
7040,4309
7041,2159
7042,2595
7043,2108
7044,2291
7045,2008
7046,1635
7047,1941
7048,1437
7049,1354
7050,6177
7051,1932
7052,2183
7053,1500
7054,2353
7055,2760
7056,1607
7057,1693
7058,1662
7059,1755
7060,3692
7061,1912
7062,1487
7063,1573
7064,1529
7065,2190
7066,2082
7067,1575
7068,1688
7069,1794
7070,7106
7071,3197
7072,2194
7073,1914
7074,2003
7075,8475
7076,1996
7077,3157
7078,2085
7079,2064
7080,4485
7081,2140
7082,2139
7083,2085
7084,1415
7085,1876
7086,1385
7087,1967
7088,1766
7089,1469
7090,3931
7091,1723
7092,1573
7093,1564
7094,2265
7095,2222
7096,1434
7097,1309
7098,1175
7099,1989
7100,21517
7101,4605
7102,4048
7103,3035
7104,2035
7105,2670
7106,4767
7107,2242
7108,2017
7109,1971
7110,5208
7111,6149
7112,2482
7113,1749
7114,3320
7115,2514
7116,3587
7117,2959
7118,2005
7119,1976
7120,4341
7121,3482
7122,2946
7123,2536
7124,1578
7125,2688
7126,2043
7127,1629
7128,1750
7129,1928
7130,3330
7131,2521
7132,1677
7133,2045
7134,1968
7135,2680
7136,1895
7137,1731
7138,1413
7139,1439
7140,2660
7141,2448
7142,1649
7143,1613
7144,1851
7145,1681
7146,1625
7147,1449
7148,1532
7149,1211
7150,5081
7151,2357
7152,1722
7153,1634
7154,1443
7155,2420
7156,1451
7157,1335
7158,1279
7159,1312
7160,3227
7161,2143
7162,1416
7163,1787
7164,1896
7165,1617
7166,1806
7167,1903
7168,1451
7169,1338
7170,2725
7171,4013
7172,2278
7173,1444
7174,1478
7175,1843
7176,2122
7177,2234
7178,1386
7179,1668
7180,2694
7181,2411
7182,1525
7183,2142
7184,1505
7185,1623
7186,1628
7187,1390
7188,2736
7189,1676
7190,2415
7191,2250
7192,1473
7193,1622
7194,1206
7195,1634
7196,1346
7197,1287
7198,1166
7199,1804
7200,36989
7201,5130
7202,2823
7203,3598
7204,2120
7205,2735
7206,2942
7207,2153
7208,2139
7209,1685
7210,4138
7211,3333
7212,2751
7213,1740
7214,1606
7215,2261
7216,2218
7217,1535
7218,1674
7219,2472
7220,3920
7221,2483
7222,4348
7223,4089
7224,2029
7225,3012
7226,2415
7227,2781
7228,2018
7229,1824
7230,2970
7231,2316
7232,1933
7233,5471
7234,2548
7235,2157
7236,1563
7237,1911
7238,2007
7239,2109
7240,3144
7241,1916
7242,2196
7243,2558
7244,1849
7245,3050
7246,2035
7247,1955
7248,1690
7249,1427
7250,6444
7251,2423
7252,1917
7253,2069
7254,1659
7255,2140
7256,1878
7257,2314
7258,2204
7259,1426
7260,3584
7261,1984
7262,2295
7263,2012
7264,1793
7265,1854
7266,1747
7267,2285
7268,1321
7269,1807
7270,2630
7271,1763
7272,4535
7273,2344
7274,2031
7275,4221
7276,1654
7277,3010
7278,2068
7279,1472
7280,2763
7281,1719
7282,1871
7283,1910
7284,1697
7285,1740
7286,1585
7287,1942
7288,2089
7289,2125
7290,3752
7291,1907
7292,1888
7293,1494
7294,1240
7295,1519
7296,1400
7297,1963
7298,1194
7299,1851
7300,20557
7301,3190
7302,2746
7303,2330
7304,2916
7305,2647
7306,3025
7307,2453
7308,1812
7309,1555
7310,3513
7311,2883
7312,1916
7313,1825
7314,1559
7315,2067
7316,1704
7317,1592
7318,1817
7319,1435
7320,3190
7321,2259
7322,1992
7323,3409
7324,2644
7325,2559
7326,3925
7327,1588
7328,2272
7329,1365
7330,3238
7331,2119
7332,1938
7333,3941
7334,1951
7335,2156
7336,2223
7337,2589
7338,1535
7339,1307
7340,2853
7341,1553
7342,1530
7343,1549
7344,1629
7345,2024
7346,1355
7347,1448
7348,1545
7349,1229
7350,3771
7351,1878
7352,1859
7353,2178
7354,1623
7355,2249
7356,1576
7357,1497
7358,1299
7359,1443
7360,2951
7361,1611
7362,1349
7363,1602
7364,1399
7365,1463
7366,1890
7367,1830
7368,2809
7369,1380
7370,2613
7371,1632
7372,1813
7373,3788
7374,1768
7375,2411
7376,1587
7377,2647
7378,3010
7379,1821
7380,2708
7381,1749
7382,2026
7383,1808
7384,1678
7385,1640
7386,2200
7387,2829
7388,2160
7389,1458
7390,2871
7391,1784
7392,1589
7393,2007
7394,1444
7395,1527
7396,1287
7397,1417
7398,1221
7399,1934
7400,18853
7401,3986
7402,2828
7403,2398
7404,3030
7405,2980
7406,1576
7407,2407
7408,2052
7409,1637
7410,3841
7411,6309
7412,2296
7413,1764
7414,2070
7415,2351
7416,1617
7417,1711
7418,1361
7419,1734
7420,4001
7421,2292
7422,2361
7423,1876
7424,2514
7425,2413
7426,1851
7427,1891
7428,1727
7429,1706
7430,3422
7431,1885
7432,2635
7433,3170
7434,2237
7435,2186
7436,1996
7437,1928
7438,1461
7439,1649
7440,3876
7441,2346
7442,1767
7443,1757
7444,3241
7445,3108
7446,2086
7447,2642
7448,1555
7449,1420
7450,4519
7451,1733
7452,1791
7453,1547
7454,1662
7455,1965
7456,2020
7457,1587
7458,1867
7459,1440
7460,2319
7461,1561
7462,1503
7463,2725
7464,1920
7465,1719
7466,1767
7467,2105
7468,1566
7469,3876
7470,3169
7471,1672
7472,1613
7473,1490
7474,3370
7475,2532
7476,1814
7477,1800
7478,1727
7479,1215
7480,2594
7481,1770
7482,1670
7483,1774
7484,1790
7485,1577
7486,1971
7487,1601
7488,1782
7489,1331
7490,2565
7491,2329
7492,1572
7493,1681
7494,2101
7495,2130
7496,1479
7497,1369
7498,2071
7499,2543
7500,61813
7501,3925
7502,2430
7503,2369
7504,1733
7505,3350
7506,3359
7507,1862
7508,1987
7509,1826
7510,4302
7511,2990
7512,2309
7513,1796
7514,1941
7515,3069
7516,1783
7517,1761
7518,1822
7519,1719
7520,4563
7521,2086
7522,2610
7523,1557
7524,1588
7525,3841
7526,1923
7527,1753
7528,1537
7529,4045
7530,3213
7531,1949
7532,1498
7533,1927
7534,1604
7535,2791
7536,1496
7537,1541
7538,1756
7539,1419
7540,2653
7541,1658
7542,1721
7543,1694
7544,1808
7545,2274
7546,2263
7547,1682
7548,1530
7549,1792
7550,4408
7551,2209
7552,1620
7553,1772
7554,2604
7555,4113
7556,1915
7557,2940
7558,1568
7559,2403
7560,2497
7561,1714
7562,1547
7563,1532
7564,1400
7565,2244
7566,2274
7567,2132
7568,1631
7569,1346
7570,2559
7571,1371
7572,1566
7573,1171
7574,1305
7575,4841
7576,1840
7577,2277
7578,1312
7579,1317
7580,3349
7581,1849
7582,2039
7583,1595
7584,2346
7585,2712
7586,1426
7587,1562
7588,1712
7589,1624
7590,3555
7591,1845
7592,1488
7593,1553
7594,1666
7595,2070
7596,1222
7597,1270
7598,1408
7599,1855
7600,22428
7601,6143
7602,2680
7603,1960
7604,2086
7605,1765
7606,2184
7607,2386
7608,1763
7609,1764
7610,5160
7611,2781
7612,1932
7613,2727
7614,1618
7615,1639
7616,1992
7617,1426
7618,1246
7619,1828
7620,2842
7621,2002
7622,1879
7623,2286
7624,1991
7625,3259
7626,1733
7627,1711
7628,1684
7629,1756
7630,2670
7631,2384
7632,2610
7633,1863
7634,1423
7635,1462
7636,2158
7637,2015
7638,1825
7639,1436
7640,2211
7641,1742
7642,1727
7643,1802
7644,2410
7645,2608
7646,1645
7647,1797
7648,1345
7649,1411
7650,4291
7651,1396
7652,2717
7653,2247
7654,2356
7655,2236
7656,1636
7657,1504
7658,1214
7659,1594
7660,2838
7661,2162
7662,1834
7663,2487
7664,1694
7665,1831
7666,2699
7667,2528
7668,1519
7669,2989
7670,2262
7671,2349
7672,1371
7673,1550
7674,1352
7675,2000
7676,4956
7677,2167
7678,2041
7679,2288
7680,3272
7681,1614
7682,1107
7683,1390
7684,1211
7685,1392
7686,1477
7687,1436
7688,1795
7689,1177
7690,1875
7691,1408
7692,1375
7693,1156
7694,1088
7695,2548
7696,1520
7697,1440
7698,949
7699,1882
7700,20967
7701,7477
7702,3367
7703,2834
7704,2252
7705,2042
7706,1724
7707,2149
7708,1867
7709,1588
7710,5237
7711,4915
7712,2458
7713,1980
7714,2004
7715,2089
7716,1714
7717,3284
7718,2045
7719,1777
7720,3870
7721,3126
7722,3745
7723,2049
7724,2366
7725,3576
7726,2408
7727,2675
7728,2403
7729,2303
7730,3928
7731,2120
7732,1876
7733,3465
7734,4732
7735,2119
7736,2320
7737,2773
7738,2180
7739,2398
7740,3828
7741,1843
7742,1875
7743,2030
7744,2306
7745,2026
7746,1944
7747,3255
7748,2564
7749,1611
7750,7548
7751,2335
7752,1900
7753,2651
7754,1586
7755,2980
7756,1717
7757,2446
7758,1638
7759,2178
7760,4023
7761,1634
7762,1857
7763,2972
7764,3620
7765,2091
7766,3628
7767,2577
7768,2623
7769,2435
7770,5718
7771,4606
7772,2558
7773,2280
7774,2316
7775,3017
7776,3258
7777,15901
7778,3055
7779,2824
7780,3347
7781,1685
7782,1869
7783,1774
7784,1511
7785,2236
7786,2656
7787,2539
7788,3877
7789,2343
7790,3287
7791,2015
7792,1927
7793,2129
7794,1691
7795,2204
7796,1638
7797,1965
7798,1651
7799,3807
7800,24765
7801,3940
7802,2547
7803,2897
7804,1809
7805,3949
7806,1923
7807,1571
7808,2299
7809,2536
7810,3019
7811,2843
7812,2960
7813,1988
7814,1927
7815,2248
7816,2751
7817,2125
7818,1946
7819,1458
7820,2695
7821,2253
7822,2070
7823,1780
7824,2229
7825,3856
7826,1644
7827,3261
7828,2097
7829,1540
7830,2169
7831,2911
7832,1671
7833,2489
7834,3250
7835,1623
7836,3737
7837,2360
7838,1494
7839,4149
7840,3322
7841,2081
7842,1642
7843,1790
7844,1835
7845,1996
7846,1441
7847,1641
7848,2364
7849,1802
7850,6066
7851,1764
7852,1796
7853,1395
7854,1860
7855,2709
7856,1286
7857,1359
7858,1604
7859,1197
7860,3466
7861,1676
7862,1575
7863,1723
7864,2484
7865,1413
7866,3321
7867,4006
7868,1705
7869,3880
7870,5478
7871,2012
7872,2264
7873,2133
7874,1927
7875,2179
7876,2288
7877,1892
7878,3443
7879,2180
7880,3074
7881,2187
7882,1917
7883,1281
7884,1990
7885,2447
7886,1684
7887,3076
7888,4648
7889,1904
7890,4476
7891,1712
7892,1277
7893,1139
7894,1670
7895,1549
7896,1578
7897,1204
7898,2013
7899,1932
7900,18186
7901,4251
7902,1818
7903,2047
7904,2268
7905,2058
7906,1533
7907,1850
7908,2118
7909,2414
7910,2796
7911,2260
7912,1850
7913,1477
7914,1875
7915,1883
7916,1632
7917,2518
7918,1712
7919,2292
7920,4032
7921,2488
7922,2234
7923,1712
7924,1692
7925,2173
7926,1580
7927,1582
7928,2352
7929,1722
7930,3421
7931,2236
7932,2128
7933,1534
7934,1242
7935,1887
7936,2346
7937,1546
7938,1520
7939,2313
7940,3495
7941,2357
7942,2397
7943,1177
7944,2245
7945,1498
7946,2154
7947,1639
7948,1444
7949,1772
7950,7093
7951,1877
7952,1651
7953,1161
7954,1321
7955,2252
7956,2201
7957,1968
7958,2091
7959,1127
7960,4332
7961,1906
7962,1601
7963,1504
7964,1262
7965,1396
7966,2469
7967,2299
7968,2347
7969,1723
7970,8158
7971,2606
7972,1460
7973,4517
7974,3237
7975,1604
7976,2685
7977,2876
7978,1293
7979,3302
7980,2969
7981,1727
7982,1278
7983,1695
7984,1653
7985,1708
7986,1533
7987,1027
7988,1551
7989,2022
7990,3481
7991,1327
7992,1210
7993,1463
7994,1272
7995,1847
7996,1223
7997,1430
7998,2832
7999,4288
8000,176663
8001,10008
8002,7345
8003,4866
8004,3887
8005,4645
8006,4431
8007,3577
8008,6200
8009,3113
8010,7315
8011,4358
8012,2795
8013,2441
8014,2743
8015,2547
8016,2244
8017,1722
8018,3053
8019,1809
8020,6111
8021,2989
8022,2681
8023,1983
8024,1908
8025,2707
8026,1630
8027,1707
8028,3071
8029,1598
8030,3456
8031,2486
8032,2482
8033,2373
8034,2152
8035,2577
8036,2329
8037,1913
8038,2006
8039,1835
8040,4473
8041,1800
8042,1870
8043,1556
8044,1943
8045,1994
8046,1661
8047,2045
8048,2049
8049,1712
8050,5441
8051,8400
8052,2407
8053,2174
8054,1931
8055,2447
8056,1492
8057,2530
8058,1784
8059,1720
8060,3682
8061,2107
8062,1677
8063,1621
8064,1574
8065,2074
8066,1699
8067,1383
8068,2004
8069,2009
8070,3177
8071,2004
8072,1632
8073,1231
8074,1183
8075,2057
8076,1276
8077,2058
8078,1976
8079,1344
8080,28628
8081,4363
8082,2469
8083,2320
8084,1960
8085,4674
8086,7947
8087,2372
8088,6033
8089,1799
8090,4306
8091,2557
8092,1822
8093,1814
8094,1616
8095,1606
8096,1768
8097,1235
8098,2304
8099,1963
8100,20679
8101,3907
8102,2390
8103,2131
8104,2004
8105,1962
8106,2018
8107,1799
8108,2350
8109,2027
8110,5117
8111,9062
8112,2339
8113,1815
8114,1844
8115,2246
8116,1652
8117,2184
8118,2687
8119,1577
8120,5073
8121,2062
8122,2322
8123,2701
8124,1786
8125,3966
8126,1588
8127,1728
8128,1635
8129,1516
8130,3776
8131,2499
8132,1659
8133,2122
8134,1523
8135,2145
8136,1391
8137,2365
8138,1666
8139,2141
8140,3080
8141,1943
8142,1425
8143,1292
8144,1928
8145,1545
8146,1495
8147,1390
8148,1345
8149,1231
8150,4756
8151,1972
8152,1563
8153,1422
8154,1140
8155,1687
8156,1498
8157,1392
8158,1433
8159,1240
8160,2732
8161,1841
8162,1335
8163,1369
8164,1149
8165,1625
8166,1892
8167,1664
8168,1442
8169,1209
8170,1845
8171,2104
8172,1455
8173,1444
8174,1259
8175,1566
8176,1324
8177,1578
8178,1371
8179,1250
8180,3003
8181,4271
8182,1796
8183,1401
8184,1864
8185,1718
8186,1632
8187,1298
8188,2441
8189,1449
8190,1926
8191,2534
8192,10163
8193,1807
8194,1525
8195,1602
8196,1321
8197,1095
8198,1182
8199,1608
8200,23424
8201,3521
8202,2571
8203,2383
8204,2479
8205,2444
8206,1910
8207,2056
8208,2313
8209,1562
8210,3936
8211,6833
8212,5510
8213,1871
8214,2124
8215,2119
8216,2427
8217,21408
8218,2024
8219,1324
8220,10825
8221,11056
8222,4277
8223,2824
8224,2220
8225,2534
8226,4546
8227,1902
8228,3165
8229,1454
8230,4605
8231,1926
8232,2558
8233,2073
8234,2078
8235,1686
8236,1426
8237,1457
8238,1440
8239,1434
8240,2708
8241,1552
8242,1648
8243,1677
8244,1734
8245,1809
8246,1692
8247,1764
8248,1735
8249,1444
8250,5676
8251,2093
8252,1935
8253,2032
8254,1768
8255,14507
8256,2170
8257,1370
8258,1723
8259,1503
8260,3530
8261,1600
8262,1710
8263,1734
8264,1608
8265,1786
8266,2123
8267,3191
8268,1387
8269,1295
8270,2690
8271,1544
8272,1973
8273,1482
8274,1653
8275,1745
8276,1456
8277,1741
8278,1742
8279,1280
8280,2451
8281,1894
8282,3597
8283,3236
8284,1694
8285,1396
8286,1688
8287,1511
8288,2473
8289,1434
8290,2055
8291,1445
8292,1791
8293,1559
8294,1588
8295,1634
8296,1532
8297,1200
8298,1154
8299,1814
8300,19745
8301,3792
8302,2515
8303,3589
8304,1523
8305,2065
8306,1849
8307,1400
8308,1600
8309,1563
8310,5697
8311,2794
8312,1984
8313,2406
8314,1436
8315,1687
8316,1548
8317,1450
8318,1505
8319,1250
8320,4691
8321,1675
8322,1935
8323,1691
8324,2007
8325,2464
8326,1698
8327,1446
8328,1355
8329,1308
8330,5628
8331,2180
8332,2544
8333,5765
8334,1327
8335,1595
8336,1806
8337,1456
8338,1796
8339,2830
8340,2169
8341,1899
8342,1286
8343,1639
8344,2401
8345,1683
8346,1662
8347,1526
8348,1487
8349,1340
8350,5709
8351,1489
8352,1601
8353,1708
8354,1256
8355,1732
8356,1710
8357,1170
8358,1400
8359,1277
8360,2631
8361,1435
8362,1430
8363,1459
8364,1481
8365,1604
8366,1582
8367,1738
8368,1282
8369,1246
8370,1979
8371,1972
8372,1521
8373,1430
8374,1144
8375,1655
8376,1451
8377,1920
8378,1590
8379,1584
8380,2216
8381,1304
8382,1561
8383,2927
8384,1657
8385,1510
8386,1181
8387,1978
8388,2083
8389,1482
8390,2213
8391,1303
8392,1599
8393,1343
8394,1233
8395,1631
8396,1269
8397,1212
8398,1452
8399,1682
8400,19096
8401,3839
8402,1841
8403,1439
8404,1930
8405,1682
8406,1606
8407,1495
8408,1784
8409,1230
8410,2098
8411,2506
8412,1663
8413,1325
8414,1740
8415,1682
8416,1383
8417,1782
8418,1619
8419,1353
8420,2217
8421,1741
8422,1748
8423,1497
8424,2454
8425,1863
8426,1301
8427,1502
8428,1387
8429,1060
8430,1962
8431,1650
8432,1677
8433,1756
8434,1636
8435,1596
8436,1332
8437,1228
8438,1090
8439,1649
8440,2786
8441,1528
8442,1832
8443,3722
8444,3956
8445,1888
8446,1642
8447,1408
8448,2565
8449,2057
8450,3606
8451,1943
8452,1791
8453,2181
8454,2252
8455,2067
8456,2526
8457,3644
8458,1714
8459,1578
8460,1800
8461,1544
8462,1648
8463,2079
8464,1485
8465,1284
8466,1599
8467,1295
8468,1159
8469,1127
8470,1705
8471,1705
8472,2760
8473,1350
8474,1330
8475,1209
8476,1328
8477,15978
8478,1556
8479,1218
8480,2067
8481,1420
8482,1557
8483,1444
8484,3141
8485,1618
8486,1425
8487,1325
8488,1843
8489,1371
8490,1564
8491,1333
8492,958
8493,1486
8494,1169
8495,1427
8496,1207
8497,1485
8498,1030
8499,3158
8500,35716
8501,5019
8502,2479
8503,1816
8504,2146
8505,2679
8506,1848
8507,1590
8508,1631
8509,1315
8510,3140
8511,2599
8512,2183
8513,1276
8514,1495
8515,2198
8516,1428
8517,1387
8518,1467
8519,1531
8520,6076
8521,1722
8522,2231
8523,1570
8524,1461
8525,3790
8526,1314
8527,1803
8528,1526
8529,1472
8530,3525
8531,1703
8532,1445
8533,1548
8534,1609
8535,1919
8536,1501
8537,1212
8538,1147
8539,1186
8540,5121
8541,2035
8542,2114
8543,2062
8544,2561
8545,2054
8546,1454
8547,1601
8548,1189
8549,1158
8550,4593
8551,1960
8552,1629
8553,1446
8554,1504
8555,4178
8556,1517
8557,1372
8558,2385
8559,1218
8560,3054
8561,1561
8562,1467
8563,1320
8564,1258
8565,1665
8566,1376
8567,1384
8568,1531
8569,1079
8570,3130
8571,1845
8572,1467
8573,1676
8574,1144
8575,1965
8576,926
8577,1855
8578,1273
8579,1247
8580,2272
8581,1587
8582,1839
8583,1865
8584,1327
8585,4288
8586,1901
8587,1499
8588,2094
8589,1233
8590,1863
8591,1384
8592,1540
8593,1132
8594,1354
8595,1866
8596,1070
8597,1035
8598,1205
8599,1461
8600,56075
8601,7503
8602,1731
8603,1716
8604,1622
8605,1797
8606,2377
8607,1236
8608,1585
8609,1784
8610,4183
8611,2435
8612,1434
8613,1222
8614,1337
8615,1765
8616,3712
8617,1245
8618,1384
8619,1386
8620,3465
8621,2331
8622,1748
8623,1438
8624,1545
8625,2833
8626,1399
8627,1390
8628,1827
8629,1265
8630,2004
8631,1211
8632,1306
8633,1678
8634,1157
8635,1504
8636,1443
8637,1034
8638,1389
8639,1843
8640,2700
8641,1411
8642,1399
8643,1333
8644,2123
8645,1308
8646,1460
8647,1172
8648,1877
8649,1609
8650,2869
8651,1279
8652,1319
8653,1222
8654,1246
8655,2062
8656,1716
8657,1291
8658,1278
8659,1090
8660,2535
8661,1961
8662,1366
8663,1410
8664,1870
8665,1614
8666,2302
8667,1866
8668,1864
8669,2187
8670,1906
8671,1298
8672,1374
8673,1164
8674,3852
8675,1373
8676,1544
8677,1630
8678,1406
8679,1039
8680,1852
8681,2495
8682,1537
8683,2356
8684,1344
8685,1493
8686,3386
8687,2732
8688,2614
8689,1189
8690,1983
8691,1481
8692,1338
8693,1449
8694,1049
8695,1379
8696,1534
8697,1115
8698,1147
8699,1415
8700,17070
8701,4066
8702,1694
8703,1770
8704,1500
8705,2267
8706,1826
8707,1945
8708,1890
8709,1226
8710,2436
8711,2734
8712,1776
8713,1091
8714,1166
8715,1478
8716,1390
8717,1485
8718,1202
8719,1191
8720,2285
8721,2094
8722,2871
8723,1594
8724,1560
8725,2090
8726,1436
8727,1578
8728,1195
8729,1198
8730,1933
8731,1427
8732,1450
8733,2402
8734,1477
8735,1841
8736,1504
8737,1507
8738,1210
8739,1237
8740,1932
8741,1950
8742,1906
8743,1049
8744,1650
8745,1303
8746,2334
8747,2252
8748,1226
8749,1692
8750,4172
8751,1646
8752,1362
8753,1833
8754,1151
8755,2268
8756,1257
8757,1377
8758,1206
8759,1161
8760,2970
8761,1134
8762,1338
8763,1085
8764,1025
8765,1865
8766,1594
8767,6092
8768,1091
8769,1000
8770,2363
8771,1669
8772,1671
8773,1345
8774,1224
8775,2557
8776,2544
8777,3596
8778,1792
8779,1225
8780,2195
8781,1153
8782,1449
8783,1276
8784,1259
8785,1325
8786,1305
8787,3387
8788,2062
8789,1338
8790,2004
8791,1297
8792,1151
8793,1073
8794,1317
8795,1534
8796,1154
8797,1372
8798,1097
8799,1781
8800,30944
8801,3598
8802,2754
8803,2074
8804,1951
8805,2004
8806,1641
8807,2037
8808,2549
8809,1869
8810,2909
8811,4191
8812,1864
8813,1291
8814,1643
8815,1701
8816,2044
8817,1760
8818,2022
8819,1336
8820,4102
8821,1992
8822,3844
8823,1566
8824,1699
8825,2110
8826,1443
8827,1348
8828,2101
8829,1634
8830,4353
8831,1930
8832,2078
8833,3155
8834,1320
8835,1513
8836,1195
8837,1418
8838,1598
8839,1313
8840,2540
8841,1398
8842,1413
8843,1738
8844,2783
8845,1440
8846,1427
8847,1180
8848,2631
8849,1575
8850,3668
8851,1534
8852,1443
8853,1438
8854,2690
8855,2832
8856,1425
8857,1644
8858,1897
8859,17079
8860,2592
8861,1840
8862,1592
8863,1805
8864,1153
8865,2364
8866,2676
8867,1299
8868,1823
8869,1595
8870,2200
8871,1786
8872,1724
8873,1911
8874,1260
8875,1491
8876,1951
8877,2592
8878,1858
8879,1813
8880,4495
8881,2576
8882,2276
8883,2212
8884,1888
8885,2327
8886,2007
8887,2023
8888,18966
8889,3076
8890,3128
8891,2027
8892,1430
8893,1277
8894,1178
8895,2379
8896,1218
8897,1178
8898,2089
8899,2542
8900,16349
8901,4325
8902,1907
8903,1905
8904,1689
8905,1380
8906,1373
8907,1260
8908,1428
8909,1672
8910,2976
8911,2310
8912,1464
8913,1216
8914,1236
8915,1352
8916,1354
8917,1288
8918,1077
8919,1408
8920,2244
8921,1352
8922,1690
8923,1156
8924,1637
8925,1670
8926,1129
8927,1082
8928,1142
8929,1305
8930,2099
8931,4558
8932,1157
8933,1321
8934,980
8935,1194
8936,1161
8937,1219
8938,3156
8939,1215
8940,2077
8941,1348
8942,1351
8943,1181
8944,1592
8945,1371
8946,1479
8947,1270
8948,1033
8949,2628
8950,3004
8951,1233
8952,1289
8953,1086
8954,1016
8955,1496
8956,1169
8957,889
8958,1150
8959,1204
8960,2023
8961,1154
8962,1634
8963,1052
8964,5173
8965,1264
8966,1291
8967,898
8968,1121
8969,4430
8970,1644
8971,1318
8972,1258
8973,1069
8974,1161
8975,1452
8976,1036
8977,1557
8978,993
8979,1310
8980,2174
8981,1491
8982,1122
8983,1400
8984,1273
8985,1388
8986,1497
8987,1264
8988,1762
8989,2882
8990,3126
8991,1240
8992,1298
8993,2122
8994,1491
8995,1973
8996,1439
8997,1200
8998,1908
8999,4119
9000,134140
9001,100030
9002,7436
9003,5916
9004,4759
9005,4123
9006,4160
9007,3159
9008,2555
9009,3826
9010,5463
9011,2833
9012,2441
9013,1574
9014,1937
9015,2422
9016,2201
9017,1534
9018,1783
9019,1458
9020,3962
9021,2004
9022,1622
9023,1846
9024,1937
9025,2035
9026,1699
9027,1476
9028,1316
9029,1351
9030,2709
9031,1735
9032,1801
9033,1899
9034,1316
9035,1754
9036,1685
9037,1508
9038,1396
9039,1521
9040,2604
9041,1800
9042,1577
9043,1174
9044,1333
9045,1847
9046,1289
9047,1068
9048,1254
9049,1181
9050,3812
9051,1381
9052,1780
9053,1146
9054,1533
9055,2118
9056,1211
9057,1062
9058,1108
9059,959
9060,5596
9061,1410
9062,1056
9063,1236
9064,1214
9065,1253
9066,4186
9067,1035
9068,1424
9069,1180
9070,2588
9071,1601
9072,1186
9073,1155
9074,1213
9075,1674
9076,1157
9077,1394
9078,1137
9079,1129
9080,2757
9081,1461
9082,1150
9083,1322
9084,1159
9085,1840
9086,1063
9087,1204
9088,1559
9089,1547
9090,6366
9091,1990
9092,1955
9093,1474
9094,1482
9095,1839
9096,1345
9097,1553
9098,1372
9099,2793
9100,17965
9101,4168
9102,1819
9103,1627
9104,1586
9105,1874
9106,1586
9107,1383
9108,1251
9109,1172
9110,3453
9111,5099
9112,1504
9113,1599
9114,1626
9115,1527
9116,1341
9117,1252
9118,1260
9119,1870
9120,2488
9121,1582
9122,1654
9123,1970
9124,1194
9125,2076
9126,1672
9127,1409
9128,3773
9129,1093
9130,2153
9131,2393
9132,1506
9133,1517
9134,1157
9135,1312
9136,1352
9137,1284
9138,1026
9139,1126
9140,2677
9141,1974
9142,1129
9143,1020
9144,2319
9145,1312
9146,1131
9147,1191
9148,1098
9149,1534
9150,3766
9151,1686
9152,1105
9153,1314
9154,926
9155,2033
9156,944
9157,944
9158,980
9159,1046
9160,1799
9161,1569
9162,1364
9163,970
9164,923
9165,1998
9166,1500
9167,1595
9168,1197
9169,977
9170,1648
9171,1420
9172,1125
9173,1103
9174,954
9175,1316
9176,901
9177,1197
9178,1073
9179,1018
9180,1885
9181,1571
9182,1332
9183,866
9184,1522
9185,1195
9186,1072
9187,1072
9188,1454
9189,1177
9190,1901
9191,3112
9192,1608
9193,1958
9194,1215
9195,1425
9196,1152
9197,1133
9198,1335
9199,1849
9200,18034
9201,2874
9202,2103
9203,2316
9204,1424
9205,2040
9206,1391
9207,1289
9208,2307
9209,1484
9210,2534
9211,2783
9212,2023
9213,1385
9214,1426
9215,1611
9216,1792
9217,1422
9218,1181
9219,1435
9220,3043
9221,2147
9222,3768
9223,1806
9224,1684
9225,2298
9226,1525
9227,1872
9228,1490
9229,1848
9230,2161
9231,1620
9232,1575
9233,1580
9234,1305
9235,1495
9236,1163
9237,1394
9238,1296
9239,1479
9240,2216
9241,2216
9242,1818
9243,1410
9244,1661
9245,1252
9246,1379
9247,1612
9248,1284
9249,1194
9250,4528
9251,1967
9252,1944
9253,1247
9254,1011
9255,2215
9256,1212
9257,1671
9258,1507
9259,948
9260,2117
9261,1736
9262,2368
9263,1062
9264,1393
9265,1609
9266,1831
9267,1482
9268,1558
9269,1356
9270,1762
9271,1341
9272,1601
9273,1294
9274,1125
9275,1428
9276,1520
9277,1607
9278,1433
9279,1158
9280,2131
9281,1600
9282,1772
9283,1849
9284,1495
9285,1431
9286,1433
9287,1108
9288,1473
9289,1179
9290,2977
9291,1828
9292,3503
9293,1662
9294,1361
9295,1549
9296,1302
9297,1276
9298,1312
9299,1939
9300,18199
9301,2664
9302,1477
9303,1817
9304,1513
9305,1653
9306,1176
9307,1178
9308,1256
9309,1144
9310,2854
9311,2167
9312,1378
9313,1425
9314,1393
9315,1511
9316,1082
9317,1125
9318,1201
9319,1338
9320,2993
9321,1756
9322,1716
9323,1304
9324,1220
9325,1726
9326,2343
9327,1350
9328,1656
9329,1412
9330,2786
9331,1914
9332,1362
9333,3726
9334,1190
9335,2038
9336,1642
9337,1414
9338,1390
9339,1821
9340,2135
9341,1389
9342,1118
9343,1914
9344,1653
9345,1426
9346,1218
9347,1456
9348,1167
9349,1718
9350,3548
9351,2571
9352,1051
9353,1405
9354,1083
9355,2647
9356,1188
9357,1145
9358,1075
9359,1036
9360,3916
9361,1370
9362,1381
9363,1350
9364,1334
9365,1236
9366,1238
9367,1221
9368,1131
9369,1300
9370,2664
9371,1333
9372,1256
9373,1264
9374,1029
9375,2563
9376,1468
9377,1304
9378,2006
9379,828
9380,2509
9381,1491
9382,1258
9383,1529
9384,1401
9385,1931
9386,1249
9387,1174
9388,1746
9389,1183
9390,1579
9391,1365
9392,1298
9393,2527
9394,1422
9395,1242
9396,1103
9397,1719
9398,1126
9399,2002
9400,14134
9401,2464
9402,1342
9403,1622
9404,1835
9405,1561
9406,1355
9407,1245
9408,1204
9409,1294
9410,2460
9411,2221
9412,1364
9413,1185
9414,1416
9415,1820
9416,1526
9417,1727
9418,1238
9419,1548
9420,2118
9421,1425
9422,1811
9423,1242
9424,1551
9425,1582
9426,1077
9427,1212
9428,1323
9429,1256
9430,2050
9431,1393
9432,1307
9433,1733
9434,1263
9435,1259
9436,1085
9437,1142
9438,1224
9439,1321
9440,2487
9441,1514
9442,1545
9443,1538
9444,2767
9445,1822
9446,1192
9447,1149
9448,1235
9449,1424
9450,2860
9451,1555
9452,1292
9453,1749
9454,1315
9455,1666
9456,1188
9457,1282
9458,991
9459,1030
9460,1702
9461,1311
9462,1186
9463,2855
9464,1544
9465,1513
9466,1502
9467,1457
9468,1086
9469,1095
9470,1711
9471,1062
9472,1028
9473,1515
9474,2154
9475,1302
9476,990
9477,1722
9478,1178
9479,1363
9480,1517
9481,1252
9482,988
9483,892
9484,1200
9485,1119
9486,1087
9487,1013
9488,1336
9489,1128
9490,1745
9491,1192
9492,1157
9493,991
9494,2555
9495,1552
9496,1205
9497,1069
9498,1100
9499,1733
9500,28424
9501,2992
9502,1930
9503,1836
9504,1845
9505,2287
9506,1198
9507,1285
9508,1408
9509,1313
9510,2301
9511,1728
9512,1161
9513,1720
9514,1624
9515,1805
9516,1411
9517,1284
9518,1208
9519,1172
9520,2230
9521,1999
9522,1559
9523,1570
9524,1303
9525,3472
9526,1179
9527,1355
9528,1151
9529,1561
9530,2826
9531,1421
9532,1030
9533,1423
9534,1212
9535,1437
9536,2168
9537,1098
9538,944
9539,992
9540,1775
9541,2350
9542,1071
9543,1202
9544,1307
9545,1744
9546,1276
9547,1003
9548,1106
9549,886
9550,5327
9551,1541
9552,1472
9553,1286
9554,1208
9555,4193
9556,1181
9557,1393
9558,1155
9559,1845
9560,2688
9561,1152
9562,1015
9563,986
9564,1251
9565,1376
9566,1536
9567,1520
9568,1943
9569,1251
9570,2025
9571,1262
9572,1138
9573,886
9574,980
9575,2437
9576,858
9577,1108
9578,894
9579,929
9580,2002
9581,1170
9582,934
9583,1063
9584,1123
9585,1527
9586,900
9587,943
9588,1209
9589,905
9590,2257
9591,1142
9592,1207
9593,938
9594,1174
9595,3770
9596,1492
9597,1054
9598,1230
9599,1600
9600,30161
9601,2904
9602,1700
9603,1558
9604,1687
9605,1521
9606,2120
9607,1814
9608,1337
9609,1358
9610,2245
9611,2268
9612,1361
9613,1552
9614,1154
9615,1343
9616,1165
9617,1140
9618,1157
9619,1112
9620,2211
9621,1276
9622,3225
9623,1359
9624,1179
9625,1572
9626,1556
9627,957
9628,921
9629,1273
9630,2879
9631,1213
9632,1207
9633,1424
9634,1014
9635,1343
9636,1278
9637,1361
9638,1053
9639,1350
9640,1411
9641,1386
9642,1707
9643,1030
9644,1313
9645,1491
9646,1514
9647,1460
9648,1144
9649,999
9650,4686
9651,1370
9652,1167
9653,1247
9654,1462
9655,1515
9656,1161
9657,1094
9658,1518
9659,1022
9660,3751
9661,1399
9662,4035
9663,2481
9664,1217
9665,1375
9666,1728
9667,1450
9668,1174
9669,1408
9670,2165
9671,1016
9672,1265
9673,1413
9674,1246
9675,2039
9676,1090
9677,1226
9678,897
9679,1097
9680,1386
9681,1220
9682,1051
9683,1042
9684,990
9685,1247
9686,1627
9687,1056
9688,1380
9689,1083
9690,1803
9691,1209
9692,1031
9693,1003
9694,957
9695,1201
9696,2819
9697,1524
9698,1228
9699,1892
9700,20661
9701,2392
9702,1418
9703,1252
9704,1261
9705,1408
9706,1438
9707,1748
9708,1190
9709,1524
9710,2200
9711,2392
9712,1773
9713,1270
9714,2111
9715,1399
9716,1321
9717,1142
9718,960
9719,934
9720,2224
9721,1608
9722,1517
9723,1162
9724,1192
9725,1604
9726,1217
9727,1333
9728,1272
9729,1510
9730,1536
9731,1108
9732,1186
9733,1296
9734,1591
9735,1290
9736,1032
9737,1235
9738,1019
9739,1097
9740,1658
9741,1280
9742,1178
9743,1429
9744,1440
9745,1244
9746,991
9747,1287
9748,996
9749,993
9750,3173
9751,1266
9752,1034
9753,1037
9754,1083
9755,1752
9756,1164
9757,1127
9758,998
9759,840
9760,1405
9761,1050
9762,1082
9763,1050
9764,981
9765,976
9766,1116
9767,1252
9768,986
9769,953
9770,2054
9771,1380
9772,1210
9773,1074
9774,1105
9775,1477
9776,1138
9777,3085
9778,1342
9779,1367
9780,3524
9781,1166
9782,883
9783,955
9784,921
9785,1736
9786,1106
9787,1235
9788,1360
9789,1180
9790,2726
9791,1128
9792,1355
9793,950
9794,905
9795,1183
9796,1698
9797,2662
9798,1458
9799,1893
9800,21673
9801,2752
9802,2229
9803,1300
9804,1280
9805,1330
9806,1291
9807,1127
9808,1426
9809,1087
9810,4713
9811,1632
9812,1138
9813,1163
9814,1031
9815,1363
9816,1141
9817,1124
9818,1502
9819,1131
9820,2656
9821,1414
9822,2545
9823,1022
9824,1204
9825,1773
9826,1276
9827,1164
9828,1372
9829,1166
9830,1782
9831,1180
9832,1353
9833,1500
9834,1215
9835,1425
9836,1176
9837,904
9838,1166
9839,1075
9840,2177
9841,1591
9842,1301
9843,1205
9844,1452
9845,1544
9846,1137
9847,961
9848,1162
9849,1028
9850,4026
9851,1140
9852,1204
9853,1672
9854,1053
9855,1468
9856,987
9857,1570
9858,1250
9859,1061
9860,2457
9861,1443
9862,992
9863,829
9864,1076
9865,1136
9866,1284
9867,999
9868,1220
9869,1134
9870,1492
9871,1157
9872,1107
9873,913
9874,943
9875,1428
9876,2203
9877,1734
9878,1217
9879,1163
9880,2395
9881,1156
9882,1361
9883,1054
9884,1011
9885,1409
9886,1029
9887,1680
9888,3395
9889,1751
9890,1846
9891,1037
9892,905
9893,843
9894,934
9895,3237
9896,1053
9897,956
9898,2835
9899,2237
9900,20531
9901,2536
9902,1840
9903,2072
9904,2065
9905,2108
9906,1336
9907,1082
9908,1341
9909,1715
9910,2347
9911,2643
9912,1685
9913,1653
9914,1155
9915,1410
9916,1051
9917,1394
9918,1346
9919,1738
9920,2286
9921,1483
9922,2131
9923,1535
9924,1197
9925,2728
9926,1927
9927,1157
9928,1147
9929,1497
9930,4090
9931,1190
9932,1226
9933,2499
9934,1064
9935,1265
9936,1038
9937,1147
9938,1168
9939,1598
9940,1911
9941,1008
9942,941
9943,956
9944,1847
9945,1365
9946,1042
9947,998
9948,1003
9949,1462
9950,3036
9951,1469
9952,1114
9953,1188
9954,1164
9955,2162
9956,1119
9957,957
9958,1110
9959,1210
9960,3963
9961,1122
9962,892
9963,1048
9964,1322
9965,1891
9966,2291
9967,1061
9968,1246
9969,1492
9970,1740
9971,1576
9972,1278
9973,1284
9974,998
9975,1577
9976,1060
9977,1894
9978,1306
9979,1353
9980,2227
9981,2045
9982,1309
9983,1212
9984,1536
9985,1378
9986,1173
9987,1237
9988,2943
9989,1532
9990,3803
9991,2935
9992,2099
9993,2334
9994,2317
9995,3987
9996,2115
9997,2863
9998,3468
9999,36840
10000,115853
