number,count
0,330212452
1,356602890
2,257777524
3,201465264
4,170245278
5,180877470
6,124950335
7,114632707
8,113221525
9,95530181
10,129515938
11,75245173
12,85379711
13,48714784
14,48801562
15,58274835
16,48002834
17,41743499
18,45268100
19,40679711
20,61506741
21,35685447
22,55908676
23,31745622
24,40023829
25,42669715
26,28245139
27,27545970
28,28896091
29,26622961
30,54900304
31,23001036
32,16136978
33,12842842
34,13256305
35,15660436
36,13157026
37,12538498
38,11290406
39,13844236
40,23554407
41,10494800
42,11246108
43,9759737
44,12021918
45,14893001
46,9659898
47,9076546
48,11380505
49,11358778
50,37324677
51,9042112
52,9638166
53,8307372
54,8983136
55,10670783
56,8724559
57,7852330
58,8308126
59,8944740
60,15468842
61,5126583
62,4969968
63,4951042
64,7479556
65,7042117
66,5334431
67,4582803
68,4617204
69,4876439
70,10796497
71,4342031
72,5574504
73,4012811
74,4450320
75,10191112
76,4216130
77,4323303
78,4254373
79,4570690
80,11376450
81,4117641
82,4209491
83,4058455
84,4268762
85,5973093
86,4090512
87,3801388
88,4687389
89,4356977
90,11619472
91,4365860
92,4299951
93,3959163
94,4055395
95,10394186
96,4557280
97,4641971
98,5134296
99,19366709
100,40223798
101,3974090
102,2985872
103,2399473
104,2784001
105,2786085
106,2490200
107,2067455
108,2366045
109,2117517
110,4284033
111,2323342
112,2386820
113,1929738
114,2106236
115,2387922
116,1990270
117,2032562
118,1947936
119,1974831
120,5433207
121,1925612
122,2078837
123,2281533
124,1876956
125,3360605
126,1647155
127,1659005
128,2010280
129,1517897
130,2788195
131,1277475
132,1408904
133,1246416
134,1298227
135,1731335
136,1244867
137,1127407
138,1200276
139,1315189
140,2637822
141,1202211
142,1176711
143,1127895
144,1344492
145,1388675
146,1088276
147,1108950
148,1110645
149,1446257
150,6731358
151,1177927
152,1187639
153,1029237
154,1084702
155,1316608
156,1119024
157,990726
158,1019392
159,1145788
160,3954298
161,1054184
162,1139330
163,1028466
164,1058987
165,1321787
166,993052
167,1017685
168,1352836
169,1098908
170,1759069
171,940803
172,1075943
173,919497
174,1013099
175,1841782
176,957340
177,957958
178,1087009
179,1089825
180,2863406
181,893409
182,999609
183,1105543
184,943524
185,1175574
186,864855
187,967261
188,928745
189,1176635
190,1815129
191,817783
192,1362259
193,799928
194,833474
195,1138339
196,891821
197,803899
198,897013
199,1416525
200,11937333
201,3223705
202,1765371
203,1451465
204,1344817
205,1435354
206,1373268
207,1160004
208,1414413
209,1123835
210,2186524
211,993450
212,1482127
213,1134119
214,1188422
215,1375301
216,1309967
217,1096045
218,1008464
219,961523
220,2074183
221,928964
222,1387362
223,922267
224,1067184
225,1541294
226,925371
227,891819
228,952680
229,974878
230,1585771
231,964741
232,996500
233,952301
234,926356
235,1057523
236,848921
237,761827
238,796044
239,948405
240,2119904
241,791283
242,805378
243,799255
244,859300
245,950864
246,802504
247,868010
248,968060
249,988362
250,6373479
251,887457
252,928715
253,886568
254,889663
255,2726070
256,1154274
257,726094
258,589287
259,667325
260,1208315
261,591478
262,729268
263,610418
264,853495
265,827518
266,632673
267,718863
268,593615
269,737594
270,1256809
271,573592
272,658897
273,630924
274,581124
275,977430
276,640369
277,605000
278,549778
279,669776
280,1148420
281,777805
282,586439
283,591880
284,554193
285,728538
286,574633
287,536606
288,632708
289,636252
290,836728
291,508063
292,545926
293,532612
294,511515
295,754608
296,522908
297,567375
298,555842
299,952345
300,9875398
301,1213401
302,1058294
303,956738
304,1286105
305,980343
306,763774
307,690791
308,804594
309,691107
310,1484100
311,635713
312,898557
313,716594
314,709306
315,947480
316,891312
317,732149
318,660120
319,671234
320,1632712
321,700470
322,591123
323,721022
324,605821
325,958020
326,556424
327,548951
328,558136
329,584191
330,1241368
331,537298
332,552477
333,1885919
334,629541
335,658971
336,679206
337,547971
338,583311
339,556363
340,932487
341,537523
342,507606
343,505942
344,510191
345,720568
346,482820
347,554168
348,556436
349,750645
350,3230884
351,556938
352,668725
353,534361
354,474166
355,596481
356,542711
357,521057
358,490972
359,526592
360,3282980
361,565151
362,476676
363,467583
364,473101
365,1549906
366,475537
367,491499
368,490635
369,474062
370,758435
371,449460
372,474855
373,442423
374,437969
375,991253
376,445943
377,430019
378,425385
379,500216
380,833461
381,447460
382,439182
383,422792
384,495742
385,554967
386,508610
387,426783
388,434127
389,459434
390,637352
391,411542
392,415534
393,391344
394,398646
395,595390
396,408896
397,388937
398,423287
399,745903
400,7573672
401,1059789
402,721862
403,682349
404,1003535
405,748750
406,665289
407,639298
408,678614
409,539628
410,1089134
411,532153
412,720101
413,535482
414,662084
415,792729
416,627610
417,522577
418,460329
419,542370
420,1032533
421,459888
422,499813
423,508910
424,531964
425,803919
426,446438
427,466674
428,476792
429,466787
430,776922
431,441128
432,522190
433,445917
434,495993
435,568022
436,411772
437,394666
438,455668
439,407235
440,868508
441,412841
442,437129
443,545684
444,578987
445,486697
446,379724
447,400114
448,403375
449,507067
450,2102981
451,464069
452,404519
453,423136
454,532502
455,528719
456,414640
457,386783
458,401645
459,386271
460,854965
461,404179
462,413069
463,373407
464,375456
465,469302
466,383937
467,356285
468,370420
469,436828
470,609540
471,366095
472,394080
473,421619
474,356811
475,589839
476,386771
477,372182
478,396468
479,421833
480,1084531
481,354432
482,372520
483,359205
484,426046
485,488241
486,363504
487,351922
488,490626
489,371633
490,559237
491,346058
492,351224
493,336964
494,356112
495,609490
496,356738
497,346428
498,401642
499,774511
500,13538440
501,895291
502,631034
503,600438
504,636040
505,643598
506,507017
507,435279
508,577209
509,511388
510,900364
511,415596
512,898876
513,566919
514,468818
515,535534
516,509014
517,423566
518,483144
519,424423
520,814917
521,408759
522,426652
523,354778
524,389674
525,611038
526,367497
527,367644
528,383548
529,396956
530,806706
531,377237
532,398202
533,397187
534,381079
535,443799
536,356560
537,370766
538,342503
539,356858
540,735923
541,481409
542,335465
543,342071
544,355375
545,391548
546,339642
547,325321
548,344412
549,387228
550,1342687
551,428111
552,375838
553,323634
554,336557
555,541555
556,327970
557,293461
558,311975
559,384750
560,626295
561,444616
562,422314
563,363509
564,323343
565,366440
566,307225
567,327971
568,308822
569,311210
570,658888
571,382875
572,297923
573,387407
574,397249
575,497139
576,329048
577,331988
578,284194
579,321477
580,629490
581,320731
582,295575
583,307430
584,301206
585,450614
586,345228
587,337604
588,331083
589,306845
590,457782
591,289866
592,292497
593,292712
594,299412
595,439416
596,287934
597,277151
598,302810
599,565485
600,5227036
601,606050
602,551821
603,522744
604,577639
605,465700
606,480231
607,402505
608,460431
609,512568
610,740671
611,323165
612,519155
613,430773
614,454978
615,535678
616,434910
617,470744
618,419311
619,438405
620,942873
621,354671
622,352329
623,363861
624,348219
625,640802
626,479785
627,314718
628,309057
629,325312
630,712539
631,439576
632,346832
633,324192
634,312303
635,363835
636,364277
637,289523
638,313878
639,332495
640,1004472
641,341993
642,479346
643,302234
644,320813
645,365407
646,400261
647,346477
648,331643
649,386989
650,1556805
651,383190
652,298334
653,278184
654,340318
655,341445
656,298298
657,286603
658,276229
659,291933
660,630595
661,394075
662,403712
663,279369
664,293799
665,326580
666,1038244
667,520006
668,282289
669,309424
670,521876
671,511494
672,279662
673,279397
674,268025
675,411204
676,280566
677,263581
678,380109
679,339104
680,516025
681,303737
682,374758
683,289825
684,268610
685,313244
686,296589
687,275518
688,294443
689,282276
690,399549
691,283659
692,275917
693,261295
694,256054
695,383577
696,287411
697,254019
698,275998
699,467576
700,4375248
701,518743
702,554147
703,500232
704,516109
705,431766
706,442230
707,501757
708,417767
709,402185
710,514871
711,338147
712,408906
713,449310
714,495806
715,465571
716,387778
717,428638
718,470425
719,403123
720,827041
721,302228
722,343182
723,285155
724,401038
725,412793
726,290172
727,402144
728,469535
729,315623
730,479096
731,320336
732,445113
733,310950
734,348283
735,314963
736,298601
737,415591
738,268272
739,288997
740,511504
741,279380
742,279094
743,261765
744,305799
745,316921
746,264048
747,362222
748,279014
749,335324
750,2028775
751,290703
752,282730
753,275624
754,276839
755,343737
756,265594
757,409763
758,258976
759,264867
760,659793
761,257652
762,272369
763,303905
764,294075
765,361573
766,242219
767,321148
768,462989
769,260004
770,585568
771,262147
772,334637
773,380050
774,288541
775,479030
776,258210
777,662297
778,332071
779,263124
780,525352
781,380201
782,264614
783,241363
784,348151
785,350049
786,324052
787,392718
788,269898
789,267663
790,349345
791,310318
792,261923
793,228330
794,232118
795,352908
796,241273
797,252814
798,240323
799,445728
800,6257888
801,542151
802,1009411
803,401484
804,412025
805,457712
806,339214
807,285282
808,522551
809,289224
810,619946
811,288028
812,412254
813,521717
814,365382
815,408244
816,385739
817,370007
818,384113
819,294780
820,456601
821,270036
822,296161
823,268659
824,269666
825,370190
826,264511
827,255549
828,425388
829,278008
830,443135
831,310530
832,456903
833,319790
834,243022
835,297944
836,245068
837,241127
838,249336
839,252711
840,508665
841,259216
842,252922
843,399646
844,593062
845,450946
846,246777
847,385348
848,273264
849,276403
850,1122283
851,238344
852,287785
853,244112
854,284760
855,584587
856,332078
857,249284
858,323808
859,308706
860,576880
861,249677
862,244346
863,295466
864,367297
865,339153
866,793229
867,245603
868,264542
869,231483
870,427088
871,245214
872,257800
873,211348
874,230272
875,455210
876,267419
877,748842
878,215995
879,225030
880,419086
881,249042
882,242977
883,271949
884,237116
885,298906
886,235124
887,234363
888,2099024
889,238362
890,346843
891,220795
892,214427
893,216395
894,517272
895,332536
896,229483
897,206008
898,242267
899,373373
900,3503434
901,421778
902,391130
903,355235
904,383232
905,408552
906,295432
907,360265
908,348346
909,356993
910,510905
911,865191
912,355568
913,285569
914,333061
915,333563
916,384349
917,328829
918,333767
919,376493
920,606799
921,245400
922,266915
923,221522
924,260903
925,786183
926,235912
927,207223
928,306470
929,286501
930,344258
931,289889
932,232315
933,365141
934,211676
935,261280
936,259320
937,335689
938,232824
939,241920
940,373177
941,331733
942,219319
943,212375
944,259001
945,282782
946,241300
947,215075
948,226572
949,373939
950,841692
951,306156
952,287776
953,210129
954,437837
955,261545
956,285857
957,194658
958,184667
959,215133
960,505823
961,206241
962,216828
963,205099
964,250403
965,248271
966,235518
967,218332
968,231012
969,217422
970,724886
971,286345
972,768759
973,376167
974,215413
975,317208
976,214484
977,227718
978,2524656
979,256436
980,445873
981,223103
982,205633
983,187161
984,224856
985,302854
986,211207
987,228602
988,266704
989,289011
990,888879
991,361372
992,253300
993,250637
994,229216
995,760877
996,261462
997,339586
998,344440
999,1518995
1000,5432939
1001,471339
1002,426979
1003,147224
1004,152847
1005,152162
1006,148675
1007,632163
1008,133416
1009,103971
1010,274317
1011,147320
1012,151061
1013,118084
1014,130163
1015,150616
1016,1094686
1017,161448
1018,118004
1019,98381
1020,228350
1021,226910
1022,106182
1023,125788
1024,656377
1025,116420
1026,89128
1027,86702
1028,79420
1029,112771
1030,146728
1031,110432
1032,77948
1033,98753
1034,71832
1035,87221
1036,71076
1037,88105
1038,276001
1039,118305
1040,205902
1041,79960
1042,89287
1043,73009
1044,83913
1045,108822
1046,90327
1047,67079
1048,67723
1049,82508
1050,271259
1051,86884
1052,68468
1053,77967
1054,70114
1055,94907
1056,94248
1057,68423
1058,62711
1059,61615
1060,157630
1061,71488
1062,65068
1063,131003
1064,72482
1065,74436
1066,113934
1067,73493
1068,68514
1069,60346
1070,136722
1071,70811
1072,99152
1073,131694
1074,104899
1075,89696
1076,67487
1077,104460
1078,73659
1079,74508
1080,621509
1081,89246
1082,73109
1083,93459
1084,92595
1085,89942
1086,120503
1087,65536
1088,128255
1089,106737
1090,122180
1091,76927
1092,64454
1093,221055
1094,63435
1095,97955
1096,71710
1097,160986
1098,104327
1099,211207
1100,767763
1101,163847
1102,113479
1103,146525
1104,107897
1105,99857
1106,89309
1107,90219
1108,99057
1109,239458
1110,145770
1111,405670
1112,102455
1113,87583
1114,79161
1115,143325
1116,84599
1117,160664
1118,80191
1119,71306
1120,131160
1121,92155
1122,87097
1123,74026
1124,72648
1125,98445
1126,115171
1127,65784
1128,122122
1129,59747
1130,127695
1131,77680
1132,66536
1133,65526
1134,72925
1135,73870
1136,123306
1137,60686
1138,59053
1139,71765
1140,109766
1141,64814
1142,69718
1143,59958
1144,80973
1145,94812
1146,67447
1147,52534
1148,56921
1149,65097
1150,176041
1151,79356
1152,108411
1153,54738
1154,58187
1155,139367
1156,68057
1157,64375
1158,90084
1159,71002
1160,84607
1161,94451
1162,66693
1163,75761
1164,56313
1165,61313
1166,52712
1167,58635
1168,50945
1169,53154
1170,83231
1171,60384
1172,66639
1173,55582
1174,49303
1175,81264
1176,62928
1177,127010
1178,50436
1179,56992
1180,83437
1181,59548
1182,68927
1183,55235
1184,58291
1185,61357
1186,194063
1187,50452
1188,59433
1189,60172
1190,82866
1191,58259
1192,57650
1193,49547
1194,60936
1195,65516
1196,51965
1197,50030
1198,58057
1199,105577
1200,1501391
1201,130353
1202,117417
1203,77314
1204,96785
1205,85775
1206,94356
1207,81565
1208,80464
1209,72899
1210,137049
1211,85111
1212,117298
1213,80598
1214,77635
1215,93894
1216,77099
1217,62092
1218,66819
1219,62845
1220,121292
1221,85705
1222,81749
1223,101516
1224,77453
1225,94347
1226,65823
1227,64875
1228,58804
1229,63110
1230,103827
1231,66128
1232,59928
1233,60675
1234,157217
1235,69101
1236,60570
1237,53126
1238,53355
1239,54542
1240,92277
1241,58674
1242,83781
1243,56431
1244,60280
1245,76725
1246,58408
1247,65998
1248,69142
1249,74524
1250,269898
1251,65139
1252,84374
1253,60664
1254,60098
1255,65494
1256,56958
1257,54671
1258,52609
1259,51417
1260,107780
1261,55172
1262,48912
1263,50701
1264,64574
1265,54990
1266,50133
1267,51073
1268,48345
1269,44748
1270,74172
1271,53660
1272,55505
1273,61446
1274,55771
1275,80834
1276,51213
1277,48096
1278,46918
1279,56025
1280,327875
1281,52228
1282,51061
1283,49573
1284,56629
1285,58761
1286,44901
1287,48676
1288,52207
1289,47789
1290,77199
1291,57764
1292,51073
1293,49229
1294,46115
1295,75720
1296,58153
1297,49996
1298,61228
1299,103132
1300,639345
1301,131855
1302,95766
1303,72197
1304,77124
1305,78184
1306,67800
1307,64170
1308,68549
1309,62271
1310,108423
1311,69803
1312,78654
1313,71675
1314,71129
1315,72872
1316,60455
1317,56633
1318,58237
1319,52530
1320,117997
1321,60601
1322,61423
1323,57288
1324,57971
1325,81229
1326,66492
1327,55738
1328,51856
1329,51584
1330,88932
1331,62228
1332,66302
1333,104361
1334,56181
1335,72071
1336,48998
1337,185711
1338,47187
1339,47865
1340,83733
1341,58920
1342,52828
1343,52866
1344,56884
1345,62591
1346,58071
1347,49755
1348,51739
1349,56714
1350,174237
1351,57160
1352,55156
1353,56335
1354,48496
1355,56269
1356,46073
1357,43123
1358,41323
1359,44864
1360,77871
1361,66049
1362,46742
1363,45574
1364,83855
1365,106631
1366,95168
1367,50861
1368,54145
1369,44732
1370,62339
1371,236756
1372,53874
1373,51192
1374,43414
1375,59971
1376,46092
1377,47797
1378,46780
1379,45314
1380,79852
1381,56357
1382,49084
1383,47175
1384,48432
1385,51639
1386,46651
1387,43724
1388,56829
1389,46822
1390,78418
1391,45449
1392,54116
1393,43436
1394,113264
1395,70911
1396,51060
1397,52211
1398,51769
1399,77473
1400,508705
1401,104494
1402,79662
1403,64605
1404,73886
1405,68442
1406,62953
1407,58263
1408,64554
1409,61091
1410,99406
1411,71941
1412,68934
1413,54724
1414,78063
1415,78742
1416,54286
1417,53078
1418,56335
1419,55028
1420,98676
1421,55960
1422,59742
1423,53431
1424,55467
1425,68198
1426,49107
1427,46359
1428,50809
1429,53689
1430,84613
1431,53965
1432,57589
1433,53932
1434,54494
1435,64273
1436,50553
1437,48423
1438,47565
1439,52813
1440,192875
1441,62512
1442,51532
1443,49726
1444,51473
1445,53351
1446,45362
1447,45134
1448,44725
1449,46425
1450,141687
1451,52065
1452,54256
1453,61485
1454,45198
1455,58993
1456,47116
1457,44203
1458,45149
1459,42913
1460,81774
1461,52748
1462,50049
1463,45561
1464,47959
1465,49119
1466,43892
1467,53990
1468,48204
1469,54893
1470,61532
1471,96528
1472,57725
1473,48872
1474,53400
1475,67033
1476,48619
1477,48919
1478,40820
1479,41966
1480,67191
1481,43778
1482,49432
1483,54241
1484,45111
1485,57698
1486,41551
1487,37967
1488,44344
1489,43780
1490,61633
1491,52215
1492,75394
1493,49573
1494,53917
1495,64590
1496,40345
1497,44506
1498,43891
1499,124980
1500,2356387
1501,108829
1502,79741
1503,69336
1504,81281
1505,70653
1506,67354
1507,56398
1508,64343
1509,64855
1510,98323
1511,67145
1512,71732
1513,59578
1514,64502
1515,110003
1516,66265
1517,60908
1518,52768
1519,64624
1520,138467
1521,73055
1522,60510
1523,71316
1524,63922
1525,88493
1526,57980
1527,52964
1528,51779
1529,52536
1530,97257
1531,54813
1532,55603
1533,50495
1534,52366
1535,67579
1536,88432
1537,47389
1538,60860
1539,50962
1540,91855
1541,56368
1542,59047
1543,53185
1544,45440
1545,69287
1546,51983
1547,71085
1548,48736
1549,50925
1550,134007
1551,51571
1552,50518
1553,54044
1554,50184
1555,65895
1556,50512
1557,50831
1558,56152
1559,48267
1560,91959
1561,48768
1562,45818
1563,44864
1564,64004
1565,54957
1566,45616
1567,41836
1568,47473
1569,47957
1570,67456
1571,49419
1572,49739
1573,52618
1574,44630
1575,64176
1576,42895
1577,48046
1578,40066
1579,40667
1580,65809
1581,49314
1582,59331
1583,48511
1584,47653
1585,55453
1586,45757
1587,43004
1588,57164
1589,41055
1590,75931
1591,45704
1592,49545
1593,45799
1594,48640
1595,55866
1596,47328
1597,42151
1598,50758
1599,76747
1600,840488
1601,99728
1602,76982
1603,111672
1604,97508
1605,79844
1606,75422
1607,75184
1608,70536
1609,64821
1610,102101
1611,79790
1612,70689
1613,57064
1614,58814
1615,68038
1616,80836
1617,55955
1618,57304
1619,60883
1620,106437
1621,64761
1622,62031
1623,62275
1624,58270
1625,79527
1626,66500
1627,48536
1628,55598
1629,50930
1630,84020
1631,54097
1632,63896
1633,58649
1634,59556
1635,66511
1636,54815
1637,51433
1638,62786
1639,64819
1640,101147
1641,63601
1642,72101
1643,66885
1644,62016
1645,58200
1646,49193
1647,53680
1648,71457
1649,62375
1650,164822
1651,55865
1652,52938
1653,51961
1654,53335
1655,56784
1656,54797
1657,64679
1658,47753
1659,48060
1660,116204
1661,62077
1662,55661
1663,50172
1664,55900
1665,58390
1666,67808
1667,55035
1668,46929
1669,47985
1670,71077
1671,48895
1672,51119
1673,46703
1674,55462
1675,64656
1676,51138
1677,46282
1678,46361
1679,50423
1680,106031
1681,54589
1682,52126
1683,52356
1684,50739
1685,68625
1686,49731
1687,48595
1688,63554
1689,63288
1690,76193
1691,51526
1692,60828
1693,49171
1694,50221
1695,61364
1696,46732
1697,47469
1698,48083
1699,80172
1700,461518
1701,105770
1702,84263
1703,70538
1704,73624
1705,72540
1706,107813
1707,70320
1708,66488
1709,72759
1710,95766
1711,69029
1712,80960
1713,57799
1714,68721
1715,77962
1716,58800
1717,75214
1718,62268
1719,58125
1720,99652
1721,70709
1722,67573
1723,62970
1724,61925
1725,73040
1726,58345
1727,60650
1728,61763
1729,57347
1730,90217
1731,62365
1732,69972
1733,64551
1734,57935
1735,69182
1736,56797
1737,60304
1738,54817
1739,54121
1740,89436
1741,66754
1742,67257
1743,61940
1744,70773
1745,81460
1746,63010
1747,59846
1748,67349
1749,66898
1750,205367
1751,67860
1752,76815
1753,73880
1754,69451
1755,86550
1756,76447
1757,66717
1758,69161
1759,69115
1760,98429
1761,61594
1762,59637
1763,79002
1764,64904
1765,80988
1766,63896
1767,66899
1768,67883
1769,68728
1770,106235
1771,67071
1772,82206
1773,70679
1774,77437
1775,137038
1776,160567
1777,99497
1778,84307
1779,80615
1780,118681
1781,90625
1782,89616
1783,109282
1784,80834
1785,94786
1786,83789
1787,110218
1788,94001
1789,148383
1790,141336
1791,102661
1792,107478
1793,108314
1794,94072
1795,109331
1796,93689
1797,95574
1798,103519
1799,134195
1800,1026017
1801,152781
1802,115335
1803,137902
1804,122403
1805,125282
1806,109750
1807,102949
1808,107730
1809,123374
1810,154064
1811,113501
1812,217126
1813,117693
1814,126947
1815,158211
1816,110573
1817,108416
1818,133710
1819,120803
1820,189918
1821,127882
1822,114668
1823,103792
1824,124262
1825,140923
1826,115979
1827,110066
1828,124026
1829,115440
1830,211394
1831,126075
1832,141911
1833,142381
1834,134975
1835,164329
1836,145147
1837,166270
1838,130813
1839,133055
1840,223789
1841,161122
1842,149926
1843,149171
1844,154545
1845,162416
1846,158530
1847,152884
1848,190395
1849,166139
1850,364575
1851,194579
1852,159828
1853,158599
1854,177609
1855,176527
1856,171205
1857,171645
1858,174488
1859,177682
1860,325853
1861,299208
1862,248091
1863,242189
1864,250005
1865,321048
1866,193782
1867,192007
1868,199841
1869,196270
1870,307125
1871,210122
1872,195118
1873,193063
1874,187406
1875,229800
1876,202182
1877,193375
1878,187738
1879,203562
1880,362096
1881,633948
1882,218427
1883,216388
1884,202634
1885,242803
1886,222547
1887,218618
1888,243964
1889,245590
1890,357329
1891,248182
1892,245990
1893,253839
1894,230692
1895,293836
1896,258631
1897,243294
1898,277507
1899,314637
1900,1005978
1901,380162
1902,314857
1903,309392
1904,309199
1905,357329
1906,323046
1907,315155
1908,345132
1909,328192
1910,518353
1911,483859
1912,392509
1913,399838
1914,517532
1915,427252
1916,407958
1917,473135
1918,528752
1919,439887
1920,939065
1921,364001
1922,370452
1923,377119
1924,364205
1925,396407
1926,376693
1927,367665
1928,389772
1929,438373
1930,666058
1931,368405
1932,396217
1933,452239
1934,428353
1935,428712
1936,449794
1937,443369
1938,453713
1939,627254
1940,771590
1941,541709
1942,524931
1943,466307
1944,545451
1945,819748
1946,514412
1947,562286
1948,603842
1949,553132
1950,929781
1951,516383
1952,533924
1953,565876
1954,580911
1955,638570
1956,632403
1957,647755
1958,622776
1959,669166
1960,1029499
1961,720176
1962,741521
1963,793751
1964,887736
1965,939296
1966,907669
1967,1030343
1968,1077805
1969,1158393
1970,1483593
1971,1037047
1972,1137418
1973,1131677
1974,1117238
1975,1185602
1976,1196385
1977,1178798
1978,1261966
1979,1402344
1980,1751278
1981,1387425
1982,1449977
1983,1521184
1984,1768417
1985,1810601
1986,1905203
1987,1962610
1988,2085916
1989,2311054
1990,2830744
1991,2541466
1992,2726605
1993,2861084
1994,3157706
1995,3631120
1996,3776648
1997,4023300
1998,4455409
1999,5311467
2000,9390640
2001,6816101
2002,7398877
2003,8718906
2004,9835636
2005,11699906
2006,13317413
2007,16189224
2008,19480075
2009,21991005
2010,27085309
2011,31065787
2012,39557057
2013,40304483
2014,35805281
2015,34592786
2016,42129669
2017,51268493
2018,46573868
2019,41841011
2020,20068005
2021,1639084
2022,897544
2023,530375
2024,520129
2025,1214160
2026,414444
2027,217219
2028,137248
2029,106319
2030,396315
2031,64562
2032,65608
2033,60012
2034,48782
2035,95284
2036,52419
2037,42300
2038,45280
2039,43789
2040,132552
2041,51013
2042,43450
2043,38331
2044,41982
2045,61218
2046,43181
2047,43830
2048,285843
2049,58371
2050,244584
2051,40203
2052,48505
2053,34427
2054,34893
2055,42796
2056,38873
2057,31637
2058,31383
2059,32430
2060,75833
2061,38615
2062,39591
2063,34942
2064,36666
2065,38114
2066,44166
2067,36866
2068,32385
2069,30825
2070,70139
2071,36859
2072,40621
2073,34967
2074,38458
2075,43776
2076,33663
2077,45854
2078,34104
2079,30947
2080,76541
2081,36427
2082,31588
2083,35605
2084,36788
2085,34477
2086,31245
2087,30971
2088,34463
2089,31511
2090,50188
2091,35778
2092,37310
2093,33471
2094,30173
2095,37030
2096,31208
2097,33121
2098,29575
2099,63278
2100,364045
2101,93866
2102,50302
2103,45942
2104,48274
2105,61248
2106,50458
2107,39692
2108,48644
2109,39745
2110,81133
2111,57351
2112,61783
2113,50327
2114,46977
2115,54036
2116,46375
2117,39420
2118,46322
2119,36645
2120,63794
2121,60795
2122,46259
2123,39930
2124,38821
2125,48267
2126,38408
2127,35791
2128,36718
2129,38065
2130,61597
2131,41261
2132,38883
2133,58393
2134,40860
2135,47231
2136,37809
2137,33028
2138,42118
2139,39931
2140,55431
2141,42668
2142,44551
2143,35830
2144,34440
2145,40815
2146,29657
2147,38773
2148,37307
2149,31412
2150,74594
2151,40091
2152,38350
2153,36697
2154,31676
2155,42882
2156,30877
2157,32097
2158,31231
2159,29790
2160,94295
2161,36711
2162,28977
2163,28887
2164,38003
2165,37116
2166,36678
2167,27692
2168,31300
2169,32512
2170,42773
2171,37595
2172,43602
2173,30400
2174,58623
2175,37968
2176,34105
2177,32108
2178,30485
2179,31773
2180,53501
2181,35615
2182,27626
2183,26696
2184,32464
2185,28802
2186,27757
2187,29145
2188,36405
2189,27248
2190,42073
2191,35790
2192,30434
2193,31293
2194,26535
2195,37039
2196,102067
2197,28741
2198,26023
2199,49862
2200,311927
2201,70105
2202,49457
2203,41381
2204,44432
2205,57146
2206,39977
2207,40740
2208,40471
2209,38921
2210,68824
2211,51964
2212,57846
2213,38441
2214,41990
2215,53337
2216,38886
2217,42114
2218,33836
2219,41598
2220,59614
2221,43609
2222,80553
2223,39535
2224,41496
2225,44927
2226,34784
2227,32944
2228,32880
2229,34306
2230,50225
2231,36933
2232,36172
2233,39742
2234,33914
2235,35769
2236,32657
2237,30691
2238,28406
2239,27173
2240,54802
2241,39077
2242,35299
2243,34484
2244,41248
2245,33083
2246,32251
2247,27783
2248,30757
2249,31629
2250,97327
2251,38096
2252,32031
2253,31979
2254,36325
2255,49441
2256,33869
2257,31313
2258,27009
2259,32667
2260,40162
2261,36039
2262,34420
2263,32224
2264,29362
2265,31628
2266,29460
2267,26350
2268,36673
2269,26431
2270,34337
2271,30437
2272,34749
2273,32042
2274,27500
2275,33809
2276,36790
2277,32026
2278,28725
2279,25614
2280,53627
2281,32694
2282,27575
2283,28102
2284,27291
2285,30946
2286,25742
2287,26213
2288,30636
2289,28451
2290,43397
2291,28085
2292,27476
2293,26038
2294,24771
2295,40308
2296,26584
2297,24232
2298,27856
2299,44225
2300,212203
2301,62857
2302,48342
2303,36956
2304,51212
2305,41334
2306,35154
2307,69146
2308,35744
2309,34640
2310,56962
2311,48871
2312,44281
2313,34375
2314,33526
2315,37487
2316,40481
2317,30247
2318,33207
2319,31059
2320,58982
2321,35528
2322,37948
2323,42441
2324,38322
2325,37324
2326,31674
2327,28262
2328,29534
2329,27453
2330,46981
2331,35546
2332,33395
2333,44628
2334,32218
2335,32767
2336,30460
2337,44919
2338,29515
2339,33910
2340,51015
2341,32983
2342,31057
2343,33042
2344,33928
2345,49064
2346,29226
2347,27479
2348,32016
2349,31160
2350,60439
2351,33562
2352,31985
2353,30659
2354,34318
2355,37415
2356,27017
2357,29117
2358,27616
2359,29229
2360,43484
2361,29318
2362,31359
2363,27417
2364,30026
2365,27787
2366,27167
2367,25744
2368,27694
2369,23757
2370,33394
2371,34687
2372,29281
2373,27240
2374,25490
2375,33004
2376,27711
2377,25263
2378,24772
2379,26611
2380,48798
2381,30077
2382,30494
2383,26395
2384,25594
2385,28160
2386,23263
2387,22083
2388,27716
2389,32393
2390,29028
2391,30067
2392,28055
2393,30098
2394,31887
2395,40106
2396,25484
2397,25572
2398,22530
2399,40852
2400,365598
2401,56727
2402,44374
2403,38402
2404,34817
2405,36928
2406,34156
2407,30673
2408,32426
2409,28614
2410,47302
2411,36956
2412,43489
2413,29061
2414,30496
2415,34444
2416,30518
2417,29101
2418,28328
2419,28784
2420,53916
2421,36962
2422,31477
2423,29335
2424,42752
2425,40515
2426,28670
2427,26132
2428,28755
2429,26355
2430,39964
2431,29985
2432,29535
2433,28427
2434,30239
2435,29610
2436,30189
2437,24804
2438,25089
2439,27139
2440,47806
2441,30198
2442,29009
2443,27362
2444,31871
2445,31887
2446,34169
2447,34081
2448,40327
2449,27783
2450,61857
2451,33621
2452,32543
2453,34613
2454,27899
2455,30879
2456,26769
2457,26048
2458,30460
2459,25102
2460,41463
2461,27778
2462,26340
2463,24438
2464,27284
2465,29324
2466,26822
2467,28047
2468,26874
2469,30983
2470,39570
2471,31058
2472,29688
2473,29937
2474,29143
2475,31688
2476,28735
2477,28837
2478,34531
2479,24116
2480,41568
2481,30849
2482,25932
2483,28458
2484,32364
2485,24827
2486,27712
2487,23458
2488,24253
2489,23196
2490,45062
2491,29887
2492,25537
2493,27240
2494,25621
2495,45975
2496,25259
2497,22825
2498,23186
2499,80856
2500,1057008
2501,59485
2502,38730
2503,33972
2504,36850
2505,35571
2506,30474
2507,32098
2508,30328
2509,30332
2510,55817
2511,39034
2512,34935
2513,30515
2514,32973
2515,35309
2516,31713
2517,28583
2518,28913
2519,41235
2520,64492
2521,34654
2522,110409
2523,30888
2524,29818
2525,72780
2526,37718
2527,29186
2528,32265
2529,28100
2530,41967
2531,29958
2532,36864
2533,26695
2534,27783
2535,31027
2536,32736
2537,26305
2538,26102
2539,25790
2540,45537
2541,32111
2542,26199
2543,27008
2544,27623
2545,33693
2546,25201
2547,23324
2548,24377
2549,26077
2550,78163
2551,33716
2552,29913
2553,27166
2554,27063
2555,42411
2556,26826
2557,27235
2558,23506
2559,25755
2560,101392
2561,28753
2562,28169
2563,48648
2564,33371
2565,26981
2566,23427
2567,27071
2568,24653
2569,20402
2570,33485
2571,27855
2572,24619
2573,23924
2574,23210
2575,31737
2576,24374
2577,25307
2578,21577
2579,22504
2580,38584
2581,27795
2582,24989
2583,24927
2584,23181
2585,24762
2586,21526
2587,20684
2588,25538
2589,20877
2590,29562
2591,26193
2592,48701
2593,21812
2594,24038
2595,30312
2596,24348
2597,21391
2598,21020
2599,38735
2600,289211
2601,58639
2602,37145
2603,30957
2604,31312
2605,42994
2606,32508
2607,29948
2608,39587
2609,31820
2610,44880
2611,37094
2612,32122
2613,28736
2614,31082
2615,32983
2616,31910
2617,26722
2618,26497
2619,25340
2620,47424
2621,31486
2622,30340
2623,32470
2624,26994
2625,36069
2626,37404
2627,27364
2628,33748
2629,23587
2630,39959
2631,33584
2632,29330
2633,27481
2634,24368
2635,27539
2636,24509
2637,22531
2638,25069
2639,25040
2640,41010
2641,27467
2642,27539
2643,25138
2644,25990
2645,29513
2646,25924
2647,25525
2648,26440
2649,23991
2650,57617
2651,28242
2652,28680
2653,26793
2654,25528
2655,30229
2656,24735
2657,25245
2658,23763
2659,22818
2660,36911
2661,34302
2662,26763
2663,27005
2664,28181
2665,31379
2666,37972
2667,29210
2668,26536
2669,24118
2670,29692
2671,25453
2672,27207
2673,27834
2674,26618
2675,29760
2676,25013
2677,25577
2678,24672
2679,23980
2680,34535
2681,36117
2682,23155
2683,24931
2684,22507
2685,27696
2686,26047
2687,23829
2688,27371
2689,22670
2690,31549
2691,26584
2692,23724
2693,26710
2694,24076
2695,30715
2696,22953
2697,24910
2698,22382
2699,37167
2700,185169
2701,44055
2702,36929
2703,32941
2704,34212
2705,37535
2706,29544
2707,30750
2708,27113
2709,26106
2710,43368
2711,35603
2712,31378
2713,39833
2714,33551
2715,33067
2716,28521
2717,28606
2718,23756
2719,27308
2720,43463
2721,30997
2722,30820
2723,28023
2724,26134
2725,38274
2726,26319
2727,38898
2728,28344
2729,24545
2730,33019
2731,27587
2732,25456
2733,26290
2734,22463
2735,23737
2736,28954
2737,24567
2738,27637
2739,24684
2740,32900
2741,27126
2742,25692
2743,25923
2744,26888
2745,32486
2746,25231
2747,26582
2748,23045
2749,25142
2750,71496
2751,27490
2752,23388
2753,25596
2754,25920
2755,36808
2756,26903
2757,21101
2758,21052
2759,22021
2760,34909
2761,24628
2762,22469
2763,22339
2764,22668
2765,25095
2766,23285
2767,26005
2768,41795
2769,21670
2770,30266
2771,24095
2772,23401
2773,25228
2774,21300
2775,27547
2776,22443
2777,29302
2778,22010
2779,23430
2780,32755
2781,25729
2782,21466
2783,22507
2784,23832
2785,31273
2786,20224
2787,27952
2788,22950
2789,22171
2790,35851
2791,23248
2792,22879
2793,23709
2794,19686
2795,31008
2796,21199
2797,21355
2798,19793
2799,36189
2800,212624
2801,45259
2802,32915
2803,31661
2804,32940
2805,30922
2806,28286
2807,27639
2808,30536
2809,27507
2810,42064
2811,36693
2812,33312
2813,29129
2814,28871
2815,34489
2816,30365
2817,26343
2818,31496
2819,23993
2820,41144
2821,30102
2822,28027
2823,23701
2824,29605
2825,36097
2826,24387
2827,30383
2828,34247
2829,25085
2830,30031
2831,26352
2832,30659
2833,25908
2834,23007
2835,39748
2836,27461
2837,20881
2838,21872
2839,20572
2840,45724
2841,24435
2842,25181
2843,23112
2844,24724
2845,24267
2846,21326
2847,21366
2848,35352
2849,20866
2850,48545
2851,25756
2852,25906
2853,21333
2854,21827
2855,29245
2856,21379
2857,21464
2858,21015
2859,21219
2860,31156
2861,26517
2862,23220
2863,21714
2864,24113
2865,24638
2866,21561
2867,26321
2868,21610
2869,19561
2870,28985
2871,26104
2872,22487
2873,21122
2874,21394
2875,31956
2876,21992
2877,21946
2878,22236
2879,22227
2880,48532
2881,24400
2882,24537
2883,27913
2884,19818
2885,52380
2886,25417
2887,19777
2888,27644
2889,22970
2890,25128
2891,26231
2892,24210
2893,23692
2894,22757
2895,27397
2896,21280
2897,17835
2898,20397
2899,28939
2900,137843
2901,41314
2902,27791
2903,31358
2904,29752
2905,30100
2906,26054
2907,24219
2908,26019
2909,27204
2910,36531
2911,32897
2912,32172
2913,25263
2914,27013
2915,28379
2916,26837
2917,24494
2918,22488
2919,26476
2920,49440
2921,30489
2922,24564
2923,22742
2924,27817
2925,27358
2926,26569
2927,21060
2928,21298
2929,31949
2930,32799
2931,23501
2932,24870
2933,25846
2934,19908
2935,22857
2936,19663
2937,18709
2938,19086
2939,19449
2940,34506
2941,30447
2942,20166
2943,22738
2944,22113
2945,21565
2946,19196
2947,18871
2948,19275
2949,20182
2950,48316
2951,23296
2952,21039
2953,21585
2954,19855
2955,23838
2956,19828
2957,19119
2958,22396
2959,21416
2960,38073
2961,21081
2962,23721
2963,26852
2964,21346
2965,20220
2966,19563
2967,20655
2968,20627
2969,18355
2970,24807
2971,21014
2972,19345
2973,20143
2974,18804
2975,22917
2976,23265
2977,19896
2978,17562
2979,20541
2980,25987
2981,22751
2982,20316
2983,21064
2984,19224
2985,28051
2986,17355
2987,21435
2988,22488
2989,18360
2990,31767
2991,21686
2992,24184
2993,19893
2994,19557
2995,42592
2996,21798
2997,20392
2998,23041
2999,94032
3000,1464089
3001,90664
3002,66706
3003,70525
3004,56690
3005,55479
3006,50436
3007,45433
3008,62150
3009,41892
3010,73250
3011,51387
3012,50830
3013,35020
3014,36341
3015,45522
3016,36670
3017,28081
3018,34818
3019,29834
3020,76878
3021,39580
3022,29942
3023,31642
3024,53270
3025,36174
3026,28749
3027,25338
3028,23963
3029,25895
3030,67150
3031,36546
3032,29613
3033,29080
3034,24833
3035,28540
3036,25914
3037,23620
3038,27074
3039,22232
3040,56658
3041,28444
3042,32744
3043,24947
3044,25638
3045,27395
3046,22255
3047,22326
3048,28038
3049,29491
3050,57314
3051,30158
3052,27346
3053,27104
3054,27945
3055,31427
3056,24209
3057,26245
3058,20806
3059,21145
3060,39587
3061,25840
3062,25078
3063,24714
3064,25145
3065,26242
3066,25471
3067,20687
3068,25848
3069,19787
3070,31484
3071,26037
3072,39732
3073,23666
3074,23511
3075,26334
3076,21797
3077,30855
3078,20254
3079,24208
3080,40041
3081,25778
3082,26255
3083,23436
3084,24045
3085,23337
3086,21492
3087,22761
3088,23106
3089,19198
3090,27717
3091,22601
3092,23191
3093,20390
3094,20133
3095,23199
3096,20460
3097,18383
3098,20790
3099,30985
3100,164317
3101,51514
3102,37700
3103,36022
3104,32386
3105,32805
3106,28508
3107,26461
3108,28293
3109,41390
3110,54736
3111,40509
3112,33456
3113,33737
3114,37071
3115,29545
3116,28886
3117,26549
3118,23858
3119,26260
3120,58043
3121,36331
3122,28641
3123,28231
3124,27079
3125,45144
3126,29776
3127,22066
3128,29409
3129,23155
3130,36596
3131,43894
3132,26607
3133,26581
3134,24009
3135,25021
3136,22982
3137,21751
3138,28342
3139,20093
3140,30813
3141,27800
3142,25909
3143,23781
3144,26245
3145,26737
3146,20261
3147,20147
3148,21527
3149,20880
3150,51657
3151,27027
3152,24168
3153,23205
3154,19318
3155,25721
3156,25020
3157,23421
3158,18845
3159,18888
3160,29495
3161,25868
3162,22998
3163,22762
3164,20797
3165,22993
3166,32759
3167,21260
3168,27538
3169,19569
3170,26359
3171,27813
3172,20640
3173,21535
3174,22219
3175,32326
3176,19721
3177,19716
3178,18042
3179,18220
3180,27695
3181,24452
3182,22554
3183,21560
3184,20430
3185,23478
3186,20954
3187,18944
3188,24274
3189,21408
3190,25655
3191,22374
3192,22395
3193,20403
3194,24633
3195,26269
3196,23666
3197,19596
3198,19491
3199,30647
3200,252598
3201,46073
3202,31940
3203,29257
3204,31439
3205,33624
3206,26273
3207,26154
3208,30171
3209,23181
3210,39412
3211,32053
3212,31692
3213,26927
3214,26296
3215,28185
3216,32624
3217,33223
3218,22863
3219,25756
3220,44237
3221,33947
3222,30053
3223,27206
3224,24681
3225,30981
3226,23986
3227,23175
3228,22079
3229,28730
3230,32077
3231,24511
3232,32206
3233,37107
3234,22882
3235,24235
3236,20711
3237,20451
3238,19877
3239,21932
3240,34124
3241,35200
3242,21661
3243,21927
3244,22363
3245,28966
3246,24111
3247,23843
3248,23013
3249,23648
3250,51355
3251,24767
3252,24462
3253,21319
3254,20609
3255,25476
3256,19617
3257,20170
3258,20118
3259,18316
3260,28548
3261,23685
3262,21792
3263,25882
3264,40705
3265,21443
3266,20510
3267,18654
3268,20691
3269,19585
3270,28356
3271,20773
3272,22358
3273,19707
3274,26589
3275,24218
3276,22280
3277,19260
3278,20176
3279,21515
3280,33069
3281,25610
3282,26509
3283,18219
3284,18312
3285,20763
3286,18350
3287,19534
3288,21005
3289,17643
3290,24084
3291,20589
3292,29335
3293,19763
3294,19927
3295,25123
3296,17099
3297,17582
3298,16041
3299,29155
3300,149814
3301,49965
3302,29824
3303,31977
3304,30956
3305,29485
3306,35872
3307,24673
3308,24366
3309,32884
3310,52326
3311,34061
3312,30952
3313,30494
3314,24451
3315,29112
3316,22589
3317,23032
3318,27518
3319,21126
3320,36919
3321,29569
3322,31156
3323,22972
3324,25644
3325,28585
3326,22392
3327,21171
3328,23265
3329,25643
3330,40559
3331,28204
3332,26759
3333,83387
3334,26438
3335,23546
3336,23823
3337,21526
3338,19701
3339,21993
3340,33243
3341,22487
3342,21841
3343,22874
3344,24743
3345,22072
3346,20090
3347,18414
3348,18428
3349,20146
3350,44888
3351,23713
3352,24876
3353,24735
3354,23327
3355,34035
3356,19331
3357,18428
3358,17585
3359,19931
3360,30753
3361,22408
3362,21216
3363,21753
3364,23088
3365,19235
3366,27085
3367,21083
3368,19110
3369,20176
3370,22976
3371,25278
3372,21190
3373,20857
3374,17041
3375,23094
3376,18960
3377,19936
3378,17519
3379,17493
3380,23796
3381,21442
3382,20957
3383,18858
3384,19619
3385,19352
3386,18383
3387,17544
3388,19847
3389,65066
3390,83702
3391,20008
3392,18833
3393,19488
3394,17505
3395,20769
3396,20058
3397,17887
3398,16894
3399,27136
3400,148485
3401,36781
3402,30535
3403,23073
3404,31678
3405,24466
3406,28113
3407,21009
3408,22300
3409,20560
3410,33684
3411,32386
3412,27228
3413,21558
3414,23859
3415,25466
3416,20519
3417,20144
3418,19392
3419,18145
3420,34525
3421,24864
3422,21387
3423,20018
3424,20259
3425,22635
3426,19198
3427,20130
3428,18245
3429,18575
3430,28190
3431,24860
3432,21000
3433,21214
3434,24082
3435,26086
3436,18951
3437,17837
3438,18010
3439,18797
3440,31456
3441,20944
3442,21955
3443,21650
3444,25342
3445,21320
3446,18940
3447,18796
3448,18589
3449,20366
3450,44633
3451,25301
3452,20852
3453,18859
3454,19341
3455,23804
3456,47995
3457,17463
3458,18847
3459,16899
3460,26836
3461,22138
3462,19058
3463,19545
3464,21340
3465,23566
3466,19164
3467,18243
3468,20865
3469,15872
3470,29579
3471,18479
3472,19059
3473,21650
3474,20419
3475,22034
3476,17403
3477,17616
3478,20412
3479,15868
3480,25061
3481,19373
3482,20484
3483,17252
3484,17876
3485,18192
3486,15340
3487,15171
3488,19758
3489,14973
3490,25802
3491,18681
3492,17881
3493,16977
3494,18707
3495,33565
3496,17899
3497,18714
3498,17025
3499,43251
3500,581418
3501,39718
3502,25395
3503,23875
3504,27203
3505,27648
3506,23328
3507,20489
3508,26117
3509,19316
3510,34303
3511,29339
3512,25466
3513,20925
3514,25113
3515,28253
3516,25721
3517,28193
3518,19485
3519,20411
3520,37464
3521,29691
3522,21944
3523,20028
3524,20726
3525,28356
3526,18075
3527,17628
3528,32642
3529,17593
3530,26234
3531,22050
3532,19941
3533,19070
3534,18544
3535,31784
3536,23011
3537,21717
3538,20330
3539,16572
3540,27558
3541,23096
3542,22250
3543,22185
3544,19421
3545,23605
3546,19829
3547,16466
3548,18389
3549,17404
3550,45578
3551,24129
3552,21805
3553,28958
3554,17941
3555,28164
3556,18876
3557,17386
3558,18356
3559,16785
3560,30464
3561,21192
3562,17398
3563,17105
3564,28620
3565,18286
3566,25801
3567,17441
3568,17462
3569,16027
3570,27163
3571,19523
3572,17742
3573,19241
3574,18358
3575,21431
3576,18324
3577,17458
3578,28106
3579,18285
3580,23001
3581,21406
3582,19643
3583,18409
3584,22388
3585,27072
3586,16550
3587,16127
3588,21182
3589,17518
3590,25545
3591,18672
3592,19691
3593,16624
3594,16954
3595,21104
3596,21173
3597,17508
3598,17560
3599,38709
3600,247539
3601,34908
3602,25399
3603,22193
3604,22290
3605,24478
3606,21751
3607,19270
3608,22085
3609,19975
3610,33119
3611,25271
3612,23957
3613,21016
3614,22485
3615,23248
3616,21226
3617,17685
3618,24830
3619,17306
3620,34734
3621,23372
3622,22559
3623,20584
3624,20284
3625,22955
3626,19878
3627,18598
3628,17166
3629,20299
3630,29201
3631,22502
3632,20374
3633,21125
3634,19419
3635,19243
3636,26702
3637,18289
3638,17285
3639,18527
3640,27702
3641,23249
3642,21137
3643,17315
3644,18330
3645,19298
3646,19516
3647,20255
3648,26572
3649,17118
3650,54064
3651,21554
3652,19295
3653,18199
3654,17448
3655,19872
3656,22696
3657,15968
3658,18374
3659,16789
3660,29517
3661,19137
3662,18478
3663,21864
3664,18836
3665,17223
3666,19701
3667,17363
3668,16702
3669,15393
3670,20582
3671,20301
3672,20063
3673,18071
3674,17847
3675,18701
3676,17478
3677,17230
3678,16590
3679,14838
3680,23735
3681,19031
3682,18067
3683,17345
3684,15675
3685,17825
3686,15702
3687,15039
3688,18831
3689,15731
3690,22895
3691,20549
3692,17503
3693,15351
3694,16341
3695,18888
3696,17173
3697,15844
3698,14839
3699,22408
3700,102103
3701,35517
3702,22344
3703,21215
3704,20751
3705,22771
3706,18834
3707,19277
3708,19838
3709,19922
3710,26532
3711,28321
3712,24132
3713,20137
3714,24430
3715,21981
3716,19655
3717,20702
3718,17897
3719,21015
3720,31284
3721,21984
3722,19692
3723,25105
3724,20585
3725,25109
3726,17737
3727,21137
3728,17496
3729,18900
3730,30545
3731,23709
3732,21238
3733,23634
3734,18516
3735,18713
3736,16492
3737,24481
3738,17190
3739,16258
3740,22752
3741,20069
3742,18413
3743,23834
3744,37441
3745,22759
3746,29344
3747,16997
3748,23856
3749,16495
3750,58588
3751,20240
3752,20051
3753,17388
3754,20906
3755,21699
3756,22697
3757,18948
3758,20222
3759,15579
3760,22292
3761,19302
3762,18008
3763,16323
3764,17520
3765,18437
3766,17795
3767,16517
3768,19100
3769,15701
3770,28945
3771,18513
3772,17153
3773,22164
3774,16525
3775,21562
3776,20992
3777,21285
3778,17725
3779,16989
3780,23294
3781,21235
3782,20073
3783,17704
3784,19053
3785,17719
3786,14808
3787,16219
3788,20982
3789,15663
3790,25926
3791,20024
3792,18718
3793,19104
3794,19021
3795,20768
3796,16173
3797,16655
3798,15202
3799,22213
3800,146698
3801,37466
3802,22755
3803,21552
3804,20491
3805,22213
3806,19745
3807,21852
3808,20770
3809,21029
3810,30289
3811,29733
3812,22859
3813,20598
3814,21653
3815,24581
3816,21167
3817,20579
3818,23820
3819,17661
3820,36032
3821,23204
3822,21350
3823,23752
3824,21587
3825,31966
3826,16984
3827,22038
3828,18790
3829,16896
3830,25466
3831,19689
3832,20153
3833,23465
3834,18280
3835,21975
3836,17723
3837,17383
3838,23398
3839,18434
3840,64005
3841,21952
3842,20540
3843,18040
3844,23212
3845,20402
3846,17934
3847,20475
3848,19646
3849,17558
3850,40756
3851,22909
3852,19204
3853,17298
3854,16890
3855,19685
3856,37417
3857,17733
3858,17856
3859,21483
3860,23917
3861,19872
3862,18952
3863,17555
3864,19718
3865,19244
3866,16480
3867,19213
3868,17737
3869,15415
3870,24898
3871,21918
3872,25455
3873,18369
3874,18135
3875,21473
3876,15232
3877,19004
3878,18296
3879,15422
3880,25245
3881,18469
3882,26244
3883,22843
3884,16333
3885,18878
3886,20229
3887,16015
3888,31250
3889,17378
3890,19918
3891,17319
3892,21057
3893,15472
3894,16898
3895,17875
3896,18376
3897,16776
3898,14765
3899,23460
3900,103940
3901,32655
3902,22057
3903,23385
3904,23050
3905,21781
3906,21305
3907,20798
3908,20243
3909,20941
3910,26534
3911,24131
3912,23458
3913,19796
3914,18717
3915,21366
3916,17536
3917,17318
3918,18432
3919,19804
3920,30531
3921,20367
3922,22492
3923,19223
3924,18920
3925,21956
3926,17299
3927,15077
3928,20326
3929,16572
3930,24207
3931,19105
3932,17737
3933,18184
3934,22475
3935,17969
3936,17389
3937,18241
3938,15411
3939,23185
3940,29794
3941,24563
3942,16409
3943,16350
3944,17440
3945,23008
3946,14578
3947,16069
3948,15233
3949,22841
3950,29924
3951,18789
3952,16780
3953,17181
3954,16221
3955,16184
3956,18027
3957,13721
3958,19918
3959,18146
3960,23253
3961,17754
3962,18592
3963,15868
3964,14629
3965,16362
3966,16696
3967,17924
3968,19923
3969,16339
3970,18000
3971,18643
3972,15971
3973,15039
3974,14693
3975,18694
3976,15010
3977,19529
3978,16066
3979,14938
3980,19560
3981,20414
3982,16334
3983,15030
3984,17431
3985,16781
3986,14058
3987,18030
3988,15442
3989,15318
3990,24199
3991,19119
3992,16710
3993,17008
3994,15977
3995,32099
3996,19490
3997,15665
3998,16918
3999,60095
4000,888170
4001,60845
4002,37728
4003,34469
4004,36724
4005,47687
4006,31878
4007,30428
4008,28510
4009,27071
4010,52231
4011,37925
4012,32060
4013,27191
4014,33335
4015,32810
4016,29194
4017,27108
4018,55185
4019,27284
4020,58365
4021,32993
4022,26165
4023,22556
4024,23902
4025,27812
4026,21895
4027,20143
4028,27347
4029,19923
4030,33042
4031,24880
4032,38968
4033,24316
4034,23350
4035,24145
4036,22414
4037,23120
4038,24534
4039,23083
4040,45204
4041,27015
4042,20972
4043,33161
4044,21860
4045,23574
4046,24903
4047,20957
4048,19765
4049,28548
4050,43586
4051,29478
4052,24452
4053,24355
4054,19652
4055,25377
4056,19265
4057,18656
4058,17131
4059,18614
4060,28848
4061,23832
4062,22347
4063,21661
4064,25225
4065,21244
4066,20319
4067,18186
4068,20134
4069,19000
4070,25055
4071,20950
4072,23360
4073,19427
4074,28175
4075,22996
4076,19840
4077,19146
4078,17295
4079,16861
4080,25664
4081,22211
4082,18723
4083,18051
4084,19061
4085,18970
4086,16625
4087,18414
4088,22626
4089,15951
4090,22225
4091,19989
4092,33173
4093,24161
4094,19744
4095,24122
4096,128063
4097,18857
4098,18138
4099,21539
4100,116280
4101,41507
4102,32858
4103,49551
4104,26161
4105,25994
4106,23811
4107,21739
4108,22865
4109,21904
4110,34393
4111,33170
4112,25888
4113,23515
4114,24618
4115,22450
4116,21488
4117,20029
4118,20958
4119,19018
4120,33393
4121,26692
4122,24866
4123,21636
4124,38973
4125,26414
4126,19457
4127,26206
4128,20276
4129,18903
4130,44065
4131,23657
4132,19891
4133,19976
4134,23787
4135,40555
4136,17536
4137,17168
4138,16515
4139,15205
4140,46870
4141,31056
4142,20164
4143,21285
4144,19645
4145,18597
4146,16129
4147,18122
4148,18125
4149,16333
4150,36019
4151,22868
4152,20453
4153,17881
4154,17411
4155,20104
4156,16235
4157,17001
4158,15373
4159,18498
4160,26640
4161,24353
4162,16968
4163,18349
4164,17092
4165,20434
4166,18559
4167,19375
4168,15470
4169,17415
4170,22639
4171,29010
4172,23092
4173,16727
4174,16904
4175,17719
4176,15499
4177,15600
4178,15776
4179,17967
4180,38640
4181,18601
4182,16257
4183,17213
4184,19693
4185,17734
4186,15729
4187,15565
4188,15809
4189,14732
4190,18524
4191,19143
4192,17477
4193,15580
4194,16127
4195,18155
4196,15101
4197,17694
4198,14450
4199,21590
4200,152026
4201,32244
4202,26776
4203,22377
4204,23073
4205,21756
4206,19052
4207,25218
4208,24339
4209,23334
4210,35683
4211,30592
4212,27807
4213,22677
4214,23705
4215,27316
4216,24439
4217,27748
4218,20383
4219,17199
4220,36582
4221,23982
4222,27242
4223,20824
4224,21746
4225,24515
4226,21497
4227,19587
4228,19636
4229,16105
4230,29101
4231,23698
4232,20529
4233,19054
4234,17975
4235,18967
4236,51310
4237,16956
4238,17284
4239,16802
4240,29500
4241,19383
4242,26113
4243,23066
4244,25544
4245,17497
4246,18141
4247,17494
4248,16851
4249,24452
4250,43000
4251,19395
4252,21407
4253,18746
4254,16560
4255,21417
4256,21947
4257,15884
4258,15466
4259,15517
4260,25020
4261,18631
4262,17466
4263,17566
4264,16823
4265,18265
4266,17319
4267,15911
4268,16318
4269,23687
4270,20973
4271,26149
4272,24448
4273,15077
4274,16510
4275,20332
4276,16007
4277,17254
4278,16757
4279,13848
4280,29167
4281,24068
4282,18899
4283,17177
4284,15591
4285,19881
4286,19449
4287,22400
4288,28146
4289,14407
4290,22247
4291,19117
4292,19607
4293,19978
4294,15241
4295,20375
4296,14969
4297,14579
4298,15215
4299,19678
4300,107609
4301,37076
4302,24027
4303,21845
4304,21455
4305,28556
4306,25431
4307,19440
4308,19407
4309,18115
4310,32439
4311,27321
4312,24165
4313,22038
4314,23945
4315,22841
4316,17027
4317,17059
4318,16317
4319,20693
4320,35512
4321,29520
4322,23881
4323,18119
4324,25966
4325,20832
4326,18914
4327,18289
4328,16790
4329,15778
4330,29317
4331,23448
4332,19824
4333,23683
4334,18811
4335,18083
4336,17671
4337,19713
4338,16034
4339,15012
4340,30249
4341,20526
4342,18555
4343,24379
4344,21985
4345,19068
4346,15309
4347,17342
4348,18201
4349,18658
4350,40713
4351,19000
4352,23623
4353,17804
4354,17241
4355,31176
4356,18068
4357,25023
4358,14823
4359,16719
4360,27164
4361,19679
4362,17472
4363,17596
4364,17111
4365,18070
4366,15801
4367,15179
4368,18374
4369,14013
4370,20095
4371,16891
4372,18195
4373,16292
4374,14510
4375,23290
4376,14057
4377,17130
4378,13356
4379,13488
4380,24628
4381,20456
4382,16188
4383,15510
4384,15158
4385,15203
4386,14641
4387,13159
4388,18789
4389,13272
4390,16847
4391,16166
4392,15831
4393,15871
4394,15089
4395,15924
4396,13843
4397,13805
4398,14626
4399,20058
4400,124571
4401,38623
4402,22132
4403,19858
4404,24270
4405,21179
4406,22286
4407,19702
4408,18954
4409,19365
4410,28299
4411,27695
4412,24446
4413,23095
4414,20349
4415,30277
4416,25408
4417,20136
4418,18485
4419,23186
4420,29418
4421,23027
4422,31432
4423,20603
4424,21905
4425,20337
4426,21063
4427,16933
4428,19031
4429,16748
4430,27701
4431,19374
4432,18075
4433,20835
4434,18210
4435,18975
4436,15657
4437,15112
4438,18086
4439,14893
4440,37785
4441,22632
4442,17991
4443,19196
4444,48842
4445,22254
4446,16602
4447,15201
4448,23651
4449,28590
4450,28481
4451,24884
4452,17450
4453,17522
4454,17497
4455,26529
4456,17050
4457,15320
4458,16011
4459,15842
4460,23160
4461,17769
4462,17269
4463,16611
4464,17680
4465,16300
4466,16524
4467,19442
4468,22531
4469,14720
4470,19375
4471,20108
4472,18536
4473,19207
4474,16368
4475,17227
4476,16910
4477,17744
4478,14699
4479,16013
4480,20596
4481,22373
4482,15979
4483,15320
4484,18360
4485,16717
4486,15214
4487,14926
4488,19207
4489,14711
4490,20861
4491,17270
4492,15712
4493,15447
4494,14986
4495,22783
4496,14975
4497,16092
4498,14226
4499,28286
4500,291274
4501,33382
4502,24199
4503,25481
4504,20607
4505,24354
4506,26130
4507,21916
4508,17936
4509,18125
4510,32854
4511,26511
4512,21850
4513,20792
4514,20877
4515,24340
4516,20695
4517,18116
4518,18674
4519,18565
4520,36076
4521,30406
4522,21566
4523,17640
4524,16380
4525,21953
4526,15191
4527,16497
4528,16000
4529,15984
4530,27839
4531,17523
4532,18541
4533,17718
4534,15969
4535,18807
4536,20374
4537,17747
4538,14726
4539,15169
4540,20998
4541,20402
4542,16641
4543,17372
4544,16763
4545,26833
4546,15736
4547,16419
4548,17726
4549,18999
4550,33773
4551,24455
4552,18231
4553,19175
4554,17247
4555,22971
4556,16833
4557,15816
4558,17879
4559,15354
4560,23864
4561,16542
4562,17851
4563,16422
4564,15008
4565,18600
4566,16515
4567,23546
4568,18362
4569,14824
4570,31215
4571,18604
4572,16732
4573,16548
4574,16774
4575,25020
4576,14521
4577,14901
4578,15153
4579,13629
4580,19480
4581,17102
4582,14549
4583,14863
4584,14167
4585,14615
4586,13234
4587,14456
4588,18848
4589,13200
4590,18738
4591,16106
4592,16985
4593,14789
4594,13403
4595,16708
4596,13991
4597,12485
4598,14063
4599,20130
4600,101309
4601,27102
4602,22927
4603,18568
4604,18938
4605,85404
4606,17377
4607,15466
4608,23574
4609,19594
4610,28565
4611,22338
4612,20652
4613,21586
4614,21781
4615,21415
4616,17570
4617,15830
4618,14318
4619,16560
4620,27865
4621,19693
4622,19967
4623,18364
4624,16779
4625,23590
4626,16901
4627,18212
4628,15945
4629,14408
4630,25501
4631,18088
4632,17365
4633,16944
4634,16357
4635,17383
4636,19377
4637,21264
4638,15289
4639,13870
4640,34920
4641,17335
4642,18247
4643,17654
4644,17801
4645,15838
4646,19488
4647,18674
4648,15361
4649,16132
4650,40299
4651,18870
4652,18171
4653,19247
4654,15508
4655,21973
4656,14937
4657,14941
4658,15573
4659,14271
4660,20999
4661,16883
4662,16952
4663,21775
4664,16451
4665,15346
4666,23317
4667,16559
4668,16742
4669,14035
4670,28695
4671,19035
4672,17649
4673,19746
4674,14868
4675,16629
4676,14473
4677,15682
4678,15087
4679,13231
4680,24854
4681,16379
4682,15170
4683,15503
4684,17398
4685,15152
4686,17213
4687,14608
4688,17174
4689,12650
4690,17209
4691,15857
4692,14239
4693,17302
4694,14543
4695,24431
4696,13552
4697,13444
4698,12659
4699,17264
4700,92921
4701,26494
4702,22914
4703,27779
4704,18896
4705,17843
4706,15491
4707,16738
4708,14819
4709,16191
4710,23638
4711,23100
4712,19556
4713,21308
4714,17916
4715,21415
4716,15143
4717,20735
4718,17189
4719,15131
4720,27746
4721,21162
4722,18592
4723,16710
4724,20469
4725,19771
4726,15109
4727,15611
4728,15776
4729,14429
4730,23708
4731,18934
4732,16507
4733,16650
4734,14817
4735,16959
4736,17003
4737,16902
4738,14315
4739,14732
4740,27352
4741,19434
4742,16235
4743,33986
4744,15941
4745,16071
4746,14443
4747,24848
4748,14553
4749,16700
4750,31805
4751,18668
4752,19782
4753,15585
4754,15747
4755,19146
4756,14364
4757,19309
4758,15528
4759,13053
4760,19074
4761,15957
4762,15531
4763,17359
4764,13543
4765,14535
4766,15895
4767,13395
4768,14792
4769,14459
4770,22377
4771,17487
4772,16495
4773,16110
4774,15531
4775,15934
4776,14281
4777,17554
4778,13980
4779,12965
4780,17655
4781,15763
4782,19930
4783,14494
4784,14835
4785,15669
4786,13896
4787,13603
4788,15565
4789,14919
4790,18397
4791,17358
4792,14794
4793,14256
4794,14050
4795,15230
4796,12211
4797,14416
4798,14927
4799,18932
4800,125882
4801,25143
4802,20127
4803,17191
4804,18586
4805,19106
4806,15809
4807,15951
4808,17172
4809,16179
4810,27167
4811,20508
4812,22966
4813,17568
4814,17896
4815,21007
4816,19345
4817,23817
4818,20557
4819,24790
4820,27716
4821,19645
4822,24310
4823,20612
4824,17080
4825,20367
4826,14462
4827,15109
4828,15678
4829,17281
4830,20625
4831,17010
4832,16393
4833,17039
4834,13804
4835,17463
4836,14796
4837,14068
4838,14854
4839,14181
4840,28602
4841,20358
4842,16396
4843,16117
4844,16641
4845,15089
4846,14252
4847,14651
4848,20504
4849,17590
4850,38922
4851,18906
4852,17895
4853,24462
4854,15840
4855,17478
4856,16891
4857,14804
4858,14703
4859,13082
4860,23035
4861,18506
4862,14881
4863,14323
4864,14829
4865,16164
4866,12803
4867,13853
4868,18186
4869,13505
4870,33727
4871,20654
4872,19992
4873,14947
4874,13369
4875,18162
4876,15377
4877,24198
4878,15888
4879,13906
4880,23031
4881,16986
4882,15819
4883,15227
4884,16557
4885,15585
4886,17541
4887,13756
4888,17413
4889,14393
4890,20937
4891,14370
4892,14571
4893,14289
4894,12622
4895,15427
4896,13926
4897,12181
4898,12476
4899,20152
4900,88186
4901,26256
4902,18859
4903,17089
4904,17039
4905,17120
4906,14716
4907,15724
4908,16121
4909,16100
4910,23738
4911,22044
4912,20496
4913,17362
4914,16283
4915,20620
4916,15910
4917,15584
4918,15627
4919,17656
4920,30367
4921,19987
4922,24519
4923,16760
4924,16438
4925,18710
4926,16933
4927,14600
4928,18286
4929,14621
4930,21290
4931,16211
4932,17239
4933,16117
4934,14288
4935,16325
4936,14107
4937,14925
4938,15362
4939,18675
4940,20219
4941,17484
4942,16549
4943,16347
4944,16150
4945,15501
4946,13359
4947,17494
4948,17053
4949,21385
4950,33660
4951,17725
4952,16191
4953,16451
4954,14164
4955,16596
4956,14862
4957,14746
4958,14276
4959,13295
4960,24243
4961,18667
4962,14578
4963,14671
4964,15407
4965,19874
4966,13784
4967,16406
4968,12436
4969,13209
4970,16109
4971,15561
4972,14515
4973,14977
4974,13561
4975,17719
4976,14910
4977,13984
4978,12654
4979,13860
4980,24994
4981,15908
4982,15306
4983,15002
4984,14450
4985,15157
4986,14044
4987,13128
4988,14207
4989,13210
4990,30922
4991,18088
4992,17572
4993,15347
4994,14847
4995,29269
4996,13702
4997,13981
4998,16025
4999,62153
5000,1298271
5001,77901
5002,42934
5003,42587
5004,29862
5005,38540
5006,23866
5007,25080
5008,35495
5009,23726
5010,45432
5011,29293
5012,29000
5013,23533
5014,25688
5015,31724
5016,23701
5017,21124
5018,20984
5019,18515
5020,37169
5021,27842
5022,23449
5023,19746
5024,19622
5025,22406
5026,17322
5027,17012
5028,16443
5029,15723
5030,34130
5031,20883
5032,19908
5033,22954
5034,18354
5035,21124
5036,19767
5037,16747
5038,17310
5039,17755
5040,30597
5041,19634
5042,17925
5043,21715
5044,17416
5045,20447
5046,15413
5047,15811
5048,17040
5049,24415
5050,87594
5051,24823
5052,31856
5053,17944
5054,18811
5055,24652
5056,19329
5057,15335
5058,15119
5059,15347
5060,32559
5061,23306
5062,19234
5063,17021
5064,17103
5065,19609
5066,17548
5067,16636
5068,16735
5069,18607
5070,24887
5071,16764
5072,19030
5073,16143
5074,26987
5075,21475
5076,15924
5077,14663
5078,13734
5079,15248
5080,30127
5081,18906
5082,16354
5083,23786
5084,16910
5085,19124
5086,17776
5087,13802
5088,16684
5089,18200
5090,20108
5091,18402
5092,15893
5093,15939
5094,14949
5095,17305
5096,15376
5097,14075
5098,14482
5099,16786
5100,111999
5101,31106
5102,23095
5103,21083
5104,19195
5105,21515
5106,16013
5107,17386
5108,17024
5109,15662
5110,37769
5111,26405
5112,23290
5113,19834
5114,20238
5115,24068
5116,16894
5117,16180
5118,18919
5119,14061
5120,34018
5121,21902
5122,18440
5123,18129
5124,16996
5125,20105
5126,15999
5127,15605
5128,15089
5129,13793
5130,29177
5131,19192
5132,15960
5133,17038
5134,15176
5135,16719
5136,14710
5137,13743
5138,13423
5139,12838
5140,22562
5141,17323
5142,15761
5143,31852
5144,15074
5145,16015
5146,13898
5147,12748
5148,16699
5149,17465
5150,42964
5151,36206
5152,19408
5153,17732
5154,15807
5155,18231
5156,15446
5157,13784
5158,14253
5159,13410
5160,25583
5161,19228
5162,17539
5163,15566
5164,13336
5165,17609
5166,12832
5167,22148
5168,13285
5169,12882
5170,15174
5171,17624
5172,14725
5173,14439
5174,12983
5175,17497
5176,13992
5177,13248
5178,12098
5179,11696
5180,16777
5181,14875
5182,14516
5183,13341
5184,22421
5185,14914
5186,12773
5187,12235
5188,17094
5189,11228
5190,16528
5191,16149
5192,13395
5193,13750
5194,41656
5195,15761
5196,14579
5197,12501
5198,13136
5199,17729
5200,131062
5201,31051
5202,20357
5203,18616
5204,18769
5205,19874
5206,19159
5207,18105
5208,18078
5209,15394
5210,25723
5211,24057
5212,20952
5213,17081
5214,16716
5215,17104
5216,17429
5217,15257
5218,14850
5219,14001
5220,39337
5221,22238
5222,21630
5223,17639
5224,16416
5225,28980
5226,14827
5227,14870
5228,15314
5229,14479
5230,32589
5231,16333
5232,16970
5233,26946
5234,15927
5235,19296
5236,15640
5237,13390
5238,13242
5239,12422
5240,18487
5241,17917
5242,14954
5243,14123
5244,15945
5245,16307
5246,13410
5247,15735
5248,13322
5249,12185
5250,39479
5251,20393
5252,21446
5253,18444
5254,18582
5255,21208
5256,14505
5257,13268
5258,12912
5259,15650
5260,17232
5261,16571
5262,15214
5263,16237
5264,13495
5265,13618
5266,14578
5267,13345
5268,11994
5269,11675
5270,17950
5271,27282
5272,15960
5273,14210
5274,15490
5275,15697
5276,12089
5277,13848
5278,12653
5279,12976
5280,27729
5281,23208
5282,15971
5283,13950
5284,13088
5285,13403
5286,11706
5287,11207
5288,15635
5289,14591
5290,17075
5291,15331
5292,15987
5293,13899
5294,13309
5295,13738
5296,12121
5297,12732
5298,10933
5299,14573
5300,93478
5301,30451
5302,20424
5303,19471
5304,16985
5305,19430
5306,16395
5307,16583
5308,15711
5309,16109
5310,35063
5311,22490
5312,19927
5313,17722
5314,15154
5315,22246
5316,16137
5317,13937
5318,14783
5319,16267
5320,27256
5321,18997
5322,17106
5323,16073
5324,14391
5325,17416
5326,14972
5327,17123
5328,23207
5329,13328
5330,22988
5331,17241
5332,15912
5333,20290
5334,19209
5335,17499
5336,14716
5337,13047
5338,13009
5339,12818
5340,22705
5341,16282
5342,14647
5343,18945
5344,16019
5345,16024
5346,13754
5347,15677
5348,12330
5349,13977
5350,23635
5351,16248
5352,16698
5353,25751
5354,15111
5355,18800
5356,15746
5357,12889
5358,12627
5359,12741
5360,20668
5361,15349
5362,13964
5363,14713
5364,14041
5365,18824
5366,12201
5367,11665
5368,12047
5369,11466
5370,27767
5371,20214
5372,13187
5373,14918
5374,12658
5375,14366
5376,12921
5377,13524
5378,11595
5379,11503
5380,21752
5381,15205
5382,13701
5383,14624
5384,11934
5385,12795
5386,12544
5387,13474
5388,17019
5389,17517
5390,18709
5391,15550
5392,13848
5393,14456
5394,12460
5395,14311
5396,12794
5397,12862
5398,12514
5399,16480
5400,112707
5401,31803
5402,18475
5403,21637
5404,19548
5405,17170
5406,14712
5407,15036
5408,16353
5409,13431
5410,21596
5411,19745
5412,17069
5413,15140
5414,17111
5415,17900
5416,14373
5417,15099
5418,13018
5419,13584
5420,23753
5421,19001
5422,17577
5423,14498
5424,15273
5425,17997
5426,12372
5427,13785
5428,13231
5429,12235
5430,19553
5431,15944
5432,18348
5433,19352
5434,23692
5435,14397
5436,12923
5437,16012
5438,12527
5439,15696
5440,19980
5441,17289
5442,15519
5443,19277
5444,19540
5445,18264
5446,15559
5447,13128
5448,13623
5449,12273
5450,28371
5451,15626
5452,16772
5453,13867
5454,19513
5455,22890
5456,14235
5457,12710
5458,12593
5459,14616
5460,17554
5461,18461
5462,14015
5463,14482
5464,14910
5465,15996
5466,14141
5467,12053
5468,15512
5469,11369
5470,16267
5471,15455
5472,28386
5473,13775
5474,13809
5475,12941
5476,12339
5477,14851
5478,14043
5479,11636
5480,16259
5481,14144
5482,14769
5483,15037
5484,13243
5485,12431
5486,12289
5487,12660
5488,14951
5489,13246
5490,15862
5491,16968
5492,14514
5493,12916
5494,12327
5495,20301
5496,10978
5497,10300
5498,12639
5499,22793
5500,225879
5501,28721
5502,23148
5503,20316
5504,19237
5505,26179
5506,19102
5507,20814
5508,20162
5509,16915
5510,35245
5511,26125
5512,31452
5513,21553
5514,20757
5515,27802
5516,19950
5517,24246
5518,17240
5519,16825
5520,44795
5521,22045
5522,20149
5523,16692
5524,20051
5525,30788
5526,21562
5527,12856
5528,13165
5529,11924
5530,26439
5531,16019
5532,18537
5533,16283
5534,14517
5535,18632
5536,15171
5537,15004
5538,13083
5539,13115
5540,19977
5541,15753
5542,15209
5543,13531
5544,18542
5545,24980
5546,15585
5547,16747
5548,15280
5549,11676
5550,36218
5551,18990
5552,19118
5553,14488
5554,18051
5555,54978
5556,24707
5557,20026
5558,20715
5559,14618
5560,18523
5561,15413
5562,13201
5563,12433
5564,12955
5565,14863
5566,15924
5567,12813
5568,13402
5569,10527
5570,20804
5571,14952
5572,13343
5573,14096
5574,11900
5575,15290
5576,11408
5577,14335
5578,12424
5579,11699
5580,20330
5581,15203
5582,13897
5583,16207
5584,12309
5585,15935
5586,11538
5587,11762
5588,14612
5589,11303
5590,16796
5591,14578
5592,12206
5593,13131
5594,12565
5595,17585
5596,11547
5597,11308
5598,17776
5599,18447
5600,108426
5601,25940
5602,19067
5603,18284
5604,15866
5605,16097
5606,14748
5607,14439
5608,14878
5609,12982
5610,28407
5611,19596
5612,16694
5613,14816
5614,14595
5615,15094
5616,29382
5617,13110
5618,15610
5619,14751
5620,22330
5621,17395
5622,17293
5623,14873
5624,13643
5625,28070
5626,16430
5627,14405
5628,13078
5629,12164
5630,26475
5631,15178
5632,14897
5633,13476
5634,14304
5635,14486
5636,11716
5637,11526
5638,13045
5639,14716
5640,20007
5641,17690
5642,13985
5643,14578
5644,13506
5645,13232
5646,14810
5647,13975
5648,12715
5649,11333
5650,24910
5651,16265
5652,13985
5653,14028
5654,31084
5655,17546
5656,29576
5657,17579
5658,11908
5659,11586
5660,17907
5661,17462
5662,14012
5663,19784
5664,14974
5665,15013
5666,13753
5667,15750
5668,11627
5669,11155
5670,19648
5671,14303
5672,17531
5673,14933
5674,15332
5675,13871
5676,14100
5677,12199
5678,18848
5679,11358
5680,17170
5681,14338
5682,13356
5683,16186
5684,21135
5685,12933
5686,11634
5687,12523
5688,11596
5689,11373
5690,16272
5691,23604
5692,12501
5693,11985
5694,12029
5695,13306
5696,12471
5697,10712
5698,11714
5699,13796
5700,78510
5701,26206
5702,16171
5703,15288
5704,15145
5705,14269
5706,12796
5707,13252
5708,13638
5709,12277
5710,19289
5711,18847
5712,18880
5713,15757
5714,14290
5715,20009
5716,13160
5717,16980
5718,14953
5719,12876
5720,23777
5721,18804
5722,14348
5723,14425
5724,14577
5725,15554
5726,11438
5727,12056
5728,12960
5729,10950
5730,27923
5731,21504
5732,14413
5733,17293
5734,13251
5735,16115
5736,13476
5737,13680
5738,12260
5739,12725
5740,20995
5741,16505
5742,16393
5743,14237
5744,14028
5745,13692
5746,19825
5747,12200
5748,13486
5749,12003
5750,34383
5751,17611
5752,12909
5753,14166
5754,15485
5755,16562
5756,26351
5757,18891
5758,14935
5759,14792
5760,22600
5761,15493
5762,15027
5763,14431
5764,12929
5765,13758
5766,12467
5767,13156
5768,12170
5769,12414
5770,26432
5771,15272
5772,23467
5773,17837
5774,15336
5775,20611
5776,16730
5777,21355
5778,16752
5779,14335
5780,24101
5781,13156
5782,11888
5783,12497
5784,11301
5785,10809
5786,10209
5787,13089
5788,10726
5789,11092
5790,14249
5791,12535
5792,12594
5793,14920
5794,10844
5795,11553
5796,11340
5797,11097
5798,10210
5799,12854
5800,96697
5801,21977
5802,15510
5803,18847
5804,14258
5805,14537
5806,13078
5807,13060
5808,13431
5809,11575
5810,21774
5811,16764
5812,17646
5813,15926
5814,13009
5815,16953
5816,14878
5817,12800
5818,13476
5819,17879
5820,21411
5821,27426
5822,15135
5823,13657
5824,12833
5825,15868
5826,11563
5827,11835
5828,15846
5829,12308
5830,20471
5831,16771
5832,15584
5833,15443
5834,14466
5835,18051
5836,19121
5837,15670
5838,11594
5839,11428
5840,25067
5841,14931
5842,14854
5843,12728
5844,18152
5845,12478
5846,11690
5847,11329
5848,12278
5849,12380
5850,28252
5851,15876
5852,15003
5853,14365
5854,14955
5855,15750
5856,14742
5857,13018
5858,17930
5859,15021
5860,15507
5861,14075
5862,12122
5863,13945
5864,12063
5865,13874
5866,11695
5867,12147
5868,12189
5869,21092
5870,47915
5871,13689
5872,12220
5873,12657
5874,12459
5875,14080
5876,12090
5877,11028
5878,10024
5879,10347
5880,16100
5881,15910
5882,13579
5883,11645
5884,11053
5885,13436
5886,10310
5887,10794
5888,15112
5889,10506
5890,13683
5891,12415
5892,12015
5893,11396
5894,10264
5895,13732
5896,11086
5897,13038
5898,11609
5899,13034
5900,72046
5901,22134
5902,17583
5903,14300
5904,14735
5905,28531
5906,14208
5907,12701
5908,13594
5909,13018
5910,22008
5911,17396
5912,13944
5913,16638
5914,12084
5915,14507
5916,12417
5917,11314
5918,11463
5919,12258
5920,19818
5921,14591
5922,16718
5923,16748
5924,16346
5925,13579
5926,11866
5927,11453
5928,10353
5929,14231
5930,18212
5931,14447
5932,18356
5933,14019
5934,10611
5935,19113
5936,10827
5937,10502
5938,10227
5939,11719
5940,16247
5941,13937
5942,13153
5943,14813
5944,13056
5945,15432
5946,10178
5947,10993
5948,11953
5949,11470
5950,27053
5951,15327
5952,17187
5953,12010
5954,10715
5955,15176
5956,10764
5957,10719
5958,11690
5959,15749
5960,16370
5961,15116
5962,31600
5963,12921
5964,11256
5965,11593
5966,11534
5967,12678
5968,9665
5969,9800
5970,16791
5971,14007
5972,12878
5973,15794
5974,10822
5975,12575
5976,10256
5977,10819
5978,9818
5979,9808
5980,14732
5981,12928
5982,13238
5983,11735
5984,12870
5985,14999
5986,11790
5987,16164
5988,11459
5989,10274
5990,20815
5991,16755
5992,13128
5993,12071
5994,12887
5995,27928
5996,11172
5997,10709
5998,15564
5999,43636
6000,669565
6001,79114
6002,53726
6003,31216
6004,32447
6005,30606
6006,26907
6007,22966
6008,24518
6009,22621
6010,40351
6011,30459
6012,26346
6013,22994
6014,21646
6015,25377
6016,22790
6017,19000
6018,23891
6019,19462
6020,37856
6021,25452
6022,21766
6023,17927
6024,19819
6025,20307
6026,18150
6027,21352
6028,18999
6029,14599
6030,32382
6031,18629
6032,20833
6033,21788
6034,15976
6035,18399
6036,15368
6037,16154
6038,13918
6039,13870
6040,29114
6041,18159
6042,18071
6043,15065
6044,16317
6045,17635
6046,13357
6047,13078
6048,17355
6049,12632
6050,26442
6051,18839
6052,18526
6053,16565
6054,21251
6055,18914
6056,17838
6057,14083
6058,13516
6059,13457
6060,39684
6061,78015
6062,18069
6063,31221
6064,18324
6065,18543
6066,17911
6067,16019
6068,14619
6069,15024
6070,19320
6071,16458
6072,15577
6073,16643
6074,16739
6075,18920
6076,15889
6077,12919
6078,13579
6079,12407
6080,19499
6081,17636
6082,21851
6083,13588
6084,19106
6085,18371
6086,13804
6087,11132
6088,14962
6089,11834
6090,20510
6091,15078
6092,14629
6093,13939
6094,12959
6095,14819
6096,14109
6097,11495
6098,14645
6099,12792
6100,92797
6101,29124
6102,21356
6103,22021
6104,16728
6105,20370
6106,18398
6107,16884
6108,19130
6109,26747
6110,28862
6111,28831
6112,20321
6113,14405
6114,17309
6115,25276
6116,17426
6117,15155
6118,16286
6119,14139
6120,27760
6121,20834
6122,18028
6123,26456
6124,16199
6125,21435
6126,19028
6127,11703
6128,13994
6129,12239
6130,17688
6131,19432
6132,13494
6133,16482
6134,11528
6135,13669
6136,13275
6137,11036
6138,13569
6139,20587
6140,18907
6141,16469
6142,14469
6143,13939
6144,16885
6145,13875
6146,12668
6147,12017
6148,12593
6149,11653
6150,28627
6151,18467
6152,15543
6153,13893
6154,15623
6155,17458
6156,14960
6157,15512
6158,13425
6159,12687
6160,27614
6161,24546
6162,18925
6163,19303
6164,21059
6165,14968
6166,20018
6167,16516
6168,17112
6169,16801
6170,20997
6171,20455
6172,18853
6173,12523
6174,13014
6175,13380
6176,12763
6177,15839
6178,15656
6179,13919
6180,20931
6181,16917
6182,12884
6183,11686
6184,10755
6185,11459
6186,9993
6187,9526
6188,10830
6189,10497
6190,19409
6191,16426
6192,11738
6193,11908
6194,10545
6195,12333
6196,10972
6197,9656
6198,10462
6199,16289
6200,92539
6201,32014
6202,26290
6203,33099
6204,23694
6205,28855
6206,21919
6207,21972
6208,20364
6209,19026
6210,34426
6211,28335
6212,28004
6213,21507
6214,17801
6215,22391
6216,16635
6217,16269
6218,16483
6219,14521
6220,37349
6221,23250
6222,23073
6223,15656
6224,17688
6225,18725
6226,18369
6227,13894
6228,14640
6229,17012
6230,26952
6231,17303
6232,16195
6233,18055
6234,15933
6235,15616
6236,14154
6237,14472
6238,14102
6239,14252
6240,24466
6241,15892
6242,16929
6243,14577
6244,17788
6245,15500
6246,13113
6247,11496
6248,12450
6249,14242
6250,33521
6251,19745
6252,15590
6253,13455
6254,14173
6255,16415
6256,14372
6257,12704
6258,12922
6259,11512
6260,19811
6261,16164
6262,19177
6263,15383
6264,12940
6265,13861
6266,12590
6267,12969
6268,12433
6269,11836
6270,14814
6271,14384
6272,14119
6273,14286
6274,11583
6275,14563
6276,11189
6277,13766
6278,12071
6279,13810
6280,25084
6281,16279
6282,14724
6283,11308
6284,11658
6285,15265
6286,11487
6287,11241
6288,20855
6289,11676
6290,14527
6291,14358
6292,15731
6293,11594
6294,10716
6295,12332
6296,10234
6297,10539
6298,9787
6299,20067
6300,91620
6301,30829
6302,22933
6303,24110
6304,22164
6305,21771
6306,19117
6307,20717
6308,19037
6309,18256
6310,35981
6311,22048
6312,21024
6313,20850
6314,17787
6315,18951
6316,17173
6317,16328
6318,14357
6319,14612
6320,27022
6321,17905
6322,15666
6323,14129
6324,14906
6325,14993
6326,13496
6327,10925
6328,12128
6329,10298
6330,23546
6331,16794
6332,15400
6333,20104
6334,14013
6335,13955
6336,14699
6337,13718
6338,12971
6339,12753
6340,21735
6341,14569
6342,12971
6343,14752
6344,18250
6345,13345
6346,10627
6347,10222
6348,11085
6349,10147
6350,24879
6351,15440
6352,12373
6353,16519
6354,12267
6355,19334
6356,11063
6357,12071
6358,9927
6359,11121
6360,20856
6361,20322
6362,12297
6363,17906
6364,21809
6365,13034
6366,11072
6367,10567
6368,10320
6369,10473
6370,14132
6371,17046
6372,13314
6373,13363
6374,12422
6375,13584
6376,10945
6377,11528
6378,11773
6379,13141
6380,19745
6381,12428
6382,13050
6383,17201
6384,13756
6385,13659
6386,10109
6387,10757
6388,14994
6389,10433
6390,16522
6391,12939
6392,11625
6393,12077
6394,10521
6395,11443
6396,9680
6397,11954
6398,10100
6399,13728
6400,109426
6401,25212
6402,21575
6403,17053
6404,15705
6405,18842
6406,13341
6407,12425
6408,16494
6409,15517
6410,30060
6411,21474
6412,18314
6413,16990
6414,16874
6415,17993
6416,18444
6417,14085
6418,14593
6419,13822
6420,23003
6421,16175
6422,14893
6423,15216
6424,15997
6425,17344
6426,13540
6427,12822
6428,11458
6429,11794
6430,17450
6431,15457
6432,14001
6433,14146
6434,11940
6435,12736
6436,11208
6437,12881
6438,11668
6439,10536
6440,17901
6441,14403
6442,13156
6443,15554
6444,14593
6445,11793
6446,11799
6447,14835
6448,10029
6449,10242
6450,25480
6451,13843
6452,15316
6453,15814
6454,12611
6455,15889
6456,11130
6457,15957
6458,10507
6459,10095
6460,28451
6461,15906
6462,12275
6463,14281
6464,17999
6465,14948
6466,13088
6467,11127
6468,13412
6469,10699
6470,15036
6471,14330
6472,14073
6473,14400
6474,15022
6475,17834
6476,9979
6477,11917
6478,11103
6479,11472
6480,15441
6481,13714
6482,12742
6483,12446
6484,14565
6485,11606
6486,10258
6487,11518
6488,14060
6489,13243
6490,15277
6491,13374
6492,24804
6493,11964
6494,10883
6495,15900
6496,11633
6497,11803
6498,12080
6499,18893
6500,176253
6501,29863
6502,27288
6503,22085
6504,14089
6505,18033
6506,14983
6507,13258
6508,13026
6509,15850
6510,24596
6511,25147
6512,21158
6513,16300
6514,15332
6515,18094
6516,16343
6517,12972
6518,13615
6519,22402
6520,23187
6521,14945
6522,14943
6523,12405
6524,12914
6525,17719
6526,11082
6527,11153
6528,11012
6529,10698
6530,19507
6531,14837
6532,18430
6533,14768
6534,14119
6535,17309
6536,12254
6537,10934
6538,12995
6539,11288
6540,15029
6541,13839
6542,13188
6543,13889
6544,11797
6545,14892
6546,10539
6547,11924
6548,11208
6549,11171
6550,25577
6551,16159
6552,12743
6553,12952
6554,12818
6555,19547
6556,19678
6557,10698
6558,10438
6559,10252
6560,18664
6561,14110
6562,20240
6563,12424
6564,11921
6565,16194
6566,14336
6567,14449
6568,10516
6569,10545
6570,28472
6571,12163
6572,12074
6573,10816
6574,10548
6575,14103
6576,29804
6577,10250
6578,8990
6579,9345
6580,13737
6581,13354
6582,12803
6583,10906
6584,11147
6585,14323
6586,10142
6587,10181
6588,19256
6589,9367
6590,22552
6591,12299
6592,12489
6593,11743
6594,10432
6595,13334
6596,14223
6597,9099
6598,9969
6599,13717
6600,94713
6601,21328
6602,14309
6603,13524
6604,14801
6605,17329
6606,15866
6607,20861
6608,13809
6609,12235
6610,22502
6611,31834
6612,15497
6613,17741
6614,13729
6615,14682
6616,12895
6617,11230
6618,10293
6619,12039
6620,19254
6621,16117
6622,15858
6623,11955
6624,14701
6625,19861
6626,12155
6627,12249
6628,10687
6629,11175
6630,18495
6631,19857
6632,15042
6633,43331
6634,41926
6635,11526
6636,13950
6637,11964
6638,11171
6639,18793
6640,14817
6641,12817
6642,11961
6643,12280
6644,13194
6645,11199
6646,11480
6647,10603
6648,11689
6649,9575
6650,22182
6651,15948
6652,13207
6653,13457
6654,12064
6655,14741
6656,12765
6657,13006
6658,10251
6659,12530
6660,15533
6661,15787
6662,14732
6663,12443
6664,12787
6665,11843
6666,29591
6667,23405
6668,12265
6669,10610
6670,19869
6671,14547
6672,13802
6673,13918
6674,18991
6675,12797
6676,12443
6677,13380
6678,10397
6679,10367
6680,18024
6681,16187
6682,13239
6683,12388
6684,13945
6685,10910
6686,335440
6687,9954
6688,12988
6689,10352
6690,18289
6691,11956
6692,11095
6693,10758
6694,11461
6695,10867
6696,12236
6697,9655
6698,9374
6699,19409
6700,69154
6701,22695
6702,15079
6703,15595
6704,16345
6705,15282
6706,12531
6707,11878
6708,16282
6709,12634
6710,21017
6711,15662
6712,16123
6713,13831
6714,15141
6715,12376
6716,12855
6717,11508
6718,10895
6719,10674
6720,17484
6721,15583
6722,15256
6723,14216
6724,11937
6725,16090
6726,11587
6727,11458
6728,12788
6729,11925
6730,12959
6731,12772
6732,12141
6733,14233
6734,11287
6735,13421
6736,31307
6737,10911
6738,10462
6739,9297
6740,13797
6741,12627
6742,12807
6743,13685
6744,12798
6745,14807
6746,10326
6747,10381
6748,10874
6749,11174
6750,24778
6751,15286
6752,13387
6753,13749
6754,13694
6755,13165
6756,11247
6757,14537
6758,11564
6759,10445
6760,13156
6761,12371
6762,12151
6763,13943
6764,10693
6765,11823
6766,10919
6767,14604
6768,11156
6769,10470
6770,18925
6771,12324
6772,11915
6773,12662
6774,10357
6775,11010
6776,13633
6777,15143
6778,10995
6779,10787
6780,13347
6781,12448
6782,11615
6783,12343
6784,11863
6785,11309
6786,10754
6787,11604
6788,13503
6789,17586
6790,16031
6791,12531
6792,10614
6793,11729
6794,13248
6795,12173
6796,11490
6797,9728
6798,10526
6799,15218
6800,86783
6801,23488
6802,14392
6803,16418
6804,17225
6805,14008
6806,11866
6807,14542
6808,12766
6809,13100
6810,22141
6811,20004
6812,16798
6813,13421
6814,13967
6815,13165
6816,11901
6817,11716
6818,14463
6819,11302
6820,21142
6821,12870
6822,16045
6823,12958
6824,14727
6825,17097
6826,11970
6827,12034
6828,11250
6829,10884
6830,20174
6831,18692
6832,12947
6833,15245
6834,15992
6835,13797
6836,12546
6837,9879
6838,13932
6839,9318
6840,18299
6841,12992
6842,12361
6843,10321
6844,11329
6845,12341
6846,9746
6847,10175
6848,15355
6849,9608
6850,28842
6851,15414
6852,12529
6853,11878
6854,12252
6855,12150
6856,11051
6857,10540
6858,12724
6859,9347
6860,13369
6861,13149
6862,12092
6863,12103
6864,11921
6865,10902
6866,10901
6867,10112
6868,13743
6869,16876
6870,23028
6871,12150
6872,11760
6873,10818
6874,10137
6875,19951
6876,10561
6877,15376
6878,11662
6879,10166
6880,19756
6881,12697
6882,13013
6883,13929
6884,11091
6885,11635
6886,16399
6887,11841
6888,16645
6889,9533
6890,12793
6891,10871
6892,12177
6893,10408
6894,11164
6895,11114
6896,21392
6897,12839
6898,9129
6899,11024
6900,59590
6901,21680
6902,19025
6903,16651
6904,13960
6905,15909
6906,13273
6907,13033
6908,11771
6909,14363
6910,20562
6911,16836
6912,14094
6913,16115
6914,12734
6915,12532
6916,13211
6917,12000
6918,10836
6919,11254
6920,19186
6921,14564
6922,15469
6923,11650
6924,11833
6925,12144
6926,18179
6927,9788
6928,10098
6929,10150
6930,18258
6931,12284
6932,11135
6933,11495
6934,10793
6935,11187
6936,9654
6937,10242
6938,8849
6939,9904
6940,15723
6941,14183
6942,10814
6943,11117
6944,14229
6945,12307
6946,9448
6947,13286
6948,9101
6949,9293
6950,27860
6951,16760
6952,11320
6953,10757
6954,10221
6955,11759
6956,11627
6957,9323
6958,10573
6959,9718
6960,13185
6961,11852
6962,11570
6963,14303
6964,10697
6965,11107
6966,10199
6967,9559
6968,11831
6969,17883
6970,21457
6971,11622
6972,17713
6973,10215
6974,10842
6975,25506
6976,17351
6977,11037
6978,9954
6979,9547
6980,13920
6981,11739
6982,19387
6983,10256
6984,10033
6985,10661
6986,9896
6987,8805
6988,10119
6989,9931
6990,16861
6991,12246
6992,11466
6993,11754
6994,10582
6995,23530
6996,11119
6997,9145
6998,10092
6999,29038
7000,372912
7001,44421
7002,29151
7003,32962
7004,26664
7005,28756
7006,21951
7007,21727
7008,19190
7009,19831
7010,44420
7011,27245
7012,22867
7013,21242
7014,19815
7015,22293
7016,19264
7017,18990
7018,18821
7019,14179
7020,29872
7021,19991
7022,30182
7023,17980
7024,20679
7025,19130
7026,17566
7027,14262
7028,14690
7029,13003
7030,29463
7031,20802
7032,17891
7033,16519
7034,18584
7035,19205
7036,17126
7037,13537
7038,12025
7039,16051
7040,23824
7041,17416
7042,18075
7043,14413
7044,15939
7045,16509
7046,14158
7047,14350
7048,11906
7049,11621
7050,29211
7051,15555
7052,18344
7053,13867
7054,16078
7055,17405
7056,11942
7057,12390
7058,12353
7059,14421
7060,19693
7061,16062
7062,13377
7063,12791
7064,14722
7065,15162
7066,14047
7067,12374
7068,13340
7069,13880
7070,25120
7071,22058
7072,14738
7073,15570
7074,12954
7075,36048
7076,13574
7077,20629
7078,15582
7079,13617
7080,19327
7081,18081
7082,15365
7083,16784
7084,11348
7085,12195
7086,12780
7087,16596
7088,16809
7089,11037
7090,18338
7091,14479
7092,15798
7093,16204
7094,15007
7095,17842
7096,12742
7097,12843
7098,12351
7099,12341
7100,77044
7101,21909
7102,20009
7103,16731
7104,16411
7105,15860
7106,15094
7107,14604
7108,13220
7109,18418
7110,26045
7111,25180
7112,18360
7113,13678
7114,14550
7115,14127
7116,14582
7117,14967
7118,11314
7119,12061
7120,28172
7121,16455
7122,15083
7123,13817
7124,15589
7125,16065
7126,12516
7127,11501
7128,11463
7129,11398
7130,19453
7131,17109
7132,14076
7133,14393
7134,11632
7135,14514
7136,11656
7137,10664
7138,9646
7139,10379
7140,20163
7141,14144
7142,12670
7143,14231
7144,11535
7145,11667
7146,10386
7147,9878
7148,10058
7149,10824
7150,23768
7151,16090
7152,12264
7153,12335
7154,10794
7155,14272
7156,10268
7157,10365
7158,10540
7159,10063
7160,15964
7161,13858
7162,11575
7163,14376
7164,12291
7165,13333
7166,9962
7167,10996
7168,11422
7169,9319
7170,14683
7171,17206
7172,13071
7173,11702
7174,12672
7175,11925
7176,11590
7177,12173
7178,10530
7179,10248
7180,13089
7181,13686
7182,11743
7183,12778
7184,12259
7185,10812
7186,9534
7187,10079
7188,11158
7189,9533
7190,14463
7191,12941
7192,13335
7193,11099
7194,10314
7195,11831
7196,12608
7197,9536
7198,9148
7199,14586
7200,154150
7201,29525
7202,22081
7203,17829
7204,17605
7205,21270
7206,15419
7207,14885
7208,18135
7209,13141
7210,25590
7211,19778
7212,18767
7213,14694
7214,16749
7215,15813
7216,15741
7217,12991
7218,13571
7219,12956
7220,22527
7221,15510
7222,18858
7223,15820
7224,14856
7225,18751
7226,13652
7227,13632
7228,20256
7229,11009
7230,20372
7231,13612
7232,14187
7233,15650
7234,12672
7235,13270
7236,15731
7237,11050
7238,13465
7239,11455
7240,15442
7241,15233
7242,13268
7243,15190
7244,11934
7245,13645
7246,12396
7247,11765
7248,12137
7249,10730
7250,25960
7251,13471
7252,12437
7253,14203
7254,12739
7255,13169
7256,11447
7257,11030
7258,12952
7259,10540
7260,18076
7261,12744
7262,13779
7263,12961
7264,13425
7265,12198
7266,10173
7267,10730
7268,9394
7269,10387
7270,16634
7271,12260
7272,17806
7273,13736
7274,11237
7275,19289
7276,9720
7277,13268
7278,10458
7279,9705
7280,15197
7281,11914
7282,11472
7283,11873
7284,10514
7285,10506
7286,9382
7287,17163
7288,10852
7289,10639
7290,14662
7291,12144
7292,11856
7293,11184
7294,10504
7295,10456
7296,9542
7297,10357
7298,10530
7299,14642
7300,64422
7301,23429
7302,18090
7303,15621
7304,18740
7305,19971
7306,17529
7307,16092
7308,14209
7309,15900
7310,24253
7311,18137
7312,15974
7313,14614
7314,17003
7315,15359
7316,13964
7317,12275
7318,12781
7319,12226
7320,19175
7321,17296
7322,14601
7323,14266
7324,14052
7325,15559
7326,23356
7327,11416
7328,13569
7329,9708
7330,22424
7331,13546
7332,13204
7333,16968
7334,11767
7335,11475
7336,12632
7337,13606
7338,14576
7339,9760
7340,18990
7341,12619
7342,11145
7343,18190
7344,10849
7345,14595
7346,11199
7347,9946
7348,10507
7349,14091
7350,18702
7351,13204
7352,12839
7353,15026
7354,10943
7355,19252
7356,10419
7357,10413
7358,8977
7359,10354
7360,17392
7361,13298
7362,11232
7363,13407
7364,10637
7365,10012
7366,10292
7367,9163
7368,12198
7369,11318
7370,19977
7371,12734
7372,15677
7373,16651
7374,11016
7375,11296
7376,10156
7377,12071
7378,12443
7379,9800
7380,14475
7381,12352
7382,11271
7383,11281
7384,11043
7385,10353
7386,10811
7387,11942
7388,11129
7389,9735
7390,13302
7391,12192
7392,11165
7393,14126
7394,10281
7395,11868
7396,9098
7397,9441
7398,8631
7399,12835
7400,60318
7401,19706
7402,15417
7403,14461
7404,23801
7405,17045
7406,10575
7407,13996
7408,15562
7409,10417
7410,21626
7411,16208
7412,13473
7413,12858
7414,78959
7415,14114
7416,11972
7417,14192
7418,11195
7419,13361
7420,19338
7421,14431
7422,14723
7423,13543
7424,16277
7425,14554
7426,10754
7427,10430
7428,11594
7429,9981
7430,15807
7431,15030
7432,14623
7433,14310
7434,14466
7435,13059
7436,11450
7437,10913
7438,10947
7439,11427
7440,21238
7441,16391
7442,12768
7443,13848
7444,15236
7445,18169
7446,12256
7447,14642
7448,10196
7449,92582
7450,21419
7451,15579
7452,15376
7453,12037
7454,10284
7455,11386
7456,12491
7457,10740
7458,13069
7459,9148
7460,12875
7461,13450
7462,12493
7463,14104
7464,11097
7465,12878
7466,10383
7467,10548
7468,9026
7469,17330
7470,16701
7471,12259
7472,10656
7473,11448
7474,16823
7475,15135
7476,9750
7477,11205
7478,8987
7479,9044
7480,14158
7481,13260
7482,11355
7483,10942
7484,10440
7485,9657
7486,9364
7487,9444
7488,12045
7489,10019
7490,14319
7491,13572
7492,10942
7493,10783
7494,10269
7495,14197
7496,9077
7497,9112
7498,12662
7499,18936
7500,176591
7501,26376
7502,18242
7503,15311
7504,13869
7505,16095
7506,16932
7507,11631
7508,15854
7509,15791
7510,23295
7511,16562
7512,18508
7513,13385
7514,12590
7515,15476
7516,13112
7517,10957
7518,16946
7519,10930
7520,27188
7521,18188
7522,13720
7523,11454
7524,12646
7525,16396
7526,11136
7527,10941
7528,11544
7529,13895
7530,19399
7531,13939
7532,12938
7533,12192
7534,12133
7535,15574
7536,10354
7537,10484
7538,14476
7539,9406
7540,12994
7541,13822
7542,11332
7543,11149
7544,11032
7545,13867
7546,11211
7547,9808
7548,10935
7549,9817
7550,22410
7551,20064
7552,11347
7553,14458
7554,39990
7555,18154
7556,10386
7557,12244
7558,10856
7559,13740
7560,13495
7561,12427
7562,16815
7563,11045
7564,10138
7565,11024
7566,12272
7567,13598
7568,10462
7569,10310
7570,12805
7571,12004
7572,11180
7573,10799
7574,9692
7575,17367
7576,11795
7577,12072
7578,8868
7579,10451
7580,13491
7581,11766
7582,10904
7583,10431
7584,10008
7585,10795
7586,9473
7587,9426
7588,10441
7589,9774
7590,13485
7591,12122
7592,11285
7593,11297
7594,9911
7595,12117
7596,9113
7597,9525
7598,9120
7599,11542
7600,98988
7601,59324
7602,14064
7603,13171
7604,14030
7605,12758
7606,19116
7607,12860
7608,11773
7609,10977
7610,30636
7611,16163
7612,14786
7613,17219
7614,10940
7615,11409
7616,11996
7617,10957
7618,9690
7619,10740
7620,17223
7621,14795
7622,12990
7623,12467
7624,13859
7625,13093
7626,11854
7627,11487
7628,12698
7629,9960
7630,15825
7631,16372
7632,14838
7633,14401
7634,10110
7635,11012
7636,11234
7637,11096
7638,10165
7639,8678
7640,14050
7641,13767
7642,13944
7643,12647
7644,13596
7645,14415
7646,13486
7647,12404
7648,10663
7649,10410
7650,18307
7651,12500
7652,16307
7653,15278
7654,11073
7655,12267
7656,12912
7657,11051
7658,9978
7659,10460
7660,15104
7661,17856
7662,13609
7663,14384
7664,18595
7665,11652
7666,14615
7667,11852
7668,9931
7669,11496
7670,13498
7671,14382
7672,10493
7673,10977
7674,11815
7675,16216
7676,15145
7677,13646
7678,9376
7679,9172
7680,19610
7681,12262
7682,10695
7683,12969
7684,11986
7685,10974
7686,10768
7687,10064
7688,10159
7689,10919
7690,12459
7691,13810
7692,11922
7693,9878
7694,14778
7695,11931
7696,10344
7697,9990
7698,8958
7699,12130
7700,64956
7701,25048
7702,16800
7703,16174
7704,13560
7705,14778
7706,10519
7707,12769
7708,11184
7709,12607
7710,24821
7711,20285
7712,18209
7713,13771
7714,12482
7715,12868
7716,12871
7717,18779
7718,12550
7719,15146
7720,28550
7721,15036
7722,17407
7723,12663
7724,13737
7725,12831
7726,13797
7727,12759
7728,15760
7729,11575
7730,18923
7731,15321
7732,13755
7733,16977
7734,14807
7735,13724
7736,11873
7737,13685
7738,11168
7739,11774
7740,29292
7741,12975
7742,12084
7743,12530
7744,12145
7745,12634
7746,12122
7747,15407
7748,13236
7749,10293
7750,30902
7751,18717
7752,12805
7753,15180
7754,10522
7755,15886
7756,10187
7757,13313
7758,12234
7759,10097
7760,22739
7761,11631
7762,12735
7763,12380
7764,12011
7765,11580
7766,13288
7767,10760
7768,11055
7769,9109
7770,22644
7771,20597
7772,12353
7773,12690
7774,21182
7775,14774
7776,25590
7777,37765
7778,23610
7779,13585
7780,14088
7781,11411
7782,13177
7783,11011
7784,10048
7785,11547
7786,12165
7787,12677
7788,13883
7789,11274
7790,17450
7791,12092
7792,16047
7793,13358
7794,10147
7795,11602
7796,9869
7797,12881
7798,9737
7799,14532
7800,71475
7801,23811
7802,16624
7803,22421
7804,16788
7805,20350
7806,15697
7807,13537
7808,15411
7809,13508
7810,21427
7811,19228
7812,18343
7813,17678
7814,14358
7815,16103
7816,14520
7817,16224
7818,11957
7819,16825
7820,15662
7821,17094
7822,14155
7823,14945
7824,12838
7825,17185
7826,11418
7827,14605
7828,12235
7829,10157
7830,15425
7831,16005
7832,14665
7833,16744
7834,15503
7835,10984
7836,13065
7837,14210
7838,10381
7839,9883
7840,16780
7841,14380
7842,13391
7843,14608
7844,11815
7845,13544
7846,10329
7847,13288
7848,11544
7849,10759
7850,26437
7851,15994
7852,13277
7853,11822
7854,13616
7855,12761
7856,10062
7857,10923
7858,9786
7859,15161
7860,16083
7861,13742
7862,10713
7863,13428
7864,13397
7865,10600
7866,14009
7867,12509
7868,9287
7869,14054
7870,22828
7871,13777
7872,11634
7873,12930
7874,12178
7875,12303
7876,13262
7877,10996
7878,13949
7879,11763
7880,14066
7881,13514
7882,37875
7883,10206
7884,11929
7885,13392
7886,10903
7887,12563
7888,13041
7889,9502
7890,16984
7891,12046
7892,11747
7893,13045
7894,10118
7895,10098
7896,8949
7897,8643
7898,8781
7899,14504
7900,66374
7901,20790
7902,14636
7903,14715
7904,12381
7905,12187
7906,10455
7907,11428
7908,10666
7909,11397
7910,16365
7911,14748
7912,12642
7913,11552
7914,12447
7915,12454
7916,12867
7917,11196
7918,10229
7919,11516
7920,18439
7921,15779
7922,14017
7923,11420
7924,12651
7925,12463
7926,10266
7927,11284
7928,12112
7929,10498
7930,16059
7931,13991
7932,13502
7933,12167
7934,12015
7935,11480
7936,12615
7937,10812
7938,10674
7939,12368
7940,16821
7941,12787
7942,12288
7943,10551
7944,10989
7945,13081
7946,16115
7947,8955
7948,10093
7949,9658
7950,35083
7951,12416
7952,12603
7953,10546
7954,10788
7955,11625
7956,10821
7957,11041
7958,10037
7959,8916
7960,19235
7961,12007
7962,11242
7963,13424
7964,10835
7965,10636
7966,11080
7967,10549
7968,11318
7969,10723
7970,34921
7971,13980
7972,9754
7973,12179
7974,14795
7975,14742
7976,12272
7977,12747
7978,9707
7979,13798
7980,15705
7981,14879
7982,9998
7983,10225
7984,11209
7985,10580
7986,8647
7987,8183
7988,10301
7989,9173
7990,17066
7991,11651
7992,10651
7993,10932
7994,12437
7995,17490
7996,9060
7997,9410
7998,11346
7999,26788
8000,438249
8001,43374
8002,33213
8003,25642
8004,22221
8005,22385
8006,19534
8007,18177
8008,23632
8009,17010
8010,32642
8011,27259
8012,22452
8013,15974
8014,17360
8015,17262
8016,20215
8017,13312
8018,16810
8019,12380
8020,26621
8021,19800
8022,17023
8023,14956
8024,12970
8025,17696
8026,12421
8027,12184
8028,15825
8029,11956
8030,19693
8031,15864
8032,16161
8033,18996
8034,14726
8035,15083
8036,12886
8037,12841
8038,12472
8039,11517
8040,23132
8041,16158
8042,16315
8043,16197
8044,11497
8045,14100
8046,12535
8047,11265
8048,13347
8049,13477
8050,25859
8051,35012
8052,16309
8053,17735
8054,16363
8055,15940
8056,16164
8057,13461
8058,11165
8059,13217
8060,20148
8061,16839
8062,14419
8063,13018
8064,13103
8065,13523
8066,12261
8067,10698
8068,11158
8069,11647
8070,16559
8071,13332
8072,13633
8073,11668
8074,11824
8075,14532
8076,10257
8077,14007
8078,10989
8079,11820
8080,108063
8081,25048
8082,13330
8083,15968
8084,18081
8085,25293
8086,29653
8087,13966
8088,23086
8089,12644
8090,18270
8091,15527
8092,13614
8093,13707
8094,13262
8095,14795
8096,16499
8097,10243
8098,11970
8099,14944
8100,77553
8101,21815
8102,15366
8103,15697
8104,14839
8105,13539
8106,14329
8107,15235
8108,14897
8109,14324
8110,24381
8111,21691
8112,26622
8113,13814
8114,11507
8115,15749
8116,10524
8117,17850
8118,16275
8119,10348
8120,21094
8121,15172
8122,13600
8123,13880
8124,11218
8125,19954
8126,13046
8127,10075
8128,10652
8129,9601
8130,20200
8131,14007
8132,11577
8133,12578
8134,12615
8135,11545
8136,11755
8137,11938
8138,10456
8139,12622
8140,14362
8141,14770
8142,11230
8143,11086
8144,11748
8145,13092
8146,11935
8147,10777
8148,9471
8149,8690
8150,22217
8151,13404
8152,13834
8153,11108
8154,10297
8155,16983
8156,9502
8157,9372
8158,9566
8159,9686
8160,16231
8161,13322
8162,13386
8163,12328
8164,12669
8165,10734
8166,12493
8167,10208
8168,10228
8169,9909
8170,10829
8171,15301
8172,11671
8173,18704
8174,11312
8175,11167
8176,10153
8177,10422
8178,9546
8179,9931
8180,14521
8181,17822
8182,12131
8183,11091
8184,10272
8185,10119
8186,11761
8187,9583
8188,11042
8189,9414
8190,12419
8191,14382
8192,43457
8193,11567
8194,10651
8195,10158
8196,9028
8197,8576
8198,8768
8199,10515
8200,70748
8201,20091
8202,16299
8203,21379
8204,17208
8205,16908
8206,12678
8207,12124
8208,13259
8209,10489
8210,24014
8211,76305
8212,44229
8213,15574
8214,13974
8215,14649
8216,23961
8217,128604
8218,13710
8219,10005
8220,68896
8221,74273
8222,19215
8223,15840
8224,13932
8225,14650
8226,30419
8227,10298
8228,12480
8229,9979
8230,48477
8231,13894
8232,15976
8233,14348
8234,14280
8235,18774
8236,10628
8237,10619
8238,10373
8239,9172
8240,15286
8241,12279
8242,19442
8243,19810
8244,13172
8245,10948
8246,12727
8247,14557
8248,10720
8249,10539
8250,26701
8251,14205
8252,12791
8253,11581
8254,11292
8255,20172
8256,10091
8257,9147
8258,9965
8259,9006
8260,20276
8261,12055
8262,11631
8263,10667
8264,10461
8265,11730
8266,13071
8267,10023
8268,9622
8269,9715
8270,13978
8271,12335
8272,11410
8273,10722
8274,12469
8275,11622
8276,10711
8277,9978
8278,9130
8279,9661
8280,13624
8281,12305
8282,15789
8283,14905
8284,10432
8285,11185
8286,9999
8287,9382
8288,12027
8289,10982
8290,21884
8291,11491
8292,10875
8293,10678
8294,10425
8295,10719
8296,9090
8297,8717
8298,10551
8299,18781
8300,64454
8301,28531
8302,15353
8303,14564
8304,14983
8305,11522
8306,10976
8307,10204
8308,11094
8309,10713
8310,23530
8311,20480
8312,16012
8313,12783
8314,12504
8315,13280
8316,11932
8317,11235
8318,11581
8319,11129
8320,26493
8321,14137
8322,14689
8323,12370
8324,12686
8325,11912
8326,11485
8327,10297
8328,11756
8329,9886
8330,25016
8331,14572
8332,15420
8333,21288
8334,10218
8335,11091
8336,9451
8337,10903
8338,9940
8339,12206
8340,14324
8341,14276
8342,10654
8343,13546
8344,12036
8345,11241
8346,10515
8347,8962
8348,9555
8349,10085
8350,30301
8351,11853
8352,11969
8353,11506
8354,9981
8355,13632
8356,9690
8357,10206
8358,14702
8359,8467
8360,16799
8361,13282
8362,10850
8363,10528
8364,11433
8365,9461
8366,9518
8367,9345
8368,8917
8369,9193
8370,15522
8371,15773
8372,11400
8373,10552
8374,9297
8375,11030
8376,9331
8377,10321
8378,9545
8379,9873
8380,13007
8381,10936
8382,14325
8383,14723
8384,10764
8385,10029
8386,8837
8387,11896
8388,11559
8389,11551
8390,12186
8391,11289
8392,10006
8393,12003
8394,8971
8395,9454
8396,8979
8397,8816
8398,8483
8399,10722
8400,69902
8401,24914
8402,13832
8403,14490
8404,11864
8405,10983
8406,11106
8407,10386
8408,9833
8409,9616
8410,14213
8411,14239
8412,12022
8413,11267
8414,12590
8415,12171
8416,10942
8417,10478
8418,10025
8419,9704
8420,12551
8421,13270
8422,11732
8423,10868
8424,14290
8425,16332
8426,9450
8427,9805
8428,9719
8429,9608
8430,12502
8431,13547
8432,12291
8433,12345
8434,10029
8435,10213
8436,9297
8437,9844
8438,9729
8439,8978
8440,14972
8441,12027
8442,11650
8443,18397
8444,14211
8445,16942
8446,10139
8447,9789
8448,14221
8449,8906
8450,16422
8451,14226
8452,12983
8453,12631
8454,12572
8455,12545
8456,11678
8457,10517
8458,9258
8459,8585
8460,12520
8461,13777
8462,10501
8463,10721
8464,11178
8465,9746
8466,10258
8467,9244
8468,9614
8469,9610
8470,10639
8471,12322
8472,20499
8473,10645
8474,9723
8475,13981
8476,8979
8477,18993
8478,8825
8479,10252
8480,10965
8481,11182
8482,18589
8483,11339
8484,13314
8485,11801
8486,9221
8487,8666
8488,9850
8489,19292
8490,9548
8491,11994
8492,9446
8493,10279
8494,9408
8495,10465
8496,8340
8497,9462
8498,8125
8499,13785
8500,118429
8501,24165
8502,16565
8503,12662
8504,13414
8505,16043
8506,10736
8507,12273
8508,10836
8509,9302
8510,16858
8511,16843
8512,14431
8513,10763
8514,12169
8515,13298
8516,10311
8517,9689
8518,10940
8519,10345
8520,43437
8521,12596
8522,12075
8523,12164
8524,11709
8525,16183
8526,9643
8527,12602
8528,12011
8529,9935
8530,24460
8531,13480
8532,12421
8533,12330
8534,11457
8535,14679
8536,12355
8537,8589
8538,9166
8539,9134
8540,18666
8541,12426
8542,12517
8543,11224
8544,12474
8545,13273
8546,9538
8547,9769
8548,8866
8549,9006
8550,21466
8551,14571
8552,10777
8553,11678
8554,13867
8555,18511
8556,10018
8557,9597
8558,11782
8559,9668
8560,14810
8561,12441
8562,12443
8563,10324
8564,9043
8565,10838
8566,8823
8567,8544
8568,8939
8569,8046
8570,15249
8571,14148
8572,10458
8573,12840
8574,9754
8575,10902
8576,8210
8577,10528
8578,11494
8579,8513
8580,11302
8581,13208
8582,11303
8583,11030
8584,9503
8585,14075
8586,10288
8587,9507
8588,13360
8589,7894
8590,10106
8591,10494
8592,12354
8593,10547
8594,19123
8595,11712
8596,9216
8597,7815
8598,8347
8599,11144
8600,73141
8601,47125
8602,11683
8603,11260
8604,10856
8605,10961
8606,12411
8607,9526
8608,10391
8609,9675
8610,19595
8611,14725
8612,11510
8613,10451
8614,10216
8615,12535
8616,11510
8617,9873
8618,10525
8619,11452
8620,18756
8621,15822
8622,12261
8623,10407
8624,10711
8625,13479
8626,9152
8627,10705
8628,11323
8629,9273
8630,13544
8631,11310
8632,12110
8633,13375
8634,9607
8635,11160
8636,9019
8637,10331
8638,11888
8639,8849
8640,14736
8641,11643
8642,10786
8643,10232
8644,11501
8645,9480
8646,9671
8647,9183
8648,11475
8649,8851
8650,15005
8651,11805
8652,11480
8653,9881
8654,12371
8655,10803
8656,11000
8657,9130
8658,8901
8659,9719
8660,14169
8661,12446
8662,10520
8663,10636
8664,10993
8665,9951
8666,10635
8667,10324
8668,9692
8669,9166
8670,11618
8671,12413
8672,10511
8673,10199
8674,16013
8675,9210
8676,8867
8677,10210
8678,8514
8679,8211
8680,10350
8681,12103
8682,12150
8683,10857
8684,9279
8685,9980
8686,13551
8687,10531
8688,13434
8689,8688
8690,12269
8691,12609
8692,11504
8693,9638
8694,8565
8695,9220
8696,9558
8697,8488
8698,8542
8699,10807
8700,52749
8701,20155
8702,12265
8703,13260
8704,12549
8705,13673
8706,9659
8707,10638
8708,10686
8709,9670
8710,14164
8711,15422
8712,13863
8713,10860
8714,9680
8715,11046
8716,9887
8717,10494
8718,8842
8719,9767
8720,14161
8721,14204
8722,13154
8723,14263
8724,12682
8725,13396
8726,8882
8727,10095
8728,11780
8729,9028
8730,17094
8731,13578
8732,12541
8733,14334
8734,13140
8735,11033
8736,11007
8737,9733
8738,11747
8739,9723
8740,13431
8741,14004
8742,14030
8743,10994
8744,11110
8745,9795
8746,10927
8747,10446
8748,8729
8749,9406
8750,21663
8751,14334
8752,11141
8753,14854
8754,9354
8755,13734
8756,8922
8757,10175
8758,10330
8759,10388
8760,13215
8761,10696
8762,10640
8763,10456
8764,11546
8765,11909
8766,9694
8767,22332
8768,8839
8769,7909
8770,12873
8771,11492
8772,14542
8773,10774
8774,10521
8775,13658
8776,12925
8777,16913
8778,9577
8779,9372
8780,11143
8781,9960
8782,10213
8783,9457
8784,9131
8785,12425
8786,9322
8787,14347
8788,11416
8789,8431
8790,20527
8791,10099
8792,10651
8793,8855
8794,10777
8795,9554
8796,7890
8797,9645
8798,9883
8799,13439
8800,86337
8801,22268
8802,17316
8803,12887
8804,14727
8805,13435
8806,16288
8807,16174
8808,14011
8809,11320
8810,15416
8811,16509
8812,14271
8813,11623
8814,11100
8815,11960
8816,14482
8817,13653
8818,15250
8819,11090
8820,26511
8821,14256
8822,18732
8823,15235
8824,13174
8825,48016
8826,11185
8827,11090
8828,11324
8829,10858
8830,27684
8831,14549
8832,13798
8833,15617
8834,10751
8835,11368
8836,22757
8837,11932
8838,10127
8839,9011
8840,16792
8841,13032
8842,10492
8843,12135
8844,15902
8845,10056
8846,10642
8847,8456
8848,11385
8849,9393
8850,18729
8851,12525
8852,12642
8853,26532
8854,13717
8855,14430
8856,9155
8857,12006
8858,15042
8859,42120
8860,12998
8861,16022
8862,10758
8863,26476
8864,9457
8865,13346
8866,13115
8867,10045
8868,11555
8869,11290
8870,14325
8871,14437
8872,11383
8873,23718
8874,9664
8875,11831
8876,11911
8877,12376
8878,10847
8879,10326
8880,19760
8881,13607
8882,12711
8883,11567
8884,18350
8885,11439
8886,11661
8887,12371
8888,49707
8889,14813
8890,14747
8891,12214
8892,10354
8893,10150
8894,8935
8895,11801
8896,11089
8897,8666
8898,10002
8899,12629
8900,65689
8901,21612
8902,14608
8903,11358
8904,12067
8905,13829
8906,10471
8907,9417
8908,10448
8909,9722
8910,19890
8911,14088
8912,12178
8913,9745
8914,11542
8915,11117
8916,9384
8917,10189
8918,8363
8919,8689
8920,14442
8921,11299
8922,11210
8923,10465
8924,12924
8925,12935
8926,9753
8927,8216
8928,8700
8929,9164
8930,13208
8931,10531
8932,9825
8933,10787
8934,8712
8935,9905
8936,8899
8937,8623
8938,11411
8939,8387
8940,12422
8941,11413
8942,9969
8943,10004
8944,9879
8945,10195
8946,8491
8947,8656
8948,8169
8949,11739
8950,15368
8951,11836
8952,10376
8953,9563
8954,10340
8955,9653
8956,8650
8957,8989
8958,8280
8959,11002
8960,12614
8961,11462
8962,10314
8963,11128
8964,9206
8965,9722
8966,9708
8967,8226
8968,9181
8969,9572
8970,11318
8971,11185
8972,10311
8973,9365
8974,8791
8975,13419
8976,8035
8977,8683
8978,8178
8979,8750
8980,10385
8981,11676
8982,9783
8983,11687
8984,10823
8985,10068
8986,9121
8987,8966
8988,10187
8989,15127
8990,15376
8991,12731
8992,10382
8993,12970
8994,9511
8995,16917
8996,8970
8997,8761
8998,9438
8999,24469
9000,350601
9001,287362
9002,39743
9003,38566
9004,29229
9005,36370
9006,34755
9007,22185
9008,20477
9009,15424
9010,25124
9011,19614
9012,20977
9013,13855
9014,13039
9015,14037
9016,16923
9017,11074
9018,11787
9019,12222
9020,20303
9021,14034
9022,13131
9023,13096
9024,11716
9025,12246
9026,10306
9027,10604
9028,10436
9029,10313
9030,21593
9031,14376
9032,13240
9033,12340
9034,10231
9035,11318
9036,10411
9037,9375
9038,9413
9039,8954
9040,16316
9041,13761
9042,10915
9043,10224
9044,10174
9045,10490
9046,9760
9047,9511
9048,9594
9049,9124
9050,18111
9051,12366
9052,13451
9053,16996
9054,10403
9055,11628
9056,9007
9057,8769
9058,8702
9059,8444
9060,15383
9061,11892
9062,12232
9063,10509
9064,10350
9065,8962
9066,14401
9067,10093
9068,9458
9069,9020
9070,13287
9071,11437
9072,11939
9073,10191
9074,9755
9075,10199
9076,9068
9077,9135
9078,9483
9079,7707
9080,13392
9081,11459
9082,10212
9083,10691
9084,9693
9085,16571
9086,9626
9087,8205
9088,9932
9089,8776
9090,24093
9091,14213
9092,11962
9093,10609
9094,9985
9095,10038
9096,9015
9097,9729
9098,9237
9099,12613
9100,66689
9101,21862
9102,13664
9103,12225
9104,11630
9105,15028
9106,14193
9107,10157
9108,10666
9109,11366
9110,19508
9111,19760
9112,13214
9113,11342
9114,11737
9115,12295
9116,10775
9117,9960
9118,10222
9119,11576
9120,15696
9121,12638
9122,12946
9123,12473
9124,10172
9125,12045
9126,10517
9127,9125
9128,33229
9129,8651
9130,13662
9131,13956
9132,12817
9133,11253
9134,9890
9135,10374
9136,9587
9137,9231
9138,10366
9139,8883
9140,12580
9141,12959
9142,10199
9143,10029
9144,10786
9145,10500
9146,8708
9147,8581
9148,10610
9149,10485
9150,28361
9151,12306
9152,10182
9153,10678
9154,8923
9155,12259
9156,7887
9157,8145
9158,9629
9159,8926
9160,12992
9161,11432
9162,10299
9163,10310
9164,10102
9165,10513
9166,9645
9167,8761
9168,8937
9169,8002
9170,10232
9171,12409
9172,10559
9173,9859
9174,10019
9175,10684
9176,9628
9177,8869
9178,8389
9179,8473
9180,11787
9181,11937
9182,9386
9183,9400
9184,10946
9185,9469
9186,8770
9187,8301
9188,9193
9189,7912
9190,11136
9191,15967
9192,11301
9193,12676
9194,9861
9195,10650
9196,9011
9197,8214
9198,8299
9199,11196
9200,72592
9201,16603
9202,13098
9203,12475
9204,10451
9205,10961
9206,10180
9207,11089
9208,9744
9209,9215
9210,14459
9211,15592
9212,12571
9213,10407
9214,10516
9215,11560
9216,11323
9217,11518
9218,8798
9219,9902
9220,17303
9221,22930
9222,14711
9223,14408
9224,10960
9225,13619
9226,11294
9227,10000
9228,9275
9229,11851
9230,12867
9231,11431
9232,11125
9233,12562
9234,10074
9235,10288
9236,9114
9237,8548
9238,9586
9239,9182
9240,11755
9241,16444
9242,10910
9243,10249
9244,9954
9245,9951
9246,9796
9247,9347
9248,10393
9249,9230
9250,17730
9251,17573
9252,11371
9253,10132
9254,9202
9255,10887
9256,7997
9257,8234
9258,10106
9259,7901
9260,19535
9261,11384
9262,11412
9263,9285
9264,12042
9265,9566
9266,9445
9267,9068
9268,9166
9269,7943
9270,10764
9271,10988
9272,10405
9273,9434
9274,9553
9275,10149
9276,8591
9277,12131
9278,11185
9279,11591
9280,12278
9281,10721
9282,10341
9283,11181
9284,8947
9285,9517
9286,8953
9287,10322
9288,9062
9289,9661
9290,13616
9291,11735
9292,14858
9293,10617
9294,9175
9295,10144
9296,8645
9297,11994
9298,11252
9299,12097
9300,76273
9301,19144
9302,12664
9303,12092
9304,10214
9305,11077
9306,10066
9307,10609
9308,9451
9309,8750
9310,17948
9311,13581
9312,11444
9313,10923
9314,10851
9315,12486
9316,9527
9317,9040
9318,8866
9319,9071
9320,19420
9321,12327
9322,11491
9323,9943
9324,9867
9325,12853
9326,11520
9327,9735
9328,9186
9329,9096
9330,18688
9331,11990
9332,10852
9333,15459
9334,9252
9335,10281
9336,9198
9337,9170
9338,8607
9339,9446
9340,10364
9341,13602
9342,9784
9343,12203
9344,9964
9345,9264
9346,8341
9347,8693
9348,8360
9349,8441
9350,18699
9351,12503
9352,9747
9353,10129
9354,8948
9355,11450
9356,9269
9357,8205
9358,8055
9359,8301
9360,20828
9361,12013
9362,10645
9363,9566
9364,9750
9365,9345
9366,8816
9367,8707
9368,7763
9369,8075
9370,14930
9371,11016
9372,9620
9373,9333
9374,9167
9375,19760
9376,8904
9377,9504
9378,10767
9379,7707
9380,14532
9381,11162
9382,9558
9383,10973
9384,12243
9385,9996
9386,7987
9387,8939
9388,9685
9389,7808
9390,10186
9391,12736
9392,9786
9393,13704
9394,11159
9395,9065
9396,8488
9397,8826
9398,8328
9399,10474
9400,50706
9401,15486
9402,11031
9403,11802
9404,12446
9405,11210
9406,10135
9407,8613
9408,10055
9409,10319
9410,13628
9411,14471
9412,11616
9413,10245
9414,10099
9415,10906
9416,9753
9417,9204
9418,9075
9419,8979
9420,12827
9421,11860
9422,11951
9423,9996
9424,11290
9425,10483
9426,9180
9427,9580
9428,8894
9429,8072
9430,10977
9431,10876
9432,10067
9433,10037
9434,25983
9435,9488
9436,9041
9437,9877
9438,8279
9439,9013
9440,13153
9441,14611
9442,10021
9443,11396
9444,15978
9445,10152
9446,8392
9447,9754
9448,8551
9449,9798
9450,15600
9451,11614
9452,11239
9453,10756
9454,9800
9455,9607
9456,8704
9457,9431
9458,9468
9459,8467
9460,10336
9461,10878
9462,10213
9463,13588
9464,11155
9465,11141
9466,26373
9467,8556
9468,7811
9469,7579
9470,9452
9471,9942
9472,68734
9473,10642
9474,12182
9475,8833
9476,8213
9477,8546
9478,7923
9479,8571
9480,10365
9481,10395
9482,9215
9483,9630
9484,9735
9485,9727
9486,7572
9487,7650
9488,9644
9489,7726
9490,15637
9491,10328
9492,11513
9493,9270
9494,11888
9495,11054
9496,8743
9497,8036
9498,9262
9499,14492
9500,111644
9501,16608
9502,16174
9503,15608
9504,12205
9505,13314
9506,10391
9507,9092
9508,10156
9509,8988
9510,16720
9511,13780
9512,12182
9513,12236
9514,10637
9515,12091
9516,12157
9517,9949
9518,9324
9519,10779
9520,21252
9521,11854
9522,12586
9523,10877
9524,11145
9525,21961
9526,9137
9527,9187
9528,8958
9529,9120
9530,25196
9531,11967
9532,10419
9533,11095
9534,9630
9535,14714
9536,9584
9537,10247
9538,7903
9539,8058
9540,17616
9541,13352
9542,10043
9543,9653
9544,9909
9545,14314
9546,12241
9547,8728
9548,8497
9549,7904
9550,32794
9551,13898
9552,14449
9553,10095
9554,9019
9555,19912
9556,10135
9557,9567
9558,8591
9559,9314
9560,15157
9561,10511
9562,11305
9563,9881
9564,9165
9565,11069
9566,9378
9567,9069
9568,11329
9569,8302
9570,11814
9571,10155
9572,10318
9573,9108
9574,9467
9575,10653
9576,9508
9577,8593
9578,7755
9579,7304
9580,10221
9581,10042
9582,9534
9583,11006
9584,8764
9585,9714
9586,8618
9587,7634
9588,9759
9589,7362
9590,10938
9591,12478
9592,10435
9593,9168
9594,8864
9595,14773
9596,9484
9597,8053
9598,8358
9599,11977
9600,91456
9601,17365
9602,12185
9603,10859
9604,12025
9605,9509
9606,20622
9607,9764
9608,17135
9609,9451
9610,14386
9611,19500
9612,15793
9613,10193
9614,10002
9615,9962
9616,9345
9617,10333
9618,9927
9619,11430
9620,12766
9621,15765
9622,16087
9623,10526
9624,9388
9625,11976
9626,9210
9627,8297
9628,8931
9629,10366
9630,17138
9631,11129
9632,10635
9633,10976
9634,9917
9635,9685
9636,9858
9637,10641
9638,8182
9639,8130
9640,10667
9641,11008
9642,11884
9643,9446
9644,9443
9645,9253
9646,9224
9647,9080
9648,9814
9649,8411
9650,25311
9651,10675
9652,10418
9653,13050
9654,9751
9655,10064
9656,8400
9657,9814
9658,19874
9659,8514
9660,16339
9661,10764
9662,16627
9663,12088
9664,9062
9665,9093
9666,10784
9667,8480
9668,13192
9669,9204
9670,12578
9671,9838
9672,9637
9673,10030
9674,8709
9675,13038
9676,10742
9677,9145
9678,7776
9679,9494
9680,9701
9681,9643
9682,9340
9683,8907
9684,9332
9685,8899
9686,8785
9687,8044
9688,9614
9689,8211
9690,20541
9691,10008
9692,9000
9693,9059
9694,10159
9695,9500
9696,13737
9697,10943
9698,10075
9699,9947
9700,68626
9701,15763
9702,11927
9703,11845
9704,10774
9705,10273
9706,10007
9707,19420
9708,8612
9709,9542
9710,14149
9711,19849
9712,12602
9713,10592
9714,12086
9715,10115
9716,9819
9717,9564
9718,8049
9719,8477
9720,15521
9721,11661
9722,14739
9723,9791
9724,9761
9725,10215
9726,8938
9727,9413
9728,8998
9729,8574
9730,11054
9731,10017
9732,10147
9733,13456
9734,41408
9735,9254
9736,8062
9737,10947
9738,8158
9739,8417
9740,10266
9741,12291
9742,9702
9743,10432
9744,10163
9745,9081
9746,10424
9747,9831
9748,8097
9749,7948
9750,27517
9751,10454
9752,9578
9753,9455
9754,9500
9755,10145
9756,8401
9757,8764
9758,10410
9759,7007
9760,10248
9761,10412
9762,9311
9763,8991
9764,9172
9765,9191
9766,10741
9767,9432
9768,8085
9769,10541
9770,10472
9771,10330
9772,9633
9773,9234
9774,8828
9775,9422
9776,8490
9777,11701
9778,7976
9779,9559
9780,24079
9781,11902
9782,9557
9783,9250
9784,8416
9785,9158
9786,9796
9787,11214
9788,11211
9789,8118
9790,14920
9791,11357
9792,11743
9793,9101
9794,8605
9795,8997
9796,9433
9797,13414
9798,10415
9799,9253
9800,79139
9801,17425
9802,13764
9803,12722
9804,10229
9805,10761
9806,9029
9807,9842
9808,9652
9809,9838
9810,24315
9811,11984
9812,10863
9813,10141
9814,9349
9815,10002
9816,8975
9817,9398
9818,9281
9819,8092
9820,11628
9821,11574
9822,12341
9823,9885
9824,9197
9825,10530
9826,9483
9827,8596
9828,13390
9829,9158
9830,11908
9831,10245
9832,9520
9833,12603
9834,8801
9835,9484
9836,8462
9837,7901
9838,8148
9839,8098
9840,11978
9841,11196
9842,10920
9843,9458
9844,9666
9845,10358
9846,7740
9847,8144
9848,7851
9849,8051
9850,18795
9851,14336
9852,9097
9853,10188
9854,8423
9855,9827
9856,8701
9857,7701
9858,8254
9859,8093
9860,29505
9861,11278
9862,11008
9863,9660
9864,8490
9865,8287
9866,8599
9867,7727
9868,8136
9869,8203
9870,9847
9871,76078
9872,9769
9873,10591
9874,8538
9875,9103
9876,10881
9877,9887
9878,8055
9879,8305
9880,23745
9881,10830
9882,10497
9883,9786
9884,11290
9885,8712
9886,8475
9887,8772
9888,12272
9889,9086
9890,10519
9891,9777
9892,9128
9893,9009
9894,8290
9895,22425
9896,7911
9897,9958
9898,11548
9899,11520
9900,103286
9901,17018
9902,12352
9903,12081
9904,13739
9905,10622
9906,13566
9907,9707
9908,9657
9909,10111
9910,19219
9911,33744
9912,14556
9913,14003
9914,10735
9915,11308
9916,9862
9917,13063
9918,11559
9919,11812
9920,28103
9921,12878
9922,14543
9923,10904
9924,17090
9925,12596
9926,11244
9927,10334
9928,8459
9929,14034
9930,23898
9931,11830
9932,10683
9933,14201
9934,13229
9935,12686
9936,9582
9937,11685
9938,8966
9939,25645
9940,12175
9941,11168
9942,10458
9943,11283
9944,14579
9945,10904
9946,8766
9947,12488
9948,9160
9949,22044
9950,18164
9951,15325
9952,12860
9953,13339
9954,18962
9955,13316
9956,10757
9957,8257
9958,8228
9959,23937
9960,13724
9961,12076
9962,9960
9963,9072
9964,17839
9965,13905
9966,11608
9967,9766
9968,8283
9969,24091
9970,10049
9971,12441
9972,10630
9973,9879
9974,18380
9975,12007
9976,8885
9977,10452
9978,9574
9979,30846
9980,10697
9981,13135
9982,14904
9983,10984
9984,12321
9985,8965
9986,8782
9987,9639
9988,12065
9989,14702
9990,21116
9991,14863
9992,14013
9993,19526
9994,13491
9995,24089
9996,11996
9997,15481
9998,61696
9999,229364
10000,633727
