number,count
0,95239038
1,143427163
2,109256202
3,79941503
4,61365882
5,62778547
6,41286055
7,35026627
8,34552882
9,28315022
10,45924407
11,22336927
12,25649087
13,15983131
14,15086908
15,20462466
16,14788575
17,12376473
18,13830575
19,13042871
20,23408000
21,10590853
22,10162391
23,9109283
24,11421530
25,13432429
26,7263476
27,7084544
28,7286932
29,6447297
30,19075319
31,5770586
32,5065622
33,3992153
34,3686027
35,5322356
36,3823760
37,3406855
38,3305198
39,3668521
40,9399994
41,2864546
42,3220222
43,2809627
44,3011370
45,5041530
46,2642596
47,2681609
48,3329450
49,2686132
50,13648960
51,2545033
52,2655685
53,2320504
54,2368232
55,3107045
56,2327558
57,2145269
58,2211040
59,2203510
60,6512502
61,1314467
62,1410685
63,1367502
64,2300087
65,2347895
66,1410724
67,1328667
68,1271599
69,1216263
70,4205162
71,1145882
72,1582586
73,1147788
74,1130755
75,3274893
76,1118989
77,1133266
78,1139074
79,1050100
80,4933275
81,1059113
82,1068972
83,1105216
84,1099783
85,1757597
86,1066573
87,1001395
88,1139451
89,1053864
90,4837921
91,1042073
92,1117203
93,1114855
94,1004274
95,2721518
96,1195243
97,1125777
98,1318659
99,3354226
100,15080495
101,1132240
102,600117
103,550710
104,582075
105,690076
106,537598
107,491713
108,524929
109,469854
110,996668
111,564839
112,497595
113,418980
114,429733
115,556988
116,418991
117,412621
118,398646
119,395475
120,1622525
121,410229
122,391679
123,559872
124,370032
125,837738
126,361250
127,499532
128,689000
129,346216
130,834056
131,327649
132,343800
133,327149
134,302156
135,466571
136,301348
137,319411
138,301508
139,300349
140,818511
141,290710
142,282546
143,286968
144,356409
145,380351
146,280463
147,288562
148,267475
149,291574
150,2395053
151,279343
152,272124
153,265029
154,252369
155,339289
156,256910
157,252766
158,238042
159,241444
160,830156
161,250686
162,256822
163,243365
164,238258
165,339655
166,231415
167,241035
168,354644
169,241223
170,509539
171,225794
172,284550
173,220099
174,217634
175,425591
176,231649
177,226892
178,214791
179,225171
180,1037019
181,211873
182,229483
183,240608
184,207934
185,293973
186,207311
187,219532
188,203218
189,212298
190,373221
191,211715
192,359350
193,201699
194,184560
195,255692
196,192650
197,191023
198,190201
199,264130
200,5162333
201,311013
202,308857
203,243748
204,241105
205,273036
206,235501
207,217413
208,233226
209,199752
210,380168
211,212766
212,279871
213,199202
214,206822
215,271991
216,217150
217,193198
218,187240
219,180461
220,484815
221,203011
222,240406
223,219865
224,230707
225,359816
226,179774
227,180614
228,186694
229,176886
230,385306
231,200921
232,207262
233,203077
234,188243
235,239058
236,164448
237,173164
238,181626
239,183716
240,521100
241,171110
242,172346
243,177515
244,168320
245,208517
246,164579
247,170768
248,173311
249,175016
250,1906411
251,165456
252,202368
253,161895
254,184013
255,903394
256,493679
257,144253
258,135713
259,135950
260,310266
261,140954
262,153196
263,142818
264,198193
265,184624
266,135539
267,139008
268,132555
269,139008
270,329191
271,135805
272,147932
273,158494
274,131123
275,243904
276,136270
277,139284
278,128423
279,134900
280,315277
281,138614
282,127048
283,127797
284,126271
285,169828
286,130848
287,132626
288,148891
289,129914
290,200327
291,116348
292,121163
293,133018
294,117295
295,156449
296,119739
297,119499
298,123157
299,181023
300,3445760
301,229634
302,182634
303,193680
304,171825
305,180042
306,139201
307,138641
308,167753
309,124630
310,232934
311,150608
312,165507
313,136692
314,132361
315,180723
316,132704
317,126776
318,126252
319,126583
320,347045
321,139353
322,127620
323,141352
324,121981
325,233434
326,113259
327,117324
328,118058
329,111500
330,275306
331,116253
332,111913
333,215373
334,112059
335,139403
336,126599
337,112968
338,114702
339,102454
340,210972
341,110600
342,109463
343,122624
344,108238
345,146630
346,101192
347,111920
348,103704
349,114810
350,900926
351,117802
352,120112
353,109576
354,107479
355,130214
356,109272
357,134152
358,104893
359,104450
360,1045240
361,104888
362,95915
363,102089
364,109942
365,506372
366,108942
367,98686
368,99754
369,93723
370,198944
371,100951
372,96229
373,99499
374,89220
375,260995
376,95085
377,182624
378,92004
379,92908
380,204757
381,92699
382,88855
383,95569
384,126482
385,120412
386,107334
387,94032
388,88361
389,90087
390,150433
391,89557
392,91346
393,88818
394,81383
395,116065
396,85272
397,85096
398,79982
399,130220
400,2812212
401,363873
402,111588
403,168730
404,306678
405,146614
406,105028
407,107933
408,112357
409,100383
410,180814
411,117860
412,107411
413,93671
414,100192
415,142079
416,116082
417,95414
418,83972
419,96624
420,217599
421,94319
422,101406
423,92513
424,89449
425,173131
426,89516
427,91733
428,83571
429,96760
430,158877
431,87181
432,106365
433,95135
434,83289
435,116535
436,80139
437,81978
438,82746
439,76413
440,186284
441,84883
442,81840
443,132545
444,114248
445,95763
446,74921
447,83257
448,83099
449,83267
450,545742
451,111413
452,76372
453,79611
454,96197
455,102032
456,107435
457,89517
458,87027
459,74997
460,151332
461,76909
462,76138
463,75606
464,76612
465,95070
466,74309
467,75088
468,77265
469,75906
470,134446
471,79354
472,73148
473,74038
474,69625
475,115461
476,82080
477,73060
478,71265
479,76746
480,254529
481,71692
482,69571
483,79554
484,72680
485,96436
486,95701
487,69676
488,91472
489,68340
490,113477
491,67189
492,68173
493,67869
494,66852
495,103213
496,71292
497,68852
498,67733
499,126790
500,5637291
501,202805
502,102420
503,110560
504,116027
505,108146
506,80215
507,77991
508,98198
509,94431
510,155923
511,85397
512,272914
513,76737
514,81268
515,90506
516,75779
517,73122
518,74850
519,71804
520,156516
521,89474
522,73464
523,73064
524,69169
525,115520
526,66743
527,75028
528,78429
529,114461
530,155845
531,70156
532,73959
533,72877
534,66950
535,89179
536,72747
537,85709
538,73208
539,65448
540,150070
541,74052
542,65474
543,68482
544,67955
545,78395
546,62989
547,62468
548,58672
549,67699
550,313020
551,66628
552,67180
553,63296
554,60445
555,148570
556,65149
557,58589
558,59055
559,61516
560,143760
561,69944
562,65956
563,62269
564,60511
565,72035
566,55616
567,66361
568,60967
569,57630
570,115488
571,66978
572,57444
573,62667
574,59281
575,90480
576,70784
577,61667
578,53072
579,58837
580,124307
581,63904
582,56676
583,58467
584,56091
585,74454
586,65470
587,68383
588,57763
589,57256
590,91272
591,54347
592,56203
593,55475
594,56732
595,72321
596,52383
597,56971
598,54734
599,85367
600,1823220
601,90208
602,79455
603,82556
604,82392
605,75025
606,69901
607,64993
608,69561
609,69605
610,115491
611,61151
612,76637
613,75082
614,62955
615,79332
616,80763
617,83361
618,74748
619,65530
620,125900
621,60860
622,62953
623,59026
624,63622
625,137508
626,67574
627,57073
628,56109
629,55225
630,123999
631,64461
632,66944
633,61374
634,54234
635,66590
636,61347
637,54608
638,53917
639,64616
640,174519
641,57377
642,66397
643,54159
644,65376
645,69473
646,60763
647,61230
648,55454
649,60495
650,326916
651,62950
652,52934
653,50599
654,51949
655,62082
656,58726
657,52177
658,48503
659,49676
660,120959
661,58100
662,54919
663,51608
664,54929
665,58319
666,147065
667,72238
668,53286
669,50954
670,93149
671,51649
672,53637
673,52291
674,52357
675,80910
676,50005
677,53416
678,57636
679,54400
680,113014
681,48930
682,50873
683,49873
684,50751
685,57167
686,52272
687,52851
688,52653
689,48782
690,78559
691,51164
692,47918
693,46949
694,46042
695,60125
696,47807
697,45591
698,44525
699,66025
700,1268124
701,75625
702,80070
703,73257
704,68242
705,67838
706,60550
707,79838
708,57489
709,56639
710,90652
711,65336
712,57030
713,63061
714,66384
715,64710
716,58929
717,60846
718,69518
719,51598
720,179106
721,56448
722,57402
723,49094
724,52076
725,73323
726,48179
727,69029
728,56092
729,51080
730,90761
731,54901
732,62791
733,51769
734,51534
735,57785
736,47324
737,121009
738,46704
739,44363
740,88906
741,52085
742,48002
743,47289
744,53390
745,60276
746,45993
747,113883
748,48367
749,51091
750,506825
751,51803
752,50416
753,51049
754,54505
755,77050
756,49214
757,72655
758,42859
759,43826
760,103052
761,45967
762,47759
763,48878
764,43923
765,62629
766,45102
767,68583
768,88622
769,45619
770,99291
771,47729
772,48993
773,55065
774,47047
775,75355
776,50593
777,147931
778,49666
779,42665
780,100262
781,52339
782,46007
783,46895
784,47768
785,56272
786,51042
787,90976
788,45457
789,54385
790,65778
791,43989
792,49019
793,44135
794,43267
795,54087
796,41415
797,42832
798,41289
799,60545
800,1957775
801,78957
802,215905
803,52107
804,52863
805,63023
806,45823
807,43383
808,84773
809,43258
810,81831
811,48770
812,52840
813,52114
814,47120
815,62971
816,46850
817,47547
818,53907
819,41630
820,85621
821,45598
822,50059
823,42741
824,43470
825,63838
826,43164
827,41936
828,49086
829,42947
830,77043
831,45447
832,47236
833,55374
834,38078
835,50116
836,40701
837,39436
838,38205
839,37832
840,89790
841,46963
842,41221
843,50656
844,61731
845,70742
846,42464
847,54810
848,42559
849,40241
850,235771
851,39771
852,46569
853,40785
854,42248
855,82654
856,43710
857,39543
858,45586
859,40908
860,78747
861,39037
862,38673
863,42675
864,50218
865,51255
866,103661
867,41817
868,39597
869,37519
870,79898
871,42103
872,39636
873,38236
874,37981
875,83309
876,40476
877,105306
878,36985
879,36751
880,83287
881,37347
882,39187
883,40909
884,35608
885,45337
886,40217
887,39099
888,195743
889,40214
890,57897
891,37265
892,36188
893,38883
894,34516
895,46984
896,38822
897,35893
898,36450
899,49665
900,799924
901,60558
902,47750
903,44314
904,47254
905,56927
906,42700
907,55155
908,43215
909,52452
910,66600
911,495421
912,50262
913,43597
914,51821
915,49524
916,49902
917,47635
918,47115
919,53376
920,112229
921,39919
922,45455
923,37944
924,47649
925,74115
926,38034
927,36723
928,48663
929,39928
930,72492
931,39328
932,38738
933,39517
934,34732
935,44233
936,39946
937,41537
938,35184
939,39149
940,65069
941,43687
942,35217
943,34792
944,41886
945,44295
946,35020
947,33904
948,33475
949,47038
950,149100
951,41426
952,40509
953,36058
954,46955
955,42271
956,36735
957,35716
958,31033
959,37185
960,104736
961,36828
962,38460
963,38095
964,35340
965,43582
966,37281
967,37135
968,36562
969,37401
970,75472
971,41051
972,48820
973,45703
974,35696
975,52677
976,41182
977,36605
978,332284
979,36088
980,79884
981,37436
982,35817
983,35710
984,35800
985,42858
986,34311
987,40086
988,37440
989,45418
990,92352
991,39247
992,38555
993,39206
994,36157
995,71394
996,44650
997,46505
998,46986
999,299685
1000,2232589
1001,105128
1002,113910
1003,30681
1004,26882
1005,26727
1006,37167
1007,137798
1008,22447
1009,20387
1010,56352
1011,36511
1012,31538
1013,25037
1014,24913
1015,29531
1016,359338
1017,36467
1018,22770
1019,18958
1020,44681
1021,58350
1022,20155
1023,41623
1024,243090
1025,24364
1026,17525
1027,17859
1028,16450
1029,29934
1030,34295
1031,35776
1032,16959
1033,22759
1034,16792
1035,20546
1036,14979
1037,29387
1038,152058
1039,21905
1040,54745
1041,16442
1042,19725
1043,14957
1044,15529
1045,18697
1046,30652
1047,14416
1048,15656
1049,15753
1050,55258
1051,18699
1052,14756
1053,18988
1054,20846
1055,21606
1056,25082
1057,15129
1058,13929
1059,13499
1060,32739
1061,14085
1062,14774
1063,23218
1064,17358
1065,16870
1066,44097
1067,16378
1068,14605
1069,13628
1070,45385
1071,17464
1072,16560
1073,64935
1074,32582
1075,18248
1076,13825
1077,17110
1078,15657
1079,15142
1080,142392
1081,15776
1082,12652
1083,18673
1084,17000
1085,16642
1086,38319
1087,14841
1088,29258
1089,22412
1090,22273
1091,15133
1092,13152
1093,91756
1094,14210
1095,25830
1096,18830
1097,44668
1098,35412
1099,74903
1100,160513
1101,48993
1102,18101
1103,33590
1104,19742
1105,23462
1106,15099
1107,17683
1108,15965
1109,39450
1110,28019
1111,144440
1112,18616
1113,18127
1114,15002
1115,19691
1116,14435
1117,16692
1118,15141
1119,15705
1120,25333
1121,15723
1122,17285
1123,15212
1124,15371
1125,20339
1126,62957
1127,15660
1128,40464
1129,12991
1130,26443
1131,13581
1132,13204
1133,13551
1134,13217
1135,16083
1136,34632
1137,15233
1138,17098
1139,15449
1140,19910
1141,12992
1142,14559
1143,13058
1144,13645
1145,25860
1146,26265
1147,13092
1148,11919
1149,13643
1150,35671
1151,14163
1152,22645
1153,13395
1154,13539
1155,23052
1156,13170
1157,12654
1158,21081
1159,18906
1160,17808
1161,20285
1162,14675
1163,13256
1164,12719
1165,13277
1166,12578
1167,15199
1168,10806
1169,12178
1170,20622
1171,13138
1172,16764
1173,13247
1174,11168
1175,18623
1176,15803
1177,34778
1178,11653
1179,13440
1180,19924
1181,11951
1182,16386
1183,13154
1184,11895
1185,17495
1186,81718
1187,13786
1188,11541
1189,15550
1190,18269
1191,14269
1192,14781
1193,11741
1194,14813
1195,12337
1196,12105
1197,11741
1198,13795
1199,19359
1200,377612
1201,24504
1202,21142
1203,16699
1204,23846
1205,16860
1206,18507
1207,17325
1208,14329
1209,15202
1210,26684
1211,18794
1212,26229
1213,17466
1214,17630
1215,28075
1216,16964
1217,13586
1218,13172
1219,13600
1220,22838
1221,16020
1222,17560
1223,16956
1224,13935
1225,20923
1226,13061
1227,15376
1228,12182
1229,13384
1230,23508
1231,15143
1232,13300
1233,12910
1234,88352
1235,16859
1236,13004
1237,13023
1238,11821
1239,11972
1240,21514
1241,14113
1242,20429
1243,12817
1244,14848
1245,15655
1246,11954
1247,11793
1248,13739
1249,13226
1250,68307
1251,17554
1252,23534
1253,13747
1254,14581
1255,14776
1256,14998
1257,13491
1258,15248
1259,12414
1260,29617
1261,14013
1262,11013
1263,11814
1264,11602
1265,14290
1266,11818
1267,12092
1268,11473
1269,10342
1270,18801
1271,15762
1272,13393
1273,16716
1274,14268
1275,17726
1276,11540
1277,12324
1278,11423
1279,18633
1280,59149
1281,11818
1282,13988
1283,11567
1284,13220
1285,13621
1286,10161
1287,11504
1288,10832
1289,11684
1290,21128
1291,15961
1292,12922
1293,11460
1294,12223
1295,17214
1296,15675
1297,12527
1298,11730
1299,15602
1300,183555
1301,27456
1302,16781
1303,15736
1304,14906
1305,16427
1306,14150
1307,23378
1308,14362
1309,13221
1310,19916
1311,14849
1312,15840
1313,18318
1314,16235
1315,16383
1316,13547
1317,13183
1318,11442
1319,11230
1320,23701
1321,14057
1322,12729
1323,13267
1324,14196
1325,21293
1326,14038
1327,16279
1328,13007
1329,11104
1330,20958
1331,13924
1332,14840
1333,20202
1334,12467
1335,13867
1336,12655
1337,30877
1338,11092
1339,10667
1340,19525
1341,12779
1342,12076
1343,12758
1344,13802
1345,14041
1346,14301
1347,15296
1348,16655
1349,15306
1350,42459
1351,14319
1352,11277
1353,13714
1354,10890
1355,12180
1356,12005
1357,11678
1358,10250
1359,10775
1360,18535
1361,12054
1362,10677
1363,10905
1364,15095
1365,37087
1366,18482
1367,12406
1368,20024
1369,11196
1370,16141
1371,72272
1372,11624
1373,12594
1374,10333
1375,14543
1376,10456
1377,14748
1378,12143
1379,10200
1380,18070
1381,12918
1382,12451
1383,9747
1384,10357
1385,13677
1386,12425
1387,11581
1388,11516
1389,13584
1390,15296
1391,11591
1392,14133
1393,10073
1394,17321
1395,12387
1396,11751
1397,11948
1398,12056
1399,15559
1400,168877
1401,19736
1402,14713
1403,13913
1404,14074
1405,15807
1406,12912
1407,12080
1408,14252
1409,12129
1410,17941
1411,12604
1412,12756
1413,12085
1414,13994
1415,21951
1416,14096
1417,12060
1418,10698
1419,11244
1420,22209
1421,13167
1422,13466
1423,11690
1424,12436
1425,15001
1426,9068
1427,10593
1428,11719
1429,12237
1430,19778
1431,13352
1432,13337
1433,16395
1434,11786
1435,13121
1436,11411
1437,11125
1438,11918
1439,12854
1440,46598
1441,17323
1442,11644
1443,11175
1444,13232
1445,12008
1446,10924
1447,10547
1448,10347
1449,11351
1450,42055
1451,12242
1452,14060
1453,27513
1454,9989
1455,15067
1456,11069
1457,10777
1458,10506
1459,11187
1460,20505
1461,14539
1462,12358
1463,11098
1464,11169
1465,11331
1466,10499
1467,15078
1468,12300
1469,17902
1470,18504
1471,42887
1472,14598
1473,12495
1474,11490
1475,19172
1476,13980
1477,13098
1478,12782
1479,12058
1480,19022
1481,11140
1482,12496
1483,17662
1484,12431
1485,18691
1486,11666
1487,11099
1488,12388
1489,10843
1490,16617
1491,14078
1492,51104
1493,18285
1494,16689
1495,14547
1496,11100
1497,14708
1498,15180
1499,16784
1500,524864
1501,22916
1502,20347
1503,19684
1504,16828
1505,17577
1506,16611
1507,14189
1508,14578
1509,18987
1510,21537
1511,17680
1512,18683
1513,18037
1514,14764
1515,22596
1516,20048
1517,24933
1518,16928
1519,23793
1520,38903
1521,27455
1522,16621
1523,22246
1524,17831
1525,25499
1526,19866
1527,17641
1528,15541
1529,17307
1530,28986
1531,14672
1532,16703
1533,17848
1534,21781
1535,21334
1536,30581
1537,15157
1538,16570
1539,16487
1540,29701
1541,20597
1542,20859
1543,19602
1544,13483
1545,18794
1546,15532
1547,18931
1548,13851
1549,17567
1550,42343
1551,14395
1552,15587
1553,18545
1554,14404
1555,20678
1556,17387
1557,15203
1558,20887
1559,20883
1560,25304
1561,15003
1562,15791
1563,15375
1564,20974
1565,18792
1566,15802
1567,15139
1568,15532
1569,14817
1570,22044
1571,18359
1572,18894
1573,15133
1574,13738
1575,17527
1576,14288
1577,16750
1578,14245
1579,13444
1580,23684
1581,14981
1582,20904
1583,14743
1584,16065
1585,17910
1586,15087
1587,17281
1588,21822
1589,14942
1590,25275
1591,15841
1592,19057
1593,16149
1594,14693
1595,17115
1596,18852
1597,16025
1598,20991
1599,20388
1600,259082
1601,23497
1602,23163
1603,38183
1604,24045
1605,26052
1606,20969
1607,25814
1608,21836
1609,28213
1610,33063
1611,27935
1612,20378
1613,18326
1614,17575
1615,19500
1616,24340
1617,16513
1618,21697
1619,27585
1620,38386
1621,22643
1622,17525
1623,23044
1624,17513
1625,23658
1626,17168
1627,16223
1628,18562
1629,17389
1630,31483
1631,17845
1632,23159
1633,18659
1634,19110
1635,20596
1636,18215
1637,19351
1638,20881
1639,17201
1640,41982
1641,20386
1642,30549
1643,20311
1644,31031
1645,22581
1646,19001
1647,16807
1648,30550
1649,23831
1650,55299
1651,20232
1652,18248
1653,17648
1654,17602
1655,18869
1656,19889
1657,15601
1658,19012
1659,16869
1660,44720
1661,20495
1662,21928
1663,17902
1664,20514
1665,24004
1666,25942
1667,22499
1668,16715
1669,17222
1670,24721
1671,15521
1672,19949
1673,16393
1674,17384
1675,21406
1676,17197
1677,15880
1678,16527
1679,16272
1680,32858
1681,17394
1682,18471
1683,20824
1684,16371
1685,23707
1686,15804
1687,18782
1688,30665
1689,28031
1690,26279
1691,15523
1692,23499
1693,16049
1694,18021
1695,16895
1696,15547
1697,17708
1698,15219
1699,19145
1700,162855
1701,32672
1702,20758
1703,21685
1704,21724
1705,18954
1706,19393
1707,29857
1708,18690
1709,21089
1710,26350
1711,20905
1712,19669
1713,19868
1714,22392
1715,26346
1716,18151
1717,22358
1718,20937
1719,19015
1720,32189
1721,19946
1722,20908
1723,20656
1724,18579
1725,22255
1726,17743
1727,21612
1728,21357
1729,19458
1730,28898
1731,17085
1732,19661
1733,19827
1734,17576
1735,21285
1736,19175
1737,19873
1738,19065
1739,18985
1740,31614
1741,21901
1742,22175
1743,22214
1744,21457
1745,28350
1746,21485
1747,20146
1748,26139
1749,24005
1750,77001
1751,22804
1752,27096
1753,24142
1754,25869
1755,33904
1756,28078
1757,27762
1758,32215
1759,28832
1760,40779
1761,22878
1762,25187
1763,41806
1764,27274
1765,33671
1766,26104
1767,26119
1768,27732
1769,31133
1770,48202
1771,24688
1772,31436
1773,32962
1774,41798
1775,70855
1776,121831
1777,45560
1778,39817
1779,33071
1780,52763
1781,41989
1782,36842
1783,54519
1784,38087
1785,38296
1786,34329
1787,69431
1788,50606
1789,104251
1790,99007
1791,60098
1792,61758
1793,56727
1794,47482
1795,51442
1796,46613
1797,46559
1798,57340
1799,51031
1800,367252
1801,63333
1802,49796
1803,60264
1804,59278
1805,51431
1806,52740
1807,50624
1808,50813
1809,57705
1810,62299
1811,50570
1812,131395
1813,53034
1814,67488
1815,89947
1816,54545
1817,50605
1818,58804
1819,60442
1820,93264
1821,64954
1822,52726
1823,48430
1824,60942
1825,62739
1826,51152
1827,49162
1828,62649
1829,54610
1830,114774
1831,64893
1832,74890
1833,64036
1834,63099
1835,72415
1836,72999
1837,79186
1838,67300
1839,70896
1840,113775
1841,70843
1842,70256
1843,66595
1844,76637
1845,81437
1846,79800
1847,76719
1848,132850
1849,84001
1850,180690
1851,90554
1852,75393
1853,75107
1854,87911
1855,82505
1856,87717
1857,101759
1858,85761
1859,103846
1860,176742
1861,161416
1862,131859
1863,133307
1864,125820
1865,165253
1866,100613
1867,115271
1868,111794
1869,99419
1870,171861
1871,124879
1872,102469
1873,99679
1874,91694
1875,109445
1876,110621
1877,99831
1878,99147
1879,102709
1880,177033
1881,117073
1882,112563
1883,107042
1884,108689
1885,119684
1886,115554
1887,111714
1888,122178
1889,125673
1890,189280
1891,119381
1892,120667
1893,128206
1894,117330
1895,146542
1896,145282
1897,129937
1898,153954
1899,138569
1900,435887
1901,184046
1902,152520
1903,165958
1904,163043
1905,201811
1906,178187
1907,166761
1908,185490
1909,167637
1910,260130
1911,249088
1912,235730
1913,284227
1914,336139
1915,232427
1916,226754
1917,325223
1918,344435
1919,269672
1920,441451
1921,216756
1922,220090
1923,207972
1924,206555
1925,217123
1926,199661
1927,210594
1928,223856
1929,293447
1930,456027
1931,226081
1932,250973
1933,332097
1934,256804
1935,276631
1936,296447
1937,284267
1938,311646
1939,409320
1940,581698
1941,402435
1942,367593
1943,325093
1944,390877
1945,612001
1946,328596
1947,386384
1948,447058
1949,346650
1950,611171
1951,297680
1952,322771
1953,347961
1954,350333
1955,352453
1956,375255
1957,371888
1958,374659
1959,389979
1960,721611
1961,437141
1962,468952
1963,493330
1964,557192
1965,559981
1966,509003
1967,637090
1968,688273
1969,651318
1970,934478
1971,626026
1972,675415
1973,687217
1974,643901
1975,702776
1976,682906
1977,655088
1978,695348
1979,819559
1980,1151841
1981,744722
1982,798354
1983,790867
1984,955345
1985,886758
1986,948995
1987,928067
1988,1000020
1989,1151832
1990,1523399
1991,1292690
1992,1370030
1993,1352725
1994,1525927
1995,1632696
1996,1737238
1997,1799973
1998,2012836
1999,2449819
2000,4075580
2001,3022208
2002,2960946
2003,3470022
2004,3875452
2005,4606595
2006,5197471
2007,6057634
2008,7626497
2009,7293537
2010,8112599
2011,8372423
2012,9359752
2013,8596114
2014,7446511
2015,6624125
2016,6830281
2017,6363977
2018,6002766
2019,5156104
2020,5317963
2021,3423834
2022,1915697
2023,291250
2024,141078
2025,198615
2026,66198
2027,45605
2028,38067
2029,27221
2030,279076
2031,19262
2032,19535
2033,19566
2034,13606
2035,44998
2036,15984
2037,11856
2038,13454
2039,9490
2040,61156
2041,12408
2042,13065
2043,7604
2044,10358
2045,22185
2046,11022
2047,12416
2048,80318
2049,22037
2050,201589
2051,7593
2052,9770
2053,7008
2054,6933
2055,9428
2056,7049
2057,6295
2058,6603
2059,6313
2060,28067
2061,8230
2062,5889
2063,7978
2064,6269
2065,7956
2066,6071
2067,6321
2068,6105
2069,5946
2070,21540
2071,6717
2072,7381
2073,6529
2074,6619
2075,9335
2076,6644
2077,22292
2078,5662
2079,5681
2080,26212
2081,6137
2082,5075
2083,6032
2084,6558
2085,5853
2086,4974
2087,5279
2088,5310
2089,5213
2090,8405
2091,5120
2092,4829
2093,5095
2094,5136
2095,6188
2096,4862
2097,5404
2098,4647
2099,15482
2100,119619
2101,9966
2102,8630
2103,8483
2104,8659
2105,17741
2106,8408
2107,6827
2108,6929
2109,7166
2110,18713
2111,15124
2112,13840
2113,10164
2114,6498
2115,8449
2116,6540
2117,6234
2118,7225
2119,6819
2120,9021
2121,9848
2122,8654
2123,6922
2124,5811
2125,7635
2126,5948
2127,4546
2128,5756
2129,4677
2130,9041
2131,7424
2132,5320
2133,8395
2134,6306
2135,5742
2136,4870
2137,5506
2138,6858
2139,8072
2140,10046
2141,6621
2142,7665
2143,5785
2144,5293
2145,5851
2146,4185
2147,6314
2148,7846
2149,5298
2150,14830
2151,7051
2152,6240
2153,5819
2154,7328
2155,7122
2156,5674
2157,4891
2158,4383
2159,4798
2160,19217
2161,5746
2162,4562
2163,4733
2164,10910
2165,6716
2166,4798
2167,5001
2168,4320
2169,4767
2170,6685
2171,4408
2172,4803
2173,4186
2174,9011
2175,5799
2176,4407
2177,4018
2178,3860
2179,4150
2180,7211
2181,8524
2182,4248
2183,4205
2184,4262
2185,4491
2186,4083
2187,5410
2188,4088
2189,4081
2190,5699
2191,5143
2192,4770
2193,4769
2194,3999
2195,5124
2196,5493
2197,4611
2198,4262
2199,8210
2200,73219
2201,10761
2202,9259
2203,6874
2204,6874
2205,8536
2206,5881
2207,5173
2208,5862
2209,5013
2210,8677
2211,8006
2212,7576
2213,4862
2214,5176
2215,7624
2216,5181
2217,5877
2218,4786
2219,4618
2220,7812
2221,5947
2222,20390
2223,6598
2224,7154
2225,9152
2226,4664
2227,5562
2228,5052
2229,6298
2230,8156
2231,6584
2232,4815
2233,6424
2234,4555
2235,4536
2236,4978
2237,4846
2238,3985
2239,3987
2240,7605
2241,6293
2242,4990
2243,4537
2244,6012
2245,5593
2246,4685
2247,4236
2248,4305
2249,4774
2250,16502
2251,5884
2252,4938
2253,5418
2254,9694
2255,12344
2256,5131
2257,7405
2258,4994
2259,5190
2260,6216
2261,5382
2262,4284
2263,4198
2264,4753
2265,5499
2266,5713
2267,6789
2268,5800
2269,4982
2270,6243
2271,4295
2272,4779
2273,5222
2274,3931
2275,4943
2276,4052
2277,5991
2278,4543
2279,5674
2280,7338
2281,5968
2282,4024
2283,4037
2284,4150
2285,5004
2286,4295
2287,5086
2288,4834
2289,3974
2290,5567
2291,3749
2292,3786
2293,4882
2294,3564
2295,4487
2296,4171
2297,3570
2298,3665
2299,4765
2300,58153
2301,7302
2302,5296
2303,5130
2304,7148
2305,6432
2306,4666
2307,25601
2308,4929
2309,4937
2310,7422
2311,6316
2312,7085
2313,5070
2314,5474
2315,5181
2316,4278
2317,4804
2318,3940
2319,6485
2320,6916
2321,4643
2322,5723
2323,6174
2324,5143
2325,8037
2326,4835
2327,4787
2328,4292
2329,4273
2330,8278
2331,4668
2332,4706
2333,6514
2334,5792
2335,4445
2336,4234
2337,8472
2338,3737
2339,4123
2340,11765
2341,4801
2342,4479
2343,4132
2344,4498
2345,13134
2346,4449
2347,4810
2348,4478
2349,4223
2350,10660
2351,4255
2352,4633
2353,5004
2354,4161
2355,5265
2356,4334
2357,4795
2358,3931
2359,4678
2360,5529
2361,3990
2362,4036
2363,3910
2364,5619
2365,5080
2366,5784
2367,5748
2368,6266
2369,6788
2370,7797
2371,7537
2372,6713
2373,7157
2374,6381
2375,8896
2376,6309
2377,5396
2378,4560
2379,5943
2380,6784
2381,6218
2382,4265
2383,4371
2384,3985
2385,4515
2386,3733
2387,3896
2388,4095
2389,3660
2390,4463
2391,4311
2392,4525
2393,3518
2394,3352
2395,4077
2396,4502
2397,3595
2398,3376
2399,4431
2400,84358
2401,7667
2402,4990
2403,5058
2404,4929
2405,4672
2406,3987
2407,5184
2408,4324
2409,4893
2410,6119
2411,4945
2412,5724
2413,4389
2414,4207
2415,4478
2416,3778
2417,3936
2418,3767
2419,4234
2420,5751
2421,4009
2422,5405
2423,4248
2424,6155
2425,6198
2426,5068
2427,4453
2428,3786
2429,3508
2430,5162
2431,4287
2432,3588
2433,4107
2434,3561
2435,4365
2436,3757
2437,3553
2438,3552
2439,3321
2440,5907
2441,4113
2442,4115
2443,3934
2444,4169
2445,4215
2446,3456
2447,3545
2448,5115
2449,3578
2450,9872
2451,5165
2452,3368
2453,3621
2454,4448
2455,4526
2456,3762
2457,3774
2458,4609
2459,3688
2460,6108
2461,3986
2462,3611
2463,3240
2464,3402
2465,3963
2466,3773
2467,3908
2468,4209
2469,3691
2470,4383
2471,3781
2472,3925
2473,3346
2474,3817
2475,4645
2476,4188
2477,4033
2478,4444
2479,3211
2480,5112
2481,3592
2482,3566
2483,3450
2484,3447
2485,3601
2486,3667
2487,3239
2488,3766
2489,3501
2490,4627
2491,3837
2492,3288
2493,3201
2494,3862
2495,4356
2496,3870
2497,3434
2498,3445
2499,5822
2500,238660
2501,7599
2502,4863
2503,4323
2504,4239
2505,5094
2506,4303
2507,3770
2508,4150
2509,4157
2510,7440
2511,5586
2512,4316
2513,3709
2514,4134
2515,4345
2516,3748
2517,3968
2518,4386
2519,3996
2520,12012
2521,5244
2522,4578
2523,3893
2524,3782
2525,10060
2526,5074
2527,5320
2528,4350
2529,4561
2530,5118
2531,4552
2532,4793
2533,3443
2534,3541
2535,4703
2536,3951
2537,3748
2538,3316
2539,3277
2540,5460
2541,3949
2542,3328
2543,3569
2544,3590
2545,4005
2546,3181
2547,3445
2548,3691
2549,3360
2550,10574
2551,4312
2552,5608
2553,5098
2554,3961
2555,5914
2556,3653
2557,4280
2558,4788
2559,3989
2560,20515
2561,3612
2562,3775
2563,3759
2564,3502
2565,3720
2566,3323
2567,4008
2568,3210
2569,2818
2570,3931
2571,3243
2572,2851
2573,2921
2574,4858
2575,4445
2576,3646
2577,3645
2578,3285
2579,3062
2580,4743
2581,3946
2582,3197
2583,4099
2584,3359
2585,3662
2586,2949
2587,3225
2588,3608
2589,3238
2590,3969
2591,3246
2592,4238
2593,3060
2594,2847
2595,3482
2596,3439
2597,3127
2598,3010
2599,3719
2600,90991
2601,6541
2602,4230
2603,4054
2604,3939
2605,4310
2606,4622
2607,4285
2608,3290
2609,3716
2610,5661
2611,4476
2612,3335
2613,3536
2614,3238
2615,3726
2616,5590
2617,3518
2618,3417
2619,3156
2620,5251
2621,3688
2622,3279
2623,3537
2624,3033
2625,4704
2626,4407
2627,3879
2628,4752
2629,3667
2630,5445
2631,3664
2632,3344
2633,3427
2634,3033
2635,3661
2636,3027
2637,3541
2638,2949
2639,3143
2640,6782
2641,3023
2642,4195
2643,3014
2644,2946
2645,3505
2646,3244
2647,3246
2648,3470
2649,3026
2650,9111
2651,3445
2652,3329
2653,3557
2654,3056
2655,3580
2656,3403
2657,3009
2658,2880
2659,2888
2660,4853
2661,3439
2662,3033
2663,3497
2664,3799
2665,3967
2666,7545
2667,4150
2668,2809
2669,3118
2670,4255
2671,3157
2672,3530
2673,3462
2674,3060
2675,3672
2676,2984
2677,3302
2678,2926
2679,3268
2680,4991
2681,3055
2682,2848
2683,3064
2684,2820
2685,2816
2686,3323
2687,2750
2688,3543
2689,2598
2690,4123
2691,2941
2692,3052
2693,3334
2694,2558
2695,3390
2696,2768
2697,3577
2698,2915
2699,4445
2700,44356
2701,5652
2702,4476
2703,4599
2704,4379
2705,4218
2706,3327
2707,3751
2708,3172
2709,4036
2710,5086
2711,4069
2712,3552
2713,3525
2714,3184
2715,3646
2716,3414
2717,3148
2718,2918
2719,3169
2720,5245
2721,3473
2722,3317
2723,3275
2724,2955
2725,3619
2726,2988
2727,5018
2728,3867
2729,4552
2730,4775
2731,3258
2732,3484
2733,3142
2734,2787
2735,3138
2736,3706
2737,3976
2738,2852
2739,3205
2740,3765
2741,3707
2742,2802
2743,3202
2744,3592
2745,3658
2746,2860
2747,3130
2748,2606
2749,2900
2750,10471
2751,3204
2752,2938
2753,3136
2754,2642
2755,3425
2756,2750
2757,2867
2758,3020
2759,2915
2760,4888
2761,3015
2762,2596
2763,2977
2764,3332
2765,4716
2766,2916
2767,3395
2768,2785
2769,2601
2770,4327
2771,3452
2772,3325
2773,2721
2774,2937
2775,3991
2776,2744
2777,3896
2778,3377
2779,2923
2780,3793
2781,3688
2782,3233
2783,3304
2784,2737
2785,3276
2786,2801
2787,4228
2788,3068
2789,3252
2790,3678
2791,2789
2792,2659
2793,2731
2794,2552
2795,3344
2796,3489
2797,2760
2798,2419
2799,4419
2800,45818
2801,5758
2802,3883
2803,3717
2804,3131
2805,3596
2806,3125
2807,3396
2808,3940
2809,3267
2810,4663
2811,3979
2812,3563
2813,3141
2814,3708
2815,3347
2816,3376
2817,3383
2818,3597
2819,2738
2820,4489
2821,3567
2822,4792
2823,2880
2824,3958
2825,3524
2826,2881
2827,3812
2828,3835
2829,3671
2830,5097
2831,3358
2832,3468
2833,3395
2834,2811
2835,3607
2836,4765
2837,2708
2838,2756
2839,2662
2840,4421
2841,3364
2842,2684
2843,2507
2844,2904
2845,3026
2846,2450
2847,2927
2848,3373
2849,2805
2850,7242
2851,3563
2852,3051
2853,2635
2854,2587
2855,3208
2856,2824
2857,3270
2858,2509
2859,3182
2860,3934
2861,2767
2862,2709
2863,2637
2864,2713
2865,3271
2866,11164
2867,2710
2868,2661
2869,2757
2870,3367
2871,3008
2872,2797
2873,2839
2874,2534
2875,4330
2876,2270
2877,2629
2878,2631
2879,2633
2880,8650
2881,2890
2882,3017
2883,2963
2884,2454
2885,3702
2886,2752
2887,2723
2888,3566
2889,3093
2890,3624
2891,3455
2892,2941
2893,2859
2894,2425
2895,2676
2896,2931
2897,2441
2898,2500
2899,3231
2900,24812
2901,4695
2902,3023
2903,4098
2904,3368
2905,3308
2906,2919
2907,3293
2908,3035
2909,4099
2910,4624
2911,4339
2912,3630
2913,3013
2914,2897
2915,3690
2916,3216
2917,3046
2918,2846
2919,3026
2920,7012
2921,3385
2922,2856
2923,3408
2924,3004
2925,3564
2926,2540
2927,2694
2928,2578
2929,5372
2930,4483
2931,3832
2932,2907
2933,5187
2934,2790
2935,2853
2936,2844
2937,2538
2938,2284
2939,2624
2940,4024
2941,3424
2942,2509
2943,2847
2944,2742
2945,3124
2946,2512
2947,2765
2948,2556
2949,2610
2950,7477
2951,2757
2952,2843
2953,2687
2954,2607
2955,2864
2956,2333
2957,2638
2958,5984
2959,2391
2960,5075
2961,2549
2962,2355
2963,2612
2964,2689
2965,2851
2966,3108
2967,2731
2968,2401
2969,2479
2970,3617
2971,2621
2972,2553
2973,2433
2974,2447
2975,3075
2976,2610
2977,3127
2978,2422
2979,2495
2980,3651
2981,2372
2982,2617
2983,2375
2984,2392
2985,2769
2986,2245
2987,2730
2988,2757
2989,2492
2990,3655
2991,3588
2992,2949
2993,2749
2994,2528
2995,3829
2996,2733
2997,3237
2998,2892
2999,7564
3000,571560
3001,16093
3002,7603
3003,8041
3004,6035
3005,5379
3006,5460
3007,4616
3008,6850
3009,4756
3010,8529
3011,4954
3012,5418
3013,4658
3014,3730
3015,4989
3016,3969
3017,3391
3018,4012
3019,4666
3020,8024
3021,4122
3022,3542
3023,3369
3024,4815
3025,5742
3026,3173
3027,3232
3028,3312
3029,3214
3030,11243
3031,4646
3032,4608
3033,4337
3034,3970
3035,3969
3036,3203
3037,2840
3038,3066
3039,3804
3040,6669
3041,3029
3042,3211
3043,2891
3044,2842
3045,3563
3046,2802
3047,2901
3048,4790
3049,3296
3050,10009
3051,3460
3052,3879
3053,3205
3054,3153
3055,4334
3056,3005
3057,3336
3058,2973
3059,3044
3060,10336
3061,2860
3062,3065
3063,2761
3064,2602
3065,3560
3066,3234
3067,3891
3068,3271
3069,2709
3070,9594
3071,3342
3072,7720
3073,2669
3074,2997
3075,3607
3076,2691
3077,3541
3078,2470
3079,2847
3080,14268
3081,3264
3082,2555
3083,2789
3084,2465
3085,3703
3086,2536
3087,2625
3088,3293
3089,2564
3090,9394
3091,2543
3092,2465
3093,2503
3094,2488
3095,2837
3096,2614
3097,2437
3098,2438
3099,3468
3100,29694
3101,6526
3102,5142
3103,3524
3104,3609
3105,3773
3106,3853
3107,3407
3108,3215
3109,7824
3110,5388
3111,5546
3112,4219
3113,3777
3114,4397
3115,4061
3116,3263
3117,3085
3118,2752
3119,3039
3120,5474
3121,6479
3122,3115
3123,3585
3124,3247
3125,15583
3126,2867
3127,2884
3128,5213
3129,2754
3130,5078
3131,4548
3132,3405
3133,4362
3134,3260
3135,4213
3136,3447
3137,2817
3138,2932
3139,2727
3140,3816
3141,3839
3142,3688
3143,2962
3144,2839
3145,4411
3146,2676
3147,3100
3148,2571
3149,2470
3150,7539
3151,2919
3152,2699
3153,2662
3154,2469
3155,2886
3156,3143
3157,3134
3158,2446
3159,2492
3160,3549
3161,3463
3162,2797
3163,3105
3164,2683
3165,2758
3166,11192
3167,2851
3168,3616
3169,2254
3170,3316
3171,3425
3172,2523
3173,2430
3174,2741
3175,3027
3176,2287
3177,2366
3178,2151
3179,2347
3180,3414
3181,3007
3182,2666
3183,2275
3184,2281
3185,2573
3186,2311
3187,2425
3188,2539
3189,2635
3190,2969
3191,2671
3192,2448
3193,2174
3194,3106
3195,2749
3196,2444
3197,2223
3198,2328
3199,2827
3200,64639
3201,6568
3202,3920
3203,3492
3204,3114
3205,4158
3206,2909
3207,3234
3208,2967
3209,2743
3210,5361
3211,4506
3212,3251
3213,3294
3214,3026
3215,3179
3216,2979
3217,2841
3218,2859
3219,2922
3220,4639
3221,3530
3222,3262
3223,3556
3224,3033
3225,3441
3226,2689
3227,2768
3228,2514
3229,2443
3230,3401
3231,2854
3232,4600
3233,4486
3234,3735
3235,3689
3236,2504
3237,2565
3238,2434
3239,3089
3240,4238
3241,2710
3242,2616
3243,2756
3244,2675
3245,2935
3246,2856
3247,2379
3248,2278
3249,2467
3250,7557
3251,2698
3252,2417
3253,2295
3254,2288
3255,2955
3256,2703
3257,2236
3258,2327
3259,2079
3260,3422
3261,3191
3262,2557
3263,2527
3264,3432
3265,2643
3266,2326
3267,2329
3268,2526
3269,2389
3270,5668
3271,2222
3272,2372
3273,2436
3274,2272
3275,2731
3276,2644
3277,2562
3278,2814
3279,2269
3280,4170
3281,2660
3282,3128
3283,2251
3284,2284
3285,2594
3286,2432
3287,2271
3288,2397
3289,2291
3290,2925
3291,2184
3292,2142
3293,2129
3294,2135
3295,2353
3296,2019
3297,2181
3298,1951
3299,3570
3300,30894
3301,7805
3302,4507
3303,5650
3304,4250
3305,4738
3306,18262
3307,4159
3308,3084
3309,3100
3310,8620
3311,4305
3312,3216
3313,2974
3314,2711
3315,3031
3316,2603
3317,2365
3318,2539
3319,2683
3320,4232
3321,3480
3322,3874
3323,2732
3324,3069
3325,3737
3326,3104
3327,2732
3328,2801
3329,2507
3330,5149
3331,3116
3332,2840
3333,22053
3334,3533
3335,4070
3336,3306
3337,2981
3338,2621
3339,3711
3340,3893
3341,2567
3342,2691
3343,2980
3344,3397
3345,2800
3346,2449
3347,2162
3348,2521
3349,2374
3350,7229
3351,2538
3352,2971
3353,2572
3354,3646
3355,3255
3356,2384
3357,2305
3358,2059
3359,2588
3360,4294
3361,2605
3362,2536
3363,2333
3364,2355
3365,2514
3366,4832
3367,2138
3368,2278
3369,2328
3370,3145
3371,2792
3372,2448
3373,2192
3374,2201
3375,3756
3376,2325
3377,2560
3378,2041
3379,2444
3380,3028
3381,2219
3382,2305
3383,2181
3384,2252
3385,2693
3386,9117
3387,1927
3388,2493
3389,20190
3390,24756
3391,2475
3392,2089
3393,3133
3394,2165
3395,2444
3396,2429
3397,2262
3398,2033
3399,5762
3400,27024
3401,5076
3402,5422
3403,3990
3404,3094
3405,3138
3406,3045
3407,3753
3408,2575
3409,2655
3410,3708
3411,3340
3412,3674
3413,2569
3414,2544
3415,2818
3416,2208
3417,2621
3418,2216
3419,2173
3420,4637
3421,3170
3422,2509
3423,2645
3424,2406
3425,2965
3426,2208
3427,2215
3428,2005
3429,2443
3430,3104
3431,2622
3432,3035
3433,2467
3434,3343
3435,3168
3436,3621
3437,2473
3438,2406
3439,2350
3440,4898
3441,2454
3442,2379
3443,2495
3444,2890
3445,2712
3446,2209
3447,2302
3448,2329
3449,2338
3450,6094
3451,2327
3452,2340
3453,2376
3454,2427
3455,2455
3456,7582
3457,2429
3458,2239
3459,2214
3460,2774
3461,2300
3462,2169
3463,2376
3464,2213
3465,2573
3466,2268
3467,2240
3468,2676
3469,2009
3470,3242
3471,2907
3472,2758
3473,1988
3474,2388
3475,2708
3476,2464
3477,2230
3478,2575
3479,2055
3480,3262
3481,2125
3482,2103
3483,2139
3484,1990
3485,2129
3486,2102
3487,1746
3488,2203
3489,1885
3490,3024
3491,2608
3492,2091
3493,1919
3494,1894
3495,3716
3496,1911
3497,2254
3498,2044
3499,2942
3500,113592
3501,5168
3502,3112
3503,2789
3504,2820
3505,3165
3506,2916
3507,2420
3508,2744
3509,2485
3510,3631
3511,3229
3512,2865
3513,2490
3514,4305
3515,2727
3516,2694
3517,2211
3518,2070
3519,2369
3520,4830
3521,2852
3522,2586
3523,2471
3524,2375
3525,2704
3526,2254
3527,2318
3528,2952
3529,2352
3530,3067
3531,2440
3532,2192
3533,2102
3534,2021
3535,3985
3536,2701
3537,3023
3538,2890
3539,2257
3540,3500
3541,2273
3542,2484
3543,2194
3544,2209
3545,2243
3546,2023
3547,2018
3548,2216
3549,1921
3550,6325
3551,2618
3552,2248
3553,7859
3554,1897
3555,3250
3556,2103
3557,2052
3558,2014
3559,2105
3560,3568
3561,2135
3562,1969
3563,1991
3564,1939
3565,2415
3566,1909
3567,2118
3568,2347
3569,1867
3570,3066
3571,2424
3572,1994
3573,1897
3574,1804
3575,2667
3576,2109
3577,2040
3578,2385
3579,2142
3580,2840
3581,2030
3582,3033
3583,2499
3584,3422
3585,2416
3586,1840
3587,1804
3588,3529
3589,1931
3590,3438
3591,1974
3592,2174
3593,1897
3594,1782
3595,2165
3596,1830
3597,2063
3598,1932
3599,2913
3600,79199
3601,4087
3602,2776
3603,3017
3604,2857
3605,2748
3606,2259
3607,2145
3608,2251
3609,2331
3610,3776
3611,2636
3612,2384
3613,2218
3614,2089
3615,2523
3616,2200
3617,1962
3618,1981
3619,1972
3620,3067
3621,2424
3622,2188
3623,2179
3624,2435
3625,2435
3626,2334
3627,2355
3628,2064
3629,2132
3630,3478
3631,2212
3632,2331
3633,2361
3634,2124
3635,2023
3636,3738
3637,2214
3638,2751
3639,2639
3640,3316
3641,2546
3642,2634
3643,2222
3644,1793
3645,2104
3646,2108
3647,2303
3648,2479
3649,1870
3650,7430
3651,2367
3652,1942
3653,2148
3654,1950
3655,2316
3656,1914
3657,1897
3658,2162
3659,1900
3660,3068
3661,2174
3662,1804
3663,3071
3664,2325
3665,2060
3666,2367
3667,2312
3668,2194
3669,1751
3670,2521
3671,2026
3672,2016
3673,2054
3674,1801
3675,2410
3676,2346
3677,2094
3678,2023
3679,1686
3680,2824
3681,1913
3682,1638
3683,2020
3684,1873
3685,1977
3686,2063
3687,1940
3688,1884
3689,1858
3690,2820
3691,1711
3692,1799
3693,1714
3694,1563
3695,2043
3696,2186
3697,1879
3698,1925
3699,2257
3700,21165
3701,4033
3702,2873
3703,2515
3704,2350
3705,2750
3706,2266
3707,2294
3708,2192
3709,1847
3710,2982
3711,3379
3712,2464
3713,2298
3714,2072
3715,2352
3716,1957
3717,2318
3718,2033
3719,2217
3720,2915
3721,2375
3722,2114
3723,2069
3724,2761
3725,2256
3726,1948
3727,2994
3728,1984
3729,3064
3730,4074
3731,2456
3732,2535
3733,3136
3734,1736
3735,2142
3736,1882
3737,2912
3738,2041
3739,2858
3740,3326
3741,2158
3742,3336
3743,2148
3744,2387
3745,2702
3746,1923
3747,1894
3748,3015
3749,1895
3750,8978
3751,2002
3752,1810
3753,2129
3754,2038
3755,2585
3756,2043
3757,1797
3758,3603
3759,1737
3760,2796
3761,2116
3762,2102
3763,1679
3764,1863
3765,2033
3766,2051
3767,1873
3768,1674
3769,1991
3770,4447
3771,2460
3772,2049
3773,2517
3774,1994
3775,2208
3776,2273
3777,2539
3778,1821
3779,1892
3780,2812
3781,2025
3782,1936
3783,1879
3784,1904
3785,2216
3786,1749
3787,1913
3788,1967
3789,1803
3790,3438
3791,3151
3792,1675
3793,1755
3794,1706
3795,1902
3796,1571
3797,2264
3798,1599
3799,2072
3800,27197
3801,3690
3802,2252
3803,2321
3804,2017
3805,2391
3806,2397
3807,1856
3808,2564
3809,2347
3810,2978
3811,2618
3812,2390
3813,1909
3814,1906
3815,2058
3816,2104
3817,1836
3818,1774
3819,1826
3820,3824
3821,2100
3822,1896
3823,1934
3824,7458
3825,2431
3826,1692
3827,1896
3828,2006
3829,1868
3830,2618
3831,1765
3832,1954
3833,2567
3834,1857
3835,2331
3836,1607
3837,1781
3838,2846
3839,2202
3840,11835
3841,2447
3842,2152
3843,1910
3844,2391
3845,2274
3846,2598
3847,2742
3848,2033
3849,1801
3850,5885
3851,1883
3852,2124
3853,1721
3854,1557
3855,2152
3856,1733
3857,3960
3858,1875
3859,2082
3860,2271
3861,2065
3862,1684
3863,2022
3864,1770
3865,3492
3866,2175
3867,1894
3868,1791
3869,1573
3870,5287
3871,1841
3872,3550
3873,1799
3874,1672
3875,2200
3876,1815
3877,1932
3878,1828
3879,1538
3880,3056
3881,1934
3882,1634
3883,1906
3884,1606
3885,1995
3886,2165
3887,1647
3888,3471
3889,1931
3890,2366
3891,1777
3892,2312
3893,1625
3894,1679
3895,1843
3896,1640
3897,2462
3898,1673
3899,2215
3900,15539
3901,2986
3902,2246
3903,2469
3904,2594
3905,2646
3906,2457
3907,1991
3908,2093
3909,2273
3910,2937
3911,2457
3912,2185
3913,2363
3914,1830
3915,2303
3916,1891
3917,1953
3918,1730
3919,1826
3920,2898
3921,2094
3922,2292
3923,2083
3924,1826
3925,2151
3926,1903
3927,2009
3928,2024
3929,1800
3930,2781
3931,2020
3932,2014
3933,2046
3934,10617
3935,1907
3936,1792
3937,2851
3938,1690
3939,2834
3940,3639
3941,2728
3942,1956
3943,1754
3944,1794
3945,4160
3946,2050
3947,2143
3948,1592
3949,2258
3950,3884
3951,2058
3952,2008
3953,1627
3954,1805
3955,2064
3956,2277
3957,1594
3958,1673
3959,2742
3960,3266
3961,1857
3962,2249
3963,1965
3964,1698
3965,1804
3966,1993
3967,1855
3968,1903
3969,2041
3970,2348
3971,1827
3972,1720
3973,1633
3974,1755
3975,2407
3976,1799
3977,1745
3978,2287
3979,1957
3980,2226
3981,1861
3982,1682
3983,1687
3984,1756
3985,2016
3986,3372
3987,2794
3988,1801
3989,1993
3990,2547
3991,1936
3992,1779
3993,1914
3994,1798
3995,2525
3996,2180
3997,1914
3998,2078
3999,5010
4000,324163
4001,9966
4002,4565
4003,4260
4004,10019
4005,4734
4006,3730
4007,3620
4008,3378
4009,3109
4010,5064
4011,4060
4012,3355
4013,2979
4014,3159
4015,3586
4016,2804
4017,3662
4018,5606
4019,2342
4020,6431
4021,2794
4022,2649
4023,2388
4024,2376
4025,3065
4026,2336
4027,2420
4028,2491
4029,2217
4030,3422
4031,2959
4032,3864
4033,14308
4034,2153
4035,2362
4036,2155
4037,2318
4038,2688
4039,3156
4040,6669
4041,2990
4042,3003
4043,2694
4044,3040
4045,2792
4046,2384
4047,2321
4048,2222
4049,4476
4050,6070
4051,4378
4052,2128
4053,2344
4054,2178
4055,2380
4056,2309
4057,2034
4058,1914
4059,1911
4060,3740
4061,2412
4062,2157
4063,2001
4064,2564
4065,2341
4066,2384
4067,2365
4068,1944
4069,2130
4070,3139
4071,2010
4072,2250
4073,1885
4074,2002
4075,2326
4076,1751
4077,2584
4078,1905
4079,1975
4080,4818
4081,2702
4082,1908
4083,1903
4084,2026
4085,2069
4086,2170
4087,2081
4088,2853
4089,1764
4090,3932
4091,2195
4092,2137
4093,1961
4094,2629
4095,6317
4096,66799
4097,2686
4098,2360
4099,3728
4100,18796
4101,4563
4102,3747
4103,6488
4104,2888
4105,2968
4106,2383
4107,2541
4108,2552
4109,2536
4110,3581
4111,4113
4112,3064
4113,2305
4114,2475
4115,2462
4116,2493
4117,2170
4118,2154
4119,2310
4120,3525
4121,3492
4122,2802
4123,2956
4124,2078
4125,2708
4126,2110
4127,2379
4128,2692
4129,2256
4130,5488
4131,2379
4132,2091
4133,2132
4134,2118
4135,3528
4136,2132
4137,2101
4138,1858
4139,1956
4140,4730
4141,3891
4142,3052
4143,2988
4144,2499
4145,2157
4146,1888
4147,2162
4148,1953
4149,1846
4150,5049
4151,2948
4152,1957
4153,1992
4154,1798
4155,2459
4156,1842
4157,2366
4158,1794
4159,3432
4160,4154
4161,4809
4162,1941
4163,1853
4164,1952
4165,2541
4166,2097
4167,3160
4168,1809
4169,2160
4170,2573
4171,2203
4172,2949
4173,2097
4174,1657
4175,2148
4176,1790
4177,1854
4178,1854
4179,2256
4180,2962
4181,2277
4182,1959
4183,2225
4184,2011
4185,1891
4186,2016
4187,1971
4188,1755
4189,1894
4190,2181
4191,2083
4192,1774
4193,1695
4194,1910
4195,1831
4196,1754
4197,1707
4198,1872
4199,2136
4200,30115
4201,3634
4202,3161
4203,2403
4204,2199
4205,2633
4206,2016
4207,2234
4208,2553
4209,2224
4210,3560
4211,2885
4212,2806
4213,2509
4214,2471
4215,3654
4216,1854
4217,4292
4218,2222
4219,1991
4220,3050
4221,2474
4222,3193
4223,2094
4224,2278
4225,3982
4226,2305
4227,2568
4228,1898
4229,2279
4230,2796
4231,4860
4232,2059
4233,2182
4234,2011
4235,1862
4236,6145
4237,1814
4238,1828
4239,1681
4240,3301
4241,2311
4242,4763
4243,2470
4244,3791
4245,2860
4246,2007
4247,2233
4248,1981
4249,2177
4250,5177
4251,2108
4252,1897
4253,2209
4254,1901
4255,2194
4256,1844
4257,2198
4258,2256
4259,1771
4260,2955
4261,2424
4262,1880
4263,1860
4264,1807
4265,1937
4266,2119
4267,2045
4268,1773
4269,3047
4270,2131
4271,2756
4272,1980
4273,1679
4274,1978
4275,2149
4276,1821
4277,2053
4278,1937
4279,1819
4280,2966
4281,1753
4282,1894
4283,1859
4284,1637
4285,2113
4286,2024
4287,2032
4288,1957
4289,1573
4290,2219
4291,1953
4292,2096
4293,1643
4294,1785
4295,2419
4296,1791
4297,1719
4298,1709
4299,2044
4300,17081
4301,3765
4302,2815
4303,2601
4304,2167
4305,2680
4306,2132
4307,2214
4308,2104
4309,2020
4310,3437
4311,2713
4312,3021
4313,1979
4314,2206
4315,2210
4316,1782
4317,1947
4318,1741
4319,3896
4320,5078
4321,6784
4322,2810
4323,2045
4324,3596
4325,2521
4326,11033
4327,2070
4328,2301
4329,1781
4330,3132
4331,3026
4332,2514
4333,3430
4334,2399
4335,2144
4336,2043
4337,1920
4338,1930
4339,1853
4340,3894
4341,1975
4342,1686
4343,2987
4344,2263
4345,2765
4346,2022
4347,2101
4348,1931
4349,1824
4350,4993
4351,1897
4352,2462
4353,2140
4354,1812
4355,2122
4356,2600
4357,4995
4358,2084
4359,1676
4360,3100
4361,1923
4362,2249
4363,2013
4364,1988
4365,2226
4366,1976
4367,1871
4368,2155
4369,1762
4370,2291
4371,1942
4372,1853
4373,1759
4374,1873
4375,7101
4376,1506
4377,1916
4378,1519
4379,1527
4380,2370
4381,1847
4382,1785
4383,1588
4384,1820
4385,1600
4386,1662
4387,1572
4388,2278
4389,1958
4390,2018
4391,2142
4392,1625
4393,1614
4394,1900
4395,1887
4396,1585
4397,1524
4398,1929
4399,2107
4400,21907
4401,3688
4402,2527
4403,2261
4404,2544
4405,2732
4406,2403
4407,1989
4408,2190
4409,2451
4410,3085
4411,3310
4412,2740
4413,2146
4414,2377
4415,2269
4416,2715
4417,1930
4418,1865
4419,2750
4420,2823
4421,2350
4422,3540
4423,2611
4424,2116
4425,2586
4426,1723
4427,1859
4428,1882
4429,1705
4430,3389
4431,1990
4432,2056
4433,2857
4434,2073
4435,2767
4436,1929
4437,2440
4438,2045
4439,1631
4440,3611
4441,2419
4442,2149
4443,2602
4444,14051
4445,2748
4446,2587
4447,2259
4448,2405
4449,2422
4450,3381
4451,2052
4452,1940
4453,2452
4454,1853
4455,3111
4456,1909
4457,2116
4458,1861
4459,1556
4460,2663
4461,1627
4462,1755
4463,1635
4464,2056
4465,1886
4466,2441
4467,1713
4468,1820
4469,1789
4470,2644
4471,1880
4472,2541
4473,5811
4474,1763
4475,1770
4476,1690
4477,2440
4478,1615
4479,1805
4480,2540
4481,1812
4482,1692
4483,1758
4484,2680
4485,1993
4486,2173
4487,1836
4488,2639
4489,1748
4490,2305
4491,2214
4492,1602
4493,1740
4494,1755
4495,1982
4496,1539
4497,1677
4498,1538
4499,2450
4500,63625
4501,3682
4502,3211
4503,3059
4504,2177
4505,3109
4506,3291
4507,2000
4508,1876
4509,2010
4510,3251
4511,2940
4512,2320
4513,2069
4514,2031
4515,2275
4516,2163
4517,1656
4518,1663
4519,1718
4520,3273
4521,2161
4522,2644
4523,2098
4524,1721
4525,2313
4526,1941
4527,1669
4528,1884
4529,2126
4530,3012
4531,1762
4532,2229
4533,1777
4534,1683
4535,1950
4536,1971
4537,1720
4538,1663
4539,1727
4540,2192
4541,1825
4542,1747
4543,1875
4544,1853
4545,4085
4546,1914
4547,2547
4548,1995
4549,1835
4550,4095
4551,2204
4552,1894
4553,1732
4554,1981
4555,2813
4556,2104
4557,2123
4558,2119
4559,1725
4560,2838
4561,1869
4562,2335
4563,1730
4564,1731
4565,2487
4566,2215
4567,7765
4568,1786
4569,2041
4570,2642
4571,2137
4572,1669
4573,1562
4574,1448
4575,2223
4576,1952
4577,1864
4578,1688
4579,1791
4580,2449
4581,1659
4582,1476
4583,1862
4584,1564
4585,1652
4586,1710
4587,1591
4588,1664
4589,1626
4590,2777
4591,1471
4592,1823
4593,1548
4594,1574
4595,1604
4596,1525
4597,1589
4598,2165
4599,1795
4600,16854
4601,2944
4602,2033
4603,1916
4604,1766
4605,2214
4606,2219
4607,1885
4608,3339
4609,2167
4610,3206
4611,2024
4612,2004
4613,1923
4614,2397
4615,2768
4616,1814
4617,1724
4618,1642
4619,1717
4620,2611
4621,1941
4622,2005
4623,1781
4624,2045
4625,2610
4626,1812
4627,1903
4628,1689
4629,1517
4630,2493
4631,1888
4632,1865
4633,1736
4634,2081
4635,2033
4636,3909
4637,1800
4638,1746
4639,1647
4640,2479
4641,1819
4642,1818
4643,1590
4644,1850
4645,1908
4646,2641
4647,2277
4648,2716
4649,2139
4650,3828
4651,1932
4652,1659
4653,2007
4654,1623
4655,2017
4656,1846
4657,1831
4658,2502
4659,1438
4660,2367
4661,1635
4662,1679
4663,1962
4664,2012
4665,1935
4666,2707
4667,1963
4668,1626
4669,1819
4670,3163
4671,1941
4672,1631
4673,3678
4674,1533
4675,1906
4676,1725
4677,1597
4678,1688
4679,1572
4680,3746
4681,1919
4682,1941
4683,1537
4684,2054
4685,1683
4686,1989
4687,1997
4688,2561
4689,1550
4690,2887
4691,1536
4692,1562
4693,1522
4694,1725
4695,1718
4696,1779
4697,1612
4698,1519
4699,1793
4700,14906
4701,2818
4702,2115
4703,2102
4704,2220
4705,2182
4706,1713
4707,2569
4708,2086
4709,1925
4710,2843
4711,4679
4712,2433
4713,2621
4714,1897
4715,2455
4716,1658
4717,1744
4718,1838
4719,1589
4720,2717
4721,1772
4722,1943
4723,2099
4724,1682
4725,2425
4726,1585
4727,1810
4728,1911
4729,1847
4730,2352
4731,2119
4732,1916
4733,1790
4734,1522
4735,1577
4736,1804
4737,1633
4738,1810
4739,1607
4740,2224
4741,1748
4742,1549
4743,1520
4744,1774
4745,1540
4746,1469
4747,2722
4748,1670
4749,2097
4750,4501
4751,2065
4752,1852
4753,1665
4754,1574
4755,2487
4756,1873
4757,1974
4758,2007
4759,1672
4760,2456
4761,1710
4762,1649
4763,1507
4764,1421
4765,1596
4766,1770
4767,1639
4768,1477
4769,1835
4770,3870
4771,1862
4772,1808
4773,1887
4774,1715
4775,1790
4776,1599
4777,2279
4778,1400
4779,1482
4780,1890
4781,1748
4782,1576
4783,1722
4784,1437
4785,1582
4786,1590
4787,1529
4788,1627
4789,1559
4790,2430
4791,1523
4792,1582
4793,1504
4794,1224
4795,1499
4796,1537
4797,1815
4798,1400
4799,1686
4800,27751
4801,2915
4802,2145
4803,1888
4804,1974
4805,2340
4806,1698
4807,1662
4808,1879
4809,3317
4810,2834
4811,2334
4812,1952
4813,1450
4814,1706
4815,1680
4816,1577
4817,1551
4818,1750
4819,2487
4820,2046
4821,1856
4822,2215
4823,1666
4824,1635
4825,2047
4826,1612
4827,1998
4828,1612
4829,1424
4830,3872
4831,1758
4832,1601
4833,2172
4834,1391
4835,1881
4836,1548
4837,1441
4838,1711
4839,1485
4840,2458
4841,1668
4842,1709
4843,1561
4844,1747
4845,4775
4846,1828
4847,1398
4848,2753
4849,2025
4850,7148
4851,1742
4852,2017
4853,1617
4854,1505
4855,1545
4856,1643
4857,1487
4858,1539
4859,1438
4860,2746
4861,1810
4862,1740
4863,1405
4864,1826
4865,1570
4866,1570
4867,1654
4868,2419
4869,1960
4870,5509
4871,1784
4872,2375
4873,1678
4874,1477
4875,2056
4876,1664
4877,1706
4878,1859
4879,1357
4880,2726
4881,1409
4882,1532
4883,1602
4884,1675
4885,1824
4886,1507
4887,1849
4888,2089
4889,2198
4890,2771
4891,1253
4892,1416
4893,1421
4894,1516
4895,1800
4896,1687
4897,1456
4898,1546
4899,1862
4900,10131
4901,2760
4902,1876
4903,1934
4904,1700
4905,1954
4906,1808
4907,1603
4908,1517
4909,1745
4910,2271
4911,2196
4912,1767
4913,1676
4914,1692
4915,2421
4916,1410
4917,1426
4918,1597
4919,1716
4920,2208
4921,1745
4922,1823
4923,1539
4924,1817
4925,1732
4926,1455
4927,1490
4928,1693
4929,1683
4930,1972
4931,1578
4932,1947
4933,1700
4934,1659
4935,1576
4936,1456
4937,1522
4938,1357
4939,1839
4940,2009
4941,1655
4942,1470
4943,1428
4944,1925
4945,2467
4946,1591
4947,1626
4948,1800
4949,2245
4950,3934
4951,2331
4952,1898
4953,1643
4954,1421
4955,1582
4956,1739
4957,1382
4958,1450
4959,1804
4960,2186
4961,1552
4962,1395
4963,1457
4964,1440
4965,1799
4966,1473
4967,1513
4968,1558
4969,1541
4970,2009
4971,1636
4972,1508
4973,1525
4974,1446
4975,2484
4976,1373
4977,1777
4978,1487
4979,1421
4980,2042
4981,1533
4982,1407
4983,1791
4984,1492
4985,1536
4986,1549
4987,1468
4988,1467
4989,1729
4990,2494
4991,1588
4992,1739
4993,1839
4994,1721
4995,2352
4996,1845
4997,1574
4998,1531
4999,5208
5000,517149
5001,11303
5002,4464
5003,3467
5004,3260
5005,5577
5006,2661
5007,3794
5008,3495
5009,2392
5010,5561
5011,3273
5012,2481
5013,2143
5014,1946
5015,2816
5016,1993
5017,2205
5018,1925
5019,1636
5020,4038
5021,2284
5022,2212
5023,1960
5024,1773
5025,2187
5026,1889
5027,1860
5028,1596
5029,1815
5030,3192
5031,1861
5032,2032
5033,2005
5034,1657
5035,1784
5036,1807
5037,1960
5038,1554
5039,1880
5040,4770
5041,1856
5042,1736
5043,1648
5044,1932
5045,2137
5046,1451
5047,1510
5048,1672
5049,1588
5050,10689
5051,3198
5052,3438
5053,2252
5054,1931
5055,2556
5056,1898
5057,1515
5058,1469
5059,1685
5060,5035
5061,3328
5062,1570
5063,1624
5064,1531
5065,1786
5066,1806
5067,1676
5068,1638
5069,1674
5070,2938
5071,1555
5072,1594
5073,1452
5074,1535
5075,2063
5076,1396
5077,1605
5078,1467
5079,1362
5080,2927
5081,1623
5082,1534
5083,2139
5084,1616
5085,1893
5086,1663
5087,1407
5088,1885
5089,1538
5090,2321
5091,1360
5092,1508
5093,1356
5094,1365
5095,1450
5096,1515
5097,1400
5098,1408
5099,1638
5100,17613
5101,3785
5102,2502
5103,2591
5104,2148
5105,3989
5106,1740
5107,2040
5108,1973
5109,1564
5110,3841
5111,3222
5112,2636
5113,1871
5114,2291
5115,2194
5116,2003
5117,1754
5118,1698
5119,2033
5120,5834
5121,2435
5122,2155
5123,2004
5124,1725
5125,2518
5126,1823
5127,1490
5128,2093
5129,1535
5130,2382
5131,1839
5132,1520
5133,1662
5134,1543
5135,1892
5136,1334
5137,1563
5138,1376
5139,1523
5140,2450
5141,1582
5142,1455
5143,1504
5144,1700
5145,1811
5146,1481
5147,1440
5148,1488
5149,1327
5150,10540
5151,3241
5152,1863
5153,2337
5154,1897
5155,2069
5156,1681
5157,1487
5158,1385
5159,1441
5160,3344
5161,1958
5162,1459
5163,1431
5164,1356
5165,1499
5166,1454
5167,1995
5168,1382
5169,1526
5170,2021
5171,1783
5172,1769
5173,1543
5174,1232
5175,1671
5176,1568
5177,1377
5178,1291
5179,1390
5180,1858
5181,1411
5182,1501
5183,1489
5184,1894
5185,1595
5186,1362
5187,1325
5188,1464
5189,1291
5190,1922
5191,1761
5192,1915
5193,2093
5194,9202
5195,2017
5196,1487
5197,1338
5198,1388
5199,1788
5200,26688
5201,2997
5202,2168
5203,1776
5204,2147
5205,1997
5206,1633
5207,1617
5208,1836
5209,1656
5210,3006
5211,2277
5212,1974
5213,1551
5214,1691
5215,2575
5216,1754
5217,1790
5218,1687
5219,1521
5220,3478
5221,1888
5222,2768
5223,1992
5224,1503
5225,2980
5226,1874
5227,1953
5228,1717
5229,1502
5230,2515
5231,1710
5232,1825
5233,2032
5234,1812
5235,1920
5236,1621
5237,1420
5238,1489
5239,1260
5240,2281
5241,1516
5242,1639
5243,1390
5244,1407
5245,1907
5246,1680
5247,1526
5248,1449
5249,1397
5250,6018
5251,1957
5252,2841
5253,1829
5254,2095
5255,2345
5256,1622
5257,1588
5258,1743
5259,1460
5260,1942
5261,1575
5262,1548
5263,1767
5264,1389
5265,1351
5266,1825
5267,1462
5268,1423
5269,1382
5270,1838
5271,1638
5272,1451
5273,1671
5274,1650
5275,1725
5276,1235
5277,1410
5278,1520
5279,1341
5280,6934
5281,4239
5282,1546
5283,1633
5284,1332
5285,1827
5286,1296
5287,1336
5288,1399
5289,1256
5290,1711
5291,1780
5292,1655
5293,1411
5294,1310
5295,1390
5296,1480
5297,1426
5298,1319
5299,1524
5300,14868
5301,2984
5302,1960
5303,1799
5304,1972
5305,2131
5306,1833
5307,2399
5308,1702
5309,3327
5310,3222
5311,2250
5312,1930
5313,1794
5314,1438
5315,2107
5316,1878
5317,1629
5318,1474
5319,1373
5320,2832
5321,2367
5322,2566
5323,2177
5324,1809
5325,2145
5326,1521
5327,1962
5328,2010
5329,1878
5330,2233
5331,1810
5332,1594
5333,2814
5334,1912
5335,2075
5336,1498
5337,1451
5338,1333
5339,1499
5340,1934
5341,1779
5342,1427
5343,1753
5344,1622
5345,1709
5346,1602
5347,2588
5348,1648
5349,1365
5350,2990
5351,1535
5352,1507
5353,2886
5354,1673
5355,2410
5356,2072
5357,1489
5358,1527
5359,1407
5360,1754
5361,1370
5362,1417
5363,1411
5364,1282
5365,1526
5366,1399
5367,1316
5368,1320
5369,1247
5370,1851
5371,1617
5372,1329
5373,1541
5374,1394
5375,2256
5376,1623
5377,1629
5378,1348
5379,1216
5380,2196
5381,2134
5382,1456
5383,1481
5384,1381
5385,1846
5386,1358
5387,1498
5388,1418
5389,1506
5390,1714
5391,1520
5392,1319
5393,1220
5394,1135
5395,1674
5396,1468
5397,1294
5398,1482
5399,1470
5400,20631
5401,3104
5402,2184
5403,1970
5404,1572
5405,2420
5406,1996
5407,1651
5408,1717
5409,1547
5410,2256
5411,2158
5412,1916
5413,1381
5414,1717
5415,2234
5416,1545
5417,1501
5418,1643
5419,1345
5420,2340
5421,1541
5422,1846
5423,1535
5424,1865
5425,1870
5426,1337
5427,1348
5428,1519
5429,1353
5430,2274
5431,1513
5432,11825
5433,2806
5434,1513
5435,1575
5436,1500
5437,2035
5438,1438
5439,1720
5440,2182
5441,1678
5442,1733
5443,1777
5444,1848
5445,2134
5446,1754
5447,1507
5448,1565
5449,1406
5450,3291
5451,1475
5452,1431
5453,1544
5454,2446
5455,2103
5456,2255
5457,1575
5458,1460
5459,1329
5460,1971
5461,2129
5462,1335
5463,1721
5464,1462
5465,1784
5466,1374
5467,1385
5468,1413
5469,1641
5470,1838
5471,1977
5472,6568
5473,1141
5474,1396
5475,1428
5476,1394
5477,1533
5478,1451
5479,1404
5480,1822
5481,1436
5482,1438
5483,1541
5484,1345
5485,1407
5486,1287
5487,1442
5488,2832
5489,1324
5490,1856
5491,1758
5492,1273
5493,1282
5494,1553
5495,1717
5496,1142
5497,1171
5498,1903
5499,1538
5500,42255
5501,2893
5502,1843
5503,1745
5504,1793
5505,3223
5506,2249
5507,1719
5508,1919
5509,1811
5510,3089
5511,2569
5512,2257
5513,2162
5514,1517
5515,3129
5516,1484
5517,1873
5518,1533
5519,1364
5520,3225
5521,2039
5522,1826
5523,2170
5524,1612
5525,2306
5526,1315
5527,1459
5528,1351
5529,1394
5530,2876
5531,1547
5532,1916
5533,2105
5534,1475
5535,1907
5536,1489
5537,1527
5538,1390
5539,1893
5540,1983
5541,1628
5542,1605
5543,1386
5544,1892
5545,1850
5546,1328
5547,1500
5548,1894
5549,1160
5550,3633
5551,2331
5552,1809
5553,1652
5554,2250
5555,15797
5556,2714
5557,2298
5558,2087
5559,1797
5560,2145
5561,1820
5562,1299
5563,1513
5564,1382
5565,1962
5566,2392
5567,1406
5568,1697
5569,1530
5570,2435
5571,1350
5572,1329
5573,1322
5574,1308
5575,1895
5576,1712
5577,1995
5578,1522
5579,1319
5580,2135
5581,1304
5582,1426
5583,1262
5584,1883
5585,1732
5586,1252
5587,1345
5588,1869
5589,1284
5590,1843
5591,1403
5592,1428
5593,1383
5594,1330
5595,1820
5596,1271
5597,1311
5598,1301
5599,1722
5600,18477
5601,3445
5602,1670
5603,2099
5604,1462
5605,1736
5606,1703
5607,1907
5608,1369
5609,1439
5610,2741
5611,2041
5612,1652
5613,1430
5614,1381
5615,1657
5616,1673
5617,1224
5618,1483
5619,1380
5620,2210
5621,1452
5622,3247
5623,3774
5624,1317
5625,7027
5626,1576
5627,1329
5628,1225
5629,1258
5630,2007
5631,1593
5632,1641
5633,1391
5634,2117
5635,1688
5636,1360
5637,1799
5638,1378
5639,1517
5640,1932
5641,1678
5642,1346
5643,1445
5644,1396
5645,1427
5646,2301
5647,1274
5648,1365
5649,1087
5650,3064
5651,1627
5652,1388
5653,1245
5654,1262
5655,1865
5656,2032
5657,1474
5658,1678
5659,1388
5660,2062
5661,1305
5662,1341
5663,1443
5664,1574
5665,1870
5666,1876
5667,1774
5668,1238
5669,1267
5670,2811
5671,1676
5672,3276
5673,1543
5674,1298
5675,1689
5676,1507
5677,1395
5678,7451
5679,1240
5680,1965
5681,1444
5682,1332
5683,1557
5684,1286
5685,1176
5686,1206
5687,1697
5688,1588
5689,1544
5690,1527
5691,1248
5692,1260
5693,1187
5694,1330
5695,1459
5696,1369
5697,1584
5698,1213
5699,1456
5700,16417
5701,3575
5702,1808
5703,2189
5704,1460
5705,1727
5706,1256
5707,1565
5708,2111
5709,1546
5710,1974
5711,2314
5712,1779
5713,1568
5714,1745
5715,1511
5716,1201
5717,1664
5718,1535
5719,1330
5720,2112
5721,1583
5722,1540
5723,1487
5724,1441
5725,1843
5726,1108
5727,2243
5728,1737
5729,1343
5730,3259
5731,1485
5732,1421
5733,1698
5734,1353
5735,1866
5736,1331
5737,2828
5738,1235
5739,1427
5740,1758
5741,1850
5742,1374
5743,1299
5744,1574
5745,1428
5746,1309
5747,1517
5748,1470
5749,1506
5750,4047
5751,2258
5752,1456
5753,1767
5754,1979
5755,2178
5756,1615
5757,2847
5758,2571
5759,2948
5760,5301
5761,2944
5762,2790
5763,3070
5764,2870
5765,3122
5766,2957
5767,2913
5768,3259
5769,2829
5770,6369
5771,3469
5772,6567
5773,3963
5774,4121
5775,4084
5776,3222
5777,4022
5778,4204
5779,2201
5780,2555
5781,1945
5782,1710
5783,1479
5784,1195
5785,1200
5786,1206
5787,1138
5788,1270
5789,1624
5790,1482
5791,1205
5792,1399
5793,3402
5794,1119
5795,1489
5796,1232
5797,1372
5798,1107
5799,1425
5800,16206
5801,2495
5802,1845
5803,1656
5804,1353
5805,1864
5806,1395
5807,1791
5808,1718
5809,1366
5810,1970
5811,1679
5812,2131
5813,1359
5814,1330
5815,1609
5816,1223
5817,1383
5818,1258
5819,1381
5820,2018
5821,1293
5822,1931
5823,1291
5824,1302
5825,1556
5826,1166
5827,1340
5828,1558
5829,1364
5830,1938
5831,1249
5832,1536
5833,1866
5834,1109
5835,1158
5836,1105
5837,1337
5838,1193
5839,1307
5840,2137
5841,1405
5842,1200
5843,1421
5844,1320
5845,1760
5846,1294
5847,1174
5848,1146
5849,1677
5850,4371
5851,1304
5852,1364
5853,1233
5854,1170
5855,1453
5856,1572
5857,1288
5858,2242
5859,1614
5860,2089
5861,2118
5862,1218
5863,1129
5864,1154
5865,1319
5866,1453
5867,1367
5868,1606
5869,1366
5870,4609
5871,1312
5872,1166
5873,1083
5874,1234
5875,1802
5876,1713
5877,1254
5878,1169
5879,1135
5880,2050
5881,1622
5882,1224
5883,1136
5884,1301
5885,1444
5886,1179
5887,1325
5888,1864
5889,1433
5890,1864
5891,1259
5892,1160
5893,1068
5894,1010
5895,1544
5896,1054
5897,1444
5898,1113
5899,1265
5900,10424
5901,2882
5902,1556
5903,1384
5904,1376
5905,1721
5906,1494
5907,1840
5908,1457
5909,1656
5910,1788
5911,1664
5912,1436
5913,1154
5914,1184
5915,1330
5916,1215
5917,1437
5918,1161
5919,1355
5920,1742
5921,1213
5922,1332
5923,1520
5924,1260
5925,1530
5926,1201
5927,1276
5928,1104
5929,1219
5930,2216
5931,1391
5932,1203
5933,1136
5934,1090
5935,1436
5936,1226
5937,1245
5938,1174
5939,1160
5940,1700
5941,1213
5942,1201
5943,1133
5944,1154
5945,1250
5946,1216
5947,1041
5948,1074
5949,1297
5950,2605
5951,1221
5952,1371
5953,1060
5954,960
5955,1548
5956,1258
5957,1088
5958,1316
5959,1927
5960,1880
5961,1563
5962,1513
5963,1413
5964,1191
5965,1381
5966,1186
5967,1399
5968,1362
5969,1101
5970,2959
5971,1338
5972,1334
5973,1396
5974,1138
5975,1725
5976,1141
5977,1215
5978,1246
5979,1195
5980,1715
5981,1204
5982,1046
5983,1074
5984,2285
5985,1649
5986,1450
5987,1145
5988,1389
5989,1075
5990,1764
5991,1400
5992,1505
5993,1190
5994,1298
5995,1933
5996,1418
5997,1189
5998,1363
5999,3001
6000,210028
6001,6854
6002,3944
6003,2670
6004,2451
6005,2894
6006,3508
6007,1963
6008,2294
6009,2365
6010,3911
6011,3158
6012,2666
6013,2106
6014,1689
6015,2362
6016,2248
6017,1560
6018,1573
6019,1614
6020,3168
6021,2166
6022,1817
6023,1473
6024,1515
6025,1922
6026,1454
6027,1302
6028,1622
6029,1406
6030,2697
6031,1543
6032,1603
6033,1780
6034,1253
6035,1657
6036,1359
6037,1321
6038,1283
6039,1184
6040,2644
6041,1539
6042,1698
6043,1269
6044,1347
6045,1694
6046,1238
6047,1157
6048,1468
6049,1407
6050,4605
6051,1576
6052,1489
6053,1699
6054,1153
6055,2011
6056,1454
6057,1175
6058,1252
6059,1197
6060,4438
6061,9164
6062,1951
6063,2754
6064,1535
6065,1593
6066,1922
6067,1421
6068,1452
6069,1302
6070,2581
6071,1316
6072,1417
6073,1275
6074,1269
6075,1585
6076,1509
6077,1250
6078,1208
6079,1376
6080,3075
6081,1383
6082,1964
6083,1342
6084,2668
6085,1595
6086,1437
6087,1230
6088,1357
6089,1191
6090,2219
6091,1332
6092,1274
6093,1305
6094,1198
6095,1305
6096,1413
6097,1348
6098,1182
6099,1516
6100,12364
6101,2864
6102,3086
6103,2707
6104,1577
6105,2506
6106,2279
6107,2203
6108,1894
6109,2074
6110,2721
6111,3211
6112,1808
6113,1416
6114,1545
6115,2359
6116,1756
6117,1414
6118,1582
6119,1495
6120,3763
6121,1911
6122,1533
6123,2209
6124,1500
6125,2030
6126,1529
6127,1354
6128,2472
6129,1232
6130,2691
6131,1973
6132,1487
6133,1840
6134,1166
6135,1579
6136,1362
6137,1096
6138,1470
6139,3399
6140,1901
6141,1496
6142,1391
6143,1564
6144,2923
6145,1569
6146,1299
6147,1420
6148,1612
6149,1227
6150,4020
6151,2001
6152,1377
6153,1263
6154,1503
6155,1500
6156,1450
6157,1338
6158,998
6159,1148
6160,2196
6161,2183
6162,1806
6163,1751
6164,1509
6165,1505
6166,2170
6167,1457
6168,1314
6169,1201
6170,1682
6171,1421
6172,1305
6173,1335
6174,1763
6175,1468
6176,1549
6177,1347
6178,1022
6179,1998
6180,2471
6181,1303
6182,1379
6183,1127
6184,1182
6185,1243
6186,1067
6187,1095
6188,1168
6189,1172
6190,1498
6191,1339
6192,1172
6193,1108
6194,1104
6195,1142
6196,1247
6197,989
6198,1044
6199,1513
6200,14247
6201,2465
6202,1729
6203,2774
6204,1647
6205,2043
6206,1560
6207,1840
6208,1512
6209,1450
6210,2696
6211,2122
6212,3795
6213,1432
6214,1466
6215,1903
6216,1370
6217,1346
6218,1232
6219,1096
6220,2135
6221,2761
6222,2086
6223,1890
6224,1416
6225,1707
6226,1708
6227,1362
6228,1346
6229,1388
6230,2673
6231,1492
6232,1426
6233,1771
6234,1668
6235,1531
6236,1369
6237,1575
6238,1481
6239,1534
6240,2501
6241,1393
6242,1460
6243,1210
6244,1330
6245,1344
6246,1241
6247,1252
6248,1231
6249,1156
6250,6324
6251,1977
6252,1432
6253,1355
6254,1364
6255,1491
6256,1683
6257,1223
6258,1543
6259,1106
6260,1822
6261,1619
6262,2015
6263,1683
6264,2081
6265,1697
6266,1470
6267,1235
6268,1334
6269,1503
6270,2063
6271,1523
6272,1572
6273,4617
6274,1375
6275,1443
6276,1360
6277,1887
6278,1462
6279,1311
6280,1840
6281,1274
6282,1274
6283,1307
6284,1201
6285,1518
6286,1130
6287,1202
6288,1526
6289,1206
6290,1429
6291,1257
6292,1214
6293,1020
6294,957
6295,1193
6296,1224
6297,1063
6298,1123
6299,1326
6300,15213
6301,2590
6302,1812
6303,1794
6304,1706
6305,1597
6306,1415
6307,1187
6308,1364
6309,1758
6310,2076
6311,1910
6312,1501
6313,1220
6314,1169
6315,1320
6316,1180
6317,1374
6318,1221
6319,1189
6320,2329
6321,1740
6322,1338
6323,1385
6324,1434
6325,1621
6326,1268
6327,1219
6328,1464
6329,1350
6330,2383
6331,1835
6332,1711
6333,2544
6334,1471
6335,1306
6336,1651
6337,1372
6338,1224
6339,1341
6340,1736
6341,1216
6342,1245
6343,1354
6344,1250
6345,1310
6346,1268
6347,1362
6348,2323
6349,1159
6350,2688
6351,1626
6352,1244
6353,1258
6354,1120
6355,1704
6356,1145
6357,1476
6358,1033
6359,1066
6360,1949
6361,3517
6362,1369
6363,2584
6364,1526
6365,1743
6366,1590
6367,1472
6368,1329
6369,1250
6370,1792
6371,2447
6372,1445
6373,1356
6374,1563
6375,1483
6376,1236
6377,1276
6378,1927
6379,8083
6380,2089
6381,1196
6382,1179
6383,1198
6384,1202
6385,1118
6386,1135
6387,1063
6388,1262
6389,1191
6390,1509
6391,1206
6392,1167
6393,1286
6394,1119
6395,1355
6396,1078
6397,2234
6398,1149
6399,1336
6400,23125
6401,2205
6402,1770
6403,1447
6404,1621
6405,1686
6406,1355
6407,1323
6408,1304
6409,1491
6410,2180
6411,1691
6412,1421
6413,1154
6414,1200
6415,1386
6416,1374
6417,1275
6418,1178
6419,1297
6420,2256
6421,1308
6422,1493
6423,1367
6424,1318
6425,1709
6426,1324
6427,1043
6428,1221
6429,1507
6430,1552
6431,1298
6432,1347
6433,1391
6434,1335
6435,1441
6436,1080
6437,1282
6438,1425
6439,1034
6440,1917
6441,1555
6442,1228
6443,2558
6444,1555
6445,1311
6446,1389
6447,1152
6448,1196
6449,1145
6450,2760
6451,1089
6452,1100
6453,1258
6454,1379
6455,1660
6456,1145
6457,1263
6458,1346
6459,1168
6460,1672
6461,1328
6462,1166
6463,1422
6464,1980
6465,1612
6466,1604
6467,1270
6468,1517
6469,1179
6470,1604
6471,1285
6472,1194
6473,1242
6474,1332
6475,1748
6476,1069
6477,1166
6478,1620
6479,1002
6480,1907
6481,1038
6482,1166
6483,1212
6484,1589
6485,1079
6486,873
6487,1292
6488,1236
6489,1186
6490,1681
6491,1098
6492,1183
6493,949
6494,1260
6495,1214
6496,1057
6497,1208
6498,1222
6499,1217
6500,36658
6501,2707
6502,35922
6503,1581
6504,1534
6505,2347
6506,1340
6507,1560
6508,1418
6509,1596
6510,3436
6511,2715
6512,2248
6513,1490
6514,1251
6515,1643
6516,1488
6517,1190
6518,1212
6519,1485
6520,2717
6521,1307
6522,2009
6523,1285
6524,1257
6525,1665
6526,1333
6527,1162
6528,1283
6529,1123
6530,1795
6531,1527
6532,1505
6533,1277
6534,1438
6535,1543
6536,1475
6537,1168
6538,1566
6539,1140
6540,1616
6541,1311
6542,1347
6543,2176
6544,1405
6545,1405
6546,1151
6547,1268
6548,1263
6549,1012
6550,4314
6551,1641
6552,1392
6553,1428
6554,1078
6555,2051
6556,1421
6557,1106
6558,997
6559,1126
6560,2180
6561,2048
6562,1349
6563,1360
6564,1062
6565,2126
6566,1744
6567,1634
6568,1231
6569,1466
6570,2066
6571,1125
6572,1289
6573,1587
6574,1077
6575,1240
6576,1258
6577,1233
6578,1068
6579,988
6580,1500
6581,1724
6582,1232
6583,1655
6584,1429
6585,1412
6586,972
6587,1040
6588,1168
6589,992
6590,1223
6591,1060
6592,1123
6593,946
6594,922
6595,1062
6596,1481
6597,934
6598,1016
6599,1108
6600,18210
6601,2022
6602,1647
6603,1560
6604,1557
6605,1515
6606,1740
6607,1232
6608,1269
6609,1165
6610,2206
6611,2501
6612,1329
6613,1542
6614,1175
6615,1380
6616,1291
6617,1191
6618,1017
6619,1115
6620,1846
6621,1481
6622,1544
6623,1089
6624,1295
6625,1362
6626,1169
6627,1190
6628,969
6629,1186
6630,2020
6631,1225
6632,2710
6633,2976
6634,1029
6635,1206
6636,1484
6637,1178
6638,1085
6639,1112
6640,1741
6641,1289
6642,1472
6643,1702
6644,1287
6645,1560
6646,1221
6647,981
6648,1103
6649,1198
6650,2464
6651,1628
6652,1143
6653,1514
6654,1358
6655,1826
6656,1561
6657,1348
6658,1032
6659,1102
6660,1775
6661,1363
6662,1907
6663,1306
6664,1572
6665,1556
6666,8446
6667,7168
6668,1818
6669,1575
6670,2509
6671,1421
6672,2026
6673,1353
6674,1260
6675,1362
6676,1245
6677,1753
6678,1328
6679,1057
6680,1928
6681,1246
6682,1329
6683,1220
6684,1279
6685,1087
6686,1224
6687,1095
6688,1624
6689,1091
6690,1460
6691,1124
6692,961
6693,988
6694,1366
6695,1157
6696,1151
6697,1504
6698,1429
6699,3630
6700,11568
6701,2037
6702,1384
6703,1258
6704,1284
6705,1228
6706,1178
6707,1421
6708,1513
6709,1356
6710,1637
6711,1474
6712,1446
6713,1236
6714,1193
6715,1363
6716,1387
6717,1333
6718,1081
6719,1070
6720,2253
6721,1192
6722,1178
6723,1254
6724,1193
6725,1333
6726,1169
6727,1218
6728,1273
6729,1137
6730,1373
6731,1640
6732,1265
6733,1286
6734,1141
6735,1330
6736,9217
6737,1175
6738,1148
6739,1016
6740,1556
6741,1179
6742,1204
6743,1100
6744,1228
6745,1243
6746,865
6747,2113
6748,1068
6749,1412
6750,3709
6751,1380
6752,1481
6753,1174
6754,982
6755,1295
6756,882
6757,1229
6758,1175
6759,961
6760,1563
6761,1064
6762,1216
6763,1221
6764,1145
6765,1422
6766,1128
6767,1785
6768,1241
6769,1446
6770,2297
6771,1199
6772,1258
6773,1301
6774,1006
6775,1216
6776,1321
6777,1846
6778,1094
6779,1142
6780,1506
6781,1127
6782,1026
6783,1006
6784,1101
6785,1267
6786,1061
6787,1358
6788,1256
6789,7315
6790,1637
6791,1430
6792,939
6793,1005
6794,887
6795,1100
6796,972
6797,1017
6798,1061
6799,1071
6800,18983
6801,2069
6802,1378
6803,3170
6804,1500
6805,1410
6806,1235
6807,1429
6808,1321
6809,3436
6810,3370
6811,1783
6812,1237
6813,1110
6814,1261
6815,1186
6816,1093
6817,1150
6818,1175
6819,1383
6820,1892
6821,1144
6822,2378
6823,1253
6824,1273
6825,1567
6826,1097
6827,984
6828,1120
6829,990
6830,1866
6831,1412
6832,1174
6833,1623
6834,1401
6835,1095
6836,1154
6837,1031
6838,1130
6839,1064
6840,1645
6841,1139
6842,1288
6843,1088
6844,1151
6845,1711
6846,1585
6847,1187
6848,1150
6849,857
6850,3688
6851,1743
6852,1160
6853,1130
6854,1448
6855,1163
6856,1048
6857,1077
6858,1090
6859,1036
6860,1309
6861,1151
6862,970
6863,984
6864,1129
6865,1576
6866,1092
6867,957
6868,2055
6869,1345
6870,3871
6871,1154
6872,2153
6873,1003
6874,988
6875,5328
6876,1026
6877,1234
6878,1214
6879,1389
6880,1840
6881,1716
6882,1345
6883,1065
6884,1021
6885,1125
6886,1175
6887,1114
6888,1983
6889,1329
6890,1965
6891,1032
6892,1521
6893,951
6894,1074
6895,1114
6896,1076
6897,1360
6898,912
6899,1231
6900,9276
6901,1903
6902,1560
6903,1407
6904,1197
6905,1372
6906,1428
6907,1088
6908,1003
6909,1308
6910,1554
6911,1599
6912,1701
6913,1024
6914,1643
6915,1353
6916,1042
6917,1140
6918,1094
6919,1030
6920,2015
6921,1045
6922,2000
6923,1087
6924,1346
6925,1232
6926,899
6927,940
6928,1420
6929,1010
6930,1651
6931,1150
6932,978
6933,1411
6934,1070
6935,1386
6936,1073
6937,1188
6938,914
6939,1401
6940,1426
6941,1282
6942,1054
6943,896
6944,1130
6945,1136
6946,1778
6947,1257
6948,967
6949,912
6950,3617
6951,1212
6952,897
6953,968
6954,1011
6955,1279
6956,867
6957,913
6958,1031
6959,1168
6960,1585
6961,1138
6962,1158
6963,1529
6964,1042
6965,1173
6966,1068
6967,956
6968,2078
6969,2585
6970,3045
6971,1296
6972,1338
6973,1305
6974,959
6975,1286
6976,1689
6977,1221
6978,1100
6979,1168
6980,1508
6981,1218
6982,986
6983,1066
6984,1129
6985,1130
6986,918
6987,921
6988,1327
6989,1378
6990,2389
6991,1090
6992,1146
6993,1037
6994,830
6995,1455
6996,1393
6997,1006
6998,1057
6999,2151
7000,120919
7001,6141
7002,3308
7003,2558
7004,2582
7005,2580
7006,2621
7007,4079
7008,2012
7009,1920
7010,3609
7011,2330
7012,2064
7013,1858
7014,1648
7015,2472
7016,1542
7017,1607
7018,2084
7019,1596
7020,2940
7021,1600
7022,1589
7023,1590
7024,1403
7025,1832
7026,1301
7027,1741
7028,1491
7029,1321
7030,2909
7031,1892
7032,1283
7033,1132
7034,1479
7035,1559
7036,1446
7037,1500
7038,1086
7039,1215
7040,2298
7041,1393
7042,1515
7043,1484
7044,1714
7045,1253
7046,1101
7047,1217
7048,1232
7049,1296
7050,3259
7051,1575
7052,1322
7053,1166
7054,1403
7055,1568
7056,1300
7057,1098
7058,1150
7059,1183
7060,1850
7061,1243
7062,1091
7063,1203
7064,1150
7065,1397
7066,1224
7067,1017
7068,1156
7069,1176
7070,3869
7071,3316
7072,1636
7073,1257
7074,1335
7075,5757
7076,1319
7077,2017
7078,1399
7079,1272
7080,2564
7081,1135
7082,1637
7083,1491
7084,1022
7085,1278
7086,1095
7087,1184
7088,1168
7089,1143
7090,2767
7091,1208
7092,1136
7093,1015
7094,2121
7095,1416
7096,1180
7097,1125
7098,963
7099,1455
7100,11898
7101,2285
7102,2210
7103,1960
7104,1514
7105,1536
7106,1664
7107,1511
7108,1268
7109,1306
7110,2929
7111,2775
7112,1646
7113,1280
7114,1465
7115,1280
7116,1403
7117,1782
7118,1095
7119,1552
7120,2663
7121,1592
7122,1499
7123,1557
7124,1140
7125,1678
7126,1380
7127,1597
7128,1233
7129,1552
7130,1947
7131,1389
7132,1181
7133,1151
7134,1334
7135,1503
7136,1490
7137,1200
7138,1103
7139,1267
7140,1777
7141,1752
7142,1374
7143,1347
7144,1119
7145,1106
7146,1531
7147,1036
7148,1111
7149,909
7150,3495
7151,1286
7152,1628
7153,1298
7154,1126
7155,1416
7156,1191
7157,960
7158,1077
7159,1057
7160,1809
7161,1250
7162,1007
7163,1802
7164,1252
7165,1251
7166,1182
7167,2886
7168,1450
7169,1128
7170,1553
7171,2112
7172,1477
7173,1294
7174,1090
7175,1259
7176,1577
7177,1347
7178,1181
7179,1045
7180,1604
7181,1423
7182,1265
7183,1513
7184,1149
7185,1443
7186,1306
7187,1008
7188,1448
7189,1053
7190,1882
7191,1271
7192,1049
7193,1191
7194,1031
7195,1436
7196,1043
7197,993
7198,928
7199,1550
7200,29536
7201,2848
7202,2161
7203,2112
7204,1539
7205,1716
7206,2262
7207,1596
7208,1452
7209,1299
7210,2135
7211,1818
7212,1622
7213,1221
7214,1246
7215,1326
7216,1846
7217,1090
7218,1191
7219,1407
7220,1981
7221,1386
7222,2192
7223,1636
7224,1632
7225,1662
7226,1262
7227,1659
7228,1203
7229,1270
7230,1701
7231,1598
7232,1339
7233,2918
7234,1634
7235,1340
7236,1160
7237,1242
7238,1093
7239,1176
7240,1700
7241,1192
7242,1389
7243,1622
7244,1208
7245,1498
7246,1312
7247,1078
7248,1185
7249,1072
7250,3105
7251,1223
7252,1367
7253,1234
7254,985
7255,1230
7256,1518
7257,1049
7258,1399
7259,895
7260,2182
7261,1148
7262,1502
7263,1173
7264,1215
7265,1235
7266,1171
7267,1272
7268,1061
7269,1097
7270,1451
7271,1077
7272,2196
7273,1549
7274,1382
7275,4878
7276,1109
7277,1771
7278,1252
7279,1034
7280,2260
7281,1183
7282,1176
7283,1159
7284,1120
7285,1215
7286,1009
7287,1427
7288,1237
7289,1495
7290,1824
7291,1266
7292,1186
7293,1169
7294,978
7295,1179
7296,1069
7297,2346
7298,953
7299,1141
7300,10626
7301,1724
7302,1546
7303,1404
7304,1577
7305,1573
7306,1542
7307,1382
7308,1289
7309,1084
7310,1873
7311,1584
7312,1167
7313,1246
7314,1056
7315,1151
7316,1074
7317,1070
7318,1087
7319,1276
7320,2082
7321,1431
7322,1303
7323,1646
7324,1547
7325,1590
7326,2511
7327,1118
7328,1159
7329,1077
7330,3640
7331,1414
7332,1235
7333,2253
7334,1438
7335,1175
7336,1201
7337,1365
7338,905
7339,904
7340,2821
7341,1090
7342,1012
7343,1031
7344,1073
7345,1238
7346,1064
7347,1024
7348,1072
7349,853
7350,2008
7351,1172
7352,1219
7353,1220
7354,1078
7355,1474
7356,1319
7357,1139
7358,1053
7359,879
7360,1841
7361,1121
7362,1121
7363,1026
7364,1010
7365,1102
7366,1289
7367,1138
7368,1367
7369,1128
7370,1582
7371,1152
7372,1176
7373,2037
7374,1366
7375,1647
7376,1168
7377,1383
7378,1739
7379,1102
7380,1592
7381,1409
7382,1305
7383,1191
7384,1081
7385,1146
7386,1434
7387,1515
7388,1301
7389,1153
7390,1646
7391,1360
7392,1197
7393,1577
7394,944
7395,1055
7396,1022
7397,916
7398,877
7399,1866
7400,9906
7401,2176
7402,2015
7403,1574
7404,2120
7405,1898
7406,1163
7407,1569
7408,1714
7409,1167
7410,2248
7411,2101
7412,1379
7413,1323
7414,1398
7415,1253
7416,1047
7417,1195
7418,1029
7419,1029
7420,2325
7421,1548
7422,1396
7423,972
7424,1573
7425,1875
7426,1182
7427,1126
7428,1081
7429,1227
7430,1595
7431,1432
7432,2150
7433,1388
7434,1545
7435,1318
7436,1098
7437,1044
7438,994
7439,1279
7440,2725
7441,1245
7442,1222
7443,1286
7444,1787
7445,1792
7446,1429
7447,1802
7448,1158
7449,1007
7450,2332
7451,1215
7452,1230
7453,1120
7454,984
7455,1278
7456,1484
7457,1065
7458,1469
7459,1064
7460,1330
7461,1144
7462,1062
7463,1429
7464,1103
7465,1222
7466,977
7467,1793
7468,1108
7469,1653
7470,1487
7471,1178
7472,1105
7473,1161
7474,2256
7475,1840
7476,1364
7477,1170
7478,1116
7479,1012
7480,1543
7481,1166
7482,1095
7483,1082
7484,1510
7485,1368
7486,1473
7487,1183
7488,1243
7489,1258
7490,1743
7491,1345
7492,1035
7493,1103
7494,1146
7495,1257
7496,976
7497,1018
7498,1903
7499,1713
7500,47958
7501,2381
7502,1508
7503,1732
7504,1203
7505,1714
7506,2935
7507,1235
7508,1178
7509,1441
7510,2236
7511,1703
7512,1453
7513,1261
7514,1403
7515,1562
7516,1170
7517,1249
7518,1194
7519,1541
7520,2702
7521,1253
7522,1476
7523,1217
7524,1258
7525,1832
7526,1255
7527,1017
7528,1109
7529,1516
7530,1640
7531,1255
7532,943
7533,1211
7534,1154
7535,1353
7536,1046
7537,1082
7538,1203
7539,1060
7540,1743
7541,1221
7542,1328
7543,1303
7544,1222
7545,1459
7546,2019
7547,1189
7548,1126
7549,1434
7550,2101
7551,1866
7552,1051
7553,1206
7554,4853
7555,1961
7556,1241
7557,1488
7558,963
7559,1430
7560,1622
7561,1050
7562,1107
7563,1047
7564,873
7565,1153
7566,1744
7567,1681
7568,1005
7569,1182
7570,1381
7571,987
7572,957
7573,896
7574,876
7575,2514
7576,1175
7577,1497
7578,1031
7579,941
7580,1928
7581,1036
7582,5850
7583,1197
7584,1223
7585,1259
7586,954
7587,1193
7588,993
7589,1148
7590,1767
7591,1218
7592,1116
7593,978
7594,1063
7595,1155
7596,919
7597,1006
7598,1085
7599,1203
7600,12820
7601,3292
7602,1514
7603,1517
7604,1231
7605,1227
7606,1534
7607,1500
7608,1412
7609,1077
7610,3167
7611,1523
7612,1081
7613,2303
7614,1224
7615,1153
7616,1140
7617,989
7618,969
7619,1400
7620,1453
7621,1242
7622,1265
7623,1308
7624,1213
7625,1609
7626,1116
7627,1111
7628,1103
7629,1121
7630,1246
7631,1262
7632,1685
7633,1042
7634,1271
7635,1032
7636,1356
7637,1589
7638,1131
7639,1062
7640,1367
7641,1417
7642,1077
7643,1312
7644,1225
7645,1939
7646,1098
7647,1474
7648,972
7649,931
7650,2494
7651,852
7652,1459
7653,1671
7654,1816
7655,1139
7656,1346
7657,1079
7658,952
7659,1223
7660,1479
7661,1325
7662,1028
7663,1255
7664,1421
7665,1319
7666,1276
7667,1762
7668,1091
7669,1414
7670,1359
7671,1407
7672,920
7673,1039
7674,931
7675,1159
7676,1923
7677,1191
7678,1365
7679,1376
7680,2724
7681,1420
7682,841
7683,972
7684,901
7685,921
7686,895
7687,1543
7688,1081
7689,990
7690,1072
7691,909
7692,1345
7693,891
7694,859
7695,1350
7696,1015
7697,920
7698,1031
7699,991
7700,10750
7701,3362
7702,2273
7703,1508
7704,1391
7705,1364
7706,1278
7707,1266
7708,1175
7709,1013
7710,2274
7711,2111
7712,1365
7713,1195
7714,2402
7715,1430
7716,1116
7717,3550
7718,1051
7719,1057
7720,1974
7721,2151
7722,2109
7723,1374
7724,1229
7725,1547
7726,1528
7727,1442
7728,1275
7729,1189
7730,2241
7731,1200
7732,1116
7733,1609
7734,2458
7735,1480
7736,1224
7737,1511
7738,1226
7739,1220
7740,2041
7741,1082
7742,1299
7743,1126
7744,1361
7745,1433
7746,1008
7747,1585
7748,1637
7749,1132
7750,4448
7751,1367
7752,1023
7753,1746
7754,922
7755,1597
7756,1041
7757,1496
7758,1097
7759,1389
7760,1696
7761,1216
7762,982
7763,1059
7764,1285
7765,1296
7766,1620
7767,1232
7768,1199
7769,1101
7770,3003
7771,1684
7772,1217
7773,1183
7774,1278
7775,1459
7776,2213
7777,10923
7778,2093
7779,1712
7780,1755
7781,1133
7782,1308
7783,1139
7784,957
7785,1268
7786,1900
7787,1346
7788,2186
7789,1407
7790,1909
7791,1185
7792,1165
7793,1366
7794,990
7795,1231
7796,988
7797,1168
7798,981
7799,2201
7800,16843
7801,1791
7802,1449
7803,1782
7804,1164
7805,4715
7806,1332
7807,1076
7808,1363
7809,1308
7810,1896
7811,1521
7812,3120
7813,1219
7814,1154
7815,1275
7816,1822
7817,1908
7818,1108
7819,1098
7820,1475
7821,1267
7822,1246
7823,1064
7824,1169
7825,1548
7826,1012
7827,1773
7828,1077
7829,886
7830,1233
7831,1376
7832,1026
7833,1577
7834,1187
7835,965
7836,1718
7837,1252
7838,1024
7839,1261
7840,1473
7841,1126
7842,1099
7843,1366
7844,1249
7845,1140
7846,915
7847,971
7848,1312
7849,998
7850,4118
7851,1551
7852,1090
7853,1039
7854,1673
7855,1371
7856,1010
7857,943
7858,1176
7859,843
7860,1653
7861,1243
7862,1020
7863,1322
7864,2191
7865,938
7866,1351
7867,2061
7868,1388
7869,4245
7870,3767
7871,1076
7872,1429
7873,1247
7874,1434
7875,1964
7876,1341
7877,1155
7878,1931
7879,1423
7880,1707
7881,1441
7882,1248
7883,969
7884,1152
7885,1339
7886,979
7887,1503
7888,2294
7889,1088
7890,4362
7891,1153
7892,1080
7893,914
7894,1224
7895,961
7896,1036
7897,831
7898,1005
7899,1190
7900,9787
7901,2664
7902,1159
7903,1403
7904,1268
7905,1367
7906,1151
7907,1171
7908,1211
7909,1531
7910,1945
7911,1257
7912,1396
7913,1070
7914,1771
7915,1719
7916,1124
7917,1418
7918,885
7919,1315
7920,2305
7921,1511
7922,1359
7923,1725
7924,1020
7925,1362
7926,1268
7927,1025
7928,1203
7929,1024
7930,1689
7931,1120
7932,1106
7933,980
7934,854
7935,1243
7936,1241
7937,1132
7938,1069
7939,1090
7940,1491
7941,1207
7942,1613
7943,797
7944,1122
7945,1016
7946,1237
7947,987
7948,866
7949,1059
7950,5440
7951,1070
7952,916
7953,823
7954,895
7955,1164
7956,1103
7957,1148
7958,1051
7959,862
7960,1923
7961,1029
7962,1074
7963,812
7964,751
7965,945
7966,1296
7967,1394
7968,1081
7969,997
7970,6438
7971,1193
7972,933
7973,1558
7974,1514
7975,982
7976,1348
7977,1525
7978,993
7979,1848
7980,1737
7981,1367
7982,936
7983,990
7984,1068
7985,1028
7986,1042
7987,729
7988,867
7989,1145
7990,2340
7991,921
7992,960
7993,999
7994,1033
7995,1367
7996,869
7997,1073
7998,1960
7999,2480
8000,177151
8001,8581
8002,4147
8003,3037
8004,2390
8005,2902
8006,2549
8007,2118
8008,6459
8009,2824
8010,4349
8011,2598
8012,1787
8013,1428
8014,2390
8015,1495
8016,1375
8017,1285
8018,3221
8019,1299
8020,4830
8021,2554
8022,2042
8023,1328
8024,1284
8025,1787
8026,1084
8027,1538
8028,2065
8029,1125
8030,1982
8031,1807
8032,2116
8033,1601
8034,1323
8035,1364
8036,1319
8037,1358
8038,1500
8039,1274
8040,2650
8041,1332
8042,1554
8043,1205
8044,1277
8045,1223
8046,1067
8047,2199
8048,1792
8049,1334
8050,4222
8051,8942
8052,1932
8053,1994
8054,1136
8055,1546
8056,1058
8057,1397
8058,1505
8059,1129
8060,2152
8061,1802
8062,1065
8063,1041
8064,1388
8065,1422
8066,1002
8067,979
8068,1127
8069,1594
8070,2145
8071,1527
8072,1119
8073,1012
8074,882
8075,2206
8076,972
8077,1225
8078,1563
8079,1154
8080,95188
8081,10673
8082,5009
8083,2920
8084,1779
8085,5959
8086,14795
8087,3440
8088,9869
8089,2200
8090,4617
8091,2296
8092,1794
8093,1393
8094,1402
8095,1201
8096,1561
8097,1154
8098,1235
8099,1496
8100,11649
8101,2389
8102,1689
8103,1580
8104,1393
8105,1289
8106,1195
8107,1246
8108,2006
8109,1640
8110,2785
8111,2896
8112,1557
8113,1401
8114,1189
8115,1241
8116,1129
8117,1351
8118,2083
8119,1333
8120,3119
8121,1408
8122,1821
8123,2386
8124,1358
8125,6190
8126,1481
8127,1141
8128,1658
8129,1708
8130,2269
8131,1686
8132,1121
8133,1710
8134,1020
8135,1674
8136,975
8137,2219
8138,1181
8139,1544
8140,1858
8141,1171
8142,1236
8143,1135
8144,1269
8145,1027
8146,1146
8147,1357
8148,860
8149,939
8150,3222
8151,1282
8152,11531
8153,1629
8154,1013
8155,1302
8156,1129
8157,1058
8158,985
8159,996
8160,2622
8161,1329
8162,1147
8163,1024
8164,952
8165,1281
8166,1529
8167,1349
8168,1241
8169,1042
8170,1240
8171,1185
8172,1070
8173,1182
8174,1027
8175,1028
8176,1304
8177,1134
8178,980
8179,1058
8180,1937
8181,3122
8182,1633
8183,1240
8184,1362
8185,1093
8186,1025
8187,943
8188,1293
8189,1095
8190,1527
8191,2809
8192,41381
8193,1403
8194,1281
8195,1626
8196,1164
8197,983
8198,979
8199,1240
8200,12786
8201,2260
8202,1545
8203,3121
8204,1579
8205,2028
8206,1619
8207,1334
8208,1612
8209,1673
8210,2425
8211,14805
8212,18428
8213,1789
8214,1079
8215,1278
8216,7965
8217,124297
8218,1732
8219,1289
8220,37615
8221,40487
8222,2513
8223,2115
8224,1447
8225,1487
8226,4911
8227,1159
8228,2230
8229,1189
8230,11105
8231,1296
8232,2120
8233,1366
8234,1266
8235,1237
8236,1045
8237,1283
8238,1123
8239,1272
8240,1824
8241,1031
8242,1560
8243,1349
8244,1050
8245,1205
8246,1011
8247,1864
8248,1683
8249,1126
8250,3930
8251,1307
8252,1368
8253,1349
8254,1435
8255,14729
8256,1303
8257,929
8258,1161
8259,1644
8260,2045
8261,1103
8262,1281
8263,1226
8264,1386
8265,1339
8266,1585
8267,1661
8268,888
8269,867
8270,1382
8271,1220
8272,1069
8273,1067
8274,1074
8275,1333
8276,1168
8277,1003
8278,1217
8279,1191
8280,1668
8281,1288
8282,2146
8283,2289
8284,1451
8285,1164
8286,1426
8287,1079
8288,1726
8289,1053
8290,1482
8291,991
8292,1047
8293,1026
8294,1000
8295,1132
8296,920
8297,1292
8298,850
8299,1193
8300,9716
8301,3033
8302,1467
8303,1663
8304,1151
8305,1276
8306,1200
8307,1113
8308,1166
8309,1158
8310,2467
8311,1715
8312,1981
8313,1423
8314,1032
8315,1161
8316,952
8317,1103
8318,1008
8319,923
8320,2885
8321,1291
8322,1345
8323,1224
8324,1216
8325,1574
8326,1067
8327,916
8328,1028
8329,1078
8330,2734
8331,1455
8332,1908
8333,5268
8334,984
8335,990
8336,1186
8337,1158
8338,1116
8339,1405
8340,1212
8341,1094
8342,1060
8343,1046
8344,1284
8345,1072
8346,1169
8347,1005
8348,1081
8349,879
8350,4599
8351,1043
8352,1079
8353,1248
8354,888
8355,1207
8356,1159
8357,893
8358,1106
8359,1015
8360,1397
8361,1043
8362,943
8363,1066
8364,1548
8365,999
8366,1138
8367,921
8368,1056
8369,1203
8370,1332
8371,1214
8372,1055
8373,1258
8374,940
8375,1315
8376,1087
8377,1181
8378,1227
8379,1069
8380,1323
8381,1006
8382,1041
8383,1771
8384,1116
8385,1468
8386,1068
8387,1119
8388,1299
8389,1145
8390,1472
8391,998
8392,1081
8393,899
8394,818
8395,890
8396,948
8397,897
8398,978
8399,1055
8400,11218
8401,1888
8402,1291
8403,1134
8404,1274
8405,1227
8406,1113
8407,1058
8408,1083
8409,883
8410,1466
8411,1443
8412,1225
8413,996
8414,1210
8415,1188
8416,1517
8417,1565
8418,980
8419,1016
8420,1324
8421,1262
8422,1163
8423,1125
8424,2326
8425,1287
8426,943
8427,919
8428,979
8429,895
8430,1245
8431,1212
8432,1277
8433,1104
8434,947
8435,923
8436,1043
8437,1008
8438,904
8439,1076
8440,1414
8441,966
8442,1144
8443,7382
8444,2039
8445,1211
8446,1213
8447,991
8448,1392
8449,948
8450,1893
8451,1488
8452,1323
8453,1332
8454,1221
8455,1115
8456,1308
8457,1941
8458,954
8459,964
8460,1216
8461,1096
8462,1112
8463,1132
8464,998
8465,966
8466,1028
8467,962
8468,870
8469,886
8470,1229
8471,1067
8472,4476
8473,985
8474,984
8475,966
8476,1077
8477,5003
8478,1165
8479,909
8480,1261
8481,911
8482,1660
8483,910
8484,1913
8485,1287
8486,1354
8487,1058
8488,1146
8489,988
8490,1066
8491,1059
8492,869
8493,2331
8494,868
8495,1089
8496,933
8497,1039
8498,1049
8499,1374
8500,24320
8501,3198
8502,1674
8503,1159
8504,1065
8505,1419
8506,1116
8507,1214
8508,1113
8509,991
8510,1844
8511,1566
8512,1376
8513,853
8514,1317
8515,1280
8516,1147
8517,1022
8518,960
8519,1079
8520,3392
8521,1142
8522,1091
8523,1082
8524,1139
8525,2182
8526,1131
8527,1226
8528,1037
8529,1330
8530,2203
8531,1030
8532,1141
8533,1021
8534,959
8535,1182
8536,1134
8537,908
8538,830
8539,955
8540,2087
8541,1255
8542,1513
8543,1142
8544,1578
8545,2330
8546,1078
8547,1034
8548,845
8549,896
8550,2203
8551,1133
8552,1047
8553,947
8554,1048
8555,2054
8556,1027
8557,882
8558,3110
8559,951
8560,1503
8561,1109
8562,897
8563,1056
8564,898
8565,1073
8566,1082
8567,998
8568,963
8569,866
8570,1651
8571,1304
8572,1013
8573,1678
8574,889
8575,1085
8576,905
8577,1186
8578,932
8579,949
8580,1681
8581,1033
8582,1105
8583,1293
8584,897
8585,1977
8586,1145
8587,1299
8588,1217
8589,886
8590,1162
8591,906
8592,1107
8593,996
8594,1687
8595,1133
8596,848
8597,938
8598,1052
8599,2544
8600,13976
8601,12397
8602,1218
8603,1181
8604,1175
8605,1351
8606,2447
8607,996
8608,1000
8609,1024
8610,2123
8611,1601
8612,1198
8613,908
8614,902
8615,1044
8616,1361
8617,1572
8618,4429
8619,934
8620,1969
8621,1437
8622,1078
8623,1018
8624,1304
8625,1515
8626,861
8627,909
8628,1348
8629,920
8630,1403
8631,833
8632,1105
8633,1005
8634,916
8635,988
8636,1073
8637,920
8638,992
8639,1037
8640,1832
8641,857
8642,921
8643,949
8644,1369
8645,926
8646,947
8647,886
8648,1102
8649,1384
8650,1752
8651,1026
8652,1058
8653,838
8654,951
8655,1368
8656,996
8657,854
8658,906
8659,924
8660,1487
8661,1030
8662,1024
8663,936
8664,1354
8665,1205
8666,1321
8667,1348
8668,1045
8669,1352
8670,1140
8671,926
8672,1023
8673,920
8674,7643
8675,1279
8676,997
8677,1038
8678,852
8679,937
8680,1248
8681,1097
8682,1046
8683,1286
8684,997
8685,1284
8686,1715
8687,1309
8688,1523
8689,944
8690,1176
8691,1012
8692,1176
8693,833
8694,889
8695,887
8696,958
8697,780
8698,824
8699,909
8700,8277
8701,1781
8702,1074
8703,1198
8704,1261
8705,1250
8706,1051
8707,1074
8708,1199
8709,1083
8710,1499
8711,1788
8712,1188
8713,914
8714,872
8715,1081
8716,1012
8717,921
8718,887
8719,1137
8720,1373
8721,1598
8722,1730
8723,1059
8724,1070
8725,1221
8726,906
8727,1008
8728,878
8729,931
8730,1471
8731,1029
8732,1227
8733,1383
8734,1029
8735,1042
8736,1124
8737,1249
8738,969
8739,1059
8740,1400
8741,1508
8742,1245
8743,827
8744,1009
8745,999
8746,1257
8747,1261
8748,918
8749,1102
8750,2966
8751,1048
8752,991
8753,1048
8754,805
8755,1152
8756,1036
8757,855
8758,855
8759,880
8760,2981
8761,1383
8762,1044
8763,745
8764,974
8765,2084
8766,1157
8767,2686
8768,950
8769,760
8770,1264
8771,901
8772,985
8773,919
8774,992
8775,1579
8776,1738
8777,1919
8778,1102
8779,803
8780,1227
8781,859
8782,925
8783,898
8784,913
8785,851
8786,943
8787,2380
8788,1350
8789,1241
8790,1189
8791,924
8792,846
8793,791
8794,1320
8795,835
8796,832
8797,1025
8798,779
8799,2401
8800,20568
8801,2553
8802,2023
8803,1244
8804,1341
8805,1387
8806,1098
8807,1336
8808,1413
8809,1358
8810,1572
8811,1751
8812,1294
8813,951
8814,952
8815,1175
8816,1412
8817,1509
8818,1156
8819,959
8820,2293
8821,1166
8822,1789
8823,1047
8824,1301
8825,1420
8826,976
8827,965
8828,1201
8829,1016
8830,2148
8831,1141
8832,1538
8833,2062
8834,891
8835,1028
8836,892
8837,1039
8838,1077
8839,957
8840,1476
8841,870
8842,876
8843,1151
8844,1508
8845,941
8846,961
8847,905
8848,2104
8849,1062
8850,6015
8851,993
8852,974
8853,1005
8854,1565
8855,1651
8856,1075
8857,1055
8858,1230
8859,28763
8860,1525
8861,963
8862,981
8863,1156
8864,810
8865,1109
8866,1422
8867,911
8868,1006
8869,1265
8870,1363
8871,991
8872,1001
8873,1134
8874,842
8875,1186
8876,1044
8877,1484
8878,1177
8879,2179
8880,2629
8881,1567
8882,1256
8883,1973
8884,1139
8885,1306
8886,1291
8887,1401
8888,19471
8889,2586
8890,2274
8891,1493
8892,1117
8893,916
8894,804
8895,1414
8896,804
8897,906
8898,1131
8899,1879
8900,8195
8901,2432
8902,1137
8903,1586
8904,1101
8905,933
8906,974
8907,949
8908,1010
8909,1090
8910,2723
8911,1335
8912,1231
8913,954
8914,834
8915,953
8916,872
8917,896
8918,893
8919,925
8920,1245
8921,899
8922,990
8923,1033
8924,1367
8925,1030
8926,1013
8927,857
8928,891
8929,816
8930,1345
8931,1219
8932,973
8933,1020
8934,751
8935,936
8936,806
8937,834
8938,2055
8939,945
8940,1235
8941,902
8942,860
8943,851
8944,1091
8945,1102
8946,891
8947,977
8948,725
8949,1869
8950,1502
8951,825
8952,854
8953,738
8954,851
8955,981
8956,922
8957,610
8958,767
8959,796
8960,1354
8961,799
8962,1224
8963,812
8964,1441
8965,1041
8966,1024
8967,702
8968,761
8969,1334
8970,1136
8971,949
8972,929
8973,970
8974,767
8975,916
8976,932
8977,1272
8978,907
8979,899
8980,1054
8981,1006
8982,710
8983,2057
8984,1462
8985,829
8986,1172
8987,890
8988,1185
8989,1903
8990,1537
8991,1214
8992,1006
8993,2412
8994,1268
8995,1158
8996,867
8997,1024
8998,1328
8999,2404
9000,117060
9001,42678
9002,4715
9003,3030
9004,2679
9005,2706
9006,2466
9007,2575
9008,1710
9009,2704
9010,3372
9011,2072
9012,1983
9013,1126
9014,1358
9015,1489
9016,1431
9017,1140
9018,1225
9019,954
9020,2118
9021,1312
9022,1276
9023,1096
9024,1253
9025,1352
9026,1052
9027,1029
9028,929
9029,866
9030,1850
9031,1171
9032,1133
9033,1163
9034,927
9035,1091
9036,1139
9037,995
9038,1065
9039,1384
9040,1797
9041,1312
9042,1953
9043,934
9044,878
9045,1445
9046,996
9047,1043
9048,1078
9049,866
9050,2821
9051,1313
9052,1177
9053,1078
9054,1113
9055,1241
9056,1084
9057,873
9058,1511
9059,957
9060,1820
9061,936
9062,801
9063,964
9064,1015
9065,888
9066,3871
9067,820
9068,1073
9069,937
9070,1566
9071,1114
9072,1096
9073,885
9074,818
9075,1321
9076,836
9077,1124
9078,1054
9079,830
9080,2722
9081,1361
9082,946
9083,1070
9084,1109
9085,1150
9086,770
9087,1004
9088,1170
9089,1211
9090,7886
9091,2800
9092,5018
9093,1684
9094,1211
9095,1249
9096,1017
9097,1350
9098,1045
9099,1606
9100,9702
9101,3024
9102,1556
9103,1328
9104,1229
9105,1253
9106,1024
9107,1092
9108,961
9109,1066
9110,1926
9111,2436
9112,1366
9113,959
9114,1153
9115,1313
9116,1153
9117,1008
9118,1036
9119,1398
9120,1717
9121,1159
9122,1407
9123,1391
9124,808
9125,1551
9126,1388
9127,887
9128,1084
9129,841
9130,1439
9131,1305
9132,889
9133,1029
9134,899
9135,966
9136,1025
9137,917
9138,872
9139,1003
9140,1368
9141,1283
9142,994
9143,873
9144,1717
9145,1022
9146,908
9147,890
9148,968
9149,1246
9150,2640
9151,1031
9152,896
9153,1034
9154,884
9155,1400
9156,708
9157,731
9158,834
9159,807
9160,1386
9161,913
9162,1086
9163,895
9164,815
9165,1256
9166,1151
9167,1719
9168,846
9169,753
9170,1077
9171,2605
9172,851
9173,1004
9174,811
9175,1006
9176,769
9177,902
9178,794
9179,894
9180,1217
9181,1006
9182,941
9183,816
9184,1014
9185,1027
9186,819
9187,954
9188,1137
9189,908
9190,1190
9191,1882
9192,1089
9193,1203
9194,983
9195,1041
9196,911
9197,880
9198,971
9199,1295
9200,14909
9201,2014
9202,1396
9203,1788
9204,1010
9205,1579
9206,1012
9207,998
9208,1097
9209,1019
9210,1657
9211,1871
9212,1352
9213,922
9214,836
9215,1085
9216,1943
9217,952
9218,882
9219,1056
9220,1605
9221,1270
9222,2076
9223,1142
9224,985
9225,1315
9226,909
9227,1060
9228,941
9229,1250
9230,2157
9231,1242
9232,1096
9233,1058
9234,958
9235,1172
9236,890
9237,888
9238,784
9239,915
9240,1377
9241,1502
9242,1007
9243,1042
9244,955
9245,871
9246,822
9247,957
9248,932
9249,823
9250,2911
9251,1058
9252,1179
9253,1012
9254,827
9255,1138
9256,870
9257,854
9258,1236
9259,876
9260,1429
9261,1138
9262,1181
9263,932
9264,887
9265,1012
9266,988
9267,906
9268,1309
9269,819
9270,1332
9271,911
9272,1046
9273,872
9274,984
9275,1034
9276,944
9277,962
9278,874
9279,909
9280,1935
9281,910
9282,1178
9283,1109
9284,866
9285,946
9286,1066
9287,826
9288,1061
9289,867
9290,1610
9291,946
9292,2498
9293,1064
9294,1115
9295,1084
9296,1007
9297,960
9298,919
9299,1249
9300,10373
9301,1617
9302,1078
9303,1230
9304,1007
9305,1139
9306,987
9307,899
9308,1007
9309,931
9310,1890
9311,1374
9312,1220
9313,990
9314,854
9315,1090
9316,873
9317,921
9318,883
9319,900
9320,2001
9321,1090
9322,1006
9323,874
9324,855
9325,2221
9326,1724
9327,1077
9328,1183
9329,879
9330,1421
9331,1150
9332,1006
9333,2212
9334,777
9335,1159
9336,955
9337,961
9338,916
9339,1183
9340,1320
9341,1106
9342,820
9343,1436
9344,1237
9345,1046
9346,1092
9347,968
9348,988
9349,871
9350,2035
9351,1363
9352,1014
9353,1081
9354,960
9355,1588
9356,887
9357,828
9358,869
9359,824
9360,2341
9361,1045
9362,1151
9363,892
9364,897
9365,940
9366,820
9367,882
9368,890
9369,945
9370,1618
9371,1086
9372,1113
9373,898
9374,770
9375,9975
9376,1292
9377,1059
9378,1178
9379,741
9380,1539
9381,1246
9382,991
9383,940
9384,1401
9385,1079
9386,875
9387,866
9388,967
9389,899
9390,1080
9391,1005
9392,827
9393,1581
9394,1107
9395,1090
9396,885
9397,1098
9398,850
9399,1151
9400,7216
9401,1473
9402,1091
9403,1080
9404,1210
9405,976
9406,899
9407,952
9408,1029
9409,1370
9410,1550
9411,1760
9412,1119
9413,1054
9414,1035
9415,1286
9416,1027
9417,1080
9418,1061
9419,931
9420,1402
9421,1004
9422,1561
9423,794
9424,1136
9425,1125
9426,816
9427,883
9428,928
9429,913
9430,1111
9431,869
9432,881
9433,948
9434,1001
9435,941
9436,838
9437,813
9438,1034
9439,872
9440,1877
9441,966
9442,870
9443,2114
9444,1552
9445,1036
9446,836
9447,888
9448,840
9449,961
9450,1751
9451,948
9452,1185
9453,1090
9454,909
9455,1087
9456,824
9457,947
9458,775
9459,808
9460,1041
9461,831
9462,893
9463,1224
9464,880
9465,1135
9466,877
9467,880
9468,888
9469,814
9470,984
9471,813
9472,903
9473,1109
9474,1306
9475,927
9476,858
9477,947
9478,809
9479,937
9480,1109
9481,882
9482,721
9483,699
9484,838
9485,780
9486,796
9487,744
9488,882
9489,811
9490,1055
9491,814
9492,886
9493,831
9494,1160
9495,1067
9496,999
9497,861
9498,787
9499,1140
9500,18063
9501,1833
9502,1354
9503,1271
9504,1014
9505,1350
9506,962
9507,1010
9508,1027
9509,951
9510,1539
9511,1459
9512,1165
9513,1112
9514,986
9515,1071
9516,1154
9517,960
9518,854
9519,801
9520,1353
9521,1138
9522,1060
9523,829
9524,863
9525,3439
9526,766
9527,1348
9528,832
9529,1142
9530,1809
9531,941
9532,857
9533,981
9534,878
9535,876
9536,1521
9537,797
9538,786
9539,769
9540,1124
9541,1151
9542,865
9543,880
9544,877
9545,1535
9546,1010
9547,828
9548,965
9549,778
9550,2966
9551,1064
9552,1028
9553,882
9554,856
9555,2192
9556,1071
9557,903
9558,919
9559,1190
9560,1738
9561,889
9562,797
9563,771
9564,889
9565,977
9566,970
9567,1139
9568,2033
9569,829
9570,1392
9571,820
9572,1002
9573,1111
9574,1269
9575,1231
9576,914
9577,1008
9578,767
9579,924
9580,1226
9581,699
9582,718
9583,912
9584,984
9585,1035
9586,665
9587,761
9588,846
9589,718
9590,1768
9591,841
9592,1100
9593,901
9594,816
9595,2333
9596,1105
9597,1015
9598,921
9599,1305
9600,27372
9601,1656
9602,1262
9603,1115
9604,1310
9605,1146
9606,2508
9607,1096
9608,1139
9609,982
9610,1399
9611,1530
9612,1270
9613,891
9614,845
9615,1072
9616,807
9617,834
9618,873
9619,942
9620,1366
9621,881
9622,1572
9623,1164
9624,955
9625,1179
9626,1105
9627,747
9628,750
9629,942
9630,2097
9631,832
9632,1152
9633,913
9634,703
9635,986
9636,973
9637,1129
9638,781
9639,949
9640,1093
9641,838
9642,1669
9643,789
9644,850
9645,1137
9646,1069
9647,952
9648,902
9649,811
9650,3209
9651,835
9652,831
9653,889
9654,1180
9655,959
9656,936
9657,770
9658,1337
9659,827
9660,3963
9661,1037
9662,4176
9663,1309
9664,892
9665,1007
9666,1128
9667,1221
9668,1003
9669,893
9670,1310
9671,807
9672,908
9673,1236
9674,1102
9675,1281
9676,723
9677,944
9678,910
9679,1231
9680,971
9681,782
9682,748
9683,814
9684,784
9685,964
9686,1418
9687,797
9688,2119
9689,841
9690,1131
9691,833
9692,733
9693,741
9694,809
9695,860
9696,1783
9697,1201
9698,929
9699,1169
9700,16091
9701,1363
9702,1166
9703,944
9704,1008
9705,1069
9706,1177
9707,1275
9708,1002
9709,1093
9710,1346
9711,1373
9712,1158
9713,868
9714,975
9715,874
9716,918
9717,950
9718,731
9719,817
9720,1294
9721,1151
9722,1036
9723,938
9724,848
9725,944
9726,1186
9727,934
9728,1018
9729,1043
9730,909
9731,706
9732,882
9733,1662
9734,1098
9735,1010
9736,978
9737,863
9738,919
9739,760
9740,990
9741,803
9742,878
9743,1199
9744,1226
9745,1045
9746,823
9747,969
9748,826
9749,762
9750,2105
9751,842
9752,897
9753,853
9754,793
9755,1121
9756,810
9757,791
9758,958
9759,680
9760,1229
9761,886
9762,750
9763,920
9764,801
9765,773
9766,1081
9767,846
9768,647
9769,874
9770,1288
9771,896
9772,846
9773,768
9774,784
9775,1063
9776,1051
9777,1683
9778,1046
9779,980
9780,2459
9781,995
9782,721
9783,852
9784,715
9785,934
9786,875
9787,1011
9788,805
9789,1141
9790,1892
9791,755
9792,1115
9793,1097
9794,764
9795,879
9796,1460
9797,1574
9798,1155
9799,1247
9800,14513
9801,2245
9802,1493
9803,939
9804,1037
9805,1258
9806,1000
9807,1010
9808,1130
9809,1023
9810,3136
9811,1271
9812,1058
9813,976
9814,871
9815,1006
9816,866
9817,844
9818,959
9819,936
9820,1483
9821,1126
9822,2829
9823,871
9824,903
9825,1224
9826,844
9827,873
9828,895
9829,1036
9830,1215
9831,860
9832,1101
9833,1288
9834,1941
9835,1088
9836,923
9837,901
9838,908
9839,856
9840,1182
9841,1067
9842,984
9843,908
9844,904
9845,1228
9846,812
9847,736
9848,911
9849,860
9850,2401
9851,885
9852,845
9853,838
9854,796
9855,997
9856,955
9857,953
9858,730
9859,850
9860,2462
9861,1545
9862,1176
9863,836
9864,803
9865,915
9866,925
9867,830
9868,1113
9869,4007
9870,1095
9871,874
9872,843
9873,1016
9874,861
9875,1234
9876,3207
9877,1219
9878,893
9879,761
9880,1368
9881,825
9882,886
9883,766
9884,753
9885,897
9886,831
9887,1197
9888,1739
9889,1073
9890,1181
9891,907
9892,694
9893,825
9894,811
9895,1271
9896,937
9897,842
9898,1712
9899,2502
9900,14128
9901,2079
9902,1346
9903,1224
9904,1483
9905,1234
9906,1009
9907,1131
9908,1156
9909,1243
9910,1532
9911,1496
9912,1292
9913,1360
9914,823
9915,945
9916,782
9917,797
9918,1014
9919,1047
9920,1159
9921,1130
9922,1172
9923,1224
9924,725
9925,1340
9926,1208
9927,816
9928,814
9929,1068
9930,2820
9931,1036
9932,835
9933,2306
9934,994
9935,870
9936,884
9937,780
9938,1097
9939,1343
9940,1215
9941,927
9942,743
9943,767
9944,1210
9945,1213
9946,833
9947,1037
9948,800
9949,1087
9950,1985
9951,939
9952,897
9953,874
9954,986
9955,1398
9956,899
9957,835
9958,945
9959,1013
9960,1722
9961,1018
9962,789
9963,888
9964,1052
9965,2103
9966,2403
9967,881
9968,902
9969,1113
9970,1156
9971,1296
9972,1057
9973,1160
9974,986
9975,1391
9976,873
9977,1151
9978,969
9979,1201
9980,1451
9981,1881
9982,1266
9983,1084
9984,1386
9985,1305
9986,1090
9987,3879
9988,2066
9989,1344
9990,2803
9991,1812
9992,1397
9993,2055
9994,2322
9995,3513
9996,2513
9997,3130
9998,4368
9999,65630
10000,206792
