number,count
0,845316642
1,1101289509
2,802568552
3,521057727
4,409878386
5,418469218
6,288179027
7,255578388
8,250030780
9,208126136
10,333121468
11,164138038
12,188446205
13,111393252
14,111713772
15,149790176
16,112433940
17,95973052
18,107588244
19,121944688
20,165416725
21,83736764
22,79190049
23,71141799
24,90906468
25,105590942
26,61809171
27,60899946
28,62679308
29,55706148
30,152840147
31,54924557
32,36227016
33,29498221
34,27362976
35,39531042
36,28064503
37,24443700
38,24219998
39,23845565
40,66433090
41,21499683
42,24463159
43,21024715
44,22703855
45,37628637
46,19537118
47,19413263
48,24714761
49,20619329
50,92096544
51,18692253
52,19729890
53,17062790
54,17723893
55,23143710
56,17153499
57,15792326
58,15769723
59,16406316
60,47027783
61,12228724
62,12788450
63,12310104
64,17793684
65,19551767
66,12842973
67,11943450
68,11613091
69,11082022
70,31218205
71,10944619
72,13748651
73,10662186
74,10591549
75,26198849
76,10598126
77,10551760
78,10449003
79,9832060
80,34192251
81,10108041
82,10106789
83,9818505
84,10201314
85,14478894
86,9606248
87,9353998
88,10454343
89,9447356
90,33515625
91,9781592
92,9843934
93,9666700
94,9464872
95,21084519
96,10503333
97,9787618
98,10691454
99,24132250
100,102039043
101,9756102
102,6367463
103,5378192
104,5778669
105,6391477
106,5439834
107,4836735
108,5081627
109,4524427
110,9040283
111,5444176
112,5015502
113,4107355
114,4255026
115,5252610
116,4088523
117,3847349
118,3885816
119,3743735
120,12863624
121,3946710
122,3880062
123,5181748
124,3650775
125,7434427
126,3450855
127,4887149
128,5288503
129,3307358
130,7514423
131,3229035
132,3400478
133,3141642
134,3005042
135,4339223
136,2975377
137,2996955
138,2927268
139,2850054
140,6890274
141,2904025
142,2792612
143,2800016
144,3264038
145,3524514
146,2594273
147,2702591
148,2618737
149,2793237
150,18780171
151,2763056
152,2738278
153,2541918
154,2514280
155,3162509
156,2515370
157,2457906
158,2372194
159,2383178
160,7323454
161,2527581
162,2520324
163,2420587
164,2319205
165,3149617
166,2248721
167,2364430
168,3426902
169,2411062
170,4612094
171,2294484
172,2516188
173,2205368
174,2173256
175,3921997
176,2220313
177,2161978
178,2124583
179,2166934
180,7990105
181,2134990
182,2353681
183,2888217
184,2063113
185,2708964
186,1995686
187,2107455
188,2076263
189,2097201
190,3512871
191,2078393
192,3405084
193,2041899
194,1856888
195,2504925
196,1933895
197,1933600
198,1902277
199,2473431
200,38719172
201,3471640
202,3632143
203,2647822
204,2536013
205,2800624
206,2510235
207,2355239
208,2522099
209,2115715
210,3827815
211,2300136
212,3089449
213,2106856
214,2178517
215,2752659
216,2185078
217,1989358
218,1957984
219,1850096
220,4395583
221,2046629
222,2432040
223,2013546
224,2336027
225,3401299
226,1885518
227,1895250
228,1844264
229,1832940
230,3683251
231,2027967
232,2101993
233,1962351
234,1926771
235,2249016
236,1690029
237,1721013
238,1748326
239,1816292
240,4385711
241,1749824
242,1762556
243,1738847
244,1655719
245,2072701
246,1643360
247,1711990
248,1751435
249,1782622
250,15143540
251,1740667
252,1819213
253,1707627
254,1794772
255,5954096
256,3454471
257,1539555
258,1461748
259,1436609
260,2913743
261,1516328
262,1614826
263,1495773
264,1780659
265,1873930
266,1434692
267,1513993
268,1418868
269,1491199
270,3093718
271,1436140
272,1501529
273,1567721
274,1330412
275,2356651
276,1381919
277,1426419
278,1333808
279,1386730
280,2827400
281,1512396
282,1320716
283,1328456
284,1328685
285,1698448
286,1320864
287,1395783
288,1487927
289,1350543
290,1999291
291,1290198
292,1280305
293,1319810
294,1211568
295,1673323
296,1265246
297,1279956
298,1262943
299,1710998
300,25981181
301,2625907
302,2078614
303,2003379
304,2040079
305,1996091
306,1573870
307,1469368
308,1634927
309,1385318
310,2563119
311,1550087
312,1825352
313,1463894
314,1458468
315,1852543
316,1467661
317,1406696
318,1301827
319,1394064
320,3117233
321,1568147
322,1346140
323,1489231
324,1299754
325,2193295
326,1194705
327,1226162
328,1244237
329,1193047
330,2643536
331,1252731
332,1212963
333,2066087
334,1207133
335,1440707
336,1328394
337,1264245
338,1179752
339,1118279
340,2099209
341,1156389
342,1166237
343,1258706
344,1133100
345,1573131
346,1097814
347,1178715
348,1091355
349,1191271
350,7440432
351,1279671
352,1306456
353,1250592
354,1125941
355,1392319
356,1174272
357,1236834
358,1107560
359,1101192
360,7447262
361,1137728
362,1076316
363,1088131
364,1094064
365,4064247
366,1102072
367,1035374
368,1037463
369,1017707
370,1863830
371,1080536
372,1045996
373,1056933
374,960908
375,2300337
376,1000589
377,1091539
378,978175
379,988584
380,1892900
381,1031896
382,974113
383,1007136
384,1130459
385,1268418
386,1044495
387,1007164
388,955126
389,1032570
390,1457612
391,939632
392,944694
393,933291
394,876883
395,1232007
396,873329
397,896470
398,869175
399,1277127
400,21030816
401,2663806
402,1397180
403,1618489
404,2632636
405,1593629
406,1228180
407,1264850
408,1216674
409,1058465
410,1977332
411,1186404
412,1249954
413,1067847
414,1108107
415,1552548
416,1277527
417,1110654
418,922668
419,1009327
420,2111508
421,1067008
422,1072228
423,1040894
424,1013986
425,1677592
426,907587
427,941984
428,894607
429,1000914
430,1586563
431,938143
432,1074440
433,943154
434,900310
435,1204430
436,836482
437,851936
438,852481
439,811991
440,1747302
441,922024
442,889559
443,1268249
444,1121619
445,997731
446,789147
447,850183
448,845743
449,865750
450,4689470
451,1056016
452,828309
453,838359
454,866025
455,1065455
456,1040893
457,918634
458,880835
459,797105
460,1517471
461,805779
462,827229
463,816224
464,800826
465,997178
466,771742
467,790580
468,788151
469,835083
470,1279648
471,830771
472,775661
473,789306
474,742137
475,1219716
476,814613
477,788263
478,762021
479,794015
480,2057059
481,771018
482,784744
483,804232
484,786238
485,981574
486,838411
487,735775
488,903194
489,725560
490,1091470
491,718312
492,707267
493,730789
494,686645
495,1114821
496,710426
497,710144
498,714824
499,1235382
500,43873247
501,2865089
502,1236532
503,1222333
504,1304243
505,1279042
506,974116
507,892372
508,1150246
509,1009505
510,1613394
511,912912
512,2134026
513,862201
514,877540
515,1013544
516,847880
517,788611
518,885814
519,812054
520,1527597
521,891780
522,797029
523,750062
524,747503
525,1209540
526,739111
527,752131
528,757105
529,932494
530,1367651
531,731515
532,762125
533,815513
534,693010
535,873903
536,710672
537,800429
538,705726
539,673700
540,1459795
541,871895
542,693347
543,700234
544,697743
545,808007
546,677985
547,680874
548,656209
549,691368
550,2851780
551,715559
552,717923
553,697400
554,647497
555,1185976
556,676488
557,630452
558,608551
559,666468
560,1313023
561,817748
562,706370
563,672494
564,633719
565,765556
566,596762
567,679793
568,613229
569,603627
570,1145977
571,714394
572,594377
573,665184
574,630312
575,1005867
576,673118
577,648787
578,565828
579,595396
580,1219307
581,693923
582,592121
583,610855
584,578575
585,789084
586,646627
587,663358
588,590542
589,578992
590,910251
591,598096
592,584983
593,604673
594,589224
595,777689
596,582672
597,598511
598,590789
599,835010
600,14291179
601,1022879
602,909699
603,859510
604,918024
605,840516
606,829808
607,695599
608,779789
609,818148
610,1301411
611,657475
612,839052
613,764143
614,720917
615,919264
616,766847
617,917667
618,725704
619,693814
620,1206765
621,667990
622,663530
623,627633
624,665428
625,1284822
626,721396
627,588473
628,610021
629,573326
630,1287138
631,729753
632,673110
633,631833
634,564021
635,688191
636,655647
637,547676
638,566118
639,602089
640,1485708
641,614914
642,705874
643,571962
644,627452
645,742924
646,663495
647,629074
648,574372
649,614555
650,2995165
651,698149
652,553795
653,535441
654,535729
655,659095
656,579829
657,532881
658,522317
659,524681
660,1134893
661,631554
662,608269
663,529849
664,564656
665,604932
666,959383
667,751672
668,544605
669,568331
670,893414
671,562350
672,562655
673,570627
674,539780
675,848554
676,538889
677,539563
678,628871
679,669698
680,1042249
681,526248
682,539298
683,547353
684,528024
685,608524
686,542591
687,554843
688,557826
689,517117
690,784035
691,555971
692,520458
693,499746
694,468841
695,632417
696,484982
697,471940
698,498526
699,657696
700,9890640
701,862816
702,922349
703,859354
704,774982
705,721365
706,689971
707,847237
708,626403
709,567609
710,947263
711,650730
712,597659
713,684918
714,680684
715,706638
716,610186
717,692829
718,787479
719,567461
720,1489676
721,572563
722,605194
723,508535
724,582396
725,792941
726,511550
727,715540
728,544038
729,520684
730,880088
731,556238
732,693711
733,562658
734,567259
735,601750
736,513215
737,1480351
738,476914
739,473952
740,913233
741,528024
742,500734
743,489835
744,543929
745,659413
746,470524
747,950200
748,509415
749,530729
750,4528014
751,553375
752,518758
753,510315
754,516530
755,667895
756,483323
757,704077
758,460534
759,446822
760,994155
761,480598
762,486680
763,493311
764,447502
765,648957
766,455649
767,647502
768,758768
769,452437
770,981770
771,476863
772,550578
773,601281
774,492247
775,798058
776,497065
777,1230620
778,496696
779,452756
780,935877
781,568092
782,475712
783,460090
784,477023
785,579642
786,502795
787,887801
788,463686
789,543165
790,667420
791,454332
792,471742
793,445393
794,439782
795,560532
796,420999
797,449525
798,437571
799,625975
800,15901340
801,946965
802,1684999
803,611092
804,643913
805,736303
806,551843
807,489652
808,864521
809,488293
810,888420
811,544162
812,615781
813,598083
814,540986
815,665907
816,564541
817,553257
818,602687
819,442444
820,884230
821,518979
822,511148
823,463473
824,478257
825,701345
826,465349
827,452640
828,582976
829,467063
830,797133
831,514216
832,585209
833,628927
834,427762
835,554245
836,440491
837,436134
838,433855
839,414319
840,868278
841,477200
842,482809
843,605972
844,818469
845,825700
846,439620
847,587990
848,462520
849,453454
850,2345445
851,453846
852,538892
853,479986
854,444040
855,962046
856,533917
857,446405
858,518121
859,492621
860,897972
861,446004
862,430063
863,485884
864,541986
865,577042
866,1218235
867,435112
868,442650
869,413337
870,773962
871,476243
872,437945
873,409196
874,404823
875,825482
876,437799
877,1236319
878,400734
879,404621
880,845429
881,419979
882,429557
883,440723
884,401901
885,483716
886,447396
887,415301
888,2151644
889,420993
890,605896
891,416248
892,399071
893,425044
894,381343
895,516694
896,406036
897,385216
898,398723
899,527546
900,6838403
901,717479
902,590197
903,517159
904,601886
905,642254
906,493448
907,553139
908,518918
909,550558
910,750081
911,3062710
912,562175
913,478565
914,556646
915,540021
916,569302
917,546737
918,552884
919,611874
920,955007
921,455288
922,478433
923,419094
924,496597
925,856774
926,406569
927,405347
928,511180
929,443203
930,706902
931,439083
932,406980
933,429632
934,398469
935,487781
936,431700
937,492121
938,395096
939,414453
940,692394
941,526254
942,405176
943,399166
944,445433
945,475247
946,381636
947,376542
948,372134
949,521950
950,1542842
951,479377
952,442744
953,390965
954,556861
955,451088
956,415528
957,375507
958,348477
959,391238
960,951849
961,440815
962,441384
963,423309
964,417922
965,509269
966,466042
967,413242
968,440674
969,399433
970,810747
971,492259
972,610562
973,602203
974,424844
975,603504
976,401622
977,420795
978,4322429
979,390959
980,778172
981,413127
982,367254
983,367110
984,383076
985,489155
986,368296
987,429446
988,426214
989,426591
990,982359
991,422661
992,428956
993,430240
994,403264
995,780278
996,474529
997,462825
998,491091
999,2373102
1000,13647510
1001,1048368
1002,1544497
1003,314629
1004,296019
1005,298845
1006,354756
1007,1877304
1008,255186
1009,226146
1010,547393
1011,332655
1012,285650
1013,230921
1014,244068
1015,281823
1016,4723900
1017,490866
1018,226570
1019,197851
1020,399464
1021,739023
1022,207253
1023,338574
1024,1685678
1025,255186
1026,221690
1027,192839
1028,180927
1029,507950
1030,343959
1031,298589
1032,175281
1033,215124
1034,174796
1035,209147
1036,158373
1037,361062
1038,1210747
1039,337284
1040,450196
1041,193772
1042,214814
1043,161197
1044,169146
1045,212678
1046,245338
1047,156287
1048,160496
1049,183855
1050,510655
1051,226015
1052,164045
1053,207014
1054,199808
1055,241021
1056,293366
1057,189895
1058,147913
1059,147477
1060,305943
1061,190668
1062,157529
1063,270434
1064,191051
1065,187133
1066,364041
1067,177790
1068,173892
1069,150172
1070,334225
1071,213659
1072,168164
1073,429452
1074,253709
1075,233553
1076,151988
1077,172837
1078,170881
1079,158555
1080,1663243
1081,177828
1082,143309
1083,191998
1084,171287
1085,181374
1086,347437
1087,160539
1088,346552
1089,250331
1090,259130
1091,174614
1092,147966
1093,955337
1094,171408
1095,257194
1096,184203
1097,586661
1098,295474
1099,503708
1100,1343907
1101,450200
1102,233053
1103,385731
1104,222583
1105,249547
1106,185385
1107,200959
1108,272576
1109,450395
1110,294497
1111,1649917
1112,225150
1113,209727
1114,168535
1115,271080
1116,187738
1117,217477
1118,173658
1119,163961
1120,301162
1121,193325
1122,199766
1123,208547
1124,188522
1125,241868
1126,428164
1127,170027
1128,376363
1129,151556
1130,302580
1131,167787
1132,148520
1133,155395
1134,155161
1135,180379
1136,488463
1137,183152
1138,163339
1139,173438
1140,242864
1141,154533
1142,186331
1143,153939
1144,169577
1145,262879
1146,225959
1147,150672
1148,150995
1149,157153
1150,354539
1151,173533
1152,243259
1153,155142
1154,155147
1155,287800
1156,142679
1157,149118
1158,210544
1159,202733
1160,207999
1161,249455
1162,168439
1163,167808
1164,150135
1165,149486
1166,140205
1167,178301
1168,118176
1169,136039
1170,235671
1171,149244
1172,191700
1173,148550
1174,137251
1175,470995
1176,167762
1177,606627
1178,135495
1179,154067
1180,218661
1181,148986
1182,193574
1183,150620
1184,136560
1185,177482
1186,790955
1187,150310
1188,134030
1189,167532
1190,201002
1191,164733
1192,163421
1193,128757
1194,161772
1195,143373
1196,128373
1197,133299
1198,148648
1199,212542
1200,2657082
1201,306916
1202,253956
1203,192688
1204,252459
1205,194462
1206,205494
1207,192469
1208,173016
1209,175044
1210,307947
1211,206881
1212,293771
1213,187020
1214,191725
1215,305357
1216,188438
1217,156831
1218,153804
1219,158302
1220,272623
1221,198088
1222,185040
1223,192058
1224,164646
1225,233619
1226,160497
1227,170508
1228,144420
1229,148394
1230,277914
1231,176434
1232,160475
1233,147359
1234,786509
1235,189247
1236,144942
1237,144665
1238,135454
1239,137942
1240,235178
1241,173931
1242,225416
1243,151292
1244,163269
1245,189485
1246,159386
1247,137734
1248,158324
1249,156418
1250,558921
1251,164835
1252,203387
1253,159934
1254,157988
1255,162643
1256,154704
1257,159194
1258,154649
1259,134367
1260,286277
1261,150928
1262,124418
1263,133709
1264,147668
1265,155428
1266,135099
1267,141564
1268,144252
1269,118027
1270,217431
1271,161131
1272,163451
1273,193299
1274,154051
1275,195138
1276,128387
1277,138662
1278,126752
1279,167806
1280,487920
1281,137415
1282,142075
1283,130697
1284,154295
1285,154439
1286,120004
1287,136175
1288,130656
1289,134771
1290,226621
1291,178580
1292,144053
1293,127656
1294,126034
1295,168649
1296,165005
1297,140874
1298,127605
1299,167929
1300,1506788
1301,280453
1302,207087
1303,182068
1304,181907
1305,192781
1306,175268
1307,197177
1308,174093
1309,156783
1310,243321
1311,173608
1312,175341
1313,190581
1314,172889
1315,174513
1316,150695
1317,152450
1318,138043
1319,128180
1320,259706
1321,167375
1322,163096
1323,151658
1324,153740
1325,253641
1326,153632
1327,168228
1328,152121
1329,133752
1330,238950
1331,168653
1332,184414
1333,203326
1334,144972
1335,152848
1336,133672
1337,207122
1338,124346
1339,121822
1340,226070
1341,152070
1342,147211
1343,139905
1344,145653
1345,177904
1346,154442
1347,150583
1348,175876
1349,160065
1350,408100
1351,162523
1352,127715
1353,171146
1354,125202
1355,156758
1356,133110
1357,128999
1358,118527
1359,125989
1360,203934
1361,158389
1362,128459
1363,126447
1364,177823
1365,333784
1366,176591
1367,144823
1368,181304
1369,128660
1370,186592
1371,589564
1372,120307
1373,138816
1374,116303
1375,159126
1376,117728
1377,161091
1378,138340
1379,123860
1380,201089
1381,151254
1382,135463
1383,125140
1384,122937
1385,155397
1386,148286
1387,126180
1388,133684
1389,137408
1390,170190
1391,142111
1392,151902
1393,121034
1394,159336
1395,143125
1396,130600
1397,136668
1398,124034
1399,176684
1400,1311106
1401,244977
1402,185582
1403,159346
1404,176584
1405,187216
1406,157856
1407,142273
1408,155446
1409,137979
1410,215226
1411,158123
1412,152095
1413,136035
1414,170044
1415,229739
1416,134387
1417,132123
1418,123755
1419,128623
1420,247863
1421,153873
1422,150122
1423,134711
1424,138404
1425,171032
1426,110107
1427,123875
1428,129741
1429,131316
1430,223435
1431,155448
1432,140339
1433,164148
1434,134304
1435,155305
1436,125979
1437,129866
1438,128743
1439,142421
1440,440101
1441,187252
1442,133326
1443,122520
1444,148535
1445,146681
1446,127788
1447,124104
1448,117963
1449,120210
1450,417523
1451,147355
1452,155294
1453,227095
1454,114502
1455,163154
1456,123153
1457,118295
1458,120809
1459,122580
1460,233499
1461,164191
1462,135705
1463,129644
1464,139327
1465,137692
1466,125083
1467,188712
1468,153231
1469,173593
1470,199801
1471,333706
1472,168402
1473,159242
1474,133966
1475,216223
1476,147658
1477,149428
1478,141583
1479,132732
1480,211859
1481,137337
1482,148916
1483,197497
1484,135266
1485,205259
1486,123316
1487,121881
1488,142566
1489,122347
1490,196256
1491,149882
1492,360258
1493,176065
1494,164541
1495,168299
1496,122387
1497,153582
1498,156883
1499,180840
1500,3840491
1501,282914
1502,231031
1503,228336
1504,214660
1505,206209
1506,189810
1507,170390
1508,178536
1509,207781
1510,264760
1511,199902
1512,209525
1513,203552
1514,170113
1515,332941
1516,210798
1517,223476
1518,168074
1519,226852
1520,478448
1521,284464
1522,190676
1523,243484
1524,201112
1525,294577
1526,210165
1527,197190
1528,180637
1529,188534
1530,326519
1531,185465
1532,198515
1533,196863
1534,214235
1535,248241
1536,306800
1537,175532
1538,229053
1539,199184
1540,340498
1541,217093
1542,248377
1543,191356
1544,158622
1545,213415
1546,174214
1547,220820
1548,168686
1549,193691
1550,443116
1551,178675
1552,186725
1553,219912
1554,174321
1555,231259
1556,198752
1557,195404
1558,241174
1559,221269
1560,298938
1561,188703
1562,177781
1563,184292
1564,229224
1565,219700
1566,188802
1567,181897
1568,187603
1569,180383
1570,264046
1571,206136
1572,226492
1573,183345
1574,169424
1575,212381
1576,174481
1577,180218
1578,172112
1579,163385
1580,274722
1581,183026
1582,203103
1583,182871
1584,188489
1585,221799
1586,183859
1587,188830
1588,225859
1589,179220
1590,338760
1591,195476
1592,211616
1593,186139
1594,184455
1595,209148
1596,206263
1597,187922
1598,242745
1599,251653
1600,2025872
1601,336057
1602,272476
1603,406869
1604,292357
1605,301292
1606,270319
1607,294070
1608,266448
1609,291849
1610,362109
1611,287741
1612,263111
1613,229927
1614,219630
1615,247355
1616,287656
1617,211197
1618,246197
1619,339247
1620,407008
1621,285261
1622,247955
1623,266600
1624,229998
1625,313339
1626,231015
1627,211053
1628,243748
1629,240146
1630,369251
1631,235750
1632,267829
1633,245350
1634,250588
1635,281799
1636,232371
1637,236735
1638,252321
1639,224545
1640,437958
1641,263182
1642,314926
1643,243696
1644,313692
1645,251170
1646,216300
1647,211823
1648,318486
1649,290320
1650,538368
1651,248983
1652,233939
1653,223704
1654,236434
1655,239077
1656,225852
1657,208617
1658,223223
1659,217934
1660,507110
1661,271458
1662,263792
1663,231707
1664,264659
1665,285432
1666,291307
1667,265025
1668,213966
1669,214626
1670,320189
1671,218434
1672,246167
1673,217086
1674,219574
1675,272495
1676,227909
1677,212632
1678,221898
1679,223310
1680,373474
1681,240761
1682,237550
1683,257506
1684,221763
1685,314750
1686,211954
1687,223125
1688,323147
1689,313206
1690,326900
1691,220818
1692,269425
1693,212876
1694,224858
1695,236449
1696,205809
1697,229618
1698,212497
1699,247737
1700,1410883
1701,396743
1702,291197
1703,291817
1704,274836
1705,261602
1706,249047
1707,337231
1708,260483
1709,279337
1710,355556
1711,276237
1712,256722
1713,268381
1714,301734
1715,343461
1716,247788
1717,296892
1718,274021
1719,240428
1720,408128
1721,276207
1722,272554
1723,278008
1724,258167
1725,301863
1726,249168
1727,289089
1728,282536
1729,260233
1730,383528
1731,252826
1732,290011
1733,285626
1734,259549
1735,296776
1736,261075
1737,276764
1738,263221
1739,266469
1740,419807
1741,319897
1742,304807
1743,307871
1744,296155
1745,377873
1746,305437
1747,288888
1748,342834
1749,317401
1750,776196
1751,329337
1752,335646
1753,355081
1754,364781
1755,424727
1756,374720
1757,358435
1758,474874
1759,379347
1760,507766
1761,337673
1762,353175
1763,475020
1764,383145
1765,423548
1766,360919
1767,378662
1768,400242
1769,412269
1770,599059
1771,380481
1772,430705
1773,428830
1774,517001
1775,822995
1776,1070076
1777,578617
1778,525353
1779,462032
1780,680709
1781,524571
1782,525891
1783,640353
1784,538653
1785,530727
1786,482184
1787,717468
1788,638421
1789,1009391
1790,880088
1791,723398
1792,758045
1793,738139
1794,656167
1795,682310
1796,621169
1797,646868
1798,739099
1799,675187
1800,3107584
1801,857079
1802,707334
1803,828858
1804,760624
1805,737409
1806,752186
1807,690823
1808,708312
1809,802478
1810,871304
1811,707878
1812,1371828
1813,813774
1814,894189
1815,1076432
1816,771034
1817,764408
1818,850876
1819,839933
1820,1203281
1821,873459
1822,763582
1823,735863
1824,838639
1825,899831
1826,788137
1827,769418
1828,853275
1829,837071
1830,1450159
1831,970499
1832,1051544
1833,956985
1834,982729
1835,1084694
1836,1090462
1837,1187691
1838,1050159
1839,1076832
1840,1536753
1841,1165295
1842,1144077
1843,1136036
1844,1165964
1845,1191773
1846,1146556
1847,1142052
1848,1653461
1849,1243378
1850,2200438
1851,1414822
1852,1178610
1853,1175503
1854,1300628
1855,1288717
1856,1296681
1857,1421947
1858,1307952
1859,1431656
1860,2231120
1861,2260529
1862,2017589
1863,2007530
1864,1991898
1865,2287597
1866,1550305
1867,1620632
1868,1643480
1869,1526478
1870,2265075
1871,1755769
1872,1569455
1873,1520553
1874,1461993
1875,1611331
1876,1653254
1877,1525427
1878,1566210
1879,1585392
1880,2413493
1881,1864538
1882,1710959
1883,1678721
1884,1673194
1885,1893011
1886,1804950
1887,1770629
1888,1948050
1889,1982014
1890,2575800
1891,2071209
1892,1955075
1893,1995321
1894,1897640
1895,2208021
1896,2165468
1897,2052340
1898,2306464
1899,2231588
1900,4929550
1901,2794500
1902,2397130
1903,2490618
1904,2537990
1905,2835922
1906,2692297
1907,2653353
1908,2852320
1909,2666503
1910,3790567
1911,3421600
1912,3372792
1913,3209288
1914,4516184
1915,3731118
1916,3696407
1917,4608657
1918,5142625
1919,4033023
1920,5455104
1921,3385105
1922,3402496
1923,3268371
1924,3283144
1925,3462823
1926,3361127
1927,3374462
1928,3518316
1929,3910477
1930,5023697
1931,3474041
1932,3660894
1933,4386613
1934,4053013
1935,3948778
1936,4288120
1937,4167097
1938,4369686
1939,5630923
1940,6064355
1941,5401935
1942,5217253
1943,4888668
1944,5722719
1945,7702124
1946,4845304
1947,5066520
1948,5486303
1949,4802112
1950,6710122
1951,4442677
1952,4678447
1953,4849085
1954,5020767
1955,5067812
1956,5302099
1957,5236768
1958,5348357
1959,5439929
1960,7943206
1961,6017534
1962,6276556
1963,6587297
1964,7173239
1965,7227190
1966,6926665
1967,7970274
1968,8532841
1969,8359713
1970,10307822
1971,8094706
1972,8606294
1973,8575905
1974,8382300
1975,8925862
1976,8766188
1977,8493143
1978,8865055
1979,9669420
1980,12086719
1981,9370528
1982,9734116
1983,9928479
1984,11225629
1985,10915318
1986,11450810
1987,11363810
1988,12149488
1989,13439744
1990,16514902
1991,14523608
1992,15469069
1993,15485312
1994,16794446
1995,18106792
1996,19001805
1997,19748192
1998,21532076
1999,24073354
2000,37134487
2001,30198324
2002,29567398
2003,32233643
2004,35330630
2005,39230195
2006,43776927
2007,49280347
2008,57820101
2009,60321416
2010,72030677
2011,73814158
2012,82038643
2013,86514102
2014,94950668
2015,101741153
2016,111358511
2017,116969329
2018,133219927
2019,134459912
2020,109104339
2021,79752585
2022,56513871
2023,23122275
2024,2691005
2025,2734895
2026,1131791
2027,791856
2028,600697
2029,336750
2030,3576466
2031,253130
2032,236579
2033,187646
2034,142847
2035,483845
2036,163500
2037,112218
2038,120957
2039,104594
2040,644041
2041,148102
2042,139601
2043,84108
2044,98424
2045,235996
2046,96060
2047,108045
2048,511791
2049,230038
2050,1786598
2051,85384
2052,87907
2053,69213
2054,67347
2055,93347
2056,80894
2057,58998
2058,58643
2059,61943
2060,229440
2061,77102
2062,60722
2063,88181
2064,62524
2065,78128
2066,60341
2067,62632
2068,58162
2069,58674
2070,167599
2071,84739
2072,68614
2073,63558
2074,58066
2075,83243
2076,65367
2077,318399
2078,53061
2079,54074
2080,185119
2081,66002
2082,49000
2083,54371
2084,56920
2085,55915
2086,46714
2087,50041
2088,50840
2089,46576
2090,82297
2091,51740
2092,48452
2093,49496
2094,46609
2095,57551
2096,43861
2097,50082
2098,42130
2099,119282
2100,899824
2101,125975
2102,85592
2103,81181
2104,88034
2105,128395
2106,93796
2107,71740
2108,79574
2109,73928
2110,140155
2111,115826
2112,121194
2113,72158
2114,70471
2115,97465
2116,70760
2117,57183
2118,81272
2119,65864
2120,100582
2121,118463
2122,65453
2123,56646
2124,53272
2125,73625
2126,50865
2127,49822
2128,51357
2129,49850
2130,88786
2131,68913
2132,50841
2133,70080
2134,63994
2135,62916
2136,53740
2137,45367
2138,77240
2139,103530
2140,86220
2141,68305
2142,70780
2143,54641
2144,52853
2145,58812
2146,42907
2147,79362
2148,56123
2149,45049
2150,121969
2151,74124
2152,56303
2153,48329
2154,53228
2155,76135
2156,44590
2157,45325
2158,41389
2159,46502
2160,165214
2161,58517
2162,42221
2163,43968
2164,59520
2165,64588
2166,56413
2167,42260
2168,42517
2169,47385
2170,63225
2171,51113
2172,45623
2173,43468
2174,92350
2175,57220
2176,46990
2177,39852
2178,38565
2179,37906
2180,63948
2181,82127
2182,40305
2183,38291
2184,40171
2185,39157
2186,35834
2187,46236
2188,38351
2189,36987
2190,56886
2191,52033
2192,40270
2193,43851
2194,39244
2195,47972
2196,67632
2197,40273
2198,37637
2199,66278
2200,580197
2201,116104
2202,81650
2203,59688
2204,62561
2205,79506
2206,59448
2207,53717
2208,56732
2209,50935
2210,99292
2211,87185
2212,67676
2213,51830
2214,61221
2215,79922
2216,51853
2217,59485
2218,52276
2219,48362
2220,89805
2221,69217
2222,193571
2223,63000
2224,55724
2225,64163
2226,43895
2227,52371
2228,47552
2229,52657
2230,88063
2231,76306
2232,49975
2233,65129
2234,45303
2235,46166
2236,46720
2237,44580
2238,37506
2239,39216
2240,72424
2241,65858
2242,48622
2243,44366
2244,64896
2245,53368
2246,41677
2247,38896
2248,41693
2249,45274
2250,139622
2251,64208
2252,47318
2253,52496
2254,93712
2255,108277
2256,45126
2257,59506
2258,39696
2259,41836
2260,57789
2261,54765
2262,42295
2263,43609
2264,45512
2265,47404
2266,42822
2267,44361
2268,37216
2269,36552
2270,51847
2271,45689
2272,47115
2273,51093
2274,34337
2275,47176
2276,39819
2277,52667
2278,40943
2279,34763
2280,73262
2281,54782
2282,40933
2283,40363
2284,38740
2285,41542
2286,36289
2287,42286
2288,48226
2289,37966
2290,71154
2291,45298
2292,38033
2293,38437
2294,32218
2295,40305
2296,37956
2297,34479
2298,40855
2299,47093
2300,478749
2301,97227
2302,60867
2303,54031
2304,77688
2305,68062
2306,47197
2307,222861
2308,49182
2309,44787
2310,85143
2311,69128
2312,59956
2313,48625
2314,49502
2315,51311
2316,40947
2317,47932
2318,40995
2319,43846
2320,76647
2321,55510
2322,59188
2323,75430
2324,45837
2325,55900
2326,43040
2327,42950
2328,40507
2329,41359
2330,70001
2331,53067
2332,47369
2333,61903
2334,71393
2335,48076
2336,37983
2337,91749
2338,34900
2339,41068
2340,82796
2341,52270
2342,44502
2343,42443
2344,43435
2345,108459
2346,41461
2347,39838
2348,39801
2349,40278
2350,96263
2351,47084
2352,42402
2353,41382
2354,37660
2355,45988
2356,37939
2357,40166
2358,34998
2359,46600
2360,59376
2361,43039
2362,38047
2363,35215
2364,36121
2365,38525
2366,40487
2367,36973
2368,41182
2369,38004
2370,47840
2371,45206
2372,40350
2373,39873
2374,34938
2375,57775
2376,39647
2377,40743
2378,37573
2379,45758
2380,60512
2381,46450
2382,36161
2383,38897
2384,32714
2385,36799
2386,32115
2387,31071
2388,35450
2389,35200
2390,41818
2391,42238
2392,41067
2393,37141
2394,35523
2395,42619
2396,34751
2397,34217
2398,30316
2399,44659
2400,590766
2401,91343
2402,53391
2403,53061
2404,47440
2405,50182
2406,40427
2407,45509
2408,41219
2409,37983
2410,62773
2411,52785
2412,51800
2413,43079
2414,40380
2415,47027
2416,37544
2417,36981
2418,33057
2419,42717
2420,61935
2421,48647
2422,48414
2423,44938
2424,65359
2425,59335
2426,34390
2427,38990
2428,32956
2429,38091
2430,51102
2431,45234
2432,36627
2433,41091
2434,35533
2435,41536
2436,39652
2437,37898
2438,35841
2439,30105
2440,61454
2441,48680
2442,40492
2443,36226
2444,41404
2445,45042
2446,35851
2447,34342
2448,48302
2449,36903
2450,86441
2451,48599
2452,36115
2453,39325
2454,41942
2455,47245
2456,40439
2457,35221
2458,57913
2459,34308
2460,61136
2461,43750
2462,36367
2463,31841
2464,35937
2465,38790
2466,39514
2467,36047
2468,39480
2469,36166
2470,45904
2471,46201
2472,38848
2473,34622
2474,41166
2475,46978
2476,41621
2477,41369
2478,51215
2479,30123
2480,48504
2481,41557
2482,31582
2483,33645
2484,31150
2485,33791
2486,38130
2487,27665
2488,31612
2489,35825
2490,40785
2491,38266
2492,31887
2493,30942
2494,34993
2495,39294
2496,31236
2497,31742
2498,31835
2499,55592
2500,1580681
2501,88125
2502,50773
2503,44336
2504,43943
2505,51841
2506,43183
2507,40230
2508,40333
2509,40349
2510,73563
2511,57128
2512,44360
2513,36956
2514,50324
2515,45201
2516,39791
2517,36822
2518,39381
2519,37751
2520,93938
2521,47898
2522,50317
2523,38407
2524,36437
2525,98331
2526,45079
2527,40846
2528,34693
2529,34736
2530,48725
2531,42493
2532,38716
2533,35652
2534,30735
2535,43220
2536,61980
2537,37293
2538,31458
2539,31385
2540,56674
2541,43962
2542,33804
2543,39060
2544,32948
2545,38274
2546,38609
2547,33198
2548,35852
2549,30377
2550,95419
2551,46729
2552,42953
2553,40251
2554,36737
2555,57293
2556,31641
2557,35286
2558,35032
2559,37326
2560,197706
2561,41625
2562,35419
2563,33050
2564,34307
2565,35851
2566,30175
2567,31513
2568,29466
2569,27866
2570,41680
2571,36164
2572,29859
2573,29367
2574,31506
2575,49816
2576,31841
2577,35867
2578,27842
2579,27942
2580,46587
2581,36217
2582,30541
2583,33441
2584,30467
2585,33164
2586,31571
2587,27376
2588,29953
2589,28527
2590,45344
2591,34912
2592,42993
2593,29042
2594,26389
2595,33911
2596,31513
2597,29473
2598,26631
2599,31809
2600,606304
2601,87143
2602,42682
2603,39588
2604,37440
2605,48138
2606,41631
2607,37638
2608,32106
2609,35205
2610,53801
2611,48767
2612,37478
2613,32852
2614,35668
2615,43128
2616,45459
2617,34727
2618,32437
2619,30280
2620,56941
2621,41645
2622,34614
2623,35106
2624,29792
2625,49279
2626,45255
2627,35727
2628,36113
2629,28081
2630,57166
2631,38878
2632,33299
2633,33783
2634,28562
2635,36997
2636,30462
2637,29892
2638,30306
2639,30383
2640,55881
2641,36114
2642,35813
2643,30486
2644,29050
2645,34431
2646,33154
2647,27203
2648,34103
2649,28481
2650,78206
2651,36540
2652,32229
2653,31385
2654,27461
2655,35380
2656,32675
2657,28369
2658,26749
2659,25903
2660,47351
2661,37834
2662,30840
2663,33309
2664,36052
2665,40364
2666,58571
2667,39198
2668,30347
2669,26823
2670,39606
2671,34171
2672,34390
2673,31078
2674,28321
2675,34974
2676,26015
2677,31209
2678,24304
2679,29937
2680,48393
2681,38643
2682,27059
2683,28930
2684,26341
2685,27640
2686,28596
2687,25648
2688,33768
2689,23779
2690,39954
2691,31182
2692,27001
2693,33022
2694,24516
2695,33184
2696,24250
2697,29610
2698,26545
2699,37290
2700,349482
2701,71599
2702,46002
2703,43863
2704,42169
2705,40054
2706,34719
2707,35122
2708,35249
2709,35739
2710,52342
2711,48788
2712,36774
2713,33504
2714,32904
2715,57838
2716,31243
2717,33274
2718,27669
2719,30059
2720,55712
2721,39469
2722,35657
2723,31042
2724,28622
2725,37732
2726,28806
2727,56742
2728,33794
2729,30182
2730,42891
2731,35526
2732,32807
2733,30032
2734,25914
2735,31040
2736,35721
2737,33530
2738,29296
2739,35467
2740,43372
2741,36471
2742,28567
2743,31357
2744,34326
2745,38259
2746,27107
2747,31918
2748,24391
2749,26889
2750,92125
2751,36816
2752,31561
2753,30906
2754,26144
2755,33693
2756,25903
2757,29283
2758,25439
2759,25206
2760,42391
2761,31859
2762,26138
2763,30084
2764,27381
2765,32808
2766,27907
2767,34468
2768,24235
2769,25350
2770,39217
2771,34443
2772,35528
2773,25975
2774,23943
2775,36306
2776,28004
2777,39939
2778,32934
2779,25585
2780,41683
2781,35283
2782,30040
2783,29921
2784,26292
2785,30343
2786,24737
2787,59839
2788,28518
2789,28451
2790,33596
2791,31600
2792,25724
2793,24578
2794,23019
2795,28527
2796,33870
2797,25396
2798,22823
2799,33446
2800,373297
2801,68492
2802,38628
2803,38309
2804,37070
2805,36371
2806,31066
2807,41993
2808,41307
2809,34182
2810,48922
2811,42907
2812,43025
2813,32083
2814,31269
2815,34146
2816,32153
2817,30700
2818,31785
2819,24446
2820,45541
2821,38507
2822,38155
2823,26135
2824,34344
2825,38090
2826,28253
2827,25843
2828,41204
2829,30025
2830,37956
2831,32882
2832,32408
2833,30696
2834,25770
2835,37102
2836,32055
2837,24256
2838,25372
2839,27510
2840,47182
2841,35624
2842,28692
2843,23740
2844,26531
2845,27726
2846,22942
2847,26790
2848,35669
2849,23578
2850,65479
2851,33711
2852,29197
2853,27793
2854,24568
2855,33525
2856,30292
2857,28377
2858,23775
2859,24787
2860,41727
2861,32318
2862,26271
2863,25018
2864,25262
2865,34383
2866,34492
2867,24384
2868,24634
2869,25031
2870,30169
2871,32385
2872,26599
2873,25810
2874,23734
2875,42215
2876,22817
2877,25395
2878,22632
2879,24520
2880,75890
2881,34100
2882,31860
2883,27196
2884,21410
2885,33656
2886,28194
2887,24074
2888,35461
2889,29573
2890,34183
2891,34395
2892,27198
2893,26739
2894,21679
2895,27574
2896,24924
2897,22527
2898,25808
2899,26899
2900,224922
2901,61656
2902,34887
2903,48592
2904,32678
2905,37338
2906,30631
2907,32497
2908,29706
2909,41958
2910,43110
2911,46031
2912,37045
2913,32034
2914,28620
2915,37188
2916,32221
2917,30212
2918,27958
2919,30129
2920,65230
2921,43671
2922,28219
2923,43705
2924,32849
2925,37574
2926,25507
2927,24204
2928,24482
2929,52608
2930,41036
2931,29274
2932,27308
2933,35712
2934,22966
2935,26448
2936,24503
2937,22685
2938,21056
2939,24277
2940,38973
2941,34205
2942,24321
2943,26698
2944,26235
2945,27577
2946,23039
2947,24586
2948,23764
2949,23931
2950,60387
2951,30920
2952,26500
2953,26203
2954,22062
2955,29895
2956,21598
2957,23585
2958,31885
2959,23192
2960,50068
2961,27995
2962,23365
2963,25550
2964,21593
2965,26173
2966,29436
2967,27474
2968,21496
2969,23842
2970,30762
2971,27193
2972,21898
2973,23689
2974,24382
2975,29187
2976,23640
2977,26294
2978,20973
2979,24529
2980,35574
2981,28977
2982,24725
2983,22234
2984,21408
2985,24473
2986,20297
2987,23038
2988,25603
2989,25596
2990,35069
2991,32928
2992,28574
2993,23116
2994,22129
2995,33043
2996,23652
2997,36041
2998,26850
2999,61289
3000,3688102
3001,165352
3002,75350
3003,79984
3004,59671
3005,57408
3006,57825
3007,44426
3008,81202
3009,51438
3010,90463
3011,61294
3012,55215
3013,43689
3014,39774
3015,53919
3016,42627
3017,37793
3018,39975
3019,43674
3020,87260
3021,50550
3022,38892
3023,36020
3024,43408
3025,49914
3026,32227
3027,32538
3028,27215
3029,28590
3030,107358
3031,47981
3032,35619
3033,38191
3034,30058
3035,36723
3036,29043
3037,27607
3038,30739
3039,28424
3040,63372
3041,39368
3042,33627
3043,28354
3044,27411
3045,34159
3046,25053
3047,25118
3048,35439
3049,29970
3050,85617
3051,39969
3052,33999
3053,36089
3054,29959
3055,40297
3056,29252
3057,29352
3058,23536
3059,25014
3060,78712
3061,34131
3062,26957
3063,24224
3064,25841
3065,31452
3066,27092
3067,25852
3068,25470
3069,23225
3070,62785
3071,34058
3072,57855
3073,26815
3074,24032
3075,32906
3076,22755
3077,41599
3078,22309
3079,27117
3080,90495
3081,32445
3082,23482
3083,26865
3084,23975
3085,26502
3086,24316
3087,25156
3088,26282
3089,22551
3090,65104
3091,30729
3092,23485
3093,24195
3094,20903
3095,27008
3096,23741
3097,20849
3098,21470
3099,42348
3100,268661
3101,88529
3102,56945
3103,41085
3104,37382
3105,43751
3106,33273
3107,32121
3108,31372
3109,96033
3110,58580
3111,63217
3112,36445
3113,36899
3114,37209
3115,47667
3116,29912
3117,30462
3118,25664
3119,27708
3120,67018
3121,77733
3122,38062
3123,34154
3124,39683
3125,68432
3126,29610
3127,27770
3128,41484
3129,23851
3130,47814
3131,60417
3132,33207
3133,48268
3134,26729
3135,33201
3136,27395
3137,25020
3138,31268
3139,22672
3140,38688
3141,47420
3142,37303
3143,28762
3144,27431
3145,32981
3146,26277
3147,25751
3148,24934
3149,24662
3150,70239
3151,35027
3152,24608
3153,24531
3154,23150
3155,29372
3156,30829
3157,24998
3158,21720
3159,23233
3160,36986
3161,37253
3162,27872
3163,25394
3164,22399
3165,26328
3166,94485
3167,27795
3168,36821
3169,21507
3170,31783
3171,46770
3172,22217
3173,21381
3174,30597
3175,32430
3176,21511
3177,23501
3178,19970
3179,23242
3180,33976
3181,35816
3182,26068
3183,22275
3184,23060
3185,25795
3186,23354
3187,22431
3188,23312
3189,31249
3190,28657
3191,31061
3192,24283
3193,21906
3194,25550
3195,27125
3196,22802
3197,20942
3198,22766
3199,27065
3200,448412
3201,134390
3202,38606
3203,31064
3204,32610
3205,43070
3206,30992
3207,33313
3208,27935
3209,27471
3210,51973
3211,48776
3212,36105
3213,29802
3214,31033
3215,34107
3216,30380
3217,27041
3218,29967
3219,26572
3220,49586
3221,39999
3222,36608
3223,35350
3224,32171
3225,35400
3226,26244
3227,27423
3228,23763
3229,24466
3230,36620
3231,33692
3232,42169
3233,61193
3234,25588
3235,30774
3236,22559
3237,23042
3238,22896
3239,23604
3240,43549
3241,53809
3242,27222
3243,24091
3244,23767
3245,29087
3246,24868
3247,26345
3248,21628
3249,21496
3250,67921
3251,31138
3252,25574
3253,22055
3254,22233
3255,27792
3256,25392
3257,22985
3258,22293
3259,19688
3260,36429
3261,33697
3262,25780
3263,22331
3264,36309
3265,23993
3266,22091
3267,21858
3268,22582
3269,21536
3270,41529
3271,25902
3272,25111
3273,20532
3274,21345
3275,28384
3276,23003
3277,22325
3278,22610
3279,20790
3280,43696
3281,28880
3282,29562
3283,20294
3284,19541
3285,24016
3286,20358
3287,22288
3288,23201
3289,20537
3290,28652
3291,24356
3292,22325
3293,21448
3294,19434
3295,22008
3296,19309
3297,19291
3298,17616
3299,30863
3300,275942
3301,80176
3302,38943
3303,38783
3304,34966
3305,37928
3306,160156
3307,39839
3308,28680
3309,31745
3310,91948
3311,51360
3312,33861
3313,36445
3314,30250
3315,32583
3316,25864
3317,27048
3318,24843
3319,28981
3320,41325
3321,38130
3322,44236
3323,27807
3324,30838
3325,36935
3326,24241
3327,24604
3328,23842
3329,27914
3330,55260
3331,39478
3332,31845
3333,176923
3334,36311
3335,30687
3336,24717
3337,24836
3338,27709
3339,31416
3340,36685
3341,30959
3342,27618
3343,28975
3344,33551
3345,32204
3346,25623
3347,21031
3348,22548
3349,23455
3350,66222
3351,33240
3352,24235
3353,25766
3354,45066
3355,34764
3356,22870
3357,20582
3358,19943
3359,22781
3360,38780
3361,28085
3362,28830
3363,23355
3364,23545
3365,25321
3366,40278
3367,20913
3368,23738
3369,20703
3370,32202
3371,30406
3372,23357
3373,22303
3374,19303
3375,34214
3376,21250
3377,27176
3378,20622
3379,24669
3380,29421
3381,26130
3382,23484
3383,20102
3384,25449
3385,20995
3386,21944
3387,17693
3388,23530
3389,315952
3390,344035
3391,29004
3392,19897
3393,25213
3394,17969
3395,21716
3396,20133
3397,20952
3398,18257
3399,37170
3400,230284
3401,55740
3402,55365
3403,26271
3404,40258
3405,30263
3406,42398
3407,29559
3408,23622
3409,22783
3410,46792
3411,37571
3412,36750
3413,22426
3414,25476
3415,28946
3416,21106
3417,23853
3418,19467
3419,19295
3420,41110
3421,31772
3422,24299
3423,22138
3424,22859
3425,28376
3426,21176
3427,20708
3428,20033
3429,19732
3430,29980
3431,28191
3432,23964
3433,22966
3434,34702
3435,30436
3436,19314
3437,18599
3438,18421
3439,20005
3440,40758
3441,26914
3442,21806
3443,24065
3444,31658
3445,25730
3446,19927
3447,20471
3448,21834
3449,20724
3450,55782
3451,28139
3452,23934
3453,21419
3454,23653
3455,25692
3456,74148
3457,23762
3458,21024
3459,18699
3460,27547
3461,26070
3462,22446
3463,23384
3464,21764
3465,23241
3466,21901
3467,19823
3468,21724
3469,16913
3470,29635
3471,24871
3472,23258
3473,19038
3474,23996
3475,28560
3476,22166
3477,22013
3478,21305
3479,17517
3480,28599
3481,25744
3482,18169
3483,17922
3484,18100
3485,23111
3486,18346
3487,17170
3488,21495
3489,16866
3490,25213
3491,22753
3492,17565
3493,16762
3494,19084
3495,26693
3496,16010
3497,17012
3498,16551
3499,24741
3500,774630
3501,72946
3502,32562
3503,25379
3504,29221
3505,32962
3506,32205
3507,25699
3508,26374
3509,24795
3510,50159
3511,36354
3512,29466
3513,23042
3514,39230
3515,28780
3516,24742
3517,26081
3518,19073
3519,20873
3520,52853
3521,34288
3522,24610
3523,23329
3524,26871
3525,31897
3526,23353
3527,19223
3528,23727
3529,21715
3530,30110
3531,26438
3532,21010
3533,20105
3534,19497
3535,42455
3536,23409
3537,31419
3538,20207
3539,18336
3540,39053
3541,32991
3542,24938
3543,21142
3544,19213
3545,24969
3546,22708
3547,18789
3548,19679
3549,17188
3550,58525
3551,30071
3552,22293
3553,71059
3554,18346
3555,36227
3556,19911
3557,19164
3558,20463
3559,18739
3560,31520
3561,23524
3562,19021
3563,17535
3564,17123
3565,22774
3566,18635
3567,17531
3568,21413
3569,19109
3570,29092
3571,27258
3572,18882
3573,17531
3574,17548
3575,26848
3576,18452
3577,18773
3578,18413
3579,18842
3580,27808
3581,23061
3582,25889
3583,22144
3584,25585
3585,20996
3586,16458
3587,15710
3588,21590
3589,17190
3590,32680
3591,24467
3592,20660
3593,17470
3594,16141
3595,20043
3596,15174
3597,17312
3598,16691
3599,25382
3600,527081
3601,50439
3602,28986
3603,27472
3604,27921
3605,24604
3606,23317
3607,21038
3608,20904
3609,20330
3610,39418
3611,28543
3612,22063
3613,19550
3614,18704
3615,30527
3616,21350
3617,19093
3618,17539
3619,17343
3620,31934
3621,29699
3622,25673
3623,20667
3624,25144
3625,25844
3626,23724
3627,22710
3628,20528
3629,18905
3630,34767
3631,26467
3632,23397
3633,25357
3634,17765
3635,21812
3636,33189
3637,20469
3638,18100
3639,20596
3640,30142
3641,25396
3642,22621
3643,17941
3644,17838
3645,19470
3646,21182
3647,21649
3648,25439
3649,18368
3650,59609
3651,25657
3652,18634
3653,22986
3654,18497
3655,23538
3656,17421
3657,17337
3658,21781
3659,17470
3660,31610
3661,25335
3662,18159
3663,30899
3664,18521
3665,20200
3666,21158
3667,22156
3668,20051
3669,17619
3670,22703
3671,21534
3672,19439
3673,20208
3674,17237
3675,23639
3676,23118
3677,17311
3678,16820
3679,17207
3680,26620
3681,21628
3682,17462
3683,20620
3684,17869
3685,17350
3686,22387
3687,16731
3688,18959
3689,15992
3690,26703
3691,29092
3692,16853
3693,16820
3694,14661
3695,18472
3696,19885
3697,17249
3698,15227
3699,19920
3700,199328
3701,51122
3702,27438
3703,24477
3704,26249
3705,26964
3706,21248
3707,21388
3708,20773
3709,26656
3710,31024
3711,35952
3712,26209
3713,21236
3714,19175
3715,23526
3716,18508
3717,22337
3718,20426
3719,25760
3720,38075
3721,27235
3722,22009
3723,18617
3724,21525
3725,23232
3726,21536
3727,36260
3728,17050
3729,30066
3730,70544
3731,27073
3732,24874
3733,32257
3734,23765
3735,23036
3736,17343
3737,33501
3738,17386
3739,17773
3740,24842
3741,23885
3742,23640
3743,23938
3744,26376
3745,38777
3746,25568
3747,19475
3748,26590
3749,17076
3750,72467
3751,26039
3752,19034
3753,17107
3754,18221
3755,27380
3756,18386
3757,18117
3758,39190
3759,16355
3760,27749
3761,24568
3762,24240
3763,17081
3764,17074
3765,19919
3766,18757
3767,18142
3768,16616
3769,15185
3770,41411
3771,22954
3772,20100
3773,22652
3774,18954
3775,21374
3776,19873
3777,25436
3778,16172
3779,19651
3780,27159
3781,22649
3782,17103
3783,19503
3784,16633
3785,17999
3786,15181
3787,16846
3788,16775
3789,16583
3790,23606
3791,30804
3792,16010
3793,16632
3794,14603
3795,18278
3796,23451
3797,19734
3798,15164
3799,20384
3800,225046
3801,51091
3802,24461
3803,22237
3804,18957
3805,23118
3806,20831
3807,19241
3808,25881
3809,21697
3810,33871
3811,27969
3812,22139
3813,19286
3814,18710
3815,22456
3816,19485
3817,18175
3818,18434
3819,18269
3820,35325
3821,26662
3822,21481
3823,21924
3824,22296
3825,24683
3826,18098
3827,17801
3828,22983
3829,17582
3830,27122
3831,24840
3832,19664
3833,23065
3834,20514
3835,23763
3836,15662
3837,16406
3838,33351
3839,19535
3840,97316
3841,27337
3842,20404
3843,16421
3844,24022
3845,20107
3846,18755
3847,48098
3848,17941
3849,18908
3850,46515
3851,23357
3852,19106
3853,17082
3854,16529
3855,22506
3856,15750
3857,36217
3858,16833
3859,18368
3860,26891
3861,24921
3862,17969
3863,17488
3864,17977
3865,22314
3866,17030
3867,16329
3868,17631
3869,16798
3870,25349
3871,20704
3872,43813
3873,16895
3874,15545
3875,21820
3876,15933
3877,16911
3878,17668
3879,14774
3880,30000
3881,27095
3882,15844
3883,19284
3884,16664
3885,18022
3886,19873
3887,14750
3888,37139
3889,18283
3890,20870
3891,19479
3892,32512
3893,15867
3894,16322
3895,17306
3896,14582
3897,28849
3898,15454
3899,24217
3900,162405
3901,41546
3902,24428
3903,25110
3904,23545
3905,26858
3906,24652
3907,19385
3908,19684
3909,23419
3910,28545
3911,28520
3912,23272
3913,19019
3914,17135
3915,23505
3916,18062
3917,20575
3918,18425
3919,18428
3920,31529
3921,27700
3922,22130
3923,25676
3924,18481
3925,21662
3926,18492
3927,16513
3928,22590
3929,20584
3930,27428
3931,24091
3932,20879
3933,21429
3934,288692
3935,18036
3936,16858
3937,21647
3938,17409
3939,30960
3940,34044
3941,21940
3942,15183
3943,16639
3944,16126
3945,38307
3946,18594
3947,15574
3948,15131
3949,23567
3950,37881
3951,21724
3952,16805
3953,15240
3954,16741
3955,18235
3956,17384
3957,15444
3958,15546
3959,25391
3960,28459
3961,21288
3962,19722
3963,15824
3964,15203
3965,15569
3966,17273
3967,14524
3968,16903
3969,21602
3970,22020
3971,19653
3972,16657
3973,14459
3974,13572
3975,20203
3976,15409
3977,15036
3978,19668
3979,16031
3980,21256
3981,20134
3982,17762
3983,14500
3984,17589
3985,19667
3986,23860
3987,18824
3988,16144
3989,17600
3990,25541
3991,29882
3992,17317
3993,22123
3994,15100
3995,21461
3996,17447
3997,15812
3998,22642
3999,40937
4000,2087202
4001,112400
4002,55742
4003,42772
4004,61795
4005,43290
4006,38028
4007,41151
4008,36573
4009,29876
4010,55796
4011,45118
4012,37981
4013,31969
4014,36901
4015,31149
4016,26881
4017,27598
4018,67836
4019,23481
4020,68411
4021,33099
4022,28197
4023,22461
4024,24133
4025,30293
4026,24984
4027,23533
4028,26064
4029,22611
4030,38431
4031,31431
4032,37419
4033,36026
4034,20849
4035,24407
4036,19978
4037,22219
4038,49132
4039,30820
4040,69774
4041,36445
4042,24604
4043,25709
4044,23282
4045,25944
4046,22843
4047,20740
4048,21979
4049,56704
4050,58709
4051,45424
4052,23671
4053,23898
4054,23296
4055,24974
4056,21964
4057,18985
4058,18611
4059,17966
4060,37143
4061,30706
4062,22221
4063,17918
4064,26116
4065,24392
4066,22415
4067,24833
4068,20042
4069,20273
4070,38902
4071,23634
4072,25473
4073,19672
4074,19825
4075,25821
4076,19795
4077,22326
4078,16861
4079,17778
4080,43461
4081,32267
4082,19079
4083,18168
4084,18862
4085,20994
4086,17212
4087,18430
4088,32059
4089,16646
4090,37410
4091,24202
4092,22285
4093,18392
4094,21497
4095,44803
4096,421895
4097,28183
4098,18769
4099,27168
4100,170750
4101,61519
4102,51803
4103,109603
4104,34252
4105,30050
4106,24352
4107,23310
4108,22689
4109,25373
4110,38827
4111,53999
4112,31187
4113,22684
4114,26475
4115,26114
4116,23368
4117,20247
4118,21746
4119,19530
4120,39851
4121,34485
4122,29142
4123,32755
4124,21629
4125,28933
4126,19394
4127,21505
4128,22220
4129,23051
4130,49530
4131,28231
4132,21133
4133,19990
4134,18777
4135,80846
4136,20480
4137,19008
4138,17206
4139,16947
4140,53230
4141,48184
4142,30583
4143,20381
4144,22066
4145,21168
4146,16978
4147,18317
4148,19031
4149,17535
4150,44780
4151,36330
4152,18975
4153,18177
4154,17511
4155,24450
4156,17113
4157,18649
4158,17578
4159,27943
4160,37531
4161,46545
4162,19425
4163,21471
4164,16813
4165,24701
4166,18130
4167,20887
4168,16189
4169,19422
4170,25521
4171,29329
4172,30228
4173,18465
4174,17185
4175,21694
4176,16614
4177,17911
4178,15759
4179,18709
4180,25452
4181,24268
4182,15794
4183,19278
4184,18613
4185,16831
4186,15449
4187,17333
4188,15812
4189,21773
4190,19637
4191,22245
4192,16913
4193,15044
4194,16181
4195,16891
4196,15094
4197,15788
4198,13908
4199,18676
4200,271698
4201,46185
4202,37033
4203,24009
4204,22806
4205,24845
4206,19911
4207,21071
4208,21953
4209,24387
4210,38583
4211,35346
4212,30420
4213,24316
4214,25948
4215,31366
4216,21835
4217,40788
4218,19815
4219,19680
4220,34296
4221,31309
4222,33644
4223,20388
4224,25766
4225,35776
4226,21361
4227,25270
4228,18583
4229,19085
4230,32553
4231,31773
4232,23635
4233,21086
4234,18460
4235,18875
4236,105073
4237,18682
4238,20835
4239,16550
4240,35373
4241,23849
4242,44890
4243,21772
4244,29475
4245,20822
4246,17046
4247,19213
4248,19115
4249,17802
4250,51073
4251,26066
4252,20387
4253,20239
4254,19455
4255,22200
4256,17684
4257,18765
4258,23545
4259,15838
4260,30487
4261,26204
4262,19391
4263,19375
4264,16248
4265,19091
4266,17529
4267,18682
4268,16296
4269,37141
4270,21912
4271,27792
4272,21069
4273,15991
4274,20262
4275,21851
4276,17106
4277,18587
4278,20960
4279,16647
4280,24933
4281,20429
4282,17741
4283,15242
4284,15909
4285,18359
4286,17467
4287,20436
4288,18087
4289,14987
4290,22264
4291,22149
4292,22826
4293,15039
4294,16001
4295,18070
4296,15339
4297,14885
4298,13570
4299,18030
4300,158577
4301,50430
4302,30493
4303,26938
4304,21436
4305,25475
4306,20740
4307,19223
4308,18754
4309,17927
4310,37521
4311,29581
4312,29388
4313,19133
4314,26324
4315,24624
4316,17156
4317,16763
4318,17362
4319,26541
4320,47417
4321,74227
4322,34090
4323,20530
4324,72031
4325,27713
4326,85216
4327,16872
4328,19030
4329,16316
4330,32945
4331,65758
4332,25278
4333,31934
4334,19155
4335,19912
4336,17129
4337,23929
4338,18030
4339,15268
4340,37561
4341,21892
4342,19228
4343,32723
4344,22877
4345,20512
4346,16454
4347,18659
4348,16895
4349,17161
4350,46183
4351,22274
4352,19202
4353,18235
4354,15964
4355,20544
4356,23269
4357,68083
4358,16400
4359,14668
4360,30641
4361,21770
4362,17971
4363,26319
4364,17533
4365,21380
4366,16757
4367,14911
4368,23206
4369,15508
4370,22928
4371,22045
4372,18042
4373,16607
4374,16864
4375,31684
4376,15349
4377,16621
4378,13687
4379,14275
4380,24326
4381,21463
4382,15808
4383,14831
4384,15833
4385,14397
4386,15762
4387,13703
4388,20800
4389,15830
4390,19366
4391,23446
4392,14702
4393,13823
4394,13448
4395,20398
4396,13904
4397,13997
4398,14397
4399,19065
4400,204218
4401,49182
4402,28041
4403,22386
4404,29790
4405,24573
4406,21546
4407,18905
4408,21071
4409,17510
4410,33692
4411,38374
4412,28053
4413,18242
4414,23509
4415,26039
4416,20616
4417,17366
4418,20408
4419,46097
4420,29330
4421,24047
4422,44874
4423,20038
4424,24591
4425,23436
4426,17202
4427,16941
4428,16622
4429,18474
4430,33574
4431,23127
4432,18223
4433,26515
4434,21577
4435,25122
4436,15593
4437,18110
4438,22260
4439,15209
4440,36442
4441,30130
4442,21164
4443,24404
4444,137485
4445,26616
4446,19069
4447,18290
4448,21112
4449,26343
4450,36672
4451,21734
4452,18140
4453,21867
4454,18451
4455,32993
4456,18127
4457,19232
4458,15433
4459,15888
4460,25605
4461,21992
4462,17473
4463,17466
4464,18621
4465,19605
4466,20918
4467,15987
4468,15027
4469,17628
4470,27263
4471,32186
4472,26627
4473,29059
4474,18325
4475,18743
4476,16430
4477,21536
4478,16489
4479,14529
4480,25310
4481,21517
4482,17612
4483,18571
4484,25027
4485,17194
4486,16408
4487,17284
4488,22193
4489,14158
4490,25072
4491,20892
4492,15208
4493,14368
4494,16438
4495,20858
4496,14781
4497,14478
4498,14082
4499,22407
4500,464105
4501,48114
4502,30950
4503,34533
4504,22039
4505,32972
4506,31429
4507,21201
4508,19733
4509,21335
4510,40186
4511,36883
4512,25724
4513,21744
4514,21418
4515,24361
4516,23279
4517,18363
4518,17783
4519,17791
4520,34712
4521,28046
4522,28541
4523,18872
4524,18717
4525,24444
4526,16686
4527,15679
4528,15233
4529,23591
4530,27607
4531,20294
4532,19818
4533,18520
4534,18227
4535,19247
4536,17204
4537,17079
4538,16793
4539,16245
4540,22965
4541,21060
4542,17229
4543,18187
4544,20586
4545,38737
4546,17512
4547,15577
4548,15738
4549,16053
4550,38783
4551,22970
4552,19837
4553,16374
4554,18787
4555,28457
4556,17885
4557,16784
4558,16815
4559,15471
4560,27994
4561,19080
4562,19202
4563,17096
4564,17533
4565,22526
4566,20403
4567,61377
4568,16907
4569,18593
4570,24040
4571,23990
4572,18315
4573,17183
4574,14216
4575,24777
4576,16148
4577,17690
4578,17814
4579,16049
4580,21414
4581,18501
4582,14350
4583,17042
4584,14490
4585,16335
4586,13045
4587,19508
4588,13956
4589,12862
4590,23381
4591,16467
4592,17876
4593,15015
4594,14244
4595,15221
4596,13482
4597,13372
4598,15365
4599,16390
4600,160203
4601,37790
4602,19883
4603,19519
4604,17706
4605,22109
4606,18545
4607,17884
4608,30921
4609,18067
4610,30019
4611,25792
4612,21683
4613,18268
4614,33053
4615,22041
4616,18469
4617,20417
4618,14654
4619,16279
4620,25466
4621,21067
4622,22293
4623,20374
4624,20264
4625,25458
4626,19174
4627,20879
4628,16892
4629,14685
4630,27620
4631,23954
4632,18380
4633,17085
4634,20049
4635,16471
4636,42169
4637,16520
4638,13963
4639,14984
4640,25581
4641,21165
4642,21291
4643,16312
4644,18686
4645,17547
4646,27746
4647,19185
4648,19831
4649,19268
4650,40674
4651,22342
4652,18286
4653,22933
4654,16590
4655,21435
4656,17482
4657,14080
4658,19560
4659,12967
4660,27958
4661,19097
4662,17352
4663,19951
4664,18053
4665,17860
4666,30363
4667,18270
4668,19010
4669,15350
4670,22465
4671,18221
4672,14718
4673,36231
4674,14990
4675,16414
4676,15738
4677,16629
4678,14572
4679,14502
4680,30558
4681,20073
4682,15564
4683,14983
4684,20671
4685,15750
4686,29630
4687,17659
4688,16093
4689,13581
4690,20775
4691,18715
4692,14706
4693,13524
4694,15060
4695,15496
4696,17287
4697,13801
4698,12713
4699,15332
4700,179839
4701,50300
4702,42154
4703,91383
4704,20886
4705,18896
4706,14563
4707,17652
4708,15148
4709,15861
4710,27864
4711,40059
4712,20601
4713,19481
4714,16350
4715,24166
4716,14748
4717,16531
4718,13329
4719,14555
4720,25746
4721,19987
4722,20637
4723,21816
4724,18012
4725,25859
4726,17704
4727,16921
4728,17967
4729,18710
4730,24374
4731,21680
4732,19833
4733,17281
4734,16985
4735,17072
4736,18783
4737,17340
4738,15827
4739,13568
4740,23189
4741,22383
4742,16207
4743,15006
4744,18270
4745,19184
4746,14711
4747,42728
4748,15572
4749,13145
4750,43506
4751,22027
4752,16842
4753,14549
4754,15601
4755,24544
4756,14754
4757,18506
4758,17121
4759,13672
4760,22720
4761,19234
4762,16427
4763,14499
4764,13976
4765,17878
4766,17531
4767,16147
4768,15004
4769,15017
4770,27872
4771,19888
4772,18077
4773,16277
4774,18213
4775,18269
4776,14821
4777,23354
4778,13368
4779,15918
4780,21858
4781,19653
4782,14336
4783,14587
4784,13140
4785,13891
4786,13955
4787,15145
4788,14522
4789,14563
4790,21222
4791,18817
4792,13602
4793,12848
4794,11039
4795,12690
4796,11760
4797,15250
4798,11775
4799,16580
4800,221073
4801,37550
4802,21060
4803,17199
4804,18011
4805,20002
4806,16389
4807,15508
4808,16686
4809,14997
4810,29345
4811,24882
4812,18417
4813,14456
4814,17390
4815,18034
4816,14856
4817,15096
4818,16846
4819,32839
4820,24331
4821,18940
4822,20826
4823,13813
4824,16248
4825,20403
4826,15024
4827,16709
4828,15018
4829,14296
4830,23129
4831,18837
4832,15765
4833,18407
4834,13348
4835,17787
4836,13645
4837,13258
4838,16179
4839,13900
4840,21700
4841,21738
4842,19665
4843,14839
4844,17969
4845,16443
4846,12291
4847,15971
4848,30219
4849,20525
4850,39707
4851,19483
4852,18186
4853,15971
4854,14155
4855,17462
4856,14832
4857,13530
4858,14147
4859,14264
4860,25919
4861,22928
4862,15823
4863,15196
4864,16177
4865,14384
4866,13566
4867,15057
4868,22683
4869,15210
4870,28984
4871,17182
4872,20543
4873,13579
4874,14122
4875,18813
4876,14168
4877,16859
4878,22584
4879,12885
4880,24939
4881,20086
4882,14847
4883,13441
4884,15843
4885,15965
4886,13439
4887,16853
4888,22293
4889,19512
4890,18124
4891,15350
4892,13299
4893,14713
4894,11678
4895,13906
4896,16740
4897,11420
4898,13447
4899,19197
4900,115080
4901,34977
4902,17921
4903,16666
4904,18010
4905,19106
4906,15672
4907,14618
4908,13469
4909,19017
4910,28232
4911,26874
4912,17816
4913,14742
4914,15511
4915,20626
4916,14317
4917,15451
4918,14197
4919,14285
4920,21971
4921,22825
4922,38933
4923,16026
4924,15758
4925,19074
4926,16189
4927,14345
4928,16497
4929,18349
4930,22359
4931,19377
4932,16889
4933,17768
4934,14611
4935,17570
4936,13898
4937,14804
4938,13095
4939,26411
4940,21791
4941,20437
4942,17214
4943,15446
4944,17944
4945,23486
4946,13757
4947,16422
4948,14299
4949,25960
4950,37799
4951,20209
4952,16370
4953,13867
4954,13296
4955,16775
4956,15001
4957,12737
4958,16470
4959,24706
4960,24174
4961,17645
4962,13616
4963,14953
4964,12595
4965,15844
4966,16284
4967,14494
4968,14257
4969,13194
4970,19063
4971,18896
4972,13794
4973,15286
4974,14301
4975,31172
4976,14393
4977,13135
4978,14237
4979,13878
4980,19465
4981,27237
4982,17601
4983,14476
4984,13120
4985,17674
4986,13033
4987,13161
4988,13623
4989,14422
4990,22073
4991,19107
4992,15017
4993,16072
4994,15041
4995,21106
4996,17206
4997,14439
4998,14994
4999,47530
5000,3419827
5001,120364
5002,47169
5003,35493
5004,31606
5005,56283
5006,30535
5007,68128
5008,42655
5009,24635
5010,55814
5011,34401
5012,26556
5013,20819
5014,34842
5015,31384
5016,19538
5017,22028
5018,21700
5019,17430
5020,47306
5021,25610
5022,24327
5023,19354
5024,19227
5025,23524
5026,17824
5027,17329
5028,15318
5029,15757
5030,34364
5031,21092
5032,18983
5033,20759
5034,17298
5035,19566
5036,16173
5037,19276
5038,18575
5039,19901
5040,45434
5041,23323
5042,17407
5043,17516
5044,21124
5045,19149
5046,15730
5047,15803
5048,15603
5049,15960
5050,95799
5051,27937
5052,27206
5053,19797
5054,18203
5055,30553
5056,18553
5057,15410
5058,14185
5059,15523
5060,42486
5061,65005
5062,17532
5063,17171
5064,14525
5065,19838
5066,20417
5067,19752
5068,15151
5069,15337
5070,28733
5071,17537
5072,16216
5073,13964
5074,13134
5075,23025
5076,13897
5077,14010
5078,13763
5079,13889
5080,27076
5081,19480
5082,15647
5083,19824
5084,15636
5085,20135
5086,15340
5087,14025
5088,17879
5089,16394
5090,24642
5091,17538
5092,15231
5093,16155
5094,13183
5095,16240
5096,14659
5097,12880
5098,15488
5099,16319
5100,171887
5101,46206
5102,34512
5103,23415
5104,21915
5105,23269
5106,18274
5107,22445
5108,18823
5109,16171
5110,36359
5111,42858
5112,23155
5113,19698
5114,32481
5115,23458
5116,18221
5117,19396
5118,18673
5119,16379
5120,49507
5121,28802
5122,24316
5123,24447
5124,17788
5125,22733
5126,17966
5127,14619
5128,21722
5129,13319
5130,28234
5131,24861
5132,16761
5133,16858
5134,15725
5135,18370
5136,15105
5137,13943
5138,13565
5139,14571
5140,24928
5141,21428
5142,15516
5143,14545
5144,15405
5145,17973
5146,14910
5147,13392
5148,14645
5149,15470
5150,74343
5151,41115
5152,22370
5153,17189
5154,14212
5155,22917
5156,14711
5157,13413
5158,14474
5159,12866
5160,30403
5161,22107
5162,15908
5163,13143
5164,14568
5165,16242
5166,14936
5167,16493
5168,13408
5169,14687
5170,20509
5171,19642
5172,19824
5173,15310
5174,12016
5175,16539
5176,16737
5177,13271
5178,11197
5179,11818
5180,20327
5181,18547
5182,13704
5183,13991
5184,21751
5185,13887
5186,12855
5187,11241
5188,14334
5189,12400
5190,19682
5191,20008
5192,15508
5193,16277
5194,329354
5195,20771
5196,12890
5197,12071
5198,14609
5199,16518
5200,215402
5201,37897
5202,21807
5203,19165
5204,20680
5205,21696
5206,16137
5207,16049
5208,17055
5209,15805
5210,33902
5211,27340
5212,18782
5213,15372
5214,16787
5215,18106
5216,15739
5217,15811
5218,17157
5219,14700
5220,32941
5221,23630
5222,31022
5223,20081
5224,16248
5225,35966
5226,16490
5227,15943
5228,15846
5229,13166
5230,29578
5231,19699
5232,17696
5233,23676
5234,16907
5235,17653
5236,16335
5237,13703
5238,12876
5239,12807
5240,24267
5241,19090
5242,15612
5243,14757
5244,17275
5245,17177
5246,15076
5247,17471
5248,14532
5249,13325
5250,53956
5251,22959
5252,30483
5253,21292
5254,16169
5255,25307
5256,15229
5257,15321
5258,14446
5259,11549
5260,19113
5261,17425
5262,15259
5263,15067
5264,12712
5265,12594
5266,16353
5267,14171
5268,11322
5269,13407
5270,19292
5271,19070
5272,16373
5273,15870
5274,11928
5275,17469
5276,12541
5277,13832
5278,14697
5279,12531
5280,54648
5281,51826
5282,14440
5283,15316
5284,12037
5285,20280
5286,11670
5287,11738
5288,13319
5289,12722
5290,17360
5291,18981
5292,15772
5293,13577
5294,12161
5295,12951
5296,13277
5297,17202
5298,12111
5299,15984
5300,146019
5301,44011
5302,20384
5303,21835
5304,21665
5305,22219
5306,16931
5307,20857
5308,14970
5309,23031
5310,31054
5311,27357
5312,21009
5313,17051
5314,16407
5315,20376
5316,16517
5317,15159
5318,16617
5319,13778
5320,26720
5321,26654
5322,23755
5323,21084
5324,18236
5325,21066
5326,15784
5327,14675
5328,16092
5329,15274
5330,24355
5331,20597
5332,17773
5333,27675
5334,72393
5335,19816
5336,14965
5337,14991
5338,13714
5339,16794
5340,22447
5341,17506
5342,14199
5343,17969
5344,16559
5345,17692
5346,13976
5347,18932
5348,12454
5349,12878
5350,26827
5351,17384
5352,16066
5353,38729
5354,14352
5355,18689
5356,15328
5357,12979
5358,12672
5359,12760
5360,18079
5361,16847
5362,14331
5363,14308
5364,12698
5365,13732
5366,13607
5367,12782
5368,14178
5369,10773
5370,19027
5371,17557
5372,12955
5373,16068
5374,12300
5375,16160
5376,16704
5377,17165
5378,12842
5379,11383
5380,19100
5381,24462
5382,12963
5383,13243
5384,12844
5385,12843
5386,12345
5387,15416
5388,12674
5389,11184
5390,16427
5391,15002
5392,12232
5393,11937
5394,10852
5395,15111
5396,10470
5397,11235
5398,11300
5399,14538
5400,164349
5401,39235
5402,22617
5403,21066
5404,18923
5405,19578
5406,18564
5407,15918
5408,18932
5409,13308
5410,21982
5411,25647
5412,19269
5413,16175
5414,17389
5415,24305
5416,13325
5417,16417
5418,13284
5419,13227
5420,25523
5421,17895
5422,19708
5423,15211
5424,16477
5425,17866
5426,11718
5427,12502
5428,14847
5429,12558
5430,23641
5431,17670
5432,95335
5433,27042
5434,14740
5435,15682
5436,13239
5437,23854
5438,14135
5439,16403
5440,24522
5441,20983
5442,18463
5443,17080
5444,21027
5445,20008
5446,16154
5447,13923
5448,13275
5449,13827
5450,31664
5451,18285
5452,15875
5453,13928
5454,25638
5455,26825
5456,16202
5457,12790
5458,11757
5459,12665
5460,19280
5461,22131
5462,13057
5463,16702
5464,15071
5465,26128
5466,15821
5467,13554
5468,15497
5469,11628
5470,20766
5471,26361
5472,49167
5473,12606
5474,13145
5475,14124
5476,14782
5477,14333
5478,13288
5479,16527
5480,18483
5481,16131
5482,13297
5483,16168
5484,11012
5485,12983
5486,12519
5487,12062
5488,13026
5489,12882
5490,16305
5491,19659
5492,11857
5493,12558
5494,11103
5495,17834
5496,10307
5497,9706
5498,17422
5499,15552
5500,353610
5501,35713
5502,19431
5503,16881
5504,16318
5505,28728
5506,20755
5507,24301
5508,18824
5509,15362
5510,31294
5511,28306
5512,27217
5513,19097
5514,16550
5515,27093
5516,16092
5517,23618
5518,14389
5519,12961
5520,40963
5521,20499
5522,20539
5523,15063
5524,14285
5525,22683
5526,22028
5527,14207
5528,14013
5529,17454
5530,28118
5531,19137
5532,15737
5533,21268
5534,16896
5535,19887
5536,14100
5537,14183
5538,13436
5539,17828
5540,21392
5541,17324
5542,14651
5543,12942
5544,20882
5545,19700
5546,13017
5547,15208
5548,21053
5549,11869
5550,44349
5551,23910
5552,18514
5553,15924
5554,23340
5555,135541
5556,23399
5557,18936
5558,16678
5559,14541
5560,19427
5561,16858
5562,12137
5563,12639
5564,13893
5565,17272
5566,23597
5567,13000
5568,14874
5569,11910
5570,20459
5571,16217
5572,13533
5573,12377
5574,11364
5575,17714
5576,12986
5577,21668
5578,11944
5579,11249
5580,21010
5581,15514
5582,13623
5583,27154
5584,13565
5585,15464
5586,12679
5587,11334
5588,19125
5589,10928
5590,18047
5591,14940
5592,12523
5593,12459
5594,10622
5595,13762
5596,12320
5597,11639
5598,10844
5599,15243
5600,159990
5601,36194
5602,18544
5603,17193
5604,15941
5605,19064
5606,17552
5607,14449
5608,13535
5609,14185
5610,23873
5611,22163
5612,15349
5613,13709
5614,12849
5615,14667
5616,16595
5617,13071
5618,11966
5619,11832
5620,21383
5621,16999
5622,14391
5623,16998
5624,12636
5625,34269
5626,15717
5627,15011
5628,11722
5629,11896
5630,21057
5631,16874
5632,16915
5633,12749
5634,15317
5635,19825
5636,13065
5637,14210
5638,12569
5639,12231
5640,20269
5641,16760
5642,15509
5643,14368
5644,13417
5645,12916
5646,17952
5647,11935
5648,11091
5649,10394
5650,28942
5651,16975
5652,14292
5653,12923
5654,12299
5655,16471
5656,23090
5657,14010
5658,11962
5659,10779
5660,20835
5661,17037
5662,14299
5663,14252
5664,15341
5665,19355
5666,17692
5667,14434
5668,11577
5669,11965
5670,28602
5671,18401
5672,31149
5673,13052
5674,12250
5675,14061
5676,13487
5677,13543
5678,69946
5679,12104
5680,17643
5681,13896
5682,12938
5683,13806
5684,10675
5685,12211
5686,10729
5687,15258
5688,14429
5689,12518
5690,16053
5691,13915
5692,11976
5693,9633
5694,16819
5695,12961
5696,12458
5697,10764
5698,10840
5699,15134
5700,137079
5701,41846
5702,18318
5703,19582
5704,14540
5705,19264
5706,12266
5707,15451
5708,17088
5709,14665
5710,18895
5711,31008
5712,16784
5713,16578
5714,15675
5715,17001
5716,12071
5717,13813
5718,16208
5719,12664
5720,21511
5721,19295
5722,17899
5723,12827
5724,12891
5725,17643
5726,11094
5727,14541
5728,15076
5729,12633
5730,22254
5731,16058
5732,13188
5733,16648
5734,16440
5735,17045
5736,12347
5737,15736
5738,12048
5739,12494
5740,19926
5741,19388
5742,14117
5743,13829
5744,14975
5745,14155
5746,17658
5747,15198
5748,13003
5749,13786
5750,47276
5751,25828
5752,14459
5753,15677
5754,16802
5755,18834
5756,13492
5757,23027
5758,13816
5759,14707
5760,32097
5761,17889
5762,16128
5763,15938
5764,14777
5765,16445
5766,15832
5767,17267
5768,19743
5769,16606
5770,31336
5771,24146
5772,35488
5773,22512
5774,29540
5775,34579
5776,25491
5777,35560
5778,31361
5779,27694
5780,34213
5781,28545
5782,21906
5783,18673
5784,12282
5785,11983
5786,11000
5787,11826
5788,12566
5789,16536
5790,15766
5791,13059
5792,12370
5793,20051
5794,9540
5795,12565
5796,9932
5797,12399
5798,10420
5799,11001
5800,139104
5801,29569
5802,16075
5803,13588
5804,12614
5805,16047
5806,14897
5807,16458
5808,16062
5809,12175
5810,21708
5811,20075
5812,27853
5813,12818
5814,12627
5815,14358
5816,12127
5817,12611
5818,11887
5819,12667
5820,22095
5821,15406
5822,16607
5823,12223
5824,11953
5825,15647
5826,10400
5827,11724
5828,13004
5829,15049
5830,18391
5831,14285
5832,15037
5833,18221
5834,11671
5835,11762
5836,10513
5837,14569
5838,11445
5839,13201
5840,25661
5841,16657
5842,11311
5843,11318
5844,10874
5845,14147
5846,14796
5847,12774
5848,11498
5849,14012
5850,33284
5851,18950
5852,14066
5853,11997
5854,10465
5855,14948
5856,12513
5857,11090
5858,23503
5859,12798
5860,19938
5861,15912
5862,11860
5863,9797
5864,10651
5865,12692
5866,12892
5867,11916
5868,14016
5869,19870
5870,23153
5871,14856
5872,12523
5873,9442
5874,11527
5875,15482
5876,21230
5877,13695
5878,11963
5879,10358
5880,19145
5881,15441
5882,11718
5883,11803
5884,11681
5885,16323
5886,9511
5887,11142
5888,19757
5889,10802
5890,18168
5891,13944
5892,11130
5893,10056
5894,9461
5895,16210
5896,10187
5897,19725
5898,11268
5899,12282
5900,92117
5901,29244
5902,16830
5903,14434
5904,14680
5905,17511
5906,14387
5907,16362
5908,16683
5909,12122
5910,19166
5911,18535
5912,12631
5913,10829
5914,10108
5915,13422
5916,11678
5917,14189
5918,10320
5919,11358
5920,19013
5921,15671
5922,14620
5923,13999
5924,10365
5925,15337
5926,10403
5927,11098
5928,10378
5929,11102
5930,23449
5931,14741
5932,10882
5933,11946
5934,10753
5935,13930
5936,10487
5937,15610
5938,10226
5939,11074
5940,16145
5941,14080
5942,11829
5943,10743
5944,12706
5945,10844
5946,10959
5947,8989
5948,9857
5949,12438
5950,27185
5951,15344
5952,13005
5953,10515
5954,10042
5955,15377
5956,12025
5957,11769
5958,14273
5959,20351
5960,18807
5961,12789
5962,16785
5963,10833
5964,11406
5965,11849
5966,11151
5967,9843
5968,9839
5969,10124
5970,18627
5971,12483
5972,13445
5973,12483
5974,9100
5975,13623
5976,9916
5977,11312
5978,10445
5979,10870
5980,16201
5981,12491
5982,10658
5983,10720
5984,20342
5985,13665
5986,12097
5987,10174
5988,11113
5989,9829
5990,23450
5991,13555
5992,12374
5993,11903
5994,11190
5995,18025
5996,11717
5997,10382
5998,12630
5999,29682
6000,1282960
6001,78657
6002,36196
6003,26417
6004,30405
6005,29976
6006,29028
6007,20191
6008,25490
6009,23844
6010,41736
6011,44178
6012,25954
6013,20346
6014,17639
6015,27726
6016,20947
6017,14666
6018,18771
6019,15777
6020,38887
6021,24501
6022,19537
6023,16246
6024,15953
6025,21260
6026,14912
6027,13503
6028,17736
6029,12663
6030,32381
6031,19170
6032,17546
6033,20814
6034,14173
6035,17280
6036,13428
6037,13628
6038,15112
6039,12853
6040,30029
6041,20364
6042,15259
6043,13576
6044,15475
6045,18235
6046,12966
6047,11299
6048,14469
6049,15655
6050,37150
6051,20839
6052,17077
6053,14282
6054,12586
6055,24886
6056,18971
6057,12530
6058,12875
6059,13354
6060,45737
6061,90729
6062,16526
6063,27054
6064,15114
6065,15307
6066,20340
6067,14091
6068,13211
6069,12087
6070,24197
6071,14990
6072,12964
6073,13781
6074,12138
6075,15681
6076,12984
6077,13546
6078,11413
6079,10695
6080,25943
6081,17471
6082,20148
6083,12859
6084,26076
6085,15200
6086,12969
6087,11842
6088,14080
6089,11167
6090,23154
6091,15027
6092,13643
6093,13010
6094,11167
6095,13041
6096,13827
6097,11335
6098,12529
6099,13221
6100,124641
6101,39263
6102,28876
6103,39955
6104,18969
6105,26481
6106,24485
6107,17698
6108,17832
6109,22085
6110,33540
6111,41067
6112,19846
6113,14325
6114,17000
6115,18064
6116,15425
6117,14316
6118,13111
6119,15789
6120,32102
6121,26474
6122,15763
6123,21210
6124,15263
6125,20775
6126,16326
6127,13903
6128,15940
6129,11099
6130,21764
6131,23703
6132,13903
6133,17022
6134,12457
6135,14548
6136,14132
6137,11003
6138,12999
6139,12586
6140,21592
6141,18779
6142,15075
6143,14651
6144,22080
6145,14374
6146,12350
6147,14978
6148,13724
6149,10447
6150,33320
6151,22306
6152,14683
6153,13330
6154,14032
6155,16313
6156,12927
6157,15126
6158,11220
6159,10594
6160,22060
6161,29154
6162,16042
6163,14070
6164,18419
6165,13583
6166,20074
6167,14608
6168,12126
6169,11323
6170,17167
6171,15431
6172,12423
6173,12717
6174,12212
6175,12839
6176,11646
6177,11373
6178,9799
6179,9169
6180,19412
6181,14708
6182,11777
6183,10147
6184,9450
6185,12044
6186,10564
6187,9467
6188,12879
6189,9511
6190,14341
6191,14376
6192,11863
6193,10317
6194,10275
6195,11895
6196,13524
6197,10413
6198,10769
6199,17104
6200,137657
6201,34891
6202,23153
6203,35513
6204,17901
6205,23212
6206,17029
6207,19794
6208,14353
6209,16909
6210,29428
6211,25257
6212,21361
6213,19832
6214,15422
6215,24229
6216,14066
6217,14788
6218,14384
6219,10950
6220,26944
6221,30304
6222,26039
6223,17495
6224,16180
6225,18756
6226,20876
6227,16386
6228,13148
6229,14737
6230,25563
6231,20214
6232,16627
6233,17448
6234,15233
6235,15495
6236,13036
6237,18317
6238,13832
6239,14664
6240,24954
6241,18168
6242,17346
6243,12359
6244,14628
6245,15022
6246,11841
6247,12676
6248,12277
6249,13210
6250,47056
6251,19926
6252,16777
6253,14351
6254,16039
6255,17367
6256,17229
6257,13032
6258,12569
6259,11845
6260,18290
6261,20671
6262,23595
6263,16333
6264,17817
6265,15825
6266,13946
6267,10846
6268,12976
6269,14841
6270,18772
6271,15102
6272,18180
6273,21620
6274,11380
6275,15773
6276,11076
6277,18216
6278,13264
6279,11319
6280,20151
6281,15791
6282,12731
6283,12790
6284,12079
6285,13343
6286,9941
6287,12170
6288,13429
6289,10629
6290,14812
6291,15086
6292,12001
6293,10240
6294,10319
6295,14022
6296,11098
6297,9844
6298,10183
6299,13560
6300,139017
6301,35476
6302,22741
6303,18832
6304,19339
6305,17376
6306,15059
6307,15238
6308,13084
6309,15099
6310,22558
6311,23498
6312,17005
6313,14027
6314,12553
6315,14446
6316,15551
6317,12372
6318,12185
6319,12641
6320,25935
6321,18441
6322,16839
6323,16792
6324,13810
6325,17209
6326,12918
6327,12228
6328,12194
6329,11109
6330,31339
6331,19971
6332,17809
6333,27523
6334,18852
6335,13594
6336,16211
6337,13734
6338,13609
6339,12260
6340,21407
6341,15206
6342,13111
6343,13377
6344,13539
6345,14047
6346,11177
6347,10752
6348,13816
6349,11133
6350,25460
6351,17528
6352,14038
6353,12171
6354,11411
6355,20447
6356,10580
6357,15137
6358,9925
6359,11473
6360,23007
6361,45654
6362,15196
6363,25343
6364,14286
6365,11862
6366,13478
6367,12678
6368,10439
6369,10094
6370,14383
6371,23711
6372,13683
6373,11724
6374,12380
6375,14239
6376,10958
6377,12816
6378,14783
6379,58639
6380,19633
6381,13437
6382,14285
6383,12495
6384,11333
6385,12559
6386,11647
6387,9682
6388,15335
6389,11503
6390,17499
6391,12585
6392,11176
6393,12209
6394,9910
6395,12530
6396,9655
6397,26167
6398,10064
6399,14372
6400,174641
6401,30394
6402,20626
6403,15850
6404,18073
6405,20511
6406,14040
6407,13074
6408,11902
6409,14306
6410,22666
6411,21096
6412,14856
6413,13776
6414,12998
6415,13042
6416,13976
6417,11866
6418,12094
6419,11734
6420,23928
6421,16112
6422,14560
6423,14051
6424,14419
6425,19042
6426,14583
6427,12600
6428,14264
6429,11084
6430,17940
6431,16220
6432,14046
6433,12973
6434,11578
6435,14114
6436,10176
6437,13432
6438,12632
6439,9578
6440,20856
6441,19222
6442,12310
6443,21145
6444,16561
6445,13002
6446,13714
6447,10818
6448,11135
6449,11035
6450,29223
6451,14691
6452,11853
6453,14126
6454,13172
6455,17489
6456,11785
6457,14711
6458,11220
6459,11260
6460,21113
6461,15011
6462,12042
6463,14559
6464,20870
6465,14868
6466,13364
6467,12082
6468,15191
6469,11340
6470,15261
6471,14831
6472,13315
6473,12699
6474,13720
6475,15792
6476,10311
6477,12748
6478,11288
6479,9776
6480,17046
6481,12413
6482,12375
6483,11720
6484,13943
6485,9735
6486,10340
6487,12608
6488,15481
6489,11461
6490,18169
6491,13441
6492,13145
6493,9832
6494,13996
6495,12321
6496,11575
6497,11146
6498,10607
6499,11715
6500,285210
6501,39885
6502,63769
6503,16985
6504,14566
6505,20769
6506,15621
6507,14578
6508,14641
6509,13568
6510,29063
6511,32177
6512,25952
6513,17525
6514,12861
6515,17264
6516,15714
6517,14598
6518,12315
6519,12580
6520,30219
6521,15427
6522,17011
6523,11456
6524,11808
6525,18548
6526,11547
6527,11072
6528,13174
6529,15571
6530,20472
6531,16894
6532,16764
6533,13429
6534,12268
6535,19440
6536,13178
6537,10397
6538,13704
6539,11054
6540,16603
6541,16320
6542,14007
6543,16592
6544,12737
6545,15520
6546,10122
6547,9657
6548,15591
6549,9890
6550,35389
6551,16274
6552,17347
6553,14614
6554,11960
6555,23467
6556,14164
6557,11310
6558,10283
6559,10907
6560,22212
6561,17598
6562,13813
6563,14410
6564,10819
6565,21185
6566,13646
6567,9917
6568,10027
6569,10605
6570,17080
6571,12900
6572,12073
6573,8878
6574,10089
6575,12297
6576,11566
6577,10267
6578,9680
6579,9813
6580,15295
6581,15089
6582,11290
6583,18555
6584,18749
6585,12537
6586,9067
6587,9942
6588,11188
6589,8807
6590,12813
6591,16195
6592,9973
6593,9282
6594,8736
6595,11264
6596,18517
6597,9059
6598,9640
6599,10590
6600,137563
6601,25902
6602,14675
6603,12662
6604,15319
6605,16222
6606,18206
6607,11837
6608,12212
6609,9943
6610,21789
6611,29924
6612,13763
6613,13683
6614,15850
6615,14701
6616,14270
6617,10460
6618,10192
6619,18979
6620,23845
6621,18679
6622,19687
6623,10583
6624,12316
6625,14722
6626,11567
6627,10063
6628,9827
6629,9770
6630,18308
6631,26822
6632,21560
6633,19685
6634,10074
6635,11470
6636,13390
6637,10842
6638,9916
6639,9254
6640,15954
6641,14383
6642,11996
6643,12969
6644,13848
6645,12278
6646,11389
6647,9745
6648,9464
6649,9928
6650,23889
6651,19162
6652,13425
6653,12391
6654,11725
6655,19993
6656,13948
6657,15236
6658,9394
6659,10122
6660,18564
6661,14531
6662,22661
6663,12696
6664,14425
6665,13628
6666,58878
6667,45076
6668,11876
6669,12426
6670,18238
6671,18928
6672,15343
6673,12658
6674,10557
6675,12130
6676,12343
6677,16858
6678,15499
6679,8554
6680,16830
6681,14212
6682,12708
6683,11243
6684,11175
6685,10002
6686,10335
6687,9843
6688,16546
6689,9192
6690,13593
6691,12241
6692,9607
6693,9127
6694,13288
6695,12360
6696,11009
6697,10069
6698,11698
6699,21299
6700,106619
6701,31794
6702,17354
6703,11473
6704,12168
6705,13947
6706,11036
6707,15974
6708,20773
6709,12795
6710,23962
6711,16390
6712,16836
6713,13274
6714,13385
6715,14136
6716,18135
6717,16946
6718,9876
6719,9311
6720,21123
6721,17014
6722,18625
6723,16118
6724,13566
6725,14317
6726,10644
6727,11565
6728,10945
6729,9768
6730,15692
6731,24525
6732,11251
6733,12446
6734,10514
6735,13259
6736,129995
6737,14531
6738,9700
6739,8850
6740,14158
6741,12566
6742,15865
6743,10759
6744,11688
6745,11121
6746,9741
6747,13238
6748,10005
6749,14646
6750,31359
6751,17113
6752,18793
6753,10016
6754,8972
6755,12231
6756,9514
6757,12172
6758,11211
6759,9469
6760,15016
6761,11087
6762,12243
6763,10645
6764,9191
6765,13587
6766,12026
6767,20131
6768,14342
6769,9281
6770,19771
6771,13473
6772,12479
6773,13478
6774,9158
6775,11996
6776,13319
6777,24556
6778,10864
6779,12679
6780,14604
6781,12186
6782,10568
6783,10203
6784,12110
6785,11773
6786,9138
6787,11004
6788,11229
6789,35414
6790,15116
6791,18961
6792,9605
6793,8867
6794,11534
6795,10420
6796,11425
6797,9334
6798,9662
6799,11814
6800,138339
6801,28396
6802,14358
6803,21259
6804,12003
6805,14185
6806,11418
6807,12663
6808,11673
6809,16631
6810,21856
6811,24111
6812,12108
6813,10548
6814,11158
6815,12302
6816,9525
6817,10607
6818,9742
6819,14267
6820,20898
6821,13580
6822,21130
6823,12251
6824,12598
6825,14869
6826,11984
6827,10854
6828,10412
6829,9312
6830,19776
6831,15727
6832,11328
6833,13246
6834,11401
6835,10723
6836,11212
6837,11307
6838,10755
6839,8118
6840,17309
6841,13188
6842,12017
6843,8903
6844,9753
6845,12396
6846,12842
6847,10062
6848,10102
6849,8973
6850,27005
6851,17509
6852,9714
6853,13559
6854,14106
6855,11788
6856,8929
6857,8699
6858,8867
6859,9065
6860,14863
6861,14328
6862,10412
6863,9362
6864,9215
6865,10359
6866,10827
6867,9550
6868,21145
6869,9440
6870,20118
6871,11595
6872,12121
6873,8842
6874,8890
6875,21011
6876,9566
6877,14051
6878,10506
6879,11814
6880,28458
6881,14420
6882,14341
6883,10721
6884,10047
6885,11376
6886,10899
6887,10017
6888,21279
6889,9743
6890,15040
6891,10806
6892,11102
6893,8200
6894,8611
6895,9200
6896,8648
6897,12681
6898,8153
6899,9956
6900,82465
6901,27461
6902,18029
6903,14691
6904,11847
6905,14944
6906,11610
6907,11282
6908,9225
6909,14620
6910,18573
6911,19532
6912,16369
6913,11125
6914,11290
6915,13216
6916,9579
6917,10197
6918,9735
6919,9754
6920,19645
6921,14199
6922,14546
6923,10166
6924,15431
6925,15546
6926,13270
6927,9844
6928,9024
6929,9355
6930,15277
6931,12278
6932,10077
6933,11695
6934,9240
6935,10273
6936,9259
6937,10460
6938,9172
6939,11681
6940,14281
6941,16345
6942,10392
6943,8162
6944,10598
6945,9591
6946,18767
6947,11238
6948,9351
6949,9784
6950,24609
6951,15142
6952,8981
6953,7941
6954,8413
6955,12016
6956,9400
6957,8810
6958,8327
6959,10770
6960,15787
6961,11305
6962,11218
6963,22320
6964,8434
6965,11210
6966,9945
6967,8283
6968,14334
6969,19221
6970,17572
6971,12185
6972,11095
6973,9279
6974,10111
6975,12430
6976,11900
6977,10119
6978,10849
6979,8829
6980,14666
6981,13350
6982,10107
6983,8982
6984,10532
6985,9261
6986,8538
6987,8089
6988,10412
6989,12132
6990,17084
6991,12367
6992,10330
6993,9731
6994,8903
6995,14607
6996,12617
6997,8410
6998,9024
6999,21548
7000,870781
7001,67669
7002,35314
7003,33532
7004,30099
7005,28510
7006,26699
7007,33750
7008,20119
7009,20310
7010,38199
7011,29469
7012,24442
7013,20340
7014,18447
7015,24613
7016,17293
7017,19997
7018,17180
7019,14696
7020,35878
7021,19854
7022,18435
7023,17385
7024,15778
7025,18696
7026,13551
7027,16651
7028,13271
7029,13380
7030,39678
7031,21199
7032,13814
7033,15289
7034,14031
7035,18221
7036,13794
7037,17050
7038,9967
7039,13041
7040,25143
7041,17137
7042,17148
7043,14865
7044,15442
7045,13857
7046,11431
7047,12450
7048,9860
7049,10836
7050,36208
7051,19606
7052,22978
7053,12090
7054,17454
7055,26024
7056,11442
7057,10744
7058,10916
7059,12593
7060,24295
7061,16197
7062,11130
7063,11450
7064,11082
7065,18303
7066,14539
7067,10451
7068,12864
7069,13360
7070,42260
7071,34226
7072,14196
7073,15097
7074,11698
7075,46580
7076,12981
7077,22943
7078,14298
7079,14180
7080,24621
7081,16120
7082,16130
7083,16128
7084,9797
7085,12328
7086,10046
7087,11438
7088,12261
7089,12674
7090,24396
7091,16660
7092,13004
7093,13117
7094,17517
7095,15174
7096,10607
7097,8979
7098,8258
7099,13780
7100,107321
7101,29366
7102,27106
7103,19354
7104,15558
7105,17777
7106,17966
7107,14597
7108,12876
7109,13586
7110,30438
7111,36095
7112,17130
7113,12565
7114,18021
7115,15108
7116,16665
7117,16919
7118,12225
7119,13014
7120,25393
7121,19091
7122,15643
7123,15654
7124,10929
7125,16150
7126,13673
7127,10267
7128,11431
7129,12800
7130,19679
7131,15954
7132,12820
7133,12536
7134,13441
7135,14796
7136,15547
7137,10616
7138,10238
7139,11759
7140,16698
7141,18950
7142,12205
7143,12179
7144,11494
7145,11910
7146,14350
7147,9619
7148,12350
7149,8979
7150,39601
7151,16015
7152,14832
7153,15049
7154,9873
7155,14363
7156,11782
7157,9443
7158,10475
7159,10353
7160,22815
7161,14799
7162,10315
7163,16338
7164,11065
7165,11927
7166,11023
7167,14618
7168,11071
7169,9528
7170,15316
7171,25345
7172,16926
7173,12427
7174,10434
7175,12156
7176,15758
7177,13483
7178,9911
7179,8674
7180,16333
7181,17706
7182,10938
7183,12726
7184,9653
7185,13642
7186,9668
7187,9358
7188,14104
7189,11443
7190,20604
7191,15394
7192,10948
7193,10451
7194,8787
7195,13837
7196,11743
7197,8822
7198,8829
7199,14591
7200,180816
7201,33175
7202,30224
7203,20990
7204,14277
7205,17456
7206,21123
7207,14898
7208,18674
7209,13091
7210,23587
7211,22820
7212,21666
7213,18285
7214,14943
7215,16350
7216,16010
7217,11838
7218,11030
7219,17180
7220,24510
7221,16415
7222,26303
7223,23284
7224,14835
7225,19480
7226,14563
7227,17586
7228,15235
7229,10697
7230,19719
7231,17242
7232,14003
7233,32369
7234,13448
7235,12990
7236,11117
7237,12134
7238,10413
7239,9848
7240,18173
7241,15304
7242,14439
7243,23893
7244,12512
7245,18506
7246,12195
7247,10571
7248,10890
7249,13475
7250,33904
7251,17917
7252,14669
7253,12932
7254,9574
7255,12605
7256,16695
7257,10211
7258,15212
7259,8699
7260,20115
7261,14325
7262,14214
7263,11434
7264,13174
7265,12752
7266,12016
7267,12096
7268,10023
7269,11290
7270,15742
7271,12388
7272,23607
7273,15220
7274,12314
7275,22178
7276,10439
7277,18491
7278,18446
7279,9458
7280,16207
7281,13689
7282,14039
7283,12991
7284,12592
7285,12336
7286,8921
7287,11857
7288,13154
7289,12501
7290,14796
7291,14488
7292,13252
7293,10602
7294,9054
7295,10602
7296,9648
7297,14617
7298,9310
7299,11384
7300,103449
7301,22450
7302,19233
7303,15511
7304,19731
7305,18032
7306,20019
7307,15556
7308,14232
7309,10577
7310,20418
7311,20561
7312,14162
7313,11083
7314,15688
7315,13844
7316,12576
7317,11983
7318,12259
7319,12841
7320,21550
7321,22396
7322,14873
7323,20129
7324,15141
7325,16778
7326,41727
7327,10227
7328,12986
7329,10162
7330,19390
7331,17778
7332,15895
7333,23651
7334,12695
7335,12629
7336,12540
7337,14977
7338,9866
7339,9362
7340,23559
7341,11910
7342,12433
7343,10807
7344,11904
7345,14576
7346,10496
7347,10467
7348,13921
7349,8842
7350,22293
7351,14720
7352,18209
7353,13358
7354,11657
7355,13549
7356,11807
7357,11131
7358,10531
7359,9411
7360,19490
7361,12641
7362,11373
7363,10667
7364,9492
7365,10541
7366,11452
7367,11090
7368,12442
7369,11939
7370,19207
7371,12966
7372,12343
7373,20917
7374,13515
7375,14319
7376,10456
7377,13981
7378,13523
7379,11360
7380,15467
7381,13934
7382,15484
7383,10657
7384,10603
7385,12428
7386,15167
7387,15572
7388,13190
7389,11933
7390,16682
7391,18024
7392,11844
7393,13543
7394,10769
7395,10668
7396,9483
7397,9504
7398,8625
7399,11909
7400,100454
7401,29347
7402,18738
7403,15629
7404,30673
7405,21346
7406,10824
7407,15725
7408,14003
7409,11557
7410,22450
7411,20146
7412,14987
7413,11799
7414,15948
7415,15699
7416,10372
7417,12722
7418,10773
7419,12108
7420,25832
7421,17063
7422,16953
7423,12758
7424,14883
7425,21275
7426,11619
7427,13138
7428,12210
7429,10860
7430,18979
7431,14674
7432,22753
7433,17560
7434,14771
7435,15066
7436,12293
7437,11246
7438,10899
7439,11699
7440,25313
7441,16248
7442,14440
7443,13927
7444,19422
7445,15270
7446,12614
7447,18256
7448,12421
7449,9479
7450,26507
7451,13730
7452,12525
7453,12179
7454,10387
7455,12319
7456,16941
7457,11255
7458,13021
7459,9332
7460,15699
7461,13453
7462,12317
7463,17100
7464,12560
7465,12265
7466,12224
7467,12671
7468,9683
7469,29601
7470,16261
7471,13853
7472,11693
7473,10138
7474,25041
7475,18275
7476,10511
7477,11672
7478,9764
7479,10192
7480,17008
7481,15087
7482,13484
7483,11639
7484,11029
7485,9726
7486,14532
7487,10469
7488,16820
7489,9502
7490,17439
7491,16689
7492,11561
7493,11109
7494,11229
7495,13731
7496,9385
7497,9177
7498,11746
7499,17763
7500,333456
7501,28194
7502,17718
7503,15987
7504,12178
7505,16593
7506,19975
7507,11896
7508,13844
7509,15567
7510,20285
7511,20426
7512,14679
7513,11763
7514,12613
7515,17860
7516,14172
7517,11418
7518,11350
7519,13001
7520,23470
7521,15637
7522,18211
7523,11185
7524,14685
7525,23656
7526,12278
7527,11740
7528,13519
7529,26963
7530,17014
7531,14008
7532,11351
7533,12866
7534,12128
7535,17129
7536,8887
7537,12332
7538,14091
7539,10365
7540,16635
7541,16566
7542,12015
7543,12850
7544,9869
7545,15481
7546,20406
7547,12216
7548,9527
7549,11577
7550,23686
7551,19346
7552,12413
7553,11566
7554,30355
7555,23361
7556,14629
7557,16976
7558,10750
7559,11660
7560,16476
7561,13462
7562,12225
7563,10607
7564,10013
7565,13605
7566,17854
7567,13873
7568,9214
7569,9440
7570,16127
7571,12082
7572,9802
7573,10656
7574,9182
7575,27562
7576,10707
7577,12877
7578,9489
7579,9326
7580,17766
7581,13608
7582,14696
7583,10865
7584,12282
7585,14606
7586,10700
7587,11286
7588,9315
7589,14917
7590,18858
7591,15927
7592,10706
7593,10066
7594,9675
7595,12250
7596,8198
7597,9019
7598,10237
7599,13440
7600,114694
7601,41453
7602,17038
7603,16520
7604,15055
7605,13140
7606,19663
7607,18879
7608,13402
7609,12451
7610,31615
7611,23147
7612,12883
7613,20247
7614,11868
7615,12121
7616,13029
7617,9698
7618,12384
7619,14342
7620,18400
7621,14810
7622,13096
7623,17872
7624,15102
7625,19978
7626,12985
7627,11632
7628,11671
7629,11409
7630,15845
7631,15940
7632,16784
7633,14134
7634,10736
7635,9547
7636,13825
7637,14761
7638,11450
7639,10257
7640,15831
7641,14560
7642,11281
7643,16483
7644,13324
7645,18528
7646,11858
7647,12476
7648,14690
7649,10070
7650,23124
7651,13097
7652,16195
7653,16492
7654,18369
7655,15194
7656,15210
7657,11537
7658,9291
7659,13931
7660,18412
7661,15790
7662,11988
7663,14907
7664,11090
7665,12530
7666,15751
7667,14136
7668,9564
7669,12342
7670,14221
7671,19689
7672,10580
7673,9644
7674,9759
7675,12998
7676,20870
7677,13580
7678,12800
7679,12713
7680,23161
7681,12743
7682,9545
7683,9247
7684,8252
7685,8759
7686,11079
7687,13195
7688,14358
7689,8859
7690,11537
7691,12141
7692,13352
7693,8042
7694,8974
7695,12363
7696,12130
7697,11168
7698,14222
7699,12062
7700,116344
7701,53736
7702,20093
7703,17481
7704,16984
7705,16311
7706,12269
7707,15108
7708,17059
7709,10076
7710,30116
7711,29767
7712,15485
7713,12972
7714,43470
7715,16651
7716,12691
7717,30658
7718,12078
7719,11604
7720,21249
7721,20297
7722,21974
7723,13411
7724,14201
7725,15194
7726,13764
7727,16041
7728,14121
7729,12533
7730,22056
7731,13819
7732,14114
7733,18157
7734,18680
7735,18308
7736,12222
7737,14719
7738,14000
7739,13431
7740,19279
7741,15261
7742,14453
7743,13996
7744,13953
7745,12807
7746,10710
7747,19193
7748,15903
7749,11604
7750,37429
7751,16097
7752,14008
7753,15563
7754,9984
7755,20855
7756,13772
7757,17115
7758,13323
7759,13821
7760,16625
7761,11687
7762,12517
7763,11159
7764,13752
7765,13507
7766,18835
7767,12935
7768,12605
7769,9253
7770,28007
7771,22225
7772,18285
7773,13742
7774,17230
7775,15978
7776,17842
7777,90493
7778,17881
7779,12580
7780,15351
7781,12256
7782,12736
7783,10657
7784,9033
7785,13661
7786,16673
7787,13445
7788,21307
7789,14038
7790,15771
7791,13328
7792,10536
7793,15866
7794,9100
7795,12835
7796,9728
7797,12216
7798,9809
7799,20429
7800,128704
7801,23057
7802,15366
7803,18198
7804,11374
7805,24117
7806,12264
7807,9366
7808,12533
7809,11919
7810,19389
7811,17377
7812,17970
7813,11665
7814,12028
7815,13028
7816,16063
7817,14463
7818,12083
7819,10789
7820,15814
7821,14640
7822,15072
7823,10498
7824,13314
7825,21026
7826,9847
7827,19027
7828,15742
7829,10157
7830,12074
7831,17908
7832,12453
7833,13761
7834,14354
7835,11015
7836,16278
7837,12758
7838,10139
7839,12361
7840,16109
7841,15407
7842,11510
7843,11535
7844,14479
7845,11850
7846,9058
7847,10736
7848,11885
7849,12712
7850,28413
7851,19906
7852,13688
7853,10364
7854,11547
7855,14627
7856,9494
7857,11440
7858,10976
7859,7527
7860,21557
7861,15672
7862,12218
7863,15772
7864,23183
7865,10341
7866,15003
7867,25218
7868,13257
7869,24123
7870,25922
7871,13217
7872,14449
7873,13044
7874,16243
7875,12851
7876,15928
7877,11484
7878,19794
7879,15059
7880,23610
7881,15682
7882,13365
7883,9361
7884,13899
7885,16369
7886,9881
7887,16511
7888,24389
7889,10319
7890,36739
7891,12926
7892,11569
7893,9486
7894,10677
7895,10472
7896,12238
7897,8292
7898,10895
7899,12141
7900,90613
7901,27002
7902,13673
7903,11895
7904,14817
7905,11932
7906,9907
7907,39638
7908,13532
7909,15278
7910,23454
7911,15331
7912,13177
7913,13077
7914,16588
7915,12704
7916,15880
7917,22080
7918,9965
7919,11435
7920,20870
7921,17894
7922,15078
7923,13805
7924,12015
7925,15169
7926,9965
7927,15339
7928,12298
7929,9465
7930,19432
7931,13548
7932,12258
7933,9720
7934,9293
7935,11039
7936,15338
7937,9709
7938,9155
7939,13690
7940,16976
7941,14927
7942,14305
7943,8209
7944,12419
7945,14320
7946,11924
7947,9473
7948,9158
7949,9978
7950,29251
7951,12283
7952,11381
7953,8084
7954,15399
7955,11354
7956,10949
7957,10772
7958,9563
7959,9014
7960,18913
7961,12964
7962,10475
7963,10063
7964,7380
7965,10109
7966,11770
7967,17527
7968,11531
7969,10485
7970,29041
7971,13941
7972,9216
7973,15630
7974,16143
7975,10302
7976,13816
7977,15622
7978,8843
7979,19059
7980,17596
7981,14871
7982,9535
7983,9306
7984,9356
7985,12635
7986,7592
7987,7340
7988,9440
7989,9866
7990,17515
7991,11176
7992,8824
7993,10963
7994,7827
7995,16891
7996,8251
7997,10016
7998,15265
7999,23539
8000,1252123
8001,95735
8002,44791
8003,28454
8004,23994
8005,28795
8006,24133
8007,19087
8008,40545
8009,28369
8010,41791
8011,31313
8012,21379
8013,15926
8014,22044
8015,16232
8016,15193
8017,13570
8018,28527
8019,11680
8020,49495
8021,24680
8022,18256
8023,13243
8024,13542
8025,17027
8026,11519
8027,14597
8028,24886
8029,11311
8030,22212
8031,17334
8032,23076
8033,15527
8034,15264
8035,14776
8036,15725
8037,12472
8038,15252
8039,12378
8040,25128
8041,16733
8042,17369
8043,12584
8044,12569
8045,12620
8046,12544
8047,22496
8048,16869
8049,14421
8050,41302
8051,43519
8052,15790
8053,21547
8054,15636
8055,16781
8056,11136
8057,17785
8058,14212
8059,12185
8060,23375
8061,19563
8062,20622
8063,12917
8064,11941
8065,16709
8066,12174
8067,9421
8068,12766
8069,14683
8070,20166
8071,17532
8072,12301
8073,10493
8074,9153
8075,18180
8076,10460
8077,13469
8078,16791
8079,10505
8080,763214
8081,96729
8082,34040
8083,24069
8084,17977
8085,31485
8086,66547
8087,20472
8088,49940
8089,17280
8090,40986
8091,22527
8092,17134
8093,14292
8094,10777
8095,11607
8096,13698
8097,8787
8098,10556
8099,13232
8100,108360
8101,31724
8102,16862
8103,19753
8104,12611
8105,13533
8106,12142
8107,11140
8108,22274
8109,15038
8110,30822
8111,31756
8112,15922
8113,14928
8114,12158
8115,13740
8116,10815
8117,13970
8118,19603
8119,10593
8120,19602
8121,16345
8122,19119
8123,18774
8124,13278
8125,27510
8126,12482
8127,9468
8128,11860
8129,12743
8130,20368
8131,21613
8132,14121
8133,16284
8134,9128
8135,16417
8136,10055
8137,18353
8138,14975
8139,12044
8140,19463
8141,15679
8142,11391
8143,11775
8144,12962
8145,11283
8146,12905
8147,13594
8148,9455
8149,8460
8150,26156
8151,14025
8152,13275
8153,13553
8154,8794
8155,12750
8156,11835
8157,10284
8158,10719
8159,9748
8160,21132
8161,15148
8162,10086
8163,10296
8164,8520
8165,14065
8166,20539
8167,11950
8168,13743
8169,8349
8170,10584
8171,14926
8172,12625
8173,14475
8174,9924
8175,9523
8176,13760
8177,11262
8178,8376
8179,10068
8180,19798
8181,36670
8182,14440
8183,9740
8184,9469
8185,9708
8186,9424
8187,7706
8188,13382
8189,10418
8190,13274
8191,29818
8192,132632
8193,14588
8194,10036
8195,11270
8196,10244
8197,8333
8198,8474
8199,10934
8200,117107
8201,27062
8202,15746
8203,52747
8204,16234
8205,21507
8206,11496
8207,10547
8208,13808
8209,11788
8210,25817
8211,80503
8212,49377
8213,19229
8214,10815
8215,13492
8216,37468
8217,217418
8218,15737
8219,8626
8220,99065
8221,117275
8222,27209
8223,21951
8224,13609
8225,15697
8226,27093
8227,11053
8228,18128
8229,11108
8230,39830
8231,14032
8232,17865
8233,14576
8234,13814
8235,11893
8236,10074
8237,10461
8238,10769
8239,10643
8240,17387
8241,11798
8242,12611
8243,14526
8244,11492
8245,11153
8246,9926
8247,13637
8248,14491
8249,11386
8250,29777
8251,14258
8252,16564
8253,16136
8254,11366
8255,86957
8256,11409
8257,8840
8258,15404
8259,10616
8260,21863
8261,13563
8262,12882
8263,13401
8264,14273
8265,12566
8266,12223
8267,10850
8268,8373
8269,8263
8270,14757
8271,12977
8272,11860
8273,10625
8274,13039
8275,12421
8276,11560
8277,13709
8278,10837
8279,11978
8280,16409
8281,13854
8282,24207
8283,25709
8284,11496
8285,8816
8286,15146
8287,10266
8288,17774
8289,11084
8290,17413
8291,12063
8292,10408
8293,10300
8294,9773
8295,10914
8296,9133
8297,10670
8298,8189
8299,10700
8300,95079
8301,46198
8302,15651
8303,15477
8304,11407
8305,13477
8306,12344
8307,9928
8308,12011
8309,11052
8310,19818
8311,16947
8312,13975
8313,13933
8314,10390
8315,12013
8316,11400
8317,10954
8318,9248
8319,8994
8320,18136
8321,13787
8322,13276
8323,11285
8324,11526
8325,14542
8326,11000
8327,9215
8328,9241
8329,11279
8330,22223
8331,15994
8332,19183
8333,30855
8334,11274
8335,11394
8336,10443
8337,10505
8338,11189
8339,30444
8340,14810
8341,13666
8342,10189
8343,10269
8344,13155
8345,11280
8346,9564
8347,8849
8348,10784
8349,9779
8350,26524
8351,12606
8352,10278
8353,14090
8354,9028
8355,10972
8356,11056
8357,7872
8358,8947
8359,8845
8360,13538
8361,11974
8362,10971
8363,8871
8364,16865
8365,10795
8366,9544
8367,11545
8368,8779
8369,9734
8370,12037
8371,17143
8372,10936
8373,10447
8374,8529
8375,12159
8376,11146
8377,14558
8378,9501
8379,11510
8380,13249
8381,12673
8382,11322
8383,17772
8384,9659
8385,9831
8386,9320
8387,12457
8388,12288
8389,11314
8390,11795
8391,11245
8392,11874
8393,8632
8394,8514
8395,8571
8396,8026
8397,7374
8398,9457
8399,9613
8400,95013
8401,26733
8402,13142
8403,10339
8404,11786
8405,10870
8406,10436
8407,8934
8408,9584
8409,8705
8410,14179
8411,19027
8412,11469
8413,11520
8414,12029
8415,11862
8416,8673
8417,9344
8418,10669
8419,9444
8420,13189
8421,13674
8422,13501
8423,9848
8424,20164
8425,16375
8426,8487
8427,9770
8428,8616
8429,7254
8430,13976
8431,12869
8432,12330
8433,12378
8434,8947
8435,9492
8436,9224
8437,8197
8438,8361
8439,10965
8440,15419
8441,12191
8442,12397
8443,58533
8444,21562
8445,12784
8446,13170
8447,9414
8448,13134
8449,8341
8450,17588
8451,13088
8452,12843
8453,12306
8454,10442
8455,12239
8456,12285
8457,15538
8458,9463
8459,8027
8460,12543
8461,11578
8462,10921
8463,11027
8464,8550
8465,9579
8466,10415
8467,8410
8468,7817
8469,9322
8470,13168
8471,13026
8472,17786
8473,9464
8474,9258
8475,8571
8476,10449
8477,83858
8478,9753
8479,9502
8480,13376
8481,10404
8482,13977
8483,10122
8484,20616
8485,12184
8486,10722
8487,9887
8488,10047
8489,8264
8490,10578
8491,11191
8492,7897
8493,14111
8494,7690
8495,8777
8496,8249
8497,10584
8498,9572
8499,15018
8500,185550
8501,37353
8502,17429
8503,13006
8504,10878
8505,16470
8506,10817
8507,11753
8508,10463
8509,8683
8510,21566
8511,16410
8512,14668
8513,8219
8514,10153
8515,12474
8516,10768
8517,9674
8518,10128
8519,9679
8520,27564
8521,12406
8522,12805
8523,10514
8524,9693
8525,16447
8526,9398
8527,11037
8528,15406
8529,13178
8530,18508
8531,13120
8532,10161
8533,10398
8534,10228
8535,12278
8536,11130
8537,9311
8538,8712
8539,9487
8540,23702
8541,12926
8542,18802
8543,12259
8544,17719
8545,15512
8546,8189
8547,10373
8548,7830
8549,7815
8550,24358
8551,15850
8552,10683
8553,9773
8554,9960
8555,27383
8556,9305
8557,7354
8558,12651
8559,8111
8560,15792
8561,11388
8562,11148
8563,9378
8564,8164
8565,10717
8566,9226
8567,9414
8568,8018
8569,7552
8570,16059
8571,13049
8572,11398
8573,10653
8574,7901
8575,11760
8576,8114
8577,16249
8578,8335
8579,8518
8580,13921
8581,10697
8582,11562
8583,12159
8584,8027
8585,22218
8586,11516
8587,12050
8588,12770
8589,6909
8590,9807
8591,9832
8592,14470
8593,8269
8594,12891
8595,11338
8596,7573
8597,6907
8598,7367
8599,15570
8600,93300
8601,94819
8602,11563
8603,11504
8604,9211
8605,10331
8606,14979
8607,8492
8608,10933
8609,9543
8610,21080
8611,16833
8612,10194
8613,8564
8614,8337
8615,10146
8616,10113
8617,9320
8618,26233
8619,9288
8620,18769
8621,15954
8622,11705
8623,10317
8624,14704
8625,15429
8626,8462
8627,8865
8628,12147
8629,8771
8630,16446
8631,10233
8632,9663
8633,11303
8634,8164
8635,8827
8636,9397
8637,8712
8638,9074
8639,9106
8640,16333
8641,10947
8642,10315
8643,8616
8644,11530
8645,8748
8646,8523
8647,7548
8648,11350
8649,10498
8650,14947
8651,9938
8652,9789
8653,8002
8654,8970
8655,13598
8656,11349
8657,8202
8658,9823
8659,10527
8660,15240
8661,11023
8662,11590
8663,9270
8664,9954
8665,10219
8666,14175
8667,11670
8668,10270
8669,11397
8670,12594
8671,10119
8672,9972
8673,7741
8674,28386
8675,10653
8676,9924
8677,10359
8678,8114
8679,7970
8680,13206
8681,11693
8682,10119
8683,15893
8684,7717
8685,9464
8686,18984
8687,16121
8688,14925
8689,7525
8690,11440
8691,11369
8692,8949
8693,9073
8694,6653
8695,9223
8696,10574
8697,8068
8698,7276
8699,8673
8700,85596
8701,26625
8702,12621
8703,13711
8704,11053
8705,12029
8706,9608
8707,9819
8708,13919
8709,9241
8710,14268
8711,23446
8712,11900
8713,8099
8714,7539
8715,9435
8716,10603
8717,9173
8718,7803
8719,9258
8720,13489
8721,17043
8722,13668
8723,10587
8724,9448
8725,11612
8726,8370
8727,9868
8728,8586
8729,7378
8730,14315
8731,12331
8732,11935
8733,13305
8734,9344
8735,9706
8736,10009
8737,8902
8738,8173
8739,10329
8740,13017
8741,14174
8742,12495
8743,7725
8744,10793
8745,8249
8746,19938
8747,18520
8748,8256
8749,13440
8750,26103
8751,13361
8752,10981
8753,11603
8754,8501
8755,12473
8756,9692
8757,9191
8758,7882
8759,15549
8760,18685
8761,13719
8762,10711
8763,7835
8764,8590
8765,15666
8766,8371
8767,9617
8768,7671
8769,7650
8770,14325
8771,12337
8772,10716
8773,9800
8774,11512
8775,9869
8776,9948
8777,19781
8778,11113
8779,7756
8780,11456
8781,9540
8782,12066
8783,8644
8784,7947
8785,8443
8786,8006
8787,22423
8788,13398
8789,7615
8790,10092
8791,10065
8792,8394
8793,6835
8794,8053
8795,8147
8796,6677
8797,8135
8798,7219
8799,20953
8800,130260
8801,24809
8802,21847
8803,12106
8804,13399
8805,12698
8806,11206
8807,12553
8808,13094
8809,12908
8810,16626
8811,19742
8812,17137
8813,9596
8814,8857
8815,10953
8816,13148
8817,12101
8818,11734
8819,8324
8820,19584
8821,14478
8822,19659
8823,12211
8824,11760
8825,13677
8826,11309
8827,9656
8828,9995
8829,10922
8830,16979
8831,12950
8832,15025
8833,17816
8834,9204
8835,9971
8836,9469
8837,10183
8838,11486
8839,8792
8840,16166
8841,11014
8842,9790
8843,11106
8844,17309
8845,9293
8846,10380
8847,7883
8848,16953
8849,11789
8850,24850
8851,12585
8852,13670
8853,10515
8854,16081
8855,15800
8856,9848
8857,11259
8858,12277
8859,223314
8860,16312
8861,12939
8862,10624
8863,11114
8864,7860
8865,13080
8866,15302
8867,8962
8868,11601
8869,12893
8870,12986
8871,14603
8872,12946
8873,12100
8874,9261
8875,12970
8876,12101
8877,15046
8878,11435
8879,14728
8880,25843
8881,17783
8882,12844
8883,15662
8884,21668
8885,12303
8886,13284
8887,12555
8888,163676
8889,21832
8890,20893
8891,14774
8892,10221
8893,8303
8894,7206
8895,15292
8896,8703
8897,7784
8898,9758
8899,16640
8900,74826
8901,28214
8902,12529
8903,12480
8904,11643
8905,10537
8906,8283
8907,9725
8908,16165
8909,9633
8910,19574
8911,15123
8912,10894
8913,8035
8914,9317
8915,8887
8916,8831
8917,10864
8918,8540
8919,8960
8920,14120
8921,11145
8922,10704
8923,9292
8924,12147
8925,9914
8926,7525
8927,7193
8928,8411
8929,8355
8930,12822
8931,10722
8932,8744
8933,10676
8934,7484
8935,8654
8936,8294
8937,9832
8938,21551
8939,9216
8940,11798
8941,10508
8942,9820
8943,7772
8944,9563
8945,8250
8946,7971
8947,8967
8948,7165
8949,15679
8950,17153
8951,10288
8952,9844
8953,7915
8954,7078
8955,10307
8956,9729
8957,7056
8958,7557
8959,8249
8960,13502
8961,9599
8962,11861
8963,8970
8964,8806
8965,9617
8966,10679
8967,5807
8968,8883
8969,10077
8970,9096
8971,11373
8972,10103
8973,7924
8974,8307
8975,9775
8976,7995
8977,9662
8978,7828
8979,9894
8980,11088
8981,11977
8982,8623
8983,18724
8984,16093
8985,8773
8986,10658
8987,8671
8988,11386
8989,19072
8990,20576
8991,10186
8992,10367
8993,19711
8994,9548
8995,12070
8996,9772
8997,7419
8998,12756
8999,23586
9000,789269
9001,593940
9002,47810
9003,30450
9004,24727
9005,23299
9006,22689
9007,24824
9008,16826
9009,24519
9010,38896
9011,20150
9012,18908
9013,12694
9014,12416
9015,15298
9016,15007
9017,11019
9018,12475
9019,11848
9020,21959
9021,15211
9022,13158
9023,11335
9024,13653
9025,12896
9026,11296
9027,11365
9028,8840
9029,9039
9030,18073
9031,13925
9032,12812
9033,11445
9034,9910
9035,10638
9036,10711
9037,12093
9038,10924
9039,9718
9040,17683
9041,12242
9042,17791
9043,9174
9044,8906
9045,11027
9046,8739
9047,8727
9048,9270
9049,8698
9050,28806
9051,12611
9052,12935
9053,10122
9054,10926
9055,11461
9056,9296
9057,8102
9058,8489
9059,7470
9060,22369
9061,10085
9062,9451
9063,9401
9064,8635
9065,9031
9066,37875
9067,8214
9068,10627
9069,8959
9070,14745
9071,11215
9072,9581
9073,8526
9074,7429
9075,12372
9076,9665
9077,9747
9078,8557
9079,7927
9080,25425
9081,12805
9082,9936
9083,9668
9084,9141
9085,10914
9086,6855
9087,9052
9088,10568
9089,10428
9090,62673
9091,20268
9092,45211
9093,14825
9094,10854
9095,10878
9096,8697
9097,10809
9098,9991
9099,15665
9100,101074
9101,27599
9102,15125
9103,10766
9104,11817
9105,11496
9106,9448
9107,9736
9108,8332
9109,9006
9110,22692
9111,27403
9112,11270
9113,10062
9114,9961
9115,11581
9116,9231
9117,8981
9118,8787
9119,11964
9120,16197
9121,12664
9122,12866
9123,13552
9124,8788
9125,13857
9126,10862
9127,11192
9128,8862
9129,7285
9130,14716
9131,13530
9132,10599
9133,10655
9134,9952
9135,10169
9136,10078
9137,8748
9138,7393
9139,9161
9140,15842
9141,13599
9142,10063
9143,8284
9144,13729
9145,9744
9146,9301
9147,9340
9148,8687
9149,15785
9150,23941
9151,12166
9152,9099
9153,16366
9154,7440
9155,17313
9156,7389
9157,7344
9158,7682
9159,7811
9160,17722
9161,10065
9162,8791
9163,7972
9164,8412
9165,16191
9166,12903
9167,13364
9168,9014
9169,8349
9170,12697
9171,21337
9172,9145
9173,9766
9174,7619
9175,9309
9176,8116
9177,8478
9178,7476
9179,6922
9180,11046
9181,10785
9182,10382
9183,7665
9184,11739
9185,8624
9186,7962
9187,8429
9188,9375
9189,8346
9190,11651
9191,19809
9192,11139
9193,9607
9194,8163
9195,8192
9196,8963
9197,7810
9198,8939
9199,12055
9200,138453
9201,23035
9202,15294
9203,16325
9204,13478
9205,13426
9206,10412
9207,9447
9208,11118
9209,9691
9210,14812
9211,18325
9212,15880
9213,9771
9214,9803
9215,11013
9216,15077
9217,9396
9218,8237
9219,10055
9220,19118
9221,14206
9222,23628
9223,11136
9224,12438
9225,14944
9226,9840
9227,11180
9228,9557
9229,13259
9230,15145
9231,11572
9232,10081
9233,13621
9234,9742
9235,10564
9236,9460
9237,9002
9238,7743
9239,9741
9240,12944
9241,15135
9242,11109
9243,10904
9244,11885
9245,10507
9246,8262
9247,9026
9248,10124
9249,9102
9250,33886
9251,13904
9252,12126
9253,10026
9254,7867
9255,12973
9256,8940
9257,7757
9258,12746
9259,7081
9260,15043
9261,13724
9262,14045
9263,7455
9264,9751
9265,9657
9266,10668
9267,8597
9268,13055
9269,7163
9270,12357
9271,10491
9272,12414
9273,8738
9274,9178
9275,11140
9276,10523
9277,10103
9278,7779
9279,8671
9280,21406
9281,9809
9282,11314
9283,11658
9284,8164
9285,9441
9286,8642
9287,7940
9288,9779
9289,7337
9290,17174
9291,13192
9292,24769
9293,9256
9294,9118
9295,10423
9296,8683
9297,10288
9298,8208
9299,11831
9300,99832
9301,20143
9302,11504
9303,12446
9304,9833
9305,11332
9306,9618
9307,9393
9308,9347
9309,9835
9310,19376
9311,14218
9312,10839
9313,9833
9314,10710
9315,10891
9316,8988
9317,8442
9318,8473
9319,9685
9320,17200
9321,13015
9322,10962
9323,8811
9324,8803
9325,16882
9326,30085
9327,9215
9328,9816
9329,8436
9330,16085
9331,14186
9332,11220
9333,23896
9334,8030
9335,10637
9336,10650
9337,9426
9338,9278
9339,10956
9340,11362
9341,10243
9342,8827
9343,15453
9344,10007
9345,9506
9346,8847
9347,10500
9348,7637
9349,8951
9350,20019
9351,13405
9352,9660
9353,9980
9354,7933
9355,15096
9356,8737
9357,7780
9358,8119
9359,8025
9360,18844
9361,11289
9362,11593
9363,8436
9364,9107
9365,8994
9366,7970
9367,8310
9368,7437
9369,10086
9370,16578
9371,11446
9372,10299
9373,8730
9374,8129
9375,26373
9376,9013
9377,9655
9378,14577
9379,7337
9380,13659
9381,15241
9382,10522
9383,11682
9384,11727
9385,11995
9386,8377
9387,8969
9388,11069
9389,7821
9390,10530
9391,10983
9392,9527
9393,16063
9394,11279
9395,8225
9396,10682
9397,9262
9398,8331
9399,11986
9400,72847
9401,18888
9402,11114
9403,12133
9404,15039
9405,10897
9406,9479
9407,8190
9408,9173
9409,8697
9410,19074
9411,15983
9412,10462
9413,9084
9414,10264
9415,10738
9416,8847
9417,9580
9418,8407
9419,10073
9420,12821
9421,10792
9422,12902
9423,7379
9424,8896
9425,10257
9426,7338
9427,7779
9428,8852
9429,8547
9430,11442
9431,9915
9432,9856
9433,8932
9434,8195
9435,8130
9436,7796
9437,7943
9438,8284
9439,7248
9440,15993
9441,10434
9442,10519
9443,18275
9444,14695
9445,11381
9446,7921
9447,8225
9448,8965
9449,9332
9450,17039
9451,10846
9452,11559
9453,9924
9454,9842
9455,10299
9456,8289
9457,8154
9458,7237
9459,7127
9460,11235
9461,9221
9462,10239
9463,16658
9464,10390
9465,10134
9466,8958
9467,9630
9468,7207
9469,7949
9470,10693
9471,7861
9472,9602
9473,10091
9474,13587
9475,8433
9476,7627
9477,10253
9478,6979
9479,7108
9480,10365
9481,9720
9482,7859
9483,6805
9484,8298
9485,8560
9486,7424
9487,7467
9488,9738
9489,7813
9490,11438
9491,9065
9492,9540
9493,7461
9494,13815
9495,9091
9496,8247
9497,7150
9498,6841
9499,10550
9500,144386
9501,20421
9502,14078
9503,13413
9504,10644
9505,17846
9506,8925
9507,9598
9508,10059
9509,8580
9510,15389
9511,12637
9512,9911
9513,10733
9514,9081
9515,11775
9516,9444
9517,8742
9518,8822
9519,7396
9520,14829
9521,10698
9522,10465
9523,9462
9524,10419
9525,23167
9526,8658
9527,11843
9528,8453
9529,12568
9530,15368
9531,13489
9532,9140
9533,10078
9534,8599
9535,8932
9536,18362
9537,7950
9538,6952
9539,9271
9540,11817
9541,10960
9542,9071
9543,9285
9544,9825
9545,11581
9546,7572
9547,7403
9548,6966
9549,8275
9550,24520
9551,10004
9552,10893
9553,8800
9554,7549
9555,23322
9556,8436
9557,8763
9558,8145
9559,9111
9560,15904
9561,10157
9562,8623
9563,8269
9564,8106
9565,10835
9566,11700
9567,9096
9568,13727
9569,7863
9570,12625
9571,8748
9572,9657
9573,7696
9574,6717
9575,12625
9576,7389
9577,8515
9578,6280
9579,6586
9580,12267
9581,8332
9582,8224
9583,8302
9584,8523
9585,9952
9586,6341
9587,7316
9588,8155
9589,6312
9590,13004
9591,8311
9592,10946
9593,8437
9594,8274
9595,19705
9596,9486
9597,6852
9598,8202
9599,11428
9600,159388
9601,23409
9602,12118
9603,11034
9604,11793
9605,10647
9606,18173
9607,12340
9608,11002
9609,10153
9610,15753
9611,15326
9612,11311
9613,10404
9614,10161
9615,9422
9616,8894
9617,8315
9618,7930
9619,7891
9620,12773
9621,9767
9622,18206
9623,8264
9624,8246
9625,10984
9626,8296
9627,7033
9628,6868
9629,9289
9630,14400
9631,9444
9632,9400
9633,9919
9634,7417
9635,8551
9636,8006
9637,10076
9638,6985
9639,7817
9640,10014
9641,11597
9642,10782
9643,8433
9644,8449
9645,11424
9646,8550
9647,9519
9648,8028
9649,8162
9650,22018
9651,9162
9652,9708
9653,8921
9654,9981
9655,10154
9656,8519
9657,9063
9658,13083
9659,8086
9660,26906
9661,9955
9662,17473
9663,12521
9664,8453
9665,8793
9666,11663
9667,9929
9668,8058
9669,10367
9670,28919
9671,8585
9672,8918
9673,12526
9674,7427
9675,11620
9676,7476
9677,7763
9678,7348
9679,11079
9680,9770
9681,9026
9682,8560
9683,7235
9684,7255
9685,9611
9686,9688
9687,7219
9688,14690
9689,7954
9690,11050
9691,8568
9692,7551
9693,7877
9694,7253
9695,7730
9696,15860
9697,12093
9698,7968
9699,10117
9700,86560
9701,19253
9702,11718
9703,9234
9704,9878
9705,11223
9706,8867
9707,10768
9708,8067
9709,8464
9710,13672
9711,13968
9712,13796
9713,8950
9714,10117
9715,8809
9716,10114
9717,7731
9718,6595
9719,6591
9720,13780
9721,10754
9722,10111
9723,7734
9724,9140
9725,11130
9726,8797
9727,9601
9728,8719
9729,8345
9730,10374
9731,8255
9732,8588
9733,16312
9734,11077
9735,8153
9736,7572
9737,7914
9738,7683
9739,6831
9740,9684
9741,10014
9742,9050
9743,9044
9744,9750
9745,11378
9746,7177
9747,9976
9748,6490
9749,6721
9750,18875
9751,9682
9752,8601
9753,7867
9754,7212
9755,10516
9756,8538
9757,7876
9758,7157
9759,6726
9760,10205
9761,8434
9762,7820
9763,9009
9764,7122
9765,8067
9766,8123
9767,11402
9768,6711
9769,7386
9770,11844
9771,10589
9772,8769
9773,7494
9774,8080
9775,10228
9776,12081
9777,16985
9778,9614
9779,9622
9780,15808
9781,10976
9782,7362
9783,8264
9784,6934
9785,9393
9786,8090
9787,9048
9788,9329
9789,9663
9790,15506
9791,9242
9792,11130
9793,7669
9794,6739
9795,10793
9796,10499
9797,15487
9798,9279
9799,10614
9800,90353
9801,23875
9802,13055
9803,9428
9804,9402
9805,9392
9806,9410
9807,8473
9808,9729
9809,9417
9810,24826
9811,11007
9812,9492
9813,8906
9814,7962
9815,10146
9816,9810
9817,8665
9818,9096
9819,8065
9820,19871
9821,12898
9822,16288
9823,8380
9824,8467
9825,12631
9826,10234
9827,9165
9828,8639
9829,8417
9830,11662
9831,10329
9832,10043
9833,18168
9834,8241
9835,9103
9836,8594
9837,6976
9838,8615
9839,7392
9840,12849
9841,10581
9842,9529
9843,8754
9844,10470
9845,10236
9846,7155
9847,7144
9848,9207
9849,8216
9850,17612
9851,9565
9852,8992
9853,7508
9854,7966
9855,9485
9856,7761
9857,8079
9858,9092
9859,8625
9860,16023
9861,13515
9862,8340
9863,6693
9864,7403
9865,7237
9866,8258
9867,7847
9868,9725
9869,7105
9870,10914
9871,10867
9872,8591
9873,7164
9874,6999
9875,10471
9876,33396
9877,12968
9878,8665
9879,7963
9880,14225
9881,9033
9882,9192
9883,8139
9884,7190
9885,8183
9886,7757
9887,9195
9888,18325
9889,11390
9890,12802
9891,8804
9892,8078
9893,6997
9894,7277
9895,8586
9896,7991
9897,7692
9898,16363
9899,16748
9900,96492
9901,21248
9902,16807
9903,14673
9904,15580
9905,11245
9906,10102
9907,9912
9908,9445
9909,10715
9910,15657
9911,15690
9912,11472
9913,10099
9914,7924
9915,9493
9916,7895
9917,9093
9918,8508
9919,10863
9920,12776
9921,11388
9922,15138
9923,8666
9924,7956
9925,10452
9926,11353
9927,7257
9928,7279
9929,8618
9930,15342
9931,9446
9932,9258
9933,14762
9934,8260
9935,9152
9936,8296
9937,7265
9938,9961
9939,16251
9940,11496
9941,9511
9942,8697
9943,7448
9944,11198
9945,10811
9946,7982
9947,16078
9948,8199
9949,9342
9950,17590
9951,9941
9952,8748
9953,7897
9954,8671
9955,13173
9956,8118
9957,7948
9958,8639
9959,9697
9960,16104
9961,10375
9962,8166
9963,8406
9964,9543
9965,20582
9966,15070
9967,8492
9968,7697
9969,10211
9970,11232
9971,12731
9972,11949
9973,9445
9974,8561
9975,12987
9976,8316
9977,12281
9978,8984
9979,10055
9980,15166
9981,16210
9982,10885
9983,10890
9984,14000
9985,12155
9986,10026
9987,11925
9988,19350
9989,11721
9990,37354
9991,17549
9992,17942
9993,18048
9994,16944
9995,29758
9996,17927
9997,21887
9998,34529
9999,390601
10000,1324010
