number,count
0,98253719
1,149023725
2,121568305
3,81708435
4,62345556
5,68182041
6,43077747
7,36289517
8,35074238
9,27527458
10,48780809
11,20621157
12,25905082
13,14617489
14,14942845
15,21962678
16,14536710
17,12055789
18,14295664
19,15300687
20,25661731
21,10637799
22,9987050
23,8769969
24,13112102
25,15373066
26,7603620
27,7434681
28,7756246
29,6667227
30,23587030
31,6455744
32,5185514
33,4191085
34,3904923
35,6075264
36,4088104
37,3664819
38,3465946
39,3930597
40,10908026
41,2936467
42,3355350
43,2862108
44,3109222
45,5808744
46,2659026
47,2641854
48,3654891
49,2790140
50,16080798
51,2477812
52,2780320
53,2275568
54,2378726
55,3341281
56,2319423
57,2095082
58,2107705
59,2152264
60,7876159
61,1677315
62,1779263
63,1691730
64,2535385
65,2992319
66,1774245
67,1678694
68,1628155
69,1549481
70,5198395
71,1454214
72,2067920
73,1458333
74,1451574
75,4175175
76,1438400
77,1413614
78,1425574
79,1331209
80,5759192
81,1328565
82,1366403
83,1329935
84,1368821
85,2164978
86,1317012
87,1254830
88,1412104
89,1272814
90,5759351
91,1275297
92,1335391
93,1505240
94,1276434
95,3804170
96,1522795
97,1345951
98,1547716
99,4003350
100,16869055
101,1196735
102,693130
103,613438
104,656772
105,796205
106,634223
107,543927
108,584508
109,517090
110,1197894
111,635835
112,562003
113,458630
114,468906
115,629444
116,447540
117,430449
118,439389
119,432227
120,1984688
121,439508
122,429664
123,496502
124,407028
125,1042251
126,399524
127,402367
128,631199
129,384554
130,1021727
131,359908
132,385055
133,353472
134,330604
135,550369
136,328898
137,333374
138,333436
139,325787
140,984442
141,316920
142,308084
143,305890
144,389968
145,439759
146,291138
147,304589
148,289617
149,334627
150,3001221
151,302200
152,306722
153,275104
154,275933
155,388336
156,280901
157,270444
158,262321
159,263105
160,1012074
161,274385
162,275686
163,256997
164,251144
165,399755
166,243047
167,252809
168,306144
169,263438
170,624985
171,243203
172,250890
173,232946
174,244070
175,516151
176,245256
177,240323
178,232471
179,244468
180,1240163
181,224520
182,260680
183,308228
184,227666
185,333201
186,216950
187,225712
188,221793
189,230835
190,461047
191,222432
192,301010
193,211216
194,196414
195,303460
196,210750
197,210199
198,206746
199,314411
200,6173796
201,353896
202,347667
203,277425
204,259922
205,328370
206,268422
207,249943
208,274723
209,222265
210,477496
211,244688
212,319681
213,214433
214,231911
215,318989
216,229513
217,208347
218,206314
219,197723
220,606633
221,215015
222,254131
223,233212
224,241944
225,441526
226,196121
227,198036
228,220644
229,197412
230,460289
231,232945
232,224330
233,241372
234,191703
235,262085
236,174383
237,179255
238,184502
239,187432
240,609103
241,178407
242,178609
243,197819
244,166678
245,233352
246,182671
247,184983
248,178331
249,202044
250,2417045
251,176095
252,221221
253,169649
254,183300
255,338973
256,424880
257,160065
258,154149
259,153540
260,385749
261,154459
262,165418
263,157430
264,218558
265,220631
266,150750
267,155666
268,148125
269,159203
270,402036
271,150399
272,161304
273,171336
274,144174
275,298917
276,148359
277,151628
278,144860
279,153633
280,395872
281,156016
282,141523
283,141601
284,137543
285,203682
286,141239
287,150383
288,167389
289,145022
290,245046
291,129724
292,134535
293,153612
294,129192
295,193409
296,133234
297,136226
298,140558
299,218894
300,4183731
301,268687
302,212912
303,222065
304,216197
305,217012
306,162007
307,154287
308,202940
309,148486
310,308068
311,176988
312,195493
313,151499
314,151662
315,210459
316,157689
317,144064
318,142512
319,145582
320,417496
321,160796
322,142112
323,158055
324,138483
325,287423
326,129849
327,132595
328,135590
329,130519
330,331637
331,130394
332,128145
333,209957
334,124964
335,168507
336,145905
337,126556
338,130217
339,118999
340,259756
341,125138
342,123001
343,144809
344,121401
345,169105
346,114129
347,122992
348,116216
349,137896
350,1199513
351,132803
352,132712
353,128029
354,113632
355,150857
356,123138
357,142651
358,119172
359,114821
360,1220429
361,117585
362,110621
363,115216
364,119424
365,674493
366,120287
367,108226
368,111933
369,109663
370,225636
371,110330
372,107026
373,111770
374,98943
375,320749
376,104614
377,112295
378,101973
379,103191
380,248635
381,103788
382,101037
383,107872
384,134174
385,139638
386,108002
387,103618
388,99136
389,100900
390,181617
391,99067
392,101207
393,95463
394,89862
395,140699
396,94503
397,93536
398,91424
399,161667
400,3234292
401,336115
402,139860
403,168987
404,236412
405,180420
406,127452
407,128940
408,131504
409,110710
410,229077
411,135423
412,133751
413,108919
414,116360
415,161454
416,137246
417,111526
418,98541
419,111716
420,272466
421,109738
422,112514
423,106745
424,106832
425,217258
426,97456
427,105598
428,95690
429,110389
430,196895
431,98429
432,115394
433,104058
434,95487
435,135822
436,90376
437,89828
438,91720
439,86931
440,222052
441,99490
442,95727
443,116490
444,117825
445,110024
446,83519
447,89163
448,94846
449,99591
450,719871
451,115688
452,87539
453,87035
454,104394
455,118690
456,100756
457,102021
458,99418
459,82825
460,187972
461,88339
462,87995
463,84940
464,88781
465,108726
466,82789
467,84315
468,87988
469,85152
470,161152
471,87118
472,83891
473,86686
474,78558
475,143509
476,85910
477,84537
478,80288
479,84918
480,275689
481,78514
482,80462
483,85465
484,80831
485,121272
486,94139
487,79011
488,122465
489,77924
490,139552
491,76150
492,75649
493,74611
494,74577
495,132304
496,77330
497,78119
498,75076
499,165142
500,6860653
501,301740
502,121337
503,126227
504,142204
505,136800
506,100344
507,92945
508,124118
509,104143
510,197470
511,97964
512,260121
513,88896
514,93426
515,112670
516,88722
517,84199
518,90409
519,84749
520,195899
521,89879
522,85587
523,81779
524,79907
525,141528
526,79584
527,81465
528,82478
529,118988
530,167466
531,79699
532,92804
533,81143
534,73464
535,99847
536,77604
537,76483
538,77949
539,72916
540,181203
541,90249
542,73761
543,75047
544,75118
545,91690
546,73394
547,70258
548,68683
549,80233
550,409072
551,74488
552,77676
553,71368
554,67708
555,139340
556,75673
557,67104
558,65051
559,70884
560,180132
561,83249
562,77424
563,70327
564,67669
565,84167
566,62946
567,71286
568,68745
569,64458
570,145429
571,75493
572,63570
573,73359
574,69048
575,115496
576,75512
577,70360
578,60264
579,64599
580,160230
581,69962
582,62079
583,65484
584,61041
585,88376
586,70062
587,68585
588,64909
589,63062
590,110709
591,60600
592,61045
593,61166
594,65790
595,88950
596,58893
597,60763
598,60266
599,105615
600,2206770
601,105326
602,94995
603,91284
604,95942
605,91863
606,83876
607,72839
608,82676
609,82374
610,146551
611,71790
612,88426
613,88136
614,74145
615,98046
616,85664
617,97767
618,79091
619,75856
620,153615
621,71697
622,71144
623,67343
624,70950
625,163693
626,77200
627,62878
628,63401
629,62432
630,156850
631,72415
632,72332
633,72661
634,59881
635,79887
636,71940
637,59078
638,60550
639,63975
640,190882
641,65382
642,79482
643,62250
644,64148
645,81533
646,71157
647,70740
648,61926
649,72703
650,438175
651,74943
652,62089
653,57518
654,57071
655,71664
656,64417
657,58023
658,54907
659,57914
660,147387
661,65359
662,68292
663,58950
664,59394
665,69501
666,104388
667,77602
668,60661
669,56807
670,110140
671,56619
672,58931
673,57823
674,54996
675,98569
676,56121
677,60827
678,64739
679,67477
680,135104
681,54172
682,57860
683,55459
684,55787
685,66419
686,58768
687,58608
688,58104
689,53998
690,94505
691,54310
692,55075
693,54062
694,51097
695,75214
696,54496
697,51434
698,51096
699,85953
700,1479153
701,93152
702,96506
703,85920
704,79412
705,80043
706,72998
707,90396
708,65764
709,62975
710,113955
711,73013
712,66569
713,73878
714,74869
715,78860
716,66120
717,70585
718,85427
719,60424
720,206223
721,63248
722,66124
723,56924
724,62768
725,93356
726,55284
727,78690
728,63803
729,57237
730,112803
731,59881
732,72574
733,59952
734,61354
735,67911
736,53493
737,145901
738,50848
739,50871
740,113200
741,56471
742,54896
743,52918
744,58905
745,72193
746,49576
747,112596
748,54541
749,60684
750,666046
751,58153
752,56889
753,56422
754,55738
755,71557
756,52930
757,76113
758,48978
759,47685
760,124281
761,53723
762,54448
763,54392
764,50902
765,75150
766,52121
767,71797
768,93296
769,50066
770,116922
771,53367
772,56460
773,63015
774,52830
775,89676
776,55379
777,157623
778,54164
779,48930
780,121341
781,59216
782,52140
783,50448
784,52273
785,67154
786,58100
787,103431
788,51214
789,55609
790,80526
791,48328
792,52158
793,47027
794,47058
795,66657
796,46016
797,49723
798,48182
799,83382
800,2351843
801,99649
802,247959
803,66469
804,66293
805,80340
806,58483
807,54993
808,107740
809,51564
810,106294
811,62447
812,68043
813,62690
814,59323
815,76275
816,60981
817,59449
818,62714
819,50237
820,110943
821,57160
822,55157
823,52459
824,52868
825,84001
826,53031
827,49914
828,63734
829,51331
830,99760
831,55882
832,59357
833,65973
834,46167
835,64847
836,48175
837,48542
838,47513
839,45768
840,107119
841,51862
842,50822
843,63529
844,80731
845,98333
846,49454
847,63102
848,51861
849,50167
850,314003
851,48519
852,56794
853,48927
854,49385
855,107079
856,55314
857,49296
858,56975
859,51133
860,103163
861,48125
862,46634
863,51718
864,58712
865,68041
866,135462
867,48659
868,48435
869,44679
870,99906
871,52555
872,47518
873,45716
874,44756
875,102041
876,47631
877,135315
878,44225
879,43741
880,105201
881,45184
882,46584
883,49346
884,43733
885,57984
886,49676
887,44961
888,259556
889,47930
890,73806
891,45438
892,44794
893,46101
894,41786
895,60712
896,47654
897,42166
898,44635
899,66881
900,1010062
901,80339
902,62605
903,54844
904,60830
905,72373
906,52652
907,58831
908,56927
909,62869
910,85187
911,469242
912,61638
913,51797
914,60174
915,62857
916,64729
917,60560
918,59636
919,67586
920,123829
921,49098
922,54148
923,45458
924,55483
925,93305
926,45643
927,44340
928,57990
929,50125
930,88577
931,49275
932,44778
933,47437
934,43268
935,55940
936,46864
937,51944
938,42698
939,46924
940,82739
941,54904
942,43627
943,42446
944,52350
945,56624
946,43320
947,41363
948,40867
949,57546
950,207143
951,52457
952,49794
953,42580
954,55540
955,51617
956,44396
957,41249
958,38098
959,42814
960,119325
961,42384
962,45850
963,46107
964,43830
965,53125
966,44277
967,42168
968,44957
969,43696
970,101727
971,49702
972,59296
973,58675
974,43532
975,67735
976,44134
977,43683
978,209843
979,42569
980,107159
981,42607
982,40698
983,40195
984,42487
985,53818
986,41843
987,46605
988,48235
989,48173
990,137907
991,47272
992,46740
993,46482
994,43741
995,105015
996,56298
997,59683
998,57727
999,338679
1000,2174630
1001,97590
1002,89894
1003,29334
1004,25442
1005,27310
1006,28062
1007,110772
1008,23142
1009,19853
1010,61276
1011,34278
1012,29339
1013,22745
1014,23500
1015,29313
1016,231469
1017,30643
1018,21570
1019,18561
1020,48250
1021,37937
1022,18993
1023,29331
1024,129347
1025,23468
1026,16850
1027,16327
1028,15280
1029,29716
1030,38703
1031,39141
1032,15675
1033,21099
1034,15079
1035,19918
1036,13734
1037,21004
1038,79568
1039,17875
1040,59198
1041,16996
1042,17728
1043,15176
1044,16423
1045,20145
1046,20931
1047,14068
1048,14289
1049,16545
1050,69010
1051,17370
1052,14494
1053,18131
1054,17919
1055,21017
1056,21675
1057,14587
1058,13593
1059,12953
1060,43447
1061,15104
1062,13760
1063,19396
1064,20782
1065,18938
1066,35662
1067,15772
1068,16247
1069,13423
1070,46644
1071,15868
1072,14524
1073,29964
1074,19673
1075,17615
1076,12486
1077,15390
1078,14399
1079,13682
1080,172873
1081,14709
1082,12603
1083,15109
1084,14150
1085,15052
1086,25411
1087,13719
1088,27463
1089,18846
1090,23850
1091,13237
1092,12806
1093,54569
1094,14213
1095,26841
1096,15290
1097,38939
1098,24646
1099,78003
1100,196992
1101,43212
1102,20352
1103,24708
1104,18952
1105,20875
1106,15705
1107,18142
1108,17410
1109,31767
1110,28904
1111,105127
1112,19520
1113,16696
1114,15077
1115,22492
1116,15140
1117,16142
1118,15548
1119,14232
1120,30712
1121,16924
1122,19298
1123,15084
1124,14322
1125,22396
1126,26403
1127,14705
1128,28045
1129,13339
1130,29360
1131,14161
1132,13911
1133,14197
1134,12972
1135,16018
1136,27516
1137,15065
1138,13784
1139,13201
1140,21513
1141,12775
1142,13682
1143,12790
1144,13248
1145,22004
1146,16095
1147,12711
1148,12124
1149,12742
1150,43674
1151,15590
1152,19152
1153,12776
1154,12321
1155,25816
1156,12795
1157,12255
1158,15961
1159,16646
1160,19192
1161,17625
1162,12350
1163,12475
1164,11879
1165,13086
1166,11323
1167,15431
1168,10070
1169,11779
1170,21108
1171,12040
1172,14567
1173,13128
1174,10572
1175,20289
1176,14546
1177,34824
1178,9902
1179,12832
1180,20376
1181,11849
1182,14428
1183,12129
1184,11040
1185,15954
1186,56403
1187,12308
1188,12020
1189,13810
1190,18033
1191,13168
1192,13268
1193,10900
1194,13125
1195,12529
1196,10506
1197,11598
1198,13153
1199,20668
1200,450479
1201,26505
1202,23663
1203,16694
1204,21164
1205,17798
1206,18709
1207,16611
1208,15083
1209,15198
1210,27200
1211,17811
1212,24450
1213,16868
1214,16080
1215,24622
1216,16861
1217,13424
1218,13270
1219,13137
1220,26889
1221,16962
1222,19224
1223,18793
1224,15019
1225,22215
1226,13916
1227,15506
1228,12853
1229,12891
1230,27857
1231,15020
1232,14279
1233,12876
1234,47698
1235,16488
1236,12438
1237,11895
1238,11933
1239,11498
1240,21848
1241,13831
1242,16497
1243,13673
1244,15846
1245,18107
1246,13467
1247,11571
1248,13223
1249,13418
1250,73540
1251,13521
1252,16482
1253,14415
1254,14582
1255,14127
1256,13748
1257,13110
1258,12865
1259,10679
1260,30266
1261,12578
1262,10555
1263,11695
1264,11226
1265,13311
1266,11235
1267,12459
1268,11246
1269,9532
1270,21615
1271,13613
1272,12786
1273,21814
1274,14408
1275,19265
1276,10942
1277,11661
1278,11036
1279,15072
1280,62162
1281,11263
1282,11950
1283,11328
1284,13007
1285,13700
1286,9847
1287,11287
1288,10559
1289,11203
1290,22162
1291,16106
1292,13018
1293,11248
1294,11266
1295,17064
1296,15209
1297,12224
1298,11712
1299,16651
1300,225361
1301,23667
1302,18309
1303,15773
1304,15542
1305,17238
1306,14581
1307,16504
1308,14243
1309,13519
1310,23864
1311,15432
1312,15113
1313,17897
1314,15045
1315,17119
1316,12580
1317,13050
1318,11484
1319,10953
1320,26351
1321,13455
1322,13143
1323,13234
1324,13825
1325,24018
1326,13648
1327,14797
1328,11839
1329,11715
1330,23047
1331,15427
1332,17727
1333,21357
1334,13094
1335,13470
1336,11452
1337,18225
1338,10684
1339,10290
1340,20720
1341,12405
1342,12890
1343,13062
1344,13293
1345,14703
1346,12982
1347,12877
1348,13970
1349,13821
1350,46672
1351,12543
1352,10239
1353,12665
1354,10461
1355,12751
1356,10803
1357,11412
1358,9680
1359,10420
1360,18780
1361,11590
1362,10623
1363,10713
1364,12351
1365,25436
1366,21317
1367,11756
1368,15645
1369,10643
1370,17734
1371,60152
1372,10297
1373,13643
1374,9494
1375,14578
1376,10314
1377,13885
1378,10464
1379,9978
1380,18708
1381,11837
1382,11716
1383,10371
1384,10566
1385,13744
1386,12315
1387,10899
1388,10808
1389,11774
1390,15510
1391,10870
1392,14092
1393,9646
1394,17633
1395,13208
1396,10405
1397,10994
1398,11078
1399,15826
1400,193703
1401,21143
1402,16325
1403,14361
1404,15947
1405,17234
1406,13388
1407,12052
1408,13869
1409,11616
1410,19536
1411,13793
1412,12918
1413,11416
1414,14740
1415,20095
1416,11857
1417,10725
1418,10452
1419,10961
1420,23731
1421,12370
1422,13056
1423,12439
1424,11877
1425,15187
1426,8978
1427,10431
1428,11204
1429,11712
1430,22700
1431,13133
1432,12301
1433,13107
1434,11127
1435,12594
1436,10588
1437,10734
1438,10880
1439,11150
1440,53290
1441,15046
1442,11943
1443,10469
1444,13333
1445,13064
1446,11387
1447,10855
1448,9156
1449,10509
1450,45513
1451,12145
1452,12873
1453,19631
1454,9827
1455,13718
1456,10159
1457,9648
1458,9780
1459,9977
1460,19685
1461,13289
1462,10813
1463,10309
1464,9869
1465,10864
1466,9151
1467,12013
1468,10633
1469,12875
1470,16939
1471,23876
1472,13358
1473,12643
1474,10268
1475,17634
1476,11391
1477,11569
1478,10778
1479,10315
1480,18768
1481,9869
1482,12606
1483,17049
1484,11604
1485,16744
1486,10336
1487,9642
1488,10821
1489,9975
1490,16412
1491,12450
1492,32370
1493,14732
1494,14146
1495,14254
1496,9253
1497,12510
1498,12638
1499,16735
1500,618976
1501,25059
1502,20072
1503,17927
1504,16194
1505,17112
1506,15299
1507,13832
1508,14216
1509,16729
1510,22674
1511,17200
1512,17264
1513,15914
1514,13465
1515,23481
1516,16920
1517,18352
1518,13528
1519,18132
1520,41269
1521,21593
1522,15988
1523,16346
1524,16176
1525,23405
1526,15847
1527,15114
1528,13867
1529,14191
1530,29395
1531,13861
1532,14301
1533,15428
1534,16137
1535,21402
1536,27637
1537,13365
1538,16178
1539,15685
1540,29860
1541,17331
1542,17566
1543,15575
1544,12174
1545,18112
1546,14062
1547,17261
1548,13305
1549,15958
1550,47878
1551,15236
1552,14110
1553,17318
1554,13129
1555,19010
1556,14417
1557,14970
1558,18477
1559,19232
1560,25043
1561,13979
1562,13399
1563,14512
1564,18029
1565,17862
1566,14239
1567,13719
1568,13877
1569,13507
1570,21860
1571,15810
1572,16208
1573,13994
1574,12179
1575,17629
1576,12820
1577,13513
1578,12646
1579,12242
1580,23581
1581,13517
1582,16945
1583,13822
1584,14638
1585,16645
1586,13607
1587,14655
1588,18147
1589,13331
1590,23458
1591,14030
1592,17142
1593,14225
1594,14049
1595,16167
1596,15630
1597,14829
1598,18571
1599,19185
1600,286144
1601,25677
1602,22279
1603,35940
1604,24009
1605,24561
1606,21245
1607,25757
1608,20861
1609,24342
1610,31823
1611,24656
1612,20821
1613,17892
1614,16957
1615,19223
1616,22905
1617,16943
1618,18416
1619,25652
1620,35869
1621,21044
1622,18386
1623,21429
1624,17808
1625,25209
1626,16675
1627,15193
1628,18659
1629,16855
1630,32489
1631,17482
1632,19879
1633,19379
1634,19977
1635,21747
1636,18761
1637,18531
1638,20838
1639,17907
1640,60806
1641,20164
1642,28041
1643,19262
1644,25301
1645,20571
1646,15989
1647,16327
1648,24001
1649,20477
1650,62449
1651,18988
1652,17261
1653,16896
1654,17854
1655,18887
1656,16860
1657,15419
1658,16244
1659,16338
1660,49451
1661,19879
1662,20708
1663,17164
1664,19144
1665,22906
1666,23686
1667,20905
1668,16033
1669,16113
1670,26199
1671,15170
1672,18122
1673,16296
1674,16560
1675,21520
1676,16735
1677,15511
1678,16205
1679,15864
1680,32883
1681,17172
1682,17739
1683,19439
1684,16334
1685,23915
1686,16050
1687,17503
1688,26852
1689,25253
1690,26302
1691,16140
1692,22140
1693,16457
1694,16552
1695,18820
1696,15645
1697,17541
1698,16173
1699,19750
1700,177483
1701,32189
1702,23246
1703,23797
1704,22076
1705,20216
1706,21594
1707,26792
1708,21044
1709,23474
1710,29696
1711,20604
1712,19739
1713,19180
1714,22531
1715,27306
1716,19353
1717,23259
1718,20920
1719,18322
1720,34396
1721,20043
1722,21599
1723,21260
1724,19224
1725,24431
1726,19391
1727,22104
1728,22335
1729,19179
1730,33792
1731,19290
1732,21478
1733,21217
1734,21625
1735,23173
1736,19665
1737,20823
1738,20136
1739,19218
1740,33542
1741,22213
1742,22257
1743,22948
1744,21383
1745,29521
1746,22813
1747,21172
1748,24183
1749,24130
1750,76765
1751,23339
1752,26454
1753,26517
1754,26762
1755,34283
1756,27556
1757,28791
1758,31673
1759,28654
1760,41532
1761,25098
1762,26251
1763,36025
1764,27136
1765,31700
1766,27525
1767,27099
1768,28631
1769,31233
1770,47915
1771,28028
1772,32855
1773,30822
1774,38605
1775,62230
1776,91058
1777,44192
1778,39292
1779,33925
1780,53968
1781,38469
1782,39343
1783,48011
1784,38586
1785,39967
1786,35565
1787,53463
1788,48579
1789,77930
1790,67239
1791,51168
1792,56638
1793,53684
1794,47111
1795,50841
1796,47069
1797,46110
1798,54382
1799,50778
1800,400999
1801,61301
1802,52000
1803,65858
1804,57042
1805,56372
1806,57186
1807,50620
1808,52400
1809,61200
1810,68038
1811,53424
1812,114944
1813,56316
1814,64453
1815,83776
1816,56506
1817,56582
1818,64515
1819,62767
1820,94779
1821,68151
1822,57712
1823,55280
1824,64143
1825,70877
1826,57460
1827,57648
1828,63538
1829,62047
1830,120052
1831,71089
1832,80856
1833,71957
1834,72538
1835,82304
1836,85334
1837,89802
1838,77624
1839,80767
1840,130486
1841,85910
1842,81494
1843,79934
1844,85834
1845,93828
1846,91902
1847,92610
1848,123380
1849,97076
1850,193143
1851,113446
1852,91578
1853,91494
1854,101430
1855,103649
1856,101009
1857,111644
1858,103821
1859,110491
1860,188160
1861,174424
1862,155493
1863,154629
1864,151760
1865,178968
1866,115803
1867,125765
1868,123257
1869,117202
1870,184269
1871,136656
1872,122259
1873,115673
1874,111820
1875,128061
1876,127302
1877,114429
1878,117687
1879,120913
1880,204829
1881,145999
1882,134807
1883,131942
1884,132683
1885,146654
1886,141174
1887,140573
1888,150925
1889,153385
1890,213895
1891,155673
1892,152506
1893,155017
1894,144796
1895,173166
1896,163925
1897,156575
1898,173059
1899,171281
1900,450164
1901,218191
1902,186564
1903,199715
1904,199605
1905,222366
1906,208679
1907,203139
1908,224161
1909,209085
1910,303896
1911,295681
1912,264972
1913,250509
1914,347360
1915,278574
1916,271997
1917,336680
1918,366255
1919,299093
1920,481944
1921,248778
1922,256987
1923,243873
1924,243122
1925,260398
1926,252906
1927,254414
1928,266218
1929,309093
1930,417704
1931,255169
1932,274383
1933,337406
1934,297202
1935,302660
1936,321653
1937,316984
1938,332603
1939,423864
1940,496096
1941,400905
1942,394249
1943,359941
1944,416845
1945,583898
1946,383736
1947,417946
1948,457488
1949,393043
1950,621839
1951,356569
1952,378690
1953,391083
1954,404997
1955,418819
1956,438921
1957,437003
1958,441218
1959,455966
1960,728146
1961,505550
1962,538335
1963,558548
1964,622157
1965,633496
1966,601695
1967,697141
1968,741241
1969,736079
1970,977176
1971,718564
1972,778491
1973,772424
1974,759843
1975,819077
1976,811245
1977,786204
1978,842325
1979,919646
1980,1222878
1981,891235
1982,953028
1983,975489
1984,1117128
1985,1095493
1986,1156940
1987,1149318
1988,1231869
1989,1366005
1990,1743878
1991,1501884
1992,1637789
1993,1643840
1994,1821845
1995,1978124
1996,2120029
1997,2214875
1998,2438413
1999,2846013
2000,4639275
2001,3411787
2002,3459201
2003,3912371
2004,4261064
2005,4829117
2006,5391105
2007,6439553
2008,7756274
2009,7285914
2010,8412640
2011,8434317
2012,9626392
2013,9556558
2014,9553285
2015,9448287
2016,9992094
2017,10139101
2018,10472197
2019,9704126
2020,9879171
2021,6612022
2022,4754973
2023,938282
2024,317836
2025,349034
2026,135549
2027,95664
2028,73727
2029,38904
2030,434478
2031,32369
2032,27686
2033,20446
2034,14114
2035,57751
2036,16225
2037,11749
2038,11877
2039,9161
2040,76994
2041,12773
2042,17485
2043,8093
2044,8396
2045,22982
2046,9153
2047,10567
2048,60604
2049,19926
2050,221421
2051,7840
2052,8610
2053,6231
2054,6084
2055,9422
2056,7108
2057,5487
2058,5417
2059,5729
2060,35450
2061,7187
2062,5919
2063,8922
2064,5865
2065,7869
2066,5798
2067,6029
2068,5278
2069,5213
2070,28882
2071,7450
2072,6423
2073,5919
2074,5613
2075,8654
2076,6573
2077,37579
2078,5086
2079,5557
2080,34799
2081,5726
2082,4398
2083,4935
2084,5541
2085,5747
2086,4374
2087,4834
2088,5021
2089,4647
2090,8659
2091,4560
2092,4646
2093,4447
2094,4377
2095,5642
2096,4327
2097,4697
2098,3934
2099,13193
2100,126993
2101,11994
2102,9594
2103,8566
2104,8994
2105,13805
2106,9405
2107,7510
2108,8475
2109,7234
2110,13640
2111,10826
2112,12603
2113,6993
2114,7546
2115,9936
2116,6781
2117,6011
2118,7973
2119,5947
2120,11508
2121,13002
2122,6575
2123,6057
2124,5498
2125,7546
2126,4941
2127,4673
2128,4911
2129,4668
2130,10639
2131,6202
2132,5055
2133,9124
2134,5694
2135,6251
2136,4812
2137,4571
2138,6844
2139,7061
2140,10289
2141,6707
2142,7733
2143,5754
2144,4794
2145,5807
2146,4179
2147,6219
2148,5104
2149,4657
2150,15493
2151,6079
2152,4660
2153,4745
2154,5346
2155,7798
2156,4323
2157,4786
2158,4087
2159,4076
2160,23991
2161,5270
2162,4017
2163,4291
2164,5681
2165,5740
2166,4866
2167,4190
2168,3758
2169,4345
2170,7121
2171,4618
2172,4063
2173,4110
2174,6339
2175,6020
2176,4042
2177,3861
2178,3754
2179,3734
2180,7075
2181,4704
2182,3746
2183,3851
2184,3690
2185,3988
2186,3609
2187,4472
2188,3716
2189,3461
2190,5548
2191,4428
2192,3858
2193,3601
2194,3664
2195,4765
2196,5386
2197,4069
2198,3497
2199,6834
2200,92816
2201,12108
2202,8175
2203,6001
2204,6515
2205,8937
2206,6638
2207,5423
2208,5893
2209,5159
2210,10056
2211,8583
2212,8769
2213,4853
2214,5080
2215,8216
2216,5348
2217,5629
2218,4934
2219,4834
2220,9170
2221,6495
2222,17775
2223,6718
2224,6189
2225,8267
2226,4427
2227,5268
2228,4630
2229,5367
2230,9513
2231,6897
2232,4888
2233,6458
2234,4080
2235,4934
2236,5121
2237,4394
2238,3854
2239,3821
2240,8791
2241,6917
2242,5028
2243,4622
2244,6932
2245,5271
2246,4186
2247,3934
2248,3874
2249,4539
2250,19520
2251,5933
2252,4721
2253,5411
2254,10901
2255,13912
2256,4626
2257,5649
2258,3796
2259,4445
2260,6796
2261,5047
2262,4115
2263,4085
2264,4956
2265,5284
2266,4052
2267,4512
2268,4020
2269,3739
2270,5718
2271,4033
2272,4809
2273,5300
2274,3589
2275,4734
2276,3577
2277,5630
2278,4430
2279,3448
2280,9140
2281,5102
2282,3819
2283,3864
2284,3794
2285,4246
2286,3706
2287,4534
2288,4622
2289,3544
2290,6564
2291,3543
2292,3400
2293,3527
2294,3122
2295,4119
2296,3555
2297,3245
2298,3531
2299,5008
2300,70438
2301,8951
2302,5954
2303,5254
2304,7836
2305,6652
2306,4420
2307,13233
2308,4842
2309,4277
2310,8775
2311,6354
2312,6099
2313,4810
2314,5058
2315,5528
2316,4204
2317,5444
2318,3873
2319,5659
2320,8632
2321,5259
2322,4889
2323,7278
2324,4876
2325,5951
2326,4363
2327,4275
2328,3740
2329,4111
2330,8024
2331,4693
2332,4623
2333,6307
2334,5368
2335,4454
2336,3792
2337,6675
2338,3393
2339,3580
2340,10046
2341,4621
2342,4069
2343,4109
2344,3906
2345,10289
2346,3581
2347,4537
2348,3838
2349,4017
2350,11815
2351,4091
2352,4153
2353,3934
2354,3645
2355,4637
2356,3780
2357,4465
2358,3298
2359,4640
2360,5885
2361,3745
2362,3722
2363,3465
2364,3757
2365,4063
2366,4174
2367,3877
2368,3742
2369,3835
2370,5366
2371,4258
2372,4060
2373,3983
2374,3493
2375,5642
2376,3759
2377,3802
2378,3553
2379,3658
2380,6744
2381,4108
2382,3495
2383,3754
2384,3139
2385,4010
2386,3307
2387,3149
2388,3521
2389,3052
2390,4516
2391,4894
2392,4492
2393,3454
2394,3336
2395,4315
2396,3243
2397,3332
2398,3001
2399,4797
2400,101763
2401,8769
2402,4823
2403,5517
2404,4507
2405,5077
2406,3811
2407,4782
2408,4526
2409,4198
2410,6997
2411,4670
2412,7302
2413,4500
2414,4203
2415,4748
2416,3518
2417,3596
2418,3532
2419,4379
2420,7109
2421,4264
2422,4738
2423,4079
2424,6321
2425,6017
2426,3802
2427,3945
2428,3583
2429,3584
2430,5436
2431,4335
2432,3433
2433,4205
2434,3340
2435,3706
2436,3732
2437,3287
2438,3326
2439,3172
2440,6356
2441,3892
2442,4023
2443,3182
2444,4256
2445,4319
2446,3532
2447,3392
2448,5452
2449,3861
2450,11520
2451,4291
2452,3385
2453,3547
2454,4420
2455,5192
2456,3839
2457,3541
2458,4232
2459,3251
2460,7713
2461,3839
2462,3426
2463,3135
2464,3394
2465,4077
2466,3650
2467,3658
2468,3662
2469,3338
2470,4592
2471,3779
2472,3818
2473,3211
2474,3663
2475,4710
2476,4393
2477,4150
2478,4153
2479,3027
2480,5275
2481,3463
2482,2970
2483,3311
2484,2983
2485,3496
2486,3176
2487,3034
2488,3234
2489,3390
2490,4348
2491,3248
2492,2934
2493,3045
2494,3207
2495,4131
2496,3585
2497,3413
2498,3197
2499,6616
2500,288810
2501,8407
2502,4950
2503,4617
2504,4202
2505,5415
2506,4374
2507,4021
2508,3987
2509,3947
2510,7974
2511,5439
2512,4308
2513,3945
2514,4037
2515,4716
2516,3954
2517,3569
2518,4241
2519,3680
2520,11157
2521,4682
2522,4867
2523,3717
2524,3705
2525,10079
2526,4628
2527,4317
2528,3758
2529,3779
2530,5855
2531,4306
2532,4010
2533,3510
2534,3240
2535,4616
2536,4223
2537,3842
2538,3277
2539,3343
2540,6123
2541,3922
2542,3362
2543,3619
2544,3243
2545,4007
2546,2996
2547,3406
2548,3830
2549,3305
2550,11328
2551,4493
2552,4591
2553,4554
2554,3502
2555,6135
2556,3271
2557,3646
2558,3513
2559,3772
2560,26864
2561,3374
2562,3846
2563,3309
2564,3135
2565,3731
2566,2831
2567,3224
2568,3121
2569,2753
2570,4283
2571,3209
2572,2655
2573,2838
2574,2973
2575,4442
2576,2829
2577,3435
2578,3156
2579,2965
2580,5125
2581,3532
2582,3272
2583,3292
2584,2746
2585,3193
2586,2816
2587,2814
2588,2976
2589,2790
2590,4519
2591,3236
2592,4254
2593,2976
2594,2650
2595,3685
2596,3031
2597,3067
2598,2691
2599,3595
2600,89782
2601,7983
2602,3971
2603,3907
2604,3556
2605,4384
2606,3803
2607,3697
2608,2973
2609,3717
2610,7233
2611,4578
2612,3482
2613,3238
2614,3262
2615,4131
2616,4141
2617,3516
2618,3426
2619,3174
2620,6437
2621,3708
2622,3876
2623,3497
2624,2854
2625,5290
2626,4738
2627,3474
2628,3802
2629,2923
2630,6038
2631,3533
2632,3313
2633,3337
2634,2786
2635,3918
2636,3014
2637,3302
2638,2893
2639,3547
2640,6271
2641,3005
2642,3249
2643,2886
2644,2721
2645,3435
2646,3164
2647,2898
2648,3130
2649,2797
2650,10902
2651,3601
2652,3254
2653,3147
2654,2756
2655,3926
2656,3155
2657,2809
2658,2658
2659,2556
2660,5194
2661,3234
2662,2896
2663,3094
2664,3104
2665,4250
2666,8238
2667,4139
2668,2618
2669,2827
2670,4263
2671,3285
2672,3222
2673,3088
2674,2663
2675,3681
2676,2685
2677,3420
2678,2629
2679,2654
2680,5515
2681,3044
2682,2743
2683,2811
2684,2397
2685,2805
2686,2852
2687,2569
2688,3715
2689,2488
2690,4617
2691,2781
2692,2452
2693,2826
2694,2385
2695,3976
2696,2329
2697,2988
2698,2710
2699,4141
2700,55319
2701,6348
2702,4170
2703,4247
2704,4060
2705,4064
2706,3229
2707,3511
2708,3309
2709,3472
2710,5678
2711,4794
2712,3520
2713,3357
2714,3005
2715,3763
2716,3354
2717,3253
2718,2998
2719,3107
2720,7354
2721,4173
2722,3656
2723,3256
2724,3169
2725,3886
2726,3126
2727,5640
2728,3388
2729,3388
2730,5273
2731,3040
2732,3473
2733,3259
2734,2540
2735,3053
2736,3653
2737,3748
2738,3059
2739,3290
2740,4098
2741,3250
2742,2895
2743,3027
2744,3576
2745,3477
2746,2695
2747,3220
2748,2597
2749,2757
2750,12148
2751,2987
2752,2900
2753,3053
2754,2472
2755,3715
2756,2482
2757,3062
2758,2547
2759,2390
2760,5505
2761,2798
2762,2463
2763,2682
2764,2959
2765,3437
2766,2831
2767,3584
2768,2648
2769,2393
2770,4178
2771,2831
2772,3445
2773,2576
2774,2434
2775,3820
2776,2703
2777,4122
2778,3471
2779,2489
2780,4172
2781,3322
2782,2823
2783,2697
2784,2434
2785,3009
2786,2440
2787,5367
2788,2801
2789,2817
2790,3825
2791,2483
2792,2348
2793,2378
2794,2166
2795,3234
2796,3821
2797,2559
2798,2399
2799,6187
2800,59956
2801,6288
2802,3873
2803,3855
2804,3318
2805,3910
2806,3083
2807,3360
2808,4452
2809,3236
2810,5097
2811,4311
2812,3331
2813,3055
2814,3789
2815,3603
2816,3385
2817,3083
2818,3263
2819,2729
2820,5240
2821,3511
2822,3730
2823,2816
2824,5789
2825,3961
2826,2736
2827,2649
2828,4273
2829,3138
2830,4454
2831,3115
2832,2927
2833,3127
2834,2661
2835,4044
2836,3991
2837,2439
2838,2617
2839,2908
2840,5464
2841,3655
2842,2614
2843,2538
2844,2710
2845,3005
2846,2377
2847,2925
2848,3370
2849,2681
2850,8663
2851,2945
2852,2907
2853,2754
2854,2386
2855,3423
2856,2696
2857,3282
2858,2425
2859,2676
2860,4934
2861,2812
2862,2304
2863,2583
2864,2648
2865,3417
2866,8098
2867,2618
2868,2612
2869,2559
2870,3368
2871,2816
2872,2471
2873,2638
2874,2565
2875,4087
2876,2354
2877,2554
2878,2367
2879,2428
2880,9805
2881,3004
2882,2999
2883,2784
2884,2199
2885,3544
2886,2605
2887,2775
2888,3803
2889,2669
2890,4058
2891,3088
2892,3854
2893,2757
2894,2445
2895,3109
2896,2467
2897,2452
2898,2304
2899,3010
2900,31966
2901,5922
2902,3085
2903,4927
2904,3288
2905,3672
2906,2881
2907,3080
2908,3151
2909,3638
2910,4930
2911,4891
2912,3450
2913,3207
2914,3192
2915,4166
2916,3119
2917,3028
2918,2938
2919,3143
2920,7975
2921,3877
2922,2977
2923,3562
2924,3175
2925,4652
2926,2611
2927,2667
2928,2570
2929,5933
2930,5024
2931,2805
2932,2585
2933,4098
2934,2679
2935,2734
2936,2838
2937,2348
2938,2255
2939,2447
2940,4797
2941,3220
2942,2440
2943,2622
2944,2518
2945,2831
2946,2213
2947,2519
2948,2351
2949,2696
2950,8802
2951,2694
2952,2462
2953,2565
2954,2180
2955,3308
2956,2172
2957,2285
2958,3504
2959,2438
2960,6377
2961,2490
2962,2285
2963,2373
2964,2053
2965,2583
2966,2465
2967,2505
2968,2204
2969,2217
2970,3431
2971,2204
2972,2146
2973,2245
2974,2299
2975,3002
2976,2570
2977,2650
2978,2267
2979,2259
2980,3702
2981,2188
2982,2224
2983,2067
2984,2038
2985,2456
2986,1927
2987,2304
2988,2507
2989,2246
2990,3844
2991,2991
2992,2973
2993,2363
2994,2076
2995,3814
2996,2540
2997,2864
2998,2803
2999,7211
3000,593801
3001,14421
3002,7093
3003,8496
3004,6011
3005,5765
3006,5413
3007,4257
3008,9627
3009,4965
3010,9290
3011,5153
3012,5264
3013,4126
3014,3800
3015,5213
3016,4171
3017,3417
3018,4176
3019,4127
3020,9124
3021,4378
3022,3558
3023,3323
3024,6906
3025,5630
3026,3142
3027,3335
3028,2788
3029,2887
3030,11825
3031,4630
3032,3378
3033,3995
3034,3220
3035,4250
3036,3049
3037,2819
3038,3017
3039,3320
3040,8010
3041,3244
3042,2939
3043,2807
3044,2830
3045,3789
3046,2648
3047,2666
3048,3815
3049,2939
3050,14015
3051,3542
3052,3580
3053,3380
3054,2798
3055,4232
3056,2849
3057,2867
3058,2613
3059,2630
3060,18933
3061,2700
3062,2709
3063,2677
3064,2338
3065,3437
3066,2898
3067,2931
3068,2952
3069,2207
3070,18533
3071,2840
3072,6228
3073,2427
3074,2796
3075,3523
3076,2446
3077,3506
3078,2112
3079,2881
3080,27859
3081,2996
3082,2263
3083,2712
3084,2267
3085,3453
3086,2406
3087,2448
3088,2923
3089,2403
3090,17324
3091,2574
3092,2230
3093,2153
3094,2047
3095,2788
3096,2459
3097,2093
3098,2295
3099,3490
3100,38771
3101,7802
3102,4820
3103,3482
3104,3693
3105,4091
3106,3244
3107,3236
3108,3381
3109,7214
3110,6461
3111,6376
3112,3818
3113,3750
3114,3794
3115,4864
3116,3251
3117,3205
3118,2598
3119,2842
3120,7259
3121,6494
3122,3298
3123,3347
3124,3443
3125,8931
3126,3016
3127,3462
3128,3489
3129,2603
3130,6073
3131,5443
3132,3693
3133,3684
3134,2780
3135,4740
3136,3710
3137,2585
3138,2750
3139,2330
3140,4346
3141,3871
3142,3845
3143,2740
3144,3055
3145,3766
3146,2662
3147,2954
3148,2549
3149,2436
3150,8925
3151,3128
3152,2380
3153,2600
3154,2183
3155,3116
3156,2974
3157,2532
3158,2209
3159,2420
3160,4131
3161,3703
3162,2862
3163,2730
3164,2249
3165,2666
3166,6134
3167,2464
3168,3400
3169,2042
3170,3594
3171,3348
3172,2139
3173,2172
3174,2485
3175,3501
3176,2154
3177,2550
3178,1965
3179,2115
3180,3847
3181,2891
3182,2366
3183,2214
3184,2168
3185,2798
3186,2392
3187,2467
3188,2564
3189,2399
3190,3037
3191,2552
3192,2235
3193,2073
3194,3444
3195,2845
3196,2239
3197,2014
3198,2261
3199,2869
3200,84274
3201,8046
3202,3542
3203,3361
3204,3251
3205,4381
3206,2895
3207,3161
3208,3383
3209,2682
3210,6265
3211,4837
3212,3381
3213,3266
3214,3003
3215,3424
3216,3318
3217,2705
3218,2533
3219,2745
3220,5915
3221,3694
3222,3581
3223,3290
3224,3305
3225,3806
3226,2942
3227,3041
3228,2501
3229,2634
3230,4199
3231,3075
3232,10189
3233,5287
3234,2679
3235,4335
3236,2376
3237,2300
3238,2206
3239,2477
3240,4928
3241,3092
3242,2586
3243,2761
3244,2187
3245,3017
3246,2584
3247,2400
3248,2139
3249,2267
3250,9357
3251,2948
3252,2679
3253,2334
3254,2218
3255,3475
3256,2623
3257,2327
3258,2246
3259,2225
3260,3894
3261,2862
3262,2231
3263,2312
3264,4017
3265,2505
3266,2272
3267,2271
3268,2203
3269,2238
3270,4839
3271,2187
3272,2322
3273,2069
3274,2176
3275,2860
3276,2416
3277,2276
3278,2365
3279,2214
3280,4326
3281,2406
3282,2789
3283,2096
3284,2009
3285,2708
3286,2927
3287,2162
3288,2436
3289,2079
3290,3020
3291,1927
3292,1930
3293,2151
3294,1943
3295,2446
3296,1886
3297,1955
3298,1790
3299,3346
3300,41160
3301,7598
3302,3673
3303,4778
3304,3418
3305,3662
3306,5859
3307,3228
3308,2854
3309,3308
3310,12485
3311,5080
3312,3187
3313,3643
3314,2619
3315,3413
3316,2550
3317,2671
3318,2586
3319,2468
3320,4749
3321,3293
3322,4365
3323,2783
3324,2879
3325,3644
3326,2469
3327,2542
3328,2553
3329,2359
3330,6415
3331,3394
3332,3020
3333,17196
3334,3228
3335,3416
3336,2622
3337,3072
3338,2556
3339,2983
3340,4338
3341,2677
3342,2664
3343,2955
3344,3328
3345,3108
3346,2565
3347,2350
3348,2363
3349,2189
3350,9205
3351,2979
3352,2304
3353,2877
3354,3068
3355,3591
3356,2214
3357,2177
3358,2234
3359,2338
3360,4833
3361,2468
3362,2895
3363,2216
3364,2181
3365,2634
3366,3258
3367,2062
3368,2445
3369,2584
3370,3701
3371,2636
3372,2487
3373,2302
3374,1973
3375,3490
3376,2276
3377,2887
3378,2022
3379,2465
3380,3509
3381,2167
3382,2268
3383,2073
3384,2101
3385,2063
3386,3951
3387,1927
3388,2502
3389,17147
3390,20302
3391,2186
3392,1874
3393,2772
3394,1865
3395,2214
3396,1986
3397,2369
3398,1788
3399,3339
3400,34896
3401,5451
3402,4768
3403,2633
3404,3022
3405,3550
3406,3528
3407,3362
3408,2384
3409,2671
3410,4289
3411,3679
3412,4091
3413,2361
3414,2728
3415,2949
3416,2210
3417,2552
3418,2053
3419,2118
3420,4346
3421,3072
3422,2791
3423,2295
3424,2414
3425,2795
3426,2258
3427,2250
3428,1883
3429,2127
3430,3310
3431,2661
3432,3213
3433,2431
3434,3516
3435,3411
3436,2267
3437,1969
3438,2073
3439,2157
3440,5557
3441,2451
3442,2207
3443,2388
3444,3204
3445,2769
3446,2029
3447,2109
3448,2215
3449,2157
3450,7754
3451,2483
3452,2227
3453,2058
3454,2655
3455,2632
3456,6214
3457,2613
3458,2051
3459,1844
3460,3111
3461,2219
3462,1828
3463,2271
3464,2232
3465,2324
3466,2258
3467,2089
3468,2149
3469,1984
3470,3895
3471,2159
3472,1971
3473,1993
3474,2352
3475,3157
3476,2074
3477,2090
3478,2076
3479,1904
3480,3470
3481,2051
3482,1808
3483,1782
3484,1843
3485,2044
3486,1729
3487,1725
3488,2126
3489,1754
3490,2885
3491,1918
3492,1778
3493,1686
3494,1700
3495,2850
3496,1603
3497,1672
3498,1720
3499,2886
3500,142557
3501,5978
3502,2992
3503,2630
3504,2761
3505,3504
3506,2567
3507,2360
3508,2851
3509,2436
3510,4805
3511,3191
3512,2742
3513,2137
3514,2477
3515,2946
3516,2901
3517,2183
3518,1823
3519,2097
3520,6252
3521,3378
3522,2356
3523,2188
3524,2261
3525,3204
3526,1947
3527,2178
3528,2707
3529,1985
3530,3360
3531,2345
3532,2149
3533,2189
3534,1845
3535,4834
3536,2402
3537,2292
3538,1983
3539,2037
3540,4426
3541,2397
3542,2439
3543,2241
3544,2007
3545,2603
3546,1941
3547,1966
3548,1992
3549,1920
3550,7786
3551,2639
3552,2222
3553,5347
3554,1781
3555,3953
3556,1990
3557,1927
3558,1893
3559,1948
3560,4178
3561,2122
3562,1778
3563,1809
3564,1843
3565,2411
3566,1818
3567,2057
3568,1940
3569,1698
3570,3683
3571,2349
3572,1854
3573,1925
3574,1651
3575,2855
3576,1877
3577,2026
3578,1836
3579,1872
3580,3012
3581,1927
3582,2990
3583,2775
3584,2786
3585,2358
3586,1956
3587,1624
3588,2322
3589,1798
3590,3690
3591,1961
3592,2081
3593,1834
3594,1643
3595,2246
3596,1607
3597,1887
3598,1675
3599,2625
3600,69849
3601,4768
3602,2929
3603,2986
3604,2973
3605,2598
3606,2218
3607,2140
3608,2293
3609,2053
3610,4423
3611,2816
3612,2299
3613,2185
3614,1898
3615,2853
3616,2216
3617,2052
3618,1798
3619,1947
3620,3777
3621,2741
3622,2571
3623,2042
3624,2642
3625,2804
3626,2481
3627,2707
3628,2106
3629,1817
3630,4328
3631,2369
3632,2229
3633,2900
3634,1831
3635,2295
3636,3759
3637,2292
3638,2180
3639,2170
3640,3514
3641,2330
3642,2146
3643,1877
3644,1798
3645,2152
3646,2148
3647,2390
3648,2534
3649,1729
3650,8330
3651,2388
3652,1754
3653,1967
3654,1803
3655,2345
3656,1894
3657,1796
3658,2381
3659,1736
3660,3440
3661,2191
3662,1847
3663,3224
3664,2039
3665,2146
3666,2311
3667,2398
3668,1987
3669,1765
3670,2677
3671,1948
3672,1820
3673,1863
3674,1633
3675,2414
3676,2191
3677,1981
3678,1791
3679,1725
3680,3189
3681,1781
3682,1536
3683,1812
3684,1786
3685,1810
3686,2689
3687,1782
3688,1857
3689,1760
3690,3081
3691,1866
3692,1589
3693,1740
3694,1329
3695,2067
3696,1925
3697,1686
3698,1526
3699,2102
3700,29301
3701,4724
3702,2488
3703,2443
3704,2462
3705,2675
3706,2187
3707,2191
3708,2197
3709,2008
3710,3457
3711,3316
3712,2173
3713,2070
3714,2045
3715,2389
3716,1868
3717,2500
3718,2104
3719,2602
3720,3842
3721,2420
3722,2002
3723,2019
3724,2238
3725,2509
3726,2020
3727,3633
3728,2060
3729,3092
3730,5523
3731,2418
3732,1965
3733,3663
3734,1870
3735,2145
3736,1784
3737,3522
3738,2001
3739,2108
3740,2861
3741,2132
3742,2813
3743,3183
3744,2525
3745,3506
3746,2088
3747,1941
3748,2335
3749,1792
3750,10632
3751,2165
3752,1821
3753,1709
3754,1963
3755,3286
3756,1833
3757,1756
3758,2541
3759,1688
3760,3159
3761,2099
3762,1855
3763,1611
3764,1758
3765,2006
3766,1796
3767,1816
3768,1795
3769,1564
3770,5538
3771,2090
3772,1787
3773,2247
3774,1895
3775,2583
3776,2796
3777,3095
3778,1738
3779,1736
3780,3087
3781,1858
3782,2039
3783,2228
3784,1740
3785,2028
3786,1936
3787,1832
3788,1848
3789,1609
3790,2410
3791,2423
3792,1547
3793,1506
3794,1406
3795,2028
3796,1643
3797,2098
3798,1516
3799,2150
3800,35438
3801,4801
3802,2248
3803,2445
3804,1874
3805,2570
3806,1965
3807,1906
3808,2807
3809,2504
3810,3575
3811,2659
3812,2213
3813,1938
3814,1921
3815,2270
3816,1931
3817,1873
3818,1903
3819,1785
3820,3970
3821,2329
3822,1989
3823,2096
3824,2343
3825,2656
3826,1756
3827,1830
3828,1974
3829,1754
3830,3315
3831,2112
3832,1845
3833,2523
3834,2355
3835,2550
3836,1513
3837,2097
3838,3246
3839,2235
3840,15531
3841,2394
3842,2157
3843,1723
3844,2602
3845,2379
3846,1865
3847,2234
3848,1913
3849,1974
3850,6696
3851,1964
3852,1757
3853,1714
3854,1538
3855,2482
3856,1656
3857,2242
3858,1689
3859,2140
3860,3009
3861,2217
3862,1785
3863,1779
3864,1942
3865,2142
3866,1706
3867,1825
3868,1805
3869,1778
3870,3755
3871,1920
3872,6338
3873,1654
3874,1514
3875,2290
3876,1617
3877,1717
3878,1632
3879,1445
3880,3589
3881,1716
3882,1452
3883,2106
3884,1477
3885,2039
3886,1813
3887,1648
3888,4133
3889,1966
3890,2407
3891,1752
3892,2269
3893,1722
3894,1584
3895,1789
3896,1484
3897,1869
3898,1614
3899,2004
3900,22599
3901,3822
3902,2287
3903,2523
3904,2266
3905,2422
3906,2275
3907,2061
3908,1841
3909,2308
3910,2935
3911,2612
3912,2207
3913,1956
3914,1709
3915,2947
3916,1778
3917,1905
3918,1750
3919,1905
3920,3325
3921,2444
3922,2270
3923,2064
3924,1819
3925,2221
3926,1934
3927,1696
3928,1971
3929,1789
3930,3011
3931,2017
3932,1781
3933,2328
3934,22811
3935,1782
3936,1716
3937,2439
3938,1656
3939,3316
3940,3847
3941,1952
3942,1406
3943,1765
3944,1832
3945,3283
3946,2180
3947,1713
3948,1590
3949,1796
3950,4694
3951,1748
3952,1652
3953,1624
3954,1593
3955,2075
3956,1736
3957,1418
3958,1465
3959,2579
3960,3211
3961,1657
3962,2040
3963,1622
3964,1472
3965,1851
3966,1660
3967,1613
3968,1837
3969,2328
3970,2847
3971,1975
3972,1552
3973,1454
3974,1556
3975,2098
3976,1431
3977,1604
3978,1633
3979,1595
3980,2305
3981,1672
3982,1720
3983,1461
3984,1498
3985,1987
3986,1986
3987,1921
3988,1809
3989,1667
3990,2889
3991,1798
3992,1687
3993,1912
3994,1736
3995,2657
3996,1868
3997,1733
3998,2054
3999,4780
4000,349885
4001,9369
4002,4661
4003,4510
4004,6862
4005,4773
4006,3776
4007,3492
4008,3428
4009,3082
4010,6458
4011,4183
4012,3418
4013,3287
4014,3823
4015,3201
4016,2870
4017,3223
4018,2847
4019,2393
4020,6924
4021,2844
4022,2858
4023,2336
4024,2542
4025,3252
4026,2520
4027,2013
4028,2225
4029,2169
4030,4273
4031,3030
4032,5290
4033,16692
4034,2163
4035,2405
4036,1834
4037,2123
4038,2608
4039,2519
4040,7356
4041,2989
4042,2193
4043,2544
4044,2397
4045,2644
4046,2341
4047,2167
4048,2042
4049,3760
4050,7604
4051,3989
4052,2256
4053,2301
4054,1994
4055,2584
4056,2149
4057,1903
4058,1855
4059,1998
4060,4722
4061,2526
4062,2174
4063,1678
4064,2951
4065,2338
4066,2225
4067,2447
4068,1868
4069,2256
4070,4507
4071,1999
4072,2286
4073,1655
4074,1906
4075,2363
4076,1685
4077,2388
4078,1785
4079,1582
4080,7139
4081,2150
4082,1727
4083,1786
4084,1575
4085,1854
4086,1612
4087,1709
4088,2418
4089,1681
4090,7654
4091,1932
4092,1903
4093,1734
4094,1901
4095,3720
4096,36308
4097,2024
4098,1756
4099,2293
4100,24815
4101,5703
4102,3952
4103,5909
4104,3460
4105,2949
4106,2420
4107,2133
4108,2548
4109,2407
4110,4264
4111,4840
4112,3149
4113,2346
4114,2592
4115,2687
4116,2526
4117,1964
4118,1881
4119,1887
4120,3977
4121,2980
4122,2984
4123,3186
4124,1973
4125,3295
4126,1783
4127,2243
4128,2883
4129,1874
4130,8483
4131,2419
4132,2004
4133,2076
4134,1949
4135,7540
4136,1831
4137,1926
4138,1831
4139,1651
4140,6852
4141,4334
4142,3137
4143,2225
4144,2117
4145,2008
4146,1641
4147,1932
4148,1732
4149,1731
4150,6172
4151,3829
4152,1850
4153,1877
4154,1634
4155,2653
4156,1728
4157,2064
4158,1770
4159,2128
4160,4591
4161,3195
4162,1598
4163,1900
4164,1628
4165,1980
4166,1971
4167,2239
4168,1497
4169,1878
4170,2727
4171,2376
4172,3253
4173,1644
4174,1561
4175,2055
4176,1705
4177,1682
4178,1546
4179,1718
4180,2796
4181,2084
4182,1503
4183,1754
4184,1704
4185,1694
4186,1438
4187,1689
4188,1685
4189,1436
4190,2148
4191,2037
4192,1609
4193,1485
4194,1586
4195,1599
4196,1419
4197,1502
4198,1543
4199,1944
4200,37027
4201,3872
4202,3242
4203,2298
4204,2243
4205,2635
4206,1920
4207,2157
4208,2534
4209,2116
4210,4361
4211,3232
4212,2940
4213,2465
4214,2838
4215,2864
4216,2030
4217,3655
4218,1894
4219,1814
4220,3749
4221,2730
4222,3488
4223,2004
4224,2538
4225,3014
4226,2063
4227,3132
4228,2103
4229,1925
4230,3304
4231,3923
4232,2272
4233,1998
4234,1587
4235,1865
4236,6992
4237,1745
4238,1567
4239,1659
4240,3392
4241,2054
4242,3947
4243,2184
4244,2880
4245,2698
4246,1720
4247,2213
4248,1738
4249,1479
4250,6624
4251,2033
4252,1763
4253,1996
4254,2058
4255,2247
4256,1684
4257,1677
4258,2599
4259,1540
4260,4022
4261,2247
4262,1838
4263,1881
4264,1603
4265,1733
4266,1879
4267,1819
4268,1565
4269,1980
4270,2345
4271,4682
4272,1955
4273,1466
4274,1945
4275,2096
4276,1925
4277,1883
4278,1829
4279,1601
4280,2642
4281,1608
4282,1692
4283,1401
4284,1565
4285,1960
4286,1833
4287,2020
4288,1953
4289,1505
4290,2145
4291,1635
4292,1744
4293,1476
4294,1599
4295,1940
4296,1527
4297,1604
4298,1554
4299,1932
4300,23237
4301,4729
4302,2851
4303,2659
4304,2084
4305,2722
4306,2061
4307,2009
4308,1963
4309,1754
4310,4161
4311,2929
4312,3261
4313,1970
4314,2180
4315,2558
4316,1639
4317,1777
4318,1749
4319,2419
4320,5672
4321,6168
4322,2251
4323,1876
4324,2479
4325,2755
4326,3416
4327,1765
4328,2012
4329,1669
4330,3722
4331,2862
4332,2430
4333,3207
4334,1979
4335,2223
4336,1667
4337,1835
4338,1797
4339,1496
4340,4695
4341,1917
4342,1771
4343,3391
4344,2145
4345,2095
4346,1612
4347,1820
4348,1715
4349,1763
4350,6181
4351,2066
4352,1915
4353,1775
4354,1487
4355,2006
4356,2203
4357,5735
4358,1609
4359,1401
4360,3162
4361,2006
4362,1861
4363,2617
4364,1540
4365,1942
4366,1583
4367,1441
4368,3066
4369,1467
4370,2670
4371,1768
4372,1596
4373,1692
4374,1582
4375,3231
4376,1487
4377,1737
4378,1281
4379,1370
4380,2786
4381,1667
4382,1373
4383,1453
4384,1485
4385,1655
4386,1491
4387,1370
4388,2288
4389,1623
4390,2099
4391,1870
4392,1383
4393,1416
4394,1377
4395,2028
4396,1320
4397,1451
4398,1505
4399,2216
4400,28710
4401,4829
4402,2751
4403,2044
4404,2875
4405,2197
4406,2243
4407,1854
4408,1982
4409,1922
4410,3481
4411,3679
4412,2937
4413,1791
4414,2303
4415,2323
4416,1983
4417,1851
4418,1965
4419,2551
4420,3276
4421,2403
4422,3068
4423,2492
4424,1983
4425,2358
4426,1581
4427,1741
4428,1690
4429,1809
4430,3707
4431,2187
4432,1802
4433,2499
4434,2018
4435,2605
4436,1442
4437,1821
4438,2040
4439,1453
4440,3916
4441,2608
4442,1847
4443,2316
4444,11408
4445,2573
4446,1878
4447,2075
4448,2003
4449,3090
4450,4143
4451,2352
4452,1723
4453,2116
4454,1637
4455,3393
4456,1532
4457,2104
4458,1568
4459,1538
4460,3070
4461,1708
4462,1627
4463,1549
4464,1906
4465,2150
4466,2050
4467,1552
4468,1484
4469,1613
4470,2734
4471,2424
4472,2584
4473,5049
4474,1833
4475,1824
4476,1515
4477,2192
4478,1591
4479,1542
4480,2746
4481,1978
4482,1536
4483,1760
4484,1845
4485,2154
4486,1703
4487,1812
4488,2420
4489,1582
4490,2607
4491,1732
4492,1279
4493,1520
4494,1508
4495,1910
4496,1375
4497,1483
4498,1315
4499,2504
4500,81044
4501,4208
4502,2615
4503,3066
4504,1952
4505,3000
4506,3420
4507,2003
4508,2065
4509,1840
4510,4055
4511,3152
4512,2299
4513,2174
4514,1755
4515,2276
4516,1790
4517,1538
4518,1480
4519,1604
4520,3808
4521,2293
4522,2268
4523,1449
4524,1690
4525,2419
4526,1730
4527,1579
4528,1478
4529,2025
4530,2993
4531,1627
4532,1893
4533,1735
4534,1486
4535,1932
4536,1815
4537,1522
4538,1493
4539,1616
4540,2281
4541,1910
4542,1528
4543,1618
4544,1801
4545,4428
4546,2060
4547,1748
4548,1763
4549,1537
4550,5027
4551,2211
4552,1886
4553,1626
4554,1885
4555,2838
4556,1638
4557,1856
4558,1805
4559,1693
4560,2840
4561,1742
4562,2235
4563,1534
4564,1647
4565,2210
4566,2022
4567,4450
4568,1561
4569,2043
4570,2798
4571,1978
4572,1680
4573,1573
4574,1273
4575,2151
4576,1561
4577,1788
4578,1267
4579,1754
4580,2092
4581,1503
4582,1465
4583,1625
4584,1255
4585,1611
4586,1374
4587,1561
4588,1434
4589,1332
4590,3146
4591,1264
4592,1791
4593,1594
4594,1415
4595,1647
4596,1273
4597,1271
4598,1348
4599,1687
4600,23611
4601,3281
4602,2110
4603,1785
4604,1526
4605,2172
4606,1845
4607,1680
4608,2831
4609,1789
4610,3539
4611,2044
4612,2042
4613,1757
4614,2164
4615,2029
4616,1734
4617,1674
4618,1639
4619,1514
4620,2949
4621,1861
4622,2186
4623,1613
4624,1990
4625,2816
4626,1893
4627,1611
4628,1590
4629,1395
4630,3140
4631,2128
4632,1703
4633,1832
4634,1780
4635,1841
4636,4559
4637,1646
4638,1480
4639,1563
4640,2935
4641,1731
4642,1661
4643,1657
4644,1582
4645,1811
4646,2822
4647,2109
4648,1748
4649,1930
4650,5183
4651,2128
4652,1552
4653,2124
4654,1521
4655,2099
4656,1743
4657,1330
4658,1836
4659,1261
4660,2903
4661,1780
4662,1663
4663,2069
4664,1504
4665,1951
4666,2145
4667,1753
4668,1566
4669,1438
4670,3401
4671,1441
4672,1380
4673,3558
4674,1291
4675,1630
4676,1464
4677,1575
4678,1533
4679,1374
4680,4049
4681,1643
4682,1324
4683,1353
4684,1640
4685,1646
4686,3430
4687,1407
4688,1683
4689,1335
4690,2529
4691,1472
4692,1322
4693,1203
4694,1282
4695,1530
4696,1692
4697,1516
4698,1337
4699,1547
4700,20736
4701,3097
4702,1876
4703,2001
4704,2366
4705,1990
4706,1526
4707,1849
4708,1605
4709,1617
4710,2771
4711,4044
4712,1913
4713,1950
4714,1685
4715,2583
4716,1381
4717,1672
4718,1575
4719,1437
4720,2946
4721,1716
4722,1930
4723,1919
4724,1795
4725,2740
4726,1604
4727,1855
4728,1688
4729,1623
4730,2663
4731,1987
4732,1818
4733,1737
4734,1483
4735,1620
4736,1928
4737,1740
4738,1315
4739,1414
4740,2529
4741,1912
4742,1487
4743,1399
4744,1507
4745,1504
4746,1335
4747,3347
4748,1560
4749,1483
4750,5358
4751,2004
4752,1668
4753,1415
4754,1630
4755,2341
4756,1418
4757,1778
4758,1599
4759,1528
4760,2354
4761,1482
4762,1459
4763,1234
4764,1236
4765,1602
4766,1584
4767,1429
4768,1238
4769,1556
4770,4175
4771,1908
4772,1518
4773,1516
4774,1658
4775,1894
4776,1373
4777,2486
4778,1287
4779,1286
4780,1970
4781,1620
4782,1360
4783,1566
4784,1275
4785,1258
4786,1208
4787,1463
4788,1446
4789,1430
4790,3081
4791,1494
4792,1221
4793,1210
4794,1019
4795,1475
4796,1267
4797,1754
4798,1134
4799,1746
4800,35793
4801,3610
4802,2044
4803,1754
4804,1615
4805,2153
4806,1699
4807,1633
4808,1637
4809,8632
4810,3781
4811,2121
4812,1734
4813,1443
4814,1605
4815,1838
4816,1519
4817,1430
4818,1642
4819,2388
4820,2429
4821,1578
4822,2051
4823,1427
4824,1418
4825,2081
4826,1495
4827,1678
4828,1492
4829,1237
4830,2613
4831,1811
4832,1425
4833,1940
4834,1232
4835,1823
4836,1371
4837,1233
4838,1423
4839,1471
4840,2285
4841,1850
4842,1531
4843,1417
4844,1570
4845,1880
4846,1183
4847,1491
4848,3063
4849,1989
4850,6078
4851,1663
4852,1723
4853,1473
4854,1298
4855,1528
4856,1456
4857,1278
4858,1357
4859,1433
4860,2598
4861,1987
4862,1376
4863,1249
4864,1585
4865,1372
4866,1350
4867,1550
4868,2911
4869,1450
4870,5215
4871,1463
4872,1762
4873,1241
4874,1369
4875,2066
4876,1419
4877,1589
4878,1808
4879,1268
4880,2557
4881,1391
4882,1237
4883,1280
4884,1475
4885,1524
4886,1321
4887,1486
4888,2139
4889,1926
4890,2770
4891,1163
4892,1277
4893,1150
4894,1167
4895,1760
4896,1335
4897,1206
4898,1318
4899,1668
4900,14172
4901,3133
4902,1687
4903,1705
4904,1531
4905,2133
4906,1495
4907,1419
4908,1292
4909,1773
4910,2662
4911,2331
4912,1570
4913,1557
4914,1616
4915,2146
4916,1466
4917,1421
4918,1302
4919,1494
4920,2555
4921,1949
4922,1745
4923,1527
4924,1408
4925,1960
4926,1720
4927,1281
4928,1552
4929,1567
4930,2164
4931,1488
4932,1673
4933,1634
4934,1378
4935,1429
4936,1413
4937,1341
4938,1317
4939,1772
4940,2279
4941,1589
4942,1419
4943,1461
4944,1888
4945,3063
4946,1273
4947,1443
4948,1683
4949,2539
4950,4477
4951,1658
4952,1653
4953,1390
4954,1466
4955,1651
4956,1463
4957,1389
4958,1548
4959,2653
4960,2384
4961,1478
4962,1366
4963,1331
4964,1178
4965,1469
4966,1407
4967,1428
4968,1367
4969,1278
4970,2041
4971,1378
4972,1143
4973,1088
4974,1288
4975,2606
4976,1223
4977,1584
4978,1154
4979,1308
4980,2246
4981,1265
4982,1236
4983,1253
4984,1281
4985,1383
4986,1301
4987,1151
4988,1328
4989,1269
4990,2656
4991,1534
4992,1415
4993,1697
4994,1448
4995,2398
4996,1439
4997,1532
4998,1637
4999,5650
5000,553623
5001,9662
5002,4583
5003,3755
5004,3162
5005,5444
5006,2790
5007,7640
5008,5144
5009,2768
5010,7456
5011,3331
5012,2347
5013,2307
5014,2434
5015,3739
5016,2182
5017,2075
5018,2618
5019,1914
5020,4983
5021,2502
5022,2373
5023,1878
5024,2015
5025,2546
5026,1693
5027,1702
5028,1587
5029,1613
5030,3920
5031,1967
5032,1786
5033,2352
5034,1737
5035,2165
5036,1801
5037,1934
5038,1576
5039,2355
5040,5280
5041,1757
5042,1616
5043,1798
5044,2164
5045,2332
5046,1614
5047,1678
5048,1593
5049,1574
5050,12169
5051,2550
5052,3815
5053,2043
5054,1853
5055,3432
5056,1761
5057,1622
5058,1429
5059,1773
5060,5276
5061,3241
5062,1512
5063,1733
5064,1623
5065,2085
5066,1796
5067,2124
5068,1519
5069,1618
5070,3259
5071,1483
5072,1446
5073,1603
5074,1363
5075,2229
5076,1388
5077,1444
5078,1382
5079,1446
5080,3165
5081,1630
5082,1333
5083,2932
5084,1349
5085,1932
5086,1638
5087,1229
5088,1826
5089,1453
5090,2612
5091,1450
5092,1386
5093,1291
5094,1249
5095,1606
5096,1543
5097,1259
5098,1195
5099,1550
5100,25097
5101,4761
5102,3087
5103,2526
5104,2356
5105,9431
5106,1826
5107,2077
5108,1918
5109,1629
5110,4621
5111,3828
5112,2276
5113,1899
5114,2976
5115,2520
5116,1813
5117,1756
5118,1775
5119,1757
5120,5934
5121,2667
5122,2202
5123,2243
5124,1683
5125,2511
5126,1841
5127,1582
5128,2472
5129,1515
5130,3386
5131,2180
5132,1658
5133,1725
5134,1695
5135,1969
5136,1429
5137,1539
5138,1301
5139,1549
5140,2973
5141,1723
5142,1543
5143,1418
5144,1567
5145,1756
5146,1687
5147,1310
5148,1441
5149,1582
5150,12002
5151,3821
5152,2093
5153,2090
5154,1552
5155,2124
5156,1487
5157,1489
5158,1443
5159,1427
5160,4317
5161,2083
5162,1370
5163,1329
5164,1559
5165,1720
5166,1525
5167,2078
5168,1426
5169,1643
5170,2366
5171,1722
5172,1860
5173,1335
5174,1304
5175,1868
5176,1489
5177,1487
5178,1156
5179,1172
5180,2177
5181,1541
5182,1458
5183,1374
5184,2052
5185,1911
5186,1145
5187,1271
5188,1502
5189,1330
5190,2211
5191,1950
5192,1184
5193,1526
5194,12878
5195,2035
5196,1402
5197,1281
5198,1551
5199,1834
5200,33239
5201,3457
5202,1970
5203,1954
5204,2260
5205,2298
5206,1738
5207,1792
5208,1929
5209,1659
5210,3697
5211,2626
5212,2078
5213,1568
5214,1764
5215,1931
5216,1734
5217,2701
5218,1639
5219,1476
5220,4096
5221,2396
5222,3162
5223,2203
5224,1666
5225,3003
5226,1602
5227,1813
5228,1403
5229,1421
5230,3730
5231,1804
5232,1776
5233,2392
5234,1452
5235,2181
5236,1840
5237,1539
5238,1350
5239,1269
5240,2512
5241,1686
5242,1496
5243,1437
5244,1356
5245,1857
5246,1361
5247,1632
5248,1441
5249,1399
5250,7038
5251,2289
5252,2914
5253,2328
5254,1553
5255,2780
5256,1440
5257,1589
5258,1579
5259,1258
5260,2207
5261,1584
5262,1694
5263,1696
5264,1269
5265,1401
5266,1861
5267,1492
5268,1237
5269,1466
5270,2163
5271,1573
5272,1577
5273,1554
5274,1222
5275,1726
5276,1099
5277,1472
5278,1376
5279,1297
5280,6809
5281,5370
5282,1247
5283,1677
5284,1163
5285,1674
5286,1244
5287,1297
5288,1414
5289,1339
5290,1858
5291,1469
5292,1519
5293,1180
5294,1141
5295,1275
5296,1480
5297,1378
5298,1111
5299,1619
5300,20668
5301,3905
5302,1933
5303,2014
5304,1915
5305,2242
5306,1663
5307,2162
5308,1367
5309,2448
5310,4283
5311,2488
5312,1975
5313,1800
5314,1352
5315,2132
5316,1720
5317,1440
5318,1392
5319,1444
5320,3432
5321,2218
5322,2206
5323,1992
5324,1998
5325,2105
5326,1539
5327,1608
5328,1559
5329,1755
5330,2760
5331,1891
5332,1610
5333,2869
5334,1795
5335,2282
5336,1521
5337,1505
5338,1258
5339,1428
5340,2265
5341,1575
5342,1286
5343,1792
5344,1478
5345,1829
5346,1311
5347,1799
5348,1364
5349,1401
5350,3542
5351,1495
5352,1381
5353,2652
5354,1600
5355,1954
5356,1798
5357,1507
5358,1510
5359,1397
5360,2042
5361,1378
5362,1321
5363,1635
5364,1314
5365,1357
5366,1433
5367,1358
5368,1224
5369,1154
5370,2100
5371,1401
5372,1076
5373,1611
5374,1212
5375,1669
5376,1685
5377,1637
5378,1223
5379,1308
5380,2288
5381,1628
5382,1227
5383,1388
5384,1151
5385,1469
5386,1361
5387,1434
5388,1298
5389,1219
5390,1732
5391,1286
5392,1124
5393,1223
5394,1126
5395,1502
5396,1332
5397,1158
5398,1119
5399,1331
5400,25675
5401,3745
5402,2360
5403,1987
5404,1762
5405,2338
5406,2516
5407,1853
5408,1903
5409,1422
5410,2709
5411,2540
5412,1924
5413,1497
5414,1699
5415,2283
5416,1620
5417,1420
5418,1884
5419,1342
5420,2919
5421,1550
5422,1838
5423,1613
5424,1831
5425,1981
5426,1179
5427,1346
5428,1640
5429,1252
5430,2474
5431,1545
5432,2933
5433,2432
5434,1424
5435,1657
5436,1207
5437,2365
5438,1325
5439,1641
5440,2667
5441,1717
5442,1649
5443,1773
5444,2109
5445,2080
5446,1605
5447,1504
5448,1569
5449,1596
5450,4426
5451,1445
5452,1373
5453,1695
5454,2725
5455,2276
5456,1567
5457,1412
5458,1224
5459,1305
5460,2176
5461,2835
5462,1306
5463,1616
5464,1496
5465,1910
5466,1573
5467,1330
5468,1307
5469,1150
5470,2298
5471,2414
5472,3831
5473,1223
5474,1438
5475,1533
5476,1480
5477,1381
5478,1402
5479,1342
5480,2236
5481,1510
5482,1455
5483,1501
5484,1173
5485,1357
5486,1149
5487,1220
5488,1455
5489,1190
5490,2019
5491,1844
5492,1033
5493,1136
5494,1351
5495,1946
5496,1056
5497,1040
5498,1852
5499,1671
5500,57557
5501,3402
5502,1906
5503,1768
5504,1628
5505,3347
5506,2420
5507,1531
5508,1976
5509,1871
5510,4229
5511,3156
5512,2490
5513,2500
5514,1700
5515,2392
5516,1774
5517,2018
5518,1780
5519,1433
5520,4328
5521,2153
5522,2134
5523,1762
5524,1866
5525,2889
5526,1471
5527,1609
5528,1304
5529,1515
5530,3698
5531,1678
5532,1697
5533,2212
5534,1636
5535,1915
5536,1605
5537,1628
5538,1294
5539,1803
5540,2535
5541,1755
5542,1472
5543,1327
5544,2054
5545,1986
5546,1413
5547,1771
5548,2611
5549,1175
5550,5137
5551,2167
5552,1856
5553,1678
5554,1583
5555,13499
5556,2124
5557,1888
5558,1795
5559,1800
5560,2568
5561,1550
5562,1219
5563,1317
5564,1423
5565,1968
5566,2269
5567,1512
5568,1617
5569,1143
5570,2686
5571,1417
5572,1334
5573,1265
5574,1138
5575,1993
5576,1181
5577,2328
5578,1263
5579,1116
5580,2239
5581,1336
5582,1263
5583,1284
5584,1367
5585,1797
5586,1186
5587,1211
5588,1996
5589,1167
5590,2234
5591,1291
5592,1187
5593,1182
5594,1093
5595,1556
5596,1189
5597,1239
5598,1137
5599,1666
5600,25094
5601,3074
5602,1714
5603,1569
5604,1519
5605,1778
5606,1806
5607,1524
5608,1404
5609,1487
5610,4606
5611,2151
5612,1600
5613,1320
5614,1271
5615,1615
5616,1741
5617,1276
5618,1222
5619,1314
5620,2402
5621,1632
5622,1380
5623,1495
5624,1363
5625,3742
5626,1588
5627,1567
5628,1305
5629,1265
5630,2401
5631,1399
5632,1623
5633,1469
5634,1364
5635,1920
5636,1326
5637,2690
5638,1263
5639,1193
5640,2071
5641,1443
5642,1297
5643,1471
5644,1412
5645,1503
5646,1759
5647,1279
5648,1066
5649,1147
5650,3704
5651,1573
5652,1447
5653,1226
5654,1440
5655,2047
5656,2208
5657,1457
5658,1288
5659,1189
5660,2402
5661,1669
5662,1332
5663,1420
5664,1440
5665,1937
5666,1679
5667,1631
5668,1210
5669,1332
5670,2990
5671,1595
5672,1544
5673,1251
5674,1166
5675,1587
5676,1537
5677,1249
5678,4144
5679,1122
5680,2020
5681,1199
5682,1043
5683,1353
5684,1044
5685,1299
5686,1163
5687,1666
5688,1498
5689,1312
5690,1626
5691,1186
5692,1081
5693,1045
5694,1111
5695,1535
5696,1296
5697,999
5698,1212
5699,1476
5700,23294
5701,3824
5702,1626
5703,1702
5704,1387
5705,1785
5706,1351
5707,1610
5708,1727
5709,1561
5710,2096
5711,3095
5712,1937
5713,1614
5714,1524
5715,1784
5716,1171
5717,1602
5718,1442
5719,1710
5720,2535
5721,1744
5722,1731
5723,1327
5724,1237
5725,2082
5726,1147
5727,1797
5728,1608
5729,1251
5730,3332
5731,1336
5732,1269
5733,1777
5734,1547
5735,1701
5736,1246
5737,1301
5738,1185
5739,1352
5740,2316
5741,1664
5742,1385
5743,1385
5744,1493
5745,1637
5746,1211
5747,1510
5748,1460
5749,1220
5750,5167
5751,2126
5752,1296
5753,1997
5754,2111
5755,2092
5756,1237
5757,2232
5758,1491
5759,1392
5760,4351
5761,1525
5762,1378
5763,1534
5764,1417
5765,1705
5766,1526
5767,1557
5768,1759
5769,1641
5770,4901
5771,2066
5772,3436
5773,1830
5774,2072
5775,2902
5776,1944
5777,3450
5778,2330
5779,1762
5780,2579
5781,1828
5782,1622
5783,1233
5784,1032
5785,1225
5786,1047
5787,1180
5788,1512
5789,1359
5790,1580
5791,1204
5792,1169
5793,1774
5794,878
5795,1264
5796,973
5797,1534
5798,1135
5799,1248
5800,21578
5801,2874
5802,1630
5803,1480
5804,1402
5805,1667
5806,1450
5807,1497
5808,1634
5809,1163
5810,2465
5811,1976
5812,2652
5813,1525
5814,1306
5815,1629
5816,1228
5817,1384
5818,1252
5819,1470
5820,2294
5821,1303
5822,1628
5823,1292
5824,1325
5825,1816
5826,1029
5827,1165
5828,1494
5829,1325
5830,2569
5831,1254
5832,1507
5833,1607
5834,1087
5835,1231
5836,1102
5837,1266
5838,1254
5839,1507
5840,2137
5841,1537
5842,1070
5843,1357
5844,1118
5845,1505
5846,1484
5847,1231
5848,1202
5849,1389
5850,4951
5851,1470
5852,1299
5853,1281
5854,1080
5855,1856
5856,1336
5857,1148
5858,2075
5859,1403
5860,1810
5861,1575
5862,1181
5863,1033
5864,1095
5865,1426
5866,1479
5867,1287
5868,1306
5869,1202
5870,4626
5871,1196
5872,1056
5873,984
5874,1099
5875,1857
5876,2261
5877,1360
5878,1045
5879,1099
5880,2290
5881,1545
5882,1064
5883,1130
5884,1101
5885,1491
5886,981
5887,1483
5888,2078
5889,1151
5890,2436
5891,1287
5892,1117
5893,1067
5894,964
5895,1586
5896,1087
5897,1326
5898,1038
5899,1360
5900,12548
5901,2761
5902,1538
5903,1414
5904,1366
5905,1844
5906,1544
5907,1730
5908,1496
5909,1347
5910,2075
5911,1756
5912,1318
5913,1094
5914,1030
5915,1396
5916,1104
5917,1212
5918,1025
5919,1383
5920,2294
5921,1361
5922,1218
5923,1500
5924,970
5925,1768
5926,1038
5927,1275
5928,1064
5929,1120
5930,2814
5931,1265
5932,1066
5933,1265
5934,1166
5935,1798
5936,1103
5937,1282
5938,990
5939,1153
5940,1958
5941,1360
5942,1083
5943,1050
5944,1101
5945,1256
5946,1096
5947,1037
5948,984
5949,1131
5950,3481
5951,1182
5952,1309
5953,1112
5954,1025
5955,1634
5956,1070
5957,1092
5958,1226
5959,2253
5960,2320
5961,1174
5962,1335
5963,1322
5964,1049
5965,1663
5966,1135
5967,1225
5968,1054
5969,1139
5970,3136
5971,1175
5972,1266
5973,1666
5974,957
5975,1851
5976,1176
5977,1092
5978,1073
5979,1227
5980,1983
5981,1083
5982,974
5983,1105
5984,1222
5985,1349
5986,1191
5987,1087
5988,1242
5989,1191
5990,2490
5991,1247
5992,1202
5993,1180
5994,1202
5995,2215
5996,1334
5997,1141
5998,1438
5999,3434
6000,231201
6001,7425
6002,4356
6003,2708
6004,2547
6005,3224
6006,3205
6007,2206
6008,2524
6009,2824
6010,5079
6011,3964
6012,2922
6013,2468
6014,1917
6015,3076
6016,2240
6017,1667
6018,1808
6019,1718
6020,4356
6021,2500
6022,2077
6023,1551
6024,1719
6025,2195
6026,1437
6027,1612
6028,1618
6029,1358
6030,3493
6031,1701
6032,1745
6033,2028
6034,1387
6035,2116
6036,1423
6037,1387
6038,1505
6039,1453
6040,3274
6041,1791
6042,1539
6043,1300
6044,1617
6045,2102
6046,1202
6047,1171
6048,1465
6049,1640
6050,4305
6051,1868
6052,1557
6053,1351
6054,1188
6055,2639
6056,1740
6057,1146
6058,1155
6059,1409
6060,5672
6061,15379
6062,1749
6063,3650
6064,1377
6065,1830
6066,1867
6067,1652
6068,1428
6069,1309
6070,2808
6071,1459
6072,1301
6073,1397
6074,1229
6075,1797
6076,1328
6077,1253
6078,1163
6079,1240
6080,2963
6081,1519
6082,2401
6083,1215
6084,2925
6085,1686
6086,1491
6087,1203
6088,1438
6089,1060
6090,2740
6091,1371
6092,1254
6093,1290
6094,1203
6095,1430
6096,1216
6097,1200
6098,1155
6099,1451
6100,18140
6101,3829
6102,2724
6103,3300
6104,1903
6105,3063
6106,2350
6107,1753
6108,1864
6109,1956
6110,3608
6111,4189
6112,2018
6113,1645
6114,1805
6115,2212
6116,1642
6117,1602
6118,1550
6119,1722
6120,4126
6121,2254
6122,1678
6123,1851
6124,1486
6125,2340
6126,1869
6127,1448
6128,1847
6129,1326
6130,2521
6131,2294
6132,1439
6133,1762
6134,1093
6135,1461
6136,1316
6137,1214
6138,1277
6139,1651
6140,2303
6141,1832
6142,1246
6143,1565
6144,2641
6145,1588
6146,1346
6147,1348
6148,1451
6149,1131
6150,4503
6151,2264
6152,1486
6153,1368
6154,1515
6155,1717
6156,1450
6157,1381
6158,1105
6159,1200
6160,2701
6161,2417
6162,1740
6163,1525
6164,1521
6165,1523
6166,1991
6167,1389
6168,1307
6169,1179
6170,1858
6171,1505
6172,1181
6173,1428
6174,1264
6175,1413
6176,1280
6177,1303
6178,991
6179,1231
6180,2961
6181,1534
6182,1795
6183,1427
6184,945
6185,1411
6186,929
6187,1020
6188,1175
6189,1292
6190,1686
6191,1229
6192,1096
6193,1022
6194,941
6195,1260
6196,1233
6197,946
6198,1181
6199,1490
6200,19731
6201,3423
6202,1968
6203,2213
6204,1949
6205,2509
6206,1651
6207,1879
6208,1637
6209,1548
6210,3519
6211,2412
6212,1938
6213,1838
6214,1574
6215,1981
6216,1352
6217,1482
6218,1359
6219,1200
6220,3004
6221,2914
6222,2435
6223,1977
6224,1509
6225,2012
6226,1964
6227,1672
6228,1304
6229,1638
6230,3518
6231,1914
6232,1752
6233,1986
6234,1559
6235,1890
6236,1325
6237,1603
6238,1516
6239,2017
6240,3183
6241,1738
6242,1736
6243,1378
6244,1376
6245,1572
6246,1289
6247,1365
6248,1387
6249,1235
6250,6213
6251,2098
6252,1624
6253,1633
6254,1597
6255,1942
6256,1314
6257,1299
6258,1335
6259,1191
6260,2292
6261,1869
6262,2401
6263,2037
6264,1779
6265,1854
6266,1577
6267,1207
6268,1298
6269,1509
6270,2017
6271,1512
6272,1591
6273,2164
6274,1247
6275,1792
6276,1324
6277,2042
6278,1385
6279,1222
6280,2259
6281,1401
6282,1333
6283,1399
6284,1290
6285,1591
6286,1027
6287,1198
6288,1507
6289,1258
6290,1651
6291,1333
6292,1209
6293,1195
6294,1204
6295,1269
6296,1048
6297,1153
6298,1080
6299,1521
6300,22437
6301,3469
6302,2374
6303,2049
6304,1787
6305,1860
6306,1521
6307,1568
6308,1335
6309,1770
6310,2960
6311,2010
6312,1622
6313,1395
6314,1225
6315,1729
6316,1355
6317,1293
6318,1248
6319,1226
6320,2711
6321,1945
6322,1634
6323,1689
6324,1390
6325,1861
6326,1297
6327,1312
6328,1374
6329,1217
6330,3746
6331,1756
6332,1934
6333,2938
6334,2025
6335,1411
6336,1772
6337,1544
6338,1416
6339,1263
6340,2137
6341,1525
6342,1218
6343,1400
6344,1288
6345,1572
6346,1301
6347,1437
6348,1546
6349,1086
6350,3175
6351,1480
6352,1201
6353,1277
6354,1144
6355,2549
6356,1077
6357,1526
6358,1008
6359,1123
6360,2438
6361,2337
6362,1579
6363,3646
6364,1746
6365,1976
6366,1363
6367,1266
6368,1125
6369,1118
6370,1713
6371,1864
6372,1227
6373,1184
6374,1251
6375,1621
6376,1173
6377,1370
6378,1519
6379,1851
6380,2007
6381,1197
6382,1200
6383,1171
6384,1109
6385,1234
6386,1155
6387,1113
6388,1777
6389,1285
6390,1779
6391,1171
6392,1134
6393,1189
6394,980
6395,1258
6396,1063
6397,2691
6398,1027
6399,1487
6400,28815
6401,2552
6402,2023
6403,1411
6404,1656
6405,2045
6406,1459
6407,1297
6408,1297
6409,1418
6410,2362
6411,2076
6412,1500
6413,1356
6414,1363
6415,1533
6416,1517
6417,1298
6418,1175
6419,1360
6420,2546
6421,1465
6422,1338
6423,1335
6424,1416
6425,2368
6426,1382
6427,1082
6428,1238
6429,1263
6430,1987
6431,1509
6432,1451
6433,1410
6434,1398
6435,1727
6436,1025
6437,1313
6438,1379
6439,1024
6440,2471
6441,1827
6442,1169
6443,1490
6444,1746
6445,1345
6446,1529
6447,1113
6448,1063
6449,1423
6450,3773
6451,1230
6452,1220
6453,1276
6454,1156
6455,1828
6456,1126
6457,1585
6458,1124
6459,1181
6460,2145
6461,1239
6462,1013
6463,1532
6464,2297
6465,1461
6466,1365
6467,1124
6468,1740
6469,1114
6470,1847
6471,1223
6472,1126
6473,1211
6474,1084
6475,2080
6476,1001
6477,1134
6478,1147
6479,1057
6480,1972
6481,1057
6482,1186
6483,1096
6484,1364
6485,1064
6486,880
6487,1258
6488,1532
6489,1241
6490,1733
6491,1059
6492,1269
6493,933
6494,1067
6495,1488
6496,1058
6497,1464
6498,1188
6499,1484
6500,49290
6501,3762
6502,8511
6503,1821
6504,1335
6505,2636
6506,1356
6507,1519
6508,1569
6509,1821
6510,3487
6511,3000
6512,2000
6513,1544
6514,1359
6515,1974
6516,1653
6517,1297
6518,1234
6519,1313
6520,3390
6521,1332
6522,1783
6523,1143
6524,1257
6525,1970
6526,1149
6527,1090
6528,1132
6529,1185
6530,2475
6531,1393
6532,1429
6533,1323
6534,1110
6535,1595
6536,1321
6537,1129
6538,1881
6539,1040
6540,1692
6541,1452
6542,1406
6543,1660
6544,1214
6545,1539
6546,1002
6547,1021
6548,1530
6549,976
6550,3908
6551,1452
6552,1634
6553,1429
6554,1053
6555,2461
6556,1373
6557,1122
6558,994
6559,1053
6560,2366
6561,1772
6562,1321
6563,1620
6564,1080
6565,2231
6566,1540
6567,1164
6568,1051
6569,1193
6570,2126
6571,1181
6572,1149
6573,980
6574,1027
6575,1470
6576,1071
6577,1131
6578,1005
6579,1048
6580,2176
6581,1442
6582,1150
6583,2323
6584,2032
6585,1471
6586,922
6587,1014
6588,1118
6589,976
6590,1328
6591,1125
6592,987
6593,844
6594,880
6595,1275
6596,1752
6597,913
6598,914
6599,1130
6600,24220
6601,2501
6602,1579
6603,1453
6604,1654
6605,1557
6606,1703
6607,1258
6608,1190
6609,1153
6610,2654
6611,3242
6612,1392
6613,1421
6614,1367
6615,1588
6616,1380
6617,1094
6618,1055
6619,1067
6620,2598
6621,1743
6622,1787
6623,1139
6624,1339
6625,1552
6626,1258
6627,1097
6628,1075
6629,1064
6630,2462
6631,1415
6632,1763
6633,2601
6634,1101
6635,1247
6636,1518
6637,1134
6638,1029
6639,1158
6640,1593
6641,1409
6642,1160
6643,1351
6644,1663
6645,1464
6646,1211
6647,1003
6648,1025
6649,1136
6650,3057
6651,1925
6652,1268
6653,1587
6654,1554
6655,2215
6656,1334
6657,1575
6658,908
6659,1095
6660,2016
6661,1523
6662,2287
6663,1268
6664,1543
6665,1444
6666,6293
6667,4886
6668,1253
6669,1188
6670,2688
6671,1567
6672,1635
6673,1360
6674,1040
6675,1460
6676,1149
6677,1863
6678,1643
6679,981
6680,2032
6681,1356
6682,1243
6683,1230
6684,1279
6685,1251
6686,1232
6687,1198
6688,1935
6689,1060
6690,1455
6691,1022
6692,861
6693,964
6694,1474
6695,1174
6696,1298
6697,1251
6698,1633
6699,1857
6700,17842
6701,2707
6702,1454
6703,1342
6704,1204
6705,1425
6706,1141
6707,1599
6708,1925
6709,1165
6710,1888
6711,1548
6712,1434
6713,1389
6714,1047
6715,1440
6716,1829
6717,1742
6718,1004
6719,958
6720,2497
6721,1320
6722,1684
6723,1503
6724,1134
6725,1871
6726,1099
6727,1322
6728,1079
6729,1003
6730,1663
6731,2494
6732,1189
6733,1352
6734,1152
6735,1481
6736,7759
6737,1419
6738,1047
6739,999
6740,1806
6741,1360
6742,1258
6743,1027
6744,1137
6745,1433
6746,936
6747,1170
6748,1039
6749,1384
6750,4287
6751,1491
6752,2212
6753,1208
6754,998
6755,1362
6756,839
6757,1264
6758,1447
6759,961
6760,1620
6761,1053
6762,1101
6763,1112
6764,942
6765,1312
6766,1225
6767,2013
6768,1276
6769,1134
6770,2604
6771,1136
6772,1155
6773,1409
6774,994
6775,1300
6776,1576
6777,2536
6778,1063
6779,1214
6780,1563
6781,1227
6782,893
6783,1001
6784,1117
6785,1114
6786,981
6787,1282
6788,1086
6789,3441
6790,1726
6791,1853
6792,893
6793,970
6794,832
6795,1074
6796,950
6797,943
6798,898
6799,1191
6800,24526
6801,2598
6802,1355
6803,3711
6804,1319
6805,1470
6806,1137
6807,1257
6808,1187
6809,2185
6810,2374
6811,1895
6812,1252
6813,1051
6814,1236
6815,1361
6816,956
6817,1240
6818,1120
6819,1619
6820,2268
6821,1240
6822,2373
6823,1352
6824,1348
6825,1746
6826,1167
6827,1159
6828,1151
6829,947
6830,2239
6831,1446
6832,1015
6833,1454
6834,1143
6835,1376
6836,1092
6837,1077
6838,1008
6839,984
6840,1983
6841,1195
6842,1479
6843,1497
6844,1029
6845,1315
6846,1302
6847,1188
6848,1145
6849,863
6850,4174
6851,1749
6852,1040
6853,1248
6854,1776
6855,1187
6856,1019
6857,980
6858,939
6859,1078
6860,1570
6861,1185
6862,911
6863,944
6864,1023
6865,1178
6866,1152
6867,939
6868,2269
6869,1180
6870,3617
6871,1076
6872,1305
6873,976
6874,893
6875,2353
6876,1126
6877,1351
6878,1150
6879,1163
6880,2567
6881,1465
6882,1306
6883,1059
6884,1088
6885,1192
6886,1214
6887,1148
6888,2528
6889,1093
6890,2729
6891,950
6892,1030
6893,809
6894,822
6895,1057
6896,817
6897,1113
6898,831
6899,1223
6900,12706
6901,2500
6902,1618
6903,1375
6904,1140
6905,1416
6906,1181
6907,1146
6908,895
6909,1315
6910,2123
6911,1621
6912,1460
6913,1020
6914,971
6915,1377
6916,927
6917,1084
6918,884
6919,1075
6920,2376
6921,1177
6922,1693
6923,1028
6924,1361
6925,1424
6926,998
6927,923
6928,913
6929,1004
6930,1856
6931,1154
6932,900
6933,1626
6934,936
6935,1106
6936,973
6937,1192
6938,897
6939,1206
6940,1677
6941,1259
6942,902
6943,871
6944,1198
6945,1062
6946,2409
6947,1055
6948,839
6949,1079
6950,4728
6951,1256
6952,811
6953,875
6954,990
6955,1330
6956,941
6957,992
6958,1034
6959,985
6960,1944
6961,1015
6962,1158
6963,1759
6964,940
6965,1108
6966,1285
6967,821
6968,1602
6969,2411
6970,3083
6971,1106
6972,1130
6973,963
6974,898
6975,1378
6976,1390
6977,1252
6978,1292
6979,1115
6980,1656
6981,1381
6982,783
6983,1032
6984,871
6985,1007
6986,896
6987,838
6988,1923
6989,1179
6990,2479
6991,1161
6992,962
6993,1001
6994,813
6995,1521
6996,1272
6997,1008
6998,1166
6999,2743
7000,144668
7001,6088
7002,3881
7003,3167
7004,3239
7005,3297
7006,2335
7007,3129
7008,1983
7009,2047
7010,4864
7011,2459
7012,2537
7013,2000
7014,1897
7015,2724
7016,1888
7017,1923
7018,2309
7019,2449
7020,4261
7021,1881
7022,1610
7023,1809
7024,1590
7025,2239
7026,1392
7027,2183
7028,1184
7029,1472
7030,3682
7031,1966
7032,1249
7033,1483
7034,1477
7035,1774
7036,1405
7037,1542
7038,1137
7039,1181
7040,2995
7041,1474
7042,1701
7043,1511
7044,1416
7045,1398
7046,1166
7047,1460
7048,1063
7049,1163
7050,4370
7051,1311
7052,1524
7053,1098
7054,1410
7055,1943
7056,1255
7057,1405
7058,1160
7059,1237
7060,2493
7061,1449
7062,1048
7063,1082
7064,1123
7065,1870
7066,1215
7067,1209
7068,1240
7069,1318
7070,4406
7071,3210
7072,1350
7073,1440
7074,1530
7075,8473
7076,1316
7077,2135
7078,1526
7079,1341
7080,2823
7081,1363
7082,2280
7083,1432
7084,968
7085,1547
7086,966
7087,1352
7088,1228
7089,1162
7090,2592
7091,1210
7092,1135
7093,1221
7094,1802
7095,1598
7096,1159
7097,1024
7098,985
7099,1465
7100,15794
7101,2688
7102,2441
7103,2532
7104,1558
7105,1827
7106,2747
7107,1486
7108,1303
7109,1348
7110,3412
7111,3565
7112,1698
7113,1323
7114,2100
7115,1609
7116,2058
7117,1863
7118,1274
7119,1327
7120,3485
7121,2170
7122,1831
7123,1709
7124,1197
7125,1936
7126,1383
7127,1150
7128,1136
7129,1411
7130,2297
7131,1560
7132,1332
7133,1228
7134,1333
7135,1996
7136,1343
7137,1209
7138,1052
7139,1078
7140,2024
7141,1552
7142,1280
7143,1303
7144,1192
7145,1272
7146,1151
7147,1113
7148,971
7149,927
7150,3850
7151,1434
7152,1179
7153,1740
7154,1011
7155,1736
7156,955
7157,923
7158,966
7159,1026
7160,2456
7161,1337
7162,934
7163,1328
7164,1183
7165,1254
7166,1208
7167,1370
7168,1207
7169,1143
7170,1744
7171,2265
7172,1560
7173,1097
7174,1115
7175,1340
7176,1677
7177,1386
7178,970
7179,1091
7180,1847
7181,1543
7182,1108
7183,1496
7184,1054
7185,1288
7186,1001
7187,1027
7188,1525
7189,1175
7190,1781
7191,1311
7192,1004
7193,1074
7194,948
7195,1474
7196,893
7197,938
7198,890
7199,1320
7200,31242
7201,3368
7202,2115
7203,2477
7204,1373
7205,1918
7206,1923
7207,1407
7208,1543
7209,1213
7210,3035
7211,2384
7212,1769
7213,1556
7214,1188
7215,1506
7216,1554
7217,1243
7218,1218
7219,1606
7220,2764
7221,1734
7222,2505
7223,2281
7224,3003
7225,2100
7226,1455
7227,1714
7228,1289
7229,1187
7230,2054
7231,1417
7232,1273
7233,3514
7234,1688
7235,1360
7236,1145
7237,1270
7238,1217
7239,1284
7240,2124
7241,1283
7242,1273
7243,1936
7244,1249
7245,1892
7246,1317
7247,1238
7248,1226
7249,1103
7250,4669
7251,1568
7252,1481
7253,1402
7254,1036
7255,1462
7256,1618
7257,1289
7258,1618
7259,959
7260,2896
7261,1275
7262,1387
7263,1234
7264,1263
7265,1576
7266,1256
7267,1456
7268,872
7269,1364
7270,1732
7271,1196
7272,2553
7273,1636
7274,1322
7275,2551
7276,1045
7277,1966
7278,1326
7279,982
7280,2159
7281,1275
7282,1200
7283,1251
7284,1071
7285,1318
7286,1010
7287,1292
7288,1288
7289,1421
7290,2095
7291,1512
7292,1279
7293,1241
7294,945
7295,1118
7296,954
7297,1261
7298,925
7299,1076
7300,15767
7301,2084
7302,1695
7303,1548
7304,1691
7305,1760
7306,1678
7307,1610
7308,1392
7309,1127
7310,2360
7311,1740
7312,1311
7313,1180
7314,1188
7315,1390
7316,1148
7317,1155
7318,1274
7319,1312
7320,2396
7321,2248
7322,1260
7323,1895
7324,1755
7325,1718
7326,2521
7327,1159
7328,1306
7329,969
7330,1979
7331,1741
7332,1484
7333,2390
7334,1262
7335,1372
7336,1333
7337,1596
7338,1006
7339,1028
7340,2087
7341,984
7342,1008
7343,1279
7344,1189
7345,1375
7346,1064
7347,1242
7348,1093
7349,916
7350,2944
7351,1299
7352,1284
7353,1353
7354,1150
7355,1501
7356,1062
7357,985
7358,847
7359,1067
7360,2194
7361,1044
7362,931
7363,1146
7364,1012
7365,1061
7366,1110
7367,1178
7368,1624
7369,914
7370,1923
7371,1185
7372,1134
7373,2209
7374,1116
7375,1725
7376,1060
7377,1563
7378,1859
7379,1158
7380,1788
7381,1165
7382,1208
7383,1208
7384,1083
7385,1192
7386,1531
7387,1592
7388,1234
7389,1053
7390,2101
7391,1206
7392,1152
7393,1176
7394,980
7395,1130
7396,918
7397,929
7398,956
7399,1281
7400,13435
7401,2612
7402,2788
7403,1523
7404,2584
7405,2256
7406,1091
7407,1581
7408,1451
7409,1231
7410,2704
7411,2987
7412,1484
7413,1592
7414,1365
7415,1510
7416,1022
7417,1198
7418,972
7419,1125
7420,2997
7421,1554
7422,1514
7423,1187
7424,1551
7425,1660
7426,1213
7427,1299
7428,1074
7429,1291
7430,2028
7431,1325
7432,1580
7433,1884
7434,1306
7435,1397
7436,1291
7437,1205
7438,938
7439,1185
7440,2537
7441,1453
7442,1166
7443,1541
7444,1888
7445,1773
7446,1259
7447,1786
7448,1025
7449,1027
7450,3111
7451,1185
7452,1181
7453,1014
7454,1087
7455,1297
7456,1267
7457,1168
7458,1238
7459,934
7460,1600
7461,1034
7462,1033
7463,1613
7464,1125
7465,1232
7466,1126
7467,1217
7468,1028
7469,2902
7470,1836
7471,1088
7472,1078
7473,1033
7474,1928
7475,1744
7476,1198
7477,1190
7478,1080
7479,1068
7480,1862
7481,1263
7482,1085
7483,1103
7484,1141
7485,1113
7486,1229
7487,1045
7488,1246
7489,999
7490,2121
7491,1486
7492,1073
7493,1164
7494,1332
7495,1323
7496,984
7497,986
7498,1619
7499,1585
7500,61110
7501,2911
7502,1757
7503,1674
7504,1101
7505,1960
7506,2881
7507,1376
7508,1256
7509,1240
7510,2917
7511,1885
7512,1534
7513,1556
7514,1459
7515,2029
7516,1327
7517,1219
7518,1262
7519,1398
7520,3299
7521,1363
7522,1774
7523,1240
7524,1166
7525,2538
7526,1198
7527,1217
7528,1107
7529,2310
7530,2109
7531,1404
7532,1031
7533,1253
7534,1085
7535,1726
7536,918
7537,1293
7538,1448
7539,1092
7540,1880
7541,1286
7542,1135
7543,1091
7544,1041
7545,1564
7546,1488
7547,1259
7548,1175
7549,1131
7550,2941
7551,1374
7552,1159
7553,1157
7554,3855
7555,2305
7556,1334
7557,1642
7558,986
7559,1645
7560,1923
7561,1171
7562,1075
7563,1010
7564,912
7565,1493
7566,1386
7567,1654
7568,1005
7569,1331
7570,1774
7571,900
7572,952
7573,891
7574,810
7575,2716
7576,1212
7577,1533
7578,924
7579,1002
7580,1999
7581,1179
7582,1323
7583,1022
7584,1445
7585,1577
7586,899
7587,1108
7588,986
7589,1050
7590,2378
7591,1229
7592,947
7593,1200
7594,1148
7595,1287
7596,809
7597,856
7598,1005
7599,1279
7600,16719
7601,3638
7602,1500
7603,1292
7604,1324
7605,1269
7606,1444
7607,1434
7608,1194
7609,1285
7610,3601
7611,1766
7612,1317
7613,1689
7614,1016
7615,1152
7616,1254
7617,1038
7618,1006
7619,1445
7620,2079
7621,1309
7622,1178
7623,1546
7624,1289
7625,1976
7626,1206
7627,1078
7628,1060
7629,1089
7630,1695
7631,1439
7632,1625
7633,1131
7634,894
7635,1042
7636,1383
7637,1314
7638,1089
7639,997
7640,1812
7641,1330
7642,1157
7643,1240
7644,1307
7645,2353
7646,1093
7647,1189
7648,900
7649,1029
7650,3047
7651,998
7652,1651
7653,1444
7654,1426
7655,1419
7656,983
7657,1003
7658,845
7659,1084
7660,1778
7661,1344
7662,1205
7663,1463
7664,1150
7665,1279
7666,1569
7667,1506
7668,1054
7669,1644
7670,1529
7671,1984
7672,908
7673,1040
7674,943
7675,1411
7676,2394
7677,1318
7678,1111
7679,1246
7680,2913
7681,1220
7682,896
7683,1010
7684,825
7685,946
7686,982
7687,1034
7688,1244
7689,831
7690,1179
7691,961
7692,1120
7693,787
7694,796
7695,1510
7696,1004
7697,1082
7698,742
7699,1336
7700,15301
7701,4493
7702,2521
7703,1998
7704,1423
7705,1406
7706,2080
7707,1388
7708,1120
7709,1076
7710,3435
7711,2701
7712,1408
7713,1332
7714,5557
7715,1638
7716,1161
7717,2596
7718,1177
7719,1124
7720,2834
7721,4203
7722,2134
7723,1304
7724,1427
7725,2095
7726,1664
7727,1766
7728,1349
7729,1470
7730,2802
7731,1272
7732,1251
7733,1971
7734,2454
7735,1634
7736,1430
7737,1709
7738,1304
7739,1447
7740,2470
7741,1382
7742,1346
7743,1311
7744,1394
7745,1249
7746,1107
7747,2015
7748,1505
7749,1141
7750,7449
7751,1579
7752,1264
7753,1914
7754,952
7755,1760
7756,1127
7757,1501
7758,1016
7759,1365
7760,2223
7761,1079
7762,1241
7763,1572
7764,1719
7765,1278
7766,1946
7767,1406
7768,1414
7769,1315
7770,3754
7771,2457
7772,1444
7773,1366
7774,1571
7775,1969
7776,2216
7777,9249
7778,2041
7779,1733
7780,2149
7781,1095
7782,1116
7783,1089
7784,1006
7785,1393
7786,1627
7787,1526
7788,2239
7789,1653
7790,2225
7791,1239
7792,1268
7793,1710
7794,996
7795,1339
7796,1114
7797,1185
7798,979
7799,2122
7800,19544
7801,2095
7802,1563
7803,1844
7804,1188
7805,3550
7806,1160
7807,1074
7808,1389
7809,1563
7810,2120
7811,1725
7812,1932
7813,1289
7814,1256
7815,1488
7816,1758
7817,1399
7818,1183
7819,1119
7820,1830
7821,1391
7822,1360
7823,1068
7824,1287
7825,2348
7826,991
7827,1791
7828,1298
7829,1047
7830,1480
7831,1721
7832,1078
7833,1676
7834,1661
7835,1232
7836,1942
7837,1260
7838,1032
7839,1740
7840,2042
7841,1295
7842,1019
7843,1234
7844,1154
7845,1336
7846,896
7847,1063
7848,1353
7849,1142
7850,4715
7851,1292
7852,1106
7853,997
7854,1393
7855,1892
7856,774
7857,1035
7858,1230
7859,813
7860,2112
7861,1208
7862,998
7863,1145
7864,1543
7865,995
7866,1782
7867,2562
7868,1145
7869,2084
7870,4248
7871,1221
7872,1429
7873,1213
7874,1374
7875,1638
7876,1297
7877,1269
7878,1919
7879,1474
7880,1953
7881,1271
7882,1117
7883,869
7884,1259
7885,1664
7886,997
7887,1760
7888,2535
7889,1156
7890,2969
7891,1203
7892,937
7893,879
7894,996
7895,1088
7896,987
7897,827
7898,1177
7899,1254
7900,14103
7901,4557
7902,1207
7903,1335
7904,1694
7905,1363
7906,978
7907,1123
7908,1305
7909,1587
7910,2294
7911,1304
7912,1269
7913,1021
7914,1568
7915,1317
7916,1170
7917,1504
7918,1069
7919,1410
7920,2663
7921,1750
7922,1354
7923,1352
7924,1256
7925,1438
7926,1076
7927,1008
7928,1451
7929,1053
7930,2030
7931,1377
7932,1315
7933,1109
7934,788
7935,1162
7936,1498
7937,1019
7938,987
7939,1428
7940,2200
7941,1375
7942,2020
7943,903
7944,1201
7945,1056
7946,1242
7947,1091
7948,890
7949,1233
7950,5946
7951,1231
7952,948
7953,813
7954,877
7955,1422
7956,1262
7957,1212
7958,1170
7959,827
7960,2472
7961,1247
7962,1011
7963,980
7964,785
7965,1004
7966,1470
7967,1572
7968,1261
7969,1091
7970,6632
7971,1475
7972,935
7973,2147
7974,1865
7975,1051
7976,1632
7977,1813
7978,928
7979,1906
7980,1901
7981,1191
7982,830
7983,1106
7984,1063
7985,1188
7986,865
7987,754
7988,929
7989,1256
7990,2452
7991,1005
7992,814
7993,1051
7994,786
7995,1470
7996,816
7997,957
7998,1494
7999,2711
8000,167340
8001,6308
8002,4445
8003,3004
8004,2541
8005,2819
8006,2888
8007,2467
8008,4254
8009,2119
8010,4775
8011,2741
8012,1994
8013,1641
8014,1909
8015,1774
8016,1579
8017,1271
8018,2040
8019,1218
8020,5167
8021,1944
8022,1670
8023,1501
8024,1236
8025,2055
8026,1032
8027,1140
8028,1973
8029,1161
8030,2206
8031,1672
8032,1876
8033,1559
8034,1395
8035,1608
8036,1385
8037,1254
8038,1350
8039,1260
8040,3014
8041,1366
8042,1354
8043,1261
8044,1203
8045,1318
8046,1119
8047,1772
8048,1857
8049,1286
8050,3920
8051,7643
8052,1640
8053,1569
8054,1141
8055,1691
8056,1005
8057,1494
8058,1326
8059,1186
8060,2470
8061,1506
8062,1205
8063,1216
8064,1297
8065,1536
8066,1132
8067,1051
8068,1208
8069,1312
8070,1971
8071,1385
8072,1237
8073,982
8074,875
8075,1444
8076,919
8077,1381
8078,1360
8079,952
8080,24804
8081,3574
8082,1730
8083,1774
8084,1389
8085,3800
8086,7526
8087,1947
8088,4922
8089,1294
8090,3034
8091,1629
8092,1425
8093,1589
8094,989
8095,1090
8096,1388
8097,954
8098,1310
8099,1359
8100,15238
8101,2483
8102,1675
8103,1551
8104,1403
8105,1299
8106,1393
8107,1161
8108,1576
8109,1339
8110,3787
8111,4309
8112,1523
8113,1523
8114,1158
8115,1480
8116,1051
8117,1277
8118,1703
8119,1081
8120,3142
8121,1389
8122,1599
8123,1966
8124,1293
8125,3088
8126,1179
8127,997
8128,1135
8129,1533
8130,2488
8131,1943
8132,930
8133,1562
8134,1074
8135,1838
8136,895
8137,1511
8138,1054
8139,1418
8140,2023
8141,1212
8142,1007
8143,1095
8144,1303
8145,1062
8146,1056
8147,1005
8148,855
8149,905
8150,3477
8151,1218
8152,1059
8153,1106
8154,786
8155,1297
8156,984
8157,872
8158,919
8159,967
8160,2012
8161,1187
8162,955
8163,1074
8164,816
8165,1350
8166,1267
8167,1137
8168,1151
8169,985
8170,1282
8171,1572
8172,1043
8173,1073
8174,899
8175,1251
8176,1011
8177,1007
8178,921
8179,1001
8180,1871
8181,2572
8182,1151
8183,971
8184,1049
8185,1148
8186,920
8187,1036
8188,1390
8189,1121
8190,1510
8191,1702
8192,10521
8193,1249
8194,951
8195,1174
8196,875
8197,881
8198,828
8199,1053
8200,16170
8201,2485
8202,1552
8203,2559
8204,1476
8205,1806
8206,1482
8207,1251
8208,1934
8209,1263
8210,3093
8211,11672
8212,9788
8213,1435
8214,1266
8215,1431
8216,3642
8217,66183
8218,1638
8219,977
8220,18962
8221,28833
8222,2557
8223,1783
8224,1205
8225,1565
8226,4772
8227,1229
8228,1912
8229,1140
8230,6403
8231,1335
8232,1799
8233,1417
8234,1209
8235,1181
8236,905
8237,1154
8238,956
8239,1156
8240,1873
8241,968
8242,1334
8243,1407
8244,1100
8245,1232
8246,1134
8247,1266
8248,1109
8249,1040
8250,4082
8251,1341
8252,1247
8253,1345
8254,1092
8255,10406
8256,1250
8257,925
8258,1046
8259,1180
8260,2426
8261,1078
8262,1130
8263,1222
8264,1052
8265,1614
8266,1559
8267,1569
8268,888
8269,915
8270,1519
8271,1044
8272,1109
8273,1056
8274,1150
8275,1464
8276,982
8277,1147
8278,1071
8279,1377
8280,1752
8281,1304
8282,2249
8283,2485
8284,1189
8285,1059
8286,1112
8287,978
8288,1817
8289,1023
8290,1432
8291,1022
8292,986
8293,1064
8294,1022
8295,1090
8296,1028
8297,1667
8298,765
8299,1166
8300,13672
8301,3111
8302,1430
8303,1950
8304,1024
8305,1327
8306,1338
8307,986
8308,1088
8309,1159
8310,3031
8311,1590
8312,1210
8313,1457
8314,1107
8315,1132
8316,1002
8317,988
8318,919
8319,862
8320,3338
8321,1147
8322,1300
8323,1089
8324,1179
8325,1873
8326,1063
8327,974
8328,864
8329,957
8330,3473
8331,1335
8332,1594
8333,3711
8334,873
8335,1123
8336,1059
8337,1009
8338,1049
8339,1584
8340,1487
8341,1279
8342,864
8343,1014
8344,1312
8345,1130
8346,978
8347,987
8348,1054
8349,881
8350,5478
8351,1072
8352,1012
8353,1092
8354,793
8355,1118
8356,1042
8357,744
8358,898
8359,1022
8360,1669
8361,1068
8362,901
8363,983
8364,1419
8365,1054
8366,988
8367,1107
8368,839
8369,938
8370,1427
8371,1328
8372,998
8373,1031
8374,834
8375,1248
8376,1043
8377,1168
8378,913
8379,1100
8380,1555
8381,915
8382,1077
8383,1787
8384,1106
8385,1155
8386,787
8387,1326
8388,1197
8389,1079
8390,1358
8391,946
8392,1093
8393,934
8394,758
8395,982
8396,860
8397,841
8398,922
8399,1228
8400,14683
8401,2355
8402,1187
8403,1043
8404,1336
8405,1149
8406,1069
8407,983
8408,954
8409,921
8410,1517
8411,1683
8412,1081
8413,1008
8414,1266
8415,1328
8416,917
8417,1270
8418,1120
8419,948
8420,1427
8421,1352
8422,1206
8423,1024
8424,1476
8425,1329
8426,896
8427,1069
8428,908
8429,852
8430,1456
8431,1147
8432,1118
8433,1131
8434,1026
8435,1056
8436,945
8437,957
8438,842
8439,1057
8440,1696
8441,1101
8442,1151
8443,3810
8444,2263
8445,1178
8446,1225
8447,967
8448,1576
8449,1088
8450,2349
8451,1408
8452,1209
8453,1641
8454,1402
8455,1217
8456,1616
8457,2138
8458,1005
8459,992
8460,1317
8461,1091
8462,1142
8463,1134
8464,926
8465,1032
8466,1048
8467,918
8468,811
8469,818
8470,1376
8471,1184
8472,2260
8473,1006
8474,840
8475,895
8476,856
8477,10304
8478,1013
8479,1017
8480,1357
8481,1102
8482,1459
8483,1060
8484,1865
8485,1155
8486,1039
8487,938
8488,1120
8489,875
8490,1200
8491,936
8492,707
8493,1153
8494,829
8495,1035
8496,789
8497,898
8498,1019
8499,1793
8500,30683
8501,3586
8502,1627
8503,1469
8504,1147
8505,1833
8506,1197
8507,1081
8508,1123
8509,994
8510,2108
8511,1628
8512,1423
8513,874
8514,1001
8515,1400
8516,1136
8517,1102
8518,968
8519,979
8520,4264
8521,1286
8522,1264
8523,1046
8524,952
8525,2261
8526,847
8527,1105
8528,1181
8529,1111
8530,2567
8531,1156
8532,979
8533,1098
8534,1038
8535,1284
8536,1032
8537,831
8538,781
8539,934
8540,2852
8541,1438
8542,2090
8543,1398
8544,1781
8545,1434
8546,921
8547,1042
8548,780
8549,872
8550,2883
8551,1280
8552,1070
8553,1015
8554,976
8555,2437
8556,967
8557,888
8558,1303
8559,880
8560,1824
8561,1008
8562,1054
8563,942
8564,858
8565,1164
8566,948
8567,1028
8568,997
8569,759
8570,2433
8571,1289
8572,1165
8573,1293
8574,784
8575,1295
8576,729
8577,1269
8578,780
8579,957
8580,1731
8581,1045
8582,1312
8583,1289
8584,915
8585,2193
8586,1282
8587,1229
8588,1163
8589,864
8590,1262
8591,998
8592,930
8593,824
8594,924
8595,1146
8596,811
8597,768
8598,749
8599,1359
8600,25322
8601,6058
8602,1076
8603,1097
8604,1041
8605,1163
8606,2245
8607,942
8608,1077
8609,1110
8610,2861
8611,1651
8612,954
8613,911
8614,881
8615,1306
8616,1706
8617,976
8618,813
8619,1103
8620,2679
8621,1581
8622,1208
8623,1131
8624,1127
8625,1774
8626,811
8627,1032
8628,1261
8629,885
8630,1503
8631,896
8632,934
8633,1175
8634,787
8635,1038
8636,891
8637,886
8638,852
8639,1063
8640,2098
8641,976
8642,949
8643,1015
8644,1780
8645,957
8646,868
8647,870
8648,1124
8649,1044
8650,1842
8651,907
8652,923
8653,886
8654,987
8655,1509
8656,1061
8657,877
8658,910
8659,786
8660,1666
8661,1308
8662,1270
8663,967
8664,2172
8665,1242
8666,1485
8667,1307
8668,1066
8669,1396
8670,1310
8671,1057
8672,780
8673,813
8674,2536
8675,1153
8676,1047
8677,1054
8678,836
8679,726
8680,1337
8681,1315
8682,973
8683,1653
8684,800
8685,969
8686,1918
8687,1495
8688,1547
8689,829
8690,1306
8691,963
8692,853
8693,1004
8694,703
8695,1082
8696,1030
8697,847
8698,797
8699,995
8700,12291
8701,2429
8702,1071
8703,1161
8704,1086
8705,1418
8706,1082
8707,1165
8708,1445
8709,939
8710,2077
8711,1726
8712,1305
8713,773
8714,805
8715,1058
8716,936
8717,1022
8718,799
8719,974
8720,1589
8721,1433
8722,1787
8723,1087
8724,1013
8725,1274
8726,948
8727,1121
8728,843
8729,892
8730,1375
8731,1067
8732,1138
8733,1583
8734,874
8735,1149
8736,1045
8737,896
8738,920
8739,1114
8740,1797
8741,1239
8742,1198
8743,801
8744,983
8745,1001
8746,1779
8747,1304
8748,872
8749,1151
8750,3229
8751,1057
8752,884
8753,1162
8754,815
8755,1377
8756,855
8757,921
8758,787
8759,846
8760,2601
8761,833
8762,913
8763,813
8764,745
8765,1337
8766,988
8767,2844
8768,790
8769,738
8770,1546
8771,1042
8772,967
8773,1040
8774,797
8775,1441
8776,1537
8777,2080
8778,1064
8779,785
8780,1329
8781,868
8782,911
8783,884
8784,798
8785,867
8786,803
8787,2188
8788,1321
8789,945
8790,1223
8791,941
8792,834
8793,720
8794,849
8795,866
8796,711
8797,955
8798,783
8799,3075
8800,22237
8801,2525
8802,2098
8803,1429
8804,1569
8805,1420
8806,1176
8807,1372
8808,1369
8809,1558
8810,1940
8811,2333
8812,1176
8813,915
8814,1040
8815,1244
8816,1259
8817,1512
8818,1271
8819,989
8820,2527
8821,1560
8822,2088
8823,1147
8824,1215
8825,1551
8826,944
8827,981
8828,1201
8829,1187
8830,2474
8831,1178
8832,1560
8833,1897
8834,765
8835,1113
8836,824
8837,1005
8838,981
8839,948
8840,1680
8841,994
8842,868
8843,1258
8844,1640
8845,1121
8846,922
8847,826
8848,1992
8849,1077
8850,2533
8851,1123
8852,985
8853,1029
8854,1733
8855,1925
8856,938
8857,1214
8858,1310
8859,10326
8860,1814
8861,1308
8862,1088
8863,1386
8864,779
8865,1674
8866,1518
8867,970
8868,1151
8869,1065
8870,1427
8871,1134
8872,983
8873,1257
8874,831
8875,1345
8876,1139
8877,1538
8878,1178
8879,1356
8880,2640
8881,1518
8882,1340
8883,1467
8884,1417
8885,1452
8886,1232
8887,1400
8888,12216
8889,2163
8890,2271
8891,1328
8892,988
8893,926
8894,807
8895,1849
8896,809
8897,890
8898,1143
8899,1597
8900,11283
8901,2497
8902,1283
8903,1317
8904,1063
8905,964
8906,945
8907,921
8908,1003
8909,1139
8910,2233
8911,1517
8912,951
8913,957
8914,865
8915,1027
8916,920
8917,989
8918,1007
8919,949
8920,1475
8921,996
8922,1092
8923,836
8924,1131
8925,1056
8926,846
8927,888
8928,861
8929,886
8930,1499
8931,1934
8932,815
8933,973
8934,602
8935,852
8936,874
8937,917
8938,2387
8939,994
8940,1584
8941,1002
8942,898
8943,844
8944,916
8945,959
8946,864
8947,907
8948,745
8949,2453
8950,1915
8951,909
8952,870
8953,806
8954,680
8955,1147
8956,777
8957,650
8958,902
8959,862
8960,1469
8961,840
8962,1438
8963,888
8964,2494
8965,1017
8966,978
8967,681
8968,846
8969,1997
8970,1049
8971,1039
8972,823
8973,854
8974,811
8975,1095
8976,764
8977,1040
8978,718
8979,939
8980,1246
8981,1017
8982,653
8983,1011
8984,995
8985,982
8986,974
8987,851
8988,1194
8989,1643
8990,1838
8991,884
8992,950
8993,1519
8994,891
8995,1428
8996,1073
8997,893
8998,1180
8999,2689
9000,121425
9001,92212
9002,5669
9003,3921
9004,3160
9005,3264
9006,3344
9007,2452
9008,1966
9009,2780
9010,4403
9011,1989
9012,1804
9013,1296
9014,1397
9015,2232
9016,1412
9017,1285
9018,1356
9019,1087
9020,3018
9021,1410
9022,1128
9023,1232
9024,1411
9025,1647
9026,1115
9027,1361
9028,950
9029,906
9030,2227
9031,1330
9032,1169
9033,1425
9034,870
9035,1176
9036,1054
9037,1049
9038,957
9039,1121
9040,1815
9041,1067
9042,1022
9043,809
9044,894
9045,1226
9046,928
9047,804
9048,895
9049,867
9050,2695
9051,1032
9052,1102
9053,816
9054,1096
9055,1408
9056,838
9057,995
9058,820
9059,783
9060,2880
9061,1050
9062,812
9063,884
9064,940
9065,851
9066,3428
9067,863
9068,1022
9069,1006
9070,1634
9071,1117
9072,972
9073,914
9074,773
9075,1258
9076,803
9077,886
9078,806
9079,723
9080,1752
9081,1095
9082,827
9083,1086
9084,805
9085,1506
9086,749
9087,887
9088,1045
9089,1254
9090,4238
9091,1625
9092,1219
9093,1021
9094,881
9095,1163
9096,903
9097,925
9098,936
9099,1596
9100,12951
9101,2726
9102,1409
9103,1082
9104,1152
9105,1282
9106,998
9107,1076
9108,910
9109,987
9110,2424
9111,2774
9112,1029
9113,949
9114,1086
9115,1195
9116,1008
9117,977
9118,926
9119,1269
9120,1971
9121,1091
9122,1149
9123,1504
9124,855
9125,1576
9126,1449
9127,969
9128,1656
9129,806
9130,1553
9131,1484
9132,1091
9133,1058
9134,748
9135,1033
9136,938
9137,918
9138,705
9139,897
9140,1618
9141,1236
9142,1024
9143,769
9144,1562
9145,1055
9146,772
9147,861
9148,844
9149,1400
9150,2569
9151,1130
9152,787
9153,972
9154,667
9155,1420
9156,632
9157,732
9158,802
9159,791
9160,1226
9161,1019
9162,927
9163,769
9164,685
9165,1815
9166,952
9167,1336
9168,841
9169,804
9170,1167
9171,1328
9172,785
9173,817
9174,731
9175,1020
9176,737
9177,906
9178,816
9179,726
9180,1360
9181,1101
9182,852
9183,697
9184,1248
9185,904
9186,750
9187,763
9188,920
9189,819
9190,1182
9191,1698
9192,1065
9193,1142
9194,834
9195,964
9196,884
9197,885
9198,777
9199,1207
9200,13224
9201,1972
9202,1303
9203,1527
9204,960
9205,1497
9206,953
9207,1097
9208,1330
9209,983
9210,1846
9211,2047
9212,1420
9213,1161
9214,936
9215,1231
9216,1524
9217,982
9218,850
9219,1167
9220,2218
9221,1417
9222,2095
9223,1213
9224,1123
9225,1682
9226,961
9227,1243
9228,1041
9229,1159
9230,1452
9231,1265
9232,970
9233,1145
9234,801
9235,1101
9236,758
9237,985
9238,868
9239,986
9240,1544
9241,1925
9242,1074
9243,1047
9244,936
9245,1013
9246,895
9247,1031
9248,949
9249,891
9250,3472
9251,1178
9252,1085
9253,971
9254,707
9255,1349
9256,806
9257,1025
9258,1073
9259,793
9260,1858
9261,1314
9262,1527
9263,978
9264,869
9265,1177
9266,1141
9267,1044
9268,1190
9269,877
9270,1188
9271,1085
9272,1104
9273,932
9274,943
9275,1042
9276,932
9277,1013
9278,959
9279,851
9280,1561
9281,1060
9282,1055
9283,1156
9284,904
9285,1008
9286,963
9287,873
9288,987
9289,889
9290,1799
9291,1148
9292,2112
9293,994
9294,1068
9295,1035
9296,834
9297,867
9298,975
9299,1197
9300,13186
9301,1753
9302,996
9303,1324
9304,905
9305,1214
9306,962
9307,945
9308,1013
9309,904
9310,2195
9311,1604
9312,986
9313,1100
9314,964
9315,1175
9316,882
9317,861
9318,794
9319,952
9320,2198
9321,1116
9322,1054
9323,921
9324,843
9325,1513
9326,1871
9327,1135
9328,1047
9329,861
9330,1801
9331,1169
9332,939
9333,2161
9334,947
9335,1213
9336,1091
9337,1028
9338,885
9339,1158
9340,1423
9341,1027
9342,796
9343,1499
9344,1135
9345,1042
9346,807
9347,876
9348,723
9349,971
9350,2475
9351,1441
9352,788
9353,881
9354,769
9355,1569
9356,816
9357,883
9358,741
9359,828
9360,2769
9361,1053
9362,1193
9363,856
9364,906
9365,985
9366,830
9367,968
9368,799
9369,938
9370,1917
9371,1008
9372,898
9373,790
9374,746
9375,2986
9376,901
9377,1001
9378,1201
9379,583
9380,1888
9381,1233
9382,871
9383,1130
9384,1000
9385,1183
9386,876
9387,891
9388,964
9389,852
9390,1108
9391,910
9392,773
9393,1564
9394,1124
9395,1048
9396,722
9397,1170
9398,806
9399,1137
9400,9968
9401,1728
9402,1012
9403,1126
9404,1172
9405,1221
9406,907
9407,962
9408,949
9409,967
9410,1934
9411,1446
9412,1004
9413,861
9414,1024
9415,1453
9416,944
9417,1188
9418,848
9419,1044
9420,1466
9421,992
9422,1226
9423,847
9424,982
9425,1157
9426,757
9427,893
9428,876
9429,1026
9430,1327
9431,1004
9432,855
9433,1070
9434,925
9435,956
9436,717
9437,849
9438,850
9439,867
9440,1664
9441,1090
9442,978
9443,1213
9444,1538
9445,1254
9446,852
9447,799
9448,839
9449,1104
9450,2189
9451,1064
9452,975
9453,1069
9454,844
9455,1066
9456,759
9457,950
9458,714
9459,812
9460,1208
9461,962
9462,833
9463,1586
9464,927
9465,1246
9466,1010
9467,994
9468,711
9469,792
9470,1266
9471,765
9472,804
9473,972
9474,1402
9475,984
9476,681
9477,1016
9478,719
9479,922
9480,1089
9481,959
9482,697
9483,677
9484,823
9485,838
9486,766
9487,867
9488,834
9489,856
9490,1168
9491,848
9492,752
9493,784
9494,1409
9495,1013
9496,862
9497,822
9498,747
9499,1077
9500,22743
9501,2083
9502,1437
9503,1467
9504,1310
9505,1663
9506,1008
9507,1055
9508,1025
9509,1043
9510,1866
9511,1239
9512,882
9513,1180
9514,1044
9515,1154
9516,1037
9517,871
9518,963
9519,812
9520,1814
9521,1287
9522,1039
9523,1117
9524,905
9525,2427
9526,799
9527,1102
9528,850
9529,943
9530,1823
9531,1208
9532,838
9533,1007
9534,818
9535,958
9536,1488
9537,815
9538,754
9539,780
9540,1307
9541,1348
9542,829
9543,947
9544,891
9545,1610
9546,802
9547,823
9548,809
9549,754
9550,3960
9551,1028
9552,956
9553,919
9554,833
9555,2712
9556,769
9557,988
9558,794
9559,1646
9560,2390
9561,881
9562,748
9563,796
9564,839
9565,1034
9566,1074
9567,925
9568,1348
9569,880
9570,1841
9571,842
9572,785
9573,699
9574,653
9575,1549
9576,662
9577,958
9578,643
9579,695
9580,1277
9581,769
9582,708
9583,814
9584,786
9585,1053
9586,678
9587,671
9588,811
9589,678
9590,1707
9591,746
9592,886
9593,782
9594,747
9595,2105
9596,937
9597,829
9598,868
9599,1112
9600,23396
9601,2260
9602,1199
9603,1148
9604,1435
9605,1158
9606,1756
9607,1609
9608,1055
9609,1043
9610,1897
9611,2088
9612,1028
9613,1171
9614,821
9615,1045
9616,813
9617,908
9618,852
9619,861
9620,1501
9621,1032
9622,1867
9623,904
9624,929
9625,1274
9626,1053
9627,757
9628,723
9629,876
9630,1871
9631,829
9632,1076
9633,1064
9634,746
9635,898
9636,771
9637,923
9638,666
9639,865
9640,1111
9641,905
9642,2529
9643,806
9644,890
9645,1152
9646,968
9647,958
9648,773
9649,862
9650,3219
9651,1007
9652,845
9653,873
9654,890
9655,1076
9656,870
9657,815
9658,1144
9659,829
9660,2735
9661,1186
9662,10723
9663,1378
9664,838
9665,1034
9666,1137
9667,1179
9668,863
9669,1037
9670,1403
9671,804
9672,893
9673,1043
9674,1254
9675,1496
9676,802
9677,937
9678,720
9679,1150
9680,1051
9681,1000
9682,866
9683,806
9684,729
9685,1017
9686,1012
9687,864
9688,1082
9689,761
9690,1179
9691,834
9692,770
9693,807
9694,651
9695,897
9696,1757
9697,1052
9698,808
9699,1081
9700,15358
9701,1865
9702,1081
9703,976
9704,983
9705,1095
9706,1009
9707,1122
9708,847
9709,1274
9710,1456
9711,1542
9712,1228
9713,987
9714,1152
9715,961
9716,887
9717,884
9718,679
9719,721
9720,1640
9721,1095
9722,939
9723,804
9724,781
9725,1179
9726,943
9727,949
9728,917
9729,947
9730,1057
9731,764
9732,828
9733,1167
9734,1262
9735,1023
9736,751
9737,924
9738,757
9739,727
9740,1195
9741,957
9742,855
9743,1041
9744,1002
9745,956
9746,735
9747,1060
9748,703
9749,795
9750,2592
9751,871
9752,856
9753,795
9754,724
9755,1041
9756,835
9757,824
9758,733
9759,652
9760,1119
9761,874
9762,747
9763,848
9764,721
9765,834
9766,803
9767,1020
9768,602
9769,752
9770,1381
9771,958
9772,875
9773,790
9774,769
9775,1069
9776,951
9777,1849
9778,1016
9779,1056
9780,2659
9781,950
9782,711
9783,808
9784,702
9785,1112
9786,867
9787,966
9788,895
9789,886
9790,1884
9791,781
9792,1118
9793,836
9794,718
9795,946
9796,2541
9797,1497
9798,974
9799,1205
9800,15868
9801,2486
9802,1494
9803,962
9804,1000
9805,1119
9806,968
9807,892
9808,1101
9809,951
9810,3506
9811,1136
9812,829
9813,946
9814,765
9815,1108
9816,958
9817,860
9818,942
9819,834
9820,2416
9821,1036
9822,1504
9823,786
9824,864
9825,1612
9826,909
9827,1011
9828,960
9829,901
9830,1413
9831,811
9832,1345
9833,1030
9834,790
9835,1048
9836,761
9837,749
9838,770
9839,787
9840,1371
9841,1111
9842,905
9843,978
9844,929
9845,1279
9846,828
9847,746
9848,827
9849,843
9850,2489
9851,906
9852,808
9853,964
9854,711
9855,1120
9856,820
9857,1232
9858,855
9859,891
9860,1810
9861,1087
9862,645
9863,738
9864,676
9865,1131
9866,837
9867,806
9868,956
9869,817
9870,1091
9871,937
9872,850
9873,774
9874,667
9875,1163
9876,1402
9877,1163
9878,807
9879,894
9880,1555
9881,933
9882,892
9883,802
9884,727
9885,959
9886,809
9887,1280
9888,1878
9889,1176
9890,1281
9891,857
9892,665
9893,759
9894,722
9895,1563
9896,835
9897,784
9898,1575
9899,1651
9900,13436
9901,2442
9902,1326
9903,1327
9904,1584
9905,1408
9906,963
9907,1234
9908,1045
9909,1193
9910,1704
9911,1676
9912,1088
9913,1195
9914,893
9915,1056
9916,793
9917,1071
9918,939
9919,1217
9920,1516
9921,1094
9922,1382
9923,1023
9924,807
9925,1583
9926,1381
9927,857
9928,773
9929,964
9930,2622
9931,817
9932,835
9933,1633
9934,779
9935,1172
9936,821
9937,768
9938,921
9939,1551
9940,1339
9941,896
9942,743
9943,836
9944,1152
9945,1133
9946,794
9947,1276
9948,884
9949,1131
9950,2213
9951,1154
9952,922
9953,851
9954,902
9955,1461
9956,900
9957,854
9958,932
9959,1051
9960,2374
9961,1064
9962,768
9963,1015
9964,984
9965,1545
9966,1535
9967,942
9968,904
9969,1118
9970,1190
9971,1196
9972,1047
9973,1159
9974,824
9975,1492
9976,854
9977,1306
9978,1168
9979,1146
9980,1689
9981,1832
9982,1243
9983,1151
9984,1484
9985,1333
9986,1092
9987,1371
9988,2186
9989,1403
9990,2633
9991,2101
9992,1666
9993,1814
9994,2064
9995,3633
9996,2247
9997,2891
9998,3465
9999,36687
10000,144831
