number,count
0,60045512
1,89767699
2,77969968
3,62367290
4,48412224
5,54551808
6,34359408
7,29591216
8,28585174
9,21481974
10,41559178
11,16154782
12,21786838
13,11443503
14,12036507
15,19811767
16,11985552
17,9639493
18,12273589
19,8165030
20,23234217
21,8014112
22,7625282
23,6538911
24,11368295
25,13712234
26,5918532
27,5615364
28,6058640
29,4945435
30,23117112
31,5105727
32,3998492
33,2980136
34,2821427
35,5149479
36,3116922
37,2498796
38,2525081
39,2578832
40,10199112
41,2022804
42,2489535
43,2012824
44,2250491
45,5047397
46,1908165
47,1854282
48,2868752
49,1991953
50,15113952
51,1748187
52,2031259
53,1605024
54,1742794
55,2663529
56,1652659
57,1463710
58,1498924
59,1531276
60,7454631
61,1201976
62,1363910
63,1234266
64,2088220
65,2522900
66,1378363
67,1215252
68,1207657
69,1092778
70,4893884
71,1070160
72,1632420
73,1025885
74,1059737
75,3668150
76,1063579
77,1032551
78,1063526
79,955914
80,5393689
81,960813
82,1026747
83,956983
84,1029659
85,1796252
86,968542
87,915636
88,1064439
89,917900
90,5380688
91,930784
92,985669
93,1013759
94,939822
95,2731391
96,1094044
97,997346
98,1168327
99,3173498
100,16385087
101,1106953
102,701936
103,509745
104,633507
105,685629
106,583069
107,440153
108,536098
109,405004
110,1230840
111,480942
112,525237
113,362747
114,416979
115,549383
116,384921
117,337154
118,375489
119,336694
120,1993836
121,355939
122,371579
123,386350
124,345029
125,951529
126,327780
127,325381
128,510029
129,294804
130,1050238
131,284119
132,329734
133,275729
134,272360
135,472792
136,264942
137,250030
138,270904
139,246514
140,1014730
141,248085
142,253277
143,234537
144,320819
145,364389
146,237255
147,236489
148,229005
149,264215
150,3126108
151,240968
152,254414
153,207649
154,221122
155,314752
156,225372
157,208094
158,204055
159,198176
160,958634
161,217326
162,223288
163,195261
164,202386
165,339557
166,191436
167,190660
168,277351
169,202349
170,614418
171,183258
172,205610
173,175588
174,186253
175,468503
176,192150
177,182389
178,181429
179,191664
180,1190139
181,172011
182,236814
183,270767
184,203178
185,276906
186,171415
187,169901
188,171540
189,178214
190,421554
191,173436
192,275114
193,163393
194,150511
195,249016
196,166292
197,158562
198,157583
199,267356
200,6310923
201,314567
202,353479
203,248293
204,253709
205,288575
206,265132
207,212531
208,257729
209,184856
210,488725
211,198990
212,301739
213,175541
214,215127
215,284994
216,204331
217,171678
218,178622
219,155585
220,617289
221,173083
222,222661
223,177875
224,196847
225,390550
226,163878
227,157640
228,163522
229,154533
230,454037
231,171146
232,205024
233,155507
234,156488
235,215750
236,145086
237,136231
238,144970
239,149682
240,584123
241,139469
242,152635
243,151101
244,136165
245,192311
246,135316
247,143140
248,150105
249,161358
250,2481524
251,142862
252,161136
253,136646
254,151635
255,252282
256,333947
257,122252
258,123231
259,117019
260,367298
261,121264
262,143107
263,122734
264,197154
265,189593
266,119678
267,125702
268,117917
269,123516
270,360802
271,116770
272,129973
273,131424
274,112592
275,271816
276,117005
277,118670
278,114187
279,117636
280,361509
281,127947
282,113141
283,108119
284,110158
285,176855
286,110550
287,121291
288,130296
289,114959
290,216413
291,98908
292,107202
293,110750
294,101494
295,164039
296,103624
297,102519
298,103614
299,186682
300,4391041
301,261480
302,228163
303,207649
304,209206
305,200457
306,158800
307,130344
308,182151
309,122077
310,320831
311,150244
312,191741
313,127504
314,144585
315,182265
316,147764
317,123335
318,126192
319,117291
320,405227
321,136194
322,129193
323,133758
324,117911
325,285208
326,109201
327,109743
328,115916
329,103414
330,331558
331,105687
332,111544
333,179290
334,106460
335,143952
336,124089
337,104295
338,107646
339,91681
340,247278
341,100864
342,102071
343,108423
344,98717
345,147134
346,95232
347,101317
348,92738
349,110971
350,1365357
351,103984
352,114221
353,96602
354,94102
355,128544
356,104529
357,106699
358,92892
359,87555
360,1322201
361,94772
362,91062
363,92642
364,98575
365,808889
366,100443
367,84189
368,86513
369,83364
370,197721
371,86384
372,86536
373,85642
374,76986
375,326977
376,81104
377,87628
378,79510
379,79659
380,228438
381,80083
382,81259
383,84112
384,103642
385,118484
386,89462
387,83586
388,81543
389,78025
390,160963
391,74225
392,80020
393,74603
394,70431
395,124701
396,72220
397,71993
398,70845
399,138052
400,3420744
401,374620
402,154622
403,164493
404,260846
405,163875
406,126940
407,120888
408,123466
409,92166
410,251620
411,117754
412,130345
413,94294
414,108412
415,147552
416,127951
417,97274
418,82779
419,92726
420,278041
421,91236
422,106854
423,88530
424,92136
425,217101
426,82543
427,86661
428,81083
429,90761
430,199903
431,80373
432,99642
433,86245
434,81609
435,118425
436,73949
437,70933
438,76170
439,66678
440,218450
441,83503
442,82013
443,103693
444,98381
445,92885
446,66385
447,70959
448,73061
449,77464
450,745955
451,97329
452,73180
453,71493
454,82988
455,101872
456,79271
457,92566
458,85009
459,67031
460,177700
461,70573
462,72191
463,69692
464,70157
465,92773
466,67088
467,66280
468,69232
469,67828
470,150384
471,70452
472,68489
473,65688
474,63394
475,125633
476,70984
477,67178
478,64516
479,68571
480,266194
481,62108
482,68857
483,69158
484,65536
485,107975
486,77322
487,61786
488,92007
489,60905
490,117702
491,57321
492,59588
493,56973
494,59068
495,115295
496,58249
497,58806
498,58104
499,142254
500,7387427
501,387468
502,133853
503,122301
504,153646
505,130377
506,97465
507,77671
508,125795
509,96044
510,207313
511,80980
512,211708
513,77792
514,81953
515,99969
516,82238
517,69445
518,81656
519,72311
520,198486
521,76749
522,77058
523,65580
524,68661
525,127206
526,72619
527,66024
528,70135
529,120724
530,164555
531,62334
532,72907
533,69188
534,61074
535,87489
536,64003
537,60480
538,62662
539,56741
540,176970
541,79156
542,61330
543,59864
544,63602
545,75911
546,57430
547,57926
548,55296
549,62728
550,412333
551,61119
552,64565
553,57896
554,57337
555,121812
556,58276
557,52516
558,52375
559,57528
560,155219
561,77963
562,65052
563,58034
564,53214
565,70484
566,49829
567,56896
568,52606
569,49707
570,129037
571,59954
572,50251
573,60344
574,55920
575,102704
576,59401
577,55559
578,47638
579,49988
580,210232
581,91942
582,50633
583,49637
584,48740
585,76271
586,57927
587,57021
588,51768
589,48483
590,93562
591,47174
592,46643
593,46411
594,49702
595,75211
596,46489
597,46943
598,46804
599,91027
600,2332258
601,97600
602,102770
603,84550
604,103087
605,86853
606,85819
607,61677
608,80796
609,71251
610,155679
611,59493
612,83827
613,70929
614,72360
615,92630
616,70875
617,86282
618,73349
619,66861
620,163964
621,62059
622,66333
623,55605
624,62262
625,143203
626,69304
627,50692
628,53716
629,48488
630,167006
631,66370
632,63591
633,58819
634,49958
635,68716
636,63790
637,46392
638,49177
639,48881
640,177637
641,51517
642,82477
643,48523
644,53479
645,70525
646,59927
647,55919
648,49124
649,59520
650,464228
651,69935
652,51630
653,45870
654,46925
655,62039
656,52263
657,44605
658,44607
659,45143
660,147431
661,55805
662,54345
663,46557
664,49372
665,56066
666,80413
667,63287
668,48668
669,44315
670,98178
671,44863
672,46419
673,43438
674,42501
675,85702
676,45299
677,45036
678,55996
679,58696
680,127185
681,41466
682,45554
683,42654
684,45453
685,53352
686,46399
687,46174
688,49000
689,41405
690,84750
691,41621
692,43584
693,40614
694,39439
695,64957
696,42229
697,39346
698,40232
699,70010
700,1570540
701,84928
702,102480
703,83676
704,81540
705,72702
706,70474
707,81379
708,61684
709,52833
710,115071
711,59867
712,59744
713,66521
714,68483
715,70027
716,58961
717,65658
718,82769
719,51941
720,206214
721,51110
722,58864
723,45117
724,57319
725,80046
726,46471
727,70757
728,48582
729,45366
730,105337
731,47044
732,70242
733,50149
734,52773
735,57476
736,44295
737,147556
738,40310
739,39662
740,106210
741,45569
742,45622
743,42556
744,49188
745,61561
746,41022
747,111082
748,42996
749,48104
750,685062
751,48375
752,47668
753,44639
754,46451
755,62810
756,41746
757,69166
758,38771
759,36791
760,116811
761,42004
762,43879
763,44384
764,38521
765,63966
766,40539
767,62362
768,82342
769,38270
770,110894
771,41204
772,51509
773,55483
774,42684
775,82937
776,44035
777,136694
778,44303
779,39021
780,110361
781,53881
782,41465
783,39380
784,38983
785,57125
786,45440
787,99903
788,41686
789,42817
790,69655
791,36106
792,40170
793,36732
794,37622
795,56987
796,34509
797,40988
798,39028
799,70179
800,2639462
801,93847
802,298942
803,59693
804,68493
805,80382
806,53079
807,43031
808,106960
809,41062
810,106822
811,51222
812,62016
813,54924
814,51404
815,68653
816,56064
817,54153
818,59048
819,36166
820,113531
821,49089
822,48654
823,41233
824,44643
825,74257
826,44771
827,40648
828,58046
829,43499
830,95314
831,47666
832,51975
833,53892
834,37939
835,63776
836,38656
837,39310
838,38448
839,33744
840,99846
841,40719
842,44005
843,60769
844,87682
845,108703
846,37907
847,61104
848,43822
849,40380
850,323421
851,38302
852,45417
853,39948
854,40815
855,118654
856,47175
857,37655
858,49603
859,43480
860,102967
861,38980
862,37915
863,46028
864,52635
865,53538
866,165126
867,37493
868,39284
869,34690
870,87849
871,42329
872,38651
873,34957
874,35676
875,85873
876,38861
877,167856
878,34912
879,32981
880,96571
881,35990
882,39437
883,40487
884,35569
885,44849
886,35981
887,35586
888,287065
889,36321
890,63135
891,33881
892,33404
893,35095
894,31461
895,50304
896,34503
897,32368
898,34342
899,55523
900,1044972
901,72286
902,62656
903,48639
904,59674
905,68955
906,46670
907,51619
908,51401
909,53798
910,84069
911,450875
912,54676
913,46000
914,54872
915,55165
916,59957
917,50585
918,60646
919,61618
920,126295
921,40805
922,48201
923,36434
924,48166
925,89337
926,38251
927,34688
928,53892
929,39610
930,86425
931,38660
932,38035
933,41647
934,34518
935,48209
936,37975
937,44620
938,32556
939,38049
940,76274
941,49761
942,35310
943,33897
944,43642
945,44902
946,33602
947,31861
948,31023
949,52794
950,204242
951,44237
952,42793
953,32011
954,49898
955,41448
956,37784
957,30517
958,27504
959,33024
960,111605
961,33753
962,36667
963,33335
964,35263
965,45420
966,34930
967,32073
968,36218
969,32906
970,97206
971,37966
972,54833
973,52884
974,32813
975,55327
976,30789
977,32240
978,212601
979,33346
980,95120
981,33205
982,32061
983,31300
984,33210
985,44408
986,31990
987,37121
988,35355
989,38074
990,125897
991,39580
992,34640
993,38154
994,31739
995,88583
996,44394
997,47463
998,42038
999,285256
1000,1960256
1001,80679
1002,64142
1003,25494
1004,26769
1005,24196
1006,23184
1007,64732
1008,22785
1009,16745
1010,58745
1011,26286
1012,25798
1013,18620
1014,21676
1015,25462
1016,119703
1017,22336
1018,19727
1019,14025
1020,49395
1021,28459
1022,17167
1023,22437
1024,96670
1025,19715
1026,14572
1027,13046
1028,12932
1029,26513
1030,37571
1031,45709
1032,12611
1033,17899
1034,11538
1035,16306
1036,10975
1037,14407
1038,43124
1039,12687
1040,61493
1041,13337
1042,13983
1043,10656
1044,11435
1045,16386
1046,12330
1047,9598
1048,9923
1049,12502
1050,64635
1051,12612
1052,11398
1053,12577
1054,13922
1055,15792
1056,14702
1057,10583
1058,9694
1059,9253
1060,40163
1061,11076
1062,10305
1063,12705
1064,15084
1065,15463
1066,37373
1067,11392
1068,11530
1069,9946
1070,45316
1071,11285
1072,13818
1073,20689
1074,13173
1075,14731
1076,9823
1077,15856
1078,9959
1079,10204
1080,165958
1081,10596
1082,9176
1083,11315
1084,10694
1085,12959
1086,27839
1087,10776
1088,19426
1089,13547
1090,21471
1091,10692
1092,9571
1093,27871
1094,13362
1095,28037
1096,11489
1097,18493
1098,22636
1099,82867
1100,192042
1101,31203
1102,21878
1103,20177
1104,18728
1105,17969
1106,15368
1107,13986
1108,15194
1109,22550
1110,30451
1111,66514
1112,17591
1113,13774
1114,13924
1115,30260
1116,13834
1117,12904
1118,13024
1119,11374
1120,30058
1121,13390
1122,16490
1123,11864
1124,11411
1125,19370
1126,19274
1127,12013
1128,19957
1129,10285
1130,27844
1131,11633
1132,11263
1133,11489
1134,9893
1135,13215
1136,17920
1137,11461
1138,11303
1139,9678
1140,19785
1141,10553
1142,10410
1143,9791
1144,10686
1145,15301
1146,11363
1147,10562
1148,9707
1149,11227
1150,40597
1151,12939
1152,14092
1153,10542
1154,10248
1155,18989
1156,10468
1157,9651
1158,10714
1159,11001
1160,17855
1161,12331
1162,9607
1163,10482
1164,9114
1165,10323
1166,9205
1167,17486
1168,7874
1169,9297
1170,19307
1171,9599
1172,15456
1173,10196
1174,8254
1175,16181
1176,12000
1177,20689
1178,8042
1179,9747
1180,18493
1181,9804
1182,11214
1183,8684
1184,8338
1185,13647
1186,24485
1187,10252
1188,9719
1189,12025
1190,17132
1191,10464
1192,11643
1193,8604
1194,10641
1195,10280
1196,7632
1197,8437
1198,10005
1199,21163
1200,437553
1201,23987
1202,27135
1203,14716
1204,23154
1205,16164
1206,18960
1207,13259
1208,14481
1209,12959
1210,26490
1211,14149
1212,22880
1213,15414
1214,13772
1215,23981
1216,14682
1217,11124
1218,11198
1219,11247
1220,27626
1221,14170
1222,17749
1223,16152
1224,13556
1225,20897
1226,12479
1227,13558
1228,11072
1229,10418
1230,28053
1231,11501
1232,10465
1233,10458
1234,37493
1235,14118
1236,9971
1237,9495
1238,9520
1239,8728
1240,21125
1241,10783
1242,13068
1243,10882
1244,14039
1245,15247
1246,9996
1247,8908
1248,11085
1249,10916
1250,71400
1251,10888
1252,14777
1253,12068
1254,12772
1255,12471
1256,11790
1257,10655
1258,10811
1259,8301
1260,28120
1261,9485
1262,8378
1263,9688
1264,9301
1265,11182
1266,9432
1267,10067
1268,9345
1269,8022
1270,19219
1271,11351
1272,11286
1273,14950
1274,11922
1275,16269
1276,9077
1277,9758
1278,8819
1279,13841
1280,63275
1281,8855
1282,10226
1283,9346
1284,11097
1285,10900
1286,8026
1287,8612
1288,8575
1289,8382
1290,20378
1291,13126
1292,10142
1293,9508
1294,8938
1295,14411
1296,13370
1297,9757
1298,9390
1299,15330
1300,249408
1301,21607
1302,18536
1303,14570
1304,15692
1305,16072
1306,14453
1307,14491
1308,13875
1309,11131
1310,23367
1311,12840
1312,13618
1313,15229
1314,13684
1315,14143
1316,11686
1317,9994
1318,9764
1319,8783
1320,26683
1321,11587
1322,12048
1323,11294
1324,11547
1325,21730
1326,11210
1327,13073
1328,10470
1329,9383
1330,22786
1331,11929
1332,16023
1333,18249
1334,11339
1335,12006
1336,9676
1337,15239
1338,8908
1339,8127
1340,19537
1341,10163
1342,10288
1343,10602
1344,11145
1345,12833
1346,11048
1347,10454
1348,12585
1349,11391
1350,43837
1351,10974
1352,8454
1353,9625
1354,8295
1355,10641
1356,8829
1357,8810
1358,7688
1359,7889
1360,16627
1361,9466
1362,8468
1363,8469
1364,9708
1365,14952
1366,20475
1367,9513
1368,15570
1369,8792
1370,15225
1371,23286
1372,8882
1373,10129
1374,7827
1375,12124
1376,8560
1377,11830
1378,8617
1379,8374
1380,18099
1381,10638
1382,10376
1383,8997
1384,9563
1385,11000
1386,11234
1387,9122
1388,10230
1389,10378
1390,14930
1391,10887
1392,14954
1393,9395
1394,20191
1395,13221
1396,10705
1397,11739
1398,8094
1399,12121
1400,189545
1401,20784
1402,16541
1403,13386
1404,14702
1405,13836
1406,12829
1407,10020
1408,12336
1409,9733
1410,19319
1411,11707
1412,11877
1413,9614
1414,13002
1415,17445
1416,9572
1417,8991
1418,8986
1419,8868
1420,22633
1421,10184
1422,11678
1423,9789
1424,10381
1425,13527
1426,7720
1427,8551
1428,9020
1429,9352
1430,21334
1431,11162
1432,9806
1433,11202
1434,9711
1435,11002
1436,9024
1437,8929
1438,9444
1439,8883
1440,55372
1441,12110
1442,9591
1443,7973
1444,11003
1445,10363
1446,9066
1447,8594
1448,7772
1449,8276
1450,42965
1451,10061
1452,11376
1453,17508
1454,8069
1455,11916
1456,8207
1457,8077
1458,7876
1459,8288
1460,18225
1461,10199
1462,9226
1463,8413
1464,7719
1465,8832
1466,7328
1467,9086
1468,8018
1469,9977
1470,15891
1471,14969
1472,10770
1473,10898
1474,8212
1475,13921
1476,9663
1477,9777
1478,8806
1479,7824
1480,17780
1481,8616
1482,11529
1483,15396
1484,9872
1485,15357
1486,8152
1487,8111
1488,9985
1489,8399
1490,14940
1491,10806
1492,32798
1493,13960
1494,12922
1495,12570
1496,8155
1497,10804
1498,11130
1499,15154
1500,609712
1501,21996
1502,20115
1503,16024
1504,15880
1505,15681
1506,14937
1507,11916
1508,13513
1509,15646
1510,23127
1511,16302
1512,15333
1513,15315
1514,13040
1515,21923
1516,16474
1517,17859
1518,12169
1519,16406
1520,38721
1521,19541
1522,15613
1523,12993
1524,15542
1525,21208
1526,14551
1527,14059
1528,12262
1529,12149
1530,28062
1531,12782
1532,12763
1533,13462
1534,14829
1535,18149
1536,26373
1537,12490
1538,14867
1539,14746
1540,28992
1541,17138
1542,16396
1543,14782
1544,10961
1545,16810
1546,12727
1547,15568
1548,11165
1549,14876
1550,43702
1551,11728
1552,12619
1553,16540
1554,11497
1555,18265
1556,12521
1557,12432
1558,16720
1559,15351
1560,23608
1561,12361
1562,12324
1563,13206
1564,16737
1565,18111
1566,12994
1567,12452
1568,12972
1569,12184
1570,21340
1571,15715
1572,15915
1573,13188
1574,10764
1575,15897
1576,11722
1577,12428
1578,11027
1579,11039
1580,21803
1581,12250
1582,17206
1583,12704
1584,13753
1585,16710
1586,11998
1587,13142
1588,18019
1589,12148
1590,21573
1591,12510
1592,15889
1593,12489
1594,12122
1595,14664
1596,14242
1597,13621
1598,16832
1599,17841
1600,290289
1601,25825
1602,23115
1603,36935
1604,25782
1605,24094
1606,21150
1607,26459
1608,20791
1609,22833
1610,31869
1611,23816
1612,19385
1613,16347
1614,15820
1615,18459
1616,22613
1617,14890
1618,17560
1619,18650
1620,36002
1621,21792
1622,18182
1623,19858
1624,17054
1625,24770
1626,16346
1627,14357
1628,18849
1629,16631
1630,32044
1631,18026
1632,19547
1633,18082
1634,19126
1635,21332
1636,17430
1637,17994
1638,19375
1639,18016
1640,41773
1641,18546
1642,27631
1643,17730
1644,27398
1645,19433
1646,15584
1647,14971
1648,23134
1649,19764
1650,55000
1651,17590
1652,16564
1653,16094
1654,16392
1655,17435
1656,16032
1657,14277
1658,15851
1659,15032
1660,42886
1661,19093
1662,20434
1663,16648
1664,19308
1665,21987
1666,24383
1667,19383
1668,15816
1669,15114
1670,26584
1671,14880
1672,17514
1673,15550
1674,16361
1675,20910
1676,16005
1677,14526
1678,15217
1679,15264
1680,32228
1681,16265
1682,17762
1683,19224
1684,15944
1685,23552
1686,15637
1687,16689
1688,24768
1689,24465
1690,26665
1691,15197
1692,21949
1693,15528
1694,16138
1695,18032
1696,15088
1697,16802
1698,15550
1699,20351
1700,185813
1701,32918
1702,24125
1703,25427
1704,22107
1705,19565
1706,20746
1707,25465
1708,20472
1709,25247
1710,30038
1711,19726
1712,19329
1713,19104
1714,22627
1715,27560
1716,18710
1717,24139
1718,21014
1719,17874
1720,35231
1721,19925
1722,22290
1723,21482
1724,19373
1725,24440
1726,18190
1727,22412
1728,20489
1729,18764
1730,34113
1731,17891
1732,22019
1733,22657
1734,19266
1735,22183
1736,20226
1737,21344
1738,20508
1739,18867
1740,34357
1741,22095
1742,20987
1743,22163
1744,21221
1745,30554
1746,23543
1747,21380
1748,23144
1749,23559
1750,78017
1751,22821
1752,27542
1753,28265
1754,27774
1755,35214
1756,27494
1757,25781
1758,29164
1759,29614
1760,43608
1761,25160
1762,27013
1763,36225
1764,28018
1765,32009
1766,26809
1767,27838
1768,30450
1769,33631
1770,51995
1771,28382
1772,34764
1773,33285
1774,40581
1775,66565
1776,95192
1777,48682
1778,40791
1779,36936
1780,57855
1781,40489
1782,40874
1783,50467
1784,41276
1785,41838
1786,38066
1787,55032
1788,51470
1789,78793
1790,72498
1791,53501
1792,58211
1793,55479
1794,50784
1795,54010
1796,49798
1797,50431
1798,60183
1799,54674
1800,440967
1801,63919
1802,54758
1803,70520
1804,61754
1805,59213
1806,59026
1807,52207
1808,53895
1809,65424
1810,74000
1811,55854
1812,130122
1813,60524
1814,69849
1815,86586
1816,62226
1817,60659
1818,71000
1819,67536
1820,105011
1821,71736
1822,62211
1823,59522
1824,70957
1825,78678
1826,64278
1827,63541
1828,70482
1829,69314
1830,133775
1831,78593
1832,87942
1833,76938
1834,80583
1835,90753
1836,95393
1837,101230
1838,86341
1839,88837
1840,158281
1841,100902
1842,89304
1843,86940
1844,93579
1845,103409
1846,99490
1847,100731
1848,132345
1849,104453
1850,222339
1851,133512
1852,101993
1853,102798
1854,114252
1855,114897
1856,112467
1857,124217
1858,114052
1859,122828
1860,213838
1861,219953
1862,215554
1863,191392
1864,191761
1865,210637
1866,127739
1867,140262
1868,138601
1869,129902
1870,212752
1871,156819
1872,137739
1873,131076
1874,126482
1875,143414
1876,142102
1877,127036
1878,131972
1879,136473
1880,258293
1881,173109
1882,151819
1883,146006
1884,147101
1885,167475
1886,162619
1887,156437
1888,174240
1889,175399
1890,248174
1891,186367
1892,173519
1893,179091
1894,163794
1895,192698
1896,187995
1897,177630
1898,199996
1899,191957
1900,517609
1901,253379
1902,217777
1903,224978
1904,228961
1905,252423
1906,242417
1907,231917
1908,254227
1909,232039
1910,359095
1911,337830
1912,301883
1913,279540
1914,402505
1915,341133
1916,339718
1917,389624
1918,421902
1919,330025
1920,566193
1921,264030
1922,275041
1923,269141
1924,267996
1925,283331
1926,272492
1927,280970
1928,291220
1929,337642
1930,482886
1931,269094
1932,284462
1933,339924
1934,310056
1935,317805
1936,337195
1937,334749
1938,351134
1939,437900
1940,537427
1941,409571
1942,405847
1943,363681
1944,431717
1945,597353
1946,397983
1947,436754
1948,484565
1949,399938
1950,684140
1951,359848
1952,382235
1953,403904
1954,416785
1955,426331
1956,449038
1957,443589
1958,453276
1959,464840
1960,787230
1961,505785
1962,539702
1963,563349
1964,616933
1965,639150
1966,602922
1967,719779
1968,760850
1969,728845
1970,1017411
1971,699733
1972,763559
1973,755357
1974,756494
1975,808053
1976,795644
1977,754787
1978,829790
1979,902115
1980,1263483
1981,862160
1982,924495
1983,938927
1984,1056955
1985,1065115
1986,1115418
1987,1100574
1988,1187360
1989,1326410
1990,1735811
1991,1425851
1992,1544110
1993,1554057
1994,1719382
1995,1859250
1996,1993926
1997,2073051
1998,2290383
1999,2537107
2000,4437172
2001,3167543
2002,3163297
2003,3575083
2004,3867780
2005,4369032
2006,4754655
2007,5548176
2008,6581734
2009,6642056
2010,8087289
2011,8132524
2012,9286611
2013,9590194
2014,10479630
2015,11519131
2016,12598938
2017,13234141
2018,15068022
2019,9475046
2020,1833511
2021,365936
2022,308751
2023,166141
2024,143191
2025,279423
2026,85070
2027,45301
2028,40093
2029,20446
2030,388384
2031,18858
2032,18773
2033,18559
2034,14486
2035,50034
2036,16541
2037,11125
2038,11435
2039,7784
2040,79113
2041,10327
2042,8757
2043,6748
2044,7425
2045,21213
2046,7390
2047,8444
2048,48530
2049,18757
2050,216242
2051,6309
2052,6415
2053,4999
2054,5176
2055,8660
2056,6955
2057,4740
2058,4441
2059,4763
2060,25553
2061,6324
2062,4861
2063,9152
2064,4975
2065,7098
2066,5231
2067,5280
2068,4693
2069,4309
2070,19689
2071,5811
2072,4982
2073,4598
2074,4971
2075,8409
2076,4854
2077,9727
2078,3637
2079,3772
2080,28209
2081,4534
2082,3809
2083,3998
2084,4811
2085,4996
2086,3400
2087,4035
2088,4301
2089,3586
2090,8121
2091,3658
2092,3828
2093,3528
2094,3355
2095,4424
2096,3466
2097,4255
2098,3271
2099,10723
2100,122414
2101,11042
2102,8636
2103,8447
2104,9426
2105,10572
2106,9732
2107,7287
2108,7587
2109,5599
2110,13672
2111,8522
2112,11119
2113,5479
2114,6089
2115,8138
2116,5369
2117,5536
2118,9090
2119,4817
2120,10820
2121,9695
2122,5162
2123,4780
2124,4277
2125,6175
2126,3587
2127,3595
2128,4158
2129,3508
2130,9413
2131,5451
2132,3950
2133,8206
2134,4512
2135,5194
2136,3690
2137,3576
2138,4743
2139,5077
2140,9154
2141,4929
2142,6150
2143,3840
2144,4406
2145,4844
2146,3036
2147,4352
2148,3871
2149,3301
2150,14668
2151,5502
2152,4834
2153,3672
2154,4091
2155,6267
2156,3283
2157,3350
2158,2993
2159,3034
2160,26951
2161,4058
2162,3018
2163,3071
2164,3514
2165,4615
2166,3532
2167,3187
2168,2963
2169,3110
2170,6086
2171,3343
2172,3664
2173,3133
2174,3499
2175,4224
2176,2903
2177,3008
2178,3035
2179,2628
2180,5712
2181,3838
2182,3147
2183,2778
2184,2878
2185,3210
2186,2885
2187,3343
2188,2801
2189,2677
2190,4823
2191,3543
2192,3088
2193,2733
2194,2805
2195,3940
2196,3283
2197,2644
2198,2594
2199,6007
2200,92946
2201,9620
2202,7160
2203,5593
2204,5757
2205,7788
2206,5612
2207,4396
2208,4821
2209,4363
2210,9814
2211,7008
2212,5918
2213,4033
2214,4487
2215,6279
2216,5107
2217,4110
2218,4122
2219,3552
2220,9435
2221,5773
2222,15707
2223,5306
2224,4594
2225,6551
2226,3910
2227,4645
2228,4046
2229,4402
2230,8753
2231,6472
2232,4074
2233,5738
2234,3379
2235,4150
2236,3442
2237,3510
2238,3149
2239,3040
2240,7770
2241,5237
2242,4578
2243,3257
2244,6217
2245,4602
2246,3746
2247,3006
2248,3300
2249,3627
2250,17927
2251,4513
2252,3681
2253,4480
2254,7943
2255,11627
2256,3483
2257,4141
2258,2948
2259,3486
2260,6353
2261,4348
2262,3500
2263,3966
2264,3253
2265,4427
2266,3560
2267,3842
2268,2881
2269,2923
2270,5524
2271,3323
2272,4991
2273,4984
2274,2922
2275,4560
2276,2876
2277,4946
2278,3704
2279,2626
2280,9657
2281,4501
2282,3465
2283,3157
2284,3172
2285,3707
2286,2865
2287,3536
2288,3777
2289,2782
2290,7955
2291,2962
2292,2862
2293,2818
2294,2256
2295,3177
2296,2445
2297,2719
2298,2579
2299,4238
2300,69947
2301,8169
2302,5398
2303,4644
2304,7144
2305,6009
2306,4151
2307,9986
2308,4102
2309,3451
2310,8667
2311,5291
2312,5176
2313,4229
2314,3916
2315,4752
2316,3753
2317,3537
2318,3274
2319,3720
2320,7912
2321,4451
2322,4533
2323,6437
2324,3819
2325,4664
2326,3265
2327,3283
2328,3332
2329,3224
2330,7910
2331,3899
2332,3634
2333,5325
2334,5386
2335,4255
2336,3115
2337,4644
2338,2760
2339,2957
2340,9220
2341,3420
2342,3208
2343,3247
2344,3441
2345,8578
2346,2935
2347,3304
2348,2881
2349,3128
2350,11612
2351,3113
2352,3360
2353,3063
2354,2857
2355,4211
2356,2807
2357,3127
2358,2648
2359,3838
2360,5334
2361,2681
2362,2903
2363,2670
2364,2735
2365,3152
2366,3367
2367,2772
2368,2959
2369,2755
2370,4494
2371,3317
2372,3388
2373,2974
2374,2661
2375,4338
2376,2855
2377,3280
2378,2924
2379,2961
2380,5959
2381,3064
2382,2819
2383,2979
2384,2548
2385,3037
2386,2549
2387,2304
2388,2793
2389,2450
2390,3608
2391,3192
2392,4075
2393,2670
2394,3142
2395,4497
2396,2652
2397,2579
2398,2126
2399,3466
2400,97883
2401,7751
2402,4878
2403,4069
2404,4357
2405,3999
2406,3729
2407,3445
2408,3516
2409,3152
2410,6289
2411,4038
2412,5151
2413,3164
2414,3428
2415,3885
2416,3027
2417,2959
2418,2572
2419,3074
2420,5959
2421,3097
2422,3783
2423,3228
2424,6066
2425,4867
2426,2716
2427,3012
2428,2687
2429,2895
2430,4942
2431,3247
2432,2749
2433,3650
2434,2748
2435,3091
2436,3508
2437,2903
2438,2722
2439,2394
2440,6114
2441,3429
2442,3514
2443,2402
2444,3763
2445,3547
2446,2792
2447,3021
2448,4662
2449,3137
2450,10063
2451,3231
2452,2828
2453,2913
2454,3684
2455,3777
2456,3104
2457,2506
2458,2768
2459,2213
2460,5407
2461,2938
2462,2954
2463,2336
2464,2841
2465,3118
2466,2605
2467,2736
2468,2890
2469,2448
2470,3878
2471,2507
2472,3259
2473,2746
2474,2980
2475,3331
2476,3812
2477,3314
2478,2833
2479,2063
2480,4632
2481,2534
2482,2278
2483,2425
2484,2307
2485,2721
2486,2368
2487,2250
2488,2699
2489,3132
2490,3562
2491,2758
2492,2315
2493,2182
2494,2610
2495,3589
2496,2648
2497,2491
2498,2747
2499,5798
2500,285518
2501,7732
2502,4666
2503,4062
2504,3841
2505,5077
2506,3884
2507,3270
2508,3301
2509,3338
2510,7871
2511,4776
2512,3823
2513,3075
2514,3314
2515,3912
2516,2999
2517,2675
2518,3296
2519,2936
2520,10028
2521,3576
2522,4018
2523,3112
2524,2928
2525,8558
2526,3628
2527,2901
2528,2873
2529,2608
2530,5215
2531,3189
2532,3282
2533,2959
2534,2518
2535,3979
2536,2861
2537,2809
2538,2372
2539,2450
2540,6394
2541,3006
2542,2796
2543,2574
2544,2661
2545,3617
2546,2496
2547,2679
2548,2822
2549,2605
2550,10665
2551,4101
2552,4221
2553,4046
2554,2917
2555,6060
2556,2834
2557,3175
2558,3058
2559,3064
2560,28313
2561,3178
2562,3098
2563,2527
2564,2507
2565,2885
2566,2513
2567,2378
2568,2629
2569,2003
2570,3769
2571,2372
2572,2001
2573,2084
2574,1948
2575,3872
2576,2230
2577,2702
2578,2181
2579,2106
2580,4750
2581,2857
2582,2327
2583,2550
2584,2042
2585,2629
2586,2178
2587,2000
2588,2357
2589,2167
2590,4137
2591,2314
2592,3538
2593,1977
2594,1802
2595,2628
2596,2973
2597,2466
2598,2354
2599,2948
2600,88987
2601,6615
2602,3607
2603,3327
2604,3431
2605,4044
2606,3771
2607,3027
2608,2602
2609,2733
2610,5710
2611,3604
2612,3085
2613,2640
2614,2408
2615,3197
2616,3987
2617,2888
2618,2738
2619,2328
2620,5725
2621,2900
2622,3108
2623,2664
2624,2371
2625,4212
2626,4257
2627,2852
2628,2909
2629,2323
2630,5137
2631,2924
2632,2622
2633,2642
2634,2192
2635,2997
2636,2735
2637,2587
2638,2451
2639,2446
2640,5110
2641,2426
2642,2646
2643,2437
2644,2297
2645,2771
2646,2854
2647,1951
2648,2291
2649,2003
2650,9854
2651,2721
2652,2730
2653,2410
2654,2027
2655,3096
2656,2330
2657,2103
2658,2088
2659,1827
2660,4658
2661,2459
2662,2523
2663,2564
2664,2411
2665,3764
2666,6476
2667,3312
2668,2116
2669,2334
2670,3699
2671,2374
2672,2361
2673,2422
2674,2078
2675,2740
2676,2047
2677,2716
2678,1994
2679,2200
2680,4429
2681,2135
2682,2016
2683,2038
2684,1842
2685,2017
2686,2100
2687,2001
2688,2788
2689,1711
2690,3932
2691,2084
2692,1903
2693,2027
2694,1755
2695,3139
2696,1693
2697,2402
2698,2001
2699,3166
2700,54043
2701,5819
2702,3818
2703,3881
2704,4202
2705,3334
2706,3065
2707,2916
2708,2989
2709,2866
2710,5312
2711,3784
2712,2951
2713,2687
2714,2736
2715,4497
2716,2931
2717,2621
2718,2225
2719,2376
2720,5345
2721,2954
2722,3142
2723,2621
2724,2405
2725,3003
2726,2323
2727,4867
2728,2854
2729,2447
2730,4448
2731,2167
2732,3126
2733,2258
2734,2018
2735,3056
2736,2801
2737,3091
2738,2557
2739,2767
2740,3723
2741,2382
2742,2343
2743,2684
2744,2666
2745,2593
2746,1970
2747,2523
2748,1840
2749,1902
2750,11480
2751,2500
2752,2092
2753,2440
2754,1902
2755,2891
2756,2245
2757,2610
2758,1840
2759,1925
2760,4036
2761,2039
2762,1902
2763,2138
2764,2257
2765,2398
2766,2389
2767,3196
2768,2045
2769,1867
2770,3943
2771,2199
2772,2914
2773,2024
2774,1863
2775,3047
2776,2473
2777,3561
2778,2864
2779,2016
2780,3541
2781,2265
2782,2444
2783,2075
2784,1962
2785,2548
2786,1818
2787,5571
2788,2106
2789,2283
2790,2914
2791,1989
2792,1959
2793,1904
2794,1629
2795,2378
2796,1811
2797,1961
2798,1706
2799,2739
2800,56937
2801,5849
2802,3793
2803,3396
2804,3189
2805,3347
2806,2793
2807,2681
2808,3303
2809,2843
2810,4796
2811,4131
2812,3045
2813,2414
2814,2721
2815,3035
2816,2898
2817,2421
2818,2797
2819,2019
2820,4885
2821,2847
2822,3301
2823,2063
2824,4465
2825,3417
2826,2181
2827,2017
2828,3989
2829,2643
2830,3721
2831,2278
2832,2255
2833,2522
2834,1968
2835,3598
2836,2653
2837,1956
2838,2065
2839,1835
2840,4619
2841,2397
2842,1969
2843,1897
2844,2261
2845,2398
2846,2077
2847,2348
2848,3342
2849,1964
2850,8170
2851,2327
2852,2346
2853,2089
2854,1773
2855,2648
2856,1782
2857,2086
2858,2045
2859,1990
2860,4069
2861,1919
2862,1860
2863,1807
2864,1863
2865,3093
2866,2579
2867,1971
2868,1984
2869,2075
2870,2928
2871,2364
2872,2211
2873,2184
2874,1780
2875,2868
2876,1815
2877,2046
2878,1966
2879,1857
2880,9016
2881,2421
2882,2663
2883,2092
2884,1781
2885,2603
2886,2237
2887,1983
2888,3252
2889,2248
2890,3353
2891,2050
2892,2628
2893,2137
2894,1855
2895,2439
2896,1903
2897,1682
2898,1694
2899,2228
2900,31016
2901,4665
2902,2998
2903,3543
2904,2647
2905,3156
2906,2288
2907,2478
2908,2355
2909,2798
2910,4341
2911,3746
2912,2818
2913,2947
2914,2504
2915,3358
2916,2835
2917,2345
2918,2334
2919,2573
2920,7707
2921,3196
2922,2337
2923,2760
2924,2461
2925,3783
2926,2125
2927,2005
2928,1911
2929,4892
2930,4017
2931,1911
2932,2130
2933,3014
2934,1868
2935,2060
2936,2077
2937,2065
2938,1551
2939,1884
2940,4071
2941,2658
2942,1811
2943,2064
2944,2049
2945,2499
2946,1858
2947,1928
2948,1822
2949,1814
2950,8079
2951,2091
2952,1897
2953,2188
2954,1524
2955,2551
2956,1584
2957,1708
2958,2184
2959,1863
2960,6976
2961,1679
2962,1924
2963,1700
2964,1705
2965,2115
2966,1891
2967,1950
2968,1569
2969,1587
2970,3030
2971,1700
2972,1694
2973,1839
2974,1482
2975,2305
2976,2070
2977,1918
2978,1677
2979,1754
2980,3226
2981,1656
2982,1662
2983,1606
2984,1607
2985,1850
2986,1439
2987,1764
2988,2131
2989,1614
2990,3437
2991,1905
2992,2272
2993,1670
2994,1776
2995,3406
2996,2050
2997,2144
2998,2295
2999,6590
3000,589670
3001,13135
3002,6721
3003,7659
3004,5213
3005,5264
3006,5213
3007,3960
3008,9775
3009,4134
3010,9263
3011,4557
3012,4927
3013,3619
3014,3519
3015,5066
3016,3477
3017,2901
3018,3337
3019,3512
3020,9482
3021,3756
3022,3203
3023,2870
3024,3336
3025,4898
3026,2458
3027,2524
3028,2378
3029,2443
3030,12103
3031,3699
3032,2956
3033,3340
3034,2427
3035,3515
3036,2600
3037,2093
3038,2324
3039,2271
3040,7043
3041,2701
3042,2603
3043,2334
3044,2582
3045,2966
3046,2091
3047,2162
3048,3070
3049,2244
3050,9937
3051,2910
3052,2729
3053,3162
3054,2201
3055,3817
3056,2288
3057,2166
3058,1877
3059,1942
3060,5617
3061,2202
3062,2125
3063,2023
3064,1992
3065,2382
3066,2334
3067,2000
3068,2349
3069,1727
3070,4263
3071,2247
3072,4200
3073,2152
3074,1964
3075,2855
3076,1781
3077,2617
3078,1793
3079,1919
3080,5127
3081,2316
3082,1880
3083,2225
3084,1894
3085,2411
3086,1917
3087,1992
3088,2021
3089,1813
3090,3804
3091,2083
3092,1741
3093,1743
3094,1668
3095,2145
3096,2020
3097,1492
3098,1724
3099,2429
3100,39523
3101,7196
3102,4822
3103,3456
3104,3141
3105,4153
3106,3070
3107,2871
3108,3146
3109,4715
3110,6843
3111,5747
3112,3180
3113,3487
3114,3326
3115,4671
3116,2705
3117,2606
3118,2252
3119,2423
3120,7072
3121,6836
3122,2761
3123,2918
3124,2674
3125,5681
3126,2659
3127,2211
3128,3629
3129,1903
3130,5551
3131,5200
3132,3134
3133,3783
3134,2231
3135,3349
3136,2113
3137,2035
3138,2016
3139,1672
3140,4130
3141,3188
3142,2524
3143,2466
3144,2277
3145,2822
3146,2274
3147,2073
3148,2002
3149,1901
3150,8512
3151,2681
3152,1936
3153,1994
3154,1706
3155,2582
3156,1976
3157,2009
3158,1734
3159,1811
3160,3819
3161,2851
3162,2371
3163,2108
3164,1828
3165,2283
3166,6415
3167,1918
3168,2448
3169,1576
3170,3495
3171,2764
3172,1698
3173,1711
3174,2034
3175,2852
3176,1632
3177,1916
3178,1492
3179,1739
3180,3555
3181,2384
3182,1826
3183,1704
3184,1841
3185,2287
3186,1902
3187,2359
3188,1983
3189,2063
3190,2847
3191,2367
3192,1619
3193,1635
3194,4819
3195,2380
3196,1992
3197,1487
3198,1646
3199,2446
3200,83499
3201,7160
3202,3528
3203,2713
3204,2893
3205,3870
3206,2794
3207,2737
3208,2686
3209,2255
3210,5900
3211,4100
3212,3374
3213,2824
3214,2154
3215,3053
3216,2601
3217,2226
3218,2520
3219,2162
3220,5832
3221,3215
3222,3486
3223,3268
3224,2785
3225,3258
3226,2297
3227,2155
3228,2162
3229,2156
3230,4129
3231,2606
3232,4132
3233,3329
3234,1926
3235,2855
3236,1923
3237,1944
3238,1608
3239,2020
3240,4858
3241,3578
3242,2167
3243,2403
3244,1921
3245,2546
3246,1722
3247,2081
3248,1614
3249,1697
3250,8947
3251,2403
3252,2380
3253,1906
3254,1966
3255,2708
3256,1769
3257,1812
3258,1829
3259,1629
3260,3802
3261,2531
3262,2117
3263,1674
3264,3241
3265,2188
3266,1855
3267,1889
3268,1878
3269,1736
3270,5580
3271,1806
3272,2372
3273,1613
3274,1973
3275,2316
3276,2086
3277,1909
3278,2136
3279,1769
3280,3709
3281,2234
3282,3008
3283,1698
3284,1508
3285,2111
3286,1613
3287,1886
3288,2080
3289,1573
3290,2541
3291,1444
3292,1842
3293,1640
3294,1571
3295,1927
3296,1492
3297,1501
3298,1463
3299,3378
3300,41253
3301,6975
3302,3561
3303,3938
3304,3318
3305,3092
3306,5517
3307,3627
3308,2417
3309,2999
3310,15099
3311,4891
3312,2687
3313,3979
3314,2610
3315,3059
3316,2235
3317,2639
3318,2437
3319,2450
3320,4761
3321,3019
3322,3784
3323,2434
3324,2205
3325,3215
3326,2057
3327,2086
3328,2145
3329,1785
3330,6790
3331,3373
3332,2672
3333,15391
3334,2826
3335,2856
3336,2249
3337,2434
3338,2235
3339,2556
3340,4106
3341,2264
3342,2718
3343,2867
3344,3424
3345,2741
3346,2054
3347,1715
3348,1944
3349,1629
3350,8747
3351,2240
3352,1931
3353,2304
3354,2164
3355,3289
3356,1711
3357,1587
3358,1685
3359,1960
3360,4395
3361,1927
3362,2766
3363,2074
3364,1691
3365,2346
3366,3321
3367,1645
3368,1837
3369,1949
3370,3387
3371,2268
3372,1788
3373,1958
3374,1444
3375,3559
3376,1835
3377,2572
3378,1855
3379,1783
3380,3194
3381,1935
3382,1817
3383,1771
3384,1630
3385,1749
3386,1575
3387,1421
3388,2409
3389,8296
3390,6759
3391,1926
3392,1525
3393,2016
3394,1473
3395,1855
3396,1757
3397,2193
3398,1426
3399,3173
3400,34437
3401,4903
3402,4654
3403,2417
3404,2792
3405,2797
3406,3869
3407,2997
3408,2163
3409,1918
3410,3748
3411,3212
3412,3022
3413,1832
3414,2019
3415,2250
3416,1776
3417,2009
3418,1680
3419,1483
3420,3871
3421,2200
3422,1950
3423,1805
3424,2142
3425,2359
3426,1764
3427,1770
3428,1436
3429,1581
3430,3066
3431,1871
3432,1758
3433,1948
3434,3219
3435,2432
3436,1547
3437,1589
3438,1485
3439,1534
3440,4879
3441,1973
3442,1886
3443,1962
3444,3233
3445,2203
3446,1503
3447,1676
3448,1781
3449,1705
3450,7637
3451,2201
3452,1923
3453,1559
3454,2607
3455,2014
3456,5394
3457,2278
3458,1922
3459,1536
3460,2744
3461,1724
3462,1515
3463,2696
3464,1889
3465,1814
3466,1927
3467,1635
3468,1636
3469,1364
3470,3136
3471,1663
3472,1651
3473,1671
3474,2270
3475,2652
3476,1465
3477,1887
3478,1647
3479,1328
3480,2990
3481,1570
3482,1490
3483,1579
3484,1558
3485,1573
3486,1328
3487,1347
3488,2469
3489,1446
3490,2633
3491,1539
3492,1258
3493,1212
3494,1328
3495,2091
3496,1242
3497,1423
3498,1241
3499,2665
3500,142205
3501,5160
3502,2758
3503,2306
3504,2636
3505,2920
3506,2273
3507,1814
3508,2145
3509,1978
3510,4342
3511,2733
3512,2313
3513,1999
3514,2205
3515,2514
3516,1982
3517,2087
3518,1600
3519,1713
3520,5778
3521,2519
3522,2038
3523,1726
3524,2140
3525,2591
3526,1637
3527,1586
3528,2492
3529,1689
3530,3212
3531,1884
3532,2055
3533,1817
3534,1437
3535,4476
3536,1952
3537,2748
3538,1604
3539,1507
3540,6253
3541,1948
3542,2167
3543,1784
3544,1600
3545,2329
3546,1433
3547,1617
3548,1829
3549,1362
3550,7079
3551,2124
3552,1777
3553,4431
3554,1436
3555,3701
3556,1655
3557,1543
3558,1513
3559,1482
3560,4128
3561,1579
3562,1255
3563,1330
3564,1431
3565,1916
3566,1724
3567,1504
3568,1517
3569,1396
3570,3161
3571,2154
3572,1470
3573,1384
3574,1441
3575,2218
3576,1507
3577,1641
3578,1652
3579,1421
3580,2852
3581,1601
3582,2645
3583,1952
3584,2303
3585,2018
3586,1481
3587,1352
3588,1882
3589,1362
3590,3469
3591,1684
3592,1791
3593,1378
3594,1410
3595,1931
3596,1228
3597,1558
3598,1702
3599,2600
3600,56715
3601,3950
3602,2681
3603,2396
3604,2383
3605,2212
3606,2308
3607,1551
3608,1646
3609,1700
3610,3385
3611,2118
3612,1877
3613,1597
3614,1621
3615,2367
3616,1736
3617,1588
3618,1455
3619,1406
3620,3418
3621,2229
3622,1874
3623,1520
3624,2098
3625,2063
3626,2323
3627,1942
3628,1674
3629,1369
3630,3860
3631,1811
3632,2260
3633,2993
3634,1328
3635,1952
3636,3146
3637,1891
3638,1574
3639,1767
3640,3193
3641,1669
3642,1589
3643,1332
3644,1564
3645,1613
3646,2157
3647,1939
3648,1959
3649,1407
3650,8087
3651,1756
3652,1415
3653,1345
3654,1343
3655,1906
3656,1473
3657,1421
3658,1394
3659,1354
3660,3504
3661,1689
3662,1386
3663,2932
3664,1687
3665,1680
3666,1844
3667,1928
3668,2021
3669,1531
3670,2196
3671,1475
3672,1501
3673,1827
3674,1466
3675,2037
3676,2254
3677,1396
3678,1476
3679,1265
3680,2798
3681,1458
3682,1252
3683,1435
3684,1131
3685,1373
3686,1475
3687,1249
3688,1718
3689,1325
3690,2174
3691,1656
3692,1186
3693,1244
3694,1145
3695,1543
3696,1650
3697,1343
3698,1298
3699,1909
3700,28871
3701,4337
3702,2344
3703,1826
3704,2131
3705,2445
3706,2642
3707,1748
3708,1934
3709,2054
3710,3040
3711,3144
3712,1751
3713,1777
3714,1671
3715,2035
3716,1502
3717,2246
3718,1864
3719,1609
3720,3536
3721,2175
3722,1834
3723,1486
3724,1695
3725,2053
3726,1588
3727,1796
3728,1604
3729,2507
3730,6354
3731,2155
3732,1873
3733,4023
3734,1505
3735,1910
3736,1346
3737,3466
3738,1496
3739,1523
3740,2425
3741,1536
3742,2336
3743,2948
3744,2232
3745,2660
3746,1793
3747,1418
3748,1674
3749,1293
3750,10524
3751,2110
3752,1704
3753,1399
3754,1347
3755,2484
3756,1463
3757,1460
3758,1812
3759,1245
3760,2781
3761,1881
3762,1526
3763,1384
3764,1413
3765,1659
3766,1479
3767,1607
3768,1174
3769,1339
3770,3377
3771,1467
3772,1539
3773,1886
3774,1633
3775,1942
3776,2370
3777,2693
3778,1531
3779,1869
3780,2688
3781,1629
3782,1524
3783,1293
3784,1330
3785,1531
3786,1328
3787,1487
3788,1450
3789,1269
3790,2126
3791,2236
3792,1130
3793,1294
3794,1152
3795,1532
3796,1182
3797,1600
3798,1350
3799,1800
3800,34125
3801,4401
3802,2190
3803,1862
3804,1608
3805,2106
3806,1724
3807,1555
3808,2261
3809,1596
3810,3337
3811,2299
3812,1861
3813,1608
3814,1701
3815,1826
3816,1510
3817,1519
3818,1502
3819,1363
3820,3549
3821,1969
3822,1883
3823,1725
3824,1697
3825,2167
3826,1686
3827,1362
3828,1630
3829,1354
3830,3193
3831,1900
3832,1557
3833,2444
3834,2440
3835,1993
3836,1212
3837,1394
3838,3227
3839,1827
3840,15302
3841,1739
3842,1760
3843,1286
3844,2098
3845,2128
3846,1392
3847,1766
3848,1593
3849,1618
3850,6686
3851,1620
3852,1414
3853,1339
3854,1269
3855,2167
3856,1271
3857,1856
3858,1424
3859,2116
3860,2714
3861,1599
3862,1456
3863,1560
3864,1604
3865,1510
3866,1426
3867,1329
3868,1448
3869,1227
3870,3598
3871,1306
3872,1600
3873,1435
3874,1317
3875,1664
3876,1340
3877,1513
3878,1583
3879,1089
3880,3615
3881,1374
3882,1233
3883,1716
3884,1187
3885,1483
3886,1232
3887,1381
3888,3206
3889,1348
3890,1997
3891,1142
3892,1553
3893,1392
3894,1193
3895,1244
3896,1174
3897,1482
3898,1227
3899,1450
3900,21186
3901,3333
3902,2187
3903,2732
3904,1726
3905,2182
3906,1684
3907,1585
3908,1585
3909,1924
3910,2470
3911,2244
3912,1743
3913,1464
3914,1445
3915,1860
3916,1609
3917,1427
3918,1760
3919,1588
3920,2907
3921,2229
3922,2199
3923,1473
3924,1585
3925,1834
3926,1613
3927,1231
3928,1377
3929,1526
3930,2483
3931,1565
3932,1349
3933,1501
3934,5698
3935,1431
3936,1395
3937,2402
3938,1201
3939,2659
3940,2598
3941,1386
3942,1096
3943,1201
3944,1232
3945,2646
3946,1062
3947,1288
3948,1040
3949,1446
3950,4279
3951,1321
3952,1255
3953,1275
3954,1273
3955,1874
3956,1303
3957,991
3958,1564
3959,2057
3960,2632
3961,1215
3962,1789
3963,1159
3964,1206
3965,1396
3966,1578
3967,1155
3968,1157
3969,1656
3970,2073
3971,1591
3972,1205
3973,958
3974,1136
3975,1594
3976,1196
3977,1200
3978,1494
3979,1303
3980,2101
3981,1108
3982,1360
3983,1101
3984,1362
3985,1640
3986,1740
3987,1383
3988,1426
3989,1347
3990,2507
3991,1256
3992,1249
3993,1490
3994,1536
3995,2245
3996,1665
3997,1381
3998,1545
3999,4385
4000,343764
4001,9573
4002,4663
4003,4212
4004,7423
4005,4394
4006,3561
4007,3406
4008,3304
4009,2424
4010,6797
4011,4221
4012,3175
4013,3561
4014,3790
4015,3183
4016,2547
4017,3367
4018,2236
4019,1820
4020,6921
4021,2540
4022,2590
4023,2098
4024,2209
4025,2889
4026,2284
4027,1825
4028,1866
4029,1919
4030,4133
4031,2416
4032,2913
4033,3043
4034,1891
4035,2073
4036,1547
4037,1575
4038,2227
4039,2099
4040,7362
4041,2819
4042,1905
4043,2134
4044,2167
4045,2176
4046,1995
4047,2014
4048,1576
4049,2429
4050,7349
4051,3239
4052,1681
4053,2173
4054,1665
4055,2303
4056,1476
4057,1437
4058,1436
4059,1530
4060,4347
4061,2391
4062,1976
4063,1396
4064,2087
4065,1865
4066,2221
4067,1833
4068,1473
4069,1645
4070,2971
4071,1610
4072,1729
4073,1360
4074,1583
4075,2000
4076,1339
4077,1856
4078,1386
4079,1424
4080,3437
4081,2094
4082,1479
4083,1285
4084,1348
4085,1476
4086,1247
4087,1144
4088,1996
4089,1167
4090,2651
4091,1408
4092,1504
4093,1516
4094,1790
4095,3450
4096,28616
4097,1793
4098,1556
4099,2878
4100,24924
4101,4682
4102,3633
4103,4208
4104,2581
4105,2504
4106,2086
4107,2029
4108,2089
4109,1914
4110,3936
4111,5058
4112,2522
4113,2081
4114,2227
4115,2474
4116,2274
4117,1752
4118,1679
4119,1521
4120,3669
4121,2871
4122,2405
4123,2924
4124,1765
4125,2614
4126,1375
4127,1652
4128,1942
4129,1700
4130,7687
4131,2150
4132,1458
4133,1653
4134,1386
4135,2175
4136,1621
4137,1609
4138,1537
4139,1256
4140,6586
4141,4457
4142,2147
4143,1600
4144,1696
4145,1870
4146,1368
4147,1364
4148,1533
4149,1299
4150,5482
4151,2421
4152,1558
4153,1476
4154,1279
4155,2109
4156,1463
4157,1410
4158,1351
4159,1559
4160,3593
4161,2415
4162,1360
4163,1534
4164,1414
4165,1719
4166,1619
4167,1886
4168,1232
4169,1401
4170,2324
4171,1889
4172,1839
4173,1457
4174,1303
4175,1865
4176,1275
4177,1393
4178,1242
4179,1455
4180,2408
4181,1739
4182,1206
4183,1320
4184,1281
4185,1421
4186,1305
4187,1346
4188,1373
4189,1089
4190,1763
4191,1608
4192,1298
4193,1212
4194,1109
4195,1472
4196,1033
4197,1092
4198,1158
4199,1619
4200,37919
4201,3428
4202,3615
4203,2131
4204,1902
4205,2064
4206,1656
4207,1805
4208,1733
4209,1539
4210,3944
4211,2821
4212,2779
4213,1821
4214,2045
4215,2594
4216,1776
4217,3699
4218,1410
4219,1401
4220,3430
4221,2449
4222,3352
4223,1693
4224,2294
4225,2445
4226,1868
4227,3544
4228,1788
4229,1776
4230,2840
4231,2363
4232,1917
4233,1903
4234,1532
4235,1467
4236,4457
4237,1495
4238,1176
4239,1239
4240,3163
4241,1830
4242,4146
4243,1764
4244,2495
4245,1741
4246,1329
4247,1598
4248,1291
4249,1326
4250,6047
4251,1636
4252,1426
4253,1653
4254,1373
4255,1730
4256,1395
4257,1238
4258,1284
4259,1103
4260,2407
4261,1640
4262,1696
4263,1601
4264,1308
4265,1504
4266,1424
4267,1302
4268,1368
4269,1377
4270,2138
4271,1852
4272,1607
4273,1278
4274,1369
4275,1843
4276,1275
4277,1542
4278,1458
4279,1337
4280,2220
4281,1288
4282,1450
4283,1154
4284,1153
4285,1372
4286,1287
4287,1974
4288,1441
4289,1128
4290,1994
4291,1408
4292,1450
4293,1070
4294,1187
4295,1468
4296,1155
4297,1216
4298,1105
4299,1504
4300,22788
4301,4374
4302,2371
4303,2253
4304,1641
4305,2088
4306,1833
4307,1570
4308,1904
4309,1404
4310,3067
4311,2560
4312,2262
4313,1705
4314,1635
4315,1886
4316,1352
4317,1500
4318,1389
4319,1675
4320,4922
4321,4810
4322,2037
4323,1685
4324,2027
4325,2314
4326,2551
4327,1525
4328,1603
4329,1298
4330,3252
4331,2914
4332,1855
4333,2788
4334,1723
4335,1841
4336,1436
4337,1443
4338,1917
4339,1192
4340,4396
4341,1589
4342,1387
4343,3070
4344,1769
4345,1870
4346,1305
4347,1316
4348,1281
4349,1413
4350,5575
4351,1570
4352,1491
4353,1550
4354,1270
4355,1780
4356,1491
4357,6852
4358,1433
4359,1018
4360,2869
4361,1593
4362,1423
4363,1363
4364,1544
4365,1413
4366,1516
4367,1262
4368,1458
4369,1144
4370,2236
4371,1441
4372,1365
4373,1457
4374,1171
4375,2530
4376,1433
4377,1523
4378,1028
4379,1014
4380,2103
4381,1408
4382,1085
4383,1157
4384,1341
4385,1074
4386,1474
4387,1009
4388,1336
4389,1138
4390,1693
4391,2019
4392,1213
4393,1169
4394,1036
4395,1313
4396,1058
4397,1016
4398,1149
4399,1599
4400,28106
4401,3841
4402,3037
4403,1663
4404,2725
4405,1821
4406,2273
4407,1505
4408,1620
4409,1426
4410,3111
4411,3720
4412,2699
4413,1462
4414,2267
4415,2196
4416,1643
4417,1624
4418,1365
4419,2011
4420,2691
4421,1754
4422,2826
4423,2165
4424,1700
4425,2071
4426,1363
4427,1468
4428,1347
4429,1488
4430,3006
4431,1655
4432,1619
4433,2453
4434,1671
4435,2917
4436,1386
4437,1685
4438,1729
4439,1303
4440,3629
4441,2526
4442,1839
4443,2137
4444,11833
4445,2112
4446,1521
4447,1468
4448,1973
4449,2540
4450,3846
4451,1572
4452,1345
4453,1937
4454,1306
4455,3516
4456,1407
4457,1473
4458,1229
4459,1052
4460,2889
4461,1405
4462,1407
4463,1352
4464,1904
4465,1404
4466,1935
4467,1144
4468,1265
4469,1208
4470,2308
4471,1660
4472,1892
4473,3792
4474,1487
4475,1399
4476,1597
4477,2158
4478,1341
4479,1031
4480,2397
4481,1288
4482,1218
4483,1659
4484,2099
4485,1644
4486,1289
4487,1378
4488,2242
4489,993
4490,2420
4491,1206
4492,1074
4493,1144
4494,1169
4495,1478
4496,1162
4497,1071
4498,1127
4499,2195
4500,82182
4501,3777
4502,2390
4503,2839
4504,1887
4505,3064
4506,3447
4507,1708
4508,1413
4509,1526
4510,3365
4511,3365
4512,1890
4513,1600
4514,1352
4515,1949
4516,1464
4517,1245
4518,1178
4519,1308
4520,3717
4521,1827
4522,1705
4523,1243
4524,1508
4525,2008
4526,1160
4527,1268
4528,1229
4529,1773
4530,2854
4531,1363
4532,1435
4533,1513
4534,1056
4535,1678
4536,1281
4537,1220
4538,1180
4539,1327
4540,2238
4541,1525
4542,1333
4543,1371
4544,1475
4545,3487
4546,1337
4547,1352
4548,1365
4549,1166
4550,5157
4551,2202
4552,1245
4553,1295
4554,1444
4555,2706
4556,1583
4557,1395
4558,1642
4559,1189
4560,2541
4561,1269
4562,1769
4563,1297
4564,1153
4565,1669
4566,1523
4567,3974
4568,1147
4569,1690
4570,2286
4571,1630
4572,1406
4573,1243
4574,982
4575,2116
4576,1243
4577,1402
4578,1016
4579,1169
4580,1785
4581,1124
4582,1402
4583,1078
4584,964
4585,1321
4586,1101
4587,1310
4588,1215
4589,958
4590,2324
4591,1155
4592,1280
4593,956
4594,1058
4595,1245
4596,973
4597,906
4598,1013
4599,1393
4600,24485
4601,2738
4602,1747
4603,1375
4604,1275
4605,1761
4606,1544
4607,1385
4608,2026
4609,1440
4610,2792
4611,1949
4612,1474
4613,1316
4614,1567
4615,1503
4616,1576
4617,1326
4618,1168
4619,1237
4620,2620
4621,1436
4622,1644
4623,1472
4624,1592
4625,2239
4626,1613
4627,1276
4628,1402
4629,1173
4630,2966
4631,1395
4632,1438
4633,1468
4634,1447
4635,1568
4636,3929
4637,1301
4638,1132
4639,1150
4640,2406
4641,1300
4642,1360
4643,1188
4644,1518
4645,1638
4646,2814
4647,1655
4648,1476
4649,1214
4650,5247
4651,1572
4652,1342
4653,2147
4654,1125
4655,1976
4656,1362
4657,1200
4658,1340
4659,1033
4660,2475
4661,1479
4662,1576
4663,2309
4664,1432
4665,1371
4666,1723
4667,1445
4668,1298
4669,1115
4670,2949
4671,1216
4672,1165
4673,3142
4674,1072
4675,1407
4676,1091
4677,1355
4678,1347
4679,939
4680,2171
4681,1539
4682,1067
4683,1145
4684,1531
4685,1233
4686,1243
4687,1075
4688,1454
4689,1069
4690,2028
4691,1363
4692,962
4693,896
4694,1193
4695,1132
4696,1294
4697,1059
4698,918
4699,1216
4700,19520
4701,2714
4702,1542
4703,1752
4704,1876
4705,1641
4706,1163
4707,1626
4708,1324
4709,1269
4710,2621
4711,3585
4712,1539
4713,1728
4714,1305
4715,2692
4716,1176
4717,1405
4718,1155
4719,1207
4720,2694
4721,1498
4722,1879
4723,1874
4724,1286
4725,2141
4726,1331
4727,1694
4728,1183
4729,1793
4730,2403
4731,1773
4732,1745
4733,1631
4734,1340
4735,1670
4736,1494
4737,1322
4738,1030
4739,1017
4740,2158
4741,1592
4742,1081
4743,1174
4744,1322
4745,1289
4746,1129
4747,3350
4748,1323
4749,1037
4750,4766
4751,1321
4752,1329
4753,1085
4754,1127
4755,1859
4756,1025
4757,1447
4758,1329
4759,1014
4760,2054
4761,1249
4762,1219
4763,1164
4764,1015
4765,1572
4766,1379
4767,1107
4768,1094
4769,1414
4770,3051
4771,1566
4772,1309
4773,1219
4774,1439
4775,1559
4776,1227
4777,2753
4778,1040
4779,1002
4780,2051
4781,1053
4782,1067
4783,1104
4784,932
4785,988
4786,1000
4787,1208
4788,1378
4789,1127
4790,2263
4791,1266
4792,1013
4793,863
4794,800
4795,1009
4796,841
4797,1524
4798,772
4799,1776
4800,36096
4801,3554
4802,1665
4803,1278
4804,1317
4805,1616
4806,1333
4807,1210
4808,1336
4809,1091
4810,2862
4811,1714
4812,1436
4813,1161
4814,1256
4815,1388
4816,1229
4817,1084
4818,1377
4819,1570
4820,2760
4821,1270
4822,1716
4823,1101
4824,1310
4825,1556
4826,1030
4827,1419
4828,1202
4829,979
4830,2558
4831,1374
4832,1200
4833,1520
4834,975
4835,1471
4836,1176
4837,1170
4838,1189
4839,965
4840,2094
4841,1598
4842,1182
4843,1201
4844,1422
4845,1328
4846,1032
4847,1161
4848,3073
4849,1703
4850,6155
4851,1161
4852,1472
4853,1212
4854,1092
4855,1305
4856,1361
4857,1095
4858,1128
4859,1024
4860,2160
4861,1477
4862,1188
4863,1014
4864,1111
4865,1054
4866,1078
4867,1307
4868,3736
4869,1266
4870,4981
4871,1126
4872,1390
4873,895
4874,914
4875,1507
4876,1064
4877,1299
4878,2454
4879,948
4880,2661
4881,1300
4882,966
4883,1014
4884,1498
4885,1199
4886,1029
4887,1230
4888,2511
4889,1258
4890,2505
4891,879
4892,993
4893,781
4894,909
4895,1392
4896,1033
4897,998
4898,1014
4899,1488
4900,14902
4901,3081
4902,1603
4903,1490
4904,1277
4905,1907
4906,1205
4907,1205
4908,1042
4909,1614
4910,2131
4911,2255
4912,1470
4913,1247
4914,1088
4915,1652
4916,1136
4917,1126
4918,1112
4919,1299
4920,2020
4921,1519
4922,1513
4923,1158
4924,1129
4925,1586
4926,1303
4927,1131
4928,1600
4929,1597
4930,2099
4931,1285
4932,1064
4933,1780
4934,1012
4935,1131
4936,1092
4937,983
4938,1062
4939,1391
4940,2011
4941,1488
4942,1396
4943,1328
4944,1528
4945,1819
4946,1053
4947,1293
4948,1211
4949,2513
4950,3897
4951,1250
4952,1218
4953,1016
4954,948
4955,1387
4956,1080
4957,960
4958,1303
4959,1167
4960,2332
4961,1096
4962,1008
4963,1017
4964,931
4965,1339
4966,1199
4967,1085
4968,1254
4969,1010
4970,1895
4971,1078
4972,985
4973,865
4974,1036
4975,2287
4976,986
4977,1054
4978,799
4979,997
4980,1835
4981,1011
4982,1017
4983,1097
4984,1029
4985,1251
4986,1093
4987,891
4988,1136
4989,1087
4990,2617
4991,1288
4992,1167
4993,1171
4994,1240
4995,1902
4996,1152
4997,1471
4998,1207
4999,5513
5000,544756
5001,9004
5002,4201
5003,3267
5004,2941
5005,4701
5006,2471
5007,2673
5008,4879
5009,2252
5010,7843
5011,2988
5012,2210
5013,1930
5014,4344
5015,3576
5016,1692
5017,1714
5018,1773
5019,1452
5020,5651
5021,2054
5022,2028
5023,1636
5024,1681
5025,2245
5026,1462
5027,1436
5028,1226
5029,1388
5030,4353
5031,1576
5032,1535
5033,1854
5034,1466
5035,1795
5036,1696
5037,1201
5038,1203
5039,1122
5040,4521
5041,1520
5042,1201
5043,1500
5044,1376
5045,1894
5046,1253
5047,1218
5048,1320
5049,1199
5050,12653
5051,2216
5052,3432
5053,1428
5054,1399
5055,2911
5056,1645
5057,1351
5058,1188
5059,1561
5060,5273
5061,2394
5062,1281
5063,1206
5064,1191
5065,1689
5066,1898
5067,1511
5068,1387
5069,1240
5070,2918
5071,1134
5072,1190
5073,1180
5074,1051
5075,1944
5076,1162
5077,1232
5078,1012
5079,1036
5080,3331
5081,1184
5082,1225
5083,2020
5084,1255
5085,1509
5086,1487
5087,1207
5088,1812
5089,1721
5090,2599
5091,1206
5092,1243
5093,990
5094,905
5095,1370
5096,1344
5097,977
5098,1084
5099,1312
5100,25581
5101,4564
5102,2695
5103,2196
5104,1820
5105,2114
5106,1678
5107,2077
5108,1868
5109,1336
5110,4794
5111,4044
5112,1983
5113,1446
5114,2790
5115,2338
5116,1501
5117,1445
5118,1806
5119,1704
5120,4938
5121,2176
5122,2027
5123,1972
5124,1454
5125,2091
5126,1532
5127,1249
5128,1449
5129,1045
5130,3439
5131,1863
5132,1337
5133,1501
5134,1248
5135,1392
5136,1393
5137,1174
5138,989
5139,1300
5140,2861
5141,1438
5142,1348
5143,1099
5144,1194
5145,1477
5146,1383
5147,1179
5148,1155
5149,1333
5150,11511
5151,3623
5152,1837
5153,1831
5154,1199
5155,2332
5156,1401
5157,1185
5158,1107
5159,1146
5160,4917
5161,1916
5162,1317
5163,1118
5164,1210
5165,1531
5166,1268
5167,1467
5168,1210
5169,946
5170,2521
5171,1568
5172,1170
5173,1027
5174,1064
5175,1470
5176,1261
5177,1102
5178,914
5179,890
5180,2240
5181,1268
5182,1152
5183,986
5184,1452
5185,1216
5186,1014
5187,1011
5188,1246
5189,904
5190,2070
5191,1715
5192,967
5193,1143
5194,11325
5195,1531
5196,973
5197,1066
5198,1135
5199,1904
5200,37369
5201,3128
5202,1881
5203,1686
5204,1820
5205,2077
5206,1444
5207,1420
5208,1694
5209,1304
5210,3967
5211,2793
5212,1750
5213,1313
5214,1423
5215,1551
5216,1341
5217,1263
5218,1435
5219,1489
5220,4457
5221,1744
5222,3159
5223,1749
5224,1702
5225,2872
5226,1499
5227,1530
5228,1425
5229,1201
5230,3765
5231,1355
5232,1374
5233,2595
5234,1311
5235,1927
5236,1198
5237,1160
5238,1194
5239,1300
5240,2330
5241,1222
5242,1475
5243,1354
5244,1532
5245,1679
5246,1358
5247,1326
5248,1239
5249,1033
5250,8113
5251,1707
5252,2779
5253,1711
5254,1185
5255,2112
5256,1164
5257,1293
5258,1176
5259,1004
5260,2091
5261,1274
5262,1277
5263,1440
5264,991
5265,1066
5266,1667
5267,1257
5268,1063
5269,1154
5270,1923
5271,1206
5272,1404
5273,1189
5274,971
5275,1595
5276,974
5277,1420
5278,1157
5279,855
5280,7375
5281,2746
5282,1302
5283,1609
5284,992
5285,1660
5286,876
5287,1002
5288,1309
5289,1021
5290,1719
5291,1607
5292,1611
5293,1046
5294,966
5295,1155
5296,1395
5297,1270
5298,910
5299,1334
5300,23178
5301,3636
5302,1995
5303,1966
5304,1627
5305,2323
5306,1578
5307,1853
5308,1308
5309,2061
5310,3979
5311,2499
5312,2150
5313,1448
5314,1340
5315,1779
5316,1471
5317,1198
5318,1220
5319,1178
5320,3572
5321,2193
5322,2146
5323,1851
5324,1487
5325,2036
5326,1574
5327,1185
5328,1450
5329,1593
5330,2880
5331,1612
5332,1405
5333,2998
5334,1581
5335,1877
5336,1375
5337,1405
5338,1155
5339,1141
5340,2365
5341,1378
5342,1177
5343,1573
5344,1271
5345,1642
5346,1265
5347,1174
5348,1177
5349,1130
5350,3571
5351,1432
5352,1318
5353,3749
5354,1394
5355,1916
5356,1516
5357,1294
5358,1069
5359,1268
5360,2051
5361,1135
5362,1154
5363,1409
5364,1081
5365,1125
5366,1264
5367,1142
5368,1281
5369,909
5370,1881
5371,1086
5372,977
5373,1305
5374,1043
5375,1382
5376,1095
5377,1262
5378,1098
5379,923
5380,2039
5381,1471
5382,1001
5383,1114
5384,971
5385,1167
5386,1026
5387,1739
5388,1203
5389,912
5390,1540
5391,1050
5392,863
5393,1004
5394,873
5395,1298
5396,954
5397,976
5398,989
5399,1155
5400,27837
5401,3099
5402,1841
5403,1694
5404,1532
5405,1872
5406,1575
5407,1336
5408,1269
5409,1151
5410,2288
5411,2154
5412,1423
5413,1225
5414,1253
5415,1553
5416,1227
5417,1038
5418,1162
5419,993
5420,3080
5421,1286
5422,2028
5423,1326
5424,1731
5425,1672
5426,1182
5427,1104
5428,1262
5429,978
5430,2488
5431,1171
5432,2470
5433,2589
5434,1457
5435,1164
5436,987
5437,2281
5438,1281
5439,1140
5440,2708
5441,1484
5442,1303
5443,1518
5444,2190
5445,1865
5446,1517
5447,1279
5448,1162
5449,1492
5450,4649
5451,1275
5452,1218
5453,1048
5454,2428
5455,1889
5456,1312
5457,986
5458,1034
5459,1053
5460,1870
5461,1829
5462,999
5463,1390
5464,1371
5465,1865
5466,1419
5467,1050
5468,988
5469,866
5470,2752
5471,2463
5472,2571
5473,855
5474,1201
5475,1352
5476,1021
5477,1261
5478,1167
5479,1165
5480,2234
5481,1139
5482,1092
5483,1220
5484,898
5485,1110
5486,1011
5487,868
5488,1111
5489,1012
5490,1764
5491,1325
5492,829
5493,861
5494,1126
5495,1510
5496,903
5497,820
5498,2029
5499,1545
5500,61181
5501,3097
5502,1796
5503,1538
5504,1584
5505,4108
5506,1891
5507,1567
5508,1947
5509,1370
5510,4768
5511,2859
5512,2366
5513,2614
5514,1438
5515,2542
5516,1677
5517,1769
5518,1397
5519,1312
5520,4733
5521,1649
5522,2221
5523,1407
5524,1527
5525,2799
5526,1370
5527,1216
5528,1123
5529,1651
5530,4098
5531,1405
5532,1643
5533,2431
5534,1583
5535,1752
5536,1488
5537,1359
5538,1166
5539,1244
5540,2665
5541,1423
5542,1328
5543,1105
5544,1980
5545,1868
5546,1135
5547,1156
5548,1292
5549,986
5550,5590
5551,2012
5552,1680
5553,1418
5554,1590
5555,12010
5556,1857
5557,1316
5558,1814
5559,1506
5560,2217
5561,1314
5562,959
5563,944
5564,1080
5565,1533
5566,2393
5567,1016
5568,1176
5569,1042
5570,2794
5571,1137
5572,1136
5573,961
5574,858
5575,1982
5576,1141
5577,2169
5578,1091
5579,872
5580,2427
5581,1109
5582,1063
5583,1053
5584,1042
5585,1619
5586,932
5587,973
5588,1840
5589,940
5590,1892
5591,1105
5592,996
5593,1027
5594,898
5595,1354
5596,1068
5597,1036
5598,971
5599,1571
5600,23181
5601,2767
5602,1601
5603,1281
5604,1533
5605,1730
5606,1848
5607,1199
5608,1099
5609,1103
5610,2728
5611,1584
5612,1205
5613,1206
5614,1029
5615,1289
5616,1402
5617,892
5618,921
5619,902
5620,2602
5621,1273
5622,1384
5623,1247
5624,1059
5625,2503
5626,1676
5627,1397
5628,1101
5629,953
5630,2439
5631,1068
5632,1260
5633,1281
5634,1057
5635,1532
5636,1194
5637,1509
5638,1297
5639,1033
5640,1983
5641,1230
5642,1318
5643,1093
5644,1185
5645,1229
5646,1551
5647,1022
5648,914
5649,890
5650,3537
5651,1364
5652,1129
5653,1036
5654,1035
5655,1673
5656,2357
5657,1297
5658,981
5659,916
5660,2630
5661,1386
5662,1089
5663,1294
5664,1179
5665,1826
5666,1636
5667,1429
5668,962
5669,1169
5670,3397
5671,1373
5672,1468
5673,1145
5674,1030
5675,1292
5676,1204
5677,1155
5678,4049
5679,1053
5680,2339
5681,934
5682,959
5683,1221
5684,899
5685,950
5686,896
5687,1360
5688,1201
5689,992
5690,1840
5691,926
5692,963
5693,827
5694,978
5695,1513
5696,1049
5697,913
5698,844
5699,1298
5700,18052
5701,3227
5702,1441
5703,1541
5704,1177
5705,1845
5706,1078
5707,1384
5708,1374
5709,1234
5710,1980
5711,2361
5712,1475
5713,1333
5714,1338
5715,2025
5716,948
5717,1144
5718,1208
5719,1177
5720,2294
5721,1664
5722,1667
5723,1154
5724,996
5725,1748
5726,946
5727,1672
5728,1159
5729,959
5730,3186
5731,1137
5732,1128
5733,1648
5734,1130
5735,1452
5736,1132
5737,1170
5738,1050
5739,1273
5740,2260
5741,1362
5742,1273
5743,1257
5744,1354
5745,1341
5746,1263
5747,1364
5748,1231
5749,891
5750,4946
5751,1990
5752,1194
5753,1537
5754,1830
5755,1619
5756,1046
5757,2563
5758,1250
5759,1082
5760,3498
5761,1160
5762,1204
5763,1205
5764,1132
5765,1274
5766,1434
5767,1410
5768,1348
5769,1220
5770,4900
5771,1759
5772,1988
5773,1548
5774,1640
5775,2579
5776,1811
5777,3447
5778,2771
5779,2151
5780,1670
5781,963
5782,840
5783,772
5784,836
5785,1194
5786,1050
5787,963
5788,1054
5789,1125
5790,1495
5791,1058
5792,841
5793,1117
5794,675
5795,1065
5796,881
5797,909
5798,909
5799,1039
5800,24399
5801,2452
5802,1320
5803,1148
5804,1119
5805,1359
5806,1213
5807,1945
5808,1403
5809,984
5810,2163
5811,1570
5812,3485
5813,1038
5814,1135
5815,1222
5816,1312
5817,1049
5818,1031
5819,1221
5820,2387
5821,1083
5822,1699
5823,1028
5824,904
5825,1593
5826,799
5827,840
5828,1100
5829,933
5830,2156
5831,928
5832,1240
5833,1225
5834,1081
5835,1008
5836,913
5837,1206
5838,961
5839,1547
5840,2395
5841,1215
5842,837
5843,969
5844,911
5845,1288
5846,1235
5847,879
5848,1055
5849,1051
5850,4559
5851,1178
5852,1074
5853,1103
5854,900
5855,1565
5856,935
5857,838
5858,2092
5859,1077
5860,1903
5861,1178
5862,907
5863,812
5864,993
5865,1404
5866,1112
5867,1186
5868,931
5869,866
5870,4481
5871,990
5872,963
5873,788
5874,821
5875,1306
5876,1031
5877,1158
5878,855
5879,827
5880,1948
5881,1589
5882,1035
5883,978
5884,949
5885,1760
5886,860
5887,1030
5888,2098
5889,813
5890,1763
5891,1131
5892,786
5893,713
5894,749
5895,1644
5896,806
5897,967
5898,953
5899,1043
5900,12942
5901,2528
5902,1588
5903,1405
5904,1142
5905,1577
5906,1247
5907,1211
5908,1081
5909,1030
5910,1908
5911,1647
5912,1012
5913,813
5914,836
5915,1182
5916,867
5917,888
5918,829
5919,901
5920,1897
5921,969
5922,1092
5923,1171
5924,814
5925,1506
5926,785
5927,822
5928,757
5929,877
5930,2776
5931,1009
5932,941
5933,909
5934,806
5935,1156
5936,822
5937,1039
5938,802
5939,979
5940,1726
5941,1048
5942,782
5943,917
5944,904
5945,926
5946,815
5947,814
5948,789
5949,850
5950,3478
5951,1029
5952,974
5953,838
5954,878
5955,1382
5956,820
5957,835
5958,898
5959,1849
5960,1934
5961,939
5962,1290
5963,884
5964,830
5965,1099
5966,928
5967,874
5968,762
5969,868
5970,2588
5971,926
5972,992
5973,1206
5974,823
5975,1605
5976,1098
5977,949
5978,821
5979,947
5980,1641
5981,899
5982,880
5983,795
5984,1040
5985,1166
5986,951
5987,878
5988,1021
5989,907
5990,2336
5991,1078
5992,919
5993,902
5994,784
5995,1891
5996,941
5997,874
5998,935
5999,3287
6000,228873
6001,6872
6002,3785
6003,2651
6004,2509
6005,2977
6006,3133
6007,2055
6008,2254
6009,2123
6010,5087
6011,3563
6012,2446
6013,2183
6014,1593
6015,3261
6016,1908
6017,1310
6018,1867
6019,1364
6020,4586
6021,2091
6022,1988
6023,1362
6024,1434
6025,2017
6026,1316
6027,1240
6028,1192
6029,1189
6030,3661
6031,1423
6032,1379
6033,1698
6034,994
6035,1745
6036,1243
6037,1085
6038,1341
6039,1212
6040,3490
6041,1571
6042,1267
6043,1026
6044,1297
6045,1707
6046,1169
6047,899
6048,1187
6049,1194
6050,4199
6051,1633
6052,1173
6053,971
6054,935
6055,2628
6056,1994
6057,958
6058,1060
6059,978
6060,5829
6061,17944
6062,1586
6063,3592
6064,1174
6065,1488
6066,1922
6067,1104
6068,1140
6069,1128
6070,2695
6071,1232
6072,1170
6073,1096
6074,1046
6075,1470
6076,1058
6077,1130
6078,1017
6079,904
6080,3224
6081,1295
6082,2204
6083,985
6084,1581
6085,1663
6086,1275
6087,913
6088,1354
6089,864
6090,2165
6091,1148
6092,912
6093,1068
6094,940
6095,1284
6096,1025
6097,1057
6098,1034
6099,1143
6100,20123
6101,3814
6102,2492
6103,3306
6104,1828
6105,2868
6106,2073
6107,1506
6108,1559
6109,1652
6110,4009
6111,4252
6112,1912
6113,1204
6114,1559
6115,1521
6116,1671
6117,1355
6118,1286
6119,1466
6120,4107
6121,2196
6122,1537
6123,1513
6124,1332
6125,1988
6126,1719
6127,1060
6128,2007
6129,1054
6130,2527
6131,2145
6132,1293
6133,1433
6134,963
6135,1246
6136,1183
6137,870
6138,1054
6139,1219
6140,2222
6141,1613
6142,1005
6143,1134
6144,1904
6145,1231
6146,1259
6147,1177
6148,1227
6149,894
6150,4503
6151,1831
6152,1296
6153,1037
6154,1190
6155,1384
6156,1096
6157,1149
6158,868
6159,1013
6160,2336
6161,2490
6162,1750
6163,1168
6164,1321
6165,1235
6166,1917
6167,1169
6168,1379
6169,955
6170,1786
6171,1249
6172,1072
6173,942
6174,1034
6175,1325
6176,1209
6177,1287
6178,862
6179,792
6180,2197
6181,1197
6182,854
6183,993
6184,763
6185,1073
6186,912
6187,760
6188,1077
6189,987
6190,1565
6191,1123
6192,922
6193,841
6194,720
6195,1041
6196,886
6197,796
6198,905
6199,1586
6200,20887
6201,3026
6202,2304
6203,2202
6204,1976
6205,2424
6206,1552
6207,1654
6208,1371
6209,1357
6210,3820
6211,2396
6212,1893
6213,1543
6214,1306
6215,1834
6216,1283
6217,1481
6218,1172
6219,982
6220,3366
6221,2409
6222,2592
6223,1541
6224,1494
6225,1911
6226,1938
6227,1502
6228,1155
6229,1394
6230,3598
6231,1440
6232,1437
6233,2002
6234,1566
6235,1542
6236,1145
6237,1353
6238,1561
6239,1590
6240,2553
6241,1537
6242,1448
6243,1068
6244,1408
6245,1401
6246,1176
6247,1084
6248,1133
6249,975
6250,6095
6251,1687
6252,1546
6253,1328
6254,1342
6255,1766
6256,1127
6257,1064
6258,1182
6259,942
6260,2375
6261,1428
6262,2579
6263,1881
6264,1549
6265,1610
6266,1378
6267,1061
6268,1020
6269,1162
6270,1862
6271,1382
6272,1522
6273,1530
6274,1140
6275,1445
6276,1010
6277,1618
6278,1284
6279,970
6280,2289
6281,1215
6282,1119
6283,1046
6284,1065
6285,1572
6286,927
6287,1256
6288,1510
6289,1032
6290,1796
6291,1029
6292,1114
6293,838
6294,1043
6295,1125
6296,878
6297,830
6298,899
6299,1401
6300,20220
6301,2948
6302,1646
6303,1864
6304,1892
6305,1894
6306,1367
6307,1498
6308,1140
6309,1572
6310,2702
6311,1977
6312,1308
6313,1243
6314,999
6315,1371
6316,1156
6317,1146
6318,1050
6319,1026
6320,2788
6321,1528
6322,1344
6323,1451
6324,1329
6325,1948
6326,1093
6327,1122
6328,1234
6329,1275
6330,2947
6331,1680
6332,1568
6333,2838
6334,1445
6335,1295
6336,1586
6337,1351
6338,1344
6339,1065
6340,1935
6341,1083
6342,966
6343,1110
6344,1470
6345,1134
6346,1013
6347,918
6348,1093
6349,924
6350,3257
6351,1322
6352,1037
6353,1078
6354,1008
6355,1360
6356,914
6357,1234
6358,888
6359,826
6360,2252
6361,1845
6362,1044
6363,2460
6364,1070
6365,1024
6366,1256
6367,1018
6368,887
6369,820
6370,1297
6371,1157
6372,1184
6373,1061
6374,863
6375,1300
6376,1022
6377,1110
6378,1216
6379,1347
6380,1518
6381,920
6382,934
6383,896
6384,894
6385,1156
6386,878
6387,893
6388,1232
6389,1108
6390,1307
6391,938
6392,896
6393,1061
6394,817
6395,981
6396,873
6397,1349
6398,952
6399,1455
6400,31699
6401,2798
6402,1800
6403,1350
6404,1465
6405,1879
6406,1244
6407,1020
6408,1120
6409,1218
6410,2131
6411,1715
6412,1403
6413,1051
6414,1240
6415,1113
6416,1054
6417,1061
6418,964
6419,867
6420,2018
6421,1074
6422,1287
6423,1145
6424,1247
6425,2008
6426,1395
6427,993
6428,1223
6429,1004
6430,1855
6431,1183
6432,1103
6433,1343
6434,1077
6435,1197
6436,818
6437,1102
6438,1043
6439,780
6440,2155
6441,1179
6442,1123
6443,1433
6444,1695
6445,1229
6446,1310
6447,999
6448,955
6449,870
6450,3429
6451,1014
6452,926
6453,1224
6454,1017
6455,1602
6456,1027
6457,1140
6458,958
6459,1029
6460,1942
6461,976
6462,1027
6463,1989
6464,2363
6465,1212
6466,1331
6467,985
6468,1559
6469,872
6470,1512
6471,1208
6472,958
6473,987
6474,913
6475,1779
6476,795
6477,1028
6478,912
6479,712
6480,1492
6481,762
6482,911
6483,834
6484,1088
6485,773
6486,824
6487,1083
6488,1174
6489,929
6490,1599
6491,920
6492,827
6493,788
6494,962
6495,1107
6496,890
6497,1109
6498,901
6499,1256
6500,52443
6501,3676
6502,11628
6503,1504
6504,1176
6505,2295
6506,1336
6507,1224
6508,1463
6509,1531
6510,3636
6511,2449
6512,1636
6513,1195
6514,1145
6515,1638
6516,1249
6517,962
6518,955
6519,988
6520,3226
6521,1071
6522,1735
6523,977
6524,1018
6525,1780
6526,1069
6527,857
6528,868
6529,1092
6530,2092
6531,1239
6532,1320
6533,1152
6534,948
6535,1357
6536,1074
6537,886
6538,1478
6539,816
6540,1829
6541,1142
6542,1227
6543,1456
6544,1126
6545,1305
6546,924
6547,908
6548,843
6549,766
6550,4325
6551,1334
6552,1458
6553,1043
6554,1011
6555,2571
6556,1293
6557,931
6558,902
6559,923
6560,2364
6561,1157
6562,1014
6563,951
6564,896
6565,2252
6566,1355
6567,869
6568,933
6569,867
6570,2011
6571,971
6572,901
6573,651
6574,866
6575,1287
6576,852
6577,1074
6578,824
6579,795
6580,1577
6581,1324
6582,1124
6583,914
6584,808
6585,1056
6586,729
6587,1155
6588,1161
6589,829
6590,1400
6591,851
6592,809
6593,736
6594,705
6595,1050
6596,984
6597,679
6598,718
6599,876
6600,21107
6601,2061
6602,1230
6603,1103
6604,1436
6605,1355
6606,1491
6607,908
6608,1186
6609,916
6610,2637
6611,2213
6612,1178
6613,1203
6614,1092
6615,1209
6616,1389
6617,964
6618,807
6619,924
6620,2242
6621,1561
6622,1918
6623,988
6624,1011
6625,1190
6626,1160
6627,909
6628,873
6629,929
6630,2671
6631,1188
6632,1358
6633,2201
6634,940
6635,1205
6636,1391
6637,1123
6638,896
6639,920
6640,1688
6641,1033
6642,1151
6643,994
6644,1403
6645,1159
6646,1109
6647,911
6648,915
6649,787
6650,2830
6651,1516
6652,1133
6653,1151
6654,1087
6655,2021
6656,1137
6657,1401
6658,799
6659,805
6660,1999
6661,1111
6662,2161
6663,1316
6664,1751
6665,1158
6666,5436
6667,2804
6668,1040
6669,1050
6670,2504
6671,1499
6672,1478
6673,1113
6674,1039
6675,1122
6676,1103
6677,2286
6678,1077
6679,756
6680,2499
6681,1302
6682,1103
6683,1387
6684,1040
6685,1142
6686,1083
6687,1067
6688,1776
6689,858
6690,1481
6691,919
6692,797
6693,746
6694,1288
6695,1189
6696,1109
6697,1130
6698,1225
6699,1993
6700,16379
6701,2244
6702,1400
6703,948
6704,942
6705,1146
6706,979
6707,1305
6708,1141
6709,795
6710,2128
6711,1532
6712,1206
6713,1278
6714,841
6715,1063
6716,1092
6717,903
6718,766
6719,861
6720,1990
6721,1181
6722,1946
6723,1122
6724,1206
6725,1319
6726,975
6727,1125
6728,830
6729,885
6730,1594
6731,1105
6732,862
6733,1119
6734,880
6735,1295
6736,3723
6737,1395
6738,992
6739,838
6740,1542
6741,867
6742,1269
6743,877
6744,1095
6745,1015
6746,798
6747,1610
6748,835
6749,1050
6750,3972
6751,1314
6752,1175
6753,1043
6754,707
6755,1272
6756,756
6757,1088
6758,987
6759,814
6760,1631
6761,976
6762,996
6763,948
6764,726
6765,1238
6766,1149
6767,2093
6768,1385
6769,885
6770,2752
6771,927
6772,1090
6773,1156
6774,849
6775,1103
6776,1255
6777,3458
6778,823
6779,870
6780,1574
6781,871
6782,780
6783,788
6784,1026
6785,848
6786,760
6787,1103
6788,1163
6789,2629
6790,1646
6791,1132
6792,751
6793,631
6794,614
6795,851
6796,708
6797,788
6798,736
6799,991
6800,21505
6801,2378
6802,1204
6803,2386
6804,1050
6805,1719
6806,1235
6807,1108
6808,1218
6809,2218
6810,1961
6811,1528
6812,1208
6813,853
6814,930
6815,1065
6816,849
6817,961
6818,885
6819,741
6820,2147
6821,1272
6822,1347
6823,885
6824,1096
6825,1438
6826,899
6827,1000
6828,1009
6829,728
6830,2146
6831,1107
6832,963
6833,975
6834,1009
6835,1068
6836,1025
6837,901
6838,984
6839,746
6840,1892
6841,985
6842,837
6843,733
6844,926
6845,1283
6846,1334
6847,1088
6848,1040
6849,772
6850,4187
6851,1430
6852,813
6853,1131
6854,1088
6855,1077
6856,897
6857,778
6858,852
6859,633
6860,1578
6861,1054
6862,811
6863,892
6864,774
6865,963
6866,1121
6867,792
6868,2277
6869,825
6870,3268
6871,941
6872,914
6873,875
6874,711
6875,1747
6876,863
6877,1193
6878,1039
6879,853
6880,2570
6881,1232
6882,1142
6883,981
6884,968
6885,1079
6886,1151
6887,1025
6888,2495
6889,940
6890,1845
6891,808
6892,812
6893,675
6894,622
6895,806
6896,770
6897,815
6898,719
6899,931
6900,10759
6901,2367
6902,1417
6903,1238
6904,969
6905,1275
6906,986
6907,1016
6908,829
6909,1101
6910,1957
6911,1603
6912,1180
6913,959
6914,881
6915,1045
6916,782
6917,811
6918,793
6919,764
6920,2145
6921,1049
6922,2024
6923,787
6924,1090
6925,1396
6926,905
6927,720
6928,786
6929,800
6930,1762
6931,766
6932,729
6933,1106
6934,690
6935,946
6936,800
6937,944
6938,741
6939,1020
6940,1787
6941,1079
6942,817
6943,688
6944,876
6945,859
6946,1115
6947,764
6948,747
6949,849
6950,4110
6951,863
6952,653
6953,663
6954,773
6955,1080
6956,698
6957,712
6958,783
6959,843
6960,2022
6961,845
6962,1113
6963,1093
6964,764
6965,986
6966,1004
6967,637
6968,1330
6969,1866
6970,2998
6971,859
6972,950
6973,789
6974,681
6975,1120
6976,971
6977,935
6978,1298
6979,780
6980,1474
6981,954
6982,701
6983,760
6984,639
6985,764
6986,686
6987,608
6988,1077
6989,916
6990,2424
6991,848
6992,831
6993,637
6994,659
6995,1377
6996,995
6997,759
6998,887
6999,2560
7000,157132
7001,5904
7002,3406
7003,4872
7004,3343
7005,3216
7006,2192
7007,3303
7008,1922
7009,1910
7010,5072
7011,2340
7012,2312
7013,1906
7014,1754
7015,2226
7016,1888
7017,1806
7018,2019
7019,1123
7020,4039
7021,1811
7022,1780
7023,1368
7024,1442
7025,2148
7026,1305
7027,1483
7028,1183
7029,1171
7030,3795
7031,1617
7032,1228
7033,1333
7034,1251
7035,1785
7036,1273
7037,1130
7038,912
7039,1111
7040,2977
7041,1282
7042,1407
7043,1150
7044,1321
7045,1269
7046,1200
7047,1066
7048,1016
7049,788
7050,4705
7051,1175
7052,1194
7053,897
7054,1185
7055,1834
7056,964
7057,1079
7058,1024
7059,1041
7060,2836
7061,1299
7062,919
7063,946
7064,988
7065,1333
7066,1221
7067,877
7068,1220
7069,1249
7070,4526
7071,1588
7072,1044
7073,1499
7074,1184
7075,9058
7076,1167
7077,1941
7078,1281
7079,1093
7080,2749
7081,1180
7082,1624
7083,1132
7084,801
7085,1255
7086,836
7087,1013
7088,1200
7089,879
7090,2444
7091,1028
7092,1094
7093,995
7094,1443
7095,1303
7096,1198
7097,795
7098,770
7099,1154
7100,17080
7101,2629
7102,1977
7103,1533
7104,1412
7105,1705
7106,1771
7107,1714
7108,1198
7109,1177
7110,4150
7111,3830
7112,1556
7113,1106
7114,1521
7115,1410
7116,1462
7117,1635
7118,991
7119,1112
7120,3047
7121,1710
7122,1484
7123,1488
7124,1122
7125,1611
7126,1341
7127,942
7128,1069
7129,1059
7130,2244
7131,1452
7132,1137
7133,1186
7134,1128
7135,1898
7136,1081
7137,948
7138,869
7139,816
7140,1856
7141,2006
7142,990
7143,1003
7144,1097
7145,1158
7146,1171
7147,869
7148,962
7149,808
7150,3637
7151,1301
7152,987
7153,1127
7154,889
7155,1445
7156,816
7157,872
7158,896
7159,1047
7160,2552
7161,1198
7162,809
7163,965
7164,938
7165,1024
7166,1084
7167,1251
7168,996
7169,982
7170,1791
7171,2399
7172,1288
7173,1033
7174,920
7175,1328
7176,1221
7177,1393
7178,871
7179,844
7180,1659
7181,1558
7182,882
7183,1298
7184,838
7185,1126
7186,910
7187,841
7188,1396
7189,941
7190,1720
7191,1241
7192,883
7193,898
7194,831
7195,1473
7196,740
7197,765
7198,761
7199,1214
7200,33224
7201,3109
7202,2904
7203,2180
7204,1325
7205,1777
7206,1974
7207,1252
7208,1157
7209,920
7210,2909
7211,2305
7212,1924
7213,1083
7214,1091
7215,1350
7216,1511
7217,1008
7218,1103
7219,1503
7220,2666
7221,1349
7222,2816
7223,2814
7224,2381
7225,1988
7226,1450
7227,1569
7228,1330
7229,1009
7230,2359
7231,1247
7232,1159
7233,3516
7234,1318
7235,1275
7236,911
7237,1490
7238,1163
7239,863
7240,1951
7241,1152
7242,1340
7243,1618
7244,1174
7245,1878
7246,1254
7247,978
7248,1046
7249,869
7250,4822
7251,1400
7252,1257
7253,1077
7254,918
7255,1278
7256,2126
7257,865
7258,1723
7259,856
7260,2651
7261,1227
7262,1227
7263,1064
7264,1464
7265,1326
7266,1020
7267,1277
7268,812
7269,1117
7270,1840
7271,930
7272,2655
7273,1237
7274,1493
7275,2618
7276,882
7277,2457
7278,1086
7279,983
7280,2122
7281,934
7282,995
7283,1260
7284,1074
7285,1223
7286,833
7287,970
7288,1591
7289,1198
7290,1818
7291,1100
7292,1054
7293,930
7294,784
7295,1009
7296,767
7297,1332
7298,844
7299,962
7300,16971
7301,1915
7302,1508
7303,1434
7304,1500
7305,1523
7306,1286
7307,1328
7308,1302
7309,972
7310,2248
7311,1565
7312,1158
7313,1004
7314,936
7315,1248
7316,962
7317,965
7318,1316
7319,958
7320,2145
7321,1448
7322,1184
7323,1917
7324,1169
7325,1912
7326,1822
7327,927
7328,1286
7329,751
7330,2172
7331,1301
7332,1328
7333,2280
7334,989
7335,1130
7336,1222
7337,1536
7338,851
7339,722
7340,2070
7341,841
7342,928
7343,1058
7344,935
7345,1334
7346,902
7347,987
7348,902
7349,866
7350,2802
7351,1108
7352,1629
7353,998
7354,1055
7355,1391
7356,1061
7357,910
7358,833
7359,827
7360,2342
7361,842
7362,913
7363,1060
7364,950
7365,911
7366,969
7367,914
7368,1259
7369,775
7370,2049
7371,1022
7372,1019
7373,2260
7374,1046
7375,1535
7376,859
7377,1468
7378,1763
7379,982
7380,1757
7381,976
7382,1000
7383,921
7384,803
7385,1122
7386,1396
7387,1618
7388,1037
7389,936
7390,2051
7391,1040
7392,1056
7393,915
7394,934
7395,934
7396,726
7397,714
7398,692
7399,1018
7400,14532
7401,2457
7402,1886
7403,1286
7404,4331
7405,1815
7406,961
7407,1386
7408,1370
7409,943
7410,2880
7411,1921
7412,1286
7413,925
7414,1256
7415,1401
7416,823
7417,1093
7418,792
7419,970
7420,3890
7421,1361
7422,1541
7423,1027
7424,1554
7425,1753
7426,1096
7427,1308
7428,968
7429,1007
7430,1844
7431,1197
7432,1595
7433,2351
7434,1341
7435,1235
7436,1021
7437,960
7438,868
7439,953
7440,2436
7441,1142
7442,1020
7443,1475
7444,2303
7445,1397
7446,1100
7447,1798
7448,1104
7449,932
7450,3515
7451,949
7452,846
7453,897
7454,853
7455,1159
7456,1065
7457,849
7458,1052
7459,851
7460,1671
7461,823
7462,863
7463,1486
7464,1104
7465,993
7466,902
7467,1338
7468,865
7469,2596
7470,1727
7471,1150
7472,980
7473,862
7474,2127
7475,1668
7476,1059
7477,1172
7478,891
7479,781
7480,1805
7481,961
7482,861
7483,992
7484,1056
7485,891
7486,1224
7487,967
7488,1275
7489,665
7490,2370
7491,1096
7492,939
7493,961
7494,1114
7495,1222
7496,760
7497,676
7498,847
7499,1517
7500,59138
7501,2855
7502,1337
7503,1478
7504,1055
7505,1635
7506,2668
7507,1275
7508,1019
7509,1244
7510,3231
7511,1660
7512,1167
7513,947
7514,1072
7515,1621
7516,1137
7517,996
7518,1049
7519,1039
7520,3621
7521,1078
7522,1772
7523,966
7524,1018
7525,2245
7526,1196
7527,1191
7528,1004
7529,2483
7530,1859
7531,1291
7532,970
7533,1087
7534,984
7535,1638
7536,845
7537,1120
7538,999
7539,1027
7540,1764
7541,1187
7542,1025
7543,944
7544,894
7545,1467
7546,2001
7547,1151
7548,1022
7549,894
7550,3066
7551,1319
7552,946
7553,1061
7554,1772
7555,2473
7556,1307
7557,1571
7558,888
7559,1270
7560,1809
7561,941
7562,1314
7563,847
7564,836
7565,1220
7566,1329
7567,1300
7568,917
7569,718
7570,1927
7571,815
7572,958
7573,777
7574,768
7575,3035
7576,1024
7577,1551
7578,859
7579,866
7580,1972
7581,1014
7582,998
7583,836
7584,1238
7585,1517
7586,891
7587,1138
7588,915
7589,894
7590,1718
7591,1320
7592,809
7593,980
7594,799
7595,1171
7596,735
7597,727
7598,864
7599,1175
7600,18600
7601,3217
7602,1379
7603,1431
7604,1165
7605,976
7606,1625
7607,1194
7608,951
7609,1104
7610,3949
7611,1620
7612,1298
7613,1186
7614,1024
7615,1018
7616,1093
7617,732
7618,778
7619,1087
7620,2026
7621,1117
7622,1097
7623,2007
7624,1306
7625,1812
7626,1106
7627,1012
7628,872
7629,971
7630,1678
7631,1085
7632,955
7633,1088
7634,755
7635,1106
7636,1133
7637,1186
7638,963
7639,914
7640,1803
7641,973
7642,854
7643,971
7644,1231
7645,2081
7646,946
7647,992
7648,847
7649,890
7650,3333
7651,845
7652,1215
7653,1304
7654,1324
7655,1472
7656,954
7657,1017
7658,639
7659,810
7660,1786
7661,1524
7662,1079
7663,1840
7664,869
7665,1375
7666,1539
7667,1496
7668,925
7669,1541
7670,1631
7671,2333
7672,809
7673,899
7674,716
7675,1328
7676,2263
7677,1317
7678,1093
7679,972
7680,2461
7681,1039
7682,896
7683,769
7684,712
7685,846
7686,887
7687,855
7688,1462
7689,632
7690,1096
7691,783
7692,849
7693,633
7694,671
7695,1181
7696,838
7697,847
7698,517
7699,956
7700,15510
7701,3603
7702,1918
7703,1675
7704,1366
7705,1363
7706,1142
7707,1268
7708,1024
7709,914
7710,3165
7711,2897
7712,1190
7713,1179
7714,17893
7715,1250
7716,1015
7717,1734
7718,990
7719,937
7720,2566
7721,1900
7722,2039
7723,1144
7724,1180
7725,1532
7726,1288
7727,1436
7728,1223
7729,1306
7730,2835
7731,1298
7732,1120
7733,1880
7734,1968
7735,1631
7736,1387
7737,1591
7738,1218
7739,1185
7740,2452
7741,1043
7742,967
7743,1007
7744,1444
7745,1188
7746,990
7747,2016
7748,1366
7749,993
7750,6658
7751,1337
7752,1018
7753,1435
7754,872
7755,2033
7756,963
7757,1347
7758,880
7759,978
7760,1819
7761,926
7762,1150
7763,891
7764,1119
7765,1156
7766,2138
7767,1467
7768,1266
7769,887
7770,3878
7771,1919
7772,1368
7773,1331
7774,1357
7775,1781
7776,1925
7777,9704
7778,1719
7779,1670
7780,1878
7781,974
7782,927
7783,905
7784,854
7785,1409
7786,1530
7787,1750
7788,2032
7789,1273
7790,2093
7791,1128
7792,1105
7793,1137
7794,818
7795,1204
7796,914
7797,1317
7798,873
7799,2085
7800,20756
7801,1998
7802,1486
7803,1889
7804,913
7805,4120
7806,1059
7807,894
7808,1335
7809,1012
7810,2070
7811,1865
7812,2047
7813,1155
7814,1053
7815,1328
7816,2342
7817,1365
7818,1258
7819,816
7820,1714
7821,1263
7822,1177
7823,944
7824,1246
7825,1920
7826,985
7827,1689
7828,1359
7829,874
7830,1394
7831,1245
7832,866
7833,1439
7834,1246
7835,1011
7836,1267
7837,1132
7838,874
7839,757
7840,1756
7841,1290
7842,1048
7843,1073
7844,848
7845,1081
7846,881
7847,825
7848,1253
7849,1138
7850,4482
7851,1011
7852,1112
7853,834
7854,1092
7855,1762
7856,699
7857,1472
7858,1103
7859,659
7860,1848
7861,919
7862,843
7863,1001
7864,1551
7865,828
7866,1326
7867,2771
7868,960
7869,1425
7870,4839
7871,1046
7872,1267
7873,1168
7874,1573
7875,1267
7876,1334
7877,1228
7878,2119
7879,1468
7880,2192
7881,1194
7882,1054
7883,843
7884,1672
7885,2157
7886,848
7887,1680
7888,2681
7889,957
7890,2649
7891,978
7892,768
7893,643
7894,882
7895,933
7896,1154
7897,689
7898,940
7899,1247
7900,12999
7901,2366
7902,996
7903,1178
7904,2112
7905,1397
7906,914
7907,777
7908,1063
7909,1246
7910,1995
7911,1325
7912,1102
7913,927
7914,1551
7915,1094
7916,1172
7917,1199
7918,784
7919,1060
7920,2396
7921,1384
7922,1197
7923,1282
7924,937
7925,1292
7926,1092
7927,984
7928,1171
7929,1020
7930,1844
7931,1108
7932,1049
7933,838
7934,668
7935,1029
7936,1129
7937,894
7938,811
7939,1153
7940,1982
7941,1206
7942,1560
7943,702
7944,1070
7945,876
7946,1194
7947,935
7948,773
7949,931
7950,5521
7951,1123
7952,951
7953,661
7954,691
7955,1181
7956,1254
7957,1180
7958,1076
7959,628
7960,2275
7961,1007
7962,1073
7963,945
7964,644
7965,935
7966,1517
7967,1234
7968,1195
7969,1025
7970,6329
7971,1431
7972,724
7973,1670
7974,1696
7975,949
7976,1537
7977,1619
7978,789
7979,1963
7980,1675
7981,954
7982,807
7983,858
7984,860
7985,1067
7986,709
7987,552
7988,870
7989,1049
7990,2487
7991,770
7992,806
7993,1070
7994,632
7995,1367
7996,721
7997,1126
7998,882
7999,2512
8000,169181
8001,5806
8002,5025
8003,2768
8004,2345
8005,2406
8006,2665
8007,1789
8008,4587
8009,1949
8010,4259
8011,2510
8012,1915
8013,1239
8014,1860
8015,1486
8016,1408
8017,1155
8018,2179
8019,1082
8020,5218
8021,1829
8022,1581
8023,1010
8024,1181
8025,1781
8026,1043
8027,1177
8028,1860
8029,1193
8030,2272
8031,1426
8032,2018
8033,1260
8034,1125
8035,1321
8036,1254
8037,1253
8038,1361
8039,1002
8040,3121
8041,1070
8042,1249
8043,1209
8044,1243
8045,1160
8046,1004
8047,1683
8048,1297
8049,939
8050,4275
8051,10872
8052,1621
8053,1340
8054,990
8055,1586
8056,893
8057,1018
8058,1211
8059,969
8060,2751
8061,1589
8062,1004
8063,943
8064,1068
8065,1413
8066,959
8067,709
8068,1198
8069,1032
8070,1963
8071,1215
8072,1109
8073,780
8074,674
8075,1168
8076,756
8077,1382
8078,1270
8079,861
8080,33138
8081,3533
8082,2223
8083,1555
8084,1436
8085,3832
8086,7940
8087,1821
8088,6715
8089,1140
8090,2788
8091,1591
8092,1037
8093,1256
8094,909
8095,999
8096,1033
8097,798
8098,848
8099,1140
8100,15843
8101,2766
8102,1599
8103,1431
8104,1075
8105,1349
8106,1095
8107,1003
8108,1596
8109,1195
8110,4661
8111,3073
8112,1387
8113,1350
8114,1103
8115,1406
8116,928
8117,1116
8118,1857
8119,816
8120,2885
8121,1219
8122,1520
8123,1799
8124,1076
8125,2524
8126,1030
8127,770
8128,979
8129,866
8130,2784
8131,3394
8132,850
8133,1406
8134,795
8135,1384
8136,769
8137,877
8138,959
8139,1333
8140,2003
8141,1149
8142,785
8143,934
8144,1251
8145,819
8146,992
8147,965
8148,728
8149,674
8150,4168
8151,1199
8152,872
8153,949
8154,696
8155,1135
8156,861
8157,732
8158,719
8159,852
8160,2189
8161,1143
8162,782
8163,964
8164,670
8165,1148
8166,1306
8167,1012
8168,1158
8169,830
8170,1262
8171,1270
8172,996
8173,916
8174,868
8175,853
8176,945
8177,952
8178,706
8179,785
8180,2089
8181,2668
8182,986
8183,807
8184,920
8185,1121
8186,903
8187,664
8188,1536
8189,716
8190,1164
8191,1521
8192,7015
8193,935
8194,844
8195,1040
8196,763
8197,725
8198,848
8199,844
8200,17070
8201,2563
8202,1667
8203,1963
8204,1359
8205,1636
8206,1077
8207,1059
8208,1595
8209,1113
8210,3005
8211,10188
8212,6409
8213,1135
8214,883
8215,1357
8216,2930
8217,45781
8218,1132
8219,689
8220,13854
8221,19955
8222,2919
8223,1447
8224,1152
8225,1505
8226,4368
8227,1112
8228,2296
8229,1038
8230,5842
8231,1329
8232,1603
8233,1376
8234,1027
8235,1115
8236,872
8237,1018
8238,806
8239,891
8240,1848
8241,772
8242,1133
8243,1320
8244,958
8245,1142
8246,936
8247,1168
8248,1273
8249,661
8250,4146
8251,1180
8252,1205
8253,1217
8254,1012
8255,10696
8256,967
8257,720
8258,1149
8259,1064
8260,2060
8261,1104
8262,1157
8263,1144
8264,1113
8265,1357
8266,1580
8267,1031
8268,785
8269,787
8270,1385
8271,900
8272,1115
8273,990
8274,1131
8275,1240
8276,834
8277,1087
8278,777
8279,817
8280,1470
8281,1214
8282,2903
8283,5280
8284,1155
8285,952
8286,882
8287,837
8288,1499
8289,879
8290,1315
8291,928
8292,878
8293,952
8294,1041
8295,1040
8296,802
8297,807
8298,761
8299,989
8300,14588
8301,3001
8302,1398
8303,1390
8304,978
8305,1064
8306,1025
8307,768
8308,1067
8309,818
8310,2571
8311,1450
8312,959
8313,1177
8314,968
8315,954
8316,844
8317,831
8318,849
8319,687
8320,2580
8321,933
8322,1139
8323,1035
8324,1245
8325,1438
8326,1037
8327,706
8328,878
8329,765
8330,2918
8331,1385
8332,1798
8333,2932
8334,848
8335,1066
8336,944
8337,966
8338,1169
8339,1531
8340,1395
8341,1074
8342,726
8343,947
8344,1074
8345,916
8346,1056
8347,757
8348,849
8349,718
8350,4394
8351,1012
8352,826
8353,951
8354,782
8355,1151
8356,1082
8357,666
8358,838
8359,697
8360,1329
8361,855
8362,836
8363,804
8364,1569
8365,820
8366,1027
8367,1037
8368,800
8369,726
8370,1368
8371,1381
8372,1064
8373,974
8374,862
8375,964
8376,864
8377,1069
8378,831
8379,962
8380,1700
8381,799
8382,968
8383,1630
8384,879
8385,912
8386,767
8387,1327
8388,1111
8389,889
8390,1347
8391,756
8392,1147
8393,771
8394,621
8395,1103
8396,865
8397,811
8398,849
8399,1016
8400,15491
8401,1829
8402,1068
8403,889
8404,1160
8405,1026
8406,908
8407,876
8408,885
8409,780
8410,1640
8411,1427
8412,890
8413,896
8414,1317
8415,1127
8416,813
8417,827
8418,1027
8419,839
8420,1322
8421,1048
8422,1193
8423,924
8424,1305
8425,1965
8426,644
8427,978
8428,723
8429,607
8430,1277
8431,1099
8432,1094
8433,1086
8434,906
8435,912
8436,817
8437,665
8438,616
8439,838
8440,1784
8441,896
8442,1076
8443,3780
8444,2530
8445,1101
8446,1096
8447,929
8448,1446
8449,727
8450,2204
8451,1486
8452,1040
8453,1292
8454,1199
8455,1344
8456,1519
8457,2264
8458,912
8459,800
8460,1233
8461,950
8462,964
8463,1267
8464,849
8465,794
8466,1081
8467,747
8468,706
8469,660
8470,1310
8471,965
8472,1733
8473,832
8474,942
8475,817
8476,735
8477,10385
8478,774
8479,586
8480,1361
8481,792
8482,1412
8483,769
8484,2337
8485,1116
8486,1166
8487,835
8488,1089
8489,722
8490,963
8491,767
8492,549
8493,1178
8494,714
8495,751
8496,727
8497,804
8498,669
8499,1579
8500,32365
8501,3465
8502,1479
8503,1304
8504,1183
8505,1503
8506,980
8507,939
8508,977
8509,750
8510,2304
8511,1487
8512,1121
8513,742
8514,938
8515,1494
8516,1024
8517,932
8518,833
8519,946
8520,4205
8521,1106
8522,1189
8523,863
8524,837
8525,1967
8526,850
8527,971
8528,966
8529,1020
8530,2580
8531,948
8532,835
8533,1033
8534,771
8535,1221
8536,813
8537,767
8538,727
8539,821
8540,2045
8541,1189
8542,1037
8543,1146
8544,1213
8545,1256
8546,863
8547,1023
8548,694
8549,668
8550,2843
8551,1100
8552,974
8553,829
8554,875
8555,2256
8556,814
8557,740
8558,1292
8559,745
8560,1564
8561,760
8562,824
8563,840
8564,656
8565,1149
8566,831
8567,694
8568,724
8569,614
8570,2375
8571,1022
8572,949
8573,1454
8574,737
8575,1043
8576,620
8577,1158
8578,702
8579,708
8580,1776
8581,846
8582,1277
8583,1349
8584,994
8585,2480
8586,1573
8587,921
8588,1203
8589,625
8590,1149
8591,814
8592,721
8593,656
8594,797
8595,1130
8596,500
8597,534
8598,664
8599,1102
8600,15166
8601,7061
8602,900
8603,814
8604,773
8605,912
8606,2161
8607,734
8608,884
8609,910
8610,2763
8611,1574
8612,919
8613,760
8614,814
8615,1162
8616,875
8617,743
8618,784
8619,773
8620,2868
8621,1658
8622,1149
8623,784
8624,888
8625,1631
8626,796
8627,811
8628,809
8629,721
8630,1395
8631,720
8632,782
8633,929
8634,671
8635,875
8636,790
8637,729
8638,706
8639,827
8640,1578
8641,762
8642,844
8643,901
8644,1212
8645,749
8646,795
8647,713
8648,997
8649,760
8650,1900
8651,743
8652,758
8653,740
8654,854
8655,1360
8656,810
8657,713
8658,739
8659,602
8660,1530
8661,939
8662,873
8663,834
8664,1479
8665,1019
8666,1455
8667,1281
8668,1041
8669,1744
8670,1281
8671,658
8672,755
8673,606
8674,1302
8675,922
8676,894
8677,1036
8678,719
8679,603
8680,1323
8681,839
8682,824
8683,1647
8684,690
8685,1114
8686,2488
8687,1697
8688,1877
8689,681
8690,1168
8691,990
8692,711
8693,522
8694,517
8695,711
8696,849
8697,637
8698,717
8699,809
8700,13466
8701,2093
8702,1066
8703,972
8704,896
8705,1227
8706,736
8707,995
8708,1072
8709,710
8710,2159
8711,1518
8712,993
8713,847
8714,754
8715,986
8716,718
8717,795
8718,739
8719,814
8720,1864
8721,1131
8722,1394
8723,984
8724,870
8725,1145
8726,863
8727,876
8728,923
8729,723
8730,1535
8731,798
8732,854
8733,1638
8734,825
8735,933
8736,800
8737,850
8738,884
8739,711
8740,1615
8741,1053
8742,1109
8743,720
8744,879
8745,786
8746,3751
8747,1411
8748,810
8749,816
8750,3124
8751,1125
8752,815
8753,1060
8754,619
8755,1043
8756,709
8757,920
8758,611
8759,758
8760,2243
8761,732
8762,939
8763,622
8764,651
8765,1268
8766,860
8767,930
8768,718
8769,584
8770,1637
8771,931
8772,975
8773,840
8774,686
8775,897
8776,1106
8777,2425
8778,1027
8779,612
8780,1349
8781,718
8782,893
8783,774
8784,580
8785,787
8786,708
8787,2194
8788,1543
8789,732
8790,1076
8791,650
8792,643
8793,594
8794,668
8795,808
8796,564
8797,759
8798,660
8799,2037
8800,24024
8801,2351
8802,2365
8803,1086
8804,1756
8805,1319
8806,1024
8807,1066
8808,1333
8809,1172
8810,2180
8811,2333
8812,1163
8813,807
8814,876
8815,1035
8816,1196
8817,892
8818,1176
8819,866
8820,2453
8821,1427
8822,1962
8823,1017
8824,1253
8825,1382
8826,959
8827,815
8828,1045
8829,1199
8830,2224
8831,1052
8832,1348
8833,1720
8834,826
8835,871
8836,756
8837,835
8838,1007
8839,931
8840,1634
8841,998
8842,750
8843,1316
8844,1765
8845,843
8846,884
8847,788
8848,2205
8849,1177
8850,2973
8851,991
8852,1088
8853,708
8854,1396
8855,1654
8856,891
8857,984
8858,1204
8859,8842
8860,1877
8861,1222
8862,937
8863,1238
8864,644
8865,1222
8866,1427
8867,859
8868,1313
8869,837
8870,1620
8871,910
8872,882
8873,1076
8874,614
8875,999
8876,1072
8877,1686
8878,1487
8879,1400
8880,3048
8881,1831
8882,1305
8883,1190
8884,1391
8885,1441
8886,1486
8887,1309
8888,14073
8889,1817
8890,3055
8891,1073
8892,800
8893,744
8894,683
8895,2725
8896,756
8897,685
8898,1005
8899,1668
8900,12024
8901,1937
8902,1044
8903,963
8904,862
8905,927
8906,804
8907,693
8908,772
8909,835
8910,1996
8911,1152
8912,941
8913,747
8914,1191
8915,724
8916,628
8917,907
8918,774
8919,864
8920,1584
8921,779
8922,1107
8923,625
8924,1249
8925,790
8926,700
8927,688
8928,694
8929,862
8930,1257
8931,830
8932,701
8933,1011
8934,609
8935,735
8936,929
8937,1050
8938,3466
8939,1062
8940,1461
8941,994
8942,860
8943,639
8944,955
8945,851
8946,778
8947,648
8948,628
8949,2608
8950,1943
8951,757
8952,814
8953,594
8954,551
8955,1110
8956,656
8957,571
8958,611
8959,656
8960,1347
8961,768
8962,1418
8963,702
8964,732
8965,1155
8966,1362
8967,460
8968,709
8969,745
8970,1060
8971,925
8972,778
8973,711
8974,748
8975,824
8976,637
8977,873
8978,485
8979,784
8980,1127
8981,858
8982,557
8983,995
8984,708
8985,729
8986,744
8987,791
8988,1045
8989,2244
8990,2612
8991,766
8992,989
8993,897
8994,820
8995,1196
8996,977
8997,717
8998,1040
8999,2883
9000,129800
9001,153380
9002,7774
9003,3018
9004,2812
9005,3065
9006,3492
9007,2081
9008,1872
9009,2511
9010,4221
9011,1815
9012,1570
9013,1120
9014,1228
9015,1997
9016,1602
9017,993
9018,1345
9019,902
9020,2490
9021,1214
9022,1060
9023,1033
9024,1076
9025,1565
9026,1007
9027,1127
9028,801
9029,774
9030,2059
9031,1093
9032,1169
9033,1089
9034,822
9035,1020
9036,959
9037,830
9038,992
9039,827
9040,1952
9041,895
9042,885
9043,666
9044,854
9045,929
9046,1102
9047,704
9048,867
9049,740
9050,2937
9051,862
9052,935
9053,692
9054,825
9055,1413
9056,647
9057,620
9058,704
9059,626
9060,2171
9061,800
9062,687
9063,739
9064,742
9065,742
9066,4293
9067,699
9068,989
9069,646
9070,1706
9071,828
9072,760
9073,734
9074,664
9075,1134
9076,788
9077,961
9078,694
9079,659
9080,2045
9081,816
9082,679
9083,923
9084,660
9085,1458
9086,566
9087,759
9088,924
9089,1302
9090,4703
9091,1197
9092,968
9093,916
9094,834
9095,903
9096,746
9097,878
9098,933
9099,1417
9100,17179
9101,2251
9102,1375
9103,985
9104,1130
9105,1145
9106,839
9107,856
9108,710
9109,744
9110,2225
9111,2702
9112,912
9113,913
9114,889
9115,1043
9116,749
9117,892
9118,750
9119,1276
9120,1960
9121,1019
9122,1023
9123,1295
9124,747
9125,1077
9126,1130
9127,864
9128,795
9129,633
9130,1529
9131,1004
9132,1492
9133,882
9134,659
9135,723
9136,692
9137,768
9138,582
9139,623
9140,1407
9141,1079
9142,698
9143,626
9144,1442
9145,862
9146,739
9147,850
9148,670
9149,699
9150,2817
9151,899
9152,677
9153,1185
9154,590
9155,1164
9156,548
9157,535
9158,604
9159,656
9160,1153
9161,768
9162,676
9163,574
9164,628
9165,1785
9166,1148
9167,1102
9168,777
9169,542
9170,1099
9171,1172
9172,750
9173,705
9174,674
9175,870
9176,540
9177,789
9178,720
9179,592
9180,1195
9181,1035
9182,1162
9183,473
9184,971
9185,679
9186,716
9187,661
9188,858
9189,717
9190,1127
9191,1776
9192,781
9193,693
9194,764
9195,749
9196,556
9197,593
9198,686
9199,1101
9200,14187
9201,1849
9202,1285
9203,1039
9204,929
9205,1346
9206,883
9207,835
9208,916
9209,778
9210,1895
9211,1908
9212,1381
9213,718
9214,816
9215,934
9216,1084
9217,731
9218,780
9219,964
9220,2151
9221,1186
9222,1997
9223,1116
9224,966
9225,1244
9226,783
9227,1137
9228,923
9229,1082
9230,1380
9231,1035
9232,808
9233,2725
9234,832
9235,1027
9236,689
9237,905
9238,774
9239,734
9240,1406
9241,1655
9242,923
9243,936
9244,888
9245,792
9246,751
9247,820
9248,741
9249,925
9250,3893
9251,966
9252,940
9253,961
9254,570
9255,1368
9256,622
9257,671
9258,861
9259,541
9260,1502
9261,1174
9262,1299
9263,651
9264,734
9265,978
9266,934
9267,848
9268,1151
9269,745
9270,945
9271,869
9272,1044
9273,826
9274,801
9275,886
9276,852
9277,839
9278,869
9279,679
9280,1527
9281,833
9282,1041
9283,1157
9284,754
9285,1048
9286,781
9287,768
9288,1044
9289,590
9290,1831
9291,1085
9292,2736
9293,883
9294,714
9295,858
9296,720
9297,821
9298,754
9299,1138
9300,13961
9301,1469
9302,986
9303,1207
9304,896
9305,1086
9306,801
9307,687
9308,768
9309,734
9310,1962
9311,1330
9312,877
9313,905
9314,939
9315,1001
9316,685
9317,709
9318,710
9319,764
9320,2069
9321,1018
9322,933
9323,709
9324,660
9325,1285
9326,1236
9327,729
9328,928
9329,822
9330,1894
9331,1018
9332,775
9333,2356
9334,726
9335,996
9336,997
9337,844
9338,768
9339,1006
9340,1124
9341,828
9342,599
9343,983
9344,949
9345,866
9346,721
9347,651
9348,672
9349,708
9350,2756
9351,1008
9352,754
9353,842
9354,851
9355,1960
9356,707
9357,671
9358,679
9359,512
9360,2746
9361,881
9362,851
9363,752
9364,788
9365,841
9366,689
9367,821
9368,740
9369,786
9370,2112
9371,736
9372,703
9373,695
9374,657
9375,1625
9376,777
9377,1033
9378,948
9379,533
9380,1719
9381,941
9382,703
9383,880
9384,841
9385,998
9386,783
9387,766
9388,828
9389,748
9390,1106
9391,726
9392,755
9393,1705
9394,846
9395,743
9396,633
9397,820
9398,800
9399,1194
9400,11039
9401,1402
9402,878
9403,1174
9404,1490
9405,1435
9406,839
9407,770
9408,722
9409,865
9410,1470
9411,1534
9412,755
9413,719
9414,839
9415,1185
9416,715
9417,874
9418,805
9419,891
9420,1398
9421,847
9422,969
9423,689
9424,868
9425,873
9426,589
9427,766
9428,606
9429,733
9430,1422
9431,825
9432,810
9433,885
9434,732
9435,721
9436,595
9437,680
9438,677
9439,640
9440,1675
9441,953
9442,857
9443,1317
9444,1706
9445,900
9446,642
9447,685
9448,880
9449,889
9450,1943
9451,987
9452,802
9453,1016
9454,685
9455,1070
9456,657
9457,816
9458,630
9459,685
9460,1289
9461,645
9462,731
9463,1696
9464,842
9465,1178
9466,859
9467,864
9468,617
9469,579
9470,1051
9471,652
9472,689
9473,812
9474,1456
9475,709
9476,595
9477,968
9478,628
9479,597
9480,1004
9481,788
9482,616
9483,602
9484,679
9485,724
9486,668
9487,696
9488,950
9489,638
9490,1214
9491,651
9492,638
9493,568
9494,1498
9495,841
9496,594
9497,591
9498,635
9499,973
9500,23003
9501,1749
9502,1408
9503,1215
9504,876
9505,2100
9506,840
9507,698
9508,884
9509,679
9510,1735
9511,1125
9512,738
9513,1009
9514,752
9515,1019
9516,871
9517,650
9518,783
9519,592
9520,1557
9521,819
9522,941
9523,963
9524,732
9525,2167
9526,714
9527,915
9528,792
9529,1018
9530,1816
9531,1075
9532,663
9533,802
9534,716
9535,905
9536,752
9537,600
9538,622
9539,770
9540,1394
9541,803
9542,745
9543,715
9544,685
9545,1090
9546,620
9547,662
9548,591
9549,560
9550,4083
9551,927
9552,800
9553,761
9554,677
9555,2895
9556,783
9557,1032
9558,791
9559,841
9560,2104
9561,691
9562,565
9563,563
9564,673
9565,828
9566,849
9567,635
9568,804
9569,631
9570,1671
9571,678
9572,638
9573,455
9574,486
9575,1495
9576,579
9577,722
9578,525
9579,529
9580,1398
9581,655
9582,610
9583,592
9584,962
9585,848
9586,510
9587,575
9588,656
9589,484
9590,1671
9591,637
9592,684
9593,604
9594,662
9595,2080
9596,964
9597,568
9598,764
9599,872
9600,27130
9601,1847
9602,1024
9603,1034
9604,981
9605,945
9606,1313
9607,1021
9608,959
9609,764
9610,1790
9611,983
9612,703
9613,931
9614,762
9615,809
9616,788
9617,823
9618,641
9619,627
9620,1323
9621,835
9622,2058
9623,741
9624,592
9625,881
9626,883
9627,571
9628,630
9629,762
9630,2215
9631,686
9632,1019
9633,872
9634,542
9635,765
9636,658
9637,830
9638,586
9639,740
9640,1321
9641,1054
9642,1152
9643,698
9644,850
9645,1028
9646,917
9647,973
9648,703
9649,582
9650,3125
9651,839
9652,741
9653,867
9654,1101
9655,887
9656,748
9657,629
9658,955
9659,614
9660,3271
9661,822
9662,5375
9663,1206
9664,759
9665,874
9666,1136
9667,894
9668,834
9669,912
9670,1320
9671,651
9672,699
9673,852
9674,679
9675,1353
9676,694
9677,715
9678,594
9679,1194
9680,925
9681,606
9682,666
9683,573
9684,600
9685,908
9686,883
9687,670
9688,857
9689,669
9690,1251
9691,674
9692,538
9693,693
9694,538
9695,837
9696,1738
9697,848
9698,667
9699,958
9700,15326
9701,1592
9702,941
9703,764
9704,903
9705,1201
9706,954
9707,1034
9708,809
9709,800
9710,1459
9711,1233
9712,1259
9713,685
9714,846
9715,898
9716,716
9717,745
9718,591
9719,544
9720,1509
9721,814
9722,865
9723,738
9724,606
9725,1038
9726,742
9727,775
9728,623
9729,777
9730,1022
9731,609
9732,626
9733,841
9734,623
9735,849
9736,559
9737,732
9738,678
9739,595
9740,997
9741,794
9742,655
9743,819
9744,809
9745,837
9746,579
9747,779
9748,617
9749,519
9750,2367
9751,685
9752,601
9753,589
9754,605
9755,1082
9756,686
9757,749
9758,622
9759,500
9760,1073
9761,658
9762,602
9763,844
9764,583
9765,662
9766,768
9767,965
9768,508
9769,611
9770,1238
9771,913
9772,793
9773,682
9774,633
9775,957
9776,673
9777,1967
9778,868
9779,819
9780,2287
9781,687
9782,490
9783,597
9784,623
9785,650
9786,647
9787,828
9788,923
9789,776
9790,1779
9791,957
9792,1038
9793,640
9794,633
9795,953
9796,1553
9797,1488
9798,780
9799,953
9800,17683
9801,1934
9802,996
9803,840
9804,740
9805,970
9806,797
9807,662
9808,874
9809,725
9810,4408
9811,849
9812,752
9813,734
9814,686
9815,949
9816,727
9817,687
9818,972
9819,730
9820,3144
9821,862
9822,959
9823,575
9824,643
9825,1199
9826,716
9827,635
9828,856
9829,1016
9830,1284
9831,655
9832,780
9833,862
9834,725
9835,989
9836,739
9837,590
9838,754
9839,641
9840,1538
9841,923
9842,850
9843,802
9844,909
9845,1128
9846,671
9847,677
9848,778
9849,739
9850,2614
9851,738
9852,698
9853,559
9854,598
9855,890
9856,613
9857,672
9858,1159
9859,691
9860,1662
9861,738
9862,536
9863,483
9864,658
9865,679
9866,695
9867,565
9868,746
9869,556
9870,1082
9871,753
9872,603
9873,632
9874,575
9875,916
9876,1194
9877,707
9878,806
9879,796
9880,1544
9881,665
9882,825
9883,591
9884,763
9885,800
9886,750
9887,1051
9888,2052
9889,1083
9890,1364
9891,573
9892,494
9893,547
9894,582
9895,747
9896,576
9897,572
9898,1631
9899,1465
9900,12986
9901,1601
9902,1418
9903,1112
9904,1335
9905,1039
9906,871
9907,836
9908,865
9909,998
9910,1487
9911,1576
9912,865
9913,759
9914,739
9915,943
9916,611
9917,854
9918,766
9919,1006
9920,1247
9921,807
9922,1263
9923,651
9924,700
9925,1038
9926,1184
9927,632
9928,667
9929,829
9930,2153
9931,703
9932,630
9933,1862
9934,640
9935,718
9936,695
9937,542
9938,801
9939,914
9940,1323
9941,811
9942,587
9943,632
9944,1018
9945,1079
9946,717
9947,678
9948,736
9949,904
9950,2203
9951,833
9952,766
9953,611
9954,760
9955,1445
9956,608
9957,642
9958,757
9959,922
9960,2059
9961,751
9962,602
9963,684
9964,667
9965,1058
9966,1438
9967,640
9968,625
9969,861
9970,1236
9971,1015
9972,851
9973,730
9974,636
9975,1131
9976,577
9977,1100
9978,771
9979,809
9980,1636
9981,1544
9982,869
9983,955
9984,995
9985,969
9986,866
9987,827
9988,1827
9989,1041
9990,2656
9991,1562
9992,1233
9993,1176
9994,1486
9995,3034
9996,1374
9997,1853
9998,2252
9999,30631
10000,94458
