number,count
0,60054828
1,89776517
2,77980177
3,62370334
4,48418652
5,54553368
6,34362331
7,29599480
8,28587679
9,21477849
10,41550131
11,16158423
12,21781449
13,11436976
14,12037691
15,19819333
16,11993490
17,9637991
18,12271003
19,8164868
20,23230032
21,8011573
22,7620910
23,6541568
24,11372458
25,13711678
26,5918957
27,5613809
28,6061037
29,4946836
30,23113379
31,5105413
32,4000684
33,2978590
34,2820096
35,5147227
36,3113912
37,2498658
38,2522561
39,2580401
40,10197069
41,2023913
42,2490130
43,2012754
44,2251019
45,5043382
46,1909159
47,1855201
48,2867816
49,1990823
50,15109239
51,1746898
52,2030975
53,1606743
54,1739888
55,2663290
56,1652404
57,1462611
58,1498145
59,1531700
60,7457017
61,1203231
62,1364145
63,1234150
64,2090436
65,2521043
66,1380764
67,1217246
68,1207513
69,1093218
70,4890574
71,1069907
72,1634118
73,1026381
74,1060083
75,3667810
76,1063661
77,1032513
78,1063524
79,956956
80,5391981
81,960729
82,1026827
83,958333
84,1031386
85,1795588
86,968817
87,915289
88,1064787
89,917049
90,5381459
91,931589
92,983034
93,1013635
94,938629
95,2734358
96,1094484
97,996760
98,1170224
99,3173584
100,16388564
101,1106491
102,699854
103,510288
104,633986
105,686673
106,582222
107,440742
108,536436
109,405766
110,1229374
111,480586
112,524134
113,363555
114,417150
115,550443
116,385708
117,337762
118,376304
119,337084
120,1994374
121,355652
122,371736
123,385542
124,345145
125,952547
126,327880
127,325243
128,508799
129,295149
130,1049264
131,284554
132,329859
133,274996
134,272188
135,472369
136,265491
137,251211
138,271785
139,246987
140,1015312
141,248670
142,254503
143,235203
144,320343
145,365424
146,238420
147,236819
148,230159
149,264122
150,3127192
151,241492
152,254904
153,208491
154,221439
155,313818
156,225236
157,208070
158,204604
159,198594
160,960823
161,216989
162,223183
163,194955
164,202602
165,339304
166,191331
167,190485
168,277712
169,202504
170,615771
171,183367
172,206195
173,175415
174,187244
175,468963
176,191159
177,182830
178,181528
179,191376
180,1190430
181,171799
182,238080
183,271309
184,203272
185,276730
186,171735
187,169841
188,171734
189,178535
190,421862
191,173171
192,275021
193,164315
194,149275
195,248916
196,166325
197,159331
198,157847
199,268101
200,6310892
201,315490
202,353322
203,248806
204,253414
205,288641
206,265625
207,212971
208,257718
209,184851
210,487312
211,200060
212,302300
213,176281
214,215016
215,285311
216,204888
217,171980
218,178869
219,155677
220,617075
221,173046
222,222727
223,177834
224,198169
225,390660
226,164189
227,158651
228,163906
229,153760
230,455673
231,171427
232,205251
233,155557
234,156807
235,215440
236,145456
237,136515
238,145266
239,150085
240,584001
241,139417
242,152975
243,150376
244,136460
245,192125
246,135449
247,143640
248,150591
249,161398
250,2479298
251,143074
252,161072
253,136588
254,152115
255,251475
256,333549
257,121989
258,123341
259,116706
260,366925
261,120927
262,143151
263,122225
264,197456
265,189981
266,119513
267,125502
268,117561
269,123513
270,360381
271,117414
272,130240
273,131601
274,112994
275,270914
276,117545
277,118286
278,114106
279,118093
280,361794
281,128377
282,113360
283,107916
284,109549
285,175980
286,110803
287,121436
288,130003
289,115063
290,215617
291,98897
292,107331
293,110325
294,101231
295,164300
296,103866
297,102461
298,103696
299,186604
300,4391075
301,262101
302,228132
303,207849
304,209547
305,200721
306,158898
307,130340
308,182636
309,122632
310,320855
311,149808
312,192142
313,127346
314,144591
315,182044
316,148531
317,122750
318,126400
319,116230
320,406031
321,136616
322,128981
323,133975
324,117699
325,284947
326,109592
327,109854
328,116120
329,103430
330,331491
331,105629
332,112233
333,178450
334,106508
335,143904
336,124184
337,104176
338,107098
339,91831
340,247205
341,100507
342,102073
343,107987
344,98793
345,146349
346,94963
347,101779
348,92658
349,111183
350,1365955
351,104063
352,114438
353,96677
354,94364
355,128203
356,104381
357,106669
358,92999
359,87434
360,1323044
361,94463
362,91171
363,92331
364,98732
365,808546
366,100636
367,84079
368,86578
369,83348
370,197888
371,86666
372,86557
373,85385
374,76491
375,326898
376,81120
377,87587
378,78861
379,79331
380,228762
381,80281
382,81393
383,84492
384,103367
385,118937
386,89666
387,83455
388,81289
389,77788
390,161158
391,74167
392,80042
393,74529
394,70566
395,124426
396,72538
397,71869
398,70861
399,138409
400,3420183
401,374937
402,154914
403,163852
404,260976
405,164590
406,126624
407,120395
408,123490
409,91810
410,251282
411,117866
412,129987
413,94068
414,108385
415,147696
416,127295
417,97060
418,82884
419,92397
420,278933
421,91129
422,107110
423,88594
424,92127
425,217143
426,82630
427,86740
428,80622
429,90798
430,200272
431,80436
432,99902
433,85828
434,81766
435,118203
436,74023
437,70926
438,75882
439,66630
440,218702
441,83645
442,82033
443,103825
444,98677
445,93060
446,66590
447,70926
448,73001
449,77471
450,746573
451,97083
452,73509
453,71834
454,83113
455,102437
456,79482
457,92868
458,84564
459,67204
460,177731
461,70839
462,72188
463,69259
464,70331
465,92622
466,67434
467,66393
468,69207
469,68028
470,149959
471,70710
472,68484
473,65781
474,63647
475,125033
476,70793
477,67135
478,64702
479,68368
480,265804
481,62199
482,68835
483,69282
484,65883
485,108030
486,77748
487,61455
488,92326
489,60877
490,118061
491,57403
492,59616
493,57190
494,58794
495,114962
496,58298
497,58958
498,57859
499,142326
500,7385671
501,388806
502,134054
503,122608
504,153309
505,130374
506,97829
507,77742
508,126057
509,96387
510,208054
511,81138
512,210667
513,78103
514,81919
515,99904
516,82032
517,69695
518,81368
519,72712
520,198642
521,76888
522,77052
523,65586
524,68814
525,126941
526,72734
527,66031
528,69609
529,120325
530,164933
531,62465
532,72729
533,69134
534,60825
535,87831
536,64106
537,60092
538,62804
539,56723
540,177179
541,79514
542,61229
543,59870
544,63742
545,76308
546,57510
547,58021
548,55363
549,62654
550,413244
551,61097
552,64683
553,58078
554,56709
555,122008
556,58279
557,52373
558,52057
559,57378
560,155945
561,77823
562,65350
563,58057
564,53503
565,70688
566,50111
567,56964
568,52556
569,49599
570,129508
571,60126
572,50130
573,60334
574,55817
575,101965
576,59370
577,55581
578,47722
579,50250
580,209350
581,92084
582,50773
583,49724
584,48774
585,76389
586,57801
587,56892
588,52069
589,48583
590,93499
591,47321
592,46643
593,46180
594,49722
595,75317
596,46508
597,47040
598,46794
599,90540
600,2333304
601,98382
602,103101
603,84011
604,102782
605,87791
606,86245
607,61498
608,80938
609,71178
610,155338
611,59826
612,83942
613,71309
614,72273
615,93068
616,70768
617,86366
618,73778
619,66797
620,164463
621,62002
622,66228
623,55621
624,62100
625,143227
626,69722
627,51366
628,53816
629,48435
630,167094
631,66373
632,63836
633,59017
634,49903
635,69066
636,63668
637,46479
638,49190
639,49010
640,177868
641,51448
642,82246
643,48507
644,53812
645,71255
646,60436
647,56063
648,48827
649,59357
650,464483
651,69896
652,51544
653,45903
654,46937
655,62046
656,52512
657,44621
658,44428
659,45370
660,147570
661,56026
662,54113
663,46950
664,49673
665,55911
666,79959
667,63084
668,48387
669,44586
670,97941
671,44488
672,46586
673,43429
674,42486
675,85590
676,45466
677,44863
678,55796
679,58386
680,127702
681,41401
682,45330
683,42932
684,45345
685,53510
686,46404
687,46075
688,48954
689,41217
690,84180
691,41699
692,43397
693,40850
694,39369
695,64710
696,42266
697,39334
698,40034
699,70288
700,1571160
701,84693
702,102731
703,83906
704,81315
705,72759
706,70653
707,81776
708,61654
709,52683
710,114972
711,59792
712,59499
713,66518
714,68763
715,69788
716,59003
717,66043
718,83110
719,52234
720,207288
721,51228
722,58727
723,45358
724,57770
725,80136
726,46695
727,71412
728,48784
729,45516
730,105750
731,47203
732,70462
733,50319
734,52548
735,57914
736,44518
737,148437
738,40313
739,39409
740,106007
741,45545
742,45920
743,42361
744,49142
745,61727
746,41110
747,111289
748,43264
749,48391
750,683591
751,48478
752,47715
753,44899
754,46411
755,62764
756,42124
757,69102
758,38613
759,36716
760,116795
761,41619
762,43556
763,44483
764,38665
765,64002
766,40359
767,62485
768,82265
769,38471
770,110424
771,41450
772,51403
773,55783
774,42606
775,83062
776,44105
777,136400
778,44328
779,39046
780,110441
781,53876
782,41519
783,39426
784,38789
785,57001
786,45493
787,100272
788,41534
789,42555
790,69151
791,36093
792,40462
793,36594
794,37418
795,56926
796,34345
797,40992
798,38971
799,70222
800,2641924
801,93878
802,298362
803,59515
804,68359
805,80370
806,53372
807,43085
808,107107
809,41017
810,107070
811,51104
812,62147
813,54686
814,51095
815,68702
816,56041
817,54360
818,59009
819,36193
820,113454
821,49291
822,48916
823,41095
824,44502
825,73918
826,44714
827,40880
828,58229
829,43416
830,95441
831,47609
832,52069
833,53831
834,38070
835,63122
836,38605
837,39526
838,38596
839,34036
840,99298
841,40728
842,43941
843,60817
844,87846
845,108680
846,37714
847,61586
848,43726
849,40475
850,322377
851,38298
852,45482
853,39962
854,40832
855,118755
856,47212
857,37532
858,49634
859,43950
860,103295
861,39334
862,38208
863,46108
864,52883
865,53636
866,165940
867,37719
868,39356
869,34785
870,87792
871,42369
872,38558
873,35018
874,35760
875,85597
876,38989
877,167800
878,34604
879,32871
880,96956
881,35991
882,39521
883,40755
884,35591
885,44709
886,36194
887,35585
888,286764
889,36180
890,62858
891,33924
892,33507
893,35087
894,31533
895,50615
896,34602
897,32531
898,34473
899,55188
900,1043528
901,71964
902,62467
903,48297
904,59605
905,68819
906,46841
907,51785
908,51560
909,53418
910,84206
911,450830
912,54314
913,45735
914,54635
915,54989
916,60567
917,50805
918,60643
919,61880
920,126131
921,40764
922,48611
923,36423
924,48153
925,89538
926,38028
927,34997
928,53447
929,39688
930,87046
931,38756
932,37923
933,41824
934,34785
935,48162
936,38079
937,44456
938,32481
939,38089
940,75718
941,49431
942,35330
943,33871
944,43852
945,44996
946,33552
947,31866
948,31055
949,52897
950,204522
951,43988
952,42763
953,32077
954,50350
955,41342
956,37608
957,30639
958,27788
959,33333
960,111079
961,33883
962,36478
963,33375
964,35051
965,45436
966,35138
967,32155
968,36209
969,32976
970,96855
971,37752
972,55057
973,52834
974,32737
975,55550
976,30932
977,32308
978,211999
979,33411
980,94781
981,33192
982,32507
983,31060
984,33182
985,44352
986,32200
987,37036
988,35318
989,38227
990,126353
991,39371
992,34888
993,38091
994,31757
995,88611
996,44452
997,47724
998,42346
999,285325
1000,1961719
1001,80146
1002,64568
1003,25630
1004,26680
1005,24097
1006,23114
1007,64726
1008,22490
1009,16722
1010,59339
1011,26361
1012,26073
1013,18936
1014,21836
1015,25437
1016,119430
1017,22175
1018,19631
1019,14143
1020,49666
1021,28477
1022,17140
1023,22363
1024,96458
1025,19776
1026,14457
1027,13077
1028,12893
1029,26536
1030,37372
1031,45882
1032,12694
1033,17851
1034,11610
1035,16584
1036,10734
1037,14362
1038,43274
1039,12767
1040,61569
1041,13413
1042,14047
1043,10810
1044,11376
1045,16541
1046,12562
1047,9562
1048,9798
1049,12550
1050,64644
1051,12540
1052,11443
1053,12564
1054,14046
1055,15805
1056,14545
1057,10574
1058,9723
1059,9271
1060,40350
1061,11102
1062,10342
1063,12896
1064,14975
1065,15173
1066,36903
1067,11462
1068,11450
1069,9876
1070,45283
1071,11214
1072,13698
1073,21022
1074,13446
1075,14713
1076,9803
1077,15831
1078,10009
1079,10068
1080,165407
1081,10549
1082,9463
1083,11399
1084,10649
1085,12973
1086,27766
1087,10732
1088,19579
1089,13541
1090,21646
1091,10745
1092,9457
1093,27975
1094,13553
1095,28071
1096,11739
1097,18439
1098,22445
1099,83153
1100,192010
1101,31046
1102,22099
1103,19963
1104,18763
1105,17874
1106,15428
1107,14006
1108,15479
1109,22487
1110,30373
1111,66606
1112,17669
1113,13700
1114,13843
1115,30524
1116,13826
1117,12982
1118,13080
1119,11441
1120,30274
1121,13515
1122,16522
1123,11882
1124,11570
1125,19461
1126,19364
1127,11978
1128,19794
1129,10412
1130,28004
1131,11479
1132,11176
1133,11515
1134,9934
1135,13214
1136,17829
1137,11402
1138,11374
1139,9559
1140,19750
1141,10581
1142,10319
1143,9807
1144,10867
1145,15258
1146,11357
1147,10443
1148,9650
1149,11394
1150,40936
1151,12896
1152,14297
1153,10471
1154,10137
1155,18939
1156,10510
1157,9583
1158,10602
1159,10765
1160,17829
1161,12387
1162,9558
1163,10461
1164,9075
1165,10337
1166,9098
1167,17584
1168,7872
1169,9391
1170,19257
1171,9633
1172,15663
1173,10038
1174,8181
1175,16238
1176,11934
1177,20729
1178,7963
1179,9713
1180,18444
1181,9726
1182,11242
1183,8661
1184,8471
1185,13501
1186,24413
1187,10093
1188,9690
1189,12015
1190,17026
1191,10569
1192,11567
1193,8748
1194,10586
1195,10321
1196,7563
1197,8470
1198,10071
1199,21027
1200,438394
1201,23966
1202,26700
1203,14644
1204,23075
1205,15966
1206,18992
1207,13294
1208,14499
1209,12738
1210,26443
1211,14148
1212,22929
1213,15381
1214,13753
1215,23798
1216,14697
1217,11156
1218,11214
1219,11195
1220,27502
1221,14020
1222,17773
1223,16336
1224,13612
1225,20943
1226,12743
1227,13552
1228,11276
1229,10506
1230,28195
1231,11617
1232,10490
1233,10543
1234,37726
1235,14037
1236,10137
1237,9629
1238,9441
1239,8696
1240,21257
1241,10852
1242,13121
1243,10782
1244,13880
1245,15405
1246,10004
1247,8931
1248,11095
1249,10871
1250,71529
1251,10945
1252,14655
1253,12211
1254,12743
1255,12319
1256,11801
1257,10790
1258,10789
1259,8318
1260,28162
1261,9592
1262,8414
1263,9625
1264,9207
1265,11276
1266,9406
1267,9996
1268,9416
1269,7934
1270,19229
1271,11321
1272,11070
1273,14710
1274,11833
1275,16285
1276,9108
1277,9760
1278,8755
1279,14000
1280,63223
1281,8867
1282,10167
1283,9315
1284,11005
1285,10947
1286,8013
1287,8539
1288,8674
1289,8341
1290,20337
1291,13141
1292,10114
1293,9470
1294,8960
1295,14432
1296,13485
1297,9823
1298,9258
1299,15418
1300,248325
1301,21412
1302,18483
1303,14749
1304,15711
1305,16170
1306,14413
1307,14520
1308,13913
1309,11115
1310,23797
1311,12877
1312,13747
1313,15065
1314,13518
1315,14066
1316,11535
1317,9925
1318,9679
1319,8688
1320,26747
1321,11656
1322,11961
1323,11259
1324,11441
1325,21864
1326,11227
1327,13102
1328,10344
1329,9464
1330,22886
1331,11677
1332,16015
1333,18272
1334,11390
1335,11938
1336,9738
1337,15285
1338,8859
1339,8189
1340,19544
1341,10180
1342,10166
1343,10367
1344,11005
1345,12729
1346,11046
1347,10399
1348,12620
1349,11305
1350,43880
1351,10833
1352,8445
1353,9542
1354,8409
1355,10539
1356,8809
1357,8778
1358,7730
1359,7930
1360,16717
1361,9487
1362,8480
1363,8560
1364,9866
1365,14937
1366,20795
1367,9396
1368,15647
1369,8707
1370,15249
1371,23263
1372,8937
1373,10287
1374,7834
1375,12127
1376,8517
1377,12003
1378,8656
1379,8380
1380,18074
1381,10630
1382,10218
1383,8832
1384,9474
1385,11058
1386,11063
1387,9105
1388,10065
1389,10350
1390,14703
1391,10729
1392,14870
1393,9241
1394,20125
1395,13205
1396,10938
1397,11722
1398,8091
1399,12098
1400,189015
1401,21064
1402,16664
1403,13520
1404,14864
1405,14003
1406,12736
1407,9953
1408,12271
1409,9680
1410,19294
1411,11761
1412,11887
1413,9590
1414,13097
1415,17320
1416,9681
1417,8892
1418,9129
1419,8870
1420,22529
1421,10379
1422,11692
1423,9901
1424,10342
1425,13446
1426,7545
1427,8479
1428,8981
1429,9188
1430,21347
1431,11019
1432,9764
1433,11265
1434,9743
1435,10981
1436,9010
1437,8961
1438,9431
1439,9049
1440,55687
1441,12076
1442,9620
1443,7987
1444,10837
1445,10448
1446,9240
1447,8498
1448,7748
1449,8275
1450,42905
1451,10187
1452,11650
1453,17603
1454,8169
1455,12050
1456,8284
1457,8181
1458,7828
1459,8320
1460,18268
1461,10196
1462,9270
1463,8395
1464,7765
1465,8792
1466,7285
1467,9033
1468,7995
1469,9948
1470,15791
1471,14973
1472,10915
1473,10656
1474,8165
1475,14062
1476,9599
1477,9855
1478,8697
1479,7752
1480,17508
1481,8590
1482,11671
1483,15324
1484,9911
1485,15491
1486,8215
1487,8088
1488,9893
1489,8406
1490,14930
1491,10710
1492,32914
1493,13988
1494,13015
1495,12500
1496,8159
1497,10746
1498,11254
1499,15206
1500,610416
1501,21965
1502,20179
1503,16025
1504,15933
1505,15508
1506,14791
1507,11998
1508,13469
1509,15703
1510,23336
1511,16320
1512,15544
1513,15254
1514,12886
1515,22025
1516,16633
1517,17842
1518,12138
1519,16505
1520,39147
1521,19587
1522,15747
1523,12942
1524,15409
1525,21067
1526,14507
1527,14161
1528,12191
1529,12099
1530,28075
1531,12831
1532,12646
1533,13441
1534,15026
1535,17897
1536,26319
1537,12417
1538,14950
1539,14909
1540,28717
1541,17238
1542,16311
1543,14880
1544,10869
1545,16741
1546,12714
1547,15641
1548,11170
1549,14970
1550,43697
1551,11919
1552,12603
1553,16471
1554,11579
1555,18138
1556,12609
1557,12384
1558,16714
1559,15357
1560,23462
1561,12332
1562,12017
1563,13157
1564,16936
1565,18055
1566,13253
1567,12473
1568,13064
1569,12190
1570,21386
1571,15693
1572,15841
1573,13297
1574,10692
1575,16056
1576,11675
1577,12562
1578,10998
1579,11196
1580,21959
1581,12311
1582,17246
1583,12682
1584,13656
1585,16791
1586,12037
1587,13076
1588,18134
1589,12103
1590,21578
1591,12560
1592,15891
1593,12557
1594,11935
1595,14850
1596,14205
1597,13526
1598,16921
1599,17710
1600,291113
1601,25832
1602,22876
1603,36999
1604,25902
1605,24179
1606,21407
1607,26119
1608,20794
1609,22939
1610,31608
1611,23586
1612,19455
1613,16301
1614,15904
1615,18459
1616,22772
1617,14751
1618,17679
1619,18346
1620,35981
1621,21547
1622,18063
1623,20037
1624,16946
1625,24643
1626,16430
1627,14367
1628,18800
1629,16262
1630,32058
1631,18139
1632,19509
1633,18128
1634,18918
1635,21493
1636,17454
1637,17894
1638,19397
1639,17613
1640,41507
1641,18604
1642,27470
1643,17745
1644,27343
1645,19412
1646,15558
1647,14960
1648,23116
1649,19366
1650,55065
1651,17644
1652,16726
1653,16119
1654,16394
1655,17395
1656,16102
1657,14236
1658,16043
1659,15036
1660,43141
1661,18792
1662,20408
1663,16484
1664,19280
1665,21942
1666,24484
1667,19012
1668,15851
1669,15193
1670,26527
1671,14890
1672,17691
1673,15594
1674,16220
1675,20940
1676,16034
1677,14570
1678,15223
1679,15415
1680,32084
1681,16215
1682,17719
1683,19263
1684,16113
1685,23594
1686,15610
1687,16660
1688,24779
1689,24393
1690,26467
1691,15300
1692,22093
1693,15560
1694,16199
1695,17977
1696,15123
1697,16740
1698,15609
1699,20376
1700,185697
1701,33038
1702,24564
1703,25527
1704,22342
1705,19507
1706,20613
1707,25397
1708,20592
1709,25313
1710,30149
1711,19884
1712,19442
1713,19325
1714,22773
1715,27817
1716,18746
1717,24381
1718,21002
1719,17870
1720,34906
1721,19760
1722,22612
1723,21563
1724,19501
1725,24401
1726,18227
1727,22325
1728,20621
1729,18940
1730,34220
1731,17864
1732,22287
1733,23069
1734,19455
1735,22313
1736,20115
1737,21387
1738,20586
1739,18922
1740,34209
1741,22113
1742,20827
1743,22021
1744,21143
1745,30605
1746,23771
1747,21313
1748,23285
1749,23685
1750,78408
1751,22677
1752,27799
1753,28192
1754,27672
1755,35540
1756,27666
1757,25777
1758,29564
1759,29666
1760,43562
1761,25046
1762,26952
1763,36496
1764,28018
1765,32161
1766,26960
1767,27942
1768,30477
1769,33466
1770,52055
1771,28511
1772,34708
1773,33653
1774,40727
1775,66326
1776,95695
1777,48375
1778,41064
1779,37115
1780,58119
1781,40741
1782,41230
1783,50251
1784,41726
1785,41954
1786,38366
1787,55179
1788,51877
1789,79498
1790,72438
1791,53625
1792,57987
1793,55076
1794,50463
1795,54232
1796,49584
1797,50346
1798,60126
1799,54913
1800,441818
1801,63970
1802,55202
1803,70339
1804,61725
1805,59534
1806,59061
1807,52122
1808,54050
1809,65165
1810,74404
1811,55842
1812,130115
1813,61122
1814,70125
1815,86728
1816,61724
1817,60445
1818,70896
1819,67475
1820,105309
1821,72029
1822,62446
1823,59828
1824,71233
1825,78781
1826,64064
1827,63381
1828,69876
1829,68703
1830,134267
1831,78472
1832,87683
1833,77060
1834,80566
1835,91038
1836,94872
1837,101288
1838,86097
1839,89069
1840,158225
1841,100546
1842,89622
1843,87482
1844,93902
1845,103355
1846,99452
1847,101324
1848,132605
1849,104863
1850,222442
1851,133467
1852,101743
1853,102675
1854,114691
1855,115145
1856,112262
1857,124662
1858,114153
1859,122583
1860,213708
1861,220069
1862,213637
1863,191645
1864,192402
1865,213568
1866,128034
1867,141051
1868,138857
1869,130402
1870,213440
1871,156631
1872,137893
1873,131481
1874,126753
1875,143714
1876,141984
1877,126842
1878,132226
1879,136516
1880,258829
1881,173188
1882,151512
1883,146387
1884,146840
1885,168231
1886,163185
1887,156367
1888,174407
1889,175605
1890,248443
1891,186950
1892,173438
1893,179312
1894,163534
1895,192562
1896,187251
1897,177489
1898,199783
1899,191730
1900,517177
1901,253885
1902,217405
1903,225573
1904,227927
1905,251710
1906,242971
1907,232281
1908,254786
1909,232841
1910,358877
1911,337691
1912,301237
1913,279306
1914,402086
1915,340674
1916,338863
1917,389144
1918,420716
1919,331027
1920,564406
1921,264097
1922,274844
1923,270079
1924,268241
1925,282602
1926,272910
1927,280465
1928,291809
1929,338474
1930,482292
1931,269043
1932,284851
1933,339393
1934,309970
1935,318501
1936,336785
1937,334554
1938,351145
1939,438052
1940,537360
1941,408643
1942,406258
1943,365273
1944,433285
1945,597311
1946,397017
1947,437316
1948,483888
1949,399692
1950,683643
1951,360142
1952,382587
1953,402602
1954,416838
1955,426132
1956,448886
1957,443033
1958,453937
1959,464877
1960,787580
1961,504960
1962,539187
1963,562917
1964,616385
1965,639628
1966,602725
1967,720204
1968,761225
1969,728157
1970,1017472
1971,700659
1972,764621
1973,756306
1974,758329
1975,808042
1976,795970
1977,756386
1978,829997
1979,901398
1980,1263547
1981,861463
1982,922686
1983,938746
1984,1055736
1985,1063247
1986,1113545
1987,1099649
1988,1185533
1989,1326272
1990,1735909
1991,1427487
1992,1545046
1993,1553235
1994,1719602
1995,1860391
1996,1991684
1997,2072999
1998,2291891
1999,2539014
2000,4440407
2001,3169277
2002,3167708
2003,3577308
2004,3869593
2005,4367628
2006,4756310
2007,5547733
2008,6578902
2009,6639952
2010,8088205
2011,8127247
2012,9284964
2013,9585712
2014,10475447
2015,11521314
2016,12597144
2017,13234799
2018,15071329
2019,9477023
2020,1834316
2021,366494
2022,308424
2023,166224
2024,142963
2025,279639
2026,85322
2027,45352
2028,40118
2029,20509
2030,389341
2031,18893
2032,19089
2033,18606
2034,14581
2035,50087
2036,16737
2037,11203
2038,11577
2039,7790
2040,78841
2041,10427
2042,8892
2043,6730
2044,7431
2045,21127
2046,7641
2047,8339
2048,48262
2049,18990
2050,215998
2051,6294
2052,6416
2053,5035
2054,5061
2055,8553
2056,7003
2057,4813
2058,4455
2059,4799
2060,25561
2061,6215
2062,4802
2063,9132
2064,4988
2065,7128
2066,5232
2067,5296
2068,4679
2069,4230
2070,19703
2071,5913
2072,5086
2073,4652
2074,4882
2075,8485
2076,4903
2077,9866
2078,3733
2079,3872
2080,28253
2081,4622
2082,3796
2083,3968
2084,4860
2085,4949
2086,3417
2087,3944
2088,4287
2089,3544
2090,8044
2091,3643
2092,3912
2093,3494
2094,3334
2095,4500
2096,3409
2097,4115
2098,3244
2099,10597
2100,122948
2101,11046
2102,8664
2103,8486
2104,9491
2105,10590
2106,9743
2107,7384
2108,7689
2109,5682
2110,13492
2111,8487
2112,11233
2113,5405
2114,6203
2115,8284
2116,5387
2117,5620
2118,9030
2119,4770
2120,10856
2121,9654
2122,5141
2123,4905
2124,4137
2125,6262
2126,3585
2127,3611
2128,4087
2129,3515
2130,9496
2131,5438
2132,3921
2133,8178
2134,4532
2135,5296
2136,3717
2137,3515
2138,4887
2139,5045
2140,9243
2141,4967
2142,6326
2143,3804
2144,4422
2145,4807
2146,3116
2147,4306
2148,3834
2149,3288
2150,14740
2151,5345
2152,4934
2153,3715
2154,4062
2155,6306
2156,3348
2157,3370
2158,3063
2159,3127
2160,27118
2161,4057
2162,3080
2163,3058
2164,3377
2165,4561
2166,3509
2167,3249
2168,3000
2169,3113
2170,6304
2171,3376
2172,3694
2173,3116
2174,3448
2175,4264
2176,2843
2177,2996
2178,3071
2179,2697
2180,5720
2181,3758
2182,3024
2183,2759
2184,2936
2185,3151
2186,2885
2187,3387
2188,2789
2189,2683
2190,4753
2191,3521
2192,3173
2193,2790
2194,2744
2195,3854
2196,3338
2197,2639
2198,2554
2199,6037
2200,92998
2201,9711
2202,7263
2203,5415
2204,5839
2205,7786
2206,5503
2207,4425
2208,4914
2209,4368
2210,9774
2211,7076
2212,6018
2213,4113
2214,4602
2215,6334
2216,5134
2217,4105
2218,4226
2219,3499
2220,9452
2221,5782
2222,15784
2223,5280
2224,4706
2225,6521
2226,3982
2227,4592
2228,4151
2229,4305
2230,8930
2231,6551
2232,4029
2233,5727
2234,3492
2235,4129
2236,3436
2237,3550
2238,3161
2239,2978
2240,7659
2241,5164
2242,4642
2243,3226
2244,6337
2245,4507
2246,3793
2247,3026
2248,3263
2249,3654
2250,17949
2251,4501
2252,3648
2253,4591
2254,7964
2255,11690
2256,3483
2257,4182
2258,2993
2259,3508
2260,6569
2261,4316
2262,3505
2263,3950
2264,3353
2265,4313
2266,3591
2267,3798
2268,2858
2269,2883
2270,5526
2271,3297
2272,4956
2273,5022
2274,2961
2275,4629
2276,2927
2277,4871
2278,3721
2279,2577
2280,9694
2281,4431
2282,3451
2283,3173
2284,3258
2285,3650
2286,2920
2287,3523
2288,3891
2289,2864
2290,7719
2291,2916
2292,2950
2293,2775
2294,2307
2295,3217
2296,2481
2297,2627
2298,2585
2299,4263
2300,70015
2301,8174
2302,5306
2303,4617
2304,7255
2305,6003
2306,4178
2307,9854
2308,4191
2309,3472
2310,8476
2311,5421
2312,5083
2313,4233
2314,3914
2315,4727
2316,3825
2317,3599
2318,3281
2319,3636
2320,7956
2321,4410
2322,4537
2323,6413
2324,3825
2325,4559
2326,3144
2327,3274
2328,3312
2329,3198
2330,7760
2331,3858
2332,3564
2333,5248
2334,5364
2335,4060
2336,3089
2337,4676
2338,2678
2339,2966
2340,9067
2341,3420
2342,3290
2343,3246
2344,3403
2345,8498
2346,3030
2347,3295
2348,2895
2349,3193
2350,11696
2351,3128
2352,3376
2353,3151
2354,2882
2355,4022
2356,2833
2357,3173
2358,2622
2359,3883
2360,5408
2361,2688
2362,2899
2363,2602
2364,2731
2365,3178
2366,3353
2367,2796
2368,3032
2369,2792
2370,4605
2371,3396
2372,3381
2373,3007
2374,2716
2375,4299
2376,2898
2377,3393
2378,2985
2379,2939
2380,6034
2381,3078
2382,2883
2383,3072
2384,2515
2385,3095
2386,2516
2387,2322
2388,2767
2389,2442
2390,3619
2391,3192
2392,4106
2393,2739
2394,3086
2395,4461
2396,2667
2397,2581
2398,2110
2399,3429
2400,97874
2401,7603
2402,4759
2403,4058
2404,4246
2405,4050
2406,3649
2407,3503
2408,3560
2409,3202
2410,6319
2411,4009
2412,5129
2413,3161
2414,3545
2415,3930
2416,2980
2417,2998
2418,2491
2419,3031
2420,5965
2421,3152
2422,3756
2423,3170
2424,6062
2425,4905
2426,2718
2427,3096
2428,2655
2429,2854
2430,4993
2431,3363
2432,2668
2433,3602
2434,2761
2435,2996
2436,3510
2437,2939
2438,2739
2439,2359
2440,6160
2441,3459
2442,3416
2443,2495
2444,3706
2445,3557
2446,2742
2447,3031
2448,4664
2449,3116
2450,9998
2451,3282
2452,2860
2453,2958
2454,3652
2455,3753
2456,3111
2457,2478
2458,2789
2459,2256
2460,5409
2461,2907
2462,2987
2463,2372
2464,2933
2465,3073
2466,2626
2467,2728
2468,2912
2469,2391
2470,3959
2471,2545
2472,3170
2473,2758
2474,2943
2475,3394
2476,3807
2477,3258
2478,2803
2479,2080
2480,4528
2481,2503
2482,2230
2483,2425
2484,2299
2485,2691
2486,2366
2487,2251
2488,2722
2489,2973
2490,3568
2491,2696
2492,2332
2493,2185
2494,2589
2495,3580
2496,2618
2497,2474
2498,2767
2499,5795
2500,286364
2501,7684
2502,4731
2503,4120
2504,3860
2505,4912
2506,3726
2507,3229
2508,3207
2509,3381
2510,7749
2511,4743
2512,3879
2513,3003
2514,3277
2515,4008
2516,3028
2517,2732
2518,3278
2519,2942
2520,9841
2521,3706
2522,3993
2523,3098
2524,2917
2525,8593
2526,3538
2527,2881
2528,2804
2529,2559
2530,5045
2531,3170
2532,3257
2533,2960
2534,2558
2535,3985
2536,2841
2537,2779
2538,2388
2539,2444
2540,6324
2541,3062
2542,2799
2543,2628
2544,2766
2545,3636
2546,2568
2547,2683
2548,2884
2549,2620
2550,10695
2551,4039
2552,4214
2553,4122
2554,3004
2555,6046
2556,2731
2557,3109
2558,3042
2559,3193
2560,28724
2561,3184
2562,3113
2563,2533
2564,2429
2565,2911
2566,2490
2567,2415
2568,2627
2569,1991
2570,3743
2571,2325
2572,1996
2573,2005
2574,1905
2575,3820
2576,2294
2577,2742
2578,2185
2579,2111
2580,4805
2581,2916
2582,2318
2583,2526
2584,2058
2585,2578
2586,2139
2587,2043
2588,2361
2589,2130
2590,4039
2591,2262
2592,3618
2593,2032
2594,1810
2595,2672
2596,3012
2597,2440
2598,2446
2599,2921
2600,88712
2601,6621
2602,3680
2603,3311
2604,3309
2605,4222
2606,3731
2607,3020
2608,2635
2609,2781
2610,5751
2611,3572
2612,3059
2613,2594
2614,2430
2615,3332
2616,3980
2617,2829
2618,2846
2619,2356
2620,5767
2621,2897
2622,3104
2623,2588
2624,2365
2625,4299
2626,4224
2627,2842
2628,2975
2629,2380
2630,5190
2631,2942
2632,2598
2633,2595
2634,2216
2635,3003
2636,2603
2637,2556
2638,2378
2639,2482
2640,5219
2641,2417
2642,2630
2643,2417
2644,2304
2645,2814
2646,2795
2647,1960
2648,2265
2649,2027
2650,9680
2651,2681
2652,2680
2653,2365
2654,1987
2655,3232
2656,2276
2657,2180
2658,2090
2659,1807
2660,4783
2661,2510
2662,2497
2663,2614
2664,2412
2665,3787
2666,6459
2667,3262
2668,2086
2669,2292
2670,3646
2671,2336
2672,2399
2673,2435
2674,2060
2675,2751
2676,2117
2677,2774
2678,1933
2679,2239
2680,4495
2681,2139
2682,1997
2683,2078
2684,1845
2685,2045
2686,2031
2687,2062
2688,2842
2689,1736
2690,3962
2691,2029
2692,1944
2693,1959
2694,1748
2695,3138
2696,1713
2697,2348
2698,2052
2699,3233
2700,54158
2701,5852
2702,3830
2703,3908
2704,4193
2705,3365
2706,3096
2707,2889
2708,2902
2709,2811
2710,5317
2711,3834
2712,3058
2713,2718
2714,2794
2715,4434
2716,2882
2717,2601
2718,2192
2719,2438
2720,5418
2721,2963
2722,3077
2723,2552
2724,2412
2725,3061
2726,2283
2727,4863
2728,2859
2729,2449
2730,4412
2731,2140
2732,3092
2733,2300
2734,2002
2735,3055
2736,2799
2737,3116
2738,2502
2739,2872
2740,3743
2741,2470
2742,2345
2743,2763
2744,2656
2745,2602
2746,1934
2747,2595
2748,1918
2749,2069
2750,11390
2751,2543
2752,2136
2753,2471
2754,1913
2755,2927
2756,2278
2757,2650
2758,1927
2759,1944
2760,4031
2761,2007
2762,1980
2763,2135
2764,2189
2765,2482
2766,2401
2767,3181
2768,2045
2769,1855
2770,4001
2771,2226
2772,2868
2773,1968
2774,1839
2775,3107
2776,2546
2777,3499
2778,2853
2779,1927
2780,3580
2781,2251
2782,2436
2783,2104
2784,1998
2785,2628
2786,1776
2787,5621
2788,2074
2789,2127
2790,2968
2791,1950
2792,1971
2793,1965
2794,1649
2795,2338
2796,1850
2797,1931
2798,1689
2799,2859
2800,56839
2801,5969
2802,3770
2803,3457
2804,3283
2805,3424
2806,2859
2807,2700
2808,3218
2809,2912
2810,4790
2811,4094
2812,3059
2813,2498
2814,2688
2815,2957
2816,2890
2817,2451
2818,2829
2819,2018
2820,4879
2821,2930
2822,3306
2823,2020
2824,4498
2825,3373
2826,2111
2827,2019
2828,3900
2829,2636
2830,3789
2831,2256
2832,2263
2833,2578
2834,1951
2835,3685
2836,2670
2837,2053
2838,2038
2839,1789
2840,4568
2841,2350
2842,1996
2843,1790
2844,2317
2845,2418
2846,2088
2847,2416
2848,3232
2849,1952
2850,8147
2851,2331
2852,2279
2853,2040
2854,1782
2855,2718
2856,1748
2857,2061
2858,2036
2859,1991
2860,4072
2861,1960
2862,1861
2863,1846
2864,1952
2865,3157
2866,2515
2867,1895
2868,1937
2869,2154
2870,2963
2871,2344
2872,2240
2873,2201
2874,1754
2875,2809
2876,1853
2877,2026
2878,2006
2879,1853
2880,9171
2881,2406
2882,2694
2883,2124
2884,1807
2885,2546
2886,2234
2887,1933
2888,3239
2889,2186
2890,3389
2891,2112
2892,2630
2893,2150
2894,1845
2895,2390
2896,1933
2897,1694
2898,1727
2899,2264
2900,30952
2901,4786
2902,3056
2903,3542
2904,2579
2905,3138
2906,2338
2907,2437
2908,2354
2909,2820
2910,4266
2911,3735
2912,2710
2913,2951
2914,2457
2915,3338
2916,2911
2917,2344
2918,2258
2919,2558
2920,7707
2921,3190
2922,2287
2923,2668
2924,2390
2925,3680
2926,2130
2927,2028
2928,1876
2929,4866
2930,4002
2931,1950
2932,2092
2933,3008
2934,1889
2935,2085
2936,2114
2937,2013
2938,1538
2939,1808
2940,4079
2941,2677
2942,1734
2943,2070
2944,2019
2945,2444
2946,1826
2947,1871
2948,1894
2949,1789
2950,7957
2951,2022
2952,1771
2953,2209
2954,1533
2955,2522
2956,1573
2957,1730
2958,2199
2959,1860
2960,6806
2961,1671
2962,2024
2963,1695
2964,1623
2965,2132
2966,1884
2967,1893
2968,1620
2969,1624
2970,3000
2971,1652
2972,1621
2973,1813
2974,1462
2975,2256
2976,2163
2977,1886
2978,1701
2979,1772
2980,3266
2981,1696
2982,1732
2983,1591
2984,1595
2985,1814
2986,1408
2987,1758
2988,2175
2989,1690
2990,3480
2991,1949
2992,2302
2993,1692
2994,1715
2995,3361
2996,2049
2997,2142
2998,2272
2999,6526
3000,588610
3001,13156
3002,6898
3003,7610
3004,5357
3005,5256
3006,5221
3007,4001
3008,9815
3009,4117
3010,9454
3011,4521
3012,5005
3013,3665
3014,3493
3015,5212
3016,3530
3017,2912
3018,3417
3019,3653
3020,9450
3021,3803
3022,3280
3023,2894
3024,3209
3025,4795
3026,2466
3027,2500
3028,2372
3029,2449
3030,12063
3031,3727
3032,2994
3033,3259
3034,2351
3035,3571
3036,2576
3037,2091
3038,2301
3039,2247
3040,7084
3041,2682
3042,2701
3043,2266
3044,2516
3045,3127
3046,2047
3047,2129
3048,3010
3049,2224
3050,10103
3051,2884
3052,2743
3053,3219
3054,2164
3055,3776
3056,2299
3057,2098
3058,1893
3059,1906
3060,5775
3061,2201
3062,2070
3063,2000
3064,2049
3065,2426
3066,2352
3067,2065
3068,2387
3069,1779
3070,4269
3071,2235
3072,4313
3073,2084
3074,2022
3075,2989
3076,1746
3077,2672
3078,1771
3079,1921
3080,5123
3081,2301
3082,1893
3083,2130
3084,1890
3085,2433
3086,1956
3087,1988
3088,2088
3089,1780
3090,3805
3091,2064
3092,1774
3093,1746
3094,1616
3095,2139
3096,1996
3097,1516
3098,1719
3099,2434
3100,39935
3101,7423
3102,4709
3103,3375
3104,3112
3105,4158
3106,3081
3107,2989
3108,3042
3109,4651
3110,6873
3111,5556
3112,3174
3113,3461
3114,3285
3115,4834
3116,2704
3117,2583
3118,2252
3119,2458
3120,7070
3121,6848
3122,2814
3123,2914
3124,2686
3125,5655
3126,2663
3127,2129
3128,3562
3129,1919
3130,5645
3131,5172
3132,3144
3133,3812
3134,2318
3135,3393
3136,2070
3137,2040
3138,2001
3139,1676
3140,4112
3141,3168
3142,2490
3143,2490
3144,2267
3145,2911
3146,2322
3147,2114
3148,1920
3149,1816
3150,8478
3151,2588
3152,1916
3153,1964
3154,1671
3155,2524
3156,2033
3157,2056
3158,1732
3159,1766
3160,3707
3161,2851
3162,2338
3163,2096
3164,1806
3165,2261
3166,6501
3167,1949
3168,2379
3169,1550
3170,3509
3171,2765
3172,1771
3173,1645
3174,2032
3175,2879
3176,1638
3177,1960
3178,1508
3179,1739
3180,3590
3181,2272
3182,1822
3183,1690
3184,1837
3185,2333
3186,1898
3187,2300
3188,1981
3189,2006
3190,2780
3191,2351
3192,1656
3193,1636
3194,4572
3195,2331
3196,2025
3197,1525
3198,1663
3199,2421
3200,83811
3201,7210
3202,3461
3203,2634
3204,2851
3205,3827
3206,2713
3207,2594
3208,2653
3209,2254
3210,5849
3211,3967
3212,3412
3213,2763
3214,2126
3215,2982
3216,2585
3217,2174
3218,2413
3219,2124
3220,5842
3221,3325
3222,3619
3223,3221
3224,2801
3225,3301
3226,2299
3227,2189
3228,2090
3229,2126
3230,3936
3231,2598
3232,4036
3233,3298
3234,1908
3235,2878
3236,1883
3237,1995
3238,1581
3239,2016
3240,4917
3241,3522
3242,2105
3243,2451
3244,1946
3245,2593
3246,1752
3247,2046
3248,1621
3249,1664
3250,8855
3251,2581
3252,2342
3253,2011
3254,1957
3255,2664
3256,1787
3257,1837
3258,1910
3259,1634
3260,3640
3261,2447
3262,2106
3263,1722
3264,3154
3265,2116
3266,1895
3267,1813
3268,1891
3269,1790
3270,5542
3271,1702
3272,2373
3273,1571
3274,1989
3275,2289
3276,2072
3277,1917
3278,2212
3279,1834
3280,3786
3281,2182
3282,3027
3283,1696
3284,1527
3285,2093
3286,1623
3287,1833
3288,2013
3289,1631
3290,2622
3291,1462
3292,1848
3293,1590
3294,1542
3295,1936
3296,1465
3297,1535
3298,1472
3299,3298
3300,41358
3301,6869
3302,3509
3303,3951
3304,3289
3305,3072
3306,5378
3307,3630
3308,2495
3309,2950
3310,14856
3311,4905
3312,2628
3313,3753
3314,2655
3315,2984
3316,2301
3317,2708
3318,2555
3319,2401
3320,4767
3321,2994
3322,3719
3323,2449
3324,2119
3325,3195
3326,2105
3327,2104
3328,2248
3329,1785
3330,6855
3331,3383
3332,2706
3333,15521
3334,2842
3335,2752
3336,2209
3337,2418
3338,2269
3339,2657
3340,3981
3341,2225
3342,2746
3343,2784
3344,3339
3345,2691
3346,2044
3347,1645
3348,1936
3349,1626
3350,8862
3351,2284
3352,1931
3353,2316
3354,2223
3355,3282
3356,1636
3357,1635
3358,1617
3359,1936
3360,4410
3361,1965
3362,2702
3363,2133
3364,1656
3365,2349
3366,3228
3367,1701
3368,1890
3369,1954
3370,3395
3371,2233
3372,1759
3373,1969
3374,1472
3375,3556
3376,1810
3377,2619
3378,1887
3379,1804
3380,3149
3381,1920
3382,1823
3383,1813
3384,1656
3385,1764
3386,1613
3387,1452
3388,2382
3389,8252
3390,6605
3391,1938
3392,1455
3393,1936
3394,1451
3395,1905
3396,1789
3397,2268
3398,1383
3399,3114
3400,34221
3401,4825
3402,4723
3403,2403
3404,2794
3405,2807
3406,3869
3407,3041
3408,2151
3409,1959
3410,3723
3411,3126
3412,2987
3413,1770
3414,2085
3415,2304
3416,1740
3417,2019
3418,1607
3419,1513
3420,3853
3421,2164
3422,1990
3423,1785
3424,2157
3425,2324
3426,1688
3427,1751
3428,1446
3429,1553
3430,3055
3431,1896
3432,1764
3433,1914
3434,3251
3435,2464
3436,1532
3437,1537
3438,1471
3439,1575
3440,4970
3441,1942
3442,1929
3443,1978
3444,3237
3445,2227
3446,1512
3447,1678
3448,1839
3449,1726
3450,7668
3451,2156
3452,1850
3453,1554
3454,2584
3455,2099
3456,5319
3457,2362
3458,1908
3459,1473
3460,2756
3461,1731
3462,1517
3463,2747
3464,1906
3465,1856
3466,1907
3467,1652
3468,1667
3469,1380
3470,3044
3471,1634
3472,1693
3473,1626
3474,2321
3475,2729
3476,1438
3477,1888
3478,1697
3479,1291
3480,2917
3481,1581
3482,1456
3483,1584
3484,1563
3485,1550
3486,1280
3487,1379
3488,2481
3489,1350
3490,2614
3491,1548
3492,1256
3493,1236
3494,1401
3495,2106
3496,1212
3497,1350
3498,1291
3499,2589
3500,142165
3501,5199
3502,2693
3503,2341
3504,2596
3505,3027
3506,2314
3507,1776
3508,2202
3509,1941
3510,4401
3511,2771
3512,2318
3513,1909
3514,2208
3515,2523
3516,1928
3517,2084
3518,1648
3519,1764
3520,6027
3521,2472
3522,2112
3523,1746
3524,2057
3525,2631
3526,1654
3527,1577
3528,2511
3529,1801
3530,3206
3531,1909
3532,2065
3533,1810
3534,1506
3535,4477
3536,1898
3537,2760
3538,1676
3539,1537
3540,6159
3541,1973
3542,2118
3543,1843
3544,1627
3545,2213
3546,1430
3547,1603
3548,1827
3549,1384
3550,7061
3551,2103
3552,1802
3553,4567
3554,1439
3555,3779
3556,1659
3557,1562
3558,1474
3559,1492
3560,4107
3561,1571
3562,1281
3563,1282
3564,1373
3565,1956
3566,1648
3567,1519
3568,1584
3569,1376
3570,3152
3571,2051
3572,1488
3573,1396
3574,1480
3575,2220
3576,1475
3577,1654
3578,1572
3579,1443
3580,2807
3581,1596
3582,2497
3583,1859
3584,2295
3585,1951
3586,1526
3587,1329
3588,1850
3589,1385
3590,3487
3591,1607
3592,1849
3593,1345
3594,1382
3595,1878
3596,1214
3597,1553
3598,1610
3599,2642
3600,56631
3601,3939
3602,2663
3603,2407
3604,2324
3605,2208
3606,2238
3607,1527
3608,1674
3609,1669
3610,3403
3611,2117
3612,1787
3613,1609
3614,1594
3615,2372
3616,1697
3617,1597
3618,1471
3619,1452
3620,3494
3621,2255
3622,1798
3623,1510
3624,2089
3625,2073
3626,2383
3627,1933
3628,1733
3629,1320
3630,3848
3631,1773
3632,2243
3633,2990
3634,1304
3635,1948
3636,3283
3637,1892
3638,1608
3639,1754
3640,3168
3641,1636
3642,1538
3643,1313
3644,1541
3645,1653
3646,2119
3647,1883
3648,1886
3649,1411
3650,8176
3651,1758
3652,1433
3653,1373
3654,1337
3655,1946
3656,1479
3657,1415
3658,1417
3659,1323
3660,3414
3661,1662
3662,1329
3663,2907
3664,1662
3665,1697
3666,1847
3667,1969
3668,1904
3669,1518
3670,2149
3671,1456
3672,1518
3673,1821
3674,1451
3675,2044
3676,2234
3677,1362
3678,1529
3679,1257
3680,2761
3681,1412
3682,1234
3683,1520
3684,1150
3685,1383
3686,1483
3687,1237
3688,1671
3689,1368
3690,2150
3691,1628
3692,1179
3693,1253
3694,1108
3695,1552
3696,1602
3697,1308
3698,1279
3699,1861
3700,28821
3701,4259
3702,2406
3703,1893
3704,2167
3705,2410
3706,2669
3707,1725
3708,1896
3709,2006
3710,3070
3711,3276
3712,1830
3713,1830
3714,1701
3715,2076
3716,1459
3717,2129
3718,1868
3719,1663
3720,3550
3721,2099
3722,1816
3723,1471
3724,1783
3725,2050
3726,1543
3727,1799
3728,1611
3729,2382
3730,6280
3731,2238
3732,1825
3733,3916
3734,1574
3735,1828
3736,1396
3737,3280
3738,1481
3739,1455
3740,2443
3741,1561
3742,2310
3743,2914
3744,2227
3745,2667
3746,1839
3747,1454
3748,1627
3749,1318
3750,10580
3751,2107
3752,1623
3753,1331
3754,1371
3755,2420
3756,1497
3757,1454
3758,1764
3759,1208
3760,2740
3761,1860
3762,1530
3763,1328
3764,1385
3765,1570
3766,1435
3767,1649
3768,1211
3769,1302
3770,3303
3771,1467
3772,1564
3773,1862
3774,1648
3775,2009
3776,2336
3777,2699
3778,1494
3779,1832
3780,2646
3781,1662
3782,1544
3783,1280
3784,1334
3785,1501
3786,1364
3787,1472
3788,1485
3789,1258
3790,2167
3791,2273
3792,1167
3793,1240
3794,1145
3795,1482
3796,1154
3797,1585
3798,1314
3799,1749
3800,34146
3801,4414
3802,2168
3803,1870
3804,1573
3805,2067
3806,1680
3807,1561
3808,2208
3809,1667
3810,3445
3811,2247
3812,1937
3813,1619
3814,1665
3815,1822
3816,1521
3817,1518
3818,1558
3819,1371
3820,3655
3821,1984
3822,1899
3823,1771
3824,1678
3825,2226
3826,1715
3827,1449
3828,1670
3829,1370
3830,3144
3831,1852
3832,1498
3833,2403
3834,2384
3835,2052
3836,1245
3837,1353
3838,3233
3839,1802
3840,15250
3841,1674
3842,1778
3843,1261
3844,2065
3845,2072
3846,1401
3847,1895
3848,1606
3849,1611
3850,6604
3851,1604
3852,1411
3853,1349
3854,1303
3855,2250
3856,1275
3857,1892
3858,1444
3859,2106
3860,2725
3861,1623
3862,1505
3863,1529
3864,1539
3865,1540
3866,1378
3867,1322
3868,1436
3869,1312
3870,3644
3871,1318
3872,1673
3873,1536
3874,1362
3875,1689
3876,1348
3877,1543
3878,1646
3879,1092
3880,3670
3881,1369
3882,1231
3883,1712
3884,1256
3885,1468
3886,1268
3887,1366
3888,3204
3889,1382
3890,1965
3891,1139
3892,1597
3893,1424
3894,1167
3895,1274
3896,1164
3897,1435
3898,1255
3899,1429
3900,20951
3901,3346
3902,2114
3903,2813
3904,1684
3905,2185
3906,1714
3907,1519
3908,1529
3909,1976
3910,2516
3911,2249
3912,1741
3913,1505
3914,1441
3915,1901
3916,1604
3917,1284
3918,1748
3919,1535
3920,2897
3921,2200
3922,2214
3923,1425
3924,1614
3925,1822
3926,1590
3927,1244
3928,1347
3929,1551
3930,2490
3931,1625
3932,1391
3933,1463
3934,5838
3935,1424
3936,1415
3937,2379
3938,1168
3939,2663
3940,2580
3941,1416
3942,1171
3943,1174
3944,1215
3945,2614
3946,1083
3947,1302
3948,1082
3949,1427
3950,4276
3951,1326
3952,1310
3953,1276
3954,1268
3955,1853
3956,1313
3957,1013
3958,1600
3959,2113
3960,2559
3961,1188
3962,1770
3963,1129
3964,1206
3965,1393
3966,1609
3967,1072
3968,1180
3969,1635
3970,2021
3971,1579
3972,1176
3973,908
3974,1106
3975,1590
3976,1205
3977,1178
3978,1455
3979,1297
3980,2083
3981,1151
3982,1335
3983,1098
3984,1351
3985,1633
3986,1745
3987,1420
3988,1427
3989,1307
3990,2589
3991,1250
3992,1308
3993,1483
3994,1438
3995,2316
3996,1607
3997,1387
3998,1527
3999,4337
4000,344685
4001,9621
4002,4577
4003,4353
4004,7302
4005,4511
4006,3519
4007,3287
4008,3249
4009,2395
4010,6699
4011,4212
4012,3062
4013,3680
4014,3674
4015,3165
4016,2455
4017,3282
4018,2176
4019,1851
4020,7047
4021,2550
4022,2516
4023,2041
4024,2274
4025,2871
4026,2235
4027,1824
4028,1884
4029,1878
4030,4247
4031,2361
4032,2849
4033,3033
4034,1827
4035,2162
4036,1511
4037,1550
4038,2242
4039,2114
4040,7496
4041,2756
4042,1957
4043,2177
4044,2174
4045,2258
4046,1968
4047,2105
4048,1620
4049,2364
4050,7461
4051,3306
4052,1708
4053,2210
4054,1688
4055,2250
4056,1529
4057,1410
4058,1426
4059,1503
4060,4359
4061,2456
4062,1792
4063,1350
4064,2142
4065,1843
4066,2176
4067,1836
4068,1484
4069,1599
4070,3053
4071,1647
4072,1683
4073,1324
4074,1544
4075,2000
4076,1323
4077,1835
4078,1393
4079,1309
4080,3475
4081,2027
4082,1489
4083,1297
4084,1336
4085,1495
4086,1244
4087,1182
4088,1900
4089,1179
4090,2603
4091,1348
4092,1490
4093,1577
4094,1843
4095,3481
4096,28701
4097,1781
4098,1533
4099,2856
4100,24719
4101,4663
4102,3741
4103,4251
4104,2572
4105,2565
4106,2097
4107,1928
4108,2073
4109,1950
4110,3936
4111,5093
4112,2462
4113,2098
4114,2240
4115,2553
4116,2332
4117,1809
4118,1615
4119,1498
4120,3842
4121,2761
4122,2428
4123,2821
4124,1720
4125,2569
4126,1346
4127,1615
4128,1934
4129,1759
4130,7879
4131,2111
4132,1471
4133,1674
4134,1464
4135,2181
4136,1599
4137,1607
4138,1534
4139,1244
4140,6581
4141,4557
4142,2174
4143,1640
4144,1703
4145,1852
4146,1357
4147,1426
4148,1518
4149,1308
4150,5509
4151,2428
4152,1551
4153,1431
4154,1246
4155,2113
4156,1421
4157,1360
4158,1379
4159,1548
4160,3588
4161,2378
4162,1351
4163,1547
4164,1423
4165,1787
4166,1571
4167,1862
4168,1202
4169,1374
4170,2327
4171,1815
4172,1799
4173,1469
4174,1289
4175,1886
4176,1294
4177,1417
4178,1240
4179,1415
4180,2412
4181,1716
4182,1146
4183,1351
4184,1254
4185,1436
4186,1326
4187,1273
4188,1302
4189,1076
4190,1797
4191,1541
4192,1223
4193,1197
4194,1160
4195,1466
4196,1062
4197,1066
4198,1152
4199,1635
4200,37994
4201,3413
4202,3660
4203,2134
4204,1932
4205,2104
4206,1659
4207,1787
4208,1786
4209,1594
4210,3920
4211,2727
4212,2672
4213,1809
4214,1955
4215,2610
4216,1660
4217,3631
4218,1403
4219,1412
4220,3497
4221,2477
4222,3384
4223,1660
4224,2309
4225,2463
4226,1869
4227,3482
4228,1773
4229,1738
4230,2793
4231,2309
4232,1898
4233,1935
4234,1467
4235,1444
4236,4420
4237,1476
4238,1203
4239,1256
4240,3168
4241,1785
4242,4116
4243,1787
4244,2486
4245,1724
4246,1326
4247,1619
4248,1250
4249,1388
4250,6138
4251,1623
4252,1430
4253,1659
4254,1395
4255,1734
4256,1367
4257,1226
4258,1265
4259,1064
4260,2416
4261,1600
4262,1671
4263,1592
4264,1324
4265,1515
4266,1449
4267,1317
4268,1400
4269,1347
4270,2097
4271,1814
4272,1611
4273,1174
4274,1301
4275,1818
4276,1269
4277,1604
4278,1432
4279,1292
4280,2325
4281,1281
4282,1463
4283,1205
4284,1121
4285,1348
4286,1289
4287,1981
4288,1443
4289,1198
4290,1995
4291,1447
4292,1434
4293,1061
4294,1139
4295,1428
4296,1125
4297,1229
4298,1086
4299,1480
4300,22762
4301,4358
4302,2465
4303,2229
4304,1668
4305,2060
4306,1834
4307,1535
4308,1885
4309,1370
4310,3017
4311,2558
4312,2199
4313,1678
4314,1663
4315,2009
4316,1322
4317,1503
4318,1431
4319,1653
4320,4929
4321,4863
4322,2065
4323,1665
4324,2008
4325,2352
4326,2541
4327,1554
4328,1607
4329,1294
4330,3322
4331,2953
4332,1874
4333,2816
4334,1766
4335,1834
4336,1426
4337,1514
4338,1894
4339,1173
4340,4488
4341,1574
4342,1401
4343,3009
4344,1774
4345,1805
4346,1272
4347,1299
4348,1331
4349,1445
4350,5612
4351,1564
4352,1501
4353,1541
4354,1265
4355,1713
4356,1535
4357,6919
4358,1389
4359,1060
4360,2921
4361,1626
4362,1459
4363,1333
4364,1533
4365,1413
4366,1529
4367,1256
4368,1468
4369,1139
4370,2226
4371,1472
4372,1373
4373,1428
4374,1157
4375,2590
4376,1417
4377,1493
4378,1022
4379,976
4380,2093
4381,1422
4382,1104
4383,1152
4384,1351
4385,1066
4386,1512
4387,1014
4388,1354
4389,1143
4390,1713
4391,2084
4392,1265
4393,1203
4394,1002
4395,1274
4396,1069
4397,1020
4398,1159
4399,1616
4400,28256
4401,3926
4402,3096
4403,1725
4404,2695
4405,1816
4406,2276
4407,1522
4408,1631
4409,1444
4410,3092
4411,3668
4412,2629
4413,1420
4414,2108
4415,2142
4416,1738
4417,1584
4418,1351
4419,2136
4420,2720
4421,1717
4422,2760
4423,2091
4424,1774
4425,2054
4426,1353
4427,1481
4428,1394
4429,1583
4430,2983
4431,1652
4432,1629
4433,2444
4434,1713
4435,2874
4436,1339
4437,1722
4438,1759
4439,1337
4440,3607
4441,2497
4442,1951
4443,2180
4444,11793
4445,2132
4446,1542
4447,1511
4448,1977
4449,2569
4450,3818
4451,1550
4452,1367
4453,1905
4454,1303
4455,3543
4456,1444
4457,1479
4458,1233
4459,1085
4460,2886
4461,1397
4462,1411
4463,1382
4464,1907
4465,1437
4466,1928
4467,1144
4468,1244
4469,1156
4470,2403
4471,1711
4472,1790
4473,3858
4474,1506
4475,1397
4476,1591
4477,2155
4478,1330
4479,1004
4480,2424
4481,1372
4482,1217
4483,1649
4484,2114
4485,1620
4486,1324
4487,1390
4488,2302
4489,1012
4490,2504
4491,1211
4492,1069
4493,1193
4494,1229
4495,1512
4496,1187
4497,1082
4498,1056
4499,2208
4500,81326
4501,3796
4502,2428
4503,2807
4504,1863
4505,3055
4506,3443
4507,1674
4508,1491
4509,1567
4510,3398
4511,3460
4512,1903
4513,1665
4514,1336
4515,1962
4516,1459
4517,1219
4518,1216
4519,1302
4520,3744
4521,1776
4522,1767
4523,1248
4524,1534
4525,2010
4526,1182
4527,1232
4528,1291
4529,1827
4530,2883
4531,1383
4532,1397
4533,1525
4534,1125
4535,1530
4536,1320
4537,1220
4538,1204
4539,1254
4540,2191
4541,1538
4542,1319
4543,1343
4544,1546
4545,3526
4546,1346
4547,1325
4548,1358
4549,1138
4550,5141
4551,2159
4552,1214
4553,1267
4554,1521
4555,2715
4556,1544
4557,1399
4558,1594
4559,1203
4560,2479
4561,1267
4562,1791
4563,1319
4564,1210
4565,1660
4566,1571
4567,3899
4568,1189
4569,1667
4570,2277
4571,1580
4572,1451
4573,1245
4574,978
4575,2020
4576,1219
4577,1419
4578,982
4579,1134
4580,1837
4581,1110
4582,1421
4583,1037
4584,1000
4585,1309
4586,1108
4587,1303
4588,1146
4589,1005
4590,2300
4591,1156
4592,1408
4593,936
4594,1029
4595,1246
4596,961
4597,921
4598,1046
4599,1316
4600,24544
4601,2688
4602,1753
4603,1388
4604,1282
4605,1774
4606,1532
4607,1374
4608,1968
4609,1452
4610,2853
4611,1932
4612,1518
4613,1291
4614,1594
4615,1548
4616,1549
4617,1343
4618,1172
4619,1309
4620,2733
4621,1396
4622,1666
4623,1418
4624,1541
4625,2214
4626,1775
4627,1212
4628,1333
4629,1181
4630,2883
4631,1403
4632,1518
4633,1530
4634,1409
4635,1511
4636,3983
4637,1345
4638,1106
4639,1149
4640,2364
4641,1323
4642,1380
4643,1208
4644,1546
4645,1633
4646,2796
4647,1698
4648,1468
4649,1242
4650,5218
4651,1584
4652,1344
4653,2107
4654,1163
4655,1934
4656,1382
4657,1220
4658,1314
4659,1016
4660,2477
4661,1486
4662,1600
4663,2322
4664,1467
4665,1377
4666,1816
4667,1484
4668,1286
4669,1091
4670,3019
4671,1243
4672,1137
4673,3103
4674,1041
4675,1413
4676,1090
4677,1336
4678,1324
4679,888
4680,2155
4681,1551
4682,1031
4683,1061
4684,1505
4685,1231
4686,1229
4687,1082
4688,1408
4689,1121
4690,2127
4691,1368
4692,987
4693,918
4694,1103
4695,1090
4696,1278
4697,1045
4698,932
4699,1221
4700,19503
4701,2786
4702,1584
4703,1670
4704,1864
4705,1707
4706,1156
4707,1579
4708,1334
4709,1218
4710,2521
4711,3516
4712,1623
4713,1677
4714,1297
4715,2715
4716,1166
4717,1374
4718,1173
4719,1265
4720,2699
4721,1465
4722,1786
4723,1866
4724,1239
4725,2142
4726,1362
4727,1722
4728,1184
4729,1797
4730,2375
4731,1726
4732,1715
4733,1556
4734,1352
4735,1653
4736,1509
4737,1371
4738,1019
4739,982
4740,2207
4741,1627
4742,1095
4743,1193
4744,1356
4745,1240
4746,1136
4747,3302
4748,1304
4749,1053
4750,4786
4751,1367
4752,1359
4753,1119
4754,1167
4755,1879
4756,1052
4757,1434
4758,1236
4759,1036
4760,1977
4761,1272
4762,1191
4763,1145
4764,1028
4765,1461
4766,1372
4767,1131
4768,1068
4769,1488
4770,3159
4771,1517
4772,1308
4773,1203
4774,1466
4775,1579
4776,1268
4777,2655
4778,1081
4779,998
4780,2056
4781,1127
4782,1089
4783,1113
4784,959
4785,996
4786,1038
4787,1233
4788,1284
4789,1118
4790,2210
4791,1233
4792,985
4793,853
4794,792
4795,1007
4796,834
4797,1533
4798,776
4799,1773
4800,36082
4801,3544
4802,1635
4803,1253
4804,1356
4805,1640
4806,1365
4807,1191
4808,1377
4809,1140
4810,2825
4811,1682
4812,1420
4813,1162
4814,1283
4815,1397
4816,1279
4817,1087
4818,1430
4819,1636
4820,2778
4821,1155
4822,1636
4823,1114
4824,1310
4825,1564
4826,1003
4827,1360
4828,1232
4829,965
4830,2543
4831,1360
4832,1202
4833,1635
4834,947
4835,1461
4836,1140
4837,1178
4838,1182
4839,968
4840,2094
4841,1580
4842,1184
4843,1160
4844,1403
4845,1323
4846,1098
4847,1162
4848,3059
4849,1707
4850,6246
4851,1152
4852,1452
4853,1229
4854,1083
4855,1302
4856,1353
4857,1072
4858,1141
4859,1028
4860,2240
4861,1406
4862,1082
4863,1035
4864,1128
4865,1052
4866,1074
4867,1303
4868,3806
4869,1251
4870,5023
4871,1163
4872,1475
4873,891
4874,902
4875,1525
4876,1110
4877,1354
4878,2480
4879,957
4880,2624
4881,1305
4882,1000
4883,1047
4884,1564
4885,1209
4886,1038
4887,1246
4888,2501
4889,1269
4890,2581
4891,902
4892,1025
4893,812
4894,880
4895,1359
4896,999
4897,1018
4898,986
4899,1494
4900,14991
4901,3060
4902,1592
4903,1484
4904,1276
4905,1996
4906,1228
4907,1200
4908,987
4909,1593
4910,2095
4911,2290
4912,1423
4913,1291
4914,1084
4915,1678
4916,1156
4917,1132
4918,1069
4919,1307
4920,2071
4921,1563
4922,1562
4923,1139
4924,1143
4925,1646
4926,1313
4927,1145
4928,1370
4929,1572
4930,2099
4931,1197
4932,1061
4933,1813
4934,1018
4935,1125
4936,1146
4937,994
4938,1067
4939,1372
4940,1969
4941,1520
4942,1409
4943,1329
4944,1599
4945,1833
4946,1068
4947,1339
4948,1274
4949,2561
4950,3866
4951,1245
4952,1271
4953,1012
4954,988
4955,1480
4956,1094
4957,987
4958,1358
4959,1105
4960,2328
4961,1160
4962,998
4963,990
4964,990
4965,1352
4966,1195
4967,1102
4968,1240
4969,1042
4970,1887
4971,1048
4972,1038
4973,906
4974,1101
4975,2301
4976,951
4977,1059
4978,814
4979,1062
4980,1906
4981,1015
4982,1037
4983,1093
4984,1041
4985,1271
4986,1095
4987,869
4988,1179
4989,1052
4990,2629
4991,1295
4992,1143
4993,1141
4994,1249
4995,1879
4996,1043
4997,1538
4998,1215
4999,5498
5000,543539
5001,8995
5002,4369
5003,3270
5004,2957
5005,4717
5006,2492
5007,2648
5008,4920
5009,2266
5010,8193
5011,2935
5012,2276
5013,1978
5014,4300
5015,3499
5016,1703
5017,1701
5018,1744
5019,1502
5020,5697
5021,2018
5022,2004
5023,1665
5024,1702
5025,2233
5026,1465
5027,1402
5028,1180
5029,1422
5030,4361
5031,1577
5032,1484
5033,1789
5034,1407
5035,1783
5036,1774
5037,1177
5038,1247
5039,1156
5040,4512
5041,1521
5042,1244
5043,1530
5044,1428
5045,1844
5046,1254
5047,1247
5048,1382
5049,1188
5050,12545
5051,2154
5052,3365
5053,1447
5054,1398
5055,2919
5056,1679
5057,1342
5058,1185
5059,1501
5060,5305
5061,2397
5062,1257
5063,1188
5064,1208
5065,1714
5066,1874
5067,1572
5068,1384
5069,1259
5070,2978
5071,1120
5072,1196
5073,1161
5074,1079
5075,1883
5076,1158
5077,1243
5078,981
5079,1017
5080,3261
5081,1216
5082,1141
5083,2065
5084,1235
5085,1466
5086,1470
5087,1152
5088,1764
5089,1716
5090,2603
5091,1168
5092,1234
5093,974
5094,889
5095,1416
5096,1283
5097,1035
5098,1093
5099,1315
5100,25370
5101,4618
5102,2686
5103,2213
5104,1721
5105,2130
5106,1707
5107,2034
5108,1790
5109,1378
5110,4814
5111,3948
5112,1998
5113,1446
5114,2798
5115,2371
5116,1493
5117,1415
5118,1785
5119,1734
5120,4960
5121,2202
5122,2103
5123,1942
5124,1396
5125,2151
5126,1569
5127,1246
5128,1463
5129,1031
5130,3467
5131,1827
5132,1383
5133,1464
5134,1268
5135,1411
5136,1361
5137,1188
5138,1044
5139,1341
5140,2811
5141,1456
5142,1335
5143,1188
5144,1250
5145,1492
5146,1369
5147,1153
5148,1173
5149,1373
5150,11738
5151,3604
5152,1877
5153,1815
5154,1187
5155,2360
5156,1375
5157,1218
5158,1091
5159,1143
5160,4912
5161,1906
5162,1275
5163,1141
5164,1185
5165,1537
5166,1229
5167,1475
5168,1223
5169,987
5170,2627
5171,1635
5172,1184
5173,1029
5174,1036
5175,1475
5176,1286
5177,1077
5178,929
5179,903
5180,2252
5181,1249
5182,1180
5183,1014
5184,1411
5185,1199
5186,1008
5187,981
5188,1283
5189,947
5190,2033
5191,1694
5192,986
5193,1146
5194,11336
5195,1570
5196,1000
5197,1051
5198,1134
5199,1903
5200,36879
5201,3014
5202,1853
5203,1659
5204,1855
5205,2083
5206,1493
5207,1443
5208,1705
5209,1253
5210,4002
5211,2783
5212,1769
5213,1298
5214,1388
5215,1561
5216,1333
5217,1224
5218,1410
5219,1448
5220,4562
5221,1720
5222,3148
5223,1757
5224,1728
5225,2900
5226,1474
5227,1577
5228,1429
5229,1224
5230,3713
5231,1390
5232,1439
5233,2535
5234,1294
5235,1910
5236,1226
5237,1198
5238,1207
5239,1255
5240,2245
5241,1205
5242,1458
5243,1366
5244,1576
5245,1708
5246,1359
5247,1304
5248,1201
5249,1072
5250,8032
5251,1715
5252,2771
5253,1736
5254,1205
5255,2036
5256,1190
5257,1285
5258,1139
5259,999
5260,2096
5261,1275
5262,1288
5263,1413
5264,985
5265,1097
5266,1654
5267,1251
5268,1071
5269,1174
5270,1901
5271,1191
5272,1353
5273,1205
5274,976
5275,1618
5276,979
5277,1429
5278,1171
5279,842
5280,7447
5281,2709
5282,1293
5283,1622
5284,1006
5285,1617
5286,872
5287,1014
5288,1287
5289,1004
5290,1683
5291,1601
5292,1597
5293,1043
5294,964
5295,1184
5296,1431
5297,1295
5298,905
5299,1322
5300,23014
5301,3519
5302,2006
5303,1929
5304,1564
5305,2366
5306,1694
5307,1822
5308,1334
5309,2097
5310,4017
5311,2576
5312,2115
5313,1449
5314,1361
5315,1818
5316,1458
5317,1155
5318,1195
5319,1230
5320,3490
5321,2263
5322,2164
5323,1924
5324,1510
5325,2031
5326,1587
5327,1205
5328,1484
5329,1578
5330,2835
5331,1627
5332,1396
5333,2987
5334,1504
5335,1865
5336,1431
5337,1409
5338,1132
5339,1146
5340,2456
5341,1369
5342,1190
5343,1529
5344,1302
5345,1633
5346,1259
5347,1175
5348,1170
5349,1189
5350,3619
5351,1524
5352,1370
5353,3819
5354,1365
5355,1899
5356,1491
5357,1267
5358,1078
5359,1279
5360,2109
5361,1134
5362,1134
5363,1365
5364,1075
5365,1162
5366,1270
5367,1174
5368,1249
5369,929
5370,1882
5371,1113
5372,1006
5373,1346
5374,1003
5375,1430
5376,1087
5377,1265
5378,1079
5379,878
5380,2033
5381,1487
5382,1037
5383,1162
5384,996
5385,1183
5386,1040
5387,1718
5388,1200
5389,933
5390,1558
5391,1024
5392,866
5393,932
5394,891
5395,1330
5396,915
5397,944
5398,979
5399,1182
5400,27641
5401,3016
5402,1882
5403,1688
5404,1541
5405,1847
5406,1538
5407,1400
5408,1212
5409,1170
5410,2311
5411,2193
5412,1369
5413,1276
5414,1274
5415,1505
5416,1234
5417,1043
5418,1183
5419,1008
5420,3112
5421,1294
5422,2020
5423,1336
5424,1737
5425,1666
5426,1174
5427,1106
5428,1238
5429,991
5430,2534
5431,1224
5432,2476
5433,2720
5434,1427
5435,1236
5436,1041
5437,2268
5438,1235
5439,1141
5440,2778
5441,1457
5442,1312
5443,1557
5444,2208
5445,1858
5446,1460
5447,1299
5448,1206
5449,1464
5450,4584
5451,1265
5452,1264
5453,1055
5454,2442
5455,1966
5456,1371
5457,974
5458,1024
5459,1075
5460,1904
5461,1880
5462,1038
5463,1437
5464,1360
5465,1883
5466,1403
5467,1040
5468,996
5469,897
5470,2661
5471,2522
5472,2533
5473,887
5474,1220
5475,1347
5476,1077
5477,1237
5478,1169
5479,1206
5480,2291
5481,1136
5482,1098
5483,1184
5484,914
5485,1132
5486,1040
5487,858
5488,1138
5489,1018
5490,1764
5491,1332
5492,826
5493,860
5494,1153
5495,1503
5496,880
5497,818
5498,1969
5499,1489
5500,60710
5501,3098
5502,1764
5503,1563
5504,1600
5505,3940
5506,1925
5507,1515
5508,1940
5509,1296
5510,4847
5511,2890
5512,2436
5513,2624
5514,1437
5515,2545
5516,1567
5517,1725
5518,1348
5519,1299
5520,4642
5521,1613
5522,2196
5523,1386
5524,1565
5525,2760
5526,1348
5527,1161
5528,1173
5529,1707
5530,4040
5531,1428
5532,1665
5533,2552
5534,1546
5535,1859
5536,1536
5537,1300
5538,1165
5539,1294
5540,2772
5541,1491
5542,1321
5543,1115
5544,2063
5545,1914
5546,1077
5547,1162
5548,1322
5549,957
5550,5640
5551,2008
5552,1657
5553,1435
5554,1603
5555,12062
5556,1886
5557,1372
5558,1779
5559,1560
5560,2151
5561,1353
5562,968
5563,973
5564,1061
5565,1549
5566,2382
5567,990
5568,1174
5569,1072
5570,2778
5571,1162
5572,1176
5573,946
5574,880
5575,2039
5576,1127
5577,2167
5578,1119
5579,881
5580,2412
5581,1073
5582,1079
5583,1044
5584,1054
5585,1627
5586,911
5587,1005
5588,1856
5589,935
5590,1997
5591,1152
5592,980
5593,1047
5594,885
5595,1358
5596,1033
5597,1019
5598,980
5599,1566
5600,23053
5601,2765
5602,1583
5603,1301
5604,1466
5605,1695
5606,1767
5607,1198
5608,1114
5609,1108
5610,2779
5611,1586
5612,1235
5613,1161
5614,1062
5615,1383
5616,1418
5617,878
5618,949
5619,942
5620,2586
5621,1302
5622,1347
5623,1229
5624,1093
5625,2525
5626,1722
5627,1400
5628,1120
5629,949
5630,2422
5631,1088
5632,1284
5633,1254
5634,1061
5635,1569
5636,1164
5637,1577
5638,1254
5639,1049
5640,2040
5641,1209
5642,1298
5643,1121
5644,1199
5645,1235
5646,1588
5647,1015
5648,945
5649,908
5650,3455
5651,1291
5652,1112
5653,1039
5654,1004
5655,1662
5656,2286
5657,1259
5658,972
5659,974
5660,2634
5661,1407
5662,1092
5663,1258
5664,1172
5665,1842
5666,1627
5667,1414
5668,996
5669,1110
5670,3378
5671,1296
5672,1432
5673,1129
5674,1034
5675,1298
5676,1255
5677,1131
5678,4117
5679,1018
5680,2212
5681,944
5682,964
5683,1201
5684,899
5685,965
5686,907
5687,1320
5688,1206
5689,975
5690,1809
5691,909
5692,954
5693,807
5694,997
5695,1493
5696,1000
5697,877
5698,844
5699,1291
5700,18046
5701,3203
5702,1371
5703,1559
5704,1171
5705,1884
5706,1103
5707,1433
5708,1351
5709,1308
5710,2061
5711,2375
5712,1566
5713,1325
5714,1309
5715,2037
5716,979
5717,1130
5718,1186
5719,1192
5720,2257
5721,1679
5722,1621
5723,1197
5724,996
5725,1721
5726,952
5727,1676
5728,1185
5729,948
5730,3284
5731,1114
5732,1178
5733,1594
5734,1097
5735,1457
5736,1107
5737,1145
5738,1055
5739,1296
5740,2366
5741,1418
5742,1284
5743,1258
5744,1355
5745,1327
5746,1244
5747,1406
5748,1246
5749,988
5750,4942
5751,2065
5752,1196
5753,1622
5754,1939
5755,1646
5756,1028
5757,2619
5758,1284
5759,1093
5760,3492
5761,1192
5762,1219
5763,1211
5764,1106
5765,1296
5766,1398
5767,1313
5768,1368
5769,1234
5770,4923
5771,1719
5772,2001
5773,1602
5774,1682
5775,2600
5776,1826
5777,3552
5778,2835
5779,2180
5780,1658
5781,965
5782,901
5783,765
5784,832
5785,1196
5786,1021
5787,963
5788,1067
5789,1151
5790,1440
5791,1088
5792,869
5793,1109
5794,699
5795,1038
5796,851
5797,899
5798,896
5799,1039
5800,24450
5801,2421
5802,1338
5803,1143
5804,1125
5805,1388
5806,1211
5807,2000
5808,1374
5809,993
5810,2228
5811,1537
5812,3391
5813,1026
5814,1123
5815,1234
5816,1265
5817,1096
5818,1015
5819,1130
5820,2452
5821,1102
5822,1688
5823,999
5824,894
5825,1545
5826,823
5827,794
5828,1056
5829,937
5830,2178
5831,906
5832,1218
5833,1282
5834,1027
5835,1005
5836,956
5837,1145
5838,938
5839,1521
5840,2405
5841,1182
5842,839
5843,987
5844,897
5845,1278
5846,1187
5847,873
5848,1025
5849,1055
5850,4581
5851,1165
5852,1081
5853,1077
5854,877
5855,1476
5856,953
5857,814
5858,2119
5859,1085
5860,1885
5861,1171
5862,925
5863,811
5864,996
5865,1411
5866,1127
5867,1220
5868,940
5869,909
5870,4520
5871,969
5872,948
5873,776
5874,893
5875,1359
5876,1030
5877,1135
5878,834
5879,888
5880,1928
5881,1647
5882,969
5883,1004
5884,971
5885,1750
5886,875
5887,1044
5888,2099
5889,843
5890,1765
5891,1044
5892,818
5893,744
5894,761
5895,1652
5896,834
5897,955
5898,959
5899,1075
5900,13033
5901,2493
5902,1657
5903,1379
5904,1139
5905,1568
5906,1311
5907,1268
5908,1099
5909,1003
5910,1912
5911,1587
5912,970
5913,842
5914,813
5915,1234
5916,873
5917,827
5918,809
5919,880
5920,1852
5921,985
5922,1049
5923,1179
5924,804
5925,1458
5926,827
5927,848
5928,733
5929,903
5930,2761
5931,1004
5932,914
5933,930
5934,771
5935,1151
5936,817
5937,1061
5938,765
5939,921
5940,1681
5941,1067
5942,815
5943,938
5944,950
5945,924
5946,839
5947,804
5948,861
5949,860
5950,3464
5951,1049
5952,989
5953,782
5954,866
5955,1388
5956,850
5957,827
5958,865
5959,1767
5960,1830
5961,922
5962,1250
5963,870
5964,830
5965,1056
5966,931
5967,840
5968,749
5969,853
5970,2614
5971,885
5972,968
5973,1187
5974,821
5975,1739
5976,1109
5977,1005
5978,808
5979,971
5980,1671
5981,891
5982,859
5983,777
5984,1021
5985,1218
5986,939
5987,871
5988,996
5989,925
5990,2305
5991,1079
5992,925
5993,904
5994,772
5995,1951
5996,993
5997,873
5998,929
5999,3309
6000,228856
6001,6792
6002,3771
6003,2619
6004,2584
6005,3007
6006,3133
6007,2051
6008,2327
6009,2157
6010,5169
6011,3590
6012,2471
6013,2222
6014,1636
6015,3194
6016,1999
6017,1310
6018,1862
6019,1334
6020,4542
6021,2072
6022,1958
6023,1305
6024,1358
6025,2078
6026,1274
6027,1205
6028,1221
6029,1180
6030,3705
6031,1411
6032,1354
6033,1692
6034,1013
6035,1717
6036,1293
6037,1110
6038,1373
6039,1155
6040,3547
6041,1528
6042,1340
6043,1051
6044,1251
6045,1687
6046,1154
6047,936
6048,1163
6049,1217
6050,4253
6051,1687
6052,1171
6053,985
6054,985
6055,2690
6056,2144
6057,973
6058,1068
6059,986
6060,5880
6061,17769
6062,1651
6063,3704
6064,1103
6065,1466
6066,1898
6067,1080
6068,1089
6069,1093
6070,2706
6071,1209
6072,1149
6073,1060
6074,1035
6075,1522
6076,1053
6077,1139
6078,1044
6079,925
6080,3256
6081,1224
6082,2109
6083,992
6084,1633
6085,1658
6086,1278
6087,911
6088,1368
6089,851
6090,2152
6091,1181
6092,953
6093,1072
6094,926
6095,1259
6096,1061
6097,1092
6098,1017
6099,1210
6100,19902
6101,3743
6102,2502
6103,3256
6104,1814
6105,2904
6106,2264
6107,1462
6108,1594
6109,1606
6110,4022
6111,4219
6112,1945
6113,1256
6114,1499
6115,1565
6116,1659
6117,1405
6118,1311
6119,1369
6120,4021
6121,2221
6122,1501
6123,1555
6124,1357
6125,2039
6126,1686
6127,1041
6128,2009
6129,1030
6130,2517
6131,2153
6132,1237
6133,1468
6134,973
6135,1239
6136,1202
6137,865
6138,1050
6139,1287
6140,2208
6141,1658
6142,1055
6143,1119
6144,1885
6145,1235
6146,1290
6147,1183
6148,1211
6149,924
6150,4493
6151,1856
6152,1260
6153,1064
6154,1191
6155,1343
6156,1074
6157,1145
6158,902
6159,1045
6160,2317
6161,2479
6162,1778
6163,1192
6164,1336
6165,1260
6166,1962
6167,1229
6168,1367
6169,957
6170,1746
6171,1266
6172,1034
6173,948
6174,1015
6175,1343
6176,1190
6177,1223
6178,857
6179,784
6180,2202
6181,1187
6182,863
6183,962
6184,753
6185,1115
6186,875
6187,750
6188,1093
6189,958
6190,1532
6191,1083
6192,938
6193,851
6194,725
6195,1041
6196,904
6197,817
6198,905
6199,1541
6200,20703
6201,3064
6202,2188
6203,2220
6204,1982
6205,2386
6206,1524
6207,1664
6208,1441
6209,1323
6210,3706
6211,2382
6212,1894
6213,1599
6214,1307
6215,1882
6216,1343
6217,1484
6218,1093
6219,999
6220,3346
6221,2410
6222,2648
6223,1565
6224,1505
6225,1840
6226,1809
6227,1434
6228,1211
6229,1323
6230,3523
6231,1459
6232,1524
6233,2004
6234,1572
6235,1549
6236,1111
6237,1333
6238,1534
6239,1597
6240,2603
6241,1554
6242,1434
6243,1068
6244,1377
6245,1351
6246,1135
6247,1075
6248,1169
6249,995
6250,6023
6251,1641
6252,1539
6253,1373
6254,1320
6255,1731
6256,1147
6257,1081
6258,1142
6259,965
6260,2260
6261,1470
6262,2569
6263,1881
6264,1530
6265,1586
6266,1352
6267,1042
6268,1017
6269,1199
6270,1826
6271,1418
6272,1495
6273,1532
6274,1123
6275,1405
6276,939
6277,1622
6278,1225
6279,979
6280,2285
6281,1208
6282,1145
6283,1079
6284,1045
6285,1559
6286,943
6287,1250
6288,1490
6289,1038
6290,1807
6291,1060
6292,1117
6293,825
6294,1078
6295,1153
6296,920
6297,905
6298,920
6299,1445
6300,20203
6301,2998
6302,1726
6303,1826
6304,1794
6305,1919
6306,1424
6307,1452
6308,1087
6309,1604
6310,2767
6311,1954
6312,1350
6313,1174
6314,957
6315,1378
6316,1149
6317,1110
6318,1000
6319,1026
6320,2734
6321,1518
6322,1359
6323,1488
6324,1360
6325,1947
6326,1110
6327,1050
6328,1246
6329,1261
6330,2950
6331,1641
6332,1501
6333,2856
6334,1450
6335,1269
6336,1564
6337,1282
6338,1322
6339,1066
6340,2009
6341,1121
6342,990
6343,1109
6344,1449
6345,1135
6346,1015
6347,931
6348,1073
6349,962
6350,3317
6351,1334
6352,1050
6353,1099
6354,1026
6355,1316
6356,934
6357,1210
6358,890
6359,826
6360,2330
6361,1901
6362,1113
6363,2457
6364,1061
6365,979
6366,1263
6367,994
6368,892
6369,850
6370,1380
6371,1161
6372,1184
6373,1110
6374,854
6375,1346
6376,1020
6377,1130
6378,1194
6379,1319
6380,1494
6381,929
6382,880
6383,902
6384,931
6385,1227
6386,905
6387,865
6388,1213
6389,1046
6390,1360
6391,917
6392,874
6393,1037
6394,870
6395,990
6396,886
6397,1363
6398,972
6399,1476
6400,31934
6401,2760
6402,1967
6403,1333
6404,1474
6405,1810
6406,1258
6407,1025
6408,1131
6409,1217
6410,2139
6411,1673
6412,1361
6413,1040
6414,1279
6415,1094
6416,1083
6417,1053
6418,920
6419,865
6420,2055
6421,1125
6422,1300
6423,1143
6424,1296
6425,2019
6426,1438
6427,1030
6428,1209
6429,1022
6430,1837
6431,1158
6432,1095
6433,1325
6434,1080
6435,1207
6436,836
6437,1043
6438,1087
6439,757
6440,2150
6441,1251
6442,1126
6443,1481
6444,1680
6445,1250
6446,1299
6447,996
6448,959
6449,894
6450,3466
6451,1056
6452,964
6453,1235
6454,1023
6455,1580
6456,982
6457,1111
6458,960
6459,980
6460,1974
6461,1000
6462,1023
6463,2019
6464,2398
6465,1242
6466,1325
6467,1015
6468,1621
6469,867
6470,1508
6471,1249
6472,968
6473,1015
6474,881
6475,1767
6476,796
6477,1063
6478,925
6479,704
6480,1514
6481,769
6482,909
6483,828
6484,1076
6485,771
6486,847
6487,1160
6488,1193
6489,910
6490,1573
6491,919
6492,872
6493,756
6494,932
6495,1148
6496,870
6497,1092
6498,945
6499,1312
6500,51978
6501,3742
6502,11748
6503,1473
6504,1137
6505,2234
6506,1338
6507,1193
6508,1417
6509,1575
6510,3612
6511,2411
6512,1617
6513,1269
6514,1096
6515,1624
6516,1240
6517,962
6518,954
6519,1009
6520,3121
6521,1052
6522,1706
6523,980
6524,1037
6525,1826
6526,1038
6527,912
6528,871
6529,1115
6530,2134
6531,1189
6532,1321
6533,1139
6534,924
6535,1295
6536,1085
6537,898
6538,1461
6539,829
6540,1867
6541,1081
6542,1265
6543,1447
6544,1121
6545,1348
6546,898
6547,884
6548,879
6549,746
6550,4289
6551,1368
6552,1438
6553,1004
6554,998
6555,2613
6556,1252
6557,938
6558,895
6559,931
6560,2429
6561,1129
6562,1039
6563,962
6564,922
6565,2231
6566,1383
6567,904
6568,884
6569,898
6570,1968
6571,945
6572,913
6573,651
6574,841
6575,1321
6576,873
6577,1058
6578,831
6579,852
6580,1585
6581,1306
6582,1045
6583,882
6584,826
6585,1048
6586,738
6587,1184
6588,1208
6589,869
6590,1429
6591,850
6592,803
6593,729
6594,719
6595,1037
6596,974
6597,669
6598,694
6599,910
6600,20872
6601,2056
6602,1296
6603,1092
6604,1432
6605,1325
6606,1450
6607,921
6608,1183
6609,879
6610,2603
6611,2234
6612,1147
6613,1179
6614,1132
6615,1213
6616,1382
6617,1012
6618,824
6619,936
6620,2262
6621,1573
6622,1876
6623,991
6624,987
6625,1239
6626,1205
6627,925
6628,890
6629,926
6630,2608
6631,1182
6632,1362
6633,2166
6634,930
6635,1137
6636,1372
6637,1107
6638,878
6639,900
6640,1678
6641,1037
6642,1161
6643,967
6644,1408
6645,1145
6646,1122
6647,904
6648,944
6649,783
6650,2867
6651,1614
6652,1184
6653,1170
6654,1119
6655,2042
6656,1162
6657,1397
6658,816
6659,832
6660,2035
6661,1149
6662,2161
6663,1298
6664,1675
6665,1151
6666,5451
6667,2825
6668,1141
6669,1035
6670,2507
6671,1496
6672,1495
6673,1144
6674,1047
6675,1121
6676,1111
6677,2263
6678,1038
6679,716
6680,2434
6681,1220
6682,1112
6683,1371
6684,1017
6685,1135
6686,1112
6687,1035
6688,1765
6689,858
6690,1464
6691,863
6692,826
6693,744
6694,1317
6695,1211
6696,1080
6697,1150
6698,1165
6699,2051
6700,16417
6701,2275
6702,1431
6703,980
6704,952
6705,1158
6706,953
6707,1346
6708,1180
6709,780
6710,2044
6711,1530
6712,1194
6713,1298
6714,842
6715,998
6716,1112
6717,867
6718,778
6719,811
6720,2002
6721,1186
6722,1977
6723,1073
6724,1205
6725,1346
6726,972
6727,1121
6728,844
6729,899
6730,1610
6731,1110
6732,884
6733,1125
6734,922
6735,1340
6736,3731
6737,1354
6738,975
6739,818
6740,1514
6741,865
6742,1312
6743,849
6744,1048
6745,1037
6746,798
6747,1587
6748,821
6749,1011
6750,3928
6751,1337
6752,1144
6753,1007
6754,747
6755,1249
6756,751
6757,1099
6758,1022
6759,840
6760,1637
6761,931
6762,981
6763,926
6764,700
6765,1266
6766,1122
6767,2073
6768,1281
6769,915
6770,2851
6771,903
6772,1127
6773,1194
6774,867
6775,1094
6776,1279
6777,3475
6778,834
6779,875
6780,1598
6781,823
6782,754
6783,738
6784,955
6785,857
6786,787
6787,1173
6788,1185
6789,2638
6790,1646
6791,1135
6792,734
6793,643
6794,619
6795,852
6796,812
6797,772
6798,780
6799,1011
6800,21640
6801,2433
6802,1227
6803,2325
6804,1091
6805,1692
6806,1245
6807,1152
6808,1212
6809,2111
6810,2057
6811,1485
6812,1205
6813,827
6814,912
6815,1060
6816,798
6817,905
6818,893
6819,747
6820,2185
6821,1289
6822,1359
6823,898
6824,1092
6825,1468
6826,903
6827,988
6828,1005
6829,732
6830,2121
6831,1115
6832,966
6833,991
6834,1012
6835,1065
6836,994
6837,879
6838,969
6839,740
6840,1828
6841,950
6842,825
6843,732
6844,946
6845,1350
6846,1343
6847,1071
6848,1011
6849,766
6850,4092
6851,1359
6852,803
6853,1105
6854,1099
6855,1049
6856,851
6857,768
6858,840
6859,594
6860,1568
6861,1052
6862,812
6863,909
6864,773
6865,931
6866,1091
6867,797
6868,2277
6869,824
6870,3319
6871,1001
6872,918
6873,801
6874,762
6875,1758
6876,932
6877,1224
6878,1036
6879,878
6880,2554
6881,1223
6882,1100
6883,979
6884,979
6885,1081
6886,1164
6887,976
6888,2537
6889,917
6890,1843
6891,819
6892,841
6893,670
6894,672
6895,827
6896,805
6897,846
6898,722
6899,935
6900,10969
6901,2387
6902,1392
6903,1168
6904,933
6905,1265
6906,949
6907,962
6908,847
6909,1101
6910,1900
6911,1611
6912,1206
6913,987
6914,859
6915,1046
6916,755
6917,805
6918,789
6919,762
6920,2118
6921,1023
6922,2089
6923,789
6924,1049
6925,1389
6926,861
6927,758
6928,764
6929,765
6930,1753
6931,783
6932,766
6933,1124
6934,692
6935,916
6936,776
6937,961
6938,749
6939,997
6940,1777
6941,1089
6942,852
6943,713
6944,879
6945,862
6946,1187
6947,787
6948,725
6949,862
6950,4243
6951,800
6952,673
6953,688
6954,806
6955,1071
6956,698
6957,671
6958,763
6959,919
6960,1920
6961,849
6962,1074
6963,1088
6964,775
6965,954
6966,981
6967,714
6968,1275
6969,1781
6970,3046
6971,845
6972,935
6973,773
6974,694
6975,1221
6976,960
6977,938
6978,1356
6979,819
6980,1551
6981,976
6982,694
6983,780
6984,690
6985,760
6986,685
6987,649
6988,1092
6989,900
6990,2411
6991,892
6992,847
6993,683
6994,667
6995,1378
6996,1013
6997,768
6998,886
6999,2576
7000,157012
7001,5734
7002,3426
7003,4800
7004,3398
7005,3172
7006,2265
7007,3275
7008,1874
7009,1879
7010,4875
7011,2321
7012,2380
7013,1848
7014,1761
7015,2250
7016,1959
7017,1855
7018,2097
7019,1107
7020,4063
7021,1829
7022,1775
7023,1426
7024,1439
7025,2222
7026,1301
7027,1517
7028,1168
7029,1175
7030,3813
7031,1595
7032,1194
7033,1304
7034,1269
7035,1845
7036,1241
7037,1079
7038,951
7039,1093
7040,2963
7041,1234
7042,1420
7043,1160
7044,1295
7045,1286
7046,1211
7047,1080
7048,997
7049,783
7050,4650
7051,1151
7052,1228
7053,885
7054,1139
7055,1842
7056,959
7057,1056
7058,1007
7059,1071
7060,2875
7061,1210
7062,908
7063,944
7064,1005
7065,1353
7066,1223
7067,904
7068,1258
7069,1230
7070,4489
7071,1584
7072,1108
7073,1458
7074,1161
7075,9016
7076,1204
7077,1953
7078,1264
7079,1120
7080,2768
7081,1144
7082,1573
7083,1093
7084,770
7085,1222
7086,829
7087,1002
7088,1198
7089,890
7090,2483
7091,1069
7092,1080
7093,985
7094,1454
7095,1248
7096,1163
7097,796
7098,730
7099,1169
7100,17152
7101,2576
7102,2044
7103,1549
7104,1412
7105,1742
7106,1844
7107,1682
7108,1266
7109,1179
7110,3983
7111,3852
7112,1546
7113,1142
7114,1512
7115,1389
7116,1353
7117,1648
7118,987
7119,1105
7120,3016
7121,1741
7122,1511
7123,1529
7124,1150
7125,1618
7126,1350
7127,970
7128,1064
7129,1050
7130,2283
7131,1461
7132,1154
7133,1174
7134,1173
7135,1904
7136,1041
7137,928
7138,873
7139,810
7140,1898
7141,1965
7142,958
7143,1005
7144,1094
7145,1111
7146,1076
7147,839
7148,963
7149,810
7150,3719
7151,1341
7152,972
7153,1113
7154,942
7155,1487
7156,814
7157,862
7158,917
7159,1067
7160,2614
7161,1211
7162,840
7163,997
7164,902
7165,1008
7166,1127
7167,1278
7168,957
7169,997
7170,1820
7171,2419
7172,1257
7173,1039
7174,900
7175,1272
7176,1178
7177,1376
7178,873
7179,820
7180,1645
7181,1529
7182,893
7183,1272
7184,825
7185,1148
7186,912
7187,846
7188,1399
7189,927
7190,1773
7191,1238
7192,917
7193,933
7194,828
7195,1440
7196,746
7197,732
7198,727
7199,1223
7200,33515
7201,3142
7202,2878
7203,2195
7204,1270
7205,1782
7206,1971
7207,1241
7208,1187
7209,915
7210,2728
7211,2349
7212,1972
7213,1100
7214,1035
7215,1344
7216,1519
7217,1074
7218,1189
7219,1562
7220,2729
7221,1400
7222,2855
7223,2824
7224,2382
7225,1905
7226,1426
7227,1554
7228,1318
7229,974
7230,2339
7231,1213
7232,1223
7233,3464
7234,1326
7235,1306
7236,916
7237,1477
7238,1146
7239,888
7240,1955
7241,1190
7242,1280
7243,1644
7244,1215
7245,1875
7246,1235
7247,1007
7248,1027
7249,865
7250,4849
7251,1432
7252,1241
7253,1054
7254,904
7255,1295
7256,2094
7257,851
7258,1687
7259,818
7260,2630
7261,1165
7262,1278
7263,1045
7264,1461
7265,1283
7266,995
7267,1312
7268,811
7269,1112
7270,1897
7271,921
7272,2645
7273,1175
7274,1474
7275,2649
7276,890
7277,2534
7278,1111
7279,950
7280,2120
7281,940
7282,1025
7283,1271
7284,1081
7285,1246
7286,811
7287,993
7288,1554
7289,1208
7290,1871
7291,1078
7292,1054
7293,896
7294,756
7295,1089
7296,738
7297,1322
7298,864
7299,948
7300,16909
7301,1897
7302,1550
7303,1472
7304,1577
7305,1403
7306,1270
7307,1347
7308,1288
7309,953
7310,2253
7311,1593
7312,1248
7313,1011
7314,938
7315,1239
7316,1046
7317,986
7318,1262
7319,982
7320,2124
7321,1416
7322,1210
7323,1909
7324,1229
7325,1926
7326,1876
7327,917
7328,1253
7329,745
7330,2162
7331,1297
7332,1355
7333,2263
7334,973
7335,1121
7336,1265
7337,1560
7338,862
7339,740
7340,2043
7341,872
7342,884
7343,1062
7344,932
7345,1298
7346,918
7347,975
7348,902
7349,897
7350,2877
7351,1103
7352,1646
7353,1025
7354,1038
7355,1364
7356,1089
7357,884
7358,877
7359,822
7360,2343
7361,886
7362,896
7363,1047
7364,970
7365,915
7366,978
7367,877
7368,1260
7369,752
7370,2081
7371,1015
7372,1083
7373,2315
7374,1082
7375,1626
7376,835
7377,1452
7378,1799
7379,998
7380,1736
7381,932
7382,946
7383,969
7384,827
7385,1162
7386,1392
7387,1585
7388,1057
7389,922
7390,2017
7391,1005
7392,1049
7393,902
7394,956
7395,975
7396,757
7397,711
7398,729
7399,1015
7400,14285
7401,2443
7402,1888
7403,1346
7404,4540
7405,1794
7406,989
7407,1417
7408,1379
7409,998
7410,2802
7411,2002
7412,1277
7413,922
7414,1216
7415,1396
7416,845
7417,1069
7418,821
7419,997
7420,3794
7421,1335
7422,1533
7423,1052
7424,1521
7425,1751
7426,997
7427,1262
7428,964
7429,990
7430,1809
7431,1179
7432,1578
7433,2332
7434,1278
7435,1192
7436,1029
7437,962
7438,869
7439,986
7440,2447
7441,1141
7442,977
7443,1488
7444,2232
7445,1354
7446,1076
7447,1781
7448,1079
7449,892
7450,3440
7451,919
7452,845
7453,865
7454,884
7455,1176
7456,1055
7457,840
7458,1060
7459,866
7460,1706
7461,765
7462,862
7463,1473
7464,1096
7465,1014
7466,907
7467,1358
7468,855
7469,2648
7470,1809
7471,1134
7472,956
7473,870
7474,2124
7475,1715
7476,1039
7477,1152
7478,883
7479,774
7480,1848
7481,936
7482,884
7483,981
7484,1030
7485,854
7486,1223
7487,983
7488,1259
7489,705
7490,2321
7491,1091
7492,903
7493,938
7494,1112
7495,1232
7496,754
7497,666
7498,834
7499,1477
7500,59415
7501,2829
7502,1407
7503,1484
7504,992
7505,1615
7506,2540
7507,1249
7508,1024
7509,1262
7510,3149
7511,1631
7512,1189
7513,976
7514,1106
7515,1553
7516,1085
7517,1003
7518,1021
7519,1030
7520,3760
7521,1110
7522,1749
7523,1011
7524,1043
7525,2232
7526,1160
7527,1178
7528,977
7529,2438
7530,1861
7531,1273
7532,981
7533,1056
7534,908
7535,1641
7536,829
7537,1137
7538,982
7539,1122
7540,1789
7541,1206
7542,1028
7543,915
7544,881
7545,1449
7546,1991
7547,1127
7548,987
7549,900
7550,3042
7551,1292
7552,933
7553,1013
7554,1768
7555,2457
7556,1216
7557,1563
7558,833
7559,1257
7560,1797
7561,871
7562,1316
7563,843
7564,826
7565,1223
7566,1269
7567,1322
7568,914
7569,734
7570,1959
7571,820
7572,927
7573,784
7574,763
7575,2999
7576,999
7577,1501
7578,808
7579,859
7580,2018
7581,986
7582,1037
7583,878
7584,1243
7585,1517
7586,891
7587,1119
7588,889
7589,883
7590,1735
7591,1259
7592,811
7593,968
7594,827
7595,1167
7596,663
7597,727
7598,865
7599,1219
7600,18482
7601,3241
7602,1398
7603,1353
7604,1205
7605,1004
7606,1616
7607,1186
7608,904
7609,1020
7610,3850
7611,1616
7612,1258
7613,1188
7614,1059
7615,1020
7616,1077
7617,761
7618,798
7619,1115
7620,2013
7621,1112
7622,1109
7623,2031
7624,1347
7625,1731
7626,1114
7627,1013
7628,935
7629,968
7630,1704
7631,1086
7632,992
7633,1118
7634,722
7635,1091
7636,1127
7637,1176
7638,952
7639,912
7640,1897
7641,954
7642,892
7643,1021
7644,1237
7645,1999
7646,953
7647,952
7648,825
7649,856
7650,3234
7651,847
7652,1170
7653,1306
7654,1335
7655,1463
7656,951
7657,970
7658,651
7659,837
7660,1830
7661,1439
7662,1091
7663,1843
7664,875
7665,1377
7666,1499
7667,1555
7668,913
7669,1503
7670,1631
7671,2374
7672,780
7673,858
7674,728
7675,1330
7676,2280
7677,1331
7678,1090
7679,976
7680,2488
7681,995
7682,885
7683,783
7684,752
7685,823
7686,893
7687,841
7688,1516
7689,627
7690,1112
7691,813
7692,874
7693,634
7694,649
7695,1179
7696,861
7697,881
7698,532
7699,962
7700,15635
7701,3731
7702,1951
7703,1679
7704,1354
7705,1302
7706,1171
7707,1321
7708,1015
7709,906
7710,3186
7711,2907
7712,1194
7713,1159
7714,17819
7715,1352
7716,995
7717,1749
7718,990
7719,938
7720,2552
7721,1986
7722,2044
7723,1155
7724,1176
7725,1519
7726,1267
7727,1397
7728,1208
7729,1338
7730,2878
7731,1318
7732,1120
7733,1888
7734,1984
7735,1702
7736,1442
7737,1523
7738,1222
7739,1215
7740,2441
7741,1063
7742,968
7743,1040
7744,1435
7745,1192
7746,996
7747,2083
7748,1385
7749,1008
7750,6750
7751,1336
7752,1011
7753,1390
7754,895
7755,2043
7756,947
7757,1335
7758,908
7759,951
7760,1802
7761,896
7762,1120
7763,908
7764,1112
7765,1125
7766,2110
7767,1442
7768,1268
7769,898
7770,3924
7771,1936
7772,1349
7773,1326
7774,1374
7775,1714
7776,1904
7777,9651
7778,1786
7779,1691
7780,1875
7781,969
7782,935
7783,868
7784,797
7785,1423
7786,1545
7787,1746
7788,2002
7789,1267
7790,2107
7791,1097
7792,1090
7793,1140
7794,860
7795,1215
7796,873
7797,1316
7798,899
7799,2108
7800,20774
7801,2037
7802,1456
7803,1942
7804,901
7805,4055
7806,1097
7807,900
7808,1388
7809,1024
7810,1975
7811,1774
7812,2038
7813,1091
7814,1023
7815,1343
7816,2330
7817,1372
7818,1258
7819,910
7820,1696
7821,1256
7822,1163
7823,949
7824,1208
7825,1916
7826,993
7827,1674
7828,1357
7829,859
7830,1426
7831,1272
7832,905
7833,1435
7834,1219
7835,995
7836,1306
7837,1171
7838,882
7839,729
7840,1833
7841,1308
7842,1021
7843,1083
7844,858
7845,1088
7846,904
7847,812
7848,1279
7849,1152
7850,4385
7851,1000
7852,1062
7853,827
7854,1131
7855,1714
7856,674
7857,1473
7858,1065
7859,629
7860,1873
7861,923
7862,929
7863,982
7864,1586
7865,830
7866,1327
7867,2790
7868,980
7869,1479
7870,4866
7871,1073
7872,1248
7873,1183
7874,1611
7875,1293
7876,1352
7877,1218
7878,2187
7879,1434
7880,2180
7881,1166
7882,1030
7883,819
7884,1679
7885,2151
7886,856
7887,1631
7888,2687
7889,989
7890,2628
7891,975
7892,803
7893,680
7894,883
7895,905
7896,1175
7897,661
7898,930
7899,1236
7900,12968
7901,2347
7902,999
7903,1171
7904,2186
7905,1355
7906,951
7907,791
7908,1127
7909,1266
7910,1992
7911,1321
7912,1041
7913,895
7914,1555
7915,1061
7916,1132
7917,1200
7918,827
7919,1032
7920,2440
7921,1404
7922,1201
7923,1270
7924,987
7925,1300
7926,1028
7927,960
7928,1202
7929,1046
7930,1794
7931,1076
7932,1028
7933,793
7934,644
7935,1008
7936,1126
7937,890
7938,803
7939,1128
7940,1958
7941,1166
7942,1526
7943,667
7944,1044
7945,863
7946,1201
7947,911
7948,773
7949,924
7950,5409
7951,1151
7952,931
7953,640
7954,646
7955,1150
7956,1318
7957,1127
7958,1092
7959,628
7960,2182
7961,1001
7962,1098
7963,944
7964,615
7965,939
7966,1501
7967,1211
7968,1153
7969,1001
7970,6135
7971,1403
7972,684
7973,1629
7974,1731
7975,918
7976,1587
7977,1603
7978,799
7979,1948
7980,1684
7981,900
7982,829
7983,880
7984,828
7985,1087
7986,752
7987,544
7988,884
7989,1071
7990,2443
7991,755
7992,809
7993,1019
7994,610
7995,1363
7996,681
7997,1110
7998,858
7999,2562
8000,169365
8001,5754
8002,5253
8003,2701
8004,2371
8005,2406
8006,2725
8007,1775
8008,4572
8009,1939
8010,4297
8011,2469
8012,1912
8013,1198
8014,1868
8015,1521
8016,1405
8017,1147
8018,2107
8019,1103
8020,5205
8021,1857
8022,1625
8023,1002
8024,1118
8025,1787
8026,1071
8027,1121
8028,1873
8029,1203
8030,2298
8031,1378
8032,2052
8033,1288
8034,1156
8035,1363
8036,1255
8037,1250
8038,1394
8039,1019
8040,3161
8041,1118
8042,1237
8043,1154
8044,1259
8045,1171
8046,1010
8047,1626
8048,1204
8049,971
8050,4335
8051,10523
8052,1647
8053,1354
8054,1037
8055,1628
8056,847
8057,973
8058,1206
8059,954
8060,2791
8061,1555
8062,1015
8063,890
8064,1037
8065,1427
8066,961
8067,715
8068,1216
8069,970
8070,1880
8071,1138
8072,1159
8073,781
8074,643
8075,1156
8076,740
8077,1375
8078,1263
8079,880
8080,32924
8081,3525
8082,2187
8083,1592
8084,1408
8085,3797
8086,8081
8087,1855
8088,6668
8089,1196
8090,2845
8091,1610
8092,1030
8093,1235
8094,953
8095,988
8096,1092
8097,789
8098,888
8099,1144
8100,15952
8101,2755
8102,1612
8103,1388
8104,1090
8105,1319
8106,1057
8107,986
8108,1635
8109,1168
8110,4653
8111,3101
8112,1354
8113,1321
8114,1157
8115,1341
8116,923
8117,1083
8118,1875
8119,830
8120,2897
8121,1219
8122,1534
8123,1828
8124,1175
8125,2630
8126,1041
8127,780
8128,1027
8129,865
8130,2763
8131,3405
8132,840
8133,1424
8134,793
8135,1422
8136,769
8137,913
8138,931
8139,1368
8140,2031
8141,1158
8142,763
8143,885
8144,1323
8145,833
8146,1000
8147,951
8148,752
8149,665
8150,4155
8151,1200
8152,880
8153,910
8154,661
8155,1121
8156,850
8157,775
8158,725
8159,837
8160,2167
8161,1138
8162,787
8163,1008
8164,672
8165,1136
8166,1345
8167,1041
8168,1171
8169,805
8170,1208
8171,1275
8172,989
8173,858
8174,829
8175,866
8176,963
8177,956
8178,697
8179,820
8180,2061
8181,2626
8182,1012
8183,764
8184,915
8185,1149
8186,936
8187,722
8188,1557
8189,741
8190,1195
8191,1588
8192,7039
8193,932
8194,841
8195,1068
8196,698
8197,728
8198,886
8199,817
8200,17228
8201,2620
8202,1672
8203,1927
8204,1337
8205,1593
8206,1094
8207,1039
8208,1525
8209,1116
8210,2971
8211,10224
8212,6569
8213,1107
8214,920
8215,1373
8216,2902
8217,45063
8218,1130
8219,713
8220,14027
8221,20105
8222,2916
8223,1437
8224,1172
8225,1493
8226,4086
8227,1175
8228,2288
8229,1051
8230,5937
8231,1285
8232,1710
8233,1371
8234,1026
8235,1119
8236,898
8237,1027
8238,806
8239,889
8240,1860
8241,762
8242,1104
8243,1332
8244,977
8245,1133
8246,919
8247,1167
8248,1227
8249,649
8250,4171
8251,1196
8252,1194
8253,1237
8254,1033
8255,10564
8256,974
8257,740
8258,1164
8259,1045
8260,2029
8261,1051
8262,1133
8263,1143
8264,1061
8265,1372
8266,1630
8267,1054
8268,765
8269,790
8270,1323
8271,910
8272,1084
8273,996
8274,1113
8275,1247
8276,785
8277,1108
8278,767
8279,840
8280,1512
8281,1224
8282,2948
8283,5229
8284,1118
8285,962
8286,876
8287,842
8288,1465
8289,858
8290,1315
8291,921
8292,867
8293,928
8294,1041
8295,1007
8296,809
8297,781
8298,725
8299,961
8300,14577
8301,3091
8302,1395
8303,1376
8304,960
8305,1079
8306,1052
8307,760
8308,1051
8309,871
8310,2565
8311,1493
8312,923
8313,1216
8314,943
8315,935
8316,851
8317,841
8318,827
8319,759
8320,2610
8321,949
8322,1191
8323,1051
8324,1242
8325,1397
8326,1076
8327,667
8328,885
8329,772
8330,2837
8331,1388
8332,1830
8333,2825
8334,793
8335,1070
8336,965
8337,924
8338,1163
8339,1496
8340,1338
8341,1069
8342,706
8343,928
8344,1108
8345,932
8346,1086
8347,777
8348,878
8349,704
8350,4372
8351,971
8352,828
8353,945
8354,782
8355,1186
8356,1075
8357,677
8358,764
8359,684
8360,1333
8361,847
8362,865
8363,850
8364,1554
8365,858
8366,1028
8367,1060
8368,788
8369,766
8370,1346
8371,1371
8372,1017
8373,977
8374,877
8375,1003
8376,909
8377,1089
8378,833
8379,971
8380,1709
8381,804
8382,994
8383,1736
8384,884
8385,908
8386,775
8387,1352
8388,1065
8389,917
8390,1341
8391,742
8392,1172
8393,757
8394,617
8395,1117
8396,866
8397,878
8398,864
8399,1012
8400,15472
8401,1868
8402,1035
8403,869
8404,1178
8405,1001
8406,880
8407,890
8408,866
8409,777
8410,1601
8411,1515
8412,872
8413,865
8414,1339
8415,1092
8416,820
8417,843
8418,1011
8419,838
8420,1343
8421,1029
8422,1244
8423,901
8424,1357
8425,1958
8426,629
8427,1001
8428,723
8429,610
8430,1318
8431,1053
8432,1068
8433,1134
8434,851
8435,878
8436,788
8437,694
8438,630
8439,828
8440,1780
8441,888
8442,1025
8443,3810
8444,2544
8445,1094
8446,1080
8447,908
8448,1464
8449,723
8450,2220
8451,1481
8452,1010
8453,1310
8454,1204
8455,1317
8456,1475
8457,2260
8458,911
8459,814
8460,1218
8461,980
8462,981
8463,1153
8464,833
8465,766
8466,1041
8467,758
8468,727
8469,659
8470,1384
8471,940
8472,1766
8473,834
8474,929
8475,855
8476,751
8477,10465
8478,787
8479,596
8480,1388
8481,778
8482,1432
8483,769
8484,2307
8485,1062
8486,1139
8487,818
8488,1041
8489,704
8490,991
8491,737
8492,527
8493,1114
8494,674
8495,736
8496,695
8497,848
8498,671
8499,1598
8500,32329
8501,3402
8502,1464
8503,1241
8504,1138
8505,1448
8506,976
8507,895
8508,952
8509,748
8510,2298
8511,1533
8512,1104
8513,737
8514,953
8515,1456
8516,1010
8517,898
8518,847
8519,967
8520,4175
8521,1073
8522,1141
8523,829
8524,805
8525,1924
8526,841
8527,915
8528,935
8529,1013
8530,2572
8531,977
8532,799
8533,994
8534,808
8535,1191
8536,799
8537,683
8538,741
8539,814
8540,2054
8541,1129
8542,1042
8543,1212
8544,1228
8545,1324
8546,852
8547,1015
8548,643
8549,626
8550,2848
8551,1157
8552,943
8553,808
8554,824
8555,2263
8556,805
8557,702
8558,1321
8559,751
8560,1563
8561,760
8562,835
8563,842
8564,660
8565,1133
8566,828
8567,702
8568,727
8569,578
8570,2427
8571,988
8572,946
8573,1479
8574,747
8575,1143
8576,590
8577,1141
8578,720
8579,708
8580,1776
8581,920
8582,1317
8583,1358
8584,1001
8585,2446
8586,1594
8587,904
8588,1201
8589,615
8590,1088
8591,784
8592,698
8593,658
8594,774
8595,1075
8596,523
8597,544
8598,655
8599,1060
8600,15378
8601,7067
8602,862
8603,857
8604,766
8605,950
8606,2151
8607,748
8608,878
8609,929
8610,2844
8611,1629
8612,968
8613,732
8614,774
8615,1191
8616,886
8617,713
8618,842
8619,739
8620,2841
8621,1697
8622,1144
8623,738
8624,879
8625,1640
8626,780
8627,794
8628,784
8629,734
8630,1464
8631,744
8632,781
8633,946
8634,690
8635,861
8636,805
8637,713
8638,712
8639,844
8640,1606
8641,773
8642,849
8643,877
8644,1243
8645,794
8646,825
8647,749
8648,1011
8649,685
8650,1868
8651,756
8652,795
8653,712
8654,859
8655,1400
8656,790
8657,685
8658,755
8659,620
8660,1519
8661,993
8662,897
8663,847
8664,1483
8665,1010
8666,1461
8667,1250
8668,1078
8669,1720
8670,1187
8671,635
8672,756
8673,626
8674,1344
8675,907
8676,879
8677,1007
8678,732
8679,616
8680,1328
8681,803
8682,862
8683,1644
8684,690
8685,1048
8686,2528
8687,1693
8688,1905
8689,652
8690,1160
8691,966
8692,686
8693,561
8694,519
8695,693
8696,844
8697,658
8698,721
8699,799
8700,13518
8701,2035
8702,1020
8703,991
8704,892
8705,1221
8706,695
8707,963
8708,1091
8709,699
8710,2177
8711,1507
8712,1035
8713,744
8714,762
8715,944
8716,737
8717,829
8718,716
8719,878
8720,1897
8721,1103
8722,1378
8723,970
8724,870
8725,1131
8726,873
8727,911
8728,946
8729,738
8730,1504
8731,806
8732,889
8733,1652
8734,857
8735,961
8736,818
8737,831
8738,898
8739,746
8740,1670
8741,1093
8742,1109
8743,717
8744,861
8745,839
8746,3945
8747,1304
8748,811
8749,839
8750,3117
8751,1090
8752,808
8753,1055
8754,648
8755,1071
8756,732
8757,945
8758,612
8759,735
8760,2248
8761,734
8762,931
8763,633
8764,651
8765,1307
8766,850
8767,934
8768,746
8769,574
8770,1664
8771,908
8772,967
8773,815
8774,691
8775,843
8776,1090
8777,2372
8778,1039
8779,624
8780,1308
8781,694
8782,914
8783,765
8784,600
8785,788
8786,719
8787,2198
8788,1484
8789,732
8790,1006
8791,625
8792,652
8793,594
8794,706
8795,777
8796,563
8797,787
8798,661
8799,2044
8800,24269
8801,2370
8802,2380
8803,1080
8804,1755
8805,1385
8806,1034
8807,1046
8808,1357
8809,1191
8810,2124
8811,2314
8812,1116
8813,795
8814,847
8815,1036
8816,1202
8817,887
8818,1136
8819,823
8820,2430
8821,1470
8822,1900
8823,996
8824,1198
8825,1348
8826,917
8827,788
8828,1076
8829,1191
8830,2205
8831,1020
8832,1366
8833,1796
8834,864
8835,875
8836,746
8837,809
8838,982
8839,973
8840,1605
8841,968
8842,728
8843,1321
8844,1754
8845,834
8846,875
8847,797
8848,2169
8849,1152
8850,3105
8851,1014
8852,1108
8853,766
8854,1420
8855,1712
8856,972
8857,987
8858,1228
8859,8838
8860,1868
8861,1205
8862,924
8863,1180
8864,636
8865,1266
8866,1442
8867,856
8868,1315
8869,844
8870,1666
8871,997
8872,905
8873,1097
8874,649
8875,1058
8876,1070
8877,1668
8878,1474
8879,1373
8880,3133
8881,1808
8882,1300
8883,1196
8884,1407
8885,1392
8886,1435
8887,1279
8888,14099
8889,1862
8890,3074
8891,1110
8892,782
8893,708
8894,665
8895,2665
8896,698
8897,628
8898,994
8899,1679
8900,11935
8901,1908
8902,1000
8903,915
8904,821
8905,922
8906,796
8907,718
8908,727
8909,889
8910,2001
8911,1157
8912,931
8913,718
8914,1234
8915,739
8916,667
8917,895
8918,767
8919,852
8920,1561
8921,803
8922,1174
8923,619
8924,1253
8925,795
8926,683
8927,636
8928,730
8929,779
8930,1308
8931,863
8932,700
8933,967
8934,610
8935,761
8936,931
8937,977
8938,3499
8939,1136
8940,1468
8941,965
8942,830
8943,649
8944,977
8945,850
8946,795
8947,685
8948,620
8949,2525
8950,1927
8951,744
8952,782
8953,604
8954,563
8955,1106
8956,634
8957,578
8958,613
8959,635
8960,1356
8961,759
8962,1410
8963,760
8964,762
8965,1142
8966,1383
8967,457
8968,684
8969,808
8970,1062
8971,890
8972,778
8973,706
8974,768
8975,841
8976,651
8977,873
8978,502
8979,771
8980,1127
8981,847
8982,548
8983,927
8984,706
8985,763
8986,723
8987,764
8988,998
8989,2255
8990,2705
8991,726
8992,984
8993,851
8994,818
8995,1178
8996,966
8997,728
8998,1016
8999,2915
9000,129544
9001,154501
9002,7727
9003,3065
9004,2920
9005,3104
9006,3595
9007,2045
9008,1852
9009,2440
9010,4289
9011,1774
9012,1442
9013,1085
9014,1186
9015,1972
9016,1635
9017,1010
9018,1339
9019,912
9020,2536
9021,1159
9022,1074
9023,1053
9024,1056
9025,1470
9026,973
9027,1154
9028,785
9029,738
9030,2033
9031,1062
9032,1175
9033,1113
9034,839
9035,1045
9036,949
9037,898
9038,1003
9039,833
9040,1942
9041,909
9042,891
9043,675
9044,850
9045,947
9046,1102
9047,702
9048,873
9049,751
9050,2913
9051,877
9052,945
9053,695
9054,827
9055,1464
9056,664
9057,658
9058,705
9059,623
9060,2160
9061,790
9062,692
9063,760
9064,742
9065,755
9066,4332
9067,657
9068,963
9069,659
9070,1744
9071,799
9072,786
9073,782
9074,699
9075,1121
9076,789
9077,936
9078,663
9079,667
9080,2026
9081,829
9082,708
9083,895
9084,654
9085,1372
9086,584
9087,712
9088,881
9089,1302
9090,4755
9091,1171
9092,1006
9093,949
9094,789
9095,961
9096,723
9097,870
9098,895
9099,1458
9100,17188
9101,2264
9102,1356
9103,979
9104,1172
9105,1138
9106,809
9107,855
9108,714
9109,741
9110,2232
9111,2763
9112,958
9113,900
9114,904
9115,988
9116,714
9117,885
9118,732
9119,1316
9120,1922
9121,1004
9122,1027
9123,1281
9124,708
9125,1095
9126,1179
9127,854
9128,783
9129,635
9130,1564
9131,1027
9132,1474
9133,839
9134,666
9135,759
9136,703
9137,801
9138,618
9139,629
9140,1393
9141,1011
9142,718
9143,632
9144,1367
9145,810
9146,740
9147,798
9148,652
9149,697
9150,2772
9151,874
9152,703
9153,1160
9154,570
9155,1161
9156,585
9157,547
9158,621
9159,621
9160,1142
9161,766
9162,691
9163,576
9164,593
9165,1716
9166,1179
9167,1093
9168,770
9169,536
9170,1062
9171,1172
9172,788
9173,769
9174,641
9175,859
9176,551
9177,784
9178,749
9179,568
9180,1253
9181,1055
9182,1147
9183,462
9184,938
9185,680
9186,763
9187,670
9188,893
9189,729
9190,1094
9191,1793
9192,796
9193,661
9194,761
9195,743
9196,616
9197,599
9198,723
9199,1084
9200,14170
9201,1805
9202,1260
9203,1026
9204,906
9205,1350
9206,919
9207,895
9208,892
9209,755
9210,1888
9211,1870
9212,1452
9213,719
9214,826
9215,941
9216,1125
9217,776
9218,786
9219,920
9220,2195
9221,1225
9222,1991
9223,1143
9224,946
9225,1267
9226,808
9227,1194
9228,986
9229,1097
9230,1392
9231,1002
9232,819
9233,2727
9234,825
9235,1015
9236,629
9237,840
9238,719
9239,728
9240,1418
9241,1646
9242,973
9243,905
9244,947
9245,801
9246,758
9247,806
9248,803
9249,931
9250,3965
9251,948
9252,911
9253,971
9254,593
9255,1433
9256,658
9257,669
9258,881
9259,564
9260,1574
9261,1141
9262,1346
9263,627
9264,750
9265,923
9266,933
9267,836
9268,1193
9269,731
9270,936
9271,851
9272,1017
9273,853
9274,784
9275,882
9276,862
9277,900
9278,863
9279,680
9280,1460
9281,834
9282,1052
9283,1141
9284,778
9285,1038
9286,761
9287,743
9288,1035
9289,606
9290,1788
9291,1056
9292,2764
9293,823
9294,705
9295,887
9296,757
9297,778
9298,702
9299,1124
9300,14106
9301,1448
9302,967
9303,1181
9304,872
9305,1066
9306,751
9307,659
9308,766
9309,724
9310,1968
9311,1342
9312,919
9313,936
9314,890
9315,1017
9316,724
9317,688
9318,696
9319,746
9320,2060
9321,1058
9322,945
9323,743
9324,659
9325,1210
9326,1276
9327,761
9328,986
9329,805
9330,1932
9331,1032
9332,780
9333,2416
9334,726
9335,925
9336,916
9337,848
9338,761
9339,997
9340,1153
9341,857
9342,572
9343,983
9344,983
9345,866
9346,708
9347,670
9348,691
9349,707
9350,2733
9351,1029
9352,726
9353,830
9354,836
9355,1894
9356,679
9357,683
9358,681
9359,509
9360,2731
9361,888
9362,876
9363,748
9364,796
9365,864
9366,707
9367,791
9368,744
9369,762
9370,2091
9371,758
9372,696
9373,741
9374,673
9375,1639
9376,806
9377,977
9378,979
9379,522
9380,1663
9381,935
9382,737
9383,893
9384,880
9385,976
9386,760
9387,785
9388,868
9389,695
9390,1147
9391,792
9392,777
9393,1710
9394,854
9395,777
9396,621
9397,845
9398,835
9399,1157
9400,11134
9401,1420
9402,894
9403,1111
9404,1494
9405,1447
9406,837
9407,772
9408,740
9409,819
9410,1437
9411,1547
9412,762
9413,730
9414,841
9415,1167
9416,696
9417,895
9418,841
9419,946
9420,1371
9421,843
9422,964
9423,704
9424,835
9425,873
9426,596
9427,771
9428,618
9429,719
9430,1425
9431,802
9432,804
9433,871
9434,732
9435,695
9436,650
9437,686
9438,622
9439,649
9440,1695
9441,935
9442,888
9443,1277
9444,1640
9445,917
9446,702
9447,632
9448,909
9449,904
9450,1945
9451,964
9452,839
9453,1036
9454,684
9455,1050
9456,654
9457,786
9458,619
9459,673
9460,1282
9461,636
9462,696
9463,1660
9464,808
9465,1221
9466,856
9467,857
9468,643
9469,610
9470,1060
9471,624
9472,689
9473,804
9474,1444
9475,702
9476,584
9477,935
9478,621
9479,620
9480,1012
9481,768
9482,642
9483,579
9484,687
9485,709
9486,661
9487,679
9488,980
9489,635
9490,1144
9491,641
9492,621
9493,586
9494,1553
9495,816
9496,592
9497,584
9498,615
9499,953
9500,22927
9501,1706
9502,1404
9503,1196
9504,889
9505,2135
9506,830
9507,694
9508,878
9509,728
9510,1658
9511,1157
9512,752
9513,1015
9514,781
9515,1052
9516,888
9517,625
9518,785
9519,624
9520,1601
9521,809
9522,951
9523,939
9524,722
9525,2164
9526,707
9527,864
9528,755
9529,1033
9530,1719
9531,1070
9532,664
9533,798
9534,707
9535,909
9536,746
9537,625
9538,605
9539,748
9540,1343
9541,851
9542,739
9543,721
9544,690
9545,1120
9546,610
9547,681
9548,592
9549,566
9550,4002
9551,937
9552,796
9553,770
9554,709
9555,2951
9556,781
9557,979
9558,791
9559,853
9560,2115
9561,699
9562,555
9563,539
9564,659
9565,865
9566,874
9567,644
9568,831
9569,666
9570,1756
9571,701
9572,616
9573,459
9574,486
9575,1475
9576,540
9577,724
9578,537
9579,531
9580,1353
9581,630
9582,603
9583,601
9584,939
9585,855
9586,527
9587,583
9588,696
9589,473
9590,1621
9591,579
9592,652
9593,614
9594,675
9595,2156
9596,912
9597,558
9598,793
9599,851
9600,27245
9601,1927
9602,1025
9603,1042
9604,1012
9605,933
9606,1306
9607,1011
9608,1022
9609,721
9610,1746
9611,976
9612,733
9613,897
9614,763
9615,789
9616,813
9617,790
9618,644
9619,641
9620,1293
9621,797
9622,2002
9623,720
9624,638
9625,914
9626,877
9627,568
9628,607
9629,766
9630,2162
9631,695
9632,913
9633,867
9634,531
9635,729
9636,675
9637,796
9638,583
9639,730
9640,1276
9641,1073
9642,1148
9643,643
9644,837
9645,1003
9646,912
9647,981
9648,698
9649,581
9650,3146
9651,856
9652,735
9653,867
9654,1083
9655,824
9656,747
9657,612
9658,1038
9659,616
9660,3278
9661,813
9662,5424
9663,1190
9664,743
9665,851
9666,1138
9667,860
9668,847
9669,903
9670,1265
9671,636
9672,658
9673,847
9674,682
9675,1400
9676,676
9677,689
9678,592
9679,1216
9680,919
9681,597
9682,680
9683,569
9684,599
9685,923
9686,914
9687,654
9688,861
9689,611
9690,1283
9691,703
9692,519
9693,671
9694,529
9695,830
9696,1737
9697,832
9698,636
9699,910
9700,15105
9701,1578
9702,942
9703,767
9704,921
9705,1195
9706,970
9707,1035
9708,779
9709,749
9710,1452
9711,1244
9712,1293
9713,655
9714,801
9715,908
9716,744
9717,737
9718,574
9719,567
9720,1551
9721,817
9722,847
9723,753
9724,601
9725,993
9726,749
9727,802
9728,689
9729,781
9730,1007
9731,565
9732,677
9733,880
9734,652
9735,758
9736,566
9737,737
9738,639
9739,600
9740,953
9741,774
9742,695
9743,826
9744,823
9745,827
9746,589
9747,766
9748,580
9749,539
9750,2324
9751,680
9752,616
9753,599
9754,620
9755,1085
9756,695
9757,747
9758,647
9759,478
9760,1066
9761,662
9762,591
9763,842
9764,602
9765,664
9766,755
9767,955
9768,515
9769,610
9770,1269
9771,841
9772,801
9773,700
9774,630
9775,931
9776,702
9777,1973
9778,840
9779,806
9780,2301
9781,673
9782,532
9783,607
9784,653
9785,633
9786,619
9787,818
9788,880
9789,742
9790,1720
9791,976
9792,1083
9793,614
9794,690
9795,937
9796,1645
9797,1533
9798,830
9799,900
9800,17678
9801,1845
9802,1009
9803,849
9804,754
9805,969
9806,801
9807,644
9808,932
9809,711
9810,4431
9811,878
9812,798
9813,733
9814,655
9815,966
9816,755
9817,730
9818,971
9819,742
9820,3024
9821,855
9822,1004
9823,620
9824,642
9825,1190
9826,707
9827,629
9828,869
9829,1013
9830,1305
9831,687
9832,826
9833,844
9834,732
9835,984
9836,758
9837,566
9838,692
9839,655
9840,1546
9841,948
9842,850
9843,766
9844,885
9845,1172
9846,651
9847,638
9848,746
9849,709
9850,2554
9851,748
9852,703
9853,539
9854,614
9855,828
9856,587
9857,687
9858,1142
9859,673
9860,1753
9861,709
9862,522
9863,491
9864,664
9865,637
9866,663
9867,553
9868,745
9869,568
9870,1128
9871,726
9872,539
9873,606
9874,563
9875,910
9876,1218
9877,752
9878,801
9879,778
9880,1536
9881,652
9882,844
9883,592
9884,741
9885,769
9886,761
9887,1029
9888,2035
9889,1076
9890,1306
9891,566
9892,496
9893,559
9894,544
9895,755
9896,568
9897,570
9898,1673
9899,1469
9900,12631
9901,1624
9902,1373
9903,1137
9904,1285
9905,1053
9906,879
9907,816
9908,918
9909,970
9910,1516
9911,1618
9912,874
9913,752
9914,719
9915,866
9916,619
9917,875
9918,798
9919,1036
9920,1262
9921,769
9922,1280
9923,677
9924,703
9925,1054
9926,1201
9927,609
9928,640
9929,805
9930,2185
9931,688
9932,667
9933,1889
9934,686
9935,751
9936,690
9937,522
9938,822
9939,915
9940,1363
9941,735
9942,586
9943,624
9944,1022
9945,1100
9946,718
9947,693
9948,765
9949,882
9950,2197
9951,799
9952,770
9953,636
9954,765
9955,1409
9956,602
9957,631
9958,788
9959,917
9960,2136
9961,776
9962,573
9963,678
9964,660
9965,1067
9966,1455
9967,652
9968,619
9969,835
9970,1248
9971,1023
9972,828
9973,699
9974,632
9975,1070
9976,551
9977,1115
9978,780
9979,831
9980,1607
9981,1541
9982,866
9983,984
9984,1010
9985,969
9986,800
9987,800
9988,1845
9989,1049
9990,2677
9991,1587
9992,1217
9993,1143
9994,1478
9995,2950
9996,1432
9997,1805
9998,2260
9999,30429
10000,94385
