number,count
0,60055161
1,89770397
2,77974271
3,62372306
4,48418475
5,54543597
6,34358566
7,29596914
8,28587017
9,21479598
10,41552540
11,16168490
12,21789590
13,11443750
14,12037518
15,19822521
16,11989535
17,9643394
18,12275497
19,8165490
20,23236359
21,8015819
22,7626674
23,6543222
24,11370904
25,13713546
26,5918213
27,5615772
28,6061301
29,4952305
30,23114223
31,5106211
32,4002603
33,2980664
34,2818377
35,5145807
36,3112870
37,2500573
38,2525364
39,2580956
40,10199231
41,2024235
42,2488982
43,2014021
44,2250323
45,5041721
46,1909817
47,1853882
48,2865663
49,1990040
50,15115325
51,1748847
52,2032108
53,1606152
54,1740702
55,2663585
56,1652435
57,1463140
58,1500162
59,1530950
60,7455943
61,1204517
62,1366422
63,1232989
64,2091557
65,2523150
66,1382412
67,1217129
68,1209030
69,1092281
70,4889425
71,1072131
72,1634098
73,1028772
74,1060009
75,3667955
76,1063313
77,1033487
78,1062474
79,956850
80,5392238
81,959265
82,1025074
83,956831
84,1030797
85,1796757
86,970043
87,914893
88,1065317
89,916767
90,5376800
91,929165
92,983251
93,1013260
94,939581
95,2733570
96,1093623
97,996878
98,1169362
99,3179187
100,16390358
101,1105840
102,702368
103,510086
104,635417
105,685965
106,583981
107,440207
108,536581
109,405489
110,1229714
111,480953
112,524788
113,363658
114,417205
115,549758
116,385455
117,337128
118,376122
119,337194
120,1992864
121,355843
122,371367
123,386493
124,345532
125,951397
126,327632
127,324994
128,509804
129,294061
130,1050492
131,284026
132,329893
133,275940
134,272480
135,472217
136,264905
137,249837
138,270966
139,246614
140,1015859
141,249013
142,254288
143,235118
144,320670
145,365312
146,237751
147,236320
148,229836
149,264595
150,3130242
151,240851
152,254381
153,207560
154,221467
155,315085
156,225307
157,208326
158,204325
159,198613
160,960742
161,218190
162,223621
163,194859
164,202739
165,338663
166,191611
167,190468
168,276808
169,202348
170,615972
171,183118
172,204959
173,175707
174,187340
175,469383
176,191531
177,183174
178,181982
179,191679
180,1192145
181,171864
182,237708
183,270698
184,204032
185,276269
186,171270
187,169151
188,171558
189,178112
190,421668
191,173114
192,274443
193,164597
194,149538
195,249007
196,166384
197,158868
198,157975
199,268002
200,6308871
201,315700
202,352002
203,248350
204,253566
205,289173
206,265354
207,213456
208,257031
209,184584
210,488137
211,199750
212,302560
213,176034
214,215023
215,285725
216,204624
217,171925
218,178783
219,156167
220,616731
221,173304
222,223157
223,177348
224,198740
225,390133
226,164097
227,158301
228,163619
229,153357
230,455382
231,171787
232,205523
233,154936
234,156817
235,215142
236,145830
237,136613
238,144785
239,149995
240,583966
241,139209
242,153155
243,150921
244,136039
245,192565
246,135848
247,142993
248,150064
249,161260
250,2481972
251,143265
252,161478
253,136341
254,152229
255,251949
256,333670
257,122274
258,123465
259,116697
260,367506
261,121514
262,143624
263,122707
264,197545
265,189401
266,119634
267,125207
268,118031
269,122926
270,360084
271,117106
272,130319
273,131565
274,112693
275,271111
276,117132
277,117897
278,113885
279,117775
280,361678
281,127914
282,113000
283,108022
284,110128
285,176216
286,110535
287,121630
288,129932
289,114943
290,216026
291,99325
292,107340
293,110532
294,101193
295,164323
296,103692
297,102531
298,103588
299,187286
300,4393675
301,262436
302,227404
303,207550
304,209638
305,200334
306,159031
307,130731
308,182331
309,122416
310,319490
311,149396
312,192330
313,127906
314,144368
315,181447
316,147892
317,123758
318,126573
319,116910
320,405948
321,136657
322,129010
323,133514
324,117672
325,286001
326,108982
327,110109
328,116009
329,103695
330,331525
331,105693
332,111517
333,178436
334,106524
335,144432
336,124322
337,104140
338,107989
339,91434
340,247371
341,100794
342,101887
343,107943
344,98703
345,146763
346,95162
347,101124
348,92858
349,110827
350,1365083
351,104122
352,114157
353,96699
354,94325
355,128475
356,104241
357,107217
358,92937
359,87905
360,1324846
361,94720
362,91447
363,92328
364,98660
365,808942
366,100779
367,84361
368,86441
369,82879
370,197155
371,86803
372,86351
373,85457
374,76944
375,326240
376,81035
377,87562
378,79199
379,79273
380,228215
381,80003
382,81330
383,84124
384,103760
385,118407
386,89418
387,83454
388,80536
389,78073
390,161396
391,74471
392,80203
393,74432
394,70658
395,124055
396,72452
397,71936
398,70776
399,137928
400,3421166
401,374253
402,154354
403,164730
404,260466
405,164177
406,126886
407,120655
408,123530
409,92223
410,250665
411,117844
412,130111
413,93837
414,108686
415,147732
416,127346
417,96444
418,82820
419,92344
420,278507
421,91639
422,106939
423,88555
424,92116
425,216536
426,82339
427,86778
428,81047
429,90780
430,199538
431,79942
432,99921
433,86332
434,82039
435,118571
436,74057
437,70845
438,76264
439,67066
440,218421
441,83475
442,82259
443,103362
444,98858
445,92732
446,66326
447,71039
448,73335
449,77638
450,746076
451,97138
452,73156
453,71715
454,83200
455,102220
456,79303
457,92225
458,84813
459,67152
460,178565
461,70417
462,72336
463,69460
464,70198
465,92261
466,67220
467,66201
468,69022
469,68111
470,150499
471,70510
472,68660
473,65629
474,63227
475,125348
476,70989
477,66852
478,64558
479,68450
480,266587
481,62093
482,69141
483,69353
484,65722
485,108184
486,77320
487,61608
488,92315
489,60697
490,117314
491,57790
492,59353
493,56842
494,59152
495,114947
496,58531
497,59262
498,58218
499,142346
500,7385500
501,387151
502,132830
503,122509
504,152725
505,129660
506,97674
507,77244
508,125340
509,95712
510,207958
511,80551
512,210394
513,77935
514,81993
515,99828
516,82196
517,69642
518,81998
519,72452
520,199162
521,76889
522,76737
523,65335
524,68430
525,126942
526,72851
527,66226
528,69801
529,120568
530,165454
531,62480
532,73184
533,69351
534,60586
535,87811
536,64121
537,60581
538,62623
539,56662
540,177048
541,79247
542,61049
543,59648
544,63840
545,76319
546,57613
547,57538
548,55348
549,62495
550,412590
551,61020
552,64380
553,57905
554,56945
555,121978
556,58497
557,52418
558,52403
559,57378
560,155552
561,78211
562,65324
563,58151
564,53416
565,70727
566,50025
567,56780
568,52400
569,49586
570,129977
571,60267
572,50319
573,60165
574,55715
575,101875
576,59397
577,55501
578,47633
579,50323
580,211169
581,91600
582,50593
583,49897
584,48473
585,76199
586,57807
587,56800
588,51917
589,48565
590,93420
591,47294
592,46420
593,46256
594,49657
595,75610
596,46503
597,46902
598,46927
599,90980
600,2334582
601,97876
602,102189
603,84114
604,102953
605,87456
606,85635
607,61554
608,80606
609,71112
610,155630
611,59949
612,83422
613,71064
614,72384
615,92966
616,71039
617,86087
618,73389
619,67022
620,163707
621,61934
622,66121
623,55556
624,62199
625,143131
626,69703
627,51047
628,53777
629,48306
630,167094
631,66251
632,63642
633,59006
634,50175
635,68532
636,63862
637,46667
638,49232
639,48902
640,177662
641,51348
642,82261
643,48552
644,53767
645,70878
646,60391
647,56115
648,49175
649,59456
650,463979
651,69999
652,51903
653,45904
654,46947
655,62294
656,52491
657,44915
658,44459
659,45108
660,148104
661,55971
662,54074
663,46874
664,49553
665,55496
666,80409
667,62708
668,48569
669,44402
670,98019
671,44707
672,46526
673,43437
674,42633
675,85574
676,45352
677,44836
678,56422
679,58621
680,126900
681,41339
682,45375
683,42953
684,45187
685,53628
686,46594
687,45608
688,48757
689,41322
690,84686
691,41533
692,43476
693,40550
694,39058
695,64666
696,42538
697,38936
698,39851
699,69995
700,1569966
701,85037
702,103033
703,83363
704,81566
705,72510
706,70503
707,81607
708,61333
709,52705
710,115142
711,59845
712,59328
713,67018
714,68418
715,70106
716,59062
717,65526
718,82352
719,52025
720,206251
721,50973
722,59077
723,45557
724,57473
725,79822
726,46522
727,71034
728,48829
729,45482
730,105324
731,46779
732,70164
733,50077
734,52583
735,57599
736,44086
737,148467
738,40233
739,39446
740,106557
741,45789
742,45813
743,42402
744,49080
745,61428
746,40997
747,110892
748,43214
749,48160
750,684529
751,48555
752,47811
753,44827
754,46468
755,62725
756,41857
757,69765
758,38822
759,36712
760,116623
761,41909
762,43694
763,44436
764,38593
765,64241
766,40366
767,62856
768,82539
769,38440
770,110611
771,41404
772,51051
773,55322
774,42337
775,82881
776,44206
777,136453
778,44058
779,38655
780,110339
781,53831
782,41582
783,39369
784,38869
785,56988
786,45128
787,100398
788,42168
789,42656
790,69403
791,36245
792,40599
793,36647
794,37352
795,57054
796,34499
797,40846
798,38812
799,70406
800,2640496
801,94353
802,299158
803,59587
804,68887
805,80299
806,53411
807,43089
808,107000
809,40913
810,106564
811,51353
812,62606
813,54827
814,51176
815,68540
816,56378
817,54336
818,58832
819,36219
820,113445
821,49058
822,48864
823,41206
824,44431
825,73940
826,44631
827,40418
828,57936
829,43312
830,95505
831,47687
832,52154
833,53519
834,38100
835,63334
836,38543
837,39304
838,38622
839,33821
840,99919
841,40975
842,43696
843,60788
844,88245
845,108409
846,37915
847,61325
848,43706
849,40492
850,322614
851,38206
852,45642
853,39398
854,40851
855,118377
856,47221
857,37482
858,49743
859,43609
860,103348
861,39004
862,38113
863,46049
864,52577
865,53296
866,166154
867,37686
868,39321
869,34852
870,87503
871,41968
872,38519
873,35001
874,35809
875,85668
876,39129
877,168199
878,34912
879,32922
880,96529
881,36314
882,39608
883,40753
884,35579
885,44764
886,36005
887,35532
888,288157
889,36295
890,63074
891,34015
892,33502
893,34958
894,31444
895,50742
896,34719
897,32355
898,34222
899,55449
900,1044940
901,71756
902,63036
903,48301
904,59975
905,69087
906,47199
907,51680
908,51281
909,53417
910,84797
911,451767
912,54695
913,46017
914,54694
915,55198
916,60223
917,51006
918,60893
919,61730
920,126360
921,40769
922,48548
923,36423
924,48385
925,89179
926,37985
927,34993
928,53791
929,39605
930,86494
931,38499
932,37815
933,41843
934,34732
935,48172
936,37859
937,44657
938,32275
939,38093
940,76106
941,49556
942,35162
943,34084
944,44141
945,45057
946,33487
947,32022
948,30974
949,52309
950,204356
951,44125
952,42990
953,31938
954,49698
955,41379
956,37306
957,30543
958,27619
959,33215
960,111669
961,33577
962,36367
963,33250
964,34998
965,45121
966,35148
967,32270
968,36270
969,33018
970,97265
971,37937
972,54753
973,52436
974,32606
975,55434
976,30730
977,32492
978,211864
979,33370
980,94624
981,33259
982,32474
983,30985
984,32854
985,44228
986,32015
987,37092
988,35109
989,37819
990,126180
991,39572
992,35015
993,38061
994,31574
995,88702
996,44616
997,47660
998,42419
999,286278
1000,1962199
1001,80729
1002,64637
1003,25470
1004,26917
1005,24309
1006,23369
1007,64269
1008,22630
1009,16677
1010,58756
1011,26440
1012,25802
1013,18986
1014,21658
1015,25676
1016,119266
1017,22395
1018,19699
1019,14107
1020,49277
1021,28474
1022,17417
1023,22440
1024,96783
1025,19631
1026,14490
1027,13019
1028,12840
1029,26304
1030,37556
1031,45837
1032,12758
1033,18023
1034,11473
1035,16504
1036,10828
1037,14479
1038,42617
1039,12838
1040,61319
1041,13402
1042,13927
1043,10794
1044,11480
1045,16459
1046,12458
1047,9624
1048,9922
1049,12625
1050,64838
1051,12557
1052,11399
1053,12632
1054,13969
1055,15714
1056,14557
1057,10599
1058,9678
1059,9227
1060,40475
1061,11204
1062,10312
1063,12904
1064,14869
1065,15096
1066,37003
1067,11245
1068,11431
1069,9750
1070,45226
1071,11412
1072,14058
1073,21070
1074,13454
1075,14719
1076,9789
1077,16116
1078,10094
1079,10282
1080,165118
1081,10676
1082,9283
1083,11388
1084,10668
1085,12899
1086,27903
1087,10698
1088,19646
1089,13619
1090,21454
1091,10836
1092,9595
1093,27797
1094,13276
1095,27925
1096,11540
1097,18418
1098,22270
1099,83218
1100,192219
1101,30674
1102,21973
1103,19855
1104,19022
1105,17913
1106,15358
1107,14018
1108,15271
1109,22345
1110,30682
1111,66435
1112,17602
1113,13731
1114,13875
1115,30330
1116,13964
1117,12924
1118,13065
1119,11338
1120,30233
1121,13467
1122,16634
1123,12078
1124,11637
1125,19407
1126,19135
1127,12022
1128,20121
1129,10339
1130,28112
1131,11447
1132,11063
1133,11476
1134,9935
1135,13263
1136,17816
1137,11496
1138,11266
1139,9710
1140,19763
1141,10556
1142,10284
1143,9907
1144,10724
1145,15263
1146,11245
1147,10193
1148,9639
1149,11232
1150,40733
1151,12964
1152,14222
1153,10550
1154,10313
1155,18843
1156,10565
1157,9721
1158,10680
1159,11026
1160,17863
1161,12287
1162,9604
1163,10486
1164,9107
1165,10282
1166,9017
1167,17640
1168,7955
1169,9400
1170,19351
1171,9702
1172,15654
1173,10076
1174,8248
1175,16047
1176,11881
1177,20724
1178,8005
1179,9805
1180,18498
1181,9695
1182,11283
1183,8803
1184,8370
1185,13496
1186,24409
1187,10276
1188,9713
1189,11992
1190,17125
1191,10515
1192,11623
1193,8769
1194,10782
1195,10265
1196,7657
1197,8429
1198,10045
1199,21216
1200,438613
1201,23996
1202,26889
1203,14767
1204,23084
1205,16036
1206,18914
1207,13244
1208,14458
1209,12681
1210,26428
1211,14093
1212,22898
1213,15399
1214,13672
1215,24049
1216,14738
1217,11103
1218,11338
1219,11198
1220,27634
1221,14119
1222,17740
1223,16277
1224,13754
1225,20848
1226,12539
1227,13568
1228,11211
1229,10360
1230,28196
1231,11511
1232,10380
1233,10526
1234,37680
1235,13967
1236,10063
1237,9408
1238,9532
1239,8848
1240,21118
1241,10833
1242,13257
1243,10948
1244,13839
1245,15141
1246,10015
1247,9074
1248,10960
1249,10860
1250,71500
1251,10956
1252,14637
1253,12067
1254,12519
1255,12418
1256,11780
1257,10795
1258,10824
1259,8470
1260,27979
1261,9522
1262,8347
1263,9558
1264,9279
1265,11328
1266,9346
1267,9938
1268,9448
1269,7898
1270,19222
1271,11319
1272,11077
1273,14777
1274,11780
1275,16316
1276,9179
1277,9843
1278,8875
1279,13988
1280,63673
1281,8877
1282,10242
1283,9337
1284,11089
1285,10944
1286,7914
1287,8707
1288,8667
1289,8430
1290,20440
1291,12995
1292,10076
1293,9469
1294,8994
1295,14454
1296,13395
1297,9855
1298,9376
1299,15347
1300,249234
1301,21336
1302,18436
1303,14636
1304,15958
1305,16224
1306,14409
1307,14443
1308,13752
1309,11196
1310,23759
1311,12933
1312,13739
1313,15238
1314,13502
1315,14057
1316,11615
1317,9924
1318,9807
1319,8573
1320,26860
1321,11575
1322,12207
1323,11225
1324,11671
1325,21896
1326,11253
1327,13030
1328,10431
1329,9451
1330,22897
1331,11761
1332,15881
1333,18347
1334,11282
1335,12097
1336,9735
1337,15239
1338,8883
1339,8194
1340,19556
1341,10350
1342,10365
1343,10505
1344,11113
1345,12624
1346,11002
1347,10525
1348,12641
1349,11366
1350,43744
1351,10815
1352,8628
1353,9421
1354,8231
1355,10553
1356,8875
1357,8768
1358,7596
1359,7918
1360,16538
1361,9465
1362,8460
1363,8536
1364,9914
1365,14902
1366,20587
1367,9439
1368,15661
1369,8797
1370,15324
1371,23271
1372,8969
1373,10286
1374,7819
1375,12071
1376,8540
1377,11856
1378,8759
1379,8364
1380,18071
1381,10523
1382,10259
1383,8880
1384,9596
1385,11099
1386,11116
1387,9018
1388,10017
1389,10332
1390,14690
1391,10707
1392,14858
1393,9217
1394,20205
1395,13000
1396,10926
1397,11592
1398,8062
1399,12020
1400,189537
1401,20723
1402,16364
1403,13447
1404,14836
1405,13966
1406,12814
1407,9815
1408,12444
1409,9630
1410,19356
1411,11702
1412,11856
1413,9608
1414,12987
1415,17449
1416,9657
1417,9043
1418,9056
1419,8816
1420,22567
1421,10414
1422,11696
1423,9908
1424,10272
1425,13538
1426,7493
1427,8466
1428,8922
1429,9226
1430,21315
1431,11163
1432,9944
1433,11164
1434,9644
1435,11056
1436,9041
1437,9033
1438,9308
1439,8973
1440,55885
1441,12121
1442,9628
1443,8088
1444,11001
1445,10462
1446,9160
1447,8541
1448,7768
1449,8225
1450,42999
1451,10046
1452,11564
1453,17690
1454,8136
1455,11882
1456,8312
1457,8183
1458,7929
1459,8428
1460,18285
1461,10324
1462,9285
1463,8354
1464,7746
1465,8806
1466,7289
1467,9054
1468,8082
1469,10007
1470,15701
1471,15020
1472,10804
1473,10741
1474,8318
1475,13960
1476,9558
1477,9945
1478,8741
1479,7865
1480,17775
1481,8641
1482,11638
1483,15279
1484,9837
1485,15249
1486,8186
1487,8174
1488,10012
1489,8354
1490,14912
1491,10792
1492,33064
1493,13884
1494,12935
1495,12525
1496,8198
1497,10718
1498,11217
1499,15189
1500,609979
1501,22022
1502,20162
1503,16060
1504,15799
1505,15628
1506,14886
1507,11869
1508,13508
1509,15512
1510,23187
1511,16316
1512,15560
1513,15391
1514,12962
1515,22284
1516,16572
1517,17887
1518,12211
1519,16288
1520,38683
1521,19628
1522,15787
1523,12975
1524,15470
1525,21151
1526,14472
1527,14232
1528,12217
1529,12151
1530,28081
1531,12873
1532,12483
1533,13509
1534,14982
1535,18082
1536,26146
1537,12543
1538,14853
1539,14991
1540,28790
1541,17358
1542,16368
1543,14863
1544,11039
1545,16749
1546,12691
1547,15634
1548,11223
1549,15065
1550,43972
1551,11844
1552,12534
1553,16551
1554,11603
1555,18092
1556,12535
1557,12423
1558,16642
1559,15333
1560,23389
1561,12332
1562,12123
1563,13095
1564,16899
1565,18262
1566,13116
1567,12420
1568,13156
1569,12248
1570,21549
1571,15516
1572,15846
1573,13098
1574,10612
1575,15853
1576,11817
1577,12515
1578,11155
1579,11091
1580,21896
1581,12281
1582,17153
1583,12871
1584,13864
1585,16426
1586,12038
1587,13101
1588,18212
1589,12117
1590,21540
1591,12639
1592,16044
1593,12478
1594,12050
1595,14699
1596,14398
1597,13718
1598,16958
1599,17870
1600,291434
1601,25805
1602,23064
1603,37211
1604,25950
1605,24169
1606,21035
1607,26093
1608,20883
1609,22933
1610,31967
1611,23945
1612,19465
1613,16173
1614,15973
1615,18421
1616,22707
1617,14758
1618,17583
1619,18541
1620,36196
1621,21704
1622,18256
1623,19910
1624,17007
1625,24684
1626,16511
1627,14166
1628,18891
1629,16499
1630,31961
1631,18024
1632,19597
1633,18200
1634,19003
1635,21202
1636,17422
1637,17948
1638,19459
1639,18111
1640,41993
1641,18627
1642,27586
1643,17698
1644,27287
1645,19411
1646,15720
1647,15138
1648,23058
1649,19620
1650,55110
1651,17536
1652,16613
1653,16301
1654,16478
1655,17538
1656,16093
1657,14209
1658,15971
1659,14976
1660,43261
1661,18906
1662,20462
1663,16659
1664,19205
1665,22051
1666,24484
1667,19252
1668,15779
1669,15203
1670,26681
1671,14805
1672,17420
1673,15498
1674,16257
1675,20890
1676,16123
1677,14665
1678,15322
1679,15344
1680,32219
1681,16319
1682,17784
1683,19215
1684,16146
1685,23600
1686,15613
1687,16546
1688,24776
1689,24721
1690,26391
1691,15264
1692,22153
1693,15629
1694,16137
1695,18004
1696,14980
1697,16665
1698,15673
1699,20342
1700,186040
1701,32958
1702,24187
1703,25684
1704,22333
1705,19701
1706,20828
1707,25377
1708,20666
1709,25271
1710,30114
1711,19969
1712,19293
1713,19106
1714,22644
1715,27708
1716,18889
1717,24349
1718,21101
1719,17828
1720,35140
1721,19729
1722,22739
1723,21579
1724,19506
1725,24452
1726,18173
1727,22260
1728,20377
1729,18780
1730,34072
1731,17919
1732,22065
1733,22793
1734,19090
1735,22068
1736,20070
1737,21199
1738,20550
1739,18952
1740,34338
1741,22126
1742,20845
1743,22069
1744,21064
1745,30453
1746,23757
1747,21211
1748,23200
1749,23759
1750,78274
1751,22949
1752,27760
1753,28250
1754,27642
1755,35255
1756,27548
1757,25942
1758,29444
1759,29516
1760,43566
1761,24878
1762,26961
1763,36139
1764,27899
1765,32063
1766,26653
1767,27775
1768,30517
1769,33552
1770,51855
1771,28375
1772,34648
1773,33185
1774,40368
1775,66456
1776,95104
1777,48358
1778,41059
1779,37273
1780,58205
1781,40928
1782,41359
1783,50325
1784,41411
1785,42103
1786,38398
1787,55042
1788,51894
1789,79397
1790,72764
1791,53596
1792,58462
1793,55272
1794,50562
1795,54253
1796,49659
1797,50453
1798,60003
1799,54743
1800,441843
1801,63833
1802,54947
1803,70308
1804,61633
1805,59815
1806,58898
1807,52395
1808,54090
1809,64839
1810,74260
1811,55918
1812,130256
1813,60700
1814,70140
1815,86830
1816,62113
1817,60220
1818,70981
1819,67459
1820,105249
1821,72215
1822,62599
1823,59816
1824,71521
1825,79139
1826,64687
1827,63422
1828,69933
1829,69257
1830,134098
1831,78458
1832,87677
1833,77070
1834,80414
1835,90896
1836,95091
1837,101269
1838,86034
1839,88706
1840,157774
1841,100748
1842,89401
1843,87156
1844,93576
1845,103250
1846,99308
1847,101013
1848,132563
1849,104602
1850,221797
1851,133840
1852,101657
1853,102563
1854,114604
1855,115656
1856,112068
1857,124316
1858,114287
1859,122639
1860,213456
1861,219959
1862,216058
1863,193468
1864,193100
1865,212683
1866,127897
1867,140993
1868,138620
1869,130605
1870,212679
1871,156731
1872,138144
1873,131440
1874,127101
1875,143663
1876,142352
1877,126738
1878,132292
1879,136713
1880,258148
1881,172534
1882,151792
1883,146508
1884,147222
1885,168221
1886,162768
1887,156633
1888,174599
1889,175329
1890,248141
1891,187223
1892,173416
1893,179343
1894,164032
1895,192848
1896,187345
1897,177514
1898,199421
1899,190976
1900,517506
1901,253221
1902,217647
1903,225537
1904,227760
1905,251987
1906,243044
1907,232666
1908,255459
1909,232007
1910,357450
1911,337213
1912,301360
1913,279097
1914,401735
1915,339478
1916,339349
1917,389807
1918,420752
1919,330084
1920,564500
1921,262902
1922,275764
1923,269769
1924,268371
1925,283008
1926,272628
1927,281038
1928,290954
1929,338007
1930,483669
1931,269518
1932,284653
1933,339244
1934,310809
1935,317871
1936,336928
1937,333863
1938,350508
1939,437092
1940,537765
1941,409472
1942,406179
1943,364362
1944,433345
1945,597934
1946,396488
1947,436905
1948,485789
1949,400286
1950,683956
1951,359529
1952,382193
1953,403038
1954,415978
1955,426014
1956,449556
1957,442681
1958,453576
1959,464348
1960,787965
1961,505644
1962,539554
1963,563202
1964,616659
1965,639151
1966,602279
1967,720400
1968,760130
1969,728346
1970,1016246
1971,699156
1972,763905
1973,755389
1974,756390
1975,808346
1976,796736
1977,756095
1978,829154
1979,900337
1980,1264685
1981,863246
1982,923065
1983,938730
1984,1054733
1985,1064822
1986,1114755
1987,1100248
1988,1186781
1989,1326029
1990,1737095
1991,1424168
1992,1544393
1993,1550041
1994,1717589
1995,1860154
1996,1990238
1997,2070893
1998,2294066
1999,2534434
2000,4438777
2001,3168667
2002,3165937
2003,3575524
2004,3866331
2005,4366591
2006,4754931
2007,5549420
2008,6582037
2009,6639405
2010,8087615
2011,8131699
2012,9284605
2013,9584053
2014,10477012
2015,11517109
2016,12596982
2017,13243360
2018,15080182
2019,9484200
2020,1832159
2021,367007
2022,308586
2023,166371
2024,143600
2025,279539
2026,85890
2027,45559
2028,40143
2029,20467
2030,388808
2031,18811
2032,18862
2033,18654
2034,14493
2035,50056
2036,16592
2037,11271
2038,11512
2039,7753
2040,79205
2041,10375
2042,8629
2043,6775
2044,7492
2045,21362
2046,7649
2047,8347
2048,48292
2049,18904
2050,216044
2051,6275
2052,6429
2053,5044
2054,5004
2055,8472
2056,7029
2057,4756
2058,4453
2059,4794
2060,25415
2061,6284
2062,4772
2063,9020
2064,4938
2065,7015
2066,5187
2067,5263
2068,4600
2069,4160
2070,19466
2071,5844
2072,5082
2073,4650
2074,4955
2075,8566
2076,4869
2077,9883
2078,3756
2079,3862
2080,28106
2081,4596
2082,3771
2083,4076
2084,4865
2085,4840
2086,3334
2087,3990
2088,4316
2089,3539
2090,8056
2091,3705
2092,3836
2093,3440
2094,3327
2095,4508
2096,3481
2097,4172
2098,3311
2099,10704
2100,122700
2101,11032
2102,8802
2103,8364
2104,9404
2105,10737
2106,9748
2107,7430
2108,7699
2109,5673
2110,13812
2111,8558
2112,11256
2113,5445
2114,6154
2115,8126
2116,5346
2117,5495
2118,9227
2119,4796
2120,10960
2121,9647
2122,5111
2123,4762
2124,4326
2125,6303
2126,3657
2127,3628
2128,4097
2129,3503
2130,9499
2131,5387
2132,3895
2133,8128
2134,4437
2135,5283
2136,3778
2137,3456
2138,4760
2139,5262
2140,9187
2141,4979
2142,6309
2143,3842
2144,4307
2145,4831
2146,3078
2147,4393
2148,3864
2149,3303
2150,14592
2151,5430
2152,4865
2153,3630
2154,4089
2155,6237
2156,3276
2157,3377
2158,3069
2159,3077
2160,27109
2161,4090
2162,2940
2163,2999
2164,3413
2165,4601
2166,3506
2167,3178
2168,2967
2169,3101
2170,6162
2171,3360
2172,3794
2173,3081
2174,3505
2175,4116
2176,2845
2177,3017
2178,3015
2179,2705
2180,5656
2181,3755
2182,3100
2183,2847
2184,2908
2185,3179
2186,2870
2187,3475
2188,2826
2189,2636
2190,4866
2191,3473
2192,3184
2193,2808
2194,2673
2195,3899
2196,3338
2197,2667
2198,2639
2199,5961
2200,92982
2201,9704
2202,7286
2203,5664
2204,5961
2205,7756
2206,5502
2207,4366
2208,5013
2209,4344
2210,10007
2211,7074
2212,6031
2213,4038
2214,4507
2215,6252
2216,5125
2217,4102
2218,4235
2219,3500
2220,9466
2221,5828
2222,15795
2223,5309
2224,4598
2225,6561
2226,3895
2227,4628
2228,4132
2229,4299
2230,8959
2231,6537
2232,4033
2233,5680
2234,3421
2235,4122
2236,3434
2237,3508
2238,3168
2239,3029
2240,7804
2241,5125
2242,4672
2243,3273
2244,6355
2245,4586
2246,3774
2247,3015
2248,3289
2249,3618
2250,17963
2251,4518
2252,3568
2253,4526
2254,7975
2255,11715
2256,3503
2257,4089
2258,2999
2259,3568
2260,6427
2261,4428
2262,3442
2263,3904
2264,3259
2265,4293
2266,3516
2267,3786
2268,2876
2269,2937
2270,5465
2271,3303
2272,5002
2273,5021
2274,2936
2275,4461
2276,2827
2277,4966
2278,3794
2279,2577
2280,9702
2281,4468
2282,3465
2283,3182
2284,3285
2285,3730
2286,2976
2287,3551
2288,3825
2289,2764
2290,7782
2291,2997
2292,2836
2293,2799
2294,2293
2295,3175
2296,2415
2297,2683
2298,2648
2299,4237
2300,70170
2301,8159
2302,5262
2303,4661
2304,7124
2305,6022
2306,4125
2307,9993
2308,4194
2309,3455
2310,8519
2311,5217
2312,5178
2313,4256
2314,4064
2315,4656
2316,3779
2317,3571
2318,3305
2319,3622
2320,7942
2321,4417
2322,4606
2323,6376
2324,3844
2325,4578
2326,3099
2327,3315
2328,3219
2329,3223
2330,7675
2331,3867
2332,3698
2333,5290
2334,5328
2335,4205
2336,3044
2337,4647
2338,2750
2339,2983
2340,9052
2341,3467
2342,3252
2343,3259
2344,3429
2345,8561
2346,2955
2347,3318
2348,2872
2349,3192
2350,11683
2351,3109
2352,3359
2353,3045
2354,2939
2355,4116
2356,2799
2357,3144
2358,2652
2359,3875
2360,5369
2361,2685
2362,2919
2363,2559
2364,2718
2365,3121
2366,3270
2367,2848
2368,2926
2369,2780
2370,4506
2371,3422
2372,3355
2373,3033
2374,2639
2375,4305
2376,2884
2377,3263
2378,2975
2379,2965
2380,5941
2381,3069
2382,2883
2383,3020
2384,2547
2385,3088
2386,2503
2387,2236
2388,2784
2389,2439
2390,3551
2391,3230
2392,4164
2393,2660
2394,3081
2395,4442
2396,2633
2397,2578
2398,2159
2399,3419
2400,97943
2401,7783
2402,4849
2403,3998
2404,4311
2405,4089
2406,3571
2407,3477
2408,3454
2409,3233
2410,6384
2411,4059
2412,5127
2413,3212
2414,3495
2415,3853
2416,2967
2417,2971
2418,2524
2419,3076
2420,6015
2421,3053
2422,3743
2423,3191
2424,6063
2425,4890
2426,2663
2427,3024
2428,2681
2429,2920
2430,5091
2431,3326
2432,2657
2433,3565
2434,2724
2435,3084
2436,3564
2437,2930
2438,2710
2439,2395
2440,6190
2441,3607
2442,3455
2443,2445
2444,3774
2445,3536
2446,2849
2447,3017
2448,4596
2449,3029
2450,10124
2451,3331
2452,2865
2453,2925
2454,3601
2455,3709
2456,3089
2457,2507
2458,2659
2459,2167
2460,5389
2461,2978
2462,2993
2463,2299
2464,2891
2465,3011
2466,2508
2467,2739
2468,2858
2469,2340
2470,3900
2471,2508
2472,3205
2473,2741
2474,2996
2475,3411
2476,3831
2477,3258
2478,2847
2479,2025
2480,4547
2481,2555
2482,2271
2483,2467
2484,2308
2485,2668
2486,2296
2487,2263
2488,2717
2489,3061
2490,3600
2491,2737
2492,2336
2493,2193
2494,2554
2495,3666
2496,2598
2497,2514
2498,2786
2499,5622
2500,285860
2501,7723
2502,4706
2503,4012
2504,3880
2505,4990
2506,3820
2507,3310
2508,3251
2509,3361
2510,7809
2511,4784
2512,3843
2513,3026
2514,3271
2515,3945
2516,3072
2517,2653
2518,3317
2519,3031
2520,10013
2521,3530
2522,3898
2523,3091
2524,2943
2525,8678
2526,3502
2527,2937
2528,2832
2529,2651
2530,5073
2531,3265
2532,3173
2533,2922
2534,2550
2535,3945
2536,2829
2537,2813
2538,2462
2539,2518
2540,6300
2541,3062
2542,2811
2543,2669
2544,2737
2545,3593
2546,2545
2547,2690
2548,2796
2549,2518
2550,10677
2551,4098
2552,4129
2553,4019
2554,2996
2555,6047
2556,2881
2557,3154
2558,2946
2559,3160
2560,28570
2561,3097
2562,3043
2563,2532
2564,2459
2565,2884
2566,2401
2567,2371
2568,2625
2569,2050
2570,3772
2571,2271
2572,1993
2573,2045
2574,2010
2575,3949
2576,2217
2577,2662
2578,2170
2579,2109
2580,4776
2581,2886
2582,2385
2583,2498
2584,2102
2585,2629
2586,2214
2587,2018
2588,2347
2589,2130
2590,3953
2591,2324
2592,3520
2593,2024
2594,1880
2595,2607
2596,2959
2597,2431
2598,2359
2599,2947
2600,89059
2601,6467
2602,3546
2603,3193
2604,3435
2605,4266
2606,3757
2607,3002
2608,2598
2609,2819
2610,5757
2611,3597
2612,3085
2613,2620
2614,2432
2615,3301
2616,3964
2617,2907
2618,2778
2619,2333
2620,5702
2621,2952
2622,3075
2623,2674
2624,2390
2625,4303
2626,4185
2627,2877
2628,2993
2629,2352
2630,5106
2631,3010
2632,2665
2633,2602
2634,2179
2635,3000
2636,2632
2637,2559
2638,2442
2639,2350
2640,5201
2641,2393
2642,2610
2643,2458
2644,2302
2645,2810
2646,2772
2647,1940
2648,2226
2649,1994
2650,9689
2651,2681
2652,2699
2653,2413
2654,1989
2655,3229
2656,2301
2657,2109
2658,2007
2659,1812
2660,4624
2661,2457
2662,2467
2663,2527
2664,2389
2665,3810
2666,6397
2667,3313
2668,2077
2669,2334
2670,3650
2671,2386
2672,2427
2673,2449
2674,2080
2675,2783
2676,2077
2677,2842
2678,1969
2679,2254
2680,4391
2681,2129
2682,2032
2683,2180
2684,1808
2685,2054
2686,2057
2687,2094
2688,2755
2689,1739
2690,3968
2691,2046
2692,1943
2693,1954
2694,1793
2695,3170
2696,1709
2697,2301
2698,2040
2699,3266
2700,54089
2701,5821
2702,3803
2703,3861
2704,4310
2705,3482
2706,3081
2707,2943
2708,2891
2709,2813
2710,5328
2711,3884
2712,3001
2713,2750
2714,2746
2715,4147
2716,2969
2717,2550
2718,2222
2719,2371
2720,5377
2721,3011
2722,3070
2723,2532
2724,2448
2725,2974
2726,2288
2727,4892
2728,2846
2729,2451
2730,4366
2731,2174
2732,3201
2733,2241
2734,2057
2735,3098
2736,2808
2737,3120
2738,2488
2739,2907
2740,3680
2741,2423
2742,2308
2743,2694
2744,2622
2745,2555
2746,1981
2747,2595
2748,1877
2749,1975
2750,11371
2751,2515
2752,2092
2753,2461
2754,1908
2755,2876
2756,2228
2757,2667
2758,1897
2759,1890
2760,4035
2761,2032
2762,1969
2763,2153
2764,2292
2765,2410
2766,2426
2767,3139
2768,1957
2769,1880
2770,4041
2771,2290
2772,2931
2773,2019
2774,1841
2775,3047
2776,2474
2777,3522
2778,2875
2779,1984
2780,3467
2781,2330
2782,2453
2783,2017
2784,1950
2785,2621
2786,1824
2787,5636
2788,2019
2789,2001
2790,2863
2791,1877
2792,1914
2793,1949
2794,1625
2795,2379
2796,1853
2797,1909
2798,1691
2799,2780
2800,57088
2801,5902
2802,3733
2803,3464
2804,3277
2805,3380
2806,2926
2807,2634
2808,3245
2809,2848
2810,4749
2811,4144
2812,2974
2813,2398
2814,2644
2815,3098
2816,2873
2817,2439
2818,2866
2819,2058
2820,4957
2821,2885
2822,3407
2823,2062
2824,4492
2825,3357
2826,2179
2827,2055
2828,4019
2829,2753
2830,3762
2831,2186
2832,2220
2833,2507
2834,2013
2835,3564
2836,2650
2837,1992
2838,2052
2839,1812
2840,4617
2841,2393
2842,2010
2843,1874
2844,2402
2845,2384
2846,2050
2847,2338
2848,3235
2849,1937
2850,8014
2851,2369
2852,2252
2853,2077
2854,1707
2855,2682
2856,1798
2857,2117
2858,2057
2859,1961
2860,4077
2861,1985
2862,1864
2863,1907
2864,1916
2865,3052
2866,2531
2867,1948
2868,2023
2869,2105
2870,2966
2871,2359
2872,2227
2873,2159
2874,1757
2875,2763
2876,1874
2877,2007
2878,1931
2879,1833
2880,9155
2881,2387
2882,2689
2883,2047
2884,1849
2885,2636
2886,2278
2887,1918
2888,3258
2889,2261
2890,3371
2891,2129
2892,2618
2893,2139
2894,1836
2895,2425
2896,1866
2897,1702
2898,1732
2899,2279
2900,30929
2901,4724
2902,3045
2903,3460
2904,2627
2905,3080
2906,2357
2907,2480
2908,2393
2909,2810
2910,4220
2911,3784
2912,2764
2913,2920
2914,2427
2915,3267
2916,2921
2917,2317
2918,2307
2919,2600
2920,7648
2921,3175
2922,2272
2923,2639
2924,2405
2925,3681
2926,2147
2927,2002
2928,1896
2929,4907
2930,4079
2931,1936
2932,2176
2933,3034
2934,1838
2935,2050
2936,2066
2937,2075
2938,1590
2939,1916
2940,4116
2941,2660
2942,1796
2943,2040
2944,2043
2945,2448
2946,1792
2947,1913
2948,1863
2949,1706
2950,8046
2951,2136
2952,1782
2953,2200
2954,1549
2955,2536
2956,1561
2957,1735
2958,2201
2959,1755
2960,7128
2961,1732
2962,2003
2963,1658
2964,1618
2965,2075
2966,1939
2967,1957
2968,1610
2969,1614
2970,3057
2971,1729
2972,1634
2973,1856
2974,1480
2975,2268
2976,2090
2977,1866
2978,1748
2979,1726
2980,3212
2981,1684
2982,1726
2983,1596
2984,1606
2985,1906
2986,1396
2987,1761
2988,2124
2989,1674
2990,3458
2991,1884
2992,2289
2993,1670
2994,1770
2995,3454
2996,2077
2997,2177
2998,2328
2999,6655
3000,589425
3001,13086
3002,6798
3003,7591
3004,5384
3005,5180
3006,5229
3007,3827
3008,9794
3009,4167
3010,9324
3011,4568
3012,4930
3013,3616
3014,3513
3015,5103
3016,3513
3017,2986
3018,3391
3019,3495
3020,9570
3021,3786
3022,3234
3023,2856
3024,3255
3025,4893
3026,2452
3027,2538
3028,2411
3029,2384
3030,12135
3031,3792
3032,2894
3033,3282
3034,2338
3035,3592
3036,2545
3037,2025
3038,2325
3039,2232
3040,7074
3041,2685
3042,2613
3043,2287
3044,2491
3045,3068
3046,2057
3047,2144
3048,2964
3049,2194
3050,10052
3051,2980
3052,2755
3053,3192
3054,2160
3055,3886
3056,2334
3057,2188
3058,1873
3059,1907
3060,5788
3061,2225
3062,2105
3063,2046
3064,1958
3065,2440
3066,2283
3067,2036
3068,2400
3069,1792
3070,4327
3071,2241
3072,4323
3073,2174
3074,2040
3075,2931
3076,1784
3077,2656
3078,1776
3079,1985
3080,5175
3081,2322
3082,1942
3083,2172
3084,1898
3085,2378
3086,1945
3087,1974
3088,2055
3089,1838
3090,3857
3091,2083
3092,1839
3093,1727
3094,1663
3095,2140
3096,2031
3097,1469
3098,1676
3099,2399
3100,39659
3101,7465
3102,4700
3103,3374
3104,3160
3105,4101
3106,3096
3107,2971
3108,3069
3109,4614
3110,6909
3111,5577
3112,3166
3113,3523
3114,3350
3115,4799
3116,2720
3117,2609
3118,2267
3119,2413
3120,7082
3121,6802
3122,2768
3123,2939
3124,2681
3125,5541
3126,2638
3127,2064
3128,3630
3129,1963
3130,5646
3131,5157
3132,3058
3133,3736
3134,2235
3135,3391
3136,2101
3137,2065
3138,1993
3139,1724
3140,4198
3141,3258
3142,2497
3143,2484
3144,2276
3145,2914
3146,2321
3147,2135
3148,1958
3149,1851
3150,8546
3151,2676
3152,1953
3153,2037
3154,1704
3155,2532
3156,2059
3157,2025
3158,1725
3159,1834
3160,3769
3161,2923
3162,2388
3163,2067
3164,1843
3165,2239
3166,6408
3167,1917
3168,2461
3169,1578
3170,3566
3171,2719
3172,1695
3173,1730
3174,2029
3175,2916
3176,1630
3177,1948
3178,1483
3179,1797
3180,3530
3181,2421
3182,1768
3183,1637
3184,1866
3185,2341
3186,1901
3187,2335
3188,2002
3189,2097
3190,2843
3191,2451
3192,1642
3193,1653
3194,4554
3195,2433
3196,1984
3197,1529
3198,1637
3199,2451
3200,83904
3201,7280
3202,3596
3203,2738
3204,2964
3205,3877
3206,2767
3207,2704
3208,2732
3209,2190
3210,5967
3211,4044
3212,3359
3213,2783
3214,2164
3215,3032
3216,2597
3217,2161
3218,2469
3219,2189
3220,5769
3221,3274
3222,3645
3223,3160
3224,2857
3225,3288
3226,2367
3227,2151
3228,2188
3229,2133
3230,4061
3231,2565
3232,4051
3233,3261
3234,1890
3235,2835
3236,1904
3237,1963
3238,1584
3239,2036
3240,4865
3241,3581
3242,2188
3243,2505
3244,1923
3245,2571
3246,1801
3247,2106
3248,1638
3249,1741
3250,8889
3251,2551
3252,2332
3253,1896
3254,1971
3255,2698
3256,1821
3257,1818
3258,1901
3259,1600
3260,3775
3261,2538
3262,2101
3263,1676
3264,3241
3265,2209
3266,1855
3267,1855
3268,1936
3269,1715
3270,5641
3271,1705
3272,2411
3273,1572
3274,1986
3275,2323
3276,2061
3277,1882
3278,2120
3279,1806
3280,3874
3281,2176
3282,3012
3283,1627
3284,1531
3285,2078
3286,1598
3287,1822
3288,2032
3289,1586
3290,2624
3291,1463
3292,1864
3293,1584
3294,1571
3295,1863
3296,1426
3297,1522
3298,1460
3299,3303
3300,41314
3301,6909
3302,3608
3303,3896
3304,3303
3305,3062
3306,5353
3307,3498
3308,2434
3309,2971
3310,15225
3311,4978
3312,2593
3313,3901
3314,2626
3315,3037
3316,2257
3317,2657
3318,2559
3319,2368
3320,4705
3321,2988
3322,3855
3323,2404
3324,2149
3325,3244
3326,2118
3327,2055
3328,2270
3329,1736
3330,6877
3331,3335
3332,2774
3333,15450
3334,2894
3335,2905
3336,2250
3337,2423
3338,2269
3339,2644
3340,4130
3341,2196
3342,2798
3343,2819
3344,3394
3345,2674
3346,2021
3347,1671
3348,1925
3349,1640
3350,8792
3351,2261
3352,1964
3353,2290
3354,2140
3355,3256
3356,1644
3357,1593
3358,1620
3359,2005
3360,4391
3361,1927
3362,2709
3363,2068
3364,1689
3365,2356
3366,3267
3367,1682
3368,1849
3369,1955
3370,3299
3371,2258
3372,1763
3373,1948
3374,1454
3375,3460
3376,1838
3377,2620
3378,1875
3379,1769
3380,3259
3381,1874
3382,1776
3383,1776
3384,1594
3385,1701
3386,1589
3387,1431
3388,2388
3389,8153
3390,6692
3391,1963
3392,1444
3393,1963
3394,1473
3395,1857
3396,1788
3397,2169
3398,1440
3399,3296
3400,34241
3401,4849
3402,4630
3403,2423
3404,2790
3405,2783
3406,3891
3407,3044
3408,2193
3409,1908
3410,3743
3411,3117
3412,2993
3413,1848
3414,2046
3415,2282
3416,1768
3417,1906
3418,1615
3419,1481
3420,3870
3421,2209
3422,1959
3423,1820
3424,2172
3425,2367
3426,1713
3427,1768
3428,1422
3429,1565
3430,3027
3431,1881
3432,1789
3433,1919
3434,3102
3435,2430
3436,1573
3437,1583
3438,1525
3439,1558
3440,4868
3441,1941
3442,1920
3443,1992
3444,3172
3445,2153
3446,1536
3447,1670
3448,1770
3449,1711
3450,7641
3451,2147
3452,1922
3453,1563
3454,2591
3455,2078
3456,5346
3457,2307
3458,1855
3459,1468
3460,2726
3461,1700
3462,1491
3463,2584
3464,1923
3465,1845
3466,1971
3467,1619
3468,1655
3469,1392
3470,3038
3471,1694
3472,1686
3473,1643
3474,2209
3475,2744
3476,1447
3477,1921
3478,1703
3479,1301
3480,2990
3481,1548
3482,1452
3483,1555
3484,1570
3485,1519
3486,1324
3487,1335
3488,2508
3489,1429
3490,2665
3491,1608
3492,1232
3493,1229
3494,1374
3495,2147
3496,1190
3497,1337
3498,1284
3499,2653
3500,141651
3501,5204
3502,2749
3503,2319
3504,2661
3505,2995
3506,2277
3507,1731
3508,2093
3509,1986
3510,4359
3511,2757
3512,2356
3513,2028
3514,2283
3515,2479
3516,1961
3517,2142
3518,1644
3519,1718
3520,5812
3521,2503
3522,2052
3523,1786
3524,2118
3525,2667
3526,1612
3527,1555
3528,2518
3529,1722
3530,3240
3531,1867
3532,2028
3533,1792
3534,1517
3535,4379
3536,1930
3537,2820
3538,1661
3539,1534
3540,6152
3541,1943
3542,2128
3543,1814
3544,1615
3545,2196
3546,1423
3547,1636
3548,1875
3549,1376
3550,7161
3551,2160
3552,1829
3553,4533
3554,1411
3555,3644
3556,1651
3557,1548
3558,1511
3559,1478
3560,4210
3561,1596
3562,1303
3563,1320
3564,1413
3565,1914
3566,1687
3567,1511
3568,1555
3569,1314
3570,3131
3571,2072
3572,1464
3573,1359
3574,1470
3575,2192
3576,1467
3577,1653
3578,1635
3579,1397
3580,2873
3581,1642
3582,2505
3583,1946
3584,2334
3585,1980
3586,1510
3587,1340
3588,1862
3589,1328
3590,3424
3591,1692
3592,1808
3593,1282
3594,1374
3595,1910
3596,1206
3597,1526
3598,1677
3599,2584
3600,56297
3601,3930
3602,2659
3603,2414
3604,2382
3605,2233
3606,2200
3607,1581
3608,1694
3609,1707
3610,3362
3611,2174
3612,1796
3613,1586
3614,1629
3615,2370
3616,1691
3617,1573
3618,1442
3619,1483
3620,3338
3621,2280
3622,1849
3623,1526
3624,1984
3625,2129
3626,2393
3627,1947
3628,1731
3629,1331
3630,3849
3631,1848
3632,2219
3633,3003
3634,1306
3635,1980
3636,3284
3637,1901
3638,1559
3639,1802
3640,3147
3641,1673
3642,1553
3643,1312
3644,1587
3645,1617
3646,2093
3647,1945
3648,1964
3649,1425
3650,8099
3651,1754
3652,1454
3653,1377
3654,1356
3655,1957
3656,1458
3657,1414
3658,1397
3659,1378
3660,3425
3661,1668
3662,1317
3663,2939
3664,1671
3665,1757
3666,1852
3667,1956
3668,1961
3669,1515
3670,2223
3671,1468
3672,1506
3673,1856
3674,1435
3675,2063
3676,2220
3677,1358
3678,1477
3679,1265
3680,2801
3681,1455
3682,1264
3683,1469
3684,1190
3685,1356
3686,1444
3687,1244
3688,1799
3689,1333
3690,2101
3691,1638
3692,1232
3693,1249
3694,1105
3695,1550
3696,1645
3697,1359
3698,1322
3699,1943
3700,28862
3701,4365
3702,2274
3703,1870
3704,2229
3705,2369
3706,2697
3707,1724
3708,1930
3709,1937
3710,3066
3711,3242
3712,1816
3713,1796
3714,1731
3715,2018
3716,1526
3717,2278
3718,1911
3719,1672
3720,3521
3721,2131
3722,1800
3723,1527
3724,1659
3725,2031
3726,1500
3727,1739
3728,1600
3729,2459
3730,6409
3731,2071
3732,1800
3733,3989
3734,1520
3735,1863
3736,1374
3737,3491
3738,1452
3739,1484
3740,2352
3741,1543
3742,2391
3743,2967
3744,2169
3745,2625
3746,1807
3747,1437
3748,1674
3749,1335
3750,10654
3751,2015
3752,1679
3753,1409
3754,1345
3755,2406
3756,1475
3757,1467
3758,1791
3759,1241
3760,2680
3761,1832
3762,1543
3763,1345
3764,1403
3765,1655
3766,1436
3767,1587
3768,1222
3769,1363
3770,3447
3771,1451
3772,1536
3773,1899
3774,1610
3775,2060
3776,2367
3777,2648
3778,1567
3779,1856
3780,2630
3781,1622
3782,1523
3783,1235
3784,1344
3785,1543
3786,1335
3787,1500
3788,1485
3789,1293
3790,2154
3791,2326
3792,1150
3793,1251
3794,1142
3795,1520
3796,1239
3797,1604
3798,1276
3799,1770
3800,34111
3801,4370
3802,2163
3803,1886
3804,1595
3805,2157
3806,1730
3807,1515
3808,2232
3809,1586
3810,3411
3811,2235
3812,1957
3813,1584
3814,1620
3815,1874
3816,1526
3817,1531
3818,1552
3819,1305
3820,3692
3821,1968
3822,1889
3823,1732
3824,1681
3825,2230
3826,1741
3827,1404
3828,1636
3829,1410
3830,3184
3831,1824
3832,1454
3833,2383
3834,2396
3835,1997
3836,1194
3837,1355
3838,3268
3839,1746
3840,15354
3841,1731
3842,1810
3843,1264
3844,2096
3845,2152
3846,1418
3847,1810
3848,1630
3849,1599
3850,6652
3851,1574
3852,1428
3853,1274
3854,1276
3855,2224
3856,1268
3857,1934
3858,1469
3859,2047
3860,2758
3861,1592
3862,1450
3863,1523
3864,1542
3865,1518
3866,1479
3867,1344
3868,1412
3869,1235
3870,3530
3871,1287
3872,1664
3873,1482
3874,1368
3875,1638
3876,1355
3877,1492
3878,1626
3879,1099
3880,3609
3881,1347
3882,1237
3883,1750
3884,1226
3885,1464
3886,1279
3887,1387
3888,3202
3889,1380
3890,1958
3891,1184
3892,1554
3893,1408
3894,1200
3895,1341
3896,1182
3897,1445
3898,1281
3899,1423
3900,21147
3901,3346
3902,2117
3903,2758
3904,1684
3905,2195
3906,1693
3907,1646
3908,1535
3909,1983
3910,2486
3911,2284
3912,1730
3913,1492
3914,1457
3915,1860
3916,1501
3917,1415
3918,1746
3919,1578
3920,3016
3921,2255
3922,2178
3923,1440
3924,1617
3925,1795
3926,1597
3927,1247
3928,1330
3929,1506
3930,2400
3931,1616
3932,1304
3933,1449
3934,5699
3935,1482
3936,1361
3937,2390
3938,1154
3939,2707
3940,2646
3941,1411
3942,1146
3943,1163
3944,1208
3945,2648
3946,1092
3947,1300
3948,1058
3949,1489
3950,4280
3951,1298
3952,1257
3953,1294
3954,1279
3955,1842
3956,1272
3957,982
3958,1556
3959,2101
3960,2615
3961,1227
3962,1797
3963,1095
3964,1209
3965,1366
3966,1623
3967,1142
3968,1148
3969,1661
3970,2057
3971,1637
3972,1169
3973,970
3974,1130
3975,1570
3976,1185
3977,1199
3978,1524
3979,1323
3980,2089
3981,1147
3982,1273
3983,1080
3984,1353
3985,1590
3986,1731
3987,1418
3988,1419
3989,1298
3990,2550
3991,1252
3992,1257
3993,1492
3994,1471
3995,2251
3996,1557
3997,1392
3998,1530
3999,4379
4000,344238
4001,9502
4002,4409
4003,4346
4004,7360
4005,4482
4006,3534
4007,3414
4008,3401
4009,2459
4010,6664
4011,4168
4012,3186
4013,3651
4014,3700
4015,3203
4016,2461
4017,3264
4018,2178
4019,1855
4020,6790
4021,2490
4022,2512
4023,2169
4024,2211
4025,2666
4026,2145
4027,1789
4028,1825
4029,1847
4030,4294
4031,2403
4032,2862
4033,2999
4034,1921
4035,2117
4036,1577
4037,1615
4038,2275
4039,2111
4040,7399
4041,2820
4042,1962
4043,2114
4044,2186
4045,2237
4046,2045
4047,2121
4048,1633
4049,2439
4050,7309
4051,3268
4052,1721
4053,2219
4054,1664
4055,2327
4056,1499
4057,1437
4058,1475
4059,1510
4060,4461
4061,2408
4062,1859
4063,1388
4064,2107
4065,1767
4066,2157
4067,1819
4068,1483
4069,1604
4070,3030
4071,1631
4072,1716
4073,1323
4074,1587
4075,1928
4076,1375
4077,1863
4078,1420
4079,1370
4080,3440
4081,2048
4082,1448
4083,1305
4084,1394
4085,1464
4086,1327
4087,1197
4088,1954
4089,1175
4090,2628
4091,1354
4092,1544
4093,1511
4094,1788
4095,3497
4096,28872
4097,1770
4098,1563
4099,2903
4100,24646
4101,4605
4102,3643
4103,4192
4104,2560
4105,2582
4106,2116
4107,1927
4108,2050
4109,1884
4110,3822
4111,5100
4112,2555
4113,2125
4114,2164
4115,2533
4116,2308
4117,1729
4118,1673
4119,1503
4120,3671
4121,2840
4122,2372
4123,2778
4124,1740
4125,2636
4126,1357
4127,1594
4128,2000
4129,1714
4130,8014
4131,2174
4132,1486
4133,1684
4134,1413
4135,2212
4136,1618
4137,1617
4138,1497
4139,1278
4140,6468
4141,4489
4142,2092
4143,1632
4144,1704
4145,1845
4146,1337
4147,1358
4148,1443
4149,1284
4150,5456
4151,2353
4152,1486
4153,1469
4154,1264
4155,2172
4156,1425
4157,1390
4158,1367
4159,1550
4160,3625
4161,2343
4162,1320
4163,1509
4164,1399
4165,1725
4166,1592
4167,1862
4168,1235
4169,1445
4170,2271
4171,1807
4172,1805
4173,1461
4174,1299
4175,1946
4176,1253
4177,1413
4178,1231
4179,1414
4180,2455
4181,1743
4182,1208
4183,1391
4184,1232
4185,1455
4186,1329
4187,1311
4188,1355
4189,1027
4190,1751
4191,1583
4192,1310
4193,1170
4194,1201
4195,1475
4196,1097
4197,1088
4198,1174
4199,1645
4200,37776
4201,3381
4202,3570
4203,2070
4204,1877
4205,2058
4206,1622
4207,1767
4208,1753
4209,1548
4210,4077
4211,2844
4212,2736
4213,1768
4214,2012
4215,2618
4216,1720
4217,3755
4218,1404
4219,1372
4220,3470
4221,2445
4222,3340
4223,1692
4224,2358
4225,2467
4226,1832
4227,3538
4228,1735
4229,1708
4230,2804
4231,2331
4232,1896
4233,1861
4234,1520
4235,1471
4236,4385
4237,1491
4238,1222
4239,1306
4240,3064
4241,1793
4242,4160
4243,1844
4244,2474
4245,1701
4246,1329
4247,1686
4248,1270
4249,1403
4250,6111
4251,1652
4252,1452
4253,1683
4254,1396
4255,1652
4256,1403
4257,1238
4258,1313
4259,1113
4260,2446
4261,1590
4262,1695
4263,1594
4264,1352
4265,1506
4266,1402
4267,1327
4268,1438
4269,1347
4270,2123
4271,1858
4272,1586
4273,1185
4274,1317
4275,1794
4276,1291
4277,1539
4278,1421
4279,1298
4280,2308
4281,1324
4282,1513
4283,1234
4284,1121
4285,1407
4286,1258
4287,2023
4288,1463
4289,1160
4290,1946
4291,1397
4292,1496
4293,1096
4294,1195
4295,1446
4296,1128
4297,1199
4298,1096
4299,1521
4300,22788
4301,4380
4302,2429
4303,2227
4304,1710
4305,2091
4306,1830
4307,1556
4308,1906
4309,1339
4310,3091
4311,2595
4312,2262
4313,1751
4314,1621
4315,1989
4316,1386
4317,1513
4318,1428
4319,1634
4320,4905
4321,4758
4322,2085
4323,1645
4324,2016
4325,2363
4326,2593
4327,1591
4328,1627
4329,1318
4330,3283
4331,3005
4332,1883
4333,2781
4334,1772
4335,1827
4336,1395
4337,1487
4338,1895
4339,1216
4340,4435
4341,1576
4342,1418
4343,2986
4344,1780
4345,1846
4346,1290
4347,1362
4348,1351
4349,1484
4350,5551
4351,1555
4352,1432
4353,1567
4354,1266
4355,1758
4356,1545
4357,7001
4358,1389
4359,1036
4360,3011
4361,1638
4362,1457
4363,1308
4364,1508
4365,1400
4366,1543
4367,1235
4368,1433
4369,1142
4370,2260
4371,1391
4372,1346
4373,1476
4374,1171
4375,2570
4376,1505
4377,1500
4378,1030
4379,1010
4380,2120
4381,1351
4382,1069
4383,1114
4384,1339
4385,1122
4386,1485
4387,1009
4388,1379
4389,1144
4390,1660
4391,2076
4392,1227
4393,1195
4394,1016
4395,1319
4396,1040
4397,991
4398,1200
4399,1674
4400,27986
4401,3826
4402,3035
4403,1718
4404,2688
4405,1793
4406,2222
4407,1515
4408,1647
4409,1424
4410,3054
4411,3656
4412,2665
4413,1488
4414,2287
4415,2146
4416,1688
4417,1597
4418,1395
4419,2035
4420,2739
4421,1761
4422,2818
4423,2298
4424,1748
4425,2097
4426,1344
4427,1429
4428,1382
4429,1513
4430,3013
4431,1647
4432,1621
4433,2451
4434,1731
4435,2816
4436,1318
4437,1679
4438,1769
4439,1338
4440,3679
4441,2469
4442,1776
4443,2185
4444,11796
4445,2176
4446,1598
4447,1462
4448,1938
4449,2618
4450,3843
4451,1536
4452,1337
4453,1885
4454,1292
4455,3397
4456,1424
4457,1474
4458,1331
4459,1052
4460,2802
4461,1402
4462,1469
4463,1278
4464,1903
4465,1431
4466,1936
4467,1138
4468,1243
4469,1160
4470,2393
4471,1695
4472,1859
4473,3805
4474,1460
4475,1392
4476,1568
4477,2124
4478,1321
4479,993
4480,2403
4481,1255
4482,1203
4483,1637
4484,2046
4485,1691
4486,1345
4487,1321
4488,2269
4489,1037
4490,2434
4491,1193
4492,1111
4493,1150
4494,1148
4495,1489
4496,1150
4497,1065
4498,1131
4499,2171
4500,81857
4501,3787
4502,2385
4503,2914
4504,1928
4505,3003
4506,3508
4507,1687
4508,1520
4509,1586
4510,3465
4511,3315
4512,1935
4513,1655
4514,1368
4515,1942
4516,1416
4517,1250
4518,1181
4519,1339
4520,3696
4521,1833
4522,1751
4523,1258
4524,1541
4525,1960
4526,1153
4527,1206
4528,1233
4529,1803
4530,2862
4531,1400
4532,1494
4533,1494
4534,1090
4535,1603
4536,1330
4537,1205
4538,1247
4539,1290
4540,2264
4541,1452
4542,1235
4543,1369
4544,1561
4545,3449
4546,1352
4547,1368
4548,1379
4549,1116
4550,5012
4551,2184
4552,1190
4553,1271
4554,1465
4555,2774
4556,1532
4557,1371
4558,1630
4559,1167
4560,2463
4561,1243
4562,1762
4563,1306
4564,1153
4565,1612
4566,1544
4567,3953
4568,1171
4569,1670
4570,2224
4571,1605
4572,1417
4573,1220
4574,969
4575,2066
4576,1202
4577,1423
4578,1007
4579,1152
4580,1804
4581,1155
4582,1382
4583,1037
4584,1016
4585,1306
4586,1117
4587,1299
4588,1211
4589,975
4590,2260
4591,1164
4592,1361
4593,981
4594,1066
4595,1249
4596,969
4597,911
4598,1008
4599,1373
4600,24543
4601,2703
4602,1717
4603,1404
4604,1208
4605,1784
4606,1561
4607,1409
4608,1991
4609,1428
4610,2836
4611,1975
4612,1479
4613,1329
4614,1604
4615,1490
4616,1601
4617,1306
4618,1173
4619,1314
4620,2655
4621,1448
4622,1641
4623,1460
4624,1538
4625,2183
4626,1725
4627,1267
4628,1388
4629,1133
4630,2920
4631,1417
4632,1495
4633,1495
4634,1437
4635,1568
4636,3900
4637,1349
4638,1144
4639,1139
4640,2469
4641,1266
4642,1373
4643,1179
4644,1524
4645,1653
4646,2812
4647,1739
4648,1501
4649,1207
4650,5210
4651,1577
4652,1378
4653,2168
4654,1145
4655,1914
4656,1368
4657,1216
4658,1326
4659,1034
4660,2480
4661,1527
4662,1504
4663,2293
4664,1422
4665,1386
4666,1824
4667,1477
4668,1256
4669,1121
4670,3007
4671,1232
4672,1114
4673,3084
4674,1107
4675,1466
4676,1089
4677,1348
4678,1292
4679,948
4680,2196
4681,1611
4682,1018
4683,1137
4684,1450
4685,1203
4686,1215
4687,1075
4688,1432
4689,1068
4690,2050
4691,1376
4692,973
4693,898
4694,1119
4695,1123
4696,1290
4697,1053
4698,918
4699,1227
4700,19578
4701,2802
4702,1540
4703,1693
4704,1797
4705,1714
4706,1165
4707,1756
4708,1311
4709,1294
4710,2484
4711,3462
4712,1589
4713,1720
4714,1283
4715,2755
4716,1141
4717,1384
4718,1082
4719,1218
4720,2704
4721,1476
4722,1886
4723,1866
4724,1265
4725,2212
4726,1301
4727,1678
4728,1163
4729,1838
4730,2336
4731,1734
4732,1638
4733,1523
4734,1316
4735,1667
4736,1519
4737,1330
4738,1042
4739,999
4740,2236
4741,1685
4742,1112
4743,1145
4744,1334
4745,1249
4746,1134
4747,3314
4748,1306
4749,1056
4750,4791
4751,1379
4752,1353
4753,1116
4754,1170
4755,1871
4756,1030
4757,1437
4758,1224
4759,1027
4760,2022
4761,1330
4762,1211
4763,1155
4764,1020
4765,1441
4766,1369
4767,1102
4768,1119
4769,1491
4770,3174
4771,1507
4772,1388
4773,1224
4774,1500
4775,1545
4776,1259
4777,2768
4778,1092
4779,1064
4780,2032
4781,1077
4782,1046
4783,1149
4784,959
4785,971
4786,996
4787,1215
4788,1397
4789,1153
4790,2276
4791,1275
4792,1038
4793,864
4794,795
4795,993
4796,814
4797,1519
4798,762
4799,1712
4800,36089
4801,3618
4802,1604
4803,1277
4804,1307
4805,1625
4806,1327
4807,1206
4808,1374
4809,1052
4810,2865
4811,1761
4812,1362
4813,1144
4814,1261
4815,1392
4816,1211
4817,1065
4818,1429
4819,1591
4820,2803
4821,1193
4822,1655
4823,1106
4824,1325
4825,1596
4826,1009
4827,1347
4828,1225
4829,989
4830,2527
4831,1355
4832,1207
4833,1563
4834,993
4835,1495
4836,1187
4837,1216
4838,1145
4839,971
4840,2065
4841,1599
4842,1146
4843,1214
4844,1408
4845,1298
4846,1044
4847,1161
4848,3105
4849,1678
4850,6085
4851,1163
4852,1429
4853,1162
4854,1146
4855,1288
4856,1348
4857,1075
4858,1128
4859,1040
4860,2156
4861,1438
4862,1168
4863,1048
4864,1160
4865,1074
4866,1045
4867,1331
4868,3743
4869,1304
4870,5118
4871,1175
4872,1422
4873,922
4874,904
4875,1472
4876,1093
4877,1313
4878,2530
4879,991
4880,2669
4881,1225
4882,1040
4883,969
4884,1543
4885,1195
4886,1023
4887,1261
4888,2531
4889,1221
4890,2579
4891,916
4892,992
4893,829
4894,906
4895,1385
4896,993
4897,1018
4898,1022
4899,1479
4900,15250
4901,3105
4902,1620
4903,1506
4904,1273
4905,1901
4906,1180
4907,1250
4908,1014
4909,1626
4910,2052
4911,2327
4912,1500
4913,1305
4914,1121
4915,1684
4916,1076
4917,1109
4918,1094
4919,1307
4920,2063
4921,1534
4922,1488
4923,1215
4924,1114
4925,1556
4926,1342
4927,1145
4928,1524
4929,1559
4930,2068
4931,1196
4932,1091
4933,1717
4934,975
4935,1139
4936,1071
4937,1017
4938,1023
4939,1370
4940,1930
4941,1502
4942,1406
4943,1270
4944,1590
4945,1795
4946,1061
4947,1272
4948,1217
4949,2610
4950,3862
4951,1216
4952,1258
4953,992
4954,955
4955,1416
4956,1072
4957,972
4958,1327
4959,1145
4960,2283
4961,1154
4962,971
4963,978
4964,937
4965,1328
4966,1178
4967,1106
4968,1196
4969,1017
4970,1869
4971,1044
4972,991
4973,883
4974,1093
4975,2434
4976,1045
4977,1028
4978,797
4979,1043
4980,1934
4981,1064
4982,1050
4983,1071
4984,1029
4985,1260
4986,1072
4987,851
4988,1187
4989,1052
4990,2676
4991,1286
4992,1162
4993,1164
4994,1260
4995,1799
4996,1115
4997,1469
4998,1192
4999,5497
5000,543744
5001,8852
5002,4342
5003,3259
5004,2997
5005,4729
5006,2529
5007,2596
5008,4968
5009,2305
5010,7986
5011,2979
5012,2261
5013,1986
5014,4293
5015,3566
5016,1688
5017,1649
5018,1762
5019,1555
5020,5630
5021,2045
5022,1986
5023,1614
5024,1729
5025,2276
5026,1464
5027,1401
5028,1209
5029,1415
5030,4457
5031,1590
5032,1542
5033,1782
5034,1409
5035,1826
5036,1698
5037,1229
5038,1236
5039,1139
5040,4539
5041,1505
5042,1224
5043,1491
5044,1416
5045,1862
5046,1251
5047,1203
5048,1303
5049,1164
5050,12643
5051,2148
5052,3401
5053,1425
5054,1445
5055,2887
5056,1691
5057,1393
5058,1218
5059,1543
5060,5328
5061,2430
5062,1282
5063,1184
5064,1225
5065,1738
5066,1863
5067,1524
5068,1358
5069,1291
5070,2963
5071,1110
5072,1210
5073,1163
5074,1082
5075,1878
5076,1158
5077,1215
5078,994
5079,1014
5080,3328
5081,1207
5082,1194
5083,2060
5084,1248
5085,1505
5086,1501
5087,1079
5088,1809
5089,1758
5090,2592
5091,1175
5092,1159
5093,985
5094,844
5095,1376
5096,1306
5097,983
5098,1117
5099,1310
5100,25410
5101,4461
5102,2592
5103,2202
5104,1811
5105,2158
5106,1735
5107,2034
5108,1784
5109,1358
5110,4770
5111,4035
5112,2010
5113,1454
5114,2689
5115,2327
5116,1488
5117,1455
5118,1755
5119,1578
5120,4958
5121,2189
5122,2049
5123,1942
5124,1413
5125,2165
5126,1553
5127,1307
5128,1439
5129,1041
5130,3356
5131,1805
5132,1389
5133,1499
5134,1226
5135,1355
5136,1313
5137,1152
5138,988
5139,1384
5140,2860
5141,1432
5142,1324
5143,1151
5144,1224
5145,1526
5146,1395
5147,1203
5148,1145
5149,1306
5150,11511
5151,3676
5152,1837
5153,1856
5154,1209
5155,2397
5156,1419
5157,1165
5158,1125
5159,1146
5160,4909
5161,1870
5162,1296
5163,1151
5164,1210
5165,1543
5166,1281
5167,1454
5168,1169
5169,982
5170,2546
5171,1573
5172,1193
5173,1019
5174,1046
5175,1402
5176,1295
5177,1078
5178,934
5179,863
5180,2247
5181,1252
5182,1185
5183,998
5184,1419
5185,1211
5186,968
5187,991
5188,1262
5189,950
5190,2122
5191,1672
5192,947
5193,1187
5194,11436
5195,1593
5196,995
5197,1094
5198,1177
5199,1921
5200,36754
5201,3112
5202,1884
5203,1668
5204,1797
5205,2063
5206,1463
5207,1424
5208,1684
5209,1297
5210,4068
5211,2917
5212,1715
5213,1348
5214,1402
5215,1555
5216,1334
5217,1245
5218,1405
5219,1466
5220,4434
5221,1758
5222,3077
5223,1745
5224,1722
5225,2912
5226,1502
5227,1513
5228,1400
5229,1247
5230,3744
5231,1335
5232,1413
5233,2592
5234,1314
5235,1902
5236,1240
5237,1170
5238,1189
5239,1218
5240,2246
5241,1221
5242,1459
5243,1372
5244,1582
5245,1700
5246,1362
5247,1293
5248,1178
5249,1076
5250,8047
5251,1702
5252,2853
5253,1691
5254,1203
5255,2035
5256,1172
5257,1281
5258,1182
5259,1031
5260,2101
5261,1265
5262,1306
5263,1432
5264,944
5265,1074
5266,1641
5267,1239
5268,1049
5269,1129
5270,1950
5271,1189
5272,1382
5273,1215
5274,972
5275,1599
5276,954
5277,1408
5278,1149
5279,875
5280,7546
5281,2748
5282,1286
5283,1624
5284,932
5285,1618
5286,852
5287,1021
5288,1282
5289,996
5290,1683
5291,1595
5292,1593
5293,1049
5294,961
5295,1173
5296,1414
5297,1293
5298,914
5299,1352
5300,22967
5301,3613
5302,1975
5303,2031
5304,1644
5305,2296
5306,1629
5307,1869
5308,1308
5309,2087
5310,3964
5311,2484
5312,2167
5313,1479
5314,1383
5315,1779
5316,1417
5317,1191
5318,1186
5319,1190
5320,3521
5321,2171
5322,2107
5323,1848
5324,1523
5325,2052
5326,1569
5327,1233
5328,1485
5329,1651
5330,2779
5331,1636
5332,1393
5333,3080
5334,1516
5335,1875
5336,1401
5337,1392
5338,1133
5339,1156
5340,2464
5341,1343
5342,1202
5343,1573
5344,1281
5345,1622
5346,1205
5347,1162
5348,1179
5349,1206
5350,3544
5351,1467
5352,1383
5353,3880
5354,1346
5355,1883
5356,1457
5357,1295
5358,1058
5359,1236
5360,2047
5361,1146
5362,1152
5363,1390
5364,1049
5365,1156
5366,1260
5367,1181
5368,1280
5369,914
5370,1849
5371,1083
5372,1002
5373,1281
5374,996
5375,1422
5376,1088
5377,1242
5378,1103
5379,897
5380,2043
5381,1498
5382,1036
5383,1154
5384,1034
5385,1213
5386,1042
5387,1756
5388,1160
5389,953
5390,1595
5391,1071
5392,849
5393,986
5394,874
5395,1291
5396,926
5397,993
5398,961
5399,1187
5400,27765
5401,2990
5402,1812
5403,1676
5404,1522
5405,1891
5406,1520
5407,1339
5408,1264
5409,1154
5410,2295
5411,2189
5412,1416
5413,1225
5414,1282
5415,1509
5416,1242
5417,1049
5418,1143
5419,993
5420,3072
5421,1288
5422,1956
5423,1333
5424,1701
5425,1661
5426,1130
5427,1060
5428,1214
5429,937
5430,2448
5431,1211
5432,2534
5433,2716
5434,1413
5435,1228
5436,1017
5437,2277
5438,1277
5439,1112
5440,2661
5441,1466
5442,1253
5443,1516
5444,2205
5445,1841
5446,1473
5447,1288
5448,1162
5449,1456
5450,4597
5451,1281
5452,1230
5453,1046
5454,2412
5455,1946
5456,1308
5457,980
5458,982
5459,1066
5460,1911
5461,1907
5462,985
5463,1343
5464,1406
5465,1864
5466,1414
5467,1066
5468,944
5469,876
5470,2695
5471,2469
5472,2552
5473,903
5474,1233
5475,1348
5476,1060
5477,1236
5478,1152
5479,1116
5480,2233
5481,1105
5482,1081
5483,1223
5484,905
5485,1090
5486,1045
5487,866
5488,1157
5489,1018
5490,1724
5491,1257
5492,807
5493,884
5494,1113
5495,1476
5496,926
5497,845
5498,2063
5499,1518
5500,60724
5501,3066
5502,1804
5503,1542
5504,1618
5505,4089
5506,1919
5507,1535
5508,2009
5509,1383
5510,4668
5511,2825
5512,2416
5513,2551
5514,1412
5515,2629
5516,1618
5517,1787
5518,1408
5519,1284
5520,4584
5521,1612
5522,2185
5523,1320
5524,1521
5525,2745
5526,1364
5527,1211
5528,1177
5529,1671
5530,4090
5531,1424
5532,1677
5533,2396
5534,1551
5535,1764
5536,1466
5537,1329
5538,1125
5539,1293
5540,2740
5541,1450
5542,1354
5543,1092
5544,1995
5545,1942
5546,1152
5547,1160
5548,1313
5549,950
5550,5578
5551,2018
5552,1618
5553,1376
5554,1537
5555,11993
5556,1876
5557,1289
5558,1772
5559,1534
5560,2220
5561,1349
5562,979
5563,944
5564,1057
5565,1555
5566,2303
5567,990
5568,1176
5569,1058
5570,2788
5571,1140
5572,1146
5573,926
5574,883
5575,1936
5576,1127
5577,2143
5578,1071
5579,846
5580,2427
5581,1080
5582,1085
5583,1078
5584,1007
5585,1623
5586,900
5587,962
5588,1874
5589,913
5590,1987
5591,1162
5592,979
5593,1068
5594,897
5595,1361
5596,1070
5597,1031
5598,952
5599,1535
5600,22922
5601,2763
5602,1585
5603,1301
5604,1516
5605,1734
5606,1830
5607,1159
5608,1150
5609,1067
5610,2729
5611,1598
5612,1234
5613,1140
5614,1023
5615,1346
5616,1406
5617,854
5618,916
5619,939
5620,2622
5621,1329
5622,1345
5623,1258
5624,1048
5625,2475
5626,1765
5627,1389
5628,1091
5629,934
5630,2546
5631,1075
5632,1248
5633,1268
5634,1022
5635,1572
5636,1206
5637,1576
5638,1290
5639,1009
5640,2026
5641,1168
5642,1324
5643,1149
5644,1183
5645,1201
5646,1593
5647,1017
5648,921
5649,900
5650,3496
5651,1332
5652,1100
5653,1024
5654,1041
5655,1625
5656,2296
5657,1298
5658,990
5659,946
5660,2603
5661,1373
5662,1135
5663,1288
5664,1174
5665,1789
5666,1652
5667,1429
5668,984
5669,1183
5670,3374
5671,1336
5672,1473
5673,1105
5674,1059
5675,1278
5676,1239
5677,1159
5678,4002
5679,982
5680,2278
5681,915
5682,954
5683,1198
5684,896
5685,942
5686,895
5687,1322
5688,1157
5689,934
5690,1903
5691,884
5692,964
5693,786
5694,978
5695,1497
5696,1023
5697,862
5698,817
5699,1266
5700,17758
5701,3185
5702,1419
5703,1569
5704,1219
5705,1763
5706,1063
5707,1416
5708,1372
5709,1312
5710,2014
5711,2363
5712,1524
5713,1328
5714,1358
5715,2049
5716,944
5717,1139
5718,1195
5719,1215
5720,2283
5721,1695
5722,1581
5723,1186
5724,1007
5725,1767
5726,986
5727,1725
5728,1160
5729,925
5730,3195
5731,1148
5732,1157
5733,1641
5734,1173
5735,1451
5736,1150
5737,1141
5738,998
5739,1334
5740,2212
5741,1395
5742,1347
5743,1225
5744,1361
5745,1280
5746,1236
5747,1405
5748,1195
5749,974
5750,4904
5751,2099
5752,1213
5753,1568
5754,1871
5755,1601
5756,1047
5757,2603
5758,1221
5759,1096
5760,3494
5761,1178
5762,1201
5763,1189
5764,1086
5765,1285
5766,1367
5767,1421
5768,1328
5769,1267
5770,4902
5771,1742
5772,1954
5773,1593
5774,1611
5775,2646
5776,1863
5777,3549
5778,2691
5779,2137
5780,1649
5781,986
5782,870
5783,783
5784,842
5785,1199
5786,1025
5787,977
5788,1055
5789,1120
5790,1501
5791,1072
5792,864
5793,1132
5794,729
5795,1039
5796,870
5797,879
5798,898
5799,1012
5800,24379
5801,2451
5802,1277
5803,1161
5804,1141
5805,1368
5806,1217
5807,1970
5808,1386
5809,997
5810,2173
5811,1481
5812,3452
5813,1030
5814,1085
5815,1187
5816,1220
5817,1064
5818,1019
5819,1214
5820,2395
5821,1074
5822,1706
5823,1010
5824,850
5825,1573
5826,807
5827,769
5828,1062
5829,935
5830,2225
5831,909
5832,1223
5833,1279
5834,998
5835,990
5836,901
5837,1189
5838,935
5839,1483
5840,2359
5841,1192
5842,778
5843,971
5844,896
5845,1245
5846,1211
5847,896
5848,1017
5849,1015
5850,4608
5851,1176
5852,1066
5853,1036
5854,870
5855,1505
5856,879
5857,853
5858,2142
5859,1086
5860,1906
5861,1146
5862,907
5863,794
5864,1024
5865,1389
5866,1105
5867,1211
5868,962
5869,877
5870,4540
5871,988
5872,937
5873,788
5874,899
5875,1313
5876,1038
5877,1130
5878,845
5879,832
5880,1930
5881,1666
5882,968
5883,1019
5884,970
5885,1754
5886,889
5887,999
5888,2083
5889,842
5890,1731
5891,1145
5892,793
5893,742
5894,745
5895,1723
5896,817
5897,1004
5898,1001
5899,1092
5900,13174
5901,2441
5902,1615
5903,1363
5904,1115
5905,1565
5906,1286
5907,1211
5908,1092
5909,1072
5910,1874
5911,1584
5912,1007
5913,827
5914,830
5915,1218
5916,854
5917,905
5918,833
5919,878
5920,1947
5921,1007
5922,1060
5923,1148
5924,842
5925,1498
5926,789
5927,908
5928,764
5929,881
5930,2760
5931,1045
5932,910
5933,925
5934,724
5935,1174
5936,817
5937,1046
5938,753
5939,966
5940,1708
5941,1067
5942,795
5943,904
5944,943
5945,925
5946,777
5947,780
5948,818
5949,854
5950,3479
5951,1040
5952,975
5953,752
5954,908
5955,1430
5956,825
5957,826
5958,874
5959,1849
5960,1882
5961,927
5962,1302
5963,836
5964,829
5965,1106
5966,943
5967,846
5968,715
5969,899
5970,2579
5971,901
5972,899
5973,1211
5974,771
5975,1647
5976,1127
5977,981
5978,838
5979,974
5980,1669
5981,911
5982,846
5983,758
5984,1070
5985,1188
5986,937
5987,876
5988,1033
5989,909
5990,2363
5991,1107
5992,944
5993,926
5994,761
5995,1858
5996,947
5997,884
5998,931
5999,3311
6000,229436
6001,6704
6002,3622
6003,2656
6004,2535
6005,3000
6006,3167
6007,2045
6008,2250
6009,2112
6010,5189
6011,3600
6012,2482
6013,2239
6014,1608
6015,3193
6016,1976
6017,1326
6018,1894
6019,1344
6020,4626
6021,2090
6022,1955
6023,1313
6024,1362
6025,1997
6026,1257
6027,1234
6028,1168
6029,1176
6030,3754
6031,1480
6032,1388
6033,1759
6034,980
6035,1731
6036,1271
6037,1093
6038,1325
6039,1197
6040,3521
6041,1538
6042,1335
6043,1056
6044,1238
6045,1639
6046,1188
6047,939
6048,1170
6049,1210
6050,4088
6051,1692
6052,1157
6053,997
6054,948
6055,2615
6056,2105
6057,995
6058,1036
6059,965
6060,5879
6061,17915
6062,1631
6063,3639
6064,1119
6065,1517
6066,1886
6067,1102
6068,1177
6069,1147
6070,2710
6071,1185
6072,1184
6073,1103
6074,1090
6075,1513
6076,1048
6077,1113
6078,1005
6079,991
6080,3210
6081,1266
6082,2138
6083,975
6084,1613
6085,1681
6086,1321
6087,900
6088,1349
6089,863
6090,2166
6091,1190
6092,928
6093,1043
6094,930
6095,1261
6096,1041
6097,1097
6098,983
6099,1196
6100,19784
6101,3665
6102,2464
6103,3253
6104,1870
6105,2943
6106,2185
6107,1418
6108,1541
6109,1594
6110,3924
6111,4149
6112,1944
6113,1212
6114,1539
6115,1545
6116,1624
6117,1401
6118,1313
6119,1442
6120,4083
6121,2169
6122,1530
6123,1541
6124,1338
6125,2010
6126,1707
6127,1038
6128,2038
6129,1034
6130,2493
6131,2136
6132,1241
6133,1401
6134,996
6135,1308
6136,1205
6137,858
6138,1030
6139,1177
6140,2268
6141,1671
6142,1025
6143,1117
6144,1846
6145,1231
6146,1304
6147,1230
6148,1203
6149,907
6150,4677
6151,1851
6152,1295
6153,1062
6154,1217
6155,1351
6156,1063
6157,1134
6158,894
6159,1058
6160,2338
6161,2467
6162,1766
6163,1221
6164,1359
6165,1235
6166,1967
6167,1208
6168,1317
6169,893
6170,1757
6171,1264
6172,1028
6173,902
6174,1042
6175,1283
6176,1216
6177,1264
6178,878
6179,817
6180,2251
6181,1183
6182,873
6183,996
6184,772
6185,1083
6186,875
6187,789
6188,1085
6189,945
6190,1496
6191,1069
6192,949
6193,889
6194,730
6195,1067
6196,892
6197,784
6198,881
6199,1526
6200,20820
6201,3016
6202,2192
6203,2235
6204,2009
6205,2417
6206,1589
6207,1708
6208,1414
6209,1279
6210,3805
6211,2409
6212,1941
6213,1550
6214,1300
6215,1929
6216,1288
6217,1501
6218,1136
6219,1021
6220,3363
6221,2348
6222,2604
6223,1595
6224,1507
6225,1888
6226,1883
6227,1520
6228,1222
6229,1322
6230,3545
6231,1392
6232,1494
6233,2087
6234,1576
6235,1544
6236,1115
6237,1377
6238,1535
6239,1630
6240,2523
6241,1628
6242,1421
6243,1065
6244,1406
6245,1367
6246,1164
6247,1115
6248,1172
6249,957
6250,6176
6251,1627
6252,1595
6253,1355
6254,1316
6255,1791
6256,1123
6257,1050
6258,1182
6259,961
6260,2289
6261,1434
6262,2599
6263,1896
6264,1488
6265,1621
6266,1337
6267,1102
6268,997
6269,1201
6270,1858
6271,1396
6272,1528
6273,1511
6274,1167
6275,1414
6276,972
6277,1645
6278,1297
6279,993
6280,2313
6281,1209
6282,1159
6283,1089
6284,1096
6285,1577
6286,938
6287,1269
6288,1523
6289,1059
6290,1751
6291,1052
6292,1097
6293,857
6294,1065
6295,1164
6296,920
6297,915
6298,923
6299,1416
6300,20235
6301,3010
6302,1573
6303,1858
6304,1877
6305,1858
6306,1428
6307,1562
6308,1143
6309,1524
6310,2797
6311,2071
6312,1358
6313,1248
6314,1005
6315,1398
6316,1181
6317,1138
6318,1064
6319,1011
6320,2702
6321,1579
6322,1402
6323,1495
6324,1306
6325,1911
6326,1094
6327,1077
6328,1266
6329,1252
6330,2943
6331,1706
6332,1594
6333,2894
6334,1399
6335,1259
6336,1605
6337,1290
6338,1392
6339,1121
6340,2009
6341,1132
6342,993
6343,1067
6344,1384
6345,1103
6346,1050
6347,955
6348,1077
6349,947
6350,3270
6351,1328
6352,1044
6353,1045
6354,1007
6355,1348
6356,913
6357,1200
6358,871
6359,827
6360,2261
6361,1867
6362,1115
6363,2462
6364,1066
6365,1018
6366,1327
6367,1040
6368,888
6369,820
6370,1340
6371,1207
6372,1199
6373,1123
6374,898
6375,1331
6376,1010
6377,1124
6378,1244
6379,1327
6380,1558
6381,940
6382,891
6383,881
6384,888
6385,1221
6386,868
6387,900
6388,1209
6389,1086
6390,1368
6391,867
6392,880
6393,1037
6394,826
6395,1006
6396,882
6397,1394
6398,972
6399,1453
6400,32123
6401,2750
6402,1940
6403,1338
6404,1558
6405,1898
6406,1213
6407,1075
6408,1139
6409,1185
6410,2090
6411,1713
6412,1309
6413,1063
6414,1255
6415,1163
6416,1081
6417,1083
6418,927
6419,845
6420,2026
6421,1125
6422,1279
6423,1116
6424,1293
6425,1966
6426,1379
6427,980
6428,1184
6429,1057
6430,1867
6431,1231
6432,1100
6433,1319
6434,1108
6435,1169
6436,845
6437,1122
6438,1051
6439,784
6440,2060
6441,1196
6442,1137
6443,1519
6444,1684
6445,1257
6446,1300
6447,970
6448,957
6449,868
6450,3512
6451,1012
6452,930
6453,1221
6454,1012
6455,1614
6456,1002
6457,1122
6458,936
6459,987
6460,1906
6461,994
6462,1004
6463,1964
6464,2398
6465,1252
6466,1281
6467,1002
6468,1571
6469,853
6470,1566
6471,1150
6472,930
6473,964
6474,918
6475,1759
6476,765
6477,1019
6478,903
6479,702
6480,1501
6481,787
6482,909
6483,834
6484,1105
6485,749
6486,854
6487,1020
6488,1167
6489,917
6490,1558
6491,919
6492,887
6493,785
6494,949
6495,1153
6496,887
6497,1115
6498,907
6499,1309
6500,52376
6501,3746
6502,11703
6503,1508
6504,1142
6505,2253
6506,1367
6507,1225
6508,1460
6509,1587
6510,3614
6511,2431
6512,1653
6513,1254
6514,1086
6515,1641
6516,1260
6517,960
6518,985
6519,985
6520,3177
6521,1089
6522,1693
6523,1010
6524,1027
6525,1801
6526,1039
6527,890
6528,864
6529,1093
6530,2169
6531,1201
6532,1303
6533,1182
6534,905
6535,1349
6536,1083
6537,889
6538,1506
6539,844
6540,1848
6541,1152
6542,1215
6543,1533
6544,1097
6545,1286
6546,912
6547,887
6548,853
6549,740
6550,4340
6551,1321
6552,1420
6553,1013
6554,1020
6555,2656
6556,1345
6557,944
6558,924
6559,941
6560,2410
6561,1101
6562,1014
6563,989
6564,944
6565,2250
6566,1384
6567,885
6568,919
6569,916
6570,2018
6571,919
6572,886
6573,674
6574,844
6575,1300
6576,861
6577,1072
6578,823
6579,818
6580,1568
6581,1314
6582,1080
6583,907
6584,821
6585,1070
6586,742
6587,1142
6588,1174
6589,828
6590,1408
6591,859
6592,822
6593,705
6594,682
6595,993
6596,994
6597,670
6598,702
6599,869
6600,20890
6601,2079
6602,1215
6603,1066
6604,1443
6605,1335
6606,1480
6607,880
6608,1192
6609,864
6610,2548
6611,2189
6612,1167
6613,1235
6614,1153
6615,1216
6616,1363
6617,996
6618,809
6619,897
6620,2273
6621,1571
6622,1936
6623,1006
6624,1033
6625,1216
6626,1170
6627,950
6628,848
6629,923
6630,2638
6631,1142
6632,1347
6633,2172
6634,908
6635,1154
6636,1339
6637,1158
6638,885
6639,939
6640,1644
6641,1048
6642,1080
6643,970
6644,1356
6645,1144
6646,1092
6647,930
6648,944
6649,770
6650,2793
6651,1531
6652,1134
6653,1178
6654,1064
6655,2033
6656,1140
6657,1412
6658,815
6659,855
6660,2024
6661,1191
6662,2185
6663,1241
6664,1755
6665,1139
6666,5387
6667,2802
6668,1102
6669,1029
6670,2514
6671,1495
6672,1477
6673,1086
6674,1055
6675,1076
6676,1134
6677,2263
6678,1072
6679,756
6680,2559
6681,1259
6682,1097
6683,1323
6684,1045
6685,1112
6686,1090
6687,1049
6688,1799
6689,886
6690,1499
6691,895
6692,809
6693,772
6694,1329
6695,1166
6696,1064
6697,1136
6698,1191
6699,2048
6700,16423
6701,2250
6702,1383
6703,976
6704,948
6705,1117
6706,993
6707,1348
6708,1142
6709,770
6710,2062
6711,1480
6712,1203
6713,1247
6714,872
6715,1008
6716,1129
6717,882
6718,786
6719,821
6720,2042
6721,1162
6722,1934
6723,1093
6724,1148
6725,1322
6726,961
6727,1106
6728,854
6729,856
6730,1565
6731,1157
6732,905
6733,1106
6734,878
6735,1328
6736,3754
6737,1347
6738,945
6739,790
6740,1503
6741,889
6742,1261
6743,864
6744,1142
6745,1036
6746,798
6747,1539
6748,813
6749,1020
6750,3989
6751,1292
6752,1168
6753,1000
6754,751
6755,1241
6756,775
6757,1091
6758,1029
6759,786
6760,1674
6761,961
6762,1008
6763,914
6764,717
6765,1262
6766,1153
6767,2068
6768,1333
6769,898
6770,2776
6771,899
6772,1108
6773,1165
6774,862
6775,1095
6776,1296
6777,3459
6778,857
6779,849
6780,1533
6781,886
6782,793
6783,731
6784,975
6785,849
6786,755
6787,1117
6788,1181
6789,2606
6790,1672
6791,1186
6792,756
6793,675
6794,617
6795,818
6796,811
6797,806
6798,727
6799,1004
6800,21602
6801,2410
6802,1249
6803,2399
6804,1060
6805,1654
6806,1266
6807,1154
6808,1265
6809,2177
6810,1988
6811,1512
6812,1263
6813,850
6814,932
6815,1080
6816,836
6817,951
6818,897
6819,755
6820,2075
6821,1295
6822,1386
6823,915
6824,1064
6825,1431
6826,938
6827,965
6828,992
6829,732
6830,2174
6831,1101
6832,930
6833,974
6834,961
6835,1001
6836,1014
6837,861
6838,964
6839,754
6840,1835
6841,1029
6842,833
6843,726
6844,966
6845,1297
6846,1382
6847,1071
6848,994
6849,745
6850,4282
6851,1352
6852,821
6853,1100
6854,1106
6855,1071
6856,886
6857,766
6858,840
6859,631
6860,1521
6861,1068
6862,837
6863,924
6864,759
6865,957
6866,1064
6867,796
6868,2209
6869,767
6870,3306
6871,929
6872,903
6873,848
6874,705
6875,1763
6876,901
6877,1201
6878,1013
6879,839
6880,2519
6881,1235
6882,1117
6883,997
6884,970
6885,1091
6886,1137
6887,985
6888,2530
6889,900
6890,1845
6891,764
6892,852
6893,682
6894,658
6895,784
6896,801
6897,827
6898,731
6899,914
6900,10857
6901,2353
6902,1428
6903,1278
6904,914
6905,1277
6906,972
6907,980
6908,833
6909,1122
6910,1927
6911,1581
6912,1218
6913,963
6914,875
6915,1033
6916,777
6917,773
6918,756
6919,798
6920,2092
6921,986
6922,2034
6923,809
6924,1059
6925,1396
6926,846
6927,729
6928,735
6929,784
6930,1741
6931,795
6932,731
6933,1103
6934,698
6935,912
6936,805
6937,958
6938,740
6939,1026
6940,1707
6941,1043
6942,823
6943,710
6944,921
6945,865
6946,1167
6947,765
6948,726
6949,873
6950,4208
6951,837
6952,666
6953,678
6954,786
6955,1109
6956,717
6957,750
6958,807
6959,885
6960,1964
6961,777
6962,1112
6963,1099
6964,795
6965,969
6966,1004
6967,656
6968,1374
6969,1809
6970,3063
6971,872
6972,971
6973,747
6974,680
6975,1116
6976,976
6977,959
6978,1303
6979,812
6980,1471
6981,998
6982,722
6983,813
6984,679
6985,722
6986,721
6987,618
6988,1087
6989,946
6990,2432
6991,895
6992,860
6993,645
6994,673
6995,1433
6996,970
6997,746
6998,898
6999,2651
7000,157356
7001,5900
7002,3313
7003,4791
7004,3337
7005,3195
7006,2173
7007,3331
7008,1839
7009,1905
7010,4907
7011,2311
7012,2347
7013,1853
7014,1829
7015,2228
7016,1912
7017,1866
7018,2127
7019,1160
7020,4038
7021,1847
7022,1767
7023,1391
7024,1478
7025,2178
7026,1288
7027,1503
7028,1196
7029,1166
7030,3814
7031,1553
7032,1255
7033,1317
7034,1263
7035,1850
7036,1248
7037,1102
7038,890
7039,1090
7040,3012
7041,1252
7042,1481
7043,1193
7044,1279
7045,1318
7046,1227
7047,1044
7048,1009
7049,774
7050,4597
7051,1122
7052,1134
7053,914
7054,1140
7055,1795
7056,944
7057,1064
7058,1002
7059,1083
7060,2877
7061,1204
7062,929
7063,936
7064,966
7065,1240
7066,1175
7067,881
7068,1134
7069,1240
7070,4544
7071,1605
7072,1034
7073,1476
7074,1150
7075,9147
7076,1185
7077,1912
7078,1317
7079,1102
7080,2724
7081,1157
7082,1620
7083,1080
7084,776
7085,1241
7086,799
7087,1000
7088,1176
7089,895
7090,2563
7091,1097
7092,1124
7093,1024
7094,1464
7095,1296
7096,1191
7097,780
7098,761
7099,1151
7100,17165
7101,2531
7102,1968
7103,1632
7104,1388
7105,1659
7106,1847
7107,1658
7108,1231
7109,1210
7110,4176
7111,3803
7112,1544
7113,1164
7114,1481
7115,1374
7116,1386
7117,1635
7118,990
7119,1071
7120,3051
7121,1737
7122,1496
7123,1534
7124,1189
7125,1616
7126,1309
7127,958
7128,1070
7129,1104
7130,2338
7131,1426
7132,1125
7133,1195
7134,1192
7135,1872
7136,1050
7137,945
7138,863
7139,792
7140,1895
7141,1998
7142,953
7143,1001
7144,1139
7145,1169
7146,1153
7147,888
7148,926
7149,835
7150,3642
7151,1313
7152,981
7153,1110
7154,905
7155,1502
7156,842
7157,843
7158,883
7159,1068
7160,2568
7161,1182
7162,815
7163,1012
7164,932
7165,1025
7166,1068
7167,1228
7168,976
7169,956
7170,1810
7171,2410
7172,1250
7173,1076
7174,864
7175,1323
7176,1189
7177,1439
7178,856
7179,833
7180,1704
7181,1568
7182,869
7183,1280
7184,846
7185,1151
7186,909
7187,829
7188,1447
7189,969
7190,1676
7191,1222
7192,905
7193,919
7194,824
7195,1476
7196,753
7197,723
7198,769
7199,1192
7200,33265
7201,3151
7202,2998
7203,2144
7204,1297
7205,1735
7206,1979
7207,1210
7208,1205
7209,917
7210,2803
7211,2329
7212,1981
7213,1116
7214,1106
7215,1369
7216,1520
7217,1091
7218,1119
7219,1550
7220,2723
7221,1376
7222,2938
7223,2795
7224,2405
7225,2020
7226,1456
7227,1564
7228,1324
7229,995
7230,2346
7231,1255
7232,1205
7233,3437
7234,1356
7235,1316
7236,930
7237,1502
7238,1182
7239,852
7240,1948
7241,1187
7242,1323
7243,1666
7244,1212
7245,1884
7246,1266
7247,1002
7248,1029
7249,884
7250,4931
7251,1432
7252,1249
7253,1077
7254,907
7255,1306
7256,2267
7257,868
7258,1641
7259,825
7260,2715
7261,1232
7262,1194
7263,1066
7264,1478
7265,1370
7266,979
7267,1350
7268,857
7269,1129
7270,1896
7271,929
7272,2657
7273,1236
7274,1492
7275,2646
7276,916
7277,2502
7278,1073
7279,981
7280,2091
7281,928
7282,1016
7283,1230
7284,1076
7285,1268
7286,825
7287,981
7288,1588
7289,1175
7290,1847
7291,1088
7292,1070
7293,922
7294,781
7295,1085
7296,676
7297,1282
7298,875
7299,983
7300,16861
7301,1901
7302,1541
7303,1530
7304,1509
7305,1487
7306,1332
7307,1352
7308,1331
7309,960
7310,2316
7311,1615
7312,1152
7313,1031
7314,939
7315,1235
7316,1049
7317,966
7318,1229
7319,1000
7320,2194
7321,1466
7322,1201
7323,1893
7324,1219
7325,1881
7326,1804
7327,922
7328,1320
7329,744
7330,2170
7331,1283
7332,1340
7333,2229
7334,1021
7335,1107
7336,1250
7337,1568
7338,830
7339,747
7340,2136
7341,849
7342,944
7343,1061
7344,970
7345,1273
7346,890
7347,974
7348,939
7349,879
7350,2895
7351,1099
7352,1649
7353,1041
7354,1078
7355,1366
7356,1098
7357,880
7358,833
7359,814
7360,2322
7361,871
7362,890
7363,1070
7364,917
7365,921
7366,967
7367,899
7368,1205
7369,770
7370,2115
7371,1048
7372,1077
7373,2325
7374,1066
7375,1580
7376,838
7377,1471
7378,1796
7379,1029
7380,1726
7381,937
7382,976
7383,965
7384,813
7385,1141
7386,1373
7387,1597
7388,1063
7389,893
7390,2014
7391,1008
7392,1009
7393,882
7394,944
7395,964
7396,748
7397,710
7398,706
7399,1034
7400,14424
7401,2373
7402,1863
7403,1340
7404,4520
7405,1776
7406,1000
7407,1445
7408,1358
7409,1004
7410,2832
7411,1911
7412,1247
7413,891
7414,1225
7415,1390
7416,842
7417,1055
7418,815
7419,991
7420,3856
7421,1354
7422,1548
7423,1009
7424,1605
7425,1759
7426,1056
7427,1256
7428,939
7429,1019
7430,1872
7431,1257
7432,1607
7433,2353
7434,1303
7435,1188
7436,1072
7437,974
7438,887
7439,967
7440,2399
7441,1138
7442,1061
7443,1522
7444,2214
7445,1396
7446,1113
7447,1817
7448,1076
7449,882
7450,3463
7451,923
7452,842
7453,871
7454,882
7455,1195
7456,1078
7457,856
7458,1088
7459,855
7460,1725
7461,788
7462,871
7463,1513
7464,1088
7465,992
7466,911
7467,1344
7468,868
7469,2619
7470,1780
7471,1133
7472,970
7473,835
7474,2145
7475,1679
7476,1024
7477,1163
7478,904
7479,726
7480,1821
7481,1003
7482,885
7483,1016
7484,1034
7485,909
7486,1246
7487,989
7488,1275
7489,698
7490,2362
7491,1118
7492,917
7493,977
7494,1097
7495,1230
7496,784
7497,650
7498,838
7499,1516
7500,59310
7501,2842
7502,1466
7503,1438
7504,1020
7505,1611
7506,2670
7507,1281
7508,1100
7509,1245
7510,3195
7511,1652
7512,1211
7513,977
7514,1068
7515,1539
7516,1097
7517,993
7518,1033
7519,1018
7520,3667
7521,1120
7522,1767
7523,1022
7524,1024
7525,2297
7526,1195
7527,1174
7528,985
7529,2539
7530,1897
7531,1262
7532,959
7533,1104
7534,985
7535,1634
7536,842
7537,1103
7538,988
7539,1078
7540,1805
7541,1214
7542,1048
7543,922
7544,900
7545,1449
7546,1949
7547,1134
7548,1047
7549,978
7550,3034
7551,1274
7552,959
7553,1074
7554,1793
7555,2337
7556,1228
7557,1542
7558,900
7559,1301
7560,1789
7561,929
7562,1308
7563,821
7564,835
7565,1240
7566,1293
7567,1294
7568,917
7569,728
7570,2024
7571,819
7572,942
7573,767
7574,748
7575,3047
7576,1040
7577,1528
7578,836
7579,838
7580,2017
7581,980
7582,1014
7583,893
7584,1264
7585,1558
7586,918
7587,1096
7588,910
7589,875
7590,1670
7591,1270
7592,790
7593,932
7594,810
7595,1181
7596,708
7597,749
7598,868
7599,1207
7600,18712
7601,3344
7602,1362
7603,1403
7604,1181
7605,985
7606,1565
7607,1206
7608,902
7609,1124
7610,3958
7611,1536
7612,1303
7613,1197
7614,1037
7615,1010
7616,1085
7617,769
7618,796
7619,1134
7620,1987
7621,1069
7622,1113
7623,2015
7624,1316
7625,1724
7626,1111
7627,1008
7628,915
7629,990
7630,1658
7631,1083
7632,979
7633,1056
7634,739
7635,1039
7636,1146
7637,1179
7638,1031
7639,893
7640,1929
7641,1008
7642,872
7643,995
7644,1312
7645,2088
7646,943
7647,978
7648,837
7649,907
7650,3272
7651,819
7652,1212
7653,1250
7654,1312
7655,1469
7656,993
7657,973
7658,672
7659,807
7660,1775
7661,1482
7662,1078
7663,1881
7664,903
7665,1379
7666,1548
7667,1526
7668,903
7669,1555
7670,1628
7671,2433
7672,778
7673,898
7674,717
7675,1299
7676,2348
7677,1319
7678,1120
7679,963
7680,2486
7681,1003
7682,871
7683,801
7684,705
7685,828
7686,903
7687,787
7688,1596
7689,656
7690,1078
7691,807
7692,841
7693,648
7694,667
7695,1119
7696,868
7697,859
7698,529
7699,963
7700,15626
7701,3702
7702,1975
7703,1716
7704,1312
7705,1321
7706,1190
7707,1308
7708,1024
7709,899
7710,3086
7711,2925
7712,1203
7713,1186
7714,17916
7715,1332
7716,987
7717,1739
7718,1005
7719,965
7720,2574
7721,1837
7722,2083
7723,1137
7724,1157
7725,1518
7726,1273
7727,1362
7728,1227
7729,1321
7730,2858
7731,1303
7732,1127
7733,1837
7734,1907
7735,1612
7736,1448
7737,1591
7738,1239
7739,1144
7740,2441
7741,1043
7742,1011
7743,1010
7744,1391
7745,1173
7746,1013
7747,2046
7748,1337
7749,941
7750,6613
7751,1340
7752,1000
7753,1466
7754,892
7755,2006
7756,956
7757,1335
7758,900
7759,1013
7760,1835
7761,895
7762,1109
7763,894
7764,1143
7765,1147
7766,2101
7767,1520
7768,1264
7769,897
7770,3971
7771,1891
7772,1344
7773,1338
7774,1383
7775,1750
7776,1881
7777,9821
7778,1750
7779,1649
7780,1902
7781,975
7782,962
7783,867
7784,836
7785,1463
7786,1557
7787,1780
7788,1995
7789,1255
7790,2040
7791,1109
7792,1076
7793,1156
7794,811
7795,1232
7796,881
7797,1284
7798,861
7799,2147
7800,20862
7801,2023
7802,1478
7803,1901
7804,948
7805,4148
7806,1052
7807,894
7808,1365
7809,1024
7810,2042
7811,1840
7812,2009
7813,1101
7814,1008
7815,1346
7816,2313
7817,1325
7818,1238
7819,867
7820,1707
7821,1233
7822,1171
7823,938
7824,1241
7825,1932
7826,969
7827,1694
7828,1368
7829,888
7830,1434
7831,1257
7832,876
7833,1398
7834,1203
7835,955
7836,1262
7837,1170
7838,851
7839,761
7840,1764
7841,1288
7842,1054
7843,1108
7844,862
7845,1104
7846,878
7847,812
7848,1266
7849,1177
7850,4435
7851,1024
7852,1048
7853,811
7854,1096
7855,1784
7856,709
7857,1495
7858,1083
7859,632
7860,1880
7861,915
7862,862
7863,1008
7864,1559
7865,847
7866,1354
7867,2760
7868,979
7869,1467
7870,4915
7871,951
7872,1272
7873,1173
7874,1654
7875,1284
7876,1353
7877,1229
7878,2139
7879,1470
7880,2178
7881,1155
7882,1026
7883,852
7884,1655
7885,2127
7886,839
7887,1611
7888,2676
7889,991
7890,2599
7891,953
7892,792
7893,688
7894,892
7895,932
7896,1140
7897,691
7898,933
7899,1197
7900,12941
7901,2396
7902,1023
7903,1112
7904,2140
7905,1366
7906,879
7907,787
7908,1080
7909,1277
7910,1983
7911,1316
7912,1056
7913,924
7914,1498
7915,1064
7916,1150
7917,1174
7918,763
7919,1057
7920,2361
7921,1450
7922,1183
7923,1262
7924,964
7925,1297
7926,1041
7927,1003
7928,1211
7929,1031
7930,1768
7931,1066
7932,1062
7933,858
7934,634
7935,1004
7936,1092
7937,860
7938,802
7939,1098
7940,1923
7941,1172
7942,1548
7943,641
7944,1063
7945,887
7946,1205
7947,940
7948,754
7949,894
7950,5453
7951,1065
7952,903
7953,626
7954,661
7955,1166
7956,1291
7957,1163
7958,1067
7959,638
7960,2213
7961,1026
7962,1098
7963,924
7964,612
7965,903
7966,1496
7967,1267
7968,1226
7969,1032
7970,6186
7971,1416
7972,705
7973,1667
7974,1731
7975,912
7976,1529
7977,1670
7978,789
7979,1935
7980,1708
7981,901
7982,843
7983,841
7984,881
7985,1104
7986,753
7987,523
7988,868
7989,1049
7990,2492
7991,694
7992,825
7993,1099
7994,637
7995,1365
7996,682
7997,1108
7998,885
7999,2544
8000,168893
8001,5765
8002,5284
8003,2815
8004,2312
8005,2424
8006,2710
8007,1752
8008,4451
8009,1942
8010,4316
8011,2440
8012,1885
8013,1217
8014,1913
8015,1469
8016,1393
8017,1174
8018,2184
8019,1029
8020,5104
8021,1859
8022,1619
8023,1027
8024,1160
8025,1735
8026,1069
8027,1149
8028,1889
8029,1229
8030,2262
8031,1470
8032,2074
8033,1247
8034,1145
8035,1313
8036,1215
8037,1240
8038,1322
8039,1006
8040,3211
8041,1111
8042,1172
8043,1164
8044,1242
8045,1167
8046,1028
8047,1621
8048,1269
8049,965
8050,4298
8051,10610
8052,1654
8053,1365
8054,989
8055,1590
8056,868
8057,1016
8058,1202
8059,873
8060,2775
8061,1547
8062,982
8063,917
8064,1000
8065,1415
8066,933
8067,725
8068,1182
8069,977
8070,1914
8071,1170
8072,1099
8073,775
8074,700
8075,1133
8076,778
8077,1319
8078,1257
8079,835
8080,32781
8081,3547
8082,2199
8083,1544
8084,1364
8085,3661
8086,7914
8087,1909
8088,6711
8089,1217
8090,2865
8091,1625
8092,1039
8093,1215
8094,903
8095,977
8096,1035
8097,759
8098,848
8099,1189
8100,15876
8101,2796
8102,1597
8103,1422
8104,1079
8105,1336
8106,1073
8107,1005
8108,1604
8109,1177
8110,4620
8111,3089
8112,1353
8113,1354
8114,1077
8115,1404
8116,937
8117,1080
8118,1825
8119,848
8120,2744
8121,1267
8122,1516
8123,1816
8124,1149
8125,2569
8126,1022
8127,768
8128,1024
8129,882
8130,2801
8131,3365
8132,884
8133,1406
8134,802
8135,1445
8136,775
8137,882
8138,988
8139,1357
8140,2000
8141,1109
8142,767
8143,858
8144,1330
8145,827
8146,964
8147,972
8148,738
8149,668
8150,4153
8151,1216
8152,866
8153,940
8154,691
8155,1117
8156,847
8157,770
8158,724
8159,835
8160,2220
8161,1191
8162,749
8163,990
8164,657
8165,1165
8166,1269
8167,1064
8168,1179
8169,810
8170,1218
8171,1249
8172,1000
8173,870
8174,853
8175,830
8176,925
8177,969
8178,678
8179,825
8180,2025
8181,2645
8182,988
8183,735
8184,922
8185,1126
8186,926
8187,676
8188,1528
8189,702
8190,1131
8191,1548
8192,7087
8193,943
8194,838
8195,1022
8196,748
8197,739
8198,884
8199,814
8200,17269
8201,2602
8202,1670
8203,1922
8204,1370
8205,1633
8206,1118
8207,1066
8208,1449
8209,1098
8210,3018
8211,10409
8212,6420
8213,1140
8214,895
8215,1394
8216,2903
8217,45994
8218,1103
8219,682
8220,13867
8221,19656
8222,2933
8223,1453
8224,1153
8225,1454
8226,4267
8227,1167
8228,2342
8229,1065
8230,5912
8231,1259
8232,1597
8233,1391
8234,1021
8235,1108
8236,868
8237,985
8238,818
8239,890
8240,1887
8241,747
8242,1124
8243,1326
8244,923
8245,1160
8246,918
8247,1146
8248,1259
8249,670
8250,4091
8251,1157
8252,1164
8253,1141
8254,1016
8255,10476
8256,949
8257,716
8258,1169
8259,1009
8260,1998
8261,1095
8262,1100
8263,1124
8264,1068
8265,1314
8266,1588
8267,1040
8268,772
8269,778
8270,1357
8271,896
8272,1077
8273,998
8274,1115
8275,1227
8276,785
8277,1104
8278,782
8279,813
8280,1542
8281,1199
8282,2881
8283,5220
8284,1136
8285,965
8286,885
8287,856
8288,1469
8289,848
8290,1331
8291,898
8292,875
8293,934
8294,1000
8295,1008
8296,765
8297,823
8298,751
8299,979
8300,14489
8301,3058
8302,1393
8303,1343
8304,933
8305,1078
8306,991
8307,769
8308,1026
8309,803
8310,2616
8311,1457
8312,926
8313,1229
8314,888
8315,945
8316,853
8317,858
8318,868
8319,751
8320,2649
8321,901
8322,1167
8323,1020
8324,1231
8325,1393
8326,1052
8327,657
8328,883
8329,793
8330,2855
8331,1393
8332,1738
8333,2932
8334,806
8335,993
8336,920
8337,891
8338,1163
8339,1552
8340,1383
8341,1089
8342,738
8343,907
8344,1072
8345,884
8346,1090
8347,774
8348,856
8349,709
8350,4283
8351,1039
8352,820
8353,943
8354,792
8355,1150
8356,1066
8357,659
8358,846
8359,666
8360,1347
8361,835
8362,880
8363,818
8364,1531
8365,823
8366,1033
8367,1085
8368,761
8369,777
8370,1354
8371,1343
8372,1007
8373,967
8374,886
8375,981
8376,925
8377,1126
8378,832
8379,943
8380,1718
8381,807
8382,989
8383,1670
8384,870
8385,928
8386,795
8387,1378
8388,1099
8389,944
8390,1351
8391,729
8392,1150
8393,740
8394,621
8395,999
8396,889
8397,864
8398,858
8399,1002
8400,15565
8401,1874
8402,1036
8403,900
8404,1143
8405,997
8406,905
8407,884
8408,867
8409,779
8410,1600
8411,1537
8412,918
8413,926
8414,1274
8415,1081
8416,806
8417,849
8418,989
8419,816
8420,1351
8421,1081
8422,1205
8423,909
8424,1292
8425,1898
8426,656
8427,956
8428,751
8429,617
8430,1324
8431,1115
8432,1081
8433,1080
8434,886
8435,888
8436,816
8437,688
8438,674
8439,829
8440,1717
8441,887
8442,1085
8443,3815
8444,2522
8445,1103
8446,1084
8447,966
8448,1472
8449,776
8450,2184
8451,1510
8452,1001
8453,1338
8454,1245
8455,1348
8456,1478
8457,2237
8458,857
8459,756
8460,1242
8461,1009
8462,970
8463,1226
8464,839
8465,767
8466,1079
8467,779
8468,701
8469,654
8470,1339
8471,920
8472,1824
8473,824
8474,946
8475,786
8476,737
8477,10451
8478,793
8479,608
8480,1347
8481,834
8482,1434
8483,749
8484,2255
8485,1067
8486,1163
8487,837
8488,1096
8489,693
8490,982
8491,775
8492,549
8493,1172
8494,692
8495,774
8496,688
8497,784
8498,671
8499,1592
8500,32191
8501,3438
8502,1468
8503,1296
8504,1161
8505,1483
8506,974
8507,930
8508,948
8509,758
8510,2230
8511,1407
8512,1080
8513,746
8514,914
8515,1500
8516,996
8517,929
8518,836
8519,915
8520,4101
8521,1057
8522,1159
8523,858
8524,831
8525,1871
8526,837
8527,886
8528,934
8529,1008
8530,2556
8531,966
8532,804
8533,968
8534,789
8535,1228
8536,816
8537,722
8538,734
8539,830
8540,2016
8541,1177
8542,1075
8543,1223
8544,1216
8545,1268
8546,877
8547,990
8548,658
8549,659
8550,2853
8551,1100
8552,978
8553,776
8554,859
8555,2248
8556,790
8557,700
8558,1269
8559,708
8560,1577
8561,751
8562,825
8563,868
8564,655
8565,1127
8566,845
8567,666
8568,719
8569,595
8570,2368
8571,1041
8572,891
8573,1442
8574,752
8575,1058
8576,602
8577,1145
8578,704
8579,734
8580,1765
8581,906
8582,1270
8583,1297
8584,1031
8585,2406
8586,1595
8587,911
8588,1236
8589,617
8590,1138
8591,803
8592,716
8593,613
8594,795
8595,1077
8596,531
8597,542
8598,664
8599,1066
8600,15433
8601,7115
8602,865
8603,858
8604,802
8605,923
8606,2118
8607,740
8608,923
8609,920
8610,2785
8611,1608
8612,928
8613,723
8614,772
8615,1176
8616,913
8617,717
8618,788
8619,756
8620,2852
8621,1669
8622,1190
8623,760
8624,927
8625,1722
8626,802
8627,789
8628,811
8629,730
8630,1536
8631,703
8632,794
8633,935
8634,651
8635,850
8636,807
8637,725
8638,723
8639,853
8640,1583
8641,786
8642,870
8643,867
8644,1184
8645,770
8646,819
8647,692
8648,1001
8649,699
8650,1927
8651,770
8652,769
8653,688
8654,830
8655,1446
8656,814
8657,714
8658,743
8659,620
8660,1548
8661,958
8662,878
8663,844
8664,1467
8665,1047
8666,1498
8667,1263
8668,1065
8669,1716
8670,1234
8671,628
8672,773
8673,646
8674,1362
8675,906
8676,897
8677,1019
8678,755
8679,593
8680,1290
8681,870
8682,831
8683,1626
8684,705
8685,1077
8686,2446
8687,1687
8688,1844
8689,652
8690,1170
8691,1001
8692,721
8693,572
8694,542
8695,722
8696,856
8697,655
8698,763
8699,813
8700,13486
8701,2035
8702,1001
8703,996
8704,931
8705,1200
8706,719
8707,977
8708,1056
8709,680
8710,2257
8711,1507
8712,1070
8713,825
8714,719
8715,943
8716,760
8717,833
8718,723
8719,858
8720,1868
8721,1123
8722,1419
8723,1024
8724,844
8725,1123
8726,895
8727,871
8728,945
8729,741
8730,1557
8731,781
8732,895
8733,1655
8734,833
8735,945
8736,791
8737,803
8738,867
8739,729
8740,1580
8741,1114
8742,1113
8743,679
8744,906
8745,805
8746,3826
8747,1330
8748,813
8749,830
8750,3121
8751,1070
8752,794
8753,1061
8754,647
8755,1043
8756,697
8757,938
8758,623
8759,751
8760,2179
8761,750
8762,939
8763,604
8764,666
8765,1285
8766,852
8767,952
8768,732
8769,591
8770,1689
8771,921
8772,932
8773,799
8774,693
8775,864
8776,1070
8777,2419
8778,1054
8779,629
8780,1345
8781,676
8782,912
8783,725
8784,601
8785,782
8786,704
8787,2174
8788,1527
8789,725
8790,1052
8791,635
8792,614
8793,585
8794,644
8795,781
8796,553
8797,765
8798,641
8799,2019
8800,24208
8801,2349
8802,2392
8803,1081
8804,1738
8805,1363
8806,999
8807,1014
8808,1332
8809,1170
8810,2153
8811,2238
8812,1120
8813,818
8814,875
8815,1039
8816,1227
8817,867
8818,1087
8819,847
8820,2404
8821,1453
8822,1900
8823,999
8824,1268
8825,1355
8826,960
8827,783
8828,1013
8829,1211
8830,2191
8831,1013
8832,1354
8833,1742
8834,854
8835,843
8836,749
8837,912
8838,976
8839,985
8840,1625
8841,962
8842,761
8843,1313
8844,1698
8845,857
8846,846
8847,801
8848,2184
8849,1180
8850,2999
8851,948
8852,1070
8853,735
8854,1428
8855,1737
8856,929
8857,977
8858,1242
8859,8771
8860,1898
8861,1141
8862,956
8863,1206
8864,630
8865,1244
8866,1412
8867,833
8868,1319
8869,802
8870,1618
8871,933
8872,900
8873,1083
8874,644
8875,1052
8876,1074
8877,1618
8878,1506
8879,1406
8880,3088
8881,1827
8882,1387
8883,1194
8884,1355
8885,1447
8886,1408
8887,1266
8888,14177
8889,1811
8890,3063
8891,1129
8892,799
8893,738
8894,661
8895,2669
8896,733
8897,662
8898,994
8899,1682
8900,11932
8901,1926
8902,1063
8903,965
8904,833
8905,923
8906,800
8907,669
8908,719
8909,846
8910,1967
8911,1182
8912,920
8913,727
8914,1242
8915,726
8916,671
8917,890
8918,757
8919,836
8920,1559
8921,793
8922,1204
8923,648
8924,1224
8925,795
8926,687
8927,666
8928,705
8929,834
8930,1300
8931,801
8932,729
8933,1017
8934,636
8935,730
8936,924
8937,999
8938,3441
8939,1130
8940,1471
8941,971
8942,803
8943,630
8944,954
8945,809
8946,783
8947,687
8948,620
8949,2467
8950,1940
8951,747
8952,776
8953,589
8954,551
8955,1105
8956,665
8957,577
8958,575
8959,612
8960,1334
8961,743
8962,1349
8963,708
8964,713
8965,1148
8966,1419
8967,451
8968,715
8969,792
8970,1046
8971,908
8972,753
8973,686
8974,759
8975,798
8976,635
8977,884
8978,495
8979,783
8980,1141
8981,783
8982,544
8983,924
8984,674
8985,748
8986,735
8987,777
8988,974
8989,2274
8990,2541
8991,777
8992,956
8993,911
8994,841
8995,1171
8996,1007
8997,714
8998,995
8999,2897
9000,129724
9001,153906
9002,7742
9003,3257
9004,2901
9005,3130
9006,3546
9007,2182
9008,1973
9009,2497
9010,4159
9011,1729
9012,1456
9013,1091
9014,1166
9015,1969
9016,1591
9017,1006
9018,1331
9019,873
9020,2469
9021,1211
9022,1088
9023,1109
9024,1026
9025,1573
9026,997
9027,1098
9028,856
9029,765
9030,2009
9031,1142
9032,1159
9033,1105
9034,841
9035,1035
9036,949
9037,875
9038,939
9039,800
9040,1997
9041,948
9042,876
9043,687
9044,846
9045,946
9046,1123
9047,688
9048,870
9049,745
9050,2883
9051,883
9052,873
9053,718
9054,828
9055,1407
9056,641
9057,636
9058,709
9059,644
9060,2251
9061,780
9062,688
9063,729
9064,726
9065,724
9066,4311
9067,655
9068,959
9069,639
9070,1745
9071,875
9072,765
9073,762
9074,705
9075,1119
9076,817
9077,966
9078,690
9079,660
9080,2063
9081,834
9082,716
9083,914
9084,662
9085,1367
9086,571
9087,747
9088,907
9089,1300
9090,4787
9091,1183
9092,916
9093,947
9094,794
9095,905
9096,736
9097,863
9098,932
9099,1451
9100,17175
9101,2251
9102,1352
9103,1016
9104,1121
9105,1123
9106,839
9107,854
9108,672
9109,745
9110,2173
9111,2726
9112,955
9113,913
9114,951
9115,1026
9116,736
9117,899
9118,716
9119,1266
9120,1942
9121,982
9122,1035
9123,1274
9124,719
9125,1048
9126,1164
9127,842
9128,813
9129,625
9130,1510
9131,1011
9132,1453
9133,814
9134,624
9135,760
9136,709
9137,828
9138,586
9139,629
9140,1362
9141,1069
9142,731
9143,636
9144,1386
9145,829
9146,683
9147,830
9148,629
9149,660
9150,2808
9151,892
9152,675
9153,1191
9154,561
9155,1155
9156,571
9157,548
9158,618
9159,654
9160,1078
9161,781
9162,702
9163,569
9164,579
9165,1747
9166,1094
9167,1100
9168,790
9169,547
9170,1056
9171,1167
9172,795
9173,699
9174,666
9175,853
9176,589
9177,815
9178,740
9179,564
9180,1244
9181,1055
9182,1150
9183,463
9184,926
9185,659
9186,708
9187,661
9188,832
9189,705
9190,1114
9191,1826
9192,772
9193,719
9194,773
9195,739
9196,585
9197,606
9198,670
9199,1094
9200,14030
9201,1821
9202,1302
9203,1079
9204,900
9205,1369
9206,916
9207,799
9208,913
9209,758
9210,1816
9211,1857
9212,1405
9213,711
9214,814
9215,941
9216,1058
9217,749
9218,802
9219,968
9220,2184
9221,1221
9222,2070
9223,1106
9224,912
9225,1298
9226,803
9227,1193
9228,991
9229,1120
9230,1401
9231,1032
9232,825
9233,2711
9234,824
9235,1065
9236,644
9237,831
9238,780
9239,728
9240,1380
9241,1699
9242,941
9243,920
9244,948
9245,766
9246,777
9247,799
9248,778
9249,875
9250,3906
9251,988
9252,929
9253,974
9254,598
9255,1349
9256,660
9257,642
9258,874
9259,586
9260,1519
9261,1180
9262,1354
9263,631
9264,753
9265,874
9266,911
9267,845
9268,1126
9269,708
9270,967
9271,854
9272,1038
9273,818
9274,835
9275,900
9276,844
9277,867
9278,848
9279,726
9280,1509
9281,828
9282,1053
9283,1125
9284,723
9285,1027
9286,753
9287,743
9288,1029
9289,601
9290,1841
9291,1085
9292,2738
9293,866
9294,688
9295,880
9296,713
9297,824
9298,710
9299,1187
9300,14048
9301,1434
9302,919
9303,1195
9304,850
9305,1074
9306,749
9307,687
9308,793
9309,694
9310,1920
9311,1328
9312,913
9313,920
9314,934
9315,975
9316,703
9317,696
9318,719
9319,777
9320,2058
9321,1005
9322,949
9323,751
9324,683
9325,1243
9326,1272
9327,751
9328,966
9329,801
9330,1909
9331,1064
9332,809
9333,2347
9334,673
9335,937
9336,971
9337,836
9338,766
9339,994
9340,1131
9341,837
9342,587
9343,1019
9344,972
9345,862
9346,714
9347,653
9348,641
9349,696
9350,2758
9351,1024
9352,727
9353,868
9354,869
9355,1982
9356,670
9357,686
9358,707
9359,520
9360,2690
9361,895
9362,830
9363,756
9364,773
9365,909
9366,692
9367,813
9368,749
9369,768
9370,2180
9371,789
9372,711
9373,739
9374,633
9375,1615
9376,819
9377,999
9378,922
9379,543
9380,1739
9381,914
9382,714
9383,920
9384,873
9385,955
9386,775
9387,776
9388,847
9389,655
9390,1113
9391,778
9392,750
9393,1707
9394,828
9395,733
9396,634
9397,814
9398,835
9399,1121
9400,11121
9401,1429
9402,842
9403,1144
9404,1504
9405,1423
9406,806
9407,776
9408,734
9409,855
9410,1443
9411,1510
9412,759
9413,733
9414,804
9415,1157
9416,714
9417,887
9418,835
9419,907
9420,1342
9421,827
9422,932
9423,694
9424,889
9425,897
9426,589
9427,748
9428,635
9429,742
9430,1440
9431,856
9432,813
9433,868
9434,731
9435,707
9436,649
9437,685
9438,667
9439,656
9440,1669
9441,966
9442,873
9443,1339
9444,1628
9445,904
9446,679
9447,656
9448,901
9449,881
9450,1966
9451,972
9452,858
9453,1045
9454,690
9455,1095
9456,653
9457,776
9458,623
9459,670
9460,1303
9461,647
9462,745
9463,1734
9464,830
9465,1183
9466,881
9467,879
9468,631
9469,604
9470,1114
9471,646
9472,723
9473,812
9474,1467
9475,732
9476,582
9477,956
9478,643
9479,577
9480,1002
9481,751
9482,604
9483,582
9484,685
9485,705
9486,659
9487,705
9488,920
9489,626
9490,1164
9491,649
9492,649
9493,601
9494,1517
9495,865
9496,589
9497,594
9498,635
9499,990
9500,22932
9501,1719
9502,1435
9503,1197
9504,914
9505,2168
9506,870
9507,722
9508,876
9509,708
9510,1735
9511,1155
9512,746
9513,972
9514,746
9515,1014
9516,880
9517,644
9518,818
9519,621
9520,1604
9521,805
9522,908
9523,968
9524,733
9525,2205
9526,728
9527,873
9528,739
9529,1081
9530,1772
9531,1089
9532,657
9533,834
9534,737
9535,897
9536,736
9537,637
9538,642
9539,736
9540,1359
9541,801
9542,705
9543,743
9544,680
9545,1086
9546,621
9547,684
9548,604
9549,547
9550,4091
9551,956
9552,789
9553,769
9554,677
9555,2957
9556,816
9557,1028
9558,779
9559,846
9560,2112
9561,675
9562,573
9563,550
9564,650
9565,863
9566,848
9567,634
9568,849
9569,704
9570,1744
9571,683
9572,644
9573,421
9574,490
9575,1490
9576,549
9577,707
9578,524
9579,524
9580,1374
9581,622
9582,598
9583,602
9584,951
9585,859
9586,517
9587,592
9588,692
9589,492
9590,1610
9591,617
9592,674
9593,580
9594,658
9595,2095
9596,947
9597,550
9598,796
9599,882
9600,27239
9601,1958
9602,982
9603,1049
9604,996
9605,953
9606,1262
9607,1043
9608,1020
9609,741
9610,1777
9611,997
9612,735
9613,919
9614,759
9615,808
9616,766
9617,799
9618,655
9619,633
9620,1282
9621,806
9622,2020
9623,734
9624,624
9625,879
9626,849
9627,562
9628,595
9629,754
9630,2185
9631,720
9632,1004
9633,849
9634,536
9635,743
9636,679
9637,794
9638,602
9639,715
9640,1256
9641,1090
9642,1175
9643,674
9644,884
9645,1018
9646,904
9647,1029
9648,704
9649,590
9650,3098
9651,853
9652,723
9653,876
9654,1091
9655,826
9656,724
9657,618
9658,962
9659,630
9660,3147
9661,808
9662,5336
9663,1171
9664,721
9665,843
9666,1118
9667,860
9668,830
9669,896
9670,1318
9671,615
9672,669
9673,888
9674,660
9675,1374
9676,688
9677,709
9678,577
9679,1183
9680,925
9681,570
9682,648
9683,563
9684,580
9685,898
9686,873
9687,696
9688,830
9689,671
9690,1296
9691,695
9692,525
9693,645
9694,527
9695,840
9696,1715
9697,829
9698,694
9699,935
9700,15044
9701,1591
9702,923
9703,810
9704,872
9705,1173
9706,977
9707,1001
9708,821
9709,790
9710,1442
9711,1273
9712,1279
9713,669
9714,799
9715,895
9716,723
9717,737
9718,587
9719,560
9720,1597
9721,817
9722,872
9723,774
9724,594
9725,986
9726,739
9727,787
9728,695
9729,804
9730,1039
9731,610
9732,640
9733,900
9734,629
9735,809
9736,574
9737,730
9738,643
9739,631
9740,983
9741,755
9742,679
9743,824
9744,811
9745,797
9746,544
9747,749
9748,600
9749,516
9750,2371
9751,708
9752,611
9753,589
9754,651
9755,1079
9756,695
9757,731
9758,659
9759,456
9760,1050
9761,634
9762,581
9763,823
9764,599
9765,672
9766,738
9767,948
9768,521
9769,591
9770,1225
9771,860
9772,781
9773,664
9774,657
9775,935
9776,728
9777,1999
9778,865
9779,795
9780,2277
9781,702
9782,536
9783,593
9784,621
9785,643
9786,640
9787,789
9788,865
9789,769
9790,1828
9791,945
9792,1085
9793,657
9794,665
9795,928
9796,1540
9797,1491
9798,777
9799,935
9800,17591
9801,1960
9802,1040
9803,844
9804,732
9805,987
9806,807
9807,693
9808,920
9809,784
9810,4493
9811,877
9812,741
9813,722
9814,657
9815,982
9816,741
9817,747
9818,987
9819,767
9820,3032
9821,825
9822,967
9823,619
9824,645
9825,1231
9826,707
9827,636
9828,877
9829,934
9830,1331
9831,622
9832,793
9833,895
9834,698
9835,937
9836,748
9837,510
9838,732
9839,640
9840,1488
9841,966
9842,834
9843,761
9844,866
9845,1180
9846,654
9847,636
9848,782
9849,744
9850,2516
9851,740
9852,735
9853,559
9854,591
9855,890
9856,580
9857,671
9858,1170
9859,655
9860,1686
9861,722
9862,536
9863,481
9864,649
9865,655
9866,713
9867,585
9868,742
9869,557
9870,1088
9871,731
9872,592
9873,623
9874,569
9875,901
9876,1226
9877,771
9878,826
9879,781
9880,1512
9881,633
9882,817
9883,632
9884,756
9885,783
9886,737
9887,1005
9888,2032
9889,1098
9890,1304
9891,609
9892,496
9893,540
9894,563
9895,763
9896,573
9897,556
9898,1644
9899,1465
9900,12759
9901,1615
9902,1403
9903,1056
9904,1317
9905,1040
9906,864
9907,792
9908,933
9909,970
9910,1566
9911,1635
9912,843
9913,777
9914,730
9915,868
9916,637
9917,889
9918,799
9919,1040
9920,1303
9921,779
9922,1291
9923,643
9924,696
9925,986
9926,1222
9927,615
9928,666
9929,788
9930,2195
9931,751
9932,640
9933,1908
9934,644
9935,767
9936,686
9937,539
9938,811
9939,954
9940,1377
9941,775
9942,610
9943,592
9944,1059
9945,1084
9946,687
9947,666
9948,751
9949,892
9950,2251
9951,819
9952,767
9953,630
9954,751
9955,1397
9956,600
9957,606
9958,824
9959,908
9960,2035
9961,725
9962,592
9963,677
9964,672
9965,1064
9966,1455
9967,630
9968,631
9969,817
9970,1253
9971,1044
9972,857
9973,751
9974,621
9975,1109
9976,595
9977,1118
9978,773
9979,823
9980,1665
9981,1532
9982,881
9983,918
9984,1045
9985,930
9986,802
9987,808
9988,1824
9989,1015
9990,2710
9991,1561
9992,1215
9993,1154
9994,1433
9995,2922
9996,1365
9997,1848
9998,2260
9999,30609
10000,94444
