number,count
0,60022542
1,89784045
2,77968847
3,62366991
4,48407083
5,54548618
6,34356057
7,29593583
8,28582568
9,21475254
10,41549432
11,16158791
12,21783572
13,11442295
14,12038654
15,19816977
16,11990262
17,9640398
18,12276265
19,8170342
20,23232647
21,8016094
22,7626066
23,6543046
24,11373025
25,13715464
26,5921461
27,5616629
28,6065351
29,4948330
30,23117783
31,5106983
32,3998986
33,2980778
34,2821164
35,5145712
36,3112416
37,2497858
38,2524843
39,2578007
40,10201507
41,2023014
42,2490326
43,2012217
44,2251469
45,5044664
46,1908057
47,1855013
48,2868038
49,1988656
50,15108504
51,1748440
52,2034962
53,1605870
54,1742781
55,2665009
56,1653737
57,1464155
58,1499327
59,1534299
60,7457860
61,1203802
62,1365532
63,1233898
64,2088418
65,2522306
66,1383475
67,1216452
68,1209561
69,1093058
70,4890589
71,1071126
72,1633195
73,1027503
74,1060259
75,3668431
76,1064222
77,1032278
78,1062486
79,956479
80,5393975
81,959372
82,1027584
83,957941
84,1031827
85,1796910
86,969822
87,913340
88,1065604
89,918364
90,5378238
91,930120
92,983321
93,1012503
94,937560
95,2733709
96,1093042
97,997193
98,1168933
99,3174005
100,16391617
101,1104994
102,701933
103,509501
104,634028
105,685916
106,581623
107,439768
108,535650
109,405101
110,1228115
111,480561
112,524992
113,363502
114,417750
115,547961
116,385387
117,337603
118,376632
119,336921
120,1991534
121,355222
122,371704
123,386145
124,345349
125,951993
126,327910
127,324347
128,510179
129,293941
130,1051444
131,284167
132,329384
133,275670
134,273032
135,472813
136,264894
137,249781
138,271218
139,247094
140,1015393
141,248924
142,254955
143,234751
144,321604
145,364477
146,237941
147,236781
148,229488
149,263885
150,3129743
151,241777
152,254090
153,208011
154,221251
155,315039
156,225023
157,208197
158,203451
159,198184
160,961355
161,218415
162,223367
163,195047
164,202055
165,339190
166,190967
167,190474
168,277061
169,202184
170,615633
171,182538
172,205568
173,175744
174,186502
175,468599
176,191326
177,182368
178,181652
179,191573
180,1191947
181,171838
182,236905
183,269781
184,202944
185,277210
186,171051
187,169985
188,171494
189,178018
190,421788
191,173097
192,275724
193,163599
194,149759
195,248360
196,166548
197,159304
198,157794
199,267933
200,6309918
201,316259
202,354576
203,248964
204,255047
205,288819
206,266259
207,213071
208,257643
209,184840
210,489182
211,199639
212,303631
213,176858
214,215302
215,285338
216,205506
217,172039
218,179248
219,155644
220,617930
221,173211
222,223048
223,176520
224,197984
225,391371
226,164425
227,158008
228,164148
229,153867
230,456156
231,171282
232,205026
233,155938
234,156540
235,215558
236,145724
237,136928
238,145247
239,149776
240,583942
241,139505
242,153322
243,150948
244,136350
245,192298
246,135913
247,142885
248,150045
249,161211
250,2482043
251,142963
252,161136
253,136554
254,152068
255,251162
256,333462
257,122280
258,123055
259,116725
260,367472
261,120904
262,143057
263,122901
264,197143
265,189687
266,119760
267,125278
268,117901
269,123056
270,360227
271,117341
272,129683
273,131414
274,112578
275,271816
276,117233
277,118222
278,113665
279,117327
280,361360
281,128318
282,113284
283,108062
284,109814
285,177067
286,111159
287,121481
288,130021
289,114680
290,215434
291,99185
292,107214
293,110694
294,100537
295,163524
296,103908
297,102384
298,103719
299,186683
300,4396096
301,262521
302,228364
303,208063
304,210094
305,199992
306,159327
307,130158
308,182634
309,122413
310,320752
311,150128
312,192826
313,128160
314,144261
315,182088
316,147868
317,123668
318,126434
319,116586
320,406005
321,137049
322,129301
323,133542
324,117429
325,286281
326,109562
327,109734
328,116000
329,103445
330,331235
331,106346
332,111894
333,178056
334,106670
335,144405
336,123989
337,104317
338,107754
339,91798
340,247288
341,100424
342,101935
343,108237
344,98772
345,146786
346,95281
347,101673
348,92938
349,110807
350,1365762
351,103944
352,114397
353,96791
354,94398
355,129209
356,104836
357,107093
358,93030
359,87197
360,1325259
361,94486
362,91035
363,92495
364,98799
365,809619
366,100429
367,83803
368,86595
369,83365
370,197505
371,86998
372,86670
373,85335
374,76658
375,326737
376,80934
377,87413
378,79479
379,79592
380,228175
381,80250
382,81048
383,84365
384,103871
385,118701
386,89287
387,83461
388,81562
389,77754
390,161612
391,74429
392,79760
393,74547
394,70396
395,124409
396,72671
397,72128
398,71045
399,138089
400,3421248
401,375640
402,154775
403,164703
404,260277
405,164191
406,127033
407,120357
408,122880
409,92390
410,252065
411,117606
412,131012
413,94130
414,108129
415,147239
416,127023
417,97020
418,83298
419,92255
420,277841
421,90997
422,106829
423,88072
424,91809
425,216740
426,82617
427,86666
428,80709
429,90634
430,199827
431,80235
432,99612
433,85964
434,81800
435,118076
436,73927
437,70733
438,75954
439,66912
440,218310
441,83534
442,81991
443,103508
444,98692
445,92670
446,66304
447,70880
448,73541
449,77591
450,746166
451,96847
452,73657
453,71189
454,82835
455,102029
456,79259
457,92080
458,84151
459,67133
460,178599
461,70599
462,72181
463,69707
464,70194
465,93095
466,67440
467,66406
468,68960
469,68153
470,150140
471,70297
472,68514
473,65753
474,63713
475,125996
476,70773
477,67010
478,64665
479,68805
480,266270
481,61840
482,69018
483,69131
484,65966
485,107940
486,77323
487,61626
488,92128
489,60452
490,117850
491,57396
492,59371
493,56970
494,58790
495,115210
496,58509
497,59002
498,58082
499,142087
500,7390913
501,388535
502,133593
503,122690
504,153607
505,130341
506,98280
507,77545
508,125605
509,96091
510,206747
511,80550
512,210500
513,77795
514,81872
515,99566
516,82193
517,69880
518,81412
519,72641
520,198107
521,76447
522,77177
523,65634
524,68637
525,126477
526,72349
527,66261
528,70106
529,121262
530,164203
531,62534
532,72734
533,69441
534,61232
535,87526
536,63802
537,60254
538,62273
539,56902
540,176702
541,79100
542,61023
543,59798
544,63702
545,76338
546,57392
547,57904
548,55217
549,62939
550,411574
551,61033
552,64613
553,58053
554,56758
555,121592
556,58198
557,52522
558,52339
559,57465
560,155635
561,77738
562,64861
563,58162
564,53253
565,70813
566,50261
567,56642
568,52655
569,49556
570,129498
571,60316
572,50491
573,60205
574,55699
575,102092
576,59328
577,55491
578,47388
579,50304
580,212391
581,92203
582,50724
583,49627
584,48775
585,75898
586,57769
587,56800
588,51753
589,48260
590,93329
591,47459
592,46530
593,46200
594,49732
595,75495
596,46439
597,47029
598,46666
599,90575
600,2333614
601,98429
602,102786
603,84283
604,102533
605,86688
606,85766
607,61603
608,80802
609,71050
610,155517
611,59857
612,83999
613,71056
614,72262
615,92526
616,71301
617,85877
618,73382
619,66681
620,163846
621,62167
622,66434
623,55188
624,62253
625,143104
626,69381
627,50837
628,53850
629,48371
630,166745
631,66438
632,63553
633,59285
634,49932
635,68399
636,63532
637,46363
638,49351
639,48933
640,177306
641,51383
642,82092
643,48360
644,53607
645,70888
646,60139
647,55852
648,48860
649,59373
650,463391
651,69814
652,51535
653,45819
654,46800
655,62467
656,52593
657,44686
658,44346
659,45258
660,147482
661,56141
662,54004
663,46709
664,49164
665,55481
666,79972
667,63388
668,48768
669,44345
670,98204
671,44769
672,46395
673,43405
674,42506
675,85490
676,45339
677,45010
678,56077
679,58707
680,127554
681,41516
682,45555
683,43013
684,45276
685,53422
686,46390
687,46106
688,49114
689,41436
690,84253
691,41456
692,43559
693,40612
694,39294
695,64764
696,42292
697,39576
698,40179
699,69904
700,1570592
701,84634
702,102686
703,83416
704,81652
705,72995
706,70621
707,81627
708,61732
709,52720
710,114780
711,59806
712,59177
713,66323
714,68849
715,70207
716,59254
717,65962
718,83298
719,52114
720,206349
721,51132
722,58906
723,45524
724,57997
725,79789
726,46649
727,71060
728,48738
729,45395
730,105460
731,47123
732,69937
733,50267
734,52814
735,57676
736,44585
737,149097
738,40433
739,39514
740,106549
741,45814
742,45647
743,42293
744,49460
745,61530
746,41082
747,111246
748,43434
749,48353
750,685911
751,48529
752,47644
753,45068
754,46657
755,62693
756,41935
757,69106
758,38715
759,36478
760,117059
761,41798
762,43786
763,44380
764,38552
765,63826
766,40306
767,62366
768,82407
769,38255
770,110604
771,41351
772,51345
773,55596
774,42467
775,82356
776,44135
777,136380
778,44470
779,38855
780,109935
781,53976
782,41389
783,39370
784,39100
785,57237
786,45405
787,99043
788,41839
789,42737
790,69027
791,36225
792,40012
793,36752
794,37530
795,57152
796,34490
797,41166
798,39020
799,70256
800,2641674
801,94134
802,298153
803,59747
804,68443
805,80409
806,53284
807,43199
808,107281
809,40875
810,106585
811,51613
812,62537
813,54994
814,51267
815,68458
816,56152
817,54476
818,58989
819,36099
820,112475
821,49195
822,48750
823,41243
824,44630
825,74078
826,44511
827,40460
828,58198
829,43353
830,95384
831,47550
832,51882
833,53844
834,38075
835,63656
836,38589
837,39244
838,38836
839,33946
840,99485
841,40960
842,44129
843,60817
844,87893
845,108455
846,37754
847,61547
848,43610
849,40285
850,323272
851,38273
852,45401
853,40162
854,40857
855,118703
856,47193
857,37411
858,49643
859,43634
860,102844
861,39010
862,37968
863,46215
864,52236
865,53400
866,166025
867,37690
868,39360
869,34720
870,87626
871,42256
872,38559
873,34760
874,35906
875,85618
876,38970
877,167911
878,34733
879,32930
880,96779
881,36269
882,39273
883,40615
884,35516
885,44697
886,36280
887,35326
888,286381
889,36338
890,62922
891,33848
892,33434
893,35017
894,31405
895,50427
896,34943
897,32315
898,34391
899,55469
900,1044272
901,72685
902,62840
903,48325
904,59675
905,68908
906,47025
907,51860
908,51584
909,53467
910,84627
911,450726
912,55009
913,45649
914,55029
915,54828
916,60185
917,50693
918,60662
919,61615
920,126143
921,40643
922,48268
923,36405
924,47848
925,89165
926,37877
927,34982
928,53415
929,39692
930,86631
931,38754
932,38026
933,41459
934,34716
935,48291
936,37959
937,44459
938,32668
939,38082
940,76165
941,49585
942,35226
943,33910
944,43801
945,45206
946,33498
947,32156
948,30991
949,52732
950,203749
951,44100
952,42855
953,31914
954,49999
955,41405
956,37474
957,30598
958,27522
959,32878
960,110570
961,33561
962,36461
963,33377
964,35075
965,45236
966,34990
967,32424
968,36273
969,32985
970,97134
971,37817
972,55192
973,52940
974,32723
975,55368
976,30623
977,32238
978,212397
979,33152
980,94819
981,32868
982,32211
983,30913
984,33173
985,44376
986,32203
987,37064
988,35282
989,38032
990,126424
991,39617
992,34623
993,38162
994,31751
995,88857
996,44580
997,47782
998,42256
999,285815
1000,1959470
1001,80241
1002,64579
1003,25451
1004,26478
1005,24310
1006,23063
1007,64661
1008,22440
1009,16737
1010,58912
1011,26331
1012,25913
1013,18730
1014,21744
1015,25387
1016,118608
1017,21917
1018,19620
1019,14013
1020,49309
1021,28448
1022,17129
1023,22484
1024,96452
1025,19496
1026,14566
1027,13145
1028,12813
1029,26299
1030,37081
1031,45729
1032,12574
1033,17971
1034,11419
1035,16561
1036,11029
1037,14188
1038,42849
1039,12722
1040,61599
1041,13197
1042,13888
1043,10622
1044,11334
1045,16444
1046,12490
1047,9577
1048,9846
1049,12483
1050,64828
1051,12506
1052,11473
1053,12718
1054,13956
1055,15699
1056,14711
1057,10558
1058,9617
1059,9365
1060,40292
1061,10922
1062,10321
1063,12951
1064,14986
1065,15212
1066,37085
1067,11336
1068,11259
1069,9945
1070,45540
1071,11466
1072,13816
1073,21063
1074,13379
1075,14741
1076,9883
1077,15878
1078,10063
1079,10178
1080,164842
1081,10371
1082,9190
1083,11248
1084,10623
1085,12851
1086,27723
1087,10827
1088,19671
1089,13438
1090,21488
1091,10637
1092,9458
1093,27913
1094,13406
1095,28055
1096,11662
1097,18562
1098,22715
1099,82691
1100,192267
1101,31037
1102,22282
1103,19946
1104,18843
1105,17896
1106,15499
1107,14052
1108,15535
1109,22693
1110,30632
1111,66422
1112,17588
1113,13846
1114,13766
1115,30360
1116,13999
1117,12854
1118,12990
1119,11289
1120,30071
1121,13567
1122,16649
1123,11928
1124,11516
1125,19473
1126,19172
1127,11987
1128,20028
1129,10345
1130,28119
1131,11591
1132,11275
1133,11284
1134,9845
1135,13142
1136,17749
1137,11566
1138,11205
1139,9689
1140,19721
1141,10660
1142,10314
1143,9885
1144,10766
1145,15278
1146,11373
1147,10401
1148,9571
1149,11494
1150,40983
1151,13087
1152,14259
1153,10600
1154,10118
1155,18917
1156,10317
1157,9683
1158,10685
1159,10977
1160,17801
1161,12305
1162,9548
1163,10518
1164,9190
1165,10358
1166,9026
1167,17528
1168,7793
1169,9328
1170,19262
1171,9624
1172,15622
1173,10111
1174,8252
1175,16165
1176,12008
1177,20692
1178,7884
1179,9838
1180,18582
1181,9815
1182,11179
1183,8762
1184,8307
1185,13481
1186,24293
1187,10172
1188,9544
1189,11980
1190,17057
1191,10467
1192,11633
1193,8607
1194,10773
1195,10196
1196,7597
1197,8304
1198,9870
1199,21171
1200,437438
1201,23853
1202,26944
1203,14642
1204,23238
1205,16069
1206,18948
1207,13069
1208,14434
1209,12686
1210,26551
1211,14153
1212,22880
1213,15347
1214,13768
1215,24063
1216,14806
1217,11087
1218,11340
1219,11204
1220,27689
1221,14151
1222,17885
1223,16269
1224,13707
1225,20898
1226,12457
1227,13472
1228,11300
1229,10396
1230,27936
1231,11496
1232,10383
1233,10535
1234,37690
1235,14188
1236,10068
1237,9426
1238,9596
1239,8631
1240,21076
1241,10783
1242,13257
1243,10863
1244,13825
1245,15245
1246,10077
1247,9058
1248,11111
1249,10751
1250,71890
1251,10836
1252,14761
1253,11983
1254,12690
1255,12361
1256,11676
1257,10503
1258,10725
1259,8398
1260,28029
1261,9413
1262,8295
1263,9593
1264,9269
1265,11125
1266,9358
1267,9954
1268,9395
1269,7949
1270,19227
1271,11201
1272,11004
1273,14694
1274,11974
1275,16215
1276,9067
1277,9659
1278,8798
1279,14020
1280,63084
1281,8821
1282,10154
1283,9399
1284,11123
1285,10957
1286,7937
1287,8634
1288,8615
1289,8437
1290,20226
1291,13107
1292,10054
1293,9605
1294,8964
1295,14595
1296,13329
1297,9777
1298,9524
1299,15458
1300,249291
1301,21415
1302,18492
1303,14586
1304,15868
1305,16245
1306,14449
1307,14493
1308,13940
1309,11123
1310,23641
1311,12896
1312,13805
1313,15388
1314,13696
1315,14020
1316,11482
1317,9933
1318,9881
1319,8541
1320,26664
1321,11579
1322,12063
1323,11293
1324,11472
1325,21868
1326,11220
1327,12966
1328,10377
1329,9433
1330,22861
1331,11775
1332,16107
1333,18371
1334,11521
1335,11984
1336,9697
1337,15068
1338,8961
1339,8181
1340,19371
1341,10419
1342,10321
1343,10443
1344,11020
1345,12804
1346,10982
1347,10569
1348,12486
1349,11375
1350,43945
1351,10730
1352,8645
1353,9618
1354,8352
1355,10574
1356,8863
1357,8751
1358,7700
1359,7918
1360,16618
1361,9285
1362,8591
1363,8635
1364,9912
1365,14979
1366,20812
1367,9512
1368,15830
1369,8634
1370,15394
1371,23339
1372,8924
1373,10200
1374,7885
1375,12120
1376,8635
1377,11827
1378,8609
1379,8344
1380,18030
1381,10554
1382,10370
1383,8847
1384,9627
1385,11046
1386,11153
1387,9154
1388,10194
1389,10314
1390,14960
1391,10824
1392,14968
1393,9181
1394,20360
1395,13396
1396,10748
1397,11687
1398,8071
1399,12046
1400,189199
1401,20872
1402,16578
1403,13396
1404,14817
1405,13939
1406,12999
1407,10014
1408,12303
1409,9771
1410,19388
1411,11393
1412,11691
1413,9617
1414,13079
1415,17467
1416,9762
1417,9137
1418,9192
1419,8854
1420,22566
1421,10417
1422,11711
1423,9847
1424,10315
1425,13526
1426,7478
1427,8603
1428,9039
1429,9264
1430,21396
1431,11083
1432,9961
1433,11306
1434,9583
1435,11161
1436,9029
1437,9075
1438,9345
1439,8947
1440,55761
1441,12131
1442,9731
1443,8081
1444,10931
1445,10459
1446,9200
1447,8722
1448,7731
1449,8306
1450,42899
1451,10254
1452,11464
1453,17543
1454,8151
1455,11900
1456,8337
1457,8088
1458,7823
1459,8410
1460,18207
1461,10165
1462,9261
1463,8340
1464,7679
1465,8877
1466,7168
1467,9010
1468,7977
1469,9898
1470,15808
1471,15014
1472,10702
1473,10758
1474,8245
1475,14025
1476,9629
1477,9843
1478,8618
1479,7825
1480,17806
1481,8609
1482,11742
1483,15204
1484,9809
1485,15329
1486,8034
1487,8184
1488,10053
1489,8438
1490,14984
1491,10703
1492,33193
1493,13920
1494,12922
1495,12494
1496,8100
1497,10741
1498,11196
1499,15271
1500,609935
1501,21923
1502,20230
1503,15990
1504,15891
1505,15588
1506,14895
1507,11885
1508,13518
1509,15620
1510,23305
1511,16482
1512,15321
1513,15356
1514,12865
1515,22054
1516,16442
1517,17869
1518,12224
1519,16387
1520,38901
1521,19660
1522,15659
1523,13015
1524,15365
1525,20996
1526,14436
1527,14173
1528,12254
1529,12123
1530,28035
1531,12879
1532,12736
1533,13509
1534,15046
1535,17924
1536,26233
1537,12466
1538,14754
1539,14894
1540,28722
1541,17409
1542,16600
1543,14837
1544,10867
1545,16643
1546,12603
1547,15700
1548,11190
1549,14798
1550,43758
1551,11792
1552,12748
1553,16435
1554,11548
1555,18077
1556,12605
1557,12298
1558,16662
1559,15358
1560,23251
1561,12267
1562,11988
1563,13198
1564,16898
1565,18028
1566,13087
1567,12422
1568,13080
1569,12280
1570,21436
1571,15525
1572,15845
1573,13224
1574,10696
1575,16091
1576,11706
1577,12646
1578,11094
1579,11106
1580,21592
1581,12290
1582,16969
1583,12711
1584,13655
1585,16497
1586,12008
1587,13065
1588,17964
1589,12100
1590,21484
1591,12400
1592,15881
1593,12533
1594,11949
1595,14726
1596,14094
1597,13614
1598,17040
1599,17701
1600,290106
1601,25707
1602,23048
1603,36579
1604,25956
1605,23956
1606,20966
1607,26295
1608,20886
1609,22761
1610,31837
1611,23901
1612,19214
1613,16274
1614,15733
1615,18358
1616,22696
1617,14854
1618,17724
1619,18599
1620,36034
1621,21624
1622,18124
1623,20027
1624,17094
1625,24669
1626,16415
1627,14361
1628,18612
1629,16112
1630,31948
1631,18094
1632,19620
1633,18189
1634,18884
1635,21240
1636,17398
1637,17892
1638,19393
1639,17844
1640,41701
1641,18620
1642,27561
1643,17669
1644,27432
1645,19493
1646,15724
1647,15098
1648,22986
1649,19476
1650,55145
1651,17608
1652,16601
1653,16013
1654,16365
1655,17370
1656,16060
1657,14323
1658,15944
1659,15123
1660,43047
1661,18931
1662,20395
1663,16515
1664,19138
1665,21897
1666,24330
1667,19376
1668,15838
1669,15122
1670,26783
1671,14841
1672,17471
1673,15599
1674,16425
1675,20803
1676,16091
1677,14682
1678,15259
1679,15359
1680,32129
1681,16162
1682,17755
1683,19357
1684,15958
1685,23658
1686,15640
1687,16510
1688,24827
1689,24179
1690,26514
1691,15388
1692,21938
1693,15554
1694,16106
1695,18087
1696,15031
1697,16854
1698,15680
1699,20324
1700,185442
1701,32918
1702,24260
1703,25789
1704,22141
1705,19749
1706,20631
1707,25340
1708,20403
1709,25243
1710,30044
1711,19898
1712,19393
1713,19088
1714,22579
1715,27980
1716,18812
1717,24307
1718,21090
1719,18067
1720,35209
1721,19599
1722,22713
1723,21588
1724,19365
1725,24423
1726,18135
1727,22346
1728,20621
1729,19011
1730,33959
1731,17907
1732,22165
1733,22822
1734,19111
1735,22281
1736,19992
1737,21334
1738,20559
1739,19005
1740,34471
1741,22184
1742,21176
1743,22134
1744,21154
1745,30330
1746,23517
1747,21380
1748,23086
1749,23647
1750,77985
1751,22904
1752,27617
1753,28205
1754,27491
1755,35181
1756,27467
1757,25796
1758,29342
1759,29618
1760,43667
1761,25028
1762,26948
1763,36237
1764,27913
1765,32185
1766,27057
1767,27784
1768,30371
1769,33633
1770,51948
1771,28355
1772,34763
1773,33210
1774,40357
1775,66223
1776,95006
1777,48345
1778,40734
1779,36953
1780,58092
1781,40633
1782,41296
1783,50235
1784,41318
1785,41775
1786,38359
1787,55016
1788,51797
1789,79143
1790,73068
1791,53630
1792,58209
1793,55326
1794,50691
1795,54241
1796,49584
1797,50598
1798,59821
1799,54864
1800,441410
1801,64077
1802,55067
1803,70293
1804,61829
1805,59517
1806,59127
1807,52427
1808,53846
1809,65229
1810,74282
1811,55893
1812,130865
1813,60874
1814,69840
1815,86812
1816,62137
1817,60527
1818,70890
1819,67574
1820,105342
1821,71960
1822,62403
1823,59876
1824,71317
1825,78888
1826,64937
1827,63868
1828,69891
1829,69238
1830,134069
1831,78730
1832,87532
1833,77084
1834,80428
1835,90856
1836,95159
1837,101286
1838,85769
1839,88465
1840,157935
1841,100469
1842,89431
1843,87366
1844,93701
1845,103313
1846,99695
1847,101237
1848,132126
1849,105028
1850,222224
1851,133862
1852,101592
1853,102523
1854,114489
1855,115273
1856,112532
1857,124043
1858,113828
1859,122786
1860,213325
1861,220251
1862,216115
1863,192900
1864,193166
1865,212219
1866,127926
1867,140816
1868,138326
1869,129823
1870,212593
1871,156218
1872,137912
1873,131451
1874,126800
1875,143991
1876,141667
1877,126967
1878,131915
1879,136364
1880,258322
1881,173033
1882,151378
1883,146567
1884,146950
1885,168762
1886,162836
1887,156266
1888,174374
1889,175122
1890,247352
1891,186399
1892,172731
1893,178941
1894,163583
1895,192945
1896,187713
1897,177504
1898,200192
1899,191487
1900,517817
1901,254023
1902,218408
1903,224987
1904,227708
1905,251413
1906,242756
1907,232040
1908,255166
1909,232451
1910,358855
1911,336989
1912,301843
1913,280218
1914,402528
1915,340896
1916,339207
1917,389687
1918,421984
1919,330228
1920,564835
1921,264446
1922,274983
1923,269419
1924,268805
1925,283495
1926,272798
1927,280580
1928,291805
1929,338323
1930,483077
1931,269701
1932,285184
1933,340009
1934,310185
1935,318205
1936,336478
1937,334570
1938,350013
1939,437120
1940,536537
1941,409224
1942,405774
1943,364136
1944,432998
1945,598203
1946,397916
1947,437337
1948,485222
1949,399991
1950,683958
1951,359577
1952,382303
1953,403570
1954,416337
1955,426621
1956,449132
1957,444877
1958,454647
1959,464613
1960,787775
1961,505723
1962,539413
1963,563882
1964,616417
1965,639193
1966,602179
1967,720180
1968,760946
1969,728057
1970,1017216
1971,701418
1972,764717
1973,755159
1974,755858
1975,808082
1976,795485
1977,755013
1978,829418
1979,900839
1980,1263878
1981,861168
1982,924437
1983,938667
1984,1055457
1985,1064900
1986,1113751
1987,1100609
1988,1186318
1989,1326978
1990,1735824
1991,1427013
1992,1545019
1993,1553691
1994,1719187
1995,1859762
1996,1992004
1997,2071177
1998,2290830
1999,2536699
2000,4439966
2001,3170646
2002,3165521
2003,3576220
2004,3869944
2005,4368498
2006,4754995
2007,5549559
2008,6582519
2009,6639123
2010,8085757
2011,8130863
2012,9282102
2013,9586671
2014,10480915
2015,11523419
2016,12598467
2017,13238180
2018,15083646
2019,9480328
2020,1834217
2021,365887
2022,309074
2023,165981
2024,142872
2025,279874
2026,85443
2027,45260
2028,40006
2029,20446
2030,389669
2031,19026
2032,18889
2033,18551
2034,14706
2035,50057
2036,16691
2037,11290
2038,11509
2039,7800
2040,79489
2041,10524
2042,8730
2043,6770
2044,7315
2045,21209
2046,7526
2047,8281
2048,48447
2049,18780
2050,216278
2051,6298
2052,6468
2053,5004
2054,5031
2055,8619
2056,7074
2057,4681
2058,4427
2059,4727
2060,25624
2061,6179
2062,4803
2063,9101
2064,4975
2065,7081
2066,5253
2067,5279
2068,4595
2069,4265
2070,19397
2071,5787
2072,4999
2073,4652
2074,4930
2075,8525
2076,4922
2077,9725
2078,3614
2079,3832
2080,28010
2081,4611
2082,3793
2083,4035
2084,4848
2085,4916
2086,3338
2087,4049
2088,4411
2089,3492
2090,7960
2091,3681
2092,3839
2093,3471
2094,3292
2095,4471
2096,3452
2097,4256
2098,3188
2099,10608
2100,122965
2101,11007
2102,8856
2103,8366
2104,9542
2105,10607
2106,9787
2107,7284
2108,7712
2109,5711
2110,13640
2111,8584
2112,11054
2113,5370
2114,6018
2115,8320
2116,5334
2117,5476
2118,9253
2119,4797
2120,10938
2121,9705
2122,5038
2123,4820
2124,4249
2125,6295
2126,3617
2127,3584
2128,4080
2129,3493
2130,9686
2131,5420
2132,3925
2133,8243
2134,4614
2135,5306
2136,3744
2137,3540
2138,4861
2139,5113
2140,9353
2141,4848
2142,6236
2143,3860
2144,4277
2145,4769
2146,3075
2147,4351
2148,3804
2149,3194
2150,14633
2151,5444
2152,4897
2153,3653
2154,4103
2155,6194
2156,3343
2157,3317
2158,3059
2159,3084
2160,26843
2161,3992
2162,2963
2163,3016
2164,3539
2165,4625
2166,3429
2167,3123
2168,2934
2169,3006
2170,6214
2171,3356
2172,3630
2173,3054
2174,3475
2175,4193
2176,2876
2177,2996
2178,3059
2179,2626
2180,5611
2181,3769
2182,3099
2183,2764
2184,2909
2185,3283
2186,2954
2187,3409
2188,2847
2189,2657
2190,4795
2191,3491
2192,3144
2193,2746
2194,2742
2195,3873
2196,3286
2197,2604
2198,2624
2199,5960
2200,92652
2201,9575
2202,7252
2203,5659
2204,5930
2205,7854
2206,5438
2207,4314
2208,5007
2209,4346
2210,10043
2211,7016
2212,5953
2213,3992
2214,4514
2215,6273
2216,5102
2217,4058
2218,4204
2219,3581
2220,9454
2221,5970
2222,16046
2223,5169
2224,4657
2225,6494
2226,3968
2227,4661
2228,4069
2229,4307
2230,8890
2231,6563
2232,4056
2233,5676
2234,3420
2235,4139
2236,3474
2237,3462
2238,3122
2239,3094
2240,7738
2241,5079
2242,4655
2243,3231
2244,6282
2245,4597
2246,3681
2247,3068
2248,3256
2249,3637
2250,17936
2251,4421
2252,3684
2253,4538
2254,7960
2255,11830
2256,3504
2257,4117
2258,2976
2259,3581
2260,6422
2261,4385
2262,3502
2263,3960
2264,3361
2265,4379
2266,3527
2267,3810
2268,2902
2269,2945
2270,5389
2271,3296
2272,5008
2273,5011
2274,2988
2275,4640
2276,2933
2277,4935
2278,3723
2279,2611
2280,9617
2281,4496
2282,3375
2283,3133
2284,3230
2285,3691
2286,2930
2287,3528
2288,3813
2289,2757
2290,7667
2291,3045
2292,2875
2293,2759
2294,2301
2295,3192
2296,2452
2297,2735
2298,2614
2299,4279
2300,69962
2301,8172
2302,5397
2303,4650
2304,7169
2305,6063
2306,4099
2307,9924
2308,4173
2309,3408
2310,8499
2311,5292
2312,5194
2313,4319
2314,3939
2315,4671
2316,3716
2317,3513
2318,3277
2319,3657
2320,7852
2321,4428
2322,4496
2323,6332
2324,3874
2325,4638
2326,3192
2327,3312
2328,3314
2329,3179
2330,7739
2331,3854
2332,3616
2333,5239
2334,5258
2335,4106
2336,3053
2337,4622
2338,2769
2339,2983
2340,9086
2341,3391
2342,3262
2343,3246
2344,3472
2345,8588
2346,3007
2347,3208
2348,2884
2349,3164
2350,11531
2351,3101
2352,3382
2353,3101
2354,2894
2355,4081
2356,2754
2357,3222
2358,2642
2359,3813
2360,5377
2361,2653
2362,2881
2363,2702
2364,2735
2365,3134
2366,3354
2367,2840
2368,2947
2369,2788
2370,4573
2371,3379
2372,3352
2373,3012
2374,2655
2375,4260
2376,2922
2377,3306
2378,3015
2379,3012
2380,5976
2381,3076
2382,2852
2383,2980
2384,2576
2385,3006
2386,2456
2387,2281
2388,2819
2389,2439
2390,3561
2391,3175
2392,4174
2393,2708
2394,3163
2395,4522
2396,2676
2397,2643
2398,2163
2399,3410
2400,97518
2401,7735
2402,4786
2403,4054
2404,4373
2405,4099
2406,3678
2407,3457
2408,3603
2409,3237
2410,6345
2411,4055
2412,5076
2413,3205
2414,3409
2415,3958
2416,2963
2417,2977
2418,2530
2419,3016
2420,6036
2421,3152
2422,3756
2423,3150
2424,5998
2425,4880
2426,2745
2427,3103
2428,2722
2429,2879
2430,4953
2431,3342
2432,2677
2433,3579
2434,2684
2435,3039
2436,3429
2437,3007
2438,2726
2439,2313
2440,6135
2441,3604
2442,3464
2443,2487
2444,3720
2445,3531
2446,2787
2447,2984
2448,4521
2449,3017
2450,10092
2451,3347
2452,2754
2453,2924
2454,3597
2455,3687
2456,3114
2457,2479
2458,2825
2459,2237
2460,5532
2461,2975
2462,2950
2463,2333
2464,2943
2465,3149
2466,2541
2467,2797
2468,2884
2469,2387
2470,3884
2471,2489
2472,3093
2473,2693
2474,2909
2475,3449
2476,3856
2477,3325
2478,2802
2479,2099
2480,4664
2481,2568
2482,2258
2483,2472
2484,2318
2485,2733
2486,2367
2487,2274
2488,2705
2489,3092
2490,3553
2491,2708
2492,2318
2493,2176
2494,2614
2495,3683
2496,2605
2497,2466
2498,2736
2499,5645
2500,285787
2501,7778
2502,4684
2503,4117
2504,3789
2505,5000
2506,3790
2507,3197
2508,3213
2509,3313
2510,7722
2511,4700
2512,3806
2513,3050
2514,3262
2515,3964
2516,3017
2517,2780
2518,3355
2519,2936
2520,9975
2521,3655
2522,4009
2523,3137
2524,2959
2525,8450
2526,3620
2527,2862
2528,2919
2529,2604
2530,5098
2531,3172
2532,3138
2533,2991
2534,2584
2535,3984
2536,2850
2537,2784
2538,2423
2539,2479
2540,6355
2541,3039
2542,2806
2543,2579
2544,2701
2545,3625
2546,2540
2547,2717
2548,2805
2549,2647
2550,10767
2551,4021
2552,4206
2553,4015
2554,3036
2555,5927
2556,2932
2557,3141
2558,3091
2559,3114
2560,28680
2561,3206
2562,3043
2563,2544
2564,2524
2565,2860
2566,2438
2567,2480
2568,2553
2569,2030
2570,3677
2571,2256
2572,1933
2573,2062
2574,1957
2575,3862
2576,2191
2577,2720
2578,2100
2579,2132
2580,4899
2581,2830
2582,2368
2583,2545
2584,2042
2585,2543
2586,2200
2587,2079
2588,2369
2589,2145
2590,3946
2591,2249
2592,3602
2593,1956
2594,1901
2595,2629
2596,2978
2597,2438
2598,2350
2599,2951
2600,89059
2601,6646
2602,3623
2603,3320
2604,3451
2605,4037
2606,3756
2607,3085
2608,2590
2609,2779
2610,5798
2611,3575
2612,3108
2613,2642
2614,2460
2615,3281
2616,3989
2617,2842
2618,2829
2619,2312
2620,5814
2621,2860
2622,3032
2623,2634
2624,2404
2625,4268
2626,4250
2627,2781
2628,3015
2629,2401
2630,5125
2631,3042
2632,2670
2633,2585
2634,2241
2635,2949
2636,2643
2637,2561
2638,2481
2639,2468
2640,5252
2641,2397
2642,2610
2643,2428
2644,2250
2645,2888
2646,2725
2647,1939
2648,2260
2649,2012
2650,9536
2651,2762
2652,2673
2653,2396
2654,2011
2655,3185
2656,2347
2657,2126
2658,2025
2659,1773
2660,4675
2661,2465
2662,2508
2663,2581
2664,2406
2665,3782
2666,6503
2667,3176
2668,2173
2669,2306
2670,3606
2671,2318
2672,2447
2673,2406
2674,2048
2675,2832
2676,2048
2677,2795
2678,1991
2679,2212
2680,4453
2681,2181
2682,2000
2683,2075
2684,1844
2685,2073
2686,2067
2687,2014
2688,2800
2689,1728
2690,3981
2691,2052
2692,1906
2693,2058
2694,1740
2695,3132
2696,1758
2697,2323
2698,2059
2699,3256
2700,54220
2701,5724
2702,3669
2703,3899
2704,4227
2705,3375
2706,3089
2707,2945
2708,2864
2709,2830
2710,5312
2711,3827
2712,2989
2713,2752
2714,2732
2715,4359
2716,2999
2717,2539
2718,2229
2719,2471
2720,5390
2721,2925
2722,3120
2723,2654
2724,2386
2725,3039
2726,2270
2727,4895
2728,2799
2729,2371
2730,4455
2731,2176
2732,3218
2733,2243
2734,2006
2735,3166
2736,2790
2737,3135
2738,2559
2739,2926
2740,3753
2741,2412
2742,2331
2743,2743
2744,2671
2745,2573
2746,1973
2747,2500
2748,1883
2749,2071
2750,11269
2751,2556
2752,2118
2753,2427
2754,1878
2755,2907
2756,2231
2757,2611
2758,1879
2759,1900
2760,3975
2761,2009
2762,1980
2763,2096
2764,2296
2765,2369
2766,2383
2767,3088
2768,2018
2769,1850
2770,3983
2771,2183
2772,2913
2773,1974
2774,1914
2775,3065
2776,2504
2777,3578
2778,2914
2779,2000
2780,3454
2781,2282
2782,2478
2783,2059
2784,1961
2785,2535
2786,1863
2787,5579
2788,2115
2789,2165
2790,2911
2791,1956
2792,1909
2793,1931
2794,1640
2795,2394
2796,1845
2797,1917
2798,1707
2799,2780
2800,57243
2801,5916
2802,3535
2803,3425
2804,3211
2805,3331
2806,2956
2807,2716
2808,3242
2809,2859
2810,4795
2811,4155
2812,2983
2813,2440
2814,2628
2815,3019
2816,2828
2817,2433
2818,2863
2819,1969
2820,5111
2821,2915
2822,3367
2823,2098
2824,4513
2825,3390
2826,2140
2827,2038
2828,3876
2829,2668
2830,3748
2831,2256
2832,2228
2833,2628
2834,1987
2835,3649
2836,2604
2837,1985
2838,2048
2839,1814
2840,4635
2841,2387
2842,1975
2843,1813
2844,2352
2845,2342
2846,2007
2847,2299
2848,3200
2849,1988
2850,8115
2851,2399
2852,2343
2853,2059
2854,1793
2855,2645
2856,1746
2857,2077
2858,2033
2859,1982
2860,4144
2861,2002
2862,1908
2863,1872
2864,1891
2865,2952
2866,2493
2867,1914
2868,1956
2869,2044
2870,2904
2871,2413
2872,2259
2873,2165
2874,1765
2875,2768
2876,1860
2877,1992
2878,1914
2879,1810
2880,9214
2881,2402
2882,2725
2883,2111
2884,1804
2885,2605
2886,2233
2887,1967
2888,3290
2889,2214
2890,3325
2891,2093
2892,2650
2893,2142
2894,1816
2895,2466
2896,1878
2897,1716
2898,1732
2899,2242
2900,31045
2901,4819
2902,2941
2903,3540
2904,2570
2905,3111
2906,2332
2907,2437
2908,2388
2909,2755
2910,4355
2911,3772
2912,2694
2913,2898
2914,2452
2915,3296
2916,2893
2917,2284
2918,2245
2919,2538
2920,7665
2921,3215
2922,2299
2923,2602
2924,2328
2925,3730
2926,2139
2927,2001
2928,1886
2929,4769
2930,3978
2931,1946
2932,2078
2933,3029
2934,1830
2935,2053
2936,2079
2937,2066
2938,1533
2939,1829
2940,4041
2941,2671
2942,1753
2943,2052
2944,2045
2945,2505
2946,1821
2947,1872
2948,1876
2949,1774
2950,8048
2951,2122
2952,1750
2953,2097
2954,1469
2955,2497
2956,1628
2957,1746
2958,2156
2959,1780
2960,6996
2961,1715
2962,1940
2963,1732
2964,1638
2965,2122
2966,1971
2967,1877
2968,1617
2969,1644
2970,3088
2971,1739
2972,1624
2973,1793
2974,1446
2975,2269
2976,2109
2977,1905
2978,1757
2979,1734
2980,3192
2981,1647
2982,1731
2983,1551
2984,1586
2985,1849
2986,1387
2987,1760
2988,2112
2989,1637
2990,3469
2991,1928
2992,2297
2993,1687
2994,1717
2995,3394
2996,2041
2997,2227
2998,2320
2999,6582
3000,588905
3001,12957
3002,6785
3003,7487
3004,5425
3005,5231
3006,5313
3007,3916
3008,9759
3009,4070
3010,9258
3011,4513
3012,4954
3013,3586
3014,3557
3015,5096
3016,3496
3017,2944
3018,3388
3019,3592
3020,9520
3021,3785
3022,3228
3023,2837
3024,3269
3025,4883
3026,2388
3027,2548
3028,2356
3029,2426
3030,12150
3031,3713
3032,3004
3033,3304
3034,2367
3035,3558
3036,2554
3037,2092
3038,2314
3039,2312
3040,7068
3041,2644
3042,2705
3043,2321
3044,2537
3045,3067
3046,2036
3047,2146
3048,3015
3049,2241
3050,10237
3051,2943
3052,2722
3053,3149
3054,2205
3055,3869
3056,2253
3057,2129
3058,1902
3059,1955
3060,5751
3061,2163
3062,2134
3063,1961
3064,2027
3065,2386
3066,2304
3067,2028
3068,2367
3069,1755
3070,4212
3071,2189
3072,4271
3073,2106
3074,2037
3075,3061
3076,1790
3077,2682
3078,1776
3079,1973
3080,5185
3081,2348
3082,1878
3083,2172
3084,1862
3085,2368
3086,1888
3087,2003
3088,2052
3089,1842
3090,3797
3091,2073
3092,1823
3093,1718
3094,1638
3095,2191
3096,2052
3097,1553
3098,1686
3099,2426
3100,39359
3101,7382
3102,4890
3103,3385
3104,3145
3105,4208
3106,3038
3107,2920
3108,3091
3109,4614
3110,6870
3111,5714
3112,3183
3113,3534
3114,3318
3115,4815
3116,2723
3117,2612
3118,2285
3119,2434
3120,7051
3121,6887
3122,2832
3123,2920
3124,2660
3125,5683
3126,2698
3127,2165
3128,3649
3129,1943
3130,5619
3131,5252
3132,3088
3133,3801
3134,2336
3135,3349
3136,2097
3137,2021
3138,2077
3139,1723
3140,4056
3141,3247
3142,2532
3143,2511
3144,2260
3145,2880
3146,2237
3147,2080
3148,1971
3149,1877
3150,8517
3151,2659
3152,1894
3153,2016
3154,1743
3155,2537
3156,1980
3157,2013
3158,1729
3159,1794
3160,3683
3161,2896
3162,2318
3163,2072
3164,1883
3165,2278
3166,6551
3167,1943
3168,2459
3169,1597
3170,3593
3171,2740
3172,1697
3173,1756
3174,2021
3175,2888
3176,1672
3177,1943
3178,1473
3179,1796
3180,3675
3181,2469
3182,1814
3183,1678
3184,1968
3185,2383
3186,1936
3187,2372
3188,1952
3189,2064
3190,2780
3191,2398
3192,1673
3193,1642
3194,4648
3195,2297
3196,1978
3197,1538
3198,1637
3199,2452
3200,83445
3201,7361
3202,3562
3203,2697
3204,2874
3205,3847
3206,2840
3207,2760
3208,2682
3209,2242
3210,5810
3211,4060
3212,3446
3213,2782
3214,2085
3215,3084
3216,2679
3217,2165
3218,2525
3219,2128
3220,5697
3221,3257
3222,3509
3223,3298
3224,2829
3225,3337
3226,2326
3227,2138
3228,2077
3229,2123
3230,4040
3231,2559
3232,4125
3233,3269
3234,1929
3235,2860
3236,1838
3237,1965
3238,1625
3239,2005
3240,4824
3241,3610
3242,2129
3243,2424
3244,1920
3245,2571
3246,1811
3247,2103
3248,1589
3249,1715
3250,8874
3251,2450
3252,2346
3253,1970
3254,1965
3255,2711
3256,1787
3257,1817
3258,1861
3259,1634
3260,3783
3261,2526
3262,2092
3263,1633
3264,3161
3265,2220
3266,1875
3267,1829
3268,1846
3269,1653
3270,5555
3271,1783
3272,2402
3273,1597
3274,2012
3275,2292
3276,2086
3277,1853
3278,2119
3279,1758
3280,3886
3281,2251
3282,3004
3283,1695
3284,1519
3285,2050
3286,1618
3287,1892
3288,2107
3289,1588
3290,2623
3291,1408
3292,1902
3293,1578
3294,1607
3295,1972
3296,1491
3297,1470
3298,1439
3299,3337
3300,41352
3301,6981
3302,3500
3303,3891
3304,3296
3305,3103
3306,5366
3307,3484
3308,2344
3309,2812
3310,15092
3311,4935
3312,2612
3313,3886
3314,2596
3315,2952
3316,2264
3317,2696
3318,2506
3319,2423
3320,4717
3321,3053
3322,3806
3323,2394
3324,2135
3325,3204
3326,2081
3327,2071
3328,2228
3329,1791
3330,6911
3331,3340
3332,2772
3333,15491
3334,2865
3335,2821
3336,2241
3337,2453
3338,2175
3339,2628
3340,4046
3341,2204
3342,2752
3343,2849
3344,3360
3345,2675
3346,1977
3347,1722
3348,1951
3349,1619
3350,8807
3351,2272
3352,1942
3353,2275
3354,2200
3355,3291
3356,1720
3357,1598
3358,1671
3359,1958
3360,4431
3361,1939
3362,2661
3363,2048
3364,1686
3365,2333
3366,3283
3367,1664
3368,1876
3369,1940
3370,3388
3371,2306
3372,1770
3373,1945
3374,1529
3375,3543
3376,1788
3377,2612
3378,1860
3379,1760
3380,3161
3381,1884
3382,1862
3383,1810
3384,1667
3385,1729
3386,1669
3387,1431
3388,2405
3389,8260
3390,6643
3391,1922
3392,1445
3393,1975
3394,1482
3395,1828
3396,1821
3397,2218
3398,1413
3399,3109
3400,34264
3401,4849
3402,4645
3403,2414
3404,2816
3405,2746
3406,3879
3407,3000
3408,2097
3409,1957
3410,3842
3411,3157
3412,3037
3413,1868
3414,2029
3415,2297
3416,1798
3417,1989
3418,1619
3419,1479
3420,3908
3421,2243
3422,1956
3423,1771
3424,2112
3425,2416
3426,1735
3427,1802
3428,1469
3429,1551
3430,3042
3431,1844
3432,1738
3433,2055
3434,3175
3435,2437
3436,1593
3437,1559
3438,1489
3439,1533
3440,4891
3441,1969
3442,1928
3443,1987
3444,3238
3445,2154
3446,1491
3447,1748
3448,1751
3449,1673
3450,7586
3451,2167
3452,1925
3453,1545
3454,2591
3455,2041
3456,5368
3457,2252
3458,1923
3459,1527
3460,2680
3461,1716
3462,1520
3463,2731
3464,1923
3465,1900
3466,2008
3467,1674
3468,1714
3469,1401
3470,3036
3471,1662
3472,1626
3473,1695
3474,2306
3475,2654
3476,1455
3477,2019
3478,1700
3479,1298
3480,2914
3481,1546
3482,1450
3483,1581
3484,1612
3485,1539
3486,1320
3487,1353
3488,2418
3489,1409
3490,2552
3491,1505
3492,1267
3493,1212
3494,1465
3495,2135
3496,1207
3497,1371
3498,1260
3499,2698
3500,142398
3501,5105
3502,2787
3503,2292
3504,2573
3505,2896
3506,2316
3507,1784
3508,2207
3509,1958
3510,4300
3511,2746
3512,2312
3513,2007
3514,2171
3515,2456
3516,1905
3517,2016
3518,1591
3519,1684
3520,5807
3521,2480
3522,2054
3523,1756
3524,2048
3525,2573
3526,1581
3527,1613
3528,2457
3529,1756
3530,3175
3531,1873
3532,2054
3533,1771
3534,1449
3535,4472
3536,1918
3537,2830
3538,1609
3539,1527
3540,6275
3541,1917
3542,2067
3543,1821
3544,1582
3545,2234
3546,1426
3547,1622
3548,1846
3549,1358
3550,7197
3551,2124
3552,1839
3553,4600
3554,1426
3555,3699
3556,1635
3557,1532
3558,1448
3559,1484
3560,4200
3561,1500
3562,1313
3563,1260
3564,1370
3565,1949
3566,1692
3567,1475
3568,1593
3569,1366
3570,3146
3571,2094
3572,1470
3573,1398
3574,1476
3575,2195
3576,1514
3577,1680
3578,1658
3579,1456
3580,2772
3581,1597
3582,2617
3583,1864
3584,2350
3585,2016
3586,1504
3587,1298
3588,1865
3589,1339
3590,3504
3591,1604
3592,1835
3593,1282
3594,1365
3595,1943
3596,1266
3597,1559
3598,1555
3599,2611
3600,56728
3601,3945
3602,2682
3603,2331
3604,2445
3605,2217
3606,2168
3607,1526
3608,1650
3609,1713
3610,3442
3611,2136
3612,1765
3613,1596
3614,1637
3615,2356
3616,1701
3617,1623
3618,1467
3619,1535
3620,3518
3621,2287
3622,1810
3623,1554
3624,2074
3625,2066
3626,2351
3627,1898
3628,1760
3629,1351
3630,3855
3631,1715
3632,2235
3633,2955
3634,1292
3635,1961
3636,3202
3637,1887
3638,1600
3639,1725
3640,3059
3641,1645
3642,1559
3643,1307
3644,1548
3645,1622
3646,2155
3647,1834
3648,1986
3649,1460
3650,8049
3651,1772
3652,1407
3653,1378
3654,1331
3655,1886
3656,1546
3657,1454
3658,1403
3659,1329
3660,3434
3661,1725
3662,1360
3663,2940
3664,1738
3665,1731
3666,1865
3667,1946
3668,2009
3669,1523
3670,2240
3671,1497
3672,1498
3673,1763
3674,1452
3675,2115
3676,2241
3677,1402
3678,1540
3679,1285
3680,2782
3681,1466
3682,1271
3683,1483
3684,1164
3685,1414
3686,1468
3687,1260
3688,1725
3689,1334
3690,2150
3691,1647
3692,1252
3693,1268
3694,1114
3695,1573
3696,1598
3697,1370
3698,1309
3699,1990
3700,28755
3701,4324
3702,2383
3703,1847
3704,2159
3705,2387
3706,2651
3707,1746
3708,1892
3709,1966
3710,3066
3711,3176
3712,1748
3713,1755
3714,1621
3715,1987
3716,1538
3717,2245
3718,1797
3719,1623
3720,3504
3721,2118
3722,1817
3723,1498
3724,1707
3725,1992
3726,1515
3727,1791
3728,1555
3729,2458
3730,6395
3731,2118
3732,1752
3733,3958
3734,1527
3735,1841
3736,1342
3737,3367
3738,1500
3739,1453
3740,2438
3741,1609
3742,2400
3743,2916
3744,2245
3745,2652
3746,1797
3747,1417
3748,1594
3749,1319
3750,10738
3751,2059
3752,1611
3753,1384
3754,1338
3755,2428
3756,1437
3757,1473
3758,1772
3759,1242
3760,2726
3761,1786
3762,1532
3763,1353
3764,1420
3765,1615
3766,1405
3767,1564
3768,1189
3769,1376
3770,3374
3771,1536
3772,1456
3773,1848
3774,1659
3775,2009
3776,2399
3777,2689
3778,1438
3779,1843
3780,2666
3781,1595
3782,1550
3783,1289
3784,1352
3785,1499
3786,1356
3787,1485
3788,1520
3789,1307
3790,2117
3791,2285
3792,1075
3793,1234
3794,1156
3795,1538
3796,1225
3797,1549
3798,1343
3799,1768
3800,33920
3801,4442
3802,2220
3803,1901
3804,1616
3805,2177
3806,1723
3807,1545
3808,2226
3809,1593
3810,3317
3811,2251
3812,1990
3813,1565
3814,1691
3815,1823
3816,1505
3817,1477
3818,1528
3819,1347
3820,3611
3821,1980
3822,1820
3823,1830
3824,1712
3825,2242
3826,1770
3827,1435
3828,1641
3829,1358
3830,3170
3831,1834
3832,1548
3833,2326
3834,2402
3835,1973
3836,1224
3837,1380
3838,3192
3839,1792
3840,15183
3841,1780
3842,1765
3843,1295
3844,2090
3845,2072
3846,1447
3847,1781
3848,1571
3849,1548
3850,6595
3851,1599
3852,1394
3853,1266
3854,1262
3855,2176
3856,1300
3857,1924
3858,1417
3859,2062
3860,2707
3861,1581
3862,1494
3863,1460
3864,1566
3865,1483
3866,1473
3867,1288
3868,1440
3869,1268
3870,3611
3871,1303
3872,1683
3873,1489
3874,1393
3875,1708
3876,1339
3877,1515
3878,1601
3879,1116
3880,3643
3881,1360
3882,1244
3883,1718
3884,1223
3885,1507
3886,1260
3887,1360
3888,3203
3889,1356
3890,2002
3891,1201
3892,1534
3893,1447
3894,1189
3895,1318
3896,1187
3897,1457
3898,1263
3899,1429
3900,21245
3901,3432
3902,2071
3903,2794
3904,1745
3905,2153
3906,1771
3907,1557
3908,1527
3909,1964
3910,2493
3911,2247
3912,1751
3913,1479
3914,1434
3915,1870
3916,1675
3917,1397
3918,1695
3919,1575
3920,2814
3921,2267
3922,2164
3923,1430
3924,1594
3925,1815
3926,1597
3927,1219
3928,1340
3929,1550
3930,2490
3931,1533
3932,1322
3933,1427
3934,5881
3935,1413
3936,1411
3937,2417
3938,1184
3939,2685
3940,2538
3941,1377
3942,1126
3943,1163
3944,1187
3945,2623
3946,1096
3947,1275
3948,1042
3949,1481
3950,4335
3951,1254
3952,1263
3953,1268
3954,1256
3955,1816
3956,1304
3957,1030
3958,1510
3959,2024
3960,2632
3961,1209
3962,1744
3963,1147
3964,1169
3965,1323
3966,1580
3967,1129
3968,1213
3969,1662
3970,2017
3971,1604
3972,1159
3973,931
3974,1154
3975,1590
3976,1161
3977,1183
3978,1466
3979,1304
3980,2065
3981,1095
3982,1293
3983,1105
3984,1364
3985,1659
3986,1751
3987,1403
3988,1435
3989,1372
3990,2628
3991,1237
3992,1291
3993,1477
3994,1465
3995,2245
3996,1620
3997,1357
3998,1516
3999,4345
4000,343628
4001,9535
4002,4485
4003,4361
4004,7394
4005,4545
4006,3578
4007,3343
4008,3323
4009,2391
4010,6693
4011,4265
4012,3183
4013,3563
4014,3671
4015,3098
4016,2441
4017,3341
4018,2147
4019,1845
4020,6834
4021,2451
4022,2518
4023,2146
4024,2187
4025,2959
4026,2220
4027,1751
4028,1895
4029,1900
4030,4223
4031,2377
4032,2797
4033,2965
4034,1880
4035,2181
4036,1585
4037,1567
4038,2223
4039,2075
4040,7274
4041,2720
4042,1873
4043,2128
4044,2138
4045,2221
4046,2054
4047,2022
4048,1610
4049,2348
4050,7409
4051,3194
4052,1683
4053,2174
4054,1633
4055,2230
4056,1487
4057,1383
4058,1416
4059,1514
4060,4438
4061,2392
4062,1785
4063,1420
4064,2093
4065,1812
4066,2267
4067,1807
4068,1506
4069,1655
4070,3007
4071,1640
4072,1720
4073,1361
4074,1601
4075,1968
4076,1347
4077,1844
4078,1412
4079,1343
4080,3408
4081,2092
4082,1468
4083,1313
4084,1410
4085,1530
4086,1226
4087,1166
4088,1914
4089,1176
4090,2634
4091,1405
4092,1557
4093,1515
4094,1782
4095,3494
4096,28589
4097,1795
4098,1493
4099,2852
4100,24624
4101,4652
4102,3729
4103,4274
4104,2584
4105,2642
4106,2111
4107,1954
4108,2044
4109,1922
4110,3827
4111,5056
4112,2550
4113,2089
4114,2164
4115,2438
4116,2355
4117,1806
4118,1625
4119,1515
4120,3747
4121,2688
4122,2395
4123,2753
4124,1740
4125,2617
4126,1364
4127,1646
4128,1896
4129,1699
4130,7769
4131,2095
4132,1485
4133,1647
4134,1371
4135,2159
4136,1536
4137,1515
4138,1443
4139,1255
4140,6534
4141,4432
4142,2157
4143,1574
4144,1671
4145,1844
4146,1319
4147,1334
4148,1562
4149,1362
4150,5405
4151,2398
4152,1502
4153,1452
4154,1231
4155,2121
4156,1399
4157,1372
4158,1392
4159,1547
4160,3606
4161,2355
4162,1327
4163,1489
4164,1375
4165,1746
4166,1614
4167,1892
4168,1235
4169,1407
4170,2286
4171,1812
4172,1804
4173,1450
4174,1299
4175,1900
4176,1202
4177,1444
4178,1218
4179,1423
4180,2419
4181,1727
4182,1172
4183,1317
4184,1201
4185,1415
4186,1366
4187,1305
4188,1352
4189,1061
4190,1755
4191,1608
4192,1239
4193,1149
4194,1162
4195,1505
4196,1086
4197,1036
4198,1167
4199,1624
4200,37932
4201,3436
4202,3564
4203,2029
4204,1874
4205,2103
4206,1575
4207,1724
4208,1771
4209,1567
4210,4117
4211,2722
4212,2732
4213,1776
4214,2029
4215,2627
4216,1720
4217,3682
4218,1394
4219,1420
4220,3446
4221,2440
4222,3265
4223,1632
4224,2285
4225,2445
4226,1819
4227,3495
4228,1779
4229,1703
4230,2773
4231,2326
4232,1896
4233,1912
4234,1500
4235,1483
4236,4454
4237,1449
4238,1211
4239,1244
4240,3156
4241,1742
4242,4134
4243,1808
4244,2500
4245,1762
4246,1284
4247,1654
4248,1281
4249,1257
4250,6019
4251,1645
4252,1432
4253,1585
4254,1360
4255,1698
4256,1346
4257,1261
4258,1284
4259,1109
4260,2421
4261,1601
4262,1665
4263,1625
4264,1271
4265,1511
4266,1402
4267,1303
4268,1396
4269,1359
4270,2076
4271,1871
4272,1572
4273,1222
4274,1335
4275,1804
4276,1286
4277,1607
4278,1450
4279,1255
4280,2272
4281,1302
4282,1462
4283,1179
4284,1122
4285,1382
4286,1276
4287,1957
4288,1433
4289,1166
4290,1942
4291,1382
4292,1464
4293,1079
4294,1196
4295,1436
4296,1107
4297,1189
4298,1093
4299,1515
4300,22726
4301,4486
4302,2419
4303,2235
4304,1647
4305,2096
4306,1812
4307,1541
4308,1896
4309,1413
4310,3019
4311,2580
4312,2272
4313,1730
4314,1681
4315,1907
4316,1391
4317,1488
4318,1419
4319,1683
4320,5004
4321,4934
4322,2079
4323,1683
4324,1991
4325,2301
4326,2531
4327,1538
4328,1650
4329,1287
4330,3239
4331,2890
4332,1881
4333,2821
4334,1728
4335,1837
4336,1397
4337,1483
4338,1922
4339,1241
4340,4331
4341,1600
4342,1436
4343,3038
4344,1751
4345,1785
4346,1288
4347,1330
4348,1287
4349,1429
4350,5622
4351,1524
4352,1391
4353,1601
4354,1228
4355,1744
4356,1559
4357,6794
4358,1425
4359,1050
4360,2982
4361,1570
4362,1484
4363,1341
4364,1573
4365,1438
4366,1550
4367,1284
4368,1457
4369,1118
4370,2231
4371,1461
4372,1385
4373,1427
4374,1131
4375,2497
4376,1435
4377,1469
4378,1009
4379,1014
4380,2079
4381,1382
4382,1048
4383,1167
4384,1393
4385,1100
4386,1457
4387,1012
4388,1363
4389,1139
4390,1714
4391,2095
4392,1231
4393,1195
4394,1012
4395,1321
4396,1018
4397,1014
4398,1188
4399,1686
4400,28117
4401,3705
4402,2968
4403,1740
4404,2737
4405,1789
4406,2286
4407,1513
4408,1696
4409,1455
4410,3049
4411,3675
4412,2599
4413,1455
4414,2242
4415,2093
4416,1725
4417,1618
4418,1392
4419,2030
4420,2687
4421,1708
4422,2804
4423,2251
4424,1742
4425,2063
4426,1346
4427,1470
4428,1334
4429,1533
4430,3005
4431,1619
4432,1634
4433,2472
4434,1682
4435,2923
4436,1347
4437,1663
4438,1813
4439,1339
4440,3608
4441,2513
4442,1794
4443,2176
4444,11819
4445,2184
4446,1562
4447,1421
4448,2023
4449,2569
4450,3778
4451,1516
4452,1389
4453,1859
4454,1267
4455,3504
4456,1409
4457,1478
4458,1288
4459,1055
4460,2925
4461,1367
4462,1439
4463,1351
4464,1903
4465,1430
4466,1917
4467,1164
4468,1215
4469,1142
4470,2364
4471,1677
4472,1854
4473,3694
4474,1494
4475,1457
4476,1558
4477,2114
4478,1293
4479,1045
4480,2463
4481,1313
4482,1245
4483,1641
4484,2036
4485,1708
4486,1331
4487,1297
4488,2314
4489,1031
4490,2400
4491,1159
4492,1135
4493,1129
4494,1156
4495,1464
4496,1151
4497,1049
4498,1090
4499,2156
4500,81728
4501,3743
4502,2356
4503,2901
4504,1756
4505,3107
4506,3365
4507,1756
4508,1468
4509,1581
4510,3335
4511,3460
4512,1932
4513,1571
4514,1375
4515,1948
4516,1448
4517,1248
4518,1217
4519,1360
4520,3804
4521,1811
4522,1807
4523,1253
4524,1533
4525,1942
4526,1160
4527,1251
4528,1216
4529,1778
4530,2882
4531,1388
4532,1422
4533,1516
4534,1087
4535,1596
4536,1324
4537,1249
4538,1187
4539,1286
4540,2263
4541,1509
4542,1324
4543,1321
4544,1543
4545,3476
4546,1320
4547,1341
4548,1337
4549,1105
4550,4991
4551,2118
4552,1215
4553,1219
4554,1531
4555,2770
4556,1560
4557,1374
4558,1647
4559,1179
4560,2472
4561,1287
4562,1792
4563,1292
4564,1207
4565,1653
4566,1605
4567,3907
4568,1203
4569,1667
4570,2284
4571,1581
4572,1436
4573,1239
4574,1008
4575,2151
4576,1270
4577,1411
4578,985
4579,1138
4580,1790
4581,1128
4582,1430
4583,1004
4584,987
4585,1288
4586,1127
4587,1326
4588,1216
4589,1010
4590,2312
4591,1147
4592,1391
4593,951
4594,1057
4595,1243
4596,956
4597,921
4598,996
4599,1409
4600,24967
4601,2713
4602,1755
4603,1457
4604,1295
4605,1792
4606,1583
4607,1391
4608,1964
4609,1445
4610,2898
4611,1917
4612,1463
4613,1308
4614,1571
4615,1536
4616,1580
4617,1303
4618,1202
4619,1330
4620,2740
4621,1411
4622,1660
4623,1380
4624,1504
4625,2232
4626,1696
4627,1259
4628,1365
4629,1125
4630,2938
4631,1365
4632,1507
4633,1486
4634,1432
4635,1562
4636,3896
4637,1309
4638,1119
4639,1167
4640,2353
4641,1311
4642,1380
4643,1160
4644,1563
4645,1593
4646,2796
4647,1727
4648,1471
4649,1188
4650,5230
4651,1527
4652,1326
4653,2156
4654,1197
4655,1901
4656,1398
4657,1250
4658,1302
4659,989
4660,2476
4661,1432
4662,1506
4663,2389
4664,1387
4665,1345
4666,1797
4667,1483
4668,1260
4669,1109
4670,2969
4671,1262
4672,1119
4673,3131
4674,1097
4675,1440
4676,1114
4677,1327
4678,1252
4679,888
4680,2195
4681,1577
4682,1058
4683,1153
4684,1563
4685,1236
4686,1253
4687,1077
4688,1479
4689,1095
4690,2062
4691,1332
4692,955
4693,920
4694,1136
4695,1141
4696,1241
4697,1030
4698,905
4699,1214
4700,19500
4701,2747
4702,1566
4703,1657
4704,1919
4705,1709
4706,1185
4707,1701
4708,1287
4709,1277
4710,2469
4711,3516
4712,1576
4713,1672
4714,1313
4715,2775
4716,1139
4717,1395
4718,1096
4719,1195
4720,2675
4721,1481
4722,1887
4723,1905
4724,1292
4725,2174
4726,1334
4727,1690
4728,1211
4729,1681
4730,2339
4731,1799
4732,1683
4733,1519
4734,1366
4735,1692
4736,1543
4737,1339
4738,1058
4739,1006
4740,2279
4741,1677
4742,1128
4743,1203
4744,1325
4745,1246
4746,1080
4747,3336
4748,1343
4749,1084
4750,4795
4751,1358
4752,1393
4753,1098
4754,1167
4755,1934
4756,1016
4757,1420
4758,1287
4759,1062
4760,1986
4761,1292
4762,1246
4763,1204
4764,1015
4765,1501
4766,1424
4767,1163
4768,1133
4769,1389
4770,3080
4771,1631
4772,1326
4773,1216
4774,1448
4775,1547
4776,1294
4777,2698
4778,1042
4779,1045
4780,2084
4781,1087
4782,1057
4783,1129
4784,953
4785,994
4786,1068
4787,1237
4788,1386
4789,1151
4790,2248
4791,1288
4792,1014
4793,866
4794,783
4795,1042
4796,832
4797,1581
4798,781
4799,1791
4800,35939
4801,3574
4802,1610
4803,1209
4804,1352
4805,1627
4806,1351
4807,1237
4808,1354
4809,1093
4810,2854
4811,1707
4812,1422
4813,1159
4814,1248
4815,1399
4816,1227
4817,1066
4818,1397
4819,1590
4820,2715
4821,1195
4822,1728
4823,1115
4824,1330
4825,1583
4826,996
4827,1348
4828,1257
4829,987
4830,2442
4831,1303
4832,1195
4833,1531
4834,946
4835,1434
4836,1160
4837,1201
4838,1177
4839,921
4840,2071
4841,1610
4842,1168
4843,1155
4844,1355
4845,1314
4846,1038
4847,1200
4848,3046
4849,1722
4850,6091
4851,1158
4852,1476
4853,1188
4854,1056
4855,1285
4856,1348
4857,1073
4858,1120
4859,976
4860,2183
4861,1427
4862,1161
4863,1003
4864,1103
4865,1015
4866,1070
4867,1356
4868,3750
4869,1277
4870,5121
4871,1127
4872,1478
4873,889
4874,905
4875,1509
4876,1089
4877,1330
4878,2505
4879,966
4880,2627
4881,1295
4882,994
4883,1007
4884,1490
4885,1190
4886,1023
4887,1212
4888,2473
4889,1222
4890,2602
4891,884
4892,999
4893,814
4894,844
4895,1382
4896,985
4897,1019
4898,1013
4899,1492
4900,15074
4901,3006
4902,1556
4903,1520
4904,1296
4905,1903
4906,1214
4907,1188
4908,1024
4909,1598
4910,2062
4911,2276
4912,1419
4913,1304
4914,1086
4915,1685
4916,1119
4917,1093
4918,1058
4919,1305
4920,2012
4921,1498
4922,1514
4923,1167
4924,1094
4925,1593
4926,1316
4927,1079
4928,1421
4929,1516
4930,2069
4931,1280
4932,1047
4933,1762
4934,980
4935,1114
4936,1089
4937,1001
4938,1050
4939,1392
4940,1963
4941,1507
4942,1430
4943,1237
4944,1583
4945,1875
4946,1087
4947,1293
4948,1199
4949,2565
4950,3881
4951,1210
4952,1224
4953,981
4954,968
4955,1372
4956,1164
4957,964
4958,1318
4959,1134
4960,2192
4961,1133
4962,978
4963,977
4964,915
4965,1389
4966,1177
4967,1096
4968,1198
4969,1068
4970,1844
4971,1033
4972,1024
4973,919
4974,1138
4975,2335
4976,1021
4977,1038
4978,774
4979,1045
4980,1872
4981,1089
4982,1046
4983,1062
4984,1028
4985,1276
4986,1110
4987,888
4988,1154
4989,1080
4990,2636
4991,1319
4992,1154
4993,1198
4994,1245
4995,1843
4996,1094
4997,1543
4998,1253
4999,5528
5000,543122
5001,9009
5002,4332
5003,3268
5004,2944
5005,4704
5006,2503
5007,2582
5008,5006
5009,2316
5010,8033
5011,2905
5012,2309
5013,1966
5014,4291
5015,3597
5016,1695
5017,1708
5018,1709
5019,1584
5020,5604
5021,2132
5022,2013
5023,1649
5024,1709
5025,2278
5026,1504
5027,1411
5028,1229
5029,1423
5030,4375
5031,1579
5032,1569
5033,1809
5034,1477
5035,1775
5036,1720
5037,1196
5038,1249
5039,1162
5040,4554
5041,1497
5042,1275
5043,1440
5044,1433
5045,1836
5046,1286
5047,1195
5048,1321
5049,1196
5050,12757
5051,2208
5052,3392
5053,1468
5054,1396
5055,2782
5056,1709
5057,1368
5058,1223
5059,1537
5060,5326
5061,2483
5062,1288
5063,1226
5064,1166
5065,1695
5066,1913
5067,1511
5068,1403
5069,1213
5070,2906
5071,1114
5072,1238
5073,1107
5074,1071
5075,1906
5076,1156
5077,1217
5078,1020
5079,1056
5080,3361
5081,1205
5082,1201
5083,2005
5084,1236
5085,1477
5086,1461
5087,1110
5088,1752
5089,1680
5090,2543
5091,1179
5092,1214
5093,983
5094,904
5095,1391
5096,1275
5097,969
5098,1050
5099,1349
5100,25459
5101,4522
5102,2628
5103,2163
5104,1731
5105,2106
5106,1689
5107,2085
5108,1770
5109,1329
5110,4710
5111,4047
5112,1975
5113,1492
5114,2689
5115,2336
5116,1519
5117,1440
5118,1786
5119,1661
5120,5054
5121,2222
5122,2026
5123,1995
5124,1455
5125,2210
5126,1550
5127,1272
5128,1423
5129,994
5130,3462
5131,1854
5132,1351
5133,1443
5134,1274
5135,1369
5136,1287
5137,1127
5138,978
5139,1355
5140,2860
5141,1454
5142,1304
5143,1134
5144,1176
5145,1473
5146,1361
5147,1179
5148,1183
5149,1266
5150,11512
5151,3633
5152,1870
5153,1790
5154,1206
5155,2365
5156,1406
5157,1205
5158,1100
5159,1185
5160,4994
5161,1815
5162,1321
5163,1145
5164,1155
5165,1513
5166,1257
5167,1413
5168,1238
5169,981
5170,2511
5171,1603
5172,1193
5173,1043
5174,1011
5175,1465
5176,1242
5177,1054
5178,907
5179,853
5180,2249
5181,1226
5182,1158
5183,1006
5184,1436
5185,1216
5186,970
5187,1010
5188,1331
5189,932
5190,2014
5191,1718
5192,971
5193,1134
5194,11304
5195,1571
5196,979
5197,1108
5198,1118
5199,1880
5200,37102
5201,3096
5202,1878
5203,1682
5204,1835
5205,2106
5206,1472
5207,1430
5208,1654
5209,1279
5210,3998
5211,2890
5212,1795
5213,1314
5214,1446
5215,1597
5216,1284
5217,1262
5218,1469
5219,1398
5220,4522
5221,1723
5222,3146
5223,1769
5224,1723
5225,2960
5226,1523
5227,1511
5228,1411
5229,1228
5230,3788
5231,1369
5232,1385
5233,2590
5234,1288
5235,1899
5236,1222
5237,1162
5238,1157
5239,1250
5240,2238
5241,1169
5242,1404
5243,1367
5244,1536
5245,1678
5246,1386
5247,1305
5248,1202
5249,1061
5250,7971
5251,1763
5252,2892
5253,1698
5254,1183
5255,2108
5256,1146
5257,1255
5258,1133
5259,1027
5260,2040
5261,1288
5262,1255
5263,1422
5264,950
5265,1037
5266,1626
5267,1254
5268,1033
5269,1189
5270,1903
5271,1203
5272,1370
5273,1170
5274,992
5275,1577
5276,984
5277,1409
5278,1169
5279,865
5280,7425
5281,2717
5282,1255
5283,1618
5284,956
5285,1611
5286,886
5287,1022
5288,1320
5289,1036
5290,1594
5291,1598
5292,1572
5293,1042
5294,943
5295,1162
5296,1396
5297,1277
5298,896
5299,1309
5300,23028
5301,3713
5302,1948
5303,2025
5304,1589
5305,2306
5306,1602
5307,1802
5308,1325
5309,2106
5310,3931
5311,2495
5312,2134
5313,1467
5314,1336
5315,1812
5316,1457
5317,1251
5318,1196
5319,1268
5320,3616
5321,2217
5322,2123
5323,1890
5324,1539
5325,1957
5326,1487
5327,1258
5328,1460
5329,1640
5330,2856
5331,1610
5332,1351
5333,2986
5334,1547
5335,1846
5336,1404
5337,1398
5338,1154
5339,1180
5340,2423
5341,1314
5342,1222
5343,1589
5344,1292
5345,1628
5346,1232
5347,1158
5348,1171
5349,1185
5350,3586
5351,1420
5352,1298
5353,3823
5354,1378
5355,1875
5356,1534
5357,1289
5358,1111
5359,1270
5360,2050
5361,1189
5362,1172
5363,1373
5364,1078
5365,1185
5366,1245
5367,1132
5368,1213
5369,894
5370,1864
5371,1154
5372,997
5373,1353
5374,1004
5375,1446
5376,1109
5377,1253
5378,1077
5379,915
5380,1988
5381,1455
5382,1037
5383,1164
5384,1046
5385,1191
5386,1026
5387,1732
5388,1142
5389,907
5390,1559
5391,1024
5392,839
5393,984
5394,911
5395,1328
5396,953
5397,934
5398,958
5399,1190
5400,27523
5401,3054
5402,1852
5403,1692
5404,1561
5405,1865
5406,1594
5407,1363
5408,1187
5409,1127
5410,2307
5411,2196
5412,1420
5413,1223
5414,1281
5415,1515
5416,1255
5417,1023
5418,1167
5419,979
5420,3080
5421,1310
5422,2083
5423,1338
5424,1711
5425,1644
5426,1192
5427,1055
5428,1240
5429,990
5430,2573
5431,1247
5432,2543
5433,2726
5434,1441
5435,1193
5436,1016
5437,2295
5438,1218
5439,1165
5440,2773
5441,1499
5442,1259
5443,1566
5444,2192
5445,1896
5446,1491
5447,1228
5448,1197
5449,1487
5450,4569
5451,1287
5452,1204
5453,1069
5454,2404
5455,1857
5456,1323
5457,1020
5458,991
5459,1083
5460,1857
5461,1961
5462,1036
5463,1438
5464,1377
5465,1858
5466,1386
5467,1076
5468,975
5469,921
5470,2732
5471,2491
5472,2593
5473,924
5474,1273
5475,1321
5476,1072
5477,1179
5478,1146
5479,1138
5480,2262
5481,1153
5482,1077
5483,1237
5484,911
5485,1129
5486,1064
5487,903
5488,1154
5489,1010
5490,1714
5491,1338
5492,832
5493,884
5494,1149
5495,1468
5496,910
5497,806
5498,1982
5499,1553
5500,60935
5501,3037
5502,1766
5503,1551
5504,1576
5505,4026
5506,1899
5507,1512
5508,1895
5509,1343
5510,4620
5511,2901
5512,2408
5513,2611
5514,1433
5515,2537
5516,1601
5517,1681
5518,1325
5519,1317
5520,4665
5521,1611
5522,2250
5523,1363
5524,1513
5525,2823
5526,1367
5527,1220
5528,1102
5529,1699
5530,4069
5531,1437
5532,1661
5533,2411
5534,1603
5535,1783
5536,1537
5537,1314
5538,1096
5539,1262
5540,2647
5541,1399
5542,1302
5543,1111
5544,2025
5545,1888
5546,1159
5547,1164
5548,1283
5549,976
5550,5629
5551,2011
5552,1626
5553,1424
5554,1568
5555,12063
5556,1869
5557,1382
5558,1760
5559,1586
5560,2185
5561,1325
5562,962
5563,913
5564,1069
5565,1539
5566,2278
5567,1013
5568,1254
5569,1084
5570,2608
5571,1109
5572,1213
5573,951
5574,896
5575,1969
5576,1108
5577,2196
5578,1132
5579,898
5580,2397
5581,1102
5582,1091
5583,1119
5584,994
5585,1613
5586,932
5587,964
5588,1851
5589,952
5590,1868
5591,1163
5592,1025
5593,1091
5594,931
5595,1381
5596,1049
5597,1027
5598,975
5599,1558
5600,23044
5601,2753
5602,1632
5603,1289
5604,1546
5605,1760
5606,1859
5607,1188
5608,1106
5609,1137
5610,2866
5611,1534
5612,1244
5613,1203
5614,1068
5615,1371
5616,1428
5617,885
5618,944
5619,900
5620,2625
5621,1285
5622,1386
5623,1241
5624,1091
5625,2568
5626,1747
5627,1414
5628,1064
5629,972
5630,2397
5631,1081
5632,1310
5633,1285
5634,1070
5635,1537
5636,1208
5637,1548
5638,1270
5639,1051
5640,1985
5641,1193
5642,1238
5643,1172
5644,1191
5645,1218
5646,1623
5647,1019
5648,881
5649,905
5650,3384
5651,1333
5652,1118
5653,1011
5654,1016
5655,1671
5656,2284
5657,1263
5658,989
5659,920
5660,2620
5661,1375
5662,1074
5663,1290
5664,1175
5665,1844
5666,1628
5667,1444
5668,972
5669,1193
5670,3415
5671,1357
5672,1472
5673,1139
5674,1084
5675,1299
5676,1232
5677,1118
5678,4091
5679,1018
5680,2387
5681,915
5682,967
5683,1229
5684,889
5685,984
5686,938
5687,1315
5688,1196
5689,970
5690,1843
5691,915
5692,918
5693,823
5694,1027
5695,1521
5696,1067
5697,948
5698,825
5699,1308
5700,18129
5701,3189
5702,1432
5703,1565
5704,1212
5705,1822
5706,1072
5707,1336
5708,1316
5709,1313
5710,1958
5711,2346
5712,1557
5713,1346
5714,1358
5715,2021
5716,941
5717,1149
5718,1178
5719,1212
5720,2297
5721,1657
5722,1656
5723,1159
5724,983
5725,1758
5726,960
5727,1682
5728,1146
5729,979
5730,3236
5731,1179
5732,1162
5733,1663
5734,1155
5735,1474
5736,1106
5737,1119
5738,1017
5739,1370
5740,2288
5741,1400
5742,1330
5743,1225
5744,1332
5745,1399
5746,1201
5747,1375
5748,1209
5749,1038
5750,4903
5751,2035
5752,1245
5753,1597
5754,1819
5755,1627
5756,1060
5757,2598
5758,1237
5759,1163
5760,3492
5761,1200
5762,1205
5763,1207
5764,1080
5765,1295
5766,1419
5767,1387
5768,1371
5769,1227
5770,4846
5771,1709
5772,1940
5773,1575
5774,1646
5775,2611
5776,1850
5777,3562
5778,2742
5779,2233
5780,1630
5781,965
5782,877
5783,781
5784,842
5785,1192
5786,1035
5787,978
5788,1073
5789,1131
5790,1469
5791,1035
5792,855
5793,1108
5794,736
5795,1066
5796,874
5797,879
5798,900
5799,1009
5800,24757
5801,2454
5802,1335
5803,1151
5804,1111
5805,1350
5806,1207
5807,1964
5808,1392
5809,975
5810,2182
5811,1527
5812,3395
5813,1032
5814,1134
5815,1229
5816,1266
5817,1051
5818,1018
5819,1162
5820,2489
5821,1108
5822,1707
5823,1014
5824,881
5825,1538
5826,796
5827,756
5828,1075
5829,942
5830,2263
5831,905
5832,1216
5833,1287
5834,1053
5835,997
5836,934
5837,1127
5838,918
5839,1546
5840,2359
5841,1177
5842,835
5843,997
5844,883
5845,1267
5846,1219
5847,878
5848,997
5849,1036
5850,4582
5851,1207
5852,1081
5853,1069
5854,874
5855,1511
5856,920
5857,791
5858,2065
5859,1075
5860,1891
5861,1193
5862,913
5863,819
5864,1009
5865,1414
5866,1077
5867,1174
5868,912
5869,918
5870,4513
5871,964
5872,944
5873,804
5874,911
5875,1333
5876,1040
5877,1144
5878,852
5879,867
5880,1946
5881,1658
5882,956
5883,1005
5884,970
5885,1790
5886,898
5887,1023
5888,2072
5889,794
5890,1765
5891,1089
5892,825
5893,746
5894,725
5895,1700
5896,823
5897,982
5898,1013
5899,1078
5900,13070
5901,2410
5902,1623
5903,1364
5904,1100
5905,1588
5906,1254
5907,1183
5908,1088
5909,1076
5910,1894
5911,1533
5912,978
5913,817
5914,823
5915,1212
5916,852
5917,906
5918,796
5919,859
5920,1929
5921,944
5922,1041
5923,1175
5924,799
5925,1455
5926,807
5927,823
5928,742
5929,886
5930,2820
5931,1023
5932,910
5933,907
5934,765
5935,1140
5936,809
5937,1068
5938,786
5939,951
5940,1663
5941,1016
5942,813
5943,948
5944,897
5945,915
5946,828
5947,785
5948,849
5949,886
5950,3446
5951,1035
5952,962
5953,808
5954,888
5955,1375
5956,842
5957,795
5958,860
5959,1853
5960,1854
5961,961
5962,1165
5963,867
5964,797
5965,1092
5966,880
5967,870
5968,735
5969,859
5970,2616
5971,915
5972,974
5973,1227
5974,781
5975,1616
5976,1097
5977,977
5978,812
5979,957
5980,1664
5981,887
5982,850
5983,753
5984,1036
5985,1174
5986,937
5987,823
5988,1008
5989,958
5990,2281
5991,1079
5992,919
5993,927
5994,765
5995,1898
5996,976
5997,841
5998,916
5999,3268
6000,228554
6001,6821
6002,3726
6003,2649
6004,2502
6005,2906
6006,3264
6007,2070
6008,2215
6009,2107
6010,5141
6011,3654
6012,2558
6013,2258
6014,1623
6015,3123
6016,1993
6017,1312
6018,1910
6019,1375
6020,4575
6021,2058
6022,1923
6023,1321
6024,1443
6025,1993
6026,1311
6027,1249
6028,1179
6029,1141
6030,3665
6031,1439
6032,1413
6033,1754
6034,981
6035,1793
6036,1256
6037,1094
6038,1333
6039,1150
6040,3460
6041,1572
6042,1321
6043,1046
6044,1254
6045,1688
6046,1162
6047,921
6048,1198
6049,1155
6050,4097
6051,1703
6052,1159
6053,1026
6054,997
6055,2712
6056,2068
6057,962
6058,1068
6059,968
6060,5820
6061,17971
6062,1593
6063,3597
6064,1116
6065,1490
6066,1915
6067,1131
6068,1128
6069,1151
6070,2778
6071,1233
6072,1189
6073,1075
6074,1050
6075,1489
6076,1086
6077,1127
6078,1008
6079,910
6080,3157
6081,1260
6082,2167
6083,1003
6084,1608
6085,1724
6086,1299
6087,923
6088,1356
6089,855
6090,2208
6091,1254
6092,906
6093,1035
6094,956
6095,1237
6096,1001
6097,1069
6098,1029
6099,1164
6100,19956
6101,3752
6102,2494
6103,3297
6104,1917
6105,2973
6106,2195
6107,1421
6108,1517
6109,1597
6110,4040
6111,4177
6112,1937
6113,1206
6114,1556
6115,1497
6116,1626
6117,1378
6118,1307
6119,1420
6120,4130
6121,2086
6122,1572
6123,1528
6124,1391
6125,2092
6126,1735
6127,1026
6128,1971
6129,1022
6130,2487
6131,2086
6132,1287
6133,1392
6134,970
6135,1307
6136,1199
6137,857
6138,1029
6139,1250
6140,2170
6141,1622
6142,1036
6143,1115
6144,1851
6145,1278
6146,1256
6147,1173
6148,1176
6149,914
6150,4507
6151,1793
6152,1279
6153,1040
6154,1185
6155,1306
6156,1029
6157,1135
6158,850
6159,1030
6160,2396
6161,2504
6162,1781
6163,1217
6164,1324
6165,1230
6166,1930
6167,1191
6168,1318
6169,919
6170,1726
6171,1291
6172,992
6173,960
6174,999
6175,1307
6176,1185
6177,1299
6178,915
6179,800
6180,2237
6181,1207
6182,861
6183,975
6184,761
6185,1054
6186,875
6187,762
6188,1107
6189,989
6190,1513
6191,1091
6192,914
6193,831
6194,747
6195,1018
6196,869
6197,788
6198,889
6199,1488
6200,20885
6201,2941
6202,2266
6203,2190
6204,1928
6205,2324
6206,1512
6207,1694
6208,1381
6209,1281
6210,3657
6211,2280
6212,1914
6213,1553
6214,1298
6215,1859
6216,1289
6217,1514
6218,1095
6219,970
6220,3307
6221,2260
6222,2633
6223,1600
6224,1541
6225,1872
6226,1850
6227,1494
6228,1205
6229,1350
6230,3549
6231,1407
6232,1472
6233,2054
6234,1516
6235,1552
6236,1120
6237,1308
6238,1582
6239,1603
6240,2593
6241,1553
6242,1410
6243,1088
6244,1355
6245,1309
6246,1177
6247,1086
6248,1164
6249,935
6250,6008
6251,1660
6252,1595
6253,1405
6254,1342
6255,1748
6256,1128
6257,1052
6258,1152
6259,915
6260,2305
6261,1462
6262,2520
6263,1880
6264,1574
6265,1655
6266,1318
6267,1056
6268,1063
6269,1186
6270,1818
6271,1411
6272,1519
6273,1520
6274,1147
6275,1422
6276,979
6277,1608
6278,1295
6279,946
6280,2262
6281,1198
6282,1180
6283,1028
6284,1034
6285,1571
6286,950
6287,1267
6288,1526
6289,1035
6290,1773
6291,1008
6292,1106
6293,820
6294,998
6295,1114
6296,878
6297,873
6298,901
6299,1387
6300,20080
6301,3014
6302,1664
6303,1826
6304,1881
6305,1877
6306,1398
6307,1497
6308,1156
6309,1543
6310,2798
6311,1944
6312,1353
6313,1205
6314,991
6315,1375
6316,1143
6317,1114
6318,1038
6319,987
6320,2738
6321,1576
6322,1378
6323,1469
6324,1403
6325,1920
6326,1080
6327,1071
6328,1232
6329,1265
6330,2879
6331,1638
6332,1540
6333,2889
6334,1425
6335,1327
6336,1634
6337,1299
6338,1343
6339,1090
6340,1955
6341,1084
6342,985
6343,1075
6344,1430
6345,1127
6346,1016
6347,970
6348,1071
6349,960
6350,3237
6351,1303
6352,1068
6353,1033
6354,1040
6355,1334
6356,890
6357,1234
6358,889
6359,846
6360,2245
6361,1857
6362,1131
6363,2414
6364,1070
6365,1015
6366,1276
6367,1009
6368,902
6369,784
6370,1282
6371,1215
6372,1198
6373,1120
6374,856
6375,1318
6376,995
6377,1150
6378,1148
6379,1378
6380,1484
6381,965
6382,946
6383,921
6384,930
6385,1211
6386,900
6387,895
6388,1224
6389,1100
6390,1322
6391,904
6392,913
6393,1066
6394,848
6395,965
6396,919
6397,1364
6398,958
6399,1422
6400,31815
6401,2649
6402,1871
6403,1304
6404,1519
6405,1828
6406,1214
6407,1061
6408,1095
6409,1189
6410,2100
6411,1686
6412,1350
6413,1077
6414,1271
6415,1194
6416,1072
6417,1091
6418,941
6419,847
6420,2018
6421,1122
6422,1264
6423,1101
6424,1321
6425,1979
6426,1427
6427,965
6428,1193
6429,1022
6430,1849
6431,1205
6432,1099
6433,1312
6434,1053
6435,1221
6436,792
6437,1080
6438,1079
6439,788
6440,2120
6441,1208
6442,1142
6443,1478
6444,1700
6445,1255
6446,1331
6447,981
6448,995
6449,871
6450,3521
6451,1040
6452,933
6453,1229
6454,1031
6455,1578
6456,978
6457,1107
6458,927
6459,1009
6460,2025
6461,995
6462,964
6463,1996
6464,2421
6465,1270
6466,1368
6467,1053
6468,1624
6469,902
6470,1533
6471,1173
6472,926
6473,991
6474,885
6475,1723
6476,750
6477,1047
6478,873
6479,726
6480,1507
6481,779
6482,902
6483,846
6484,1030
6485,740
6486,840
6487,1104
6488,1186
6489,922
6490,1585
6491,956
6492,884
6493,805
6494,934
6495,1190
6496,860
6497,1106
6498,934
6499,1323
6500,52015
6501,3779
6502,11615
6503,1491
6504,1173
6505,2288
6506,1350
6507,1224
6508,1424
6509,1618
6510,3597
6511,2376
6512,1549
6513,1224
6514,1128
6515,1639
6516,1238
6517,928
6518,974
6519,961
6520,3178
6521,1086
6522,1712
6523,977
6524,1040
6525,1798
6526,1080
6527,902
6528,894
6529,1117
6530,2095
6531,1196
6532,1305
6533,1168
6534,949
6535,1283
6536,1094
6537,858
6538,1469
6539,855
6540,1857
6541,1136
6542,1267
6543,1566
6544,1169
6545,1347
6546,919
6547,897
6548,916
6549,760
6550,4329
6551,1377
6552,1485
6553,1026
6554,1014
6555,2674
6556,1284
6557,938
6558,915
6559,908
6560,2408
6561,1142
6562,1035
6563,984
6564,980
6565,2239
6566,1383
6567,865
6568,906
6569,844
6570,1975
6571,970
6572,921
6573,664
6574,876
6575,1294
6576,890
6577,1117
6578,818
6579,787
6580,1615
6581,1320
6582,1033
6583,883
6584,808
6585,988
6586,737
6587,1170
6588,1174
6589,845
6590,1395
6591,888
6592,800
6593,707
6594,671
6595,1057
6596,984
6597,684
6598,716
6599,862
6600,20793
6601,2076
6602,1290
6603,1016
6604,1407
6605,1331
6606,1460
6607,909
6608,1188
6609,871
6610,2620
6611,2243
6612,1135
6613,1145
6614,1156
6615,1203
6616,1346
6617,994
6618,777
6619,924
6620,2271
6621,1576
6622,1910
6623,965
6624,958
6625,1190
6626,1204
6627,959
6628,827
6629,919
6630,2637
6631,1203
6632,1372
6633,2167
6634,923
6635,1170
6636,1331
6637,1153
6638,850
6639,923
6640,1675
6641,1026
6642,1199
6643,960
6644,1370
6645,1137
6646,1114
6647,901
6648,913
6649,800
6650,2846
6651,1551
6652,1143
6653,1153
6654,1100
6655,2054
6656,1137
6657,1342
6658,823
6659,850
6660,2061
6661,1189
6662,2155
6663,1250
6664,1694
6665,1168
6666,5373
6667,2795
6668,1106
6669,1064
6670,2445
6671,1490
6672,1497
6673,1146
6674,1078
6675,1116
6676,1168
6677,2289
6678,1047
6679,744
6680,2566
6681,1364
6682,1118
6683,1395
6684,1070
6685,1111
6686,1109
6687,1060
6688,1831
6689,832
6690,1530
6691,916
6692,803
6693,706
6694,1321
6695,1169
6696,1037
6697,1177
6698,1186
6699,2001
6700,16412
6701,2225
6702,1423
6703,974
6704,938
6705,1132
6706,977
6707,1363
6708,1167
6709,788
6710,2069
6711,1504
6712,1199
6713,1256
6714,874
6715,1061
6716,1162
6717,877
6718,773
6719,877
6720,1979
6721,1184
6722,1971
6723,1133
6724,1166
6725,1333
6726,979
6727,1136
6728,857
6729,872
6730,1606
6731,1118
6732,910
6733,1151
6734,882
6735,1314
6736,3704
6737,1373
6738,988
6739,796
6740,1553
6741,852
6742,1276
6743,857
6744,1089
6745,1054
6746,793
6747,1600
6748,808
6749,1050
6750,3966
6751,1272
6752,1165
6753,1041
6754,759
6755,1247
6756,781
6757,1101
6758,1042
6759,821
6760,1631
6761,979
6762,1002
6763,926
6764,714
6765,1285
6766,1090
6767,2099
6768,1334
6769,873
6770,2716
6771,892
6772,1116
6773,1128
6774,876
6775,1129
6776,1273
6777,3468
6778,844
6779,873
6780,1646
6781,837
6782,801
6783,778
6784,1020
6785,832
6786,756
6787,1156
6788,1181
6789,2631
6790,1627
6791,1155
6792,752
6793,665
6794,621
6795,868
6796,777
6797,793
6798,719
6799,963
6800,21593
6801,2416
6802,1260
6803,2326
6804,1068
6805,1715
6806,1295
6807,1113
6808,1273
6809,2251
6810,2029
6811,1520
6812,1181
6813,826
6814,951
6815,1106
6816,808
6817,953
6818,890
6819,703
6820,2152
6821,1302
6822,1375
6823,931
6824,1061
6825,1498
6826,916
6827,946
6828,1003
6829,725
6830,2101
6831,1095
6832,888
6833,972
6834,968
6835,1028
6836,986
6837,904
6838,956
6839,741
6840,1851
6841,1011
6842,828
6843,709
6844,926
6845,1284
6846,1389
6847,1080
6848,985
6849,734
6850,4140
6851,1329
6852,781
6853,1102
6854,1079
6855,1041
6856,863
6857,759
6858,828
6859,625
6860,1579
6861,1013
6862,788
6863,923
6864,762
6865,951
6866,1110
6867,794
6868,2323
6869,811
6870,3299
6871,974
6872,947
6873,862
6874,733
6875,1807
6876,909
6877,1233
6878,985
6879,835
6880,2486
6881,1199
6882,1125
6883,1002
6884,975
6885,1088
6886,1175
6887,1015
6888,2530
6889,948
6890,1794
6891,765
6892,820
6893,671
6894,663
6895,841
6896,824
6897,839
6898,710
6899,931
6900,10902
6901,2380
6902,1382
6903,1232
6904,954
6905,1286
6906,982
6907,998
6908,849
6909,1088
6910,1887
6911,1569
6912,1195
6913,913
6914,894
6915,1093
6916,769
6917,797
6918,800
6919,779
6920,2133
6921,1079
6922,2047
6923,853
6924,1026
6925,1349
6926,891
6927,723
6928,791
6929,774
6930,1742
6931,771
6932,744
6933,1126
6934,674
6935,936
6936,777
6937,938
6938,772
6939,1023
6940,1751
6941,1118
6942,829
6943,696
6944,947
6945,883
6946,1141
6947,766
6948,728
6949,846
6950,4155
6951,826
6952,672
6953,676
6954,791
6955,1086
6956,726
6957,713
6958,825
6959,913
6960,1910
6961,848
6962,1116
6963,1093
6964,794
6965,987
6966,990
6967,702
6968,1412
6969,1829
6970,3004
6971,835
6972,926
6973,798
6974,701
6975,1164
6976,965
6977,964
6978,1403
6979,814
6980,1482
6981,1011
6982,685
6983,787
6984,699
6985,726
6986,684
6987,656
6988,1129
6989,909
6990,2387
6991,881
6992,847
6993,639
6994,711
6995,1380
6996,976
6997,761
6998,888
6999,2602
7000,156955
7001,5781
7002,3356
7003,4817
7004,3250
7005,3162
7006,2221
7007,3249
7008,1878
7009,1891
7010,4847
7011,2387
7012,2372
7013,1840
7014,1742
7015,2227
7016,1872
7017,1880
7018,2027
7019,1127
7020,4042
7021,1818
7022,1763
7023,1419
7024,1444
7025,2210
7026,1286
7027,1484
7028,1142
7029,1196
7030,3816
7031,1678
7032,1249
7033,1288
7034,1257
7035,1805
7036,1210
7037,1154
7038,955
7039,1143
7040,2968
7041,1253
7042,1484
7043,1161
7044,1331
7045,1271
7046,1228
7047,1096
7048,1004
7049,801
7050,4561
7051,1141
7052,1196
7053,884
7054,1142
7055,1857
7056,993
7057,1084
7058,1005
7059,1050
7060,2840
7061,1281
7062,924
7063,952
7064,1020
7065,1380
7066,1206
7067,899
7068,1186
7069,1260
7070,4589
7071,1634
7072,1077
7073,1455
7074,1179
7075,9284
7076,1141
7077,1929
7078,1259
7079,1094
7080,2738
7081,1186
7082,1633
7083,1134
7084,784
7085,1200
7086,813
7087,971
7088,1204
7089,897
7090,2456
7091,1051
7092,1140
7093,1003
7094,1455
7095,1295
7096,1152
7097,791
7098,746
7099,1144
7100,17307
7101,2565
7102,1948
7103,1557
7104,1355
7105,1751
7106,1669
7107,1681
7108,1200
7109,1211
7110,4078
7111,3812
7112,1518
7113,1164
7114,1555
7115,1384
7116,1379
7117,1616
7118,998
7119,1071
7120,2997
7121,1699
7122,1493
7123,1554
7124,1094
7125,1609
7126,1318
7127,986
7128,1053
7129,1087
7130,2360
7131,1459
7132,1109
7133,1190
7134,1132
7135,1874
7136,1064
7137,946
7138,850
7139,816
7140,1877
7141,1979
7142,952
7143,1035
7144,1133
7145,1113
7146,1153
7147,913
7148,953
7149,779
7150,3606
7151,1310
7152,993
7153,1130
7154,926
7155,1536
7156,818
7157,844
7158,902
7159,1054
7160,2583
7161,1211
7162,834
7163,965
7164,962
7165,993
7166,1106
7167,1239
7168,965
7169,945
7170,1796
7171,2396
7172,1261
7173,1081
7174,897
7175,1313
7176,1158
7177,1377
7178,891
7179,797
7180,1680
7181,1541
7182,872
7183,1235
7184,841
7185,1116
7186,945
7187,850
7188,1404
7189,983
7190,1763
7191,1221
7192,901
7193,913
7194,838
7195,1420
7196,725
7197,738
7198,772
7199,1215
7200,33149
7201,3204
7202,3013
7203,2150
7204,1296
7205,1767
7206,1949
7207,1293
7208,1215
7209,932
7210,2775
7211,2340
7212,1911
7213,1072
7214,1055
7215,1329
7216,1523
7217,1095
7218,1083
7219,1514
7220,2661
7221,1404
7222,2808
7223,2773
7224,2467
7225,1915
7226,1417
7227,1577
7228,1330
7229,1002
7230,2419
7231,1236
7232,1225
7233,3434
7234,1340
7235,1325
7236,940
7237,1511
7238,1172
7239,888
7240,1974
7241,1197
7242,1295
7243,1655
7244,1225
7245,1897
7246,1255
7247,981
7248,1044
7249,866
7250,4843
7251,1392
7252,1258
7253,1055
7254,899
7255,1286
7256,2183
7257,864
7258,1681
7259,812
7260,2711
7261,1210
7262,1253
7263,1054
7264,1468
7265,1337
7266,1030
7267,1289
7268,851
7269,1165
7270,1885
7271,967
7272,2719
7273,1181
7274,1460
7275,2704
7276,868
7277,2492
7278,1086
7279,935
7280,2105
7281,920
7282,1015
7283,1288
7284,1033
7285,1224
7286,812
7287,979
7288,1540
7289,1195
7290,1896
7291,1147
7292,1097
7293,907
7294,780
7295,1029
7296,758
7297,1266
7298,827
7299,998
7300,16999
7301,1901
7302,1600
7303,1540
7304,1566
7305,1511
7306,1282
7307,1360
7308,1314
7309,983
7310,2258
7311,1535
7312,1211
7313,1016
7314,992
7315,1262
7316,1049
7317,964
7318,1290
7319,998
7320,2115
7321,1451
7322,1201
7323,1943
7324,1264
7325,1913
7326,1851
7327,920
7328,1249
7329,758
7330,2090
7331,1277
7332,1346
7333,2242
7334,968
7335,1065
7336,1219
7337,1545
7338,859
7339,718
7340,2066
7341,864
7342,909
7343,1053
7344,918
7345,1318
7346,865
7347,950
7348,898
7349,838
7350,2790
7351,1105
7352,1631
7353,1027
7354,1053
7355,1381
7356,1056
7357,910
7358,833
7359,820
7360,2382
7361,854
7362,891
7363,1038
7364,935
7365,939
7366,999
7367,907
7368,1232
7369,797
7370,2079
7371,997
7372,1085
7373,2285
7374,1053
7375,1566
7376,783
7377,1453
7378,1768
7379,1039
7380,1743
7381,944
7382,951
7383,966
7384,824
7385,1119
7386,1420
7387,1638
7388,1046
7389,916
7390,2065
7391,1043
7392,1002
7393,899
7394,961
7395,911
7396,756
7397,753
7398,687
7399,1034
7400,14416
7401,2338
7402,1848
7403,1340
7404,4597
7405,1778
7406,993
7407,1416
7408,1407
7409,994
7410,2899
7411,1925
7412,1267
7413,893
7414,1233
7415,1409
7416,851
7417,1085
7418,774
7419,967
7420,3797
7421,1359
7422,1488
7423,1022
7424,1504
7425,1751
7426,1064
7427,1245
7428,953
7429,1005
7430,1838
7431,1221
7432,1579
7433,2312
7434,1277
7435,1238
7436,1056
7437,976
7438,879
7439,991
7440,2429
7441,1164
7442,1009
7443,1496
7444,2302
7445,1382
7446,1073
7447,1751
7448,1061
7449,908
7450,3392
7451,956
7452,859
7453,867
7454,886
7455,1158
7456,1062
7457,831
7458,1097
7459,841
7460,1690
7461,789
7462,864
7463,1470
7464,1101
7465,970
7466,888
7467,1317
7468,815
7469,2521
7470,1763
7471,1150
7472,977
7473,837
7474,2134
7475,1670
7476,1006
7477,1131
7478,896
7479,755
7480,1811
7481,952
7482,870
7483,1051
7484,1083
7485,904
7486,1268
7487,1016
7488,1260
7489,708
7490,2322
7491,1099
7492,902
7493,953
7494,1111
7495,1242
7496,748
7497,655
7498,856
7499,1518
7500,58982
7501,2862
7502,1455
7503,1455
7504,996
7505,1639
7506,2672
7507,1200
7508,1047
7509,1270
7510,3132
7511,1629
7512,1161
7513,989
7514,1051
7515,1590
7516,1054
7517,973
7518,1028
7519,1020
7520,3707
7521,1119
7522,1707
7523,1000
7524,981
7525,2252
7526,1201
7527,1164
7528,991
7529,2454
7530,1918
7531,1287
7532,1005
7533,1060
7534,971
7535,1664
7536,827
7537,1111
7538,996
7539,1030
7540,1779
7541,1203
7542,1039
7543,911
7544,902
7545,1494
7546,1930
7547,1130
7548,952
7549,916
7550,2984
7551,1263
7552,940
7553,1073
7554,1746
7555,2410
7556,1259
7557,1526
7558,838
7559,1293
7560,1742
7561,935
7562,1311
7563,824
7564,826
7565,1193
7566,1342
7567,1326
7568,918
7569,714
7570,1955
7571,806
7572,936
7573,766
7574,741
7575,3039
7576,1013
7577,1491
7578,829
7579,853
7580,1951
7581,987
7582,1058
7583,833
7584,1247
7585,1479
7586,917
7587,1100
7588,894
7589,876
7590,1682
7591,1293
7592,831
7593,1020
7594,809
7595,1185
7596,715
7597,747
7598,845
7599,1176
7600,18308
7601,3212
7602,1417
7603,1414
7604,1118
7605,977
7606,1572
7607,1217
7608,931
7609,1107
7610,3872
7611,1577
7612,1365
7613,1215
7614,980
7615,1019
7616,1047
7617,748
7618,809
7619,1105
7620,2012
7621,1096
7622,1113
7623,1990
7624,1380
7625,1834
7626,1123
7627,1039
7628,908
7629,1014
7630,1728
7631,1086
7632,990
7633,1074
7634,715
7635,1034
7636,1156
7637,1224
7638,977
7639,930
7640,1909
7641,964
7642,819
7643,952
7644,1269
7645,2110
7646,951
7647,952
7648,858
7649,876
7650,3259
7651,856
7652,1216
7653,1301
7654,1343
7655,1459
7656,988
7657,993
7658,653
7659,815
7660,1794
7661,1508
7662,1084
7663,1886
7664,941
7665,1339
7666,1487
7667,1536
7668,892
7669,1534
7670,1598
7671,2413
7672,801
7673,909
7674,716
7675,1350
7676,2270
7677,1322
7678,1087
7679,981
7680,2507
7681,1020
7682,896
7683,781
7684,711
7685,804
7686,917
7687,833
7688,1496
7689,622
7690,1061
7691,784
7692,862
7693,632
7694,666
7695,1213
7696,851
7697,863
7698,538
7699,958
7700,15481
7701,3719
7702,1950
7703,1687
7704,1351
7705,1326
7706,1204
7707,1306
7708,1052
7709,931
7710,3091
7711,2968
7712,1184
7713,1167
7714,17925
7715,1327
7716,1007
7717,1737
7718,996
7719,954
7720,2575
7721,1846
7722,2076
7723,1160
7724,1173
7725,1553
7726,1242
7727,1379
7728,1181
7729,1326
7730,2805
7731,1289
7732,1089
7733,1888
7734,1978
7735,1582
7736,1453
7737,1550
7738,1247
7739,1220
7740,2487
7741,1023
7742,984
7743,1003
7744,1386
7745,1185
7746,954
7747,2064
7748,1319
7749,985
7750,6557
7751,1319
7752,950
7753,1363
7754,858
7755,1981
7756,955
7757,1334
7758,878
7759,949
7760,1811
7761,903
7762,1092
7763,896
7764,1087
7765,1118
7766,2117
7767,1452
7768,1248
7769,865
7770,3990
7771,1881
7772,1352
7773,1276
7774,1322
7775,1726
7776,1849
7777,9651
7778,1762
7779,1691
7780,1853
7781,960
7782,976
7783,874
7784,808
7785,1434
7786,1570
7787,1716
7788,2015
7789,1288
7790,2063
7791,1113
7792,1084
7793,1116
7794,840
7795,1213
7796,886
7797,1305
7798,829
7799,2107
7800,20791
7801,2007
7802,1436
7803,1864
7804,907
7805,4183
7806,1073
7807,905
7808,1378
7809,1009
7810,2044
7811,1821
7812,2039
7813,1118
7814,1013
7815,1364
7816,2292
7817,1332
7818,1235
7819,840
7820,1699
7821,1269
7822,1160
7823,913
7824,1216
7825,1928
7826,906
7827,1688
7828,1330
7829,853
7830,1427
7831,1246
7832,913
7833,1391
7834,1179
7835,989
7836,1287
7837,1163
7838,853
7839,747
7840,1802
7841,1352
7842,1044
7843,1105
7844,850
7845,1090
7846,875
7847,801
7848,1280
7849,1134
7850,4483
7851,957
7852,1096
7853,835
7854,1092
7855,1685
7856,710
7857,1462
7858,1083
7859,609
7860,1848
7861,938
7862,889
7863,985
7864,1540
7865,834
7866,1339
7867,2791
7868,946
7869,1452
7870,4881
7871,1013
7872,1269
7873,1192
7874,1614
7875,1347
7876,1351
7877,1250
7878,2157
7879,1488
7880,2161
7881,1158
7882,1023
7883,825
7884,1665
7885,2166
7886,859
7887,1667
7888,2607
7889,975
7890,2630
7891,988
7892,831
7893,652
7894,864
7895,869
7896,1177
7897,655
7898,894
7899,1235
7900,13099
7901,2382
7902,1037
7903,1166
7904,2127
7905,1352
7906,908
7907,792
7908,1077
7909,1229
7910,2044
7911,1332
7912,1086
7913,932
7914,1554
7915,1106
7916,1202
7917,1234
7918,763
7919,1035
7920,2422
7921,1438
7922,1214
7923,1206
7924,951
7925,1332
7926,1078
7927,986
7928,1207
7929,1060
7930,1840
7931,1104
7932,1067
7933,832
7934,667
7935,1016
7936,1133
7937,889
7938,843
7939,1109
7940,1953
7941,1185
7942,1538
7943,666
7944,1085
7945,857
7946,1137
7947,923
7948,772
7949,905
7950,5574
7951,1108
7952,891
7953,638
7954,669
7955,1147
7956,1300
7957,1121
7958,1111
7959,651
7960,2221
7961,1021
7962,1102
7963,935
7964,619
7965,940
7966,1522
7967,1305
7968,1154
7969,1016
7970,6403
7971,1442
7972,712
7973,1634
7974,1728
7975,906
7976,1560
7977,1638
7978,779
7979,1875
7980,1697
7981,908
7982,799
7983,875
7984,867
7985,1048
7986,755
7987,539
7988,878
7989,1035
7990,2400
7991,756
7992,826
7993,1038
7994,643
7995,1410
7996,710
7997,1127
7998,885
7999,2555
8000,169324
8001,5790
8002,5414
8003,2764
8004,2275
8005,2368
8006,2779
8007,1761
8008,4572
8009,1970
8010,4384
8011,2368
8012,1914
8013,1269
8014,1844
8015,1463
8016,1423
8017,1108
8018,2138
8019,1083
8020,5241
8021,1894
8022,1620
8023,1007
8024,1156
8025,1714
8026,1075
8027,1194
8028,1861
8029,1184
8030,2310
8031,1433
8032,2054
8033,1274
8034,1168
8035,1304
8036,1284
8037,1239
8038,1314
8039,1018
8040,3283
8041,1088
8042,1229
8043,1181
8044,1262
8045,1180
8046,991
8047,1636
8048,1210
8049,938
8050,4279
8051,10418
8052,1649
8053,1343
8054,1036
8055,1555
8056,899
8057,943
8058,1180
8059,969
8060,2685
8061,1519
8062,1004
8063,911
8064,1001
8065,1378
8066,989
8067,705
8068,1217
8069,970
8070,1836
8071,1203
8072,1115
8073,753
8074,666
8075,1171
8076,728
8077,1372
8078,1264
8079,859
8080,33293
8081,3519
8082,2207
8083,1583
8084,1436
8085,3893
8086,7978
8087,1972
8088,6584
8089,1189
8090,2846
8091,1605
8092,1036
8093,1196
8094,933
8095,1018
8096,1104
8097,762
8098,867
8099,1157
8100,15531
8101,2796
8102,1581
8103,1385
8104,1106
8105,1349
8106,1092
8107,974
8108,1615
8109,1195
8110,4618
8111,3092
8112,1322
8113,1308
8114,1067
8115,1326
8116,901
8117,1087
8118,1841
8119,824
8120,2817
8121,1200
8122,1508
8123,1824
8124,1128
8125,2570
8126,1024
8127,760
8128,1015
8129,866
8130,2719
8131,3535
8132,855
8133,1380
8134,784
8135,1353
8136,760
8137,867
8138,948
8139,1287
8140,1994
8141,1166
8142,791
8143,860
8144,1301
8145,836
8146,994
8147,967
8148,733
8149,652
8150,4254
8151,1177
8152,888
8153,942
8154,657
8155,1150
8156,848
8157,757
8158,699
8159,827
8160,2163
8161,1183
8162,788
8163,971
8164,676
8165,1139
8166,1313
8167,1070
8168,1159
8169,815
8170,1240
8171,1277
8172,981
8173,868
8174,853
8175,854
8176,921
8177,966
8178,693
8179,820
8180,2099
8181,2698
8182,1017
8183,779
8184,919
8185,1163
8186,943
8187,705
8188,1518
8189,735
8190,1187
8191,1580
8192,6845
8193,941
8194,843
8195,950
8196,766
8197,746
8198,872
8199,850
8200,17167
8201,2640
8202,1602
8203,2027
8204,1328
8205,1590
8206,1063
8207,1033
8208,1484
8209,1090
8210,2943
8211,10197
8212,6309
8213,1126
8214,886
8215,1371
8216,2927
8217,45915
8218,1116
8219,724
8220,14062
8221,19958
8222,2991
8223,1478
8224,1184
8225,1505
8226,4319
8227,1113
8228,2357
8229,1068
8230,5906
8231,1329
8232,1680
8233,1400
8234,1049
8235,1135
8236,896
8237,989
8238,847
8239,918
8240,1907
8241,754
8242,1145
8243,1339
8244,980
8245,1126
8246,945
8247,1180
8248,1221
8249,685
8250,4083
8251,1167
8252,1143
8253,1159
8254,1051
8255,10516
8256,973
8257,716
8258,1192
8259,996
8260,2051
8261,1072
8262,1170
8263,1112
8264,1078
8265,1377
8266,1634
8267,1057
8268,770
8269,760
8270,1376
8271,874
8272,1067
8273,1012
8274,1176
8275,1271
8276,794
8277,1108
8278,742
8279,833
8280,1534
8281,1221
8282,2920
8283,5304
8284,1092
8285,935
8286,869
8287,836
8288,1512
8289,863
8290,1361
8291,939
8292,881
8293,931
8294,1028
8295,1065
8296,762
8297,821
8298,745
8299,1004
8300,14533
8301,2986
8302,1391
8303,1347
8304,903
8305,1061
8306,1022
8307,781
8308,1052
8309,837
8310,2645
8311,1430
8312,935
8313,1184
8314,922
8315,941
8316,863
8317,852
8318,871
8319,715
8320,2643
8321,931
8322,1187
8323,1023
8324,1243
8325,1434
8326,1019
8327,687
8328,880
8329,742
8330,2898
8331,1353
8332,1795
8333,2923
8334,788
8335,1046
8336,942
8337,928
8338,1202
8339,1526
8340,1364
8341,1090
8342,744
8343,930
8344,1105
8345,919
8346,1052
8347,741
8348,844
8349,678
8350,4313
8351,1001
8352,808
8353,934
8354,789
8355,1154
8356,1066
8357,643
8358,716
8359,704
8360,1367
8361,854
8362,892
8363,799
8364,1555
8365,854
8366,1043
8367,1008
8368,754
8369,749
8370,1426
8371,1330
8372,1062
8373,962
8374,867
8375,985
8376,925
8377,1158
8378,837
8379,954
8380,1698
8381,817
8382,941
8383,1655
8384,871
8385,963
8386,783
8387,1351
8388,1135
8389,929
8390,1413
8391,747
8392,1139
8393,776
8394,624
8395,1004
8396,878
8397,802
8398,862
8399,1023
8400,15528
8401,1858
8402,1072
8403,894
8404,1168
8405,964
8406,839
8407,875
8408,867
8409,769
8410,1579
8411,1566
8412,857
8413,930
8414,1272
8415,1091
8416,819
8417,810
8418,934
8419,841
8420,1370
8421,1088
8422,1182
8423,888
8424,1300
8425,1956
8426,652
8427,1019
8428,705
8429,619
8430,1317
8431,1095
8432,1107
8433,1080
8434,899
8435,919
8436,807
8437,674
8438,648
8439,830
8440,1728
8441,899
8442,1100
8443,3661
8444,2497
8445,1076
8446,1053
8447,933
8448,1428
8449,770
8450,2218
8451,1478
8452,996
8453,1294
8454,1220
8455,1326
8456,1530
8457,2227
8458,907
8459,770
8460,1264
8461,965
8462,973
8463,1260
8464,833
8465,775
8466,1031
8467,769
8468,693
8469,656
8470,1328
8471,972
8472,1762
8473,820
8474,959
8475,845
8476,781
8477,10425
8478,815
8479,587
8480,1370
8481,798
8482,1385
8483,757
8484,2241
8485,1095
8486,944
8487,846
8488,1072
8489,726
8490,985
8491,773
8492,515
8493,1143
8494,692
8495,759
8496,670
8497,810
8498,663
8499,1587
8500,32182
8501,3451
8502,1467
8503,1293
8504,1101
8505,1445
8506,964
8507,913
8508,919
8509,721
8510,2181
8511,1457
8512,1068
8513,770
8514,921
8515,1456
8516,972
8517,975
8518,825
8519,912
8520,4239
8521,1049
8522,1171
8523,821
8524,838
8525,1966
8526,848
8527,907
8528,897
8529,1018
8530,2590
8531,964
8532,789
8533,993
8534,822
8535,1194
8536,815
8537,725
8538,733
8539,838
8540,1975
8541,1154
8542,1020
8543,1178
8544,1258
8545,1317
8546,863
8547,1049
8548,675
8549,675
8550,2785
8551,1116
8552,940
8553,792
8554,848
8555,2287
8556,808
8557,688
8558,1256
8559,694
8560,1565
8561,744
8562,777
8563,817
8564,654
8565,1139
8566,834
8567,681
8568,735
8569,590
8570,2388
8571,979
8572,892
8573,1345
8574,740
8575,1134
8576,621
8577,1123
8578,687
8579,727
8580,1793
8581,983
8582,1276
8583,1275
8584,1010
8585,2441
8586,1625
8587,919
8588,1228
8589,641
8590,1055
8591,801
8592,708
8593,651
8594,792
8595,1125
8596,499
8597,549
8598,658
8599,1059
8600,15135
8601,7193
8602,837
8603,807
8604,787
8605,952
8606,2236
8607,782
8608,909
8609,915
8610,2873
8611,1606
8612,935
8613,727
8614,798
8615,1222
8616,882
8617,712
8618,744
8619,761
8620,2919
8621,1652
8622,1183
8623,731
8624,913
8625,1720
8626,787
8627,792
8628,797
8629,722
8630,1412
8631,744
8632,787
8633,957
8634,662
8635,818
8636,805
8637,711
8638,742
8639,879
8640,1598
8641,775
8642,850
8643,892
8644,1215
8645,778
8646,773
8647,735
8648,1045
8649,718
8650,1915
8651,776
8652,750
8653,713
8654,870
8655,1393
8656,826
8657,712
8658,758
8659,604
8660,1527
8661,947
8662,896
8663,866
8664,1504
8665,1002
8666,1473
8667,1286
8668,1033
8669,1694
8670,1214
8671,656
8672,739
8673,625
8674,1350
8675,902
8676,907
8677,1000
8678,753
8679,580
8680,1284
8681,834
8682,831
8683,1647
8684,674
8685,1112
8686,2570
8687,1660
8688,1896
8689,732
8690,1250
8691,1016
8692,727
8693,568
8694,531
8695,731
8696,885
8697,667
8698,751
8699,816
8700,13364
8701,2058
8702,1080
8703,1046
8704,882
8705,1221
8706,732
8707,999
8708,1081
8709,673
8710,2168
8711,1481
8712,1041
8713,715
8714,741
8715,891
8716,719
8717,814
8718,721
8719,854
8720,1925
8721,1132
8722,1369
8723,980
8724,837
8725,1123
8726,874
8727,890
8728,933
8729,732
8730,1566
8731,781
8732,888
8733,1647
8734,829
8735,960
8736,801
8737,817
8738,834
8739,710
8740,1580
8741,1101
8742,1092
8743,672
8744,859
8745,824
8746,3790
8747,1324
8748,801
8749,846
8750,3088
8751,1032
8752,869
8753,1077
8754,611
8755,1042
8756,730
8757,956
8758,627
8759,766
8760,2235
8761,754
8762,931
8763,654
8764,684
8765,1298
8766,879
8767,924
8768,762
8769,615
8770,1636
8771,922
8772,936
8773,810
8774,699
8775,869
8776,1095
8777,2432
8778,1068
8779,630
8780,1323
8781,674
8782,875
8783,752
8784,580
8785,781
8786,682
8787,2219
8788,1521
8789,717
8790,1045
8791,645
8792,649
8793,579
8794,619
8795,803
8796,555
8797,766
8798,643
8799,2037
8800,24264
8801,2333
8802,2387
8803,1092
8804,1837
8805,1345
8806,1033
8807,1033
8808,1336
8809,1237
8810,2173
8811,2285
8812,1136
8813,780
8814,892
8815,1046
8816,1202
8817,886
8818,1116
8819,814
8820,2380
8821,1452
8822,1890
8823,953
8824,1244
8825,1365
8826,935
8827,791
8828,1034
8829,1227
8830,2190
8831,1033
8832,1376
8833,1759
8834,874
8835,859
8836,717
8837,821
8838,985
8839,928
8840,1610
8841,951
8842,758
8843,1322
8844,1704
8845,831
8846,849
8847,807
8848,2246
8849,1165
8850,3032
8851,985
8852,1062
8853,750
8854,1448
8855,1695
8856,903
8857,950
8858,1261
8859,8641
8860,1852
8861,1200
8862,1005
8863,1242
8864,631
8865,1243
8866,1445
8867,846
8868,1363
8869,820
8870,1654
8871,928
8872,902
8873,1071
8874,624
8875,1022
8876,1055
8877,1638
8878,1442
8879,1328
8880,3022
8881,1806
8882,1332
8883,1199
8884,1363
8885,1462
8886,1466
8887,1298
8888,14047
8889,1809
8890,3013
8891,1107
8892,760
8893,726
8894,677
8895,2623
8896,743
8897,655
8898,958
8899,1632
8900,11952
8901,1931
8902,1048
8903,946
8904,857
8905,930
8906,798
8907,707
8908,719
8909,879
8910,1986
8911,1161
8912,965
8913,733
8914,1224
8915,713
8916,666
8917,903
8918,763
8919,829
8920,1581
8921,782
8922,1155
8923,599
8924,1220
8925,827
8926,653
8927,647
8928,693
8929,783
8930,1305
8931,804
8932,700
8933,972
8934,639
8935,767
8936,917
8937,988
8938,3508
8939,1151
8940,1440
8941,937
8942,808
8943,652
8944,963
8945,847
8946,777
8947,662
8948,604
8949,2565
8950,1959
8951,742
8952,768
8953,606
8954,553
8955,1111
8956,665
8957,558
8958,575
8959,647
8960,1325
8961,787
8962,1378
8963,732
8964,757
8965,1135
8966,1390
8967,430
8968,695
8969,776
8970,1042
8971,917
8972,787
8973,738
8974,779
8975,842
8976,680
8977,847
8978,507
8979,756
8980,1078
8981,869
8982,545
8983,934
8984,730
8985,747
8986,760
8987,773
8988,1003
8989,2262
8990,2419
8991,779
8992,1004
8993,879
8994,853
8995,1229
8996,950
8997,728
8998,1041
8999,2939
9000,129688
9001,154157
9002,7718
9003,3224
9004,2931
9005,3112
9006,3466
9007,2175
9008,1941
9009,2434
9010,4184
9011,1727
9012,1519
9013,1066
9014,1162
9015,1976
9016,1556
9017,960
9018,1320
9019,894
9020,2432
9021,1159
9022,1098
9023,1070
9024,1010
9025,1489
9026,981
9027,1076
9028,821
9029,734
9030,2042
9031,1111
9032,1138
9033,1069
9034,845
9035,1053
9036,954
9037,845
9038,1001
9039,823
9040,1927
9041,901
9042,919
9043,679
9044,864
9045,910
9046,1114
9047,696
9048,897
9049,745
9050,2825
9051,869
9052,946
9053,674
9054,851
9055,1395
9056,627
9057,627
9058,738
9059,597
9060,2213
9061,793
9062,691
9063,725
9064,729
9065,773
9066,4254
9067,634
9068,940
9069,677
9070,1696
9071,819
9072,785
9073,786
9074,691
9075,1143
9076,767
9077,939
9078,671
9079,688
9080,2117
9081,845
9082,749
9083,932
9084,657
9085,1348
9086,567
9087,745
9088,899
9089,1268
9090,4837
9091,1173
9092,996
9093,935
9094,804
9095,952
9096,749
9097,860
9098,917
9099,1440
9100,17136
9101,2197
9102,1334
9103,961
9104,1049
9105,1139
9106,815
9107,855
9108,718
9109,742
9110,2207
9111,2717
9112,911
9113,909
9114,936
9115,1015
9116,763
9117,908
9118,726
9119,1344
9120,1965
9121,998
9122,1015
9123,1258
9124,727
9125,1121
9126,1172
9127,863
9128,795
9129,622
9130,1474
9131,1027
9132,1430
9133,870
9134,673
9135,732
9136,688
9137,844
9138,580
9139,609
9140,1348
9141,1045
9142,696
9143,627
9144,1372
9145,841
9146,706
9147,794
9148,664
9149,687
9150,2762
9151,882
9152,679
9153,1202
9154,554
9155,1164
9156,569
9157,527
9158,604
9159,657
9160,1111
9161,794
9162,705
9163,609
9164,618
9165,1726
9166,1082
9167,1120
9168,814
9169,534
9170,1049
9171,1174
9172,801
9173,759
9174,660
9175,844
9176,560
9177,807
9178,765
9179,586
9180,1251
9181,1042
9182,1184
9183,510
9184,929
9185,666
9186,717
9187,693
9188,925
9189,706
9190,1102
9191,1812
9192,790
9193,678
9194,767
9195,746
9196,607
9197,562
9198,714
9199,1071
9200,13938
9201,1832
9202,1303
9203,1054
9204,883
9205,1370
9206,859
9207,807
9208,892
9209,739
9210,1896
9211,1928
9212,1445
9213,701
9214,798
9215,960
9216,1133
9217,783
9218,831
9219,1018
9220,2176
9221,1195
9222,2072
9223,1106
9224,941
9225,1295
9226,808
9227,1147
9228,988
9229,1068
9230,1368
9231,985
9232,802
9233,2718
9234,853
9235,1003
9236,676
9237,878
9238,758
9239,724
9240,1403
9241,1751
9242,971
9243,904
9244,903
9245,782
9246,777
9247,832
9248,751
9249,913
9250,3982
9251,953
9252,901
9253,956
9254,575
9255,1312
9256,668
9257,654
9258,871
9259,577
9260,1575
9261,1193
9262,1374
9263,601
9264,735
9265,947
9266,929
9267,855
9268,1150
9269,728
9270,963
9271,886
9272,1008
9273,842
9274,832
9275,893
9276,850
9277,927
9278,838
9279,697
9280,1472
9281,793
9282,1043
9283,1088
9284,751
9285,1051
9286,757
9287,780
9288,1032
9289,592
9290,1774
9291,1102
9292,2597
9293,853
9294,718
9295,870
9296,722
9297,789
9298,725
9299,1145
9300,14201
9301,1466
9302,941
9303,1183
9304,892
9305,1088
9306,774
9307,649
9308,780
9309,734
9310,1906
9311,1346
9312,929
9313,929
9314,903
9315,952
9316,713
9317,700
9318,699
9319,753
9320,1992
9321,1041
9322,926
9323,723
9324,682
9325,1262
9326,1270
9327,739
9328,977
9329,797
9330,1891
9331,1060
9332,786
9333,2368
9334,695
9335,965
9336,1005
9337,843
9338,748
9339,1002
9340,1158
9341,823
9342,590
9343,1012
9344,984
9345,876
9346,738
9347,661
9348,652
9349,690
9350,2726
9351,1006
9352,710
9353,848
9354,866
9355,1919
9356,696
9357,701
9358,714
9359,532
9360,2733
9361,896
9362,837
9363,756
9364,808
9365,881
9366,705
9367,849
9368,753
9369,773
9370,2174
9371,784
9372,672
9373,724
9374,651
9375,1617
9376,836
9377,982
9378,916
9379,507
9380,1755
9381,899
9382,722
9383,909
9384,853
9385,985
9386,756
9387,782
9388,832
9389,713
9390,1137
9391,816
9392,715
9393,1703
9394,815
9395,777
9396,641
9397,833
9398,798
9399,1156
9400,10995
9401,1433
9402,837
9403,1196
9404,1524
9405,1368
9406,846
9407,795
9408,724
9409,857
9410,1461
9411,1515
9412,768
9413,679
9414,793
9415,1176
9416,684
9417,891
9418,840
9419,949
9420,1378
9421,819
9422,910
9423,698
9424,870
9425,906
9426,599
9427,772
9428,628
9429,743
9430,1424
9431,849
9432,762
9433,889
9434,733
9435,703
9436,629
9437,684
9438,660
9439,648
9440,1637
9441,951
9442,895
9443,1271
9444,1672
9445,928
9446,696
9447,677
9448,878
9449,891
9450,2004
9451,960
9452,829
9453,1041
9454,678
9455,1081
9456,663
9457,845
9458,633
9459,683
9460,1333
9461,599
9462,745
9463,1763
9464,860
9465,1192
9466,891
9467,901
9468,623
9469,597
9470,1081
9471,649
9472,722
9473,826
9474,1474
9475,694
9476,573
9477,937
9478,630
9479,584
9480,1010
9481,814
9482,604
9483,604
9484,686
9485,748
9486,689
9487,708
9488,944
9489,624
9490,1161
9491,644
9492,641
9493,604
9494,1568
9495,825
9496,584
9497,594
9498,635
9499,967
9500,23004
9501,1789
9502,1426
9503,1202
9504,903
9505,2239
9506,816
9507,679
9508,928
9509,730
9510,1724
9511,1117
9512,768
9513,998
9514,770
9515,1019
9516,922
9517,667
9518,809
9519,620
9520,1615
9521,843
9522,968
9523,980
9524,736
9525,2150
9526,750
9527,903
9528,747
9529,1074
9530,1792
9531,1048
9532,662
9533,778
9534,674
9535,913
9536,741
9537,617
9538,603
9539,721
9540,1396
9541,824
9542,703
9543,735
9544,706
9545,1081
9546,627
9547,663
9548,605
9549,581
9550,4046
9551,952
9552,812
9553,756
9554,678
9555,2940
9556,787
9557,1027
9558,686
9559,883
9560,2111
9561,716
9562,551
9563,552
9564,666
9565,829
9566,827
9567,632
9568,825
9569,664
9570,1758
9571,691
9572,641
9573,441
9574,494
9575,1456
9576,570
9577,740
9578,517
9579,495
9580,1336
9581,615
9582,675
9583,590
9584,955
9585,860
9586,506
9587,575
9588,676
9589,495
9590,1684
9591,583
9592,685
9593,555
9594,655
9595,2116
9596,916
9597,543
9598,795
9599,905
9600,27271
9601,1862
9602,1020
9603,1010
9604,972
9605,922
9606,1220
9607,1030
9608,1013
9609,717
9610,1742
9611,1011
9612,729
9613,949
9614,721
9615,781
9616,808
9617,807
9618,647
9619,673
9620,1329
9621,816
9622,1983
9623,729
9624,608
9625,916
9626,837
9627,571
9628,593
9629,788
9630,2195
9631,746
9632,1109
9633,817
9634,508
9635,730
9636,672
9637,749
9638,567
9639,700
9640,1294
9641,1104
9642,1175
9643,688
9644,844
9645,1012
9646,924
9647,1032
9648,718
9649,585
9650,3192
9651,859
9652,739
9653,871
9654,1088
9655,807
9656,770
9657,610
9658,970
9659,617
9660,3194
9661,804
9662,5426
9663,1182
9664,731
9665,854
9666,1136
9667,873
9668,844
9669,919
9670,1330
9671,622
9672,679
9673,843
9674,697
9675,1363
9676,652
9677,731
9678,592
9679,1213
9680,894
9681,622
9682,620
9683,564
9684,629
9685,902
9686,901
9687,646
9688,858
9689,677
9690,1303
9691,670
9692,516
9693,676
9694,593
9695,779
9696,1663
9697,814
9698,644
9699,984
9700,15195
9701,1571
9702,914
9703,777
9704,911
9705,1136
9706,971
9707,1007
9708,823
9709,742
9710,1405
9711,1294
9712,1273
9713,650
9714,815
9715,916
9716,738
9717,720
9718,565
9719,533
9720,1571
9721,805
9722,902
9723,796
9724,614
9725,961
9726,714
9727,765
9728,684
9729,776
9730,1020
9731,585
9732,652
9733,877
9734,640
9735,824
9736,582
9737,768
9738,659
9739,618
9740,974
9741,741
9742,664
9743,872
9744,805
9745,836
9746,582
9747,783
9748,596
9749,499
9750,2372
9751,688
9752,602
9753,602
9754,632
9755,1081
9756,704
9757,760
9758,629
9759,481
9760,1057
9761,655
9762,597
9763,841
9764,588
9765,663
9766,773
9767,942
9768,539
9769,591
9770,1259
9771,867
9772,780
9773,690
9774,638
9775,914
9776,682
9777,1968
9778,872
9779,781
9780,2379
9781,672
9782,540
9783,560
9784,595
9785,678
9786,637
9787,815
9788,874
9789,786
9790,1721
9791,956
9792,1059
9793,629
9794,676
9795,921
9796,1546
9797,1519
9798,821
9799,941
9800,17273
9801,1951
9802,1085
9803,872
9804,714
9805,960
9806,854
9807,678
9808,894
9809,719
9810,4411
9811,872
9812,779
9813,759
9814,695
9815,979
9816,749
9817,691
9818,929
9819,731
9820,3164
9821,849
9822,959
9823,591
9824,648
9825,1182
9826,717
9827,610
9828,913
9829,979
9830,1280
9831,638
9832,791
9833,871
9834,724
9835,977
9836,743
9837,553
9838,756
9839,638
9840,1480
9841,940
9842,840
9843,754
9844,893
9845,1288
9846,671
9847,644
9848,769
9849,716
9850,2526
9851,756
9852,671
9853,582
9854,620
9855,851
9856,643
9857,686
9858,1114
9859,657
9860,1719
9861,722
9862,540
9863,504
9864,666
9865,625
9866,678
9867,552
9868,752
9869,558
9870,1098
9871,736
9872,565
9873,612
9874,586
9875,928
9876,1182
9877,776
9878,834
9879,809
9880,1544
9881,642
9882,818
9883,588
9884,736
9885,788
9886,734
9887,1018
9888,2041
9889,1087
9890,1347
9891,599
9892,494
9893,530
9894,553
9895,772
9896,565
9897,545
9898,1606
9899,1450
9900,12668
9901,1676
9902,1411
9903,1127
9904,1305
9905,1031
9906,874
9907,793
9908,889
9909,966
9910,1547
9911,1588
9912,867
9913,766
9914,740
9915,877
9916,609
9917,878
9918,794
9919,1017
9920,1279
9921,768
9922,1299
9923,722
9924,671
9925,1051
9926,1216
9927,623
9928,660
9929,813
9930,2187
9931,759
9932,648
9933,1839
9934,677
9935,749
9936,681
9937,530
9938,832
9939,906
9940,1353
9941,762
9942,575
9943,611
9944,1024
9945,1081
9946,719
9947,689
9948,716
9949,906
9950,2219
9951,830
9952,768
9953,605
9954,747
9955,1361
9956,577
9957,614
9958,761
9959,901
9960,2042
9961,701
9962,582
9963,677
9964,658
9965,1079
9966,1459
9967,613
9968,614
9969,857
9970,1272
9971,970
9972,853
9973,749
9974,614
9975,1080
9976,561
9977,1067
9978,804
9979,812
9980,1551
9981,1463
9982,858
9983,891
9984,1035
9985,938
9986,821
9987,796
9988,1889
9989,1043
9990,2658
9991,1573
9992,1207
9993,1157
9994,1439
9995,2977
9996,1386
9997,1844
9998,2188
9999,30614
10000,94458
