number,count
0,64648716
1,106034563
2,91318103
3,67970206
4,50010206
5,52839615
6,31807999
7,25861217
8,26459033
9,19591492
10,37351965
11,13304116
12,17232339
13,9428686
14,9460559
15,15041149
16,9708175
17,7262688
18,9093133
19,9123335
20,19666038
21,6328710
22,6129775
23,5209052
24,7856024
25,9913142
26,4168480
27,3965254
28,4215133
29,3499754
30,15847520
31,3232808
32,3987998
33,2766566
34,2560407
35,4174440
36,2824407
37,2305320
38,2322947
39,2385286
40,8670902
41,1923790
42,2320909
43,1898821
44,2128031
45,4046344
46,1833986
47,1861697
48,2485752
49,1838333
50,13447313
51,1813019
52,1930431
53,1589534
54,1683528
55,2401966
56,1693798
57,1480472
58,1497980
59,1505270
60,6467832
61,863045
62,1017481
63,922359
64,2001017
65,1954635
66,1022371
67,939040
68,909369
69,824145
70,4110787
71,777056
72,1238277
73,776478
74,781673
75,2911526
76,802975
77,771088
78,836056
79,719008
80,4906230
81,720567
82,759023
83,904168
84,926508
85,1436915
86,769897
87,716976
88,818781
89,834208
90,5044778
91,711289
92,771998
93,731108
94,700698
95,2197318
96,879414
97,818386
98,1058024
99,2926576
100,16283202
101,822624
102,519433
103,375836
104,494880
105,526545
106,422161
107,308553
108,418943
109,321496
110,949249
111,363553
112,413913
113,255514
114,300292
115,389957
116,281188
117,252176
118,273482
119,241850
120,1742464
121,260850
122,279184
123,351076
124,255189
125,693974
126,252060
127,279997
128,552966
129,211946
130,777762
131,200178
132,237071
133,206249
134,201663
135,351499
136,200521
137,200139
138,194306
139,177569
140,767527
141,175637
142,189221
143,172893
144,278672
145,265141
146,177944
147,181820
148,170403
149,179961
150,2328931
151,167197
152,184530
153,159934
154,166857
155,228308
156,169169
157,153140
158,152308
159,145673
160,702106
161,150043
162,169554
163,147102
164,152401
165,250475
166,148566
167,147202
168,223557
169,143098
170,420425
171,131660
172,162637
173,133720
174,134406
175,325203
176,155489
177,134084
178,131890
179,133745
180,1117136
181,124358
182,152466
183,161771
184,132583
185,192455
186,140890
187,131343
188,125291
189,125673
190,310801
191,121206
192,230701
193,121838
194,112541
195,172865
196,127352
197,113379
198,119567
199,174011
200,4992295
201,207351
202,225194
203,153800
204,194950
205,196877
206,188568
207,131915
208,181767
209,124542
210,361951
211,135702
212,213990
213,119615
214,146563
215,180556
216,161420
217,113876
218,127745
219,104665
220,463491
221,124011
222,162179
223,154531
224,146057
225,276123
226,115368
227,114809
228,118103
229,100579
230,352170
231,117333
232,154202
233,125703
234,125862
235,187805
236,106522
237,102928
238,131779
239,116521
240,505395
241,99933
242,107973
243,113404
244,99549
245,135179
246,98487
247,96225
248,103898
249,107259
250,1810466
251,98845
252,128972
253,95823
254,113800
255,368811
256,460723
257,85659
258,82340
259,76749
260,256360
261,85351
262,99551
263,82420
264,154721
265,129765
266,84319
267,79199
268,81171
269,83740
270,288889
271,76484
272,88902
273,114840
274,75648
275,170329
276,79381
277,78843
278,74562
279,75132
280,279159
281,77027
282,78378
283,73480
284,75244
285,110349
286,83663
287,78007
288,97782
289,79150
290,155678
291,68654
292,74913
293,76509
294,71850
295,98962
296,72125
297,69053
298,79906
299,123124
300,3404233
301,163856
302,165725
303,125248
304,149679
305,127898
306,111638
307,85996
308,151501
309,76684
310,205215
311,99247
312,121425
313,82486
314,95623
315,128220
316,98722
317,75482
318,92109
319,80415
320,326221
321,88701
322,91138
323,87610
324,84570
325,178268
326,73846
327,73965
328,81851
329,67160
330,233182
331,74842
332,73749
333,143900
334,70572
335,87692
336,81469
337,66828
338,76202
339,57353
340,180907
341,64292
342,72432
343,100989
344,66864
345,98908
346,61487
347,66604
348,63150
349,68652
350,824003
351,73004
352,73542
353,60591
354,68197
355,87172
356,70080
357,100269
358,64888
359,66232
360,1081106
361,60483
362,57329
363,58203
364,71711
365,457318
366,71833
367,57147
368,59791
369,54751
370,157642
371,57853
372,60329
373,58599
374,55135
375,201898
376,56031
377,60784
378,56652
379,53113
380,179138
381,54982
382,55219
383,58764
384,89774
385,75205
386,73794
387,54239
388,53619
389,53729
390,123302
391,50984
392,58739
393,52446
394,48068
395,69754
396,54582
397,47614
398,47805
399,91194
400,2581880
401,360917
402,97259
403,113139
404,201072
405,101805
406,85761
407,65913
408,80989
409,62232
410,165063
411,77276
412,78781
413,56085
414,72812
415,88719
416,81075
417,59903
418,57988
419,59415
420,200841
421,57503
422,70691
423,54834
424,61206
425,121005
426,59394
427,59787
428,55839
429,61077
430,139196
431,52334
432,75845
433,58228
434,51403
435,80243
436,50179
437,49839
438,50469
439,44534
440,172787
441,52059
442,54078
443,87006
444,74903
445,61309
446,47126
447,50662
448,51176
449,50393
450,501138
451,91999
452,50127
453,50383
454,64970
455,68700
456,72346
457,59126
458,68676
459,46781
460,130572
461,43615
462,48222
463,44608
464,46634
465,59680
466,44571
467,43799
468,47700
469,44470
470,105361
471,45171
472,45544
473,43682
474,40265
475,78589
476,57898
477,42477
478,44865
479,46277
480,219836
481,40418
482,47565
483,51253
484,45303
485,74335
486,71197
487,40779
488,54029
489,40525
490,84974
491,38314
492,41070
493,40256
494,40386
495,65228
496,44931
497,39491
498,40603
499,86897
500,5409196
501,142175
502,88506
503,69945
504,95049
505,76897
506,63309
507,50205
508,71594
509,62009
510,138195
511,56821
512,231307
513,45870
514,57232
515,57944
516,52126
517,42098
518,49477
519,42857
520,143048
521,49733
522,49075
523,43527
524,47261
525,86002
526,53495
527,47493
528,50836
529,96785
530,107045
531,42564
532,48408
533,44592
534,41246
535,63457
536,53304
537,44068
538,55567
539,39450
540,128496
541,45833
542,43105
543,42870
544,42840
545,49512
546,41041
547,36897
548,36033
549,41045
550,290496
551,44103
552,42155
553,36759
554,36831
555,113431
556,43436
557,34596
558,35829
559,38697
560,290473
561,42572
562,41185
563,37247
564,35043
565,46195
566,34046
567,42845
568,40382
569,33587
570,92598
571,40568
572,37126
573,36105
574,34869
575,60358
576,53217
577,36351
578,32962
579,36069
580,105731
581,40477
582,34386
583,37518
584,35869
585,46645
586,39583
587,41037
588,35839
589,37353
590,69940
591,32073
592,35459
593,32009
594,34233
595,45287
596,31293
597,33705
598,34466
599,60313
600,1713349
601,60715
602,67322
603,49959
604,60155
605,52647
606,57321
607,41950
608,52671
609,45393
610,101936
611,40718
612,55243
613,44248
614,42341
615,49927
616,72238
617,45375
618,59459
619,36973
620,109742
621,39058
622,46448
623,36717
624,42008
625,112969
626,45514
627,34342
628,36912
629,33758
630,98421
631,37712
632,45123
633,36529
634,34405
635,43666
636,38699
637,31288
638,32613
639,41935
640,153375
641,34194
642,44188
643,32198
644,38824
645,46910
646,35476
647,39761
648,37226
649,38643
650,300917
651,34933
652,34648
653,30651
654,33161
655,40280
656,38891
657,31242
658,29340
659,29702
660,103755
661,35762
662,34459
663,30032
664,36120
665,37067
666,115457
667,52871
668,32790
669,30930
670,79376
671,30770
672,34518
673,30307
674,30306
675,56245
676,31948
677,40486
678,35696
679,32377
680,102163
681,28896
682,34651
683,29243
684,31071
685,36340
686,33092
687,32454
688,34729
689,29162
690,59941
691,28372
692,28388
693,29727
694,27135
695,38336
696,30220
697,29469
698,27045
699,44328
700,1123084
701,51213
702,64810
703,44179
704,52872
705,46875
706,43819
707,58915
708,44233
709,42215
710,82098
711,49143
712,44660
713,36962
714,43741
715,41819
716,37856
717,38943
718,50957
719,32409
720,178087
721,42076
722,40380
723,30983
724,33725
725,50874
726,31573
727,46303
728,39968
729,36326
730,81231
731,35157
732,40259
733,31556
734,30615
735,38166
736,30032
737,125882
738,30598
739,29740
740,72760
741,36589
742,31639
743,28625
744,36817
745,37543
746,30367
747,117517
748,31203
749,33604
750,490066
751,32520
752,34539
753,32417
754,45392
755,46305
756,31206
757,58945
758,26042
759,27230
760,99318
761,26940
762,31612
763,32231
764,31507
765,39368
766,27530
767,61017
768,68628
769,28611
770,78115
771,28892
772,31857
773,30453
774,29104
775,53589
776,37312
777,125341
778,30073
779,26882
780,85478
781,29183
782,28463
783,27245
784,32905
785,36668
786,34382
787,81289
788,29424
789,38739
790,49747
791,27318
792,39654
793,27282
794,29424
795,33961
796,25213
797,28988
798,26161
799,44216
800,1628062
801,51648
802,203170
803,35390
804,41485
805,44114
806,36432
807,32220
808,68880
809,29050
810,74766
811,34221
812,39412
813,31922
814,35165
815,44302
816,35562
817,29378
818,34965
819,26864
820,74044
821,30660
822,33801
823,26713
824,31271
825,45519
826,27853
827,28244
828,33699
829,27700
830,66206
831,28578
832,32270
833,43235
834,26025
835,35425
836,27201
837,25693
838,26430
839,26499
840,84163
841,29050
842,31358
843,31823
844,38656
845,46540
846,27633
847,29952
848,29844
849,26681
850,217687
851,25786
852,30808
853,28806
854,29351
855,52892
856,28642
857,27380
858,27631
859,25359
860,62863
861,25461
862,26363
863,26306
864,36944
865,37294
866,55165
867,28579
868,26548
869,24525
870,66413
871,27561
872,26770
873,24329
874,24981
875,65565
876,28789
877,55580
878,25117
879,24489
880,79773
881,24365
882,26434
883,26538
884,23940
885,28336
886,26039
887,24536
888,101138
889,26363
890,47504
891,24235
892,24329
893,25083
894,23292
895,30847
896,26120
897,23185
898,24853
899,35111
900,730522
901,44366
902,39202
903,30325
904,38300
905,36979
906,32048
907,37684
908,31685
909,36823
910,58138
911,505776
912,42635
913,27177
914,35476
915,34390
916,37200
917,32464
918,35755
919,32773
920,95613
921,30392
922,33355
923,25097
924,33911
925,54346
926,25361
927,24348
928,33798
929,27733
930,65555
931,26535
932,26878
933,29373
934,24443
935,31595
936,28809
937,26575
938,25499
939,28446
940,56758
941,28981
942,24507
943,24143
944,31887
945,30931
946,23949
947,22213
948,22886
949,27856
950,140925
951,25640
952,26678
953,23262
954,29750
955,29385
956,24883
957,23329
958,25598
959,28494
960,102102
961,24430
962,26046
963,26859
964,24446
965,30975
966,25319
967,27200
968,24835
969,25619
970,74512
971,25540
972,30041
973,26670
974,23486
975,38035
976,33852
977,23968
978,89701
979,23502
980,79060
981,24410
982,23410
983,23910
984,26856
985,29757
986,25454
987,30861
988,27422
989,27990
990,77223
991,27888
992,27310
993,27035
994,24837
995,50406
996,37377
997,37392
998,37192
999,277329
1000,2537481
1001,69193
1002,49345
1003,21342
1004,20841
1005,18850
1006,20328
1007,47776
1008,17387
1009,12225
1010,56298
1011,30238
1012,28847
1013,20394
1014,21934
1015,23771
1016,108914
1017,19295
1018,20036
1019,13391
1020,40966
1021,24362
1022,16749
1023,41696
1024,174548
1025,17649
1026,13245
1027,11102
1028,11474
1029,14435
1030,30086
1031,35910
1032,10865
1033,17072
1034,9970
1035,13997
1036,9687
1037,13711
1038,51570
1039,10804
1040,58367
1041,10785
1042,11551
1043,8465
1044,9507
1045,11972
1046,13351
1047,7856
1048,8920
1049,8456
1050,56123
1051,9600
1052,9325
1053,9354
1054,15016
1055,11462
1056,11707
1057,8625
1058,7758
1059,7021
1060,41189
1061,8250
1062,8742
1063,11176
1064,11356
1065,11365
1066,44789
1067,9097
1068,8417
1069,8061
1070,47546
1071,9469
1072,8406
1073,21182
1074,9211
1075,10878
1076,7821
1077,8934
1078,8201
1079,7783
1080,144350
1081,8544
1082,7069
1083,8130
1084,8868
1085,9285
1086,14828
1087,8377
1088,13467
1089,10287
1090,14295
1091,8188
1092,7901
1093,29332
1094,7381
1095,17540
1096,10581
1097,14179
1098,20839
1099,95098
1100,159285
1101,27446
1102,16092
1103,17363
1104,13003
1105,12403
1106,11340
1107,10577
1108,11763
1109,20500
1110,23699
1111,67618
1112,12911
1113,9408
1114,9495
1115,11061
1116,10741
1117,8551
1118,9931
1119,8254
1120,21475
1121,9530
1122,12732
1123,9036
1124,8502
1125,14196
1126,20729
1127,9549
1128,12383
1129,7492
1130,18061
1131,7698
1132,7914
1133,7581
1134,7787
1135,9961
1136,11901
1137,8358
1138,12469
1139,7745
1140,13878
1141,7162
1142,8235
1143,7058
1144,8098
1145,13884
1146,10827
1147,7910
1148,7163
1149,8007
1150,30719
1151,9718
1152,13100
1153,7243
1154,8797
1155,16514
1156,9771
1157,8068
1158,7891
1159,8631
1160,11785
1161,8272
1162,8812
1163,6911
1164,6652
1165,7283
1166,6987
1167,10748
1168,6192
1169,6717
1170,14628
1171,7204
1172,7506
1173,7544
1174,6274
1175,10889
1176,10118
1177,15756
1178,6658
1179,6870
1180,13730
1181,6881
1182,7919
1183,6731
1184,7254
1185,11779
1186,21652
1187,8558
1188,6633
1189,8858
1190,11143
1191,7996
1192,9296
1193,6684
1194,8504
1195,6912
1196,6239
1197,6472
1198,7819
1199,11689
1200,407593
1201,15830
1202,17436
1203,11197
1204,17622
1205,10574
1206,14934
1207,10016
1208,10148
1209,9477
1210,18366
1211,10598
1212,18884
1213,10096
1214,10524
1215,20819
1216,11474
1217,7649
1218,8271
1219,8236
1220,17576
1221,10055
1222,13368
1223,9192
1224,8795
1225,13997
1226,7782
1227,9812
1228,7266
1229,7120
1230,17801
1231,9716
1232,8229
1233,7347
1234,64487
1235,10207
1236,7848
1237,8044
1238,6979
1239,6167
1240,15275
1241,8603
1242,9537
1243,6893
1244,8211
1245,8973
1246,6558
1247,6517
1248,7935
1249,7165
1250,59763
1251,7963
1252,13752
1253,7495
1254,7978
1255,7837
1256,8270
1257,8194
1258,9734
1259,6570
1260,20566
1261,7443
1262,5960
1263,6166
1264,6544
1265,8448
1266,6993
1267,6572
1268,6224
1269,5809
1270,12076
1271,8725
1272,9299
1273,10137
1274,8807
1275,12115
1276,6489
1277,6955
1278,5968
1279,13217
1280,39983
1281,7124
1282,7039
1283,6349
1284,8043
1285,7717
1286,5659
1287,6572
1288,6109
1289,6128
1290,13392
1291,8784
1292,6886
1293,6201
1294,6975
1295,12235
1296,10507
1297,7394
1298,6658
1299,9995
1300,171615
1301,13215
1302,12135
1303,8952
1304,10726
1305,10274
1306,9525
1307,11450
1308,9220
1309,7548
1310,16096
1311,8439
1312,11175
1313,11740
1314,10813
1315,9002
1316,7888
1317,6557
1318,6629
1319,5918
1320,18679
1321,8279
1322,7613
1323,7362
1324,9044
1325,13358
1326,8343
1327,8554
1328,7907
1329,5716
1330,13553
1331,8581
1332,8813
1333,15970
1334,7036
1335,7518
1336,8111
1337,26665
1338,6461
1339,5595
1340,12995
1341,6872
1342,7117
1343,6335
1344,7548
1345,8263
1346,9169
1347,10546
1348,10991
1349,8444
1350,36331
1351,9043
1352,6585
1353,7734
1354,6302
1355,6725
1356,6999
1357,6608
1358,5738
1359,5534
1360,12899
1361,6911
1362,6501
1363,6061
1364,7399
1365,12611
1366,13065
1367,7078
1368,16458
1369,6528
1370,10768
1371,29655
1372,6241
1373,6276
1374,6191
1375,9238
1376,5598
1377,8569
1378,7093
1379,5564
1380,12228
1381,7979
1382,6872
1383,5324
1384,6079
1385,6854
1386,7541
1387,5932
1388,6204
1389,7940
1390,9561
1391,5906
1392,9412
1393,5248
1394,15033
1395,6612
1396,5864
1397,6076
1398,6778
1399,8709
1400,173732
1401,13609
1402,10953
1403,8415
1404,10475
1405,9880
1406,9240
1407,7054
1408,10439
1409,6975
1410,13909
1411,7678
1412,8923
1413,6933
1414,9434
1415,15191
1416,10200
1417,6668
1418,6752
1419,6470
1420,15750
1421,7697
1422,7976
1423,6092
1424,6353
1425,9232
1426,5207
1427,5941
1428,7227
1429,7073
1430,13508
1431,8163
1432,7141
1433,10747
1434,7055
1435,7517
1436,6427
1437,7433
1438,7392
1439,6569
1440,42949
1441,9549
1442,6438
1443,6183
1444,8427
1445,8027
1446,6397
1447,5664
1448,5748
1449,6435
1450,38210
1451,8018
1452,10663
1453,25023
1454,5916
1455,9094
1456,6868
1457,6057
1458,6467
1459,6164
1460,13436
1461,7977
1462,6573
1463,5801
1464,6170
1465,6710
1466,6059
1467,7688
1468,6353
1469,9186
1470,12139
1471,14395
1472,8179
1473,8481
1474,6204
1475,10424
1476,8158
1477,7371
1478,7511
1479,6479
1480,12938
1481,6411
1482,7683
1483,10466
1484,6671
1485,13097
1486,6816
1487,6456
1488,7912
1489,6408
1490,10585
1491,9103
1492,51729
1493,13332
1494,11312
1495,8974
1496,6871
1497,9777
1498,10748
1499,11524
1500,595047
1501,14440
1502,15626
1503,12976
1504,11631
1505,10532
1506,11648
1507,8933
1508,9965
1509,11946
1510,15334
1511,11536
1512,14051
1513,12393
1514,9613
1515,13440
1516,13762
1517,15239
1518,9947
1519,19267
1520,31505
1521,19801
1522,10710
1523,10807
1524,10582
1525,14376
1526,12976
1527,10769
1528,8884
1529,9142
1530,18948
1531,8390
1532,10859
1533,12017
1534,12706
1535,12002
1536,19868
1537,8508
1538,10591
1539,10072
1540,19418
1541,13983
1542,12106
1543,14808
1544,7061
1545,11204
1546,9413
1547,12590
1548,7645
1549,10873
1550,32455
1551,8289
1552,8532
1553,11584
1554,8212
1555,12171
1556,10213
1557,8738
1558,14427
1559,14143
1560,16312
1561,9229
1562,9038
1563,8529
1564,19495
1565,11473
1566,9309
1567,8535
1568,9081
1569,8989
1570,14616
1571,12571
1572,12151
1573,9075
1574,7277
1575,10667
1576,8385
1577,8419
1578,8246
1579,7148
1580,15687
1581,8750
1582,17526
1583,8556
1584,10183
1585,11376
1586,8508
1587,10374
1588,15765
1589,8553
1590,15958
1591,8693
1592,11902
1593,9390
1594,8556
1595,10173
1596,12822
1597,10043
1598,13247
1599,13085
1600,259490
1601,15572
1602,16171
1603,30411
1604,16046
1605,17464
1606,14441
1607,20366
1608,15110
1609,21778
1610,27253
1611,18325
1612,13926
1613,11218
1614,11257
1615,11766
1616,19622
1617,9480
1618,13927
1619,22740
1620,30306
1621,14784
1622,10256
1623,13900
1624,10678
1625,15341
1626,10439
1627,9701
1628,11028
1629,10343
1630,21672
1631,10466
1632,16441
1633,11146
1634,10846
1635,12501
1636,12066
1637,12538
1638,12941
1639,9601
1640,23662
1641,11178
1642,24810
1643,13136
1644,22829
1645,12618
1646,9432
1647,9389
1648,21353
1649,15031
1650,50661
1651,12314
1652,10466
1653,9792
1654,10059
1655,11415
1656,10484
1657,8864
1658,10463
1659,9609
1660,37315
1661,11980
1662,12807
1663,9883
1664,11958
1665,17431
1666,18776
1667,14271
1668,10152
1669,9506
1670,16330
1671,8809
1672,11311
1673,9026
1674,9624
1675,12954
1676,10913
1677,8330
1678,9278
1679,9582
1680,22582
1681,9935
1682,10874
1683,12390
1684,8808
1685,14381
1686,9361
1687,13819
1688,20492
1689,18517
1690,16553
1691,8789
1692,18146
1693,9578
1694,11532
1695,9875
1696,8892
1697,10507
1698,8754
1699,11526
1700,162198
1701,22770
1702,13234
1703,14309
1704,14555
1705,11904
1706,12439
1707,22603
1708,11063
1709,13443
1710,17259
1711,12024
1712,13393
1713,12328
1714,14999
1715,17439
1716,11143
1717,13174
1718,13007
1719,10230
1720,21101
1721,11968
1722,12684
1723,11928
1724,11936
1725,14123
1726,10345
1727,14501
1728,13873
1729,12926
1730,18394
1731,9816
1732,12928
1733,11932
1734,10533
1735,13272
1736,12315
1737,10827
1738,11778
1739,10323
1740,20027
1741,12071
1742,12395
1743,12509
1744,12529
1745,16509
1746,12062
1747,10792
1748,15002
1749,12944
1750,70731
1751,13282
1752,17226
1753,15327
1754,17382
1755,21644
1756,17823
1757,14876
1758,19455
1759,16400
1760,29693
1761,12965
1762,15005
1763,35232
1764,18665
1765,25568
1766,17036
1767,17315
1768,17356
1769,20027
1770,35687
1771,14000
1772,20072
1773,22929
1774,29287
1775,53619
1776,108044
1777,29890
1778,25588
1779,18510
1780,33840
1781,30060
1782,20955
1783,41907
1784,22938
1785,24692
1786,20775
1787,60148
1788,35972
1789,92143
1790,51034
1791,47135
1792,42546
1793,38245
1794,31990
1795,33591
1796,31478
1797,29897
1798,44857
1799,36637
1800,370629
1801,43831
1802,33044
1803,45512
1804,44140
1805,31886
1806,33208
1807,34674
1808,33631
1809,39546
1810,40747
1811,31441
1812,111381
1813,31198
1814,45401
1815,65020
1816,35748
1817,31897
1818,39265
1819,38997
1820,69184
1821,43128
1822,34240
1823,29514
1824,43210
1825,39147
1826,30206
1827,28937
1828,40704
1829,33822
1830,80511
1831,40562
1832,48969
1833,39643
1834,38220
1835,43748
1836,46154
1837,50291
1838,38550
1839,44872
1840,100085
1841,42500
1842,40347
1843,37122
1844,44025
1845,53075
1846,49877
1847,45001
1848,93848
1849,50989
1850,143383
1851,53860
1852,44204
1853,43752
1854,53698
1855,46530
1856,56134
1857,68735
1858,53781
1859,71981
1860,134240
1861,114597
1862,78695
1863,84667
1864,72458
1865,123002
1866,64920
1867,77262
1868,76187
1869,64310
1870,117422
1871,85598
1872,63023
1873,60709
1874,52559
1875,67637
1876,73116
1877,64885
1878,59076
1879,66591
1880,163638
1881,69666
1882,71171
1883,65981
1884,67578
1885,76075
1886,71765
1887,68073
1888,76343
1889,81643
1890,129123
1891,97396
1892,73184
1893,80130
1894,74368
1895,95699
1896,98366
1897,79086
1898,102494
1899,89004
1900,374566
1901,132216
1902,97434
1903,110301
1904,102604
1905,141080
1906,111460
1907,100406
1908,117766
1909,101557
1910,177482
1911,192562
1912,162598
1913,173629
1914,257383
1915,153606
1916,149354
1917,237762
1918,272544
1919,189097
1920,411113
1921,145400
1922,144307
1923,135404
1924,136795
1925,139007
1926,125274
1927,132379
1928,146852
1929,224504
1930,312333
1931,144806
1932,169566
1933,235883
1934,164242
1935,173753
1936,197264
1937,184163
1938,199827
1939,300841
1940,383370
1941,281012
1942,241515
1943,211887
1944,267315
1945,484999
1946,217352
1947,271873
1948,304779
1949,233993
1950,497671
1951,186312
1952,209653
1953,234236
1954,230115
1955,233391
1956,244219
1957,245073
1958,243542
1959,252728
1960,567034
1961,288881
1962,308052
1963,314977
1964,372068
1965,369368
1966,311372
1967,393819
1968,443650
1969,420132
1970,690037
1971,401948
1972,432934
1973,439901
1974,394450
1975,446076
1976,418693
1977,392864
1978,415947
1979,523648
1980,831138
1981,444177
1982,481794
1983,473782
1984,632150
1985,528597
1986,568124
1987,538213
1988,574486
1989,692244
1990,1012441
1991,773940
1992,784041
1993,753002
1994,867474
1995,937557
1996,975571
1997,982520
1998,1111287
1999,1460954
2000,2986280
2001,1616948
2002,1446123
2003,1710309
2004,1861333
2005,2029231
2006,2137335
2007,2757528
2008,3408518
2009,2643103
2010,3049884
2011,2879738
2012,3276909
2013,2995917
2014,3043562
2015,3108809
2016,3451558
2017,3069189
2018,3229338
2019,3316346
2020,4618347
2021,2935553
2022,1876042
2023,345180
2024,172484
2025,210339
2026,79647
2027,62141
2028,52229
2029,31366
2030,288659
2031,18308
2032,20798
2033,18096
2034,11422
2035,46935
2036,14016
2037,9626
2038,12612
2039,7459
2040,62119
2041,8360
2042,12842
2043,5968
2044,7264
2045,21706
2046,8374
2047,10436
2048,72148
2049,19108
2050,215565
2051,5601
2052,6832
2053,4784
2054,5176
2055,7590
2056,5074
2057,4915
2058,4176
2059,4330
2060,40307
2061,5932
2062,4327
2063,5825
2064,4567
2065,6566
2066,4489
2067,4344
2068,4818
2069,4059
2070,33009
2071,4710
2072,4828
2073,3543
2074,4026
2075,6718
2076,4299
2077,33327
2078,3426
2079,3921
2080,44268
2081,4378
2082,3120
2083,3881
2084,4930
2085,4371
2086,3129
2087,3427
2088,3655
2089,3494
2090,6473
2091,3161
2092,3086
2093,3001
2094,3128
2095,4032
2096,3438
2097,3674
2098,3018
2099,14338
2100,119249
2101,6693
2102,5796
2103,5096
2104,5707
2105,8054
2106,5851
2107,4479
2108,4765
2109,4217
2110,8177
2111,5200
2112,9962
2113,5043
2114,4189
2115,4980
2116,4026
2117,4200
2118,3880
2119,4638
2120,7472
2121,5895
2122,4128
2123,3405
2124,3732
2125,4904
2126,3440
2127,3068
2128,4435
2129,2659
2130,6504
2131,3143
2132,3155
2133,8392
2134,3711
2135,3719
2136,3039
2137,2989
2138,3416
2139,3650
2140,9794
2141,3203
2142,6842
2143,3243
2144,3151
2145,3665
2146,2553
2147,3490
2148,3472
2149,3427
2150,12583
2151,3798
2152,3563
2153,3188
2154,4717
2155,4295
2156,3142
2157,2750
2158,2724
2159,2620
2160,20507
2161,3556
2162,2743
2163,2743
2164,3467
2165,3326
2166,2856
2167,2878
2168,2334
2169,2714
2170,4991
2171,2407
2172,2790
2173,2453
2174,3395
2175,3501
2176,2633
2177,2193
2178,2563
2179,2296
2180,4651
2181,4162
2182,2532
2183,2604
2184,2563
2185,2763
2186,2448
2187,3631
2188,2457
2189,2280
2190,3644
2191,2330
2192,2848
2193,2390
2194,2128
2195,2901
2196,2493
2197,2611
2198,3062
2199,4772
2200,77179
2201,5562
2202,5292
2203,4293
2204,5235
2205,6079
2206,3860
2207,3449
2208,3827
2209,3337
2210,6821
2211,4036
2212,4058
2213,3175
2214,3414
2215,4038
2216,3318
2217,3387
2218,3134
2219,2781
2220,6231
2221,3500
2222,12674
2223,3752
2224,3422
2225,3653
2226,2805
2227,2708
2228,2802
2229,2663
2230,5860
2231,4336
2232,3005
2233,3528
2234,2707
2235,2853
2236,2755
2237,2770
2238,2519
2239,2321
2240,5973
2241,3759
2242,3330
2243,2591
2244,3293
2245,3842
2246,2615
2247,2531
2248,2713
2249,2568
2250,15091
2251,3422
2252,2895
2253,2799
2254,4985
2255,7650
2256,4294
2257,3984
2258,2897
2259,2614
2260,4623
2261,2936
2262,2738
2263,2368
2264,2904
2265,3071
2266,3262
2267,3943
2268,3490
2269,2679
2270,4015
2271,2280
2272,2686
2273,3137
2274,2231
2275,3020
2276,2234
2277,3382
2278,2739
2279,2206
2280,5582
2281,3468
2282,2387
2283,2121
2284,2179
2285,2922
2286,2405
2287,3496
2288,2945
2289,2066
2290,3896
2291,2033
2292,2020
2293,2779
2294,2016
2295,2490
2296,2223
2297,2054
2298,2273
2299,2826
2300,57754
2301,4497
2302,3708
2303,2918
2304,5601
2305,4286
2306,3105
2307,7958
2308,3324
2309,2661
2310,5544
2311,3752
2312,4367
2313,2953
2314,3175
2315,3259
2316,2549
2317,2680
2318,2403
2319,2885
2320,5152
2321,2759
2322,3110
2323,3902
2324,3049
2325,2989
2326,2516
2327,2404
2328,2516
2329,2180
2330,4643
2331,2731
2332,2720
2333,4288
2334,3208
2335,2682
2336,2373
2337,3156
2338,2166
2339,2154
2340,5283
2341,2733
2342,2645
2343,2460
2344,2734
2345,7614
2346,2623
2347,2665
2348,2873
2349,2404
2350,8751
2351,2291
2352,3370
2353,2395
2354,2358
2355,2779
2356,2601
2357,2886
2358,2338
2359,2928
2360,3809
2361,2350
2362,2335
2363,2081
2364,3046
2365,3041
2366,3281
2367,3070
2368,3482
2369,3557
2370,4820
2371,4183
2372,3771
2373,3903
2374,3605
2375,5333
2376,3674
2377,2986
2378,2741
2379,2940
2380,3822
2381,3411
2382,2336
2383,2696
2384,2615
2385,2787
2386,2354
2387,2313
2388,2610
2389,2182
2390,2882
2391,2425
2392,2499
2393,1939
2394,1961
2395,2342
2396,2707
2397,2081
2398,2084
2399,2932
2400,90828
2401,5066
2402,3358
2403,3271
2404,2876
2405,3083
2406,2623
2407,2568
2408,3010
2409,2919
2410,4450
2411,2545
2412,3533
2413,2531
2414,2623
2415,2974
2416,2365
2417,2129
2418,2227
2419,2438
2420,4195
2421,2614
2422,4197
2423,2549
2424,3478
2425,4652
2426,2256
2427,2095
2428,2181
2429,1982
2430,3816
2431,2303
2432,2456
2433,2352
2434,2132
2435,2509
2436,2415
2437,1942
2438,2158
2439,1950
2440,4141
2441,2400
2442,2407
2443,2119
2444,2512
2445,2605
2446,2053
2447,1998
2448,3369
2449,2018
2450,8295
2451,2582
2452,2077
2453,2200
2454,2349
2455,2686
2456,2237
2457,2074
2458,2152
2459,1979
2460,3805
2461,2266
2462,1981
2463,1783
2464,2226
2465,2529
2466,2176
2467,2124
2468,2995
2469,2054
2470,3032
2471,1996
2472,2190
2473,1815
2474,2280
2475,2908
2476,1990
2477,2283
2478,2652
2479,1682
2480,3524
2481,1890
2482,1836
2483,2013
2484,1954
2485,2142
2486,1957
2487,1693
2488,2148
2489,2102
2490,2802
2491,2147
2492,2000
2493,1923
2494,2085
2495,2346
2496,2689
2497,2177
2498,1928
2499,4066
2500,276525
2501,5027
2502,3411
2503,2835
2504,2937
2505,2998
2506,2872
2507,2383
2508,2659
2509,2245
2510,4885
2511,3404
2512,3026
2513,2336
2514,2619
2515,2483
2516,2308
2517,2148
2518,2547
2519,2294
2520,8293
2521,4541
2522,2467
2523,2159
2524,2269
2525,7719
2526,2765
2527,2293
2528,2444
2529,2051
2530,4121
2531,2539
2532,3001
2533,2184
2534,2156
2535,2613
2536,2275
2537,2323
2538,1982
2539,1784
2540,4024
2541,2139
2542,2275
2543,2217
2544,2191
2545,2466
2546,2000
2547,1987
2548,2019
2549,2048
2550,7336
2551,2671
2552,3913
2553,3765
2554,2325
2555,4532
2556,2199
2557,2400
2558,2587
2559,2058
2560,19522
2561,1990
2562,2430
2563,2427
2564,2411
2565,2150
2566,2059
2567,2703
2568,1860
2569,1680
2570,2525
2571,1939
2572,1706
2573,1706
2574,1798
2575,2764
2576,2060
2577,1819
2578,1894
2579,1817
2580,3339
2581,2092
2582,1712
2583,1948
2584,1956
2585,1816
2586,1658
2587,1669
2588,2037
2589,2032
2590,2480
2591,1580
2592,2684
2593,1634
2594,1643
2595,1973
2596,1957
2597,1896
2598,1756
2599,2439
2600,99335
2601,3737
2602,2877
2603,2318
2604,2608
2605,2555
2606,3315
2607,2294
2608,1944
2609,2141
2610,4559
2611,2703
2612,2312
2613,2502
2614,1978
2615,2128
2616,3861
2617,2146
2618,2304
2619,1811
2620,3902
2621,1978
2622,2043
2623,2051
2624,1816
2625,2999
2626,2770
2627,2206
2628,2002
2629,1778
2630,3824
2631,2116
2632,2124
2633,1844
2634,1891
2635,2151
2636,1820
2637,2045
2638,1745
2639,1989
2640,4473
2641,1846
2642,1923
2643,1750
2644,1660
2645,1988
2646,1873
2647,1817
2648,1894
2649,1701
2650,7080
2651,1899
2652,2085
2653,1935
2654,2014
2655,2145
2656,1875
2657,1685
2658,1757
2659,1499
2660,3171
2661,1822
2662,1808
2663,1751
2664,1936
2665,2080
2666,7141
2667,3078
2668,1741
2669,1977
2670,3100
2671,1675
2672,1790
2673,1963
2674,1514
2675,2209
2676,1661
2677,1780
2678,1802
2679,1703
2680,3147
2681,1731
2682,1679
2683,1753
2684,1546
2685,1778
2686,2254
2687,1503
2688,2294
2689,1515
2690,2891
2691,1725
2692,1636
2693,1826
2694,1518
2695,2125
2696,1720
2697,2155
2698,1903
2699,2501
2700,47848
2701,3475
2702,2787
2703,2723
2704,2947
2705,2487
2706,2216
2707,2478
2708,2080
2709,1995
2710,3267
2711,3466
2712,2105
2713,1884
2714,2017
2715,2029
2716,2315
2717,1928
2718,1833
2719,1769
2720,3795
2721,1830
2722,2190
2723,1905
2724,1748
2725,2028
2726,1686
2727,2953
2728,1901
2729,1768
2730,4974
2731,1828
2732,2250
2733,1700
2734,1697
2735,1919
2736,1999
2737,2708
2738,1789
2739,1707
2740,2539
2741,1811
2742,1633
2743,1871
2744,2316
2745,1956
2746,1495
2747,1727
2748,1544
2749,1651
2750,9011
2751,1664
2752,1727
2753,1812
2754,1610
2755,1973
2756,1687
2757,1460
2758,2118
2759,1572
2760,3242
2761,1603
2762,1641
2763,1656
2764,1971
2765,1979
2766,1624
2767,1938
2768,1725
2769,1524
2770,2591
2771,1559
2772,2111
2773,1626
2774,1464
2775,2186
2776,1619
2777,2054
2778,2047
2779,1618
2780,2589
2781,1960
2782,1697
2783,1620
2784,1598
2785,1918
2786,1543
2787,1858
2788,1593
2789,1793
2790,2102
2791,1512
2792,1620
2793,1617
2794,1615
2795,1895
2796,1592
2797,1557
2798,1546
2799,1995
2800,47024
2801,3199
2802,2720
2803,2509
2804,2131
2805,2403
2806,2094
2807,1952
2808,2798
2809,1963
2810,2980
2811,2693
2812,2561
2813,1944
2814,2544
2815,1995
2816,2451
2817,1822
2818,1888
2819,1616
2820,3325
2821,2505
2822,3175
2823,1687
2824,2768
2825,2188
2826,1622
2827,1431
2828,2281
2829,1701
2830,2684
2831,1781
2832,2157
2833,2237
2834,1574
2835,3377
2836,2295
2837,1594
2838,1509
2839,1536
2840,2920
2841,1646
2842,1440
2843,1393
2844,1554
2845,1846
2846,1346
2847,1548
2848,2118
2849,1488
2850,5431
2851,1797
2852,1882
2853,1456
2854,1481
2855,1687
2856,1745
2857,2200
2858,1408
2859,1617
2860,2893
2861,1621
2862,1402
2863,1423
2864,1554
2865,1847
2866,17403
2867,1496
2868,1482
2869,1486
2870,2153
2871,1609
2872,1509
2873,1510
2874,1600
2875,2204
2876,1426
2877,1663
2878,1494
2879,1556
2880,7429
2881,1743
2882,1972
2883,1409
2884,1407
2885,1834
2886,1630
2887,1416
2888,2198
2889,1852
2890,2315
2891,1597
2892,1790
2893,1556
2894,1270
2895,1548
2896,1613
2897,1469
2898,1538
2899,1663
2900,22656
2901,2662
2902,1974
2903,2522
2904,1995
2905,1768
2906,1812
2907,2020
2908,1719
2909,1936
2910,2960
2911,2475
2912,2248
2913,1919
2914,1824
2915,2130
2916,2068
2917,1764
2918,1682
2919,1778
2920,4090
2921,2108
2922,1749
2923,2065
2924,1632
2925,2333
2926,1560
2927,1466
2928,1631
2929,3405
2930,2654
2931,1745
2932,1666
2933,3584
2934,1571
2935,1670
2936,1629
2937,1467
2938,1330
2939,1429
2940,2848
2941,2033
2942,1480
2943,1608
2944,1688
2945,1738
2946,1424
2947,1611
2948,1533
2949,1443
2950,5901
2951,1536
2952,1550
2953,1626
2954,1574
2955,1625
2956,1537
2957,1470
2958,2099
2959,1397
2960,4159
2961,1334
2962,1536
2963,1394
2964,1618
2965,1546
2966,1503
2967,1449
2968,1395
2969,1396
2970,2255
2971,1451
2972,1325
2973,1376
2974,1444
2975,1923
2976,1523
2977,1916
2978,1318
2979,1436
2980,2308
2981,1421
2982,1498
2983,1424
2984,1331
2985,1533
2986,1369
2987,1439
2988,1562
2989,1512
2990,2388
2991,4127
2992,1686
2993,1459
2994,1542
2995,2098
2996,1667
2997,1700
2998,1818
2999,5229
3000,618222
3001,9705
3002,4814
3003,5894
3004,3742
3005,3639
3006,3275
3007,2846
3008,5075
3009,2687
3010,6270
3011,2815
3012,3519
3013,2531
3014,2472
3015,2832
3016,2382
3017,2240
3018,2680
3019,2585
3020,5878
3021,2456
3022,2186
3023,1932
3024,2836
3025,4481
3026,1851
3027,1793
3028,1825
3029,1688
3030,7258
3031,2721
3032,2216
3033,2639
3034,2021
3035,2492
3036,1875
3037,1723
3038,1628
3039,1892
3040,4916
3041,1774
3042,2031
3043,1861
3044,1756
3045,2467
3046,1758
3047,1744
3048,7485
3049,1621
3050,9871
3051,2062
3052,1979
3053,1937
3054,1759
3055,2301
3056,1882
3057,2486
3058,1649
3059,1565
3060,20064
3061,1654
3062,1610
3063,1582
3064,1502
3065,1764
3066,2018
3067,1905
3068,2206
3069,1437
3070,22526
3071,1896
3072,5963
3073,1493
3074,2004
3075,2142
3076,1595
3077,1889
3078,1398
3079,1665
3080,40041
3081,1795
3082,1390
3083,1483
3084,1483
3085,1985
3086,1393
3087,1630
3088,1655
3089,1471
3090,25904
3091,1525
3092,1477
3093,1410
3094,1257
3095,1599
3096,1508
3097,1266
3098,1427
3099,1715
3100,27560
3101,3869
3102,3454
3103,2150
3104,2323
3105,2480
3106,2233
3107,1969
3108,2123
3109,3134
3110,3865
3111,2802
3112,2702
3113,2352
3114,3041
3115,2473
3116,2162
3117,1857
3118,1700
3119,1664
3120,4125
3121,3542
3122,1919
3123,1942
3124,2021
3125,7941
3126,1932
3127,1726
3128,2677
3129,1450
3130,2998
3131,2282
3132,2387
3133,1927
3134,1686
3135,2376
3136,2053
3137,1462
3138,1530
3139,1412
3140,2666
3141,2265
3142,2257
3143,1847
3144,1616
3145,2605
3146,1607
3147,2025
3148,1378
3149,1306
3150,6492
3151,1789
3152,1604
3153,1511
3154,1314
3155,1609
3156,1997
3157,2753
3158,1463
3159,1308
3160,2272
3161,1764
3162,1671
3163,1471
3164,1705
3165,1578
3166,8645
3167,1729
3168,2180
3169,1422
3170,1867
3171,1610
3172,1395
3173,1317
3174,1444
3175,1917
3176,1273
3177,1543
3178,1277
3179,1266
3180,2277
3181,1369
3182,1553
3183,1253
3184,1301
3185,1553
3186,1264
3187,1413
3188,1578
3189,1443
3190,1801
3191,1288
3192,1311
3193,1232
3194,1518
3195,1587
3196,1424
3197,1233
3198,1312
3199,1600
3200,72311
3201,3082
3202,2429
3203,1799
3204,1925
3205,2081
3206,1624
3207,1626
3208,2348
3209,1591
3210,4052
3211,1884
3212,2112
3213,2092
3214,1750
3215,1835
3216,1743
3217,1612
3218,1406
3219,1474
3220,3513
3221,2028
3222,1847
3223,1771
3224,1784
3225,2203
3226,1602
3227,1560
3228,1716
3229,1330
3230,2391
3231,1821
3232,2063
3233,2290
3234,1594
3235,1728
3236,1368
3237,1401
3238,1365
3239,1507
3240,3220
3241,1593
3242,1538
3243,1415
3244,1303
3245,1682
3246,1516
3247,1330
3248,1384
3249,1413
3250,6222
3251,1500
3252,1426
3253,1276
3254,1397
3255,1623
3256,1488
3257,1276
3258,1223
3259,1226
3260,2063
3261,1919
3262,1303
3263,1576
3264,2045
3265,1542
3266,1573
3267,1281
3268,1418
3269,1226
3270,4749
3271,1228
3272,1299
3273,1159
3274,1237
3275,1502
3276,1550
3277,1301
3278,1464
3279,1232
3280,2778
3281,1672
3282,1648
3283,1217
3284,1286
3285,1460
3286,1245
3287,1308
3288,1415
3289,1329
3290,1961
3291,1114
3292,1177
3293,1361
3294,1221
3295,1353
3296,1269
3297,1203
3298,1098
3299,1514
3300,31547
3301,4201
3302,2163
3303,3922
3304,1987
3305,1920
3306,9164
3307,2070
3308,1664
3309,1742
3310,8136
3311,2159
3312,1801
3313,1768
3314,1614
3315,1792
3316,1404
3317,1349
3318,1442
3319,1368
3320,2613
3321,1771
3322,2001
3323,1595
3324,1765
3325,1954
3326,1457
3327,1551
3328,1479
3329,1198
3330,3207
3331,2010
3332,1663
3333,20214
3334,1828
3335,1656
3336,1562
3337,1419
3338,1357
3339,2390
3340,2465
3341,1469
3342,1624
3343,1408
3344,1947
3345,1611
3346,1166
3347,1260
3348,1379
3349,1199
3350,5131
3351,1452
3352,1414
3353,1358
3354,1670
3355,1781
3356,1258
3357,1151
3358,1197
3359,1160
3360,3184
3361,1336
3362,1394
3363,1221
3364,1357
3365,1360
3366,4702
3367,1223
3368,1256
3369,1213
3370,1857
3371,1446
3372,2014
3373,1294
3374,1088
3375,2391
3376,1133
3377,1208
3378,1225
3379,1319
3380,2294
3381,1157
3382,1313
3383,1138
3384,1352
3385,1203
3386,1742
3387,1110
3388,1443
3389,10941
3390,7848
3391,1274
3392,1145
3393,1427
3394,1156
3395,1334
3396,1387
3397,1176
3398,1109
3399,3869
3400,24647
3401,2280
3402,2491
3403,1507
3404,1598
3405,1620
3406,1901
3407,2168
3408,1524
3409,1319
3410,2833
3411,2012
3412,2433
3413,1617
3414,1401
3415,1495
3416,1417
3417,1490
3418,1368
3419,1049
3420,2273
3421,1566
3422,1602
3423,1673
3424,1302
3425,1695
3426,1408
3427,1490
3428,1250
3429,1282
3430,1838
3431,1291
3432,1481
3433,1426
3434,2045
3435,1655
3436,1386
3437,1195
3438,1404
3439,1085
3440,3473
3441,1307
3442,1371
3443,1379
3444,1526
3445,1563
3446,1153
3447,1329
3448,1416
3449,1270
3450,4510
3451,1313
3452,1358
3453,1225
3454,1347
3455,1414
3456,4977
3457,1474
3458,1337
3459,1130
3460,1605
3461,1323
3462,1196
3463,1196
3464,1293
3465,1480
3466,1433
3467,1332
3468,1298
3469,1024
3470,2713
3471,1124
3472,1512
3473,1063
3474,1334
3475,1609
3476,1435
3477,1366
3478,1577
3479,1074
3480,2133
3481,1231
3482,1046
3483,1047
3484,1105
3485,1235
3486,1257
3487,967
3488,1765
3489,1103
3490,1723
3491,1072
3492,1162
3493,1039
3494,1048
3495,2009
3496,1127
3497,1172
3498,1028
3499,1640
3500,135577
3501,2589
3502,1876
3503,1612
3504,1755
3505,1653
3506,1693
3507,1206
3508,1705
3509,1662
3510,2971
3511,1892
3512,1860
3513,1328
3514,1443
3515,1509
3516,1553
3517,1296
3518,1105
3519,1147
3520,3840
3521,1665
3522,1403
3523,1203
3524,1423
3525,1578
3526,1193
3527,1235
3528,2499
3529,1097
3530,1779
3531,1282
3532,1249
3533,1124
3534,1182
3535,2207
3536,1470
3537,1087
3538,1295
3539,1061
3540,2305
3541,1206
3542,1356
3543,1094
3544,1169
3545,1312
3546,1116
3547,1172
3548,1574
3549,1131
3550,4486
3551,1336
3552,1364
3553,7296
3554,1239
3555,1698
3556,1255
3557,1093
3558,1101
3559,1194
3560,2700
3561,1174
3562,1136
3563,1145
3564,1140
3565,1353
3566,1181
3567,1280
3568,1476
3569,1056
3570,2558
3571,1382
3572,1125
3573,979
3574,1190
3575,1488
3576,1235
3577,1117
3578,1027
3579,1185
3580,1594
3581,1202
3582,2900
3583,1491
3584,2414
3585,1688
3586,999
3587,1142
3588,1614
3589,1045
3590,2497
3591,1330
3592,1524
3593,1040
3594,976
3595,1113
3596,1108
3597,1328
3598,1079
3599,1494
3600,83054
3601,2328
3602,1610
3603,1804
3604,1744
3605,1684
3606,1426
3607,1202
3608,1404
3609,1175
3610,2189
3611,1251
3612,1395
3613,1149
3614,1213
3615,1473
3616,1417
3617,1114
3618,1112
3619,1019
3620,2175
3621,1420
3622,1329
3623,1142
3624,1474
3625,1763
3626,1246
3627,1370
3628,1376
3629,1203
3630,2276
3631,1273
3632,1531
3633,1360
3634,1007
3635,1148
3636,2240
3637,1185
3638,1174
3639,1210
3640,2576
3641,1154
3642,1199
3643,1267
3644,1182
3645,1327
3646,1077
3647,1215
3648,1489
3649,1076
3650,6667
3651,1392
3652,1267
3653,1326
3654,1252
3655,1272
3656,1081
3657,1133
3658,1197
3659,1026
3660,1879
3661,1199
3662,1019
3663,1369
3664,1197
3665,1187
3666,1181
3667,1560
3668,1118
3669,1047
3670,1485
3671,1188
3672,1122
3673,1181
3674,1003
3675,1442
3676,1070
3677,1252
3678,1146
3679,1066
3680,1941
3681,1012
3682,936
3683,1047
3684,1180
3685,1067
3686,1111
3687,917
3688,998
3689,1068
3690,1486
3691,933
3692,847
3693,882
3694,979
3695,1092
3696,1151
3697,1043
3698,912
3699,1088
3700,19388
3701,2474
3702,1543
3703,1132
3704,1508
3705,1437
3706,1299
3707,1156
3708,1204
3709,1140
3710,1707
3711,1704
3712,1282
3713,1274
3714,1166
3715,1379
3716,1036
3717,1312
3718,1225
3719,1413
3720,2026
3721,1556
3722,1088
3723,1168
3724,1250
3725,1464
3726,1056
3727,1298
3728,1189
3729,1815
3730,2024
3731,1178
3732,1183
3733,1996
3734,1028
3735,1118
3736,1049
3737,1694
3738,1061
3739,1157
3740,1706
3741,1085
3742,1896
3743,1032
3744,1251
3745,1645
3746,999
3747,923
3748,1412
3749,1031
3750,8529
3751,1233
3752,1047
3753,1413
3754,1174
3755,1512
3756,1142
3757,1068
3758,2067
3759,937
3760,2035
3761,1617
3762,1195
3763,883
3764,1051
3765,1105
3766,1002
3767,1065
3768,967
3769,908
3770,3601
3771,1083
3772,1156
3773,1374
3774,1269
3775,1197
3776,1449
3777,1224
3778,1026
3779,1102
3780,1829
3781,1182
3782,1045
3783,864
3784,1029
3785,1802
3786,973
3787,1045
3788,1199
3789,963
3790,1474
3791,1167
3792,876
3793,848
3794,943
3795,1105
3796,1019
3797,1264
3798,921
3799,1123
3800,28212
3801,1990
3802,1683
3803,1622
3804,1213
3805,1462
3806,1222
3807,1067
3808,1547
3809,1239
3810,1898
3811,1264
3812,1579
3813,1023
3814,1074
3815,1265
3816,1105
3817,963
3818,981
3819,1068
3820,2762
3821,1088
3822,1095
3823,1101
3824,1380
3825,1575
3826,1060
3827,1202
3828,1047
3829,935
3830,1625
3831,977
3832,969
3833,1420
3834,1044
3835,1182
3836,904
3837,1220
3838,1641
3839,1185
3840,12386
3841,1249
3842,1193
3843,990
3844,1573
3845,1307
3846,1137
3847,1488
3848,1214
3849,1010
3850,5002
3851,1056
3852,1087
3853,986
3854,906
3855,1150
3856,983
3857,2256
3858,864
3859,953
3860,1352
3861,1056
3862,1001
3863,836
3864,1135
3865,1356
3866,1075
3867,983
3868,971
3869,861
3870,3478
3871,999
3872,1587
3873,977
3874,836
3875,1385
3876,879
3877,920
3878,1084
3879,1092
3880,1778
3881,1002
3882,841
3883,1025
3884,919
3885,1130
3886,1055
3887,963
3888,1999
3889,1093
3890,1467
3891,1082
3892,1122
3893,838
3894,943
3895,1049
3896,877
3897,947
3898,837
3899,1089
3900,13242
3901,1555
3902,1275
3903,1290
3904,1563
3905,1240
3906,1491
3907,1262
3908,1146
3909,1201
3910,1694
3911,1169
3912,1081
3913,1109
3914,1071
3915,1160
3916,1079
3917,1033
3918,987
3919,989
3920,1857
3921,1262
3922,1356
3923,1068
3924,1045
3925,1224
3926,905
3927,1174
3928,1151
3929,982
3930,1989
3931,997
3932,1118
3933,1218
3934,1021
3935,1021
3936,922
3937,2361
3938,922
3939,1401
3940,1852
3941,954
3942,961
3943,894
3944,983
3945,1826
3946,916
3947,1337
3948,840
3949,1013
3950,2806
3951,958
3952,966
3953,856
3954,922
3955,1117
3956,1197
3957,791
3958,923
3959,1537
3960,2348
3961,783
3962,1231
3963,1287
3964,1031
3965,955
3966,1211
3967,900
3968,1028
3969,1416
3970,1314
3971,1000
3972,954
3973,803
3974,886
3975,1261
3976,846
3977,990
3978,1168
3979,1131
3980,1343
3981,962
3982,936
3983,850
3984,992
3985,1139
3986,2453
3987,1306
3988,976
3989,897
3990,1434
3991,1030
3992,982
3993,1063
3994,955
3995,1498
3996,1265
3997,1079
3998,1159
3999,4031
4000,345892
4001,5924
4002,3051
4003,2780
4004,9738
4005,2577
4006,2244
4007,2104
4008,1998
4009,1909
4010,3772
4011,2537
4012,1979
4013,2015
4014,2226
4015,2097
4016,2074
4017,3649
4018,1590
4019,1246
4020,4086
4021,1618
4022,1537
4023,1335
4024,1518
4025,1609
4026,1407
4027,1218
4028,1356
4029,1316
4030,2225
4031,1577
4032,2293
4033,20145
4034,1255
4035,1400
4036,1087
4037,966
4038,1574
4039,1390
4040,4674
4041,1499
4042,1290
4043,1467
4044,1317
4045,1405
4046,1859
4047,1544
4048,1255
4049,1956
4050,4652
4051,2382
4052,1369
4053,1291
4054,1067
4055,1240
4056,1276
4057,1038
4058,988
4059,1017
4060,3360
4061,1260
4062,1238
4063,1007
4064,1883
4065,1147
4066,1772
4067,2011
4068,1027
4069,1258
4070,3389
4071,1099
4072,1166
4073,846
4074,1107
4075,1189
4076,887
4077,1548
4078,887
4079,1049
4080,7053
4081,1365
4082,1263
4083,1027
4084,1059
4085,1180
4086,1176
4087,964
4088,1444
4089,952
4090,6942
4091,1271
4092,1264
4093,1271
4094,1652
4095,5663
4096,57260
4097,1294
4098,1314
4099,1197
4100,14142
4101,2040
4102,1905
4103,2803
4104,1796
4105,1557
4106,1421
4107,1175
4108,1490
4109,1111
4110,2102
4111,2121
4112,1831
4113,1133
4114,1474
4115,1376
4116,1735
4117,1089
4118,1203
4119,974
4120,1868
4121,1252
4122,1885
4123,1621
4124,1014
4125,1672
4126,976
4127,1290
4128,1493
4129,964
4130,5211
4131,1352
4132,1196
4133,1190
4134,998
4135,3376
4136,1128
4137,1032
4138,1144
4139,1130
4140,4344
4141,2008
4142,2266
4143,1095
4144,1261
4145,1092
4146,947
4147,1088
4148,1056
4149,818
4150,3680
4151,1316
4152,1093
4153,1140
4154,869
4155,1168
4156,1093
4157,1235
4158,1059
4159,1177
4160,2696
4161,1568
4162,989
4163,998
4164,1145
4165,1251
4166,1587
4167,2010
4168,911
4169,925
4170,1631
4171,1203
4172,1507
4173,925
4174,843
4175,1144
4176,894
4177,879
4178,766
4179,1004
4180,2218
4181,1456
4182,943
4183,864
4184,1455
4185,1001
4186,1661
4187,1070
4188,888
4189,1002
4190,1247
4191,1074
4192,972
4193,890
4194,962
4195,915
4196,909
4197,807
4198,1011
4199,1164
4200,27474
4201,1764
4202,1578
4203,1195
4204,1291
4205,1471
4206,1061
4207,1366
4208,1441
4209,1102
4210,2185
4211,1295
4212,1492
4213,1289
4214,1349
4215,1405
4216,1034
4217,3915
4218,1081
4219,1049
4220,1868
4221,1389
4222,1656
4223,979
4224,1412
4225,1714
4226,1311
4227,1304
4228,1242
4229,980
4230,2183
4231,2425
4232,1141
4233,1043
4234,1018
4235,1028
4236,3453
4237,845
4238,934
4239,863
4240,1520
4241,1124
4242,2429
4243,1118
4244,1325
4245,1047
4246,844
4247,837
4248,1089
4249,744
4250,4098
4251,1101
4252,945
4253,988
4254,1016
4255,991
4256,906
4257,826
4258,1181
4259,776
4260,1497
4261,1146
4262,982
4263,856
4264,958
4265,921
4266,1292
4267,1016
4268,907
4269,1276
4270,1177
4271,3204
4272,878
4273,758
4274,910
4275,1116
4276,1022
4277,897
4278,921
4279,756
4280,1423
4281,845
4282,827
4283,713
4284,888
4285,987
4286,1178
4287,944
4288,999
4289,760
4290,1429
4291,920
4292,1007
4293,726
4294,784
4295,1016
4296,936
4297,939
4298,891
4299,932
4300,14785
4301,1834
4302,1310
4303,1259
4304,1246
4305,1380
4306,1227
4307,1083
4308,1048
4309,930
4310,2010
4311,1471
4312,1647
4313,960
4314,1014
4315,1364
4316,831
4317,896
4318,840
4319,1469
4320,4977
4321,4662
4322,1483
4323,982
4324,1906
4325,1355
4326,5096
4327,967
4328,1254
4329,914
4330,1826
4331,1294
4332,1233
4333,1817
4334,1195
4335,1281
4336,832
4337,1012
4338,889
4339,837
4340,2889
4341,994
4342,1028
4343,1557
4344,1080
4345,1074
4346,881
4347,997
4348,935
4349,901
4350,3967
4351,845
4352,1284
4353,946
4354,856
4355,961
4356,1144
4357,2865
4358,804
4359,784
4360,1849
4361,1156
4362,889
4363,915
4364,984
4365,867
4366,914
4367,765
4368,1390
4369,756
4370,1202
4371,875
4372,878
4373,783
4374,931
4375,2734
4376,772
4377,942
4378,659
4379,703
4380,1477
4381,853
4382,774
4383,722
4384,789
4385,799
4386,826
4387,717
4388,1066
4389,846
4390,1042
4391,770
4392,847
4393,871
4394,682
4395,862
4396,710
4397,877
4398,776
4399,1122
4400,20471
4401,1737
4402,1256
4403,1005
4404,1402
4405,1112
4406,1326
4407,978
4408,1202
4409,1052
4410,1875
4411,1540
4412,1494
4413,922
4414,1325
4415,1020
4416,1166
4417,941
4418,959
4419,1155
4420,1605
4421,1112
4422,1562
4423,1531
4424,953
4425,1291
4426,865
4427,1017
4428,1218
4429,844
4430,2068
4431,922
4432,1051
4433,1342
4434,944
4435,1509
4436,898
4437,1233
4438,1009
4439,719
4440,2029
4441,1207
4442,968
4443,1214
4444,8960
4445,1370
4446,961
4447,962
4448,1138
4449,1231
4450,1889
4451,1008
4452,827
4453,1087
4454,770
4455,1318
4456,876
4457,837
4458,791
4459,690
4460,2204
4461,873
4462,902
4463,873
4464,1004
4465,926
4466,946
4467,838
4468,823
4469,851
4470,1493
4471,914
4472,1337
4473,7512
4474,985
4475,868
4476,699
4477,991
4478,764
4479,829
4480,1583
4481,779
4482,800
4483,752
4484,976
4485,927
4486,807
4487,754
4488,1349
4489,1023
4490,1256
4491,767
4492,846
4493,800
4494,753
4495,934
4496,727
4497,798
4498,760
4499,1065
4500,70893
4501,1665
4502,1507
4503,1977
4504,1135
4505,1306
4506,2149
4507,985
4508,1265
4509,919
4510,1922
4511,1782
4512,1201
4513,1087
4514,895
4515,1144
4516,1065
4517,765
4518,861
4519,692
4520,2093
4521,1024
4522,1162
4523,813
4524,777
4525,1161
4526,823
4527,1008
4528,940
4529,955
4530,1356
4531,880
4532,1057
4533,823
4534,752
4535,1027
4536,1455
4537,848
4538,765
4539,889
4540,1098
4541,909
4542,705
4543,858
4544,677
4545,2151
4546,1147
4547,1091
4548,1126
4549,770
4550,2815
4551,938
4552,828
4553,907
4554,904
4555,1447
4556,952
4557,893
4558,1316
4559,799
4560,1772
4561,730
4562,1500
4563,926
4564,784
4565,1185
4566,1155
4567,4913
4568,1091
4569,1002
4570,1625
4571,1012
4572,973
4573,809
4574,721
4575,1022
4576,857
4577,875
4578,906
4579,817
4580,1092
4581,855
4582,1039
4583,764
4584,718
4585,719
4586,711
4587,786
4588,821
4589,813
4590,2414
4591,685
4592,858
4593,737
4594,769
4595,768
4596,716
4597,807
4598,805
4599,801
4600,15411
4601,1272
4602,1203
4603,899
4604,771
4605,1000
4606,985
4607,810
4608,1762
4609,878
4610,1402
4611,876
4612,961
4613,953
4614,1070
4615,1061
4616,912
4617,970
4618,729
4619,791
4620,1740
4621,753
4622,1179
4623,854
4624,1488
4625,1582
4626,911
4627,1266
4628,875
4629,583
4630,1417
4631,1036
4632,910
4633,763
4634,931
4635,884
4636,2190
4637,680
4638,755
4639,779
4640,1371
4641,940
4642,917
4643,841
4644,791
4645,893
4646,1352
4647,1094
4648,1388
4649,889
4650,2544
4651,1171
4652,828
4653,894
4654,765
4655,1118
4656,1078
4657,794
4658,833
4659,669
4660,1382
4661,752
4662,991
4663,945
4664,829
4665,903
4666,1064
4667,1136
4668,762
4669,725
4670,2558
4671,838
4672,1070
4673,1737
4674,714
4675,883
4676,786
4677,797
4678,1510
4679,652
4680,3386
4681,913
4682,780
4683,681
4684,881
4685,777
4686,707
4687,809
4688,924
4689,691
4690,1865
4691,743
4692,703
4693,708
4694,855
4695,694
4696,865
4697,745
4698,750
4699,792
4700,13141
4701,1111
4702,1012
4703,1130
4704,1170
4705,900
4706,813
4707,1004
4708,886
4709,944
4710,1440
4711,2507
4712,1444
4713,1772
4714,1060
4715,1183
4716,910
4717,897
4718,818
4719,776
4720,1561
4721,950
4722,949
4723,817
4724,963
4725,1347
4726,821
4727,793
4728,839
4729,997
4730,1275
4731,1008
4732,905
4733,917
4734,895
4735,856
4736,1067
4737,860
4738,684
4739,806
4740,1296
4741,796
4742,784
4743,662
4744,846
4745,859
4746,715
4747,1252
4748,756
4749,791
4750,2909
4751,924
4752,975
4753,758
4754,708
4755,1319
4756,775
4757,882
4758,981
4759,740
4760,1362
4761,982
4762,881
4763,706
4764,591
4765,899
4766,817
4767,677
4768,737
4769,750
4770,3183
4771,1132
4772,937
4773,797
4774,746
4775,998
4776,888
4777,1015
4778,773
4779,692
4780,1066
4781,729
4782,635
4783,836
4784,711
4785,797
4786,686
4787,838
4788,828
4789,864
4790,2401
4791,765
4792,674
4793,959
4794,737
4795,604
4796,596
4797,1005
4798,704
4799,950
4800,24799
4801,1289
4802,1061
4803,846
4804,884
4805,1471
4806,938
4807,857
4808,839
4809,1947
4810,1418
4811,856
4812,958
4813,752
4814,773
4815,988
4816,763
4817,817
4818,798
4819,937
4820,1166
4821,881
4822,1059
4823,712
4824,850
4825,968
4826,824
4827,888
4828,870
4829,691
4830,1594
4831,1078
4832,731
4833,1332
4834,739
4835,941
4836,786
4837,618
4838,758
4839,799
4840,1920
4841,871
4842,666
4843,604
4844,874
4845,909
4846,645
4847,665
4848,1385
4849,931
4850,5363
4851,920
4852,1073
4853,877
4854,782
4855,712
4856,925
4857,709
4858,637
4859,733
4860,1815
4861,855
4862,975
4863,663
4864,1105
4865,744
4866,580
4867,747
4868,1407
4869,1125
4870,5924
4871,752
4872,1117
4873,619
4874,690
4875,1122
4876,778
4877,731
4878,921
4879,849
4880,1525
4881,665
4882,809
4883,654
4884,810
4885,825
4886,721
4887,789
4888,939
4889,1056
4890,2575
4891,572
4892,720
4893,618
4894,629
4895,1219
4896,748
4897,652
4898,690
4899,812
4900,8197
4901,1276
4902,966
4903,780
4904,793
4905,923
4906,792
4907,719
4908,673
4909,907
4910,1285
4911,964
4912,925
4913,971
4914,831
4915,1062
4916,736
4917,791
4918,800
4919,769
4920,1352
4921,1027
4922,762
4923,847
4924,793
4925,943
4926,682
4927,682
4928,974
4929,871
4930,1016
4931,741
4932,981
4933,794
4934,648
4935,799
4936,834
4937,772
4938,672
4939,847
4940,922
4941,840
4942,685
4943,691
4944,809
4945,938
4946,626
4947,648
4948,794
4949,1128
4950,2733
4951,860
4952,859
4953,799
4954,718
4955,853
4956,868
4957,741
4958,727
4959,687
4960,1185
4961,838
4962,627
4963,813
4964,776
4965,848
4966,813
4967,755
4968,703
4969,678
4970,1069
4971,826
4972,790
4973,648
4974,617
4975,1660
4976,716
4977,906
4978,808
4979,596
4980,1088
4981,715
4982,772
4983,755
4984,684
4985,762
4986,733
4987,836
4988,758
4989,713
4990,1328
4991,867
4992,839
4993,1024
4994,817
4995,1503
4996,660
4997,757
4998,921
4999,4009
5000,564004
5001,6387
5002,2608
5003,2002
5004,1917
5005,3162
5006,1574
5007,1495
5008,2086
5009,1244
5010,3902
5011,1566
5012,1352
5013,1061
5014,1007
5015,1519
5016,1167
5017,1089
5018,2508
5019,902
5020,2553
5021,1171
5022,1190
5023,952
5024,954
5025,1308
5026,862
5027,1113
5028,777
5029,947
5030,1998
5031,869
5032,927
5033,1038
5034,916
5035,968
5036,876
5037,819
5038,992
5039,941
5040,4584
5041,834
5042,1014
5043,987
5044,952
5045,1215
5046,834
5047,704
5048,900
5049,771
5050,11164
5051,1120
5052,2468
5053,1002
5054,983
5055,1461
5056,897
5057,712
5058,810
5059,1154
5060,4259
5061,1844
5062,843
5063,775
5064,811
5065,919
5066,944
5067,1375
5068,763
5069,841
5070,1744
5071,729
5072,711
5073,634
5074,656
5075,1205
5076,706
5077,683
5078,636
5079,636
5080,1981
5081,1043
5082,828
5083,1565
5084,773
5085,1018
5086,933
5087,646
5088,947
5089,686
5090,1565
5091,769
5092,758
5093,680
5094,607
5095,739
5096,685
5097,653
5098,725
5099,770
5100,14500
5101,2290
5102,1249
5103,1569
5104,1052
5105,2403
5106,964
5107,724
5108,849
5109,787
5110,2974
5111,1449
5112,1348
5113,1223
5114,1481
5115,1218
5116,1005
5117,789
5118,894
5119,910
5120,4631
5121,1151
5122,1158
5123,1138
5124,891
5125,1629
5126,1086
5127,743
5128,1133
5129,736
5130,1544
5131,809
5132,816
5133,919
5134,728
5135,843
5136,662
5137,771
5138,623
5139,694
5140,1594
5141,771
5142,745
5143,745
5144,772
5145,889
5146,788
5147,720
5148,813
5149,738
5150,11752
5151,1346
5152,1094
5153,1207
5154,1016
5155,1180
5156,840
5157,606
5158,668
5159,675
5160,3251
5161,1047
5162,946
5163,639
5164,791
5165,821
5166,668
5167,1083
5168,690
5169,589
5170,1241
5171,990
5172,926
5173,651
5174,655
5175,855
5176,658
5177,627
5178,656
5179,652
5180,1055
5181,737
5182,737
5183,781
5184,1365
5185,717
5186,645
5187,562
5188,661
5189,655
5190,973
5191,1070
5192,657
5193,961
5194,4473
5195,1295
5196,746
5197,615
5198,814
5199,800
5200,26736
5201,1432
5202,982
5203,850
5204,1033
5205,964
5206,939
5207,839
5208,1141
5209,704
5210,1801
5211,973
5212,945
5213,771
5214,762
5215,904
5216,862
5217,810
5218,850
5219,757
5220,2479
5221,1015
5222,1564
5223,1190
5224,798
5225,1410
5226,672
5227,840
5228,787
5229,689
5230,4421
5231,931
5232,782
5233,1089
5234,914
5235,983
5236,1006
5237,735
5238,699
5239,698
5240,1079
5241,826
5242,668
5243,754
5244,847
5245,1029
5246,958
5247,747
5248,722
5249,664
5250,5103
5251,1032
5252,2776
5253,890
5254,842
5255,1021
5256,858
5257,706
5258,693
5259,612
5260,1049
5261,773
5262,718
5263,792
5264,597
5265,612
5266,715
5267,615
5268,669
5269,685
5270,870
5271,667
5272,673
5273,828
5274,747
5275,950
5276,619
5277,633
5278,668
5279,610
5280,8085
5281,2911
5282,660
5283,864
5284,593
5285,666
5286,560
5287,599
5288,674
5289,544
5290,772
5291,714
5292,767
5293,649
5294,726
5295,603
5296,685
5297,692
5298,626
5299,589
5300,13174
5301,1362
5302,958
5303,844
5304,1039
5305,1217
5306,998
5307,980
5308,810
5309,2627
5310,1858
5311,988
5312,1032
5313,763
5314,663
5315,970
5316,956
5317,648
5318,569
5319,636
5320,1611
5321,1269
5322,1421
5323,770
5324,911
5325,963
5326,780
5327,703
5328,826
5329,1137
5330,1245
5331,741
5332,943
5333,1677
5334,909
5335,1126
5336,791
5337,663
5338,625
5339,565
5340,1005
5341,779
5342,659
5343,780
5344,754
5345,870
5346,847
5347,1213
5348,668
5349,724
5350,2012
5351,618
5352,744
5353,1359
5354,710
5355,1116
5356,1253
5357,716
5358,620
5359,693
5360,1030
5361,637
5362,613
5363,794
5364,756
5365,675
5366,696
5367,582
5368,723
5369,588
5370,1052
5371,710
5372,558
5373,613
5374,613
5375,970
5376,1063
5377,670
5378,661
5379,546
5380,915
5381,962
5382,627
5383,600
5384,602
5385,793
5386,702
5387,629
5388,599
5389,755
5390,906
5391,635
5392,627
5393,556
5394,486
5395,639
5396,597
5397,580
5398,617
5399,627
5400,21144
5401,1560
5402,1062
5403,877
5404,1040
5405,1106
5406,1116
5407,884
5408,818
5409,726
5410,1221
5411,1094
5412,1097
5413,692
5414,930
5415,934
5416,769
5417,680
5418,713
5419,680
5420,1559
5421,916
5422,1021
5423,781
5424,1238
5425,876
5426,653
5427,628
5428,796
5429,558
5430,1337
5431,689
5432,5712
5433,1430
5434,745
5435,711
5436,757
5437,1126
5438,670
5439,1124
5440,1218
5441,763
5442,963
5443,932
5444,993
5445,1074
5446,864
5447,672
5448,686
5449,667
5450,2594
5451,665
5452,674
5453,723
5454,1262
5455,1186
5456,772
5457,863
5458,599
5459,626
5460,1446
5461,1004
5462,681
5463,734
5464,753
5465,947
5466,707
5467,602
5468,815
5469,701
5470,1071
5471,1572
5472,1749
5473,601
5474,723
5475,998
5476,761
5477,767
5478,718
5479,794
5480,991
5481,651
5482,709
5483,837
5484,593
5485,586
5486,748
5487,547
5488,789
5489,666
5490,840
5491,657
5492,630
5493,624
5494,786
5495,771
5496,539
5497,534
5498,1324
5499,743
5500,45365
5501,1485
5502,886
5503,873
5504,900
5505,1847
5506,1518
5507,723
5508,1177
5509,804
5510,2380
5511,1300
5512,1356
5513,1149
5514,813
5515,1125
5516,773
5517,863
5518,744
5519,636
5520,2076
5521,1105
5522,838
5523,692
5524,862
5525,1360
5526,645
5527,649
5528,704
5529,626
5530,2082
5531,658
5532,1078
5533,979
5534,864
5535,800
5536,941
5537,687
5538,640
5539,888
5540,1171
5541,663
5542,713
5543,638
5544,919
5545,1153
5546,627
5547,610
5548,817
5549,531
5550,2245
5551,1071
5552,908
5553,784
5554,1016
5555,10002
5556,1600
5557,930
5558,831
5559,797
5560,1275
5561,836
5562,662
5563,678
5564,753
5565,779
5566,939
5567,675
5568,1099
5569,577
5570,1588
5571,674
5572,590
5573,591
5574,574
5575,868
5576,717
5577,925
5578,553
5579,608
5580,1137
5581,649
5582,683
5583,645
5584,696
5585,854
5586,579
5587,551
5588,822
5589,630
5590,947
5591,648
5592,557
5593,554
5594,587
5595,710
5596,645
5597,641
5598,617
5599,739
5600,17569
5601,1611
5602,898
5603,686
5604,795
5605,739
5606,1055
5607,773
5608,738
5609,708
5610,1527
5611,824
5612,735
5613,589
5614,672
5615,787
5616,812
5617,574
5618,737
5619,556
5620,1180
5621,625
5622,838
5623,777
5624,629
5625,3504
5626,766
5627,695
5628,637
5629,666
5630,1302
5631,706
5632,927
5633,655
5634,751
5635,668
5636,662
5637,810
5638,734
5639,778
5640,1076
5641,717
5642,739
5643,742
5644,713
5645,707
5646,1424
5647,598
5648,649
5649,527
5650,1813
5651,738
5652,775
5653,713
5654,697
5655,892
5656,1257
5657,749
5658,728
5659,665
5660,1413
5661,726
5662,596
5663,735
5664,858
5665,912
5666,924
5667,1009
5668,669
5669,667
5670,2231
5671,809
5672,1341
5673,668
5674,721
5675,884
5676,786
5677,679
5678,5483
5679,600
5680,994
5681,655
5682,613
5683,908
5684,626
5685,554
5686,500
5687,1024
5688,623
5689,726
5690,754
5691,656
5692,725
5693,553
5694,555
5695,858
5696,663
5697,540
5698,696
5699,796
5700,21030
5701,1570
5702,770
5703,942
5704,775
5705,718
5706,664
5707,714
5708,1119
5709,686
5710,1165
5711,1059
5712,889
5713,802
5714,1236
5715,1074
5716,662
5717,668
5718,765
5719,862
5720,1308
5721,921
5722,705
5723,817
5724,597
5725,966
5726,621
5727,1206
5728,771
5729,677
5730,5439
5731,671
5732,681
5733,727
5734,816
5735,1163
5736,806
5737,853
5738,634
5739,713
5740,1057
5741,756
5742,682
5743,716
5744,761
5745,819
5746,711
5747,686
5748,864
5749,677
5750,3179
5751,1261
5752,682
5753,1204
5754,1156
5755,998
5756,617
5757,1056
5758,931
5759,660
5760,5157
5761,881
5762,725
5763,969
5764,925
5765,1011
5766,937
5767,942
5768,1163
5769,1123
5770,5119
5771,1314
5772,1740
5773,1135
5774,1256
5775,1768
5776,1422
5777,1717
5778,2194
5779,1118
5780,1651
5781,1089
5782,1094
5783,761
5784,549
5785,605
5786,588
5787,628
5788,595
5789,874
5790,725
5791,595
5792,689
5793,942
5794,500
5795,617
5796,524
5797,530
5798,517
5799,550
5800,15536
5801,1033
5802,972
5803,684
5804,619
5805,804
5806,529
5807,766
5808,831
5809,586
5810,1153
5811,778
5812,852
5813,688
5814,729
5815,633
5816,651
5817,555
5818,602
5819,634
5820,1143
5821,738
5822,912
5823,533
5824,607
5825,703
5826,677
5827,624
5828,1090
5829,670
5830,3260
5831,740
5832,1002
5833,1509
5834,628
5835,521
5836,540
5837,548
5838,519
5839,659
5840,999
5841,628
5842,630
5843,605
5844,582
5845,744
5846,596
5847,671
5848,604
5849,683
5850,4842
5851,616
5852,613
5853,671
5854,508
5855,677
5856,546
5857,465
5858,907
5859,711
5860,788
5861,746
5862,571
5863,521
5864,557
5865,627
5866,901
5867,571
5868,640
5869,784
5870,6137
5871,683
5872,655
5873,473
5874,732
5875,963
5876,620
5877,663
5878,528
5879,565
5880,1085
5881,1167
5882,684
5883,660
5884,584
5885,629
5886,567
5887,716
5888,981
5889,534
5890,1052
5891,561
5892,695
5893,535
5894,476
5895,798
5896,630
5897,635
5898,596
5899,575
5900,8506
5901,1524
5902,872
5903,723
5904,723
5905,897
5906,962
5907,770
5908,634
5909,838
5910,833
5911,735
5912,681
5913,522
5914,561
5915,599
5916,731
5917,620
5918,499
5919,580
5920,939
5921,729
5922,611
5923,723
5924,718
5925,828
5926,603
5927,757
5928,535
5929,656
5930,1319
5931,636
5932,624
5933,542
5934,584
5935,653
5936,543
5937,642
5938,524
5939,574
5940,1063
5941,576
5942,589
5943,564
5944,646
5945,567
5946,731
5947,449
5948,520
5949,597
5950,1985
5951,671
5952,702
5953,597
5954,534
5955,791
5956,543
5957,436
5958,625
5959,974
5960,1001
5961,672
5962,794
5963,617
5964,571
5965,679
5966,534
5967,669
5968,543
5969,556
5970,4780
5971,740
5972,629
5973,632
5974,494
5975,885
5976,744
5977,556
5978,462
5979,440
5980,847
5981,521
5982,556
5983,495
5984,861
5985,754
5986,769
5987,633
5988,780
5989,527
5990,1007
5991,585
5992,593
5993,595
5994,511
5995,967
5996,600
5997,488
5998,781
5999,1738
6000,229880
6001,4028
6002,2240
6003,1230
6004,1403
6005,1664
6006,1849
6007,884
6008,1544
6009,1286
6010,3202
6011,2366
6012,1468
6013,1693
6014,930
6015,1200
6016,1001
6017,683
6018,884
6019,745
6020,2048
6021,1252
6022,1245
6023,808
6024,791
6025,995
6026,622
6027,737
6028,681
6029,713
6030,1557
6031,847
6032,821
6033,1065
6034,660
6035,896
6036,681
6037,616
6038,591
6039,682
6040,1635
6041,713
6042,900
6043,603
6044,606
6045,882
6046,604
6047,524
6048,909
6049,626
6050,3053
6051,802
6052,917
6053,584
6054,636
6055,1022
6056,650
6057,579
6058,493
6059,663
6060,3643
6061,10175
6062,836
6063,2353
6064,720
6065,861
6066,1009
6067,658
6068,714
6069,874
6070,1421
6071,685
6072,746
6073,694
6074,624
6075,830
6076,927
6077,511
6078,698
6079,780
6080,2272
6081,726
6082,1341
6083,643
6084,1472
6085,766
6086,995
6087,632
6088,703
6089,510
6090,1295
6091,573
6092,728
6093,870
6094,624
6095,630
6096,863
6097,541
6098,627
6099,791
6100,10811
6101,1259
6102,2349
6103,1326
6104,682
6105,1458
6106,917
6107,777
6108,966
6109,783
6110,1806
6111,1651
6112,1192
6113,711
6114,1173
6115,1083
6116,930
6117,751
6118,702
6119,648
6120,2592
6121,992
6122,873
6123,933
6124,707
6125,1199
6126,907
6127,559
6128,1912
6129,632
6130,1241
6131,1285
6132,790
6133,887
6134,544
6135,753
6136,655
6137,533
6138,657
6139,702
6140,957
6141,867
6142,608
6143,786
6144,2237
6145,662
6146,651
6147,568
6148,675
6149,536
6150,2642
6151,862
6152,660
6153,715
6154,726
6155,705
6156,666
6157,594
6158,491
6159,465
6160,1356
6161,1095
6162,818
6163,736
6164,704
6165,652
6166,984
6167,921
6168,695
6169,531
6170,809
6171,548
6172,663
6173,665
6174,1479
6175,610
6176,850
6177,605
6178,480
6179,589
6180,1665
6181,693
6182,767
6183,655
6184,488
6185,545
6186,477
6187,503
6188,711
6189,711
6190,1155
6191,493
6192,632
6193,496
6194,589
6195,560
6196,539
6197,422
6198,780
6199,649
6200,11952
6201,1274
6202,929
6203,1245
6204,946
6205,1098
6206,743
6207,710
6208,873
6209,627
6210,2077
6211,1062
6212,1123
6213,1087
6214,1251
6215,1006
6216,799
6217,708
6218,590
6219,592
6220,1358
6221,1269
6222,937
6223,1043
6224,636
6225,941
6226,795
6227,615
6228,520
6229,775
6230,1897
6231,758
6232,710
6233,887
6234,741
6235,806
6236,793
6237,777
6238,991
6239,725
6240,1631
6241,853
6242,765
6243,533
6244,596
6245,666
6246,559
6247,619
6248,691
6249,484
6250,3951
6251,1483
6252,921
6253,689
6254,643
6255,951
6256,813
6257,557
6258,605
6259,684
6260,989
6261,793
6262,1113
6263,802
6264,960
6265,844
6266,724
6267,510
6268,622
6269,713
6270,815
6271,739
6272,677
6273,1152
6274,671
6275,751
6276,653
6277,737
6278,739
6279,505
6280,1302
6281,659
6282,612
6283,710
6284,640
6285,669
6286,665
6287,485
6288,650
6289,563
6290,722
6291,515
6292,490
6293,535
6294,587
6295,561
6296,469
6297,455
6298,511
6299,647
6300,13643
6301,1228
6302,990
6303,987
6304,803
6305,636
6306,642
6307,624
6308,674
6309,1255
6310,1631
6311,920
6312,758
6313,629
6314,547
6315,709
6316,651
6317,563
6318,540
6319,596
6320,1197
6321,810
6322,836
6323,602
6324,655
6325,820
6326,617
6327,616
6328,847
6329,571
6330,1174
6331,827
6332,1114
6333,1363
6334,848
6335,741
6336,847
6337,664
6338,584
6339,687
6340,917
6341,600
6342,591
6343,576
6344,544
6345,695
6346,722
6347,621
6348,727
6349,592
6350,2028
6351,786
6352,621
6353,747
6354,580
6355,946
6356,677
6357,878
6358,572
6359,605
6360,1086
6361,1208
6362,578
6363,1385
6364,841
6365,697
6366,835
6367,576
6368,655
6369,520
6370,1248
6371,1958
6372,652
6373,562
6374,874
6375,906
6376,542
6377,542
6378,1691
6379,3125
6380,1166
6381,488
6382,631
6383,560
6384,737
6385,619
6386,603
6387,525
6388,575
6389,639
6390,819
6391,600
6392,500
6393,569
6394,451
6395,746
6396,544
6397,1086
6398,500
6399,735
6400,21818
6401,1285
6402,842
6403,620
6404,704
6405,817
6406,543
6407,567
6408,592
6409,596
6410,1203
6411,725
6412,914
6413,510
6414,583
6415,641
6416,818
6417,593
6418,553
6419,589
6420,1231
6421,711
6422,618
6423,633
6424,660
6425,944
6426,614
6427,560
6428,550
6429,701
6430,909
6431,660
6432,672
6433,586
6434,580
6435,792
6436,583
6437,673
6438,646
6439,399
6440,1491
6441,631
6442,503
6443,832
6444,623
6445,565
6446,713
6447,551
6448,629
6449,497
6450,2108
6451,552
6452,536
6453,645
6454,574
6455,937
6456,542
6457,562
6458,558
6459,554
6460,714
6461,560
6462,492
6463,552
6464,1243
6465,709
6466,686
6467,557
6468,718
6469,689
6470,740
6471,595
6472,569
6473,571
6474,487
6475,1238
6476,489
6477,514
6478,678
6479,553
6480,1161
6481,496
6482,612
6483,629
6484,600
6485,546
6486,488
6487,585
6488,605
6489,629
6490,832
6491,497
6492,513
6493,424
6494,514
6495,607
6496,492
6497,682
6498,591
6499,630
6500,39851
6501,1453
6502,28413
6503,962
6504,775
6505,1929
6506,677
6507,1196
6508,701
6509,1291
6510,2701
6511,1064
6512,1304
6513,671
6514,807
6515,893
6516,603
6517,541
6518,538
6519,536
6520,1520
6521,731
6522,1524
6523,591
6524,586
6525,817
6526,655
6527,565
6528,576
6529,683
6530,1045
6531,805
6532,827
6533,645
6534,734
6535,769
6536,638
6537,513
6538,705
6539,441
6540,725
6541,671
6542,709
6543,1119
6544,529
6545,820
6546,554
6547,548
6548,580
6549,483
6550,3040
6551,842
6552,744
6553,668
6554,625
6555,1126
6556,858
6557,496
6558,456
6559,505
6560,1076
6561,1559
6562,687
6563,809
6564,543
6565,1050
6566,751
6567,560
6568,562
6569,643
6570,1457
6571,550
6572,610
6573,560
6574,480
6575,639
6576,666
6577,497
6578,566
6579,463
6580,726
6581,1050
6582,618
6583,551
6584,539
6585,727
6586,441
6587,463
6588,542
6589,452
6590,548
6591,473
6592,506
6593,412
6594,488
6595,534
6596,618
6597,400
6598,511
6599,429
6600,18739
6601,983
6602,781
6603,656
6604,666
6605,927
6606,761
6607,563
6608,564
6609,520
6610,1272
6611,1009
6612,644
6613,614
6614,632
6615,648
6616,528
6617,498
6618,440
6619,518
6620,1341
6621,697
6622,627
6623,522
6624,625
6625,713
6626,544
6627,510
6628,462
6629,511
6630,1294
6631,525
6632,910
6633,3308
6634,442
6635,555
6636,832
6637,620
6638,499
6639,556
6640,805
6641,604
6642,506
6643,622
6644,703
6645,592
6646,496
6647,433
6648,496
6649,496
6650,1583
6651,534
6652,514
6653,530
6654,717
6655,763
6656,749
6657,616
6658,465
6659,469
6660,961
6661,577
6662,822
6663,596
6664,687
6665,688
6666,8191
6667,5052
6668,801
6669,736
6670,2017
6671,600
6672,941
6673,569
6674,535
6675,601
6676,549
6677,726
6678,659
6679,398
6680,1184
6681,564
6682,637
6683,524
6684,590
6685,425
6686,541
6687,545
6688,760
6689,462
6690,643
6691,522
6692,507
6693,469
6694,534
6695,517
6696,559
6697,909
6698,551
6699,2838
6700,12389
6701,891
6702,613
6703,554
6704,675
6705,581
6706,488
6707,589
6708,643
6709,596
6710,852
6711,556
6712,702
6713,658
6714,588
6715,560
6716,540
6717,454
6718,539
6719,497
6720,1440
6721,585
6722,591
6723,605
6724,726
6725,680
6726,879
6727,620
6728,473
6729,553
6730,686
6731,562
6732,511
6733,701
6734,600
6735,606
6736,2026
6737,585
6738,533
6739,423
6740,655
6741,555
6742,598
6743,565
6744,767
6745,746
6746,428
6747,632
6748,478
6749,790
6750,2860
6751,791
6752,791
6753,557
6754,542
6755,683
6756,472
6757,554
6758,715
6759,489
6760,703
6761,552
6762,528
6763,656
6764,531
6765,899
6766,683
6767,924
6768,657
6769,502
6770,1779
6771,534
6772,472
6773,482
6774,428
6775,568
6776,617
6777,735
6778,471
6779,556
6780,750
6781,614
6782,482
6783,575
6784,552
6785,630
6786,751
6787,561
6788,511
6789,3949
6790,1165
6791,535
6792,514
6793,494
6794,495
6795,500
6796,439
6797,415
6798,484
6799,498
6800,23362
6801,1172
6802,839
6803,1386
6804,1002
6805,755
6806,532
6807,621
6808,632
6809,3442
6810,1040
6811,961
6812,587
6813,491
6814,674
6815,767
6816,497
6817,555
6818,765
6819,866
6820,1022
6821,674
6822,785
6823,567
6824,538
6825,740
6826,659
6827,531
6828,468
6829,434
6830,930
6831,708
6832,511
6833,906
6834,511
6835,506
6836,538
6837,421
6838,516
6839,471
6840,928
6841,487
6842,666
6843,400
6844,513
6845,1028
6846,557
6847,774
6848,593
6849,461
6850,3461
6851,634
6852,580
6853,640
6854,614
6855,495
6856,541
6857,485
6858,565
6859,520
6860,644
6861,475
6862,467
6863,371
6864,600
6865,814
6866,454
6867,421
6868,1142
6869,653
6870,3594
6871,523
6872,758
6873,422
6874,454
6875,2004
6876,498
6877,628
6878,523
6879,789
6880,874
6881,1083
6882,574
6883,520
6884,413
6885,578
6886,502
6887,477
6888,945
6889,711
6890,794
6891,466
6892,692
6893,393
6894,565
6895,609
6896,573
6897,611
6898,526
6899,501
6900,8748
6901,952
6902,825
6903,577
6904,545
6905,564
6906,727
6907,728
6908,447
6909,709
6910,768
6911,662
6912,946
6913,462
6914,484
6915,644
6916,480
6917,532
6918,630
6919,509
6920,1377
6921,521
6922,1129
6923,627
6924,533
6925,695
6926,416
6927,463
6928,486
6929,465
6930,865
6931,697
6932,461
6933,573
6934,594
6935,532
6936,476
6937,556
6938,426
6939,781
6940,741
6941,533
6942,538
6943,370
6944,759
6945,578
6946,951
6947,526
6948,422
6949,445
6950,4282
6951,546
6952,426
6953,426
6954,386
6955,586
6956,453
6957,423
6958,409
6959,502
6960,1003
6961,434
6962,588
6963,544
6964,362
6965,564
6966,428
6967,428
6968,644
6969,1666
6970,3389
6971,408
6972,491
6973,532
6974,529
6975,621
6976,642
6977,448
6978,489
6979,600
6980,812
6981,658
6982,424
6983,487
6984,466
6985,517
6986,416
6987,453
6988,516
6989,696
6990,2252
6991,552
6992,639
6993,459
6994,458
6995,826
6996,658
6997,449
6998,509
6999,1381
7000,131886
7001,4009
7002,2091
7003,1410
7004,1362
7005,1618
7006,1220
7007,1398
7008,1012
7009,981
7010,2663
7011,1131
7012,1108
7013,831
7014,1100
7015,965
7016,923
7017,788
7018,2438
7019,1949
7020,1818
7021,860
7022,778
7023,852
7024,808
7025,1205
7026,756
7027,1195
7028,622
7029,740
7030,1859
7031,700
7032,584
7033,611
7034,1004
7035,716
7036,767
7037,793
7038,469
7039,645
7040,1593
7041,654
7042,815
7043,681
7044,683
7045,698
7046,558
7047,834
7048,603
7049,653
7050,2058
7051,586
7052,657
7053,497
7054,611
7055,907
7056,787
7057,581
7058,592
7059,647
7060,1083
7061,579
7062,516
7063,546
7064,581
7065,658
7066,700
7067,643
7068,650
7069,593
7070,2145
7071,2282
7072,850
7073,582
7074,615
7075,5532
7076,698
7077,933
7078,545
7079,656
7080,1625
7081,664
7082,699
7083,702
7084,540
7085,621
7086,460
7087,584
7088,606
7089,570
7090,2136
7091,534
7092,529
7093,551
7094,1427
7095,562
7096,594
7097,467
7098,425
7099,597
7100,12918
7101,1095
7102,1079
7103,695
7104,801
7105,720
7106,708
7107,822
7108,625
7109,722
7110,2259
7111,1192
7112,718
7113,592
7114,656
7115,570
7116,650
7117,824
7118,506
7119,662
7120,1434
7121,864
7122,689
7123,700
7124,576
7125,1020
7126,615
7127,545
7128,661
7129,599
7130,966
7131,609
7132,583
7133,539
7134,617
7135,1053
7136,653
7137,569
7138,435
7139,541
7140,957
7141,638
7142,682
7143,787
7144,530
7145,564
7146,558
7147,486
7148,513
7149,443
7150,1831
7151,591
7152,707
7153,494
7154,475
7155,670
7156,494
7157,440
7158,418
7159,797
7160,928
7161,581
7162,437
7163,621
7164,583
7165,616
7166,502
7167,1328
7168,750
7169,591
7170,721
7171,891
7172,667
7173,535
7174,491
7175,728
7176,720
7177,687
7178,452
7179,665
7180,795
7181,684
7182,696
7183,967
7184,559
7185,890
7186,566
7187,419
7188,720
7189,569
7190,863
7191,583
7192,424
7193,482
7194,479
7195,454
7196,432
7197,410
7198,407
7199,702
7200,31345
7201,1527
7202,1025
7203,1080
7204,768
7205,838
7206,921
7207,571
7208,673
7209,524
7210,1548
7211,813
7212,717
7213,512
7214,598
7215,601
7216,815
7217,520
7218,652
7219,944
7220,1107
7221,552
7222,1027
7223,608
7224,671
7225,1132
7226,558
7227,775
7228,520
7229,458
7230,1194
7231,798
7232,738
7233,1775
7234,784
7235,766
7236,712
7237,517
7238,516
7239,579
7240,866
7241,545
7242,644
7243,739
7244,496
7245,672
7246,580
7247,551
7248,596
7249,485
7250,2247
7251,696
7252,706
7253,600
7254,465
7255,582
7256,622
7257,523
7258,599
7259,449
7260,1426
7261,484
7262,612
7263,496
7264,562
7265,740
7266,475
7267,521
7268,395
7269,492
7270,775
7271,576
7272,1167
7273,750
7274,733
7275,860
7276,584
7277,870
7278,519
7279,462
7280,1135
7281,639
7282,517
7283,553
7284,497
7285,663
7286,393
7287,549
7288,555
7289,653
7290,1112
7291,596
7292,484
7293,597
7294,511
7295,492
7296,513
7297,747
7298,432
7299,497
7300,8623
7301,866
7302,794
7303,617
7304,614
7305,851
7306,633
7307,677
7308,684
7309,541
7310,1076
7311,730
7312,580
7313,457
7314,568
7315,714
7316,507
7317,664
7318,460
7319,714
7320,1178
7321,872
7322,499
7323,626
7324,582
7325,670
7326,840
7327,481
7328,606
7329,474
7330,866
7331,992
7332,574
7333,1372
7334,852
7335,684
7336,546
7337,774
7338,441
7339,450
7340,922
7341,496
7342,475
7343,444
7344,586
7345,599
7346,511
7347,515
7348,534
7349,422
7350,1351
7351,588
7352,506
7353,622
7354,439
7355,542
7356,535
7357,474
7358,524
7359,444
7360,993
7361,442
7362,420
7363,562
7364,403
7365,504
7366,547
7367,408
7368,551
7369,495
7370,825
7371,534
7372,537
7373,1027
7374,627
7375,774
7376,563
7377,573
7378,801
7379,468
7380,997
7381,578
7382,533
7383,442
7384,410
7385,411
7386,617
7387,589
7388,504
7389,517
7390,1125
7391,526
7392,614
7393,507
7394,424
7395,466
7396,512
7397,411
7398,364
7399,446
7400,9573
7401,1003
7402,969
7403,695
7404,1290
7405,910
7406,608
7407,767
7408,901
7409,441
7410,1349
7411,1264
7412,662
7413,612
7414,769
7415,545
7416,596
7417,542
7418,488
7419,511
7420,1588
7421,724
7422,586
7423,592
7424,942
7425,745
7426,577
7427,592
7428,541
7429,707
7430,776
7431,578
7432,984
7433,626
7434,561
7435,684
7436,622
7437,544
7438,524
7439,619
7440,1728
7441,570
7442,554
7443,1081
7444,773
7445,849
7446,597
7447,1164
7448,695
7449,435
7450,1631
7451,729
7452,580
7453,507
7454,465
7455,690
7456,814
7457,626
7458,870
7459,620
7460,722
7461,549
7462,504
7463,855
7464,479
7465,543
7466,407
7467,597
7468,502
7469,579
7470,812
7471,444
7472,431
7473,511
7474,1227
7475,941
7476,567
7477,467
7478,433
7479,453
7480,1115
7481,528
7482,508
7483,697
7484,515
7485,598
7486,763
7487,536
7488,605
7489,603
7490,1416
7491,496
7492,476
7493,689
7494,491
7495,622
7496,492
7497,458
7498,1027
7499,787
7500,49435
7501,1283
7502,881
7503,761
7504,616
7505,849
7506,2374
7507,621
7508,653
7509,580
7510,1573
7511,819
7512,623
7513,535
7514,486
7515,729
7516,867
7517,540
7518,640
7519,994
7520,2038
7521,639
7522,707
7523,721
7524,542
7525,896
7526,508
7527,516
7528,646
7529,564
7530,945
7531,592
7532,522
7533,663
7534,623
7535,674
7536,501
7537,488
7538,490
7539,499
7540,1077
7541,536
7542,570
7543,558
7544,700
7545,582
7546,618
7547,512
7548,615
7549,508
7550,1397
7551,648
7552,542
7553,568
7554,1563
7555,948
7556,696
7557,601
7558,449
7559,697
7560,1105
7561,461
7562,508
7563,428
7564,458
7565,503
7566,611
7567,948
7568,495
7569,503
7570,842
7571,358
7572,434
7573,393
7574,458
7575,978
7576,556
7577,777
7578,441
7579,447
7580,892
7581,528
7582,494
7583,510
7584,624
7585,543
7586,453
7587,533
7588,533
7589,598
7590,1094
7591,675
7592,512
7593,434
7594,403
7595,520
7596,399
7597,457
7598,497
7599,514
7600,11016
7601,1850
7602,638
7603,747
7604,676
7605,605
7606,667
7607,554
7608,625
7609,479
7610,2219
7611,733
7612,545
7613,915
7614,524
7615,538
7616,538
7617,481
7618,450
7619,532
7620,1149
7621,711
7622,600
7623,597
7624,602
7625,935
7626,570
7627,421
7628,620
7629,412
7630,807
7631,660
7632,723
7633,578
7634,662
7635,622
7636,580
7637,748
7638,476
7639,561
7640,737
7641,731
7642,597
7643,624
7644,667
7645,737
7646,485
7647,632
7648,557
7649,484
7650,1875
7651,498
7652,637
7653,577
7654,808
7655,584
7656,506
7657,467
7658,384
7659,605
7660,846
7661,645
7662,546
7663,540
7664,586
7665,633
7666,678
7667,1146
7668,433
7669,745
7670,808
7671,922
7672,466
7673,464
7674,385
7675,579
7676,924
7677,795
7678,454
7679,558
7680,2555
7681,507
7682,457
7683,454
7684,397
7685,437
7686,401
7687,732
7688,573
7689,410
7690,569
7691,440
7692,571
7693,382
7694,410
7695,779
7696,412
7697,430
7698,490
7699,473
7700,10375
7701,2311
7702,1294
7703,683
7704,725
7705,610
7706,465
7707,634
7708,509
7709,481
7710,2847
7711,911
7712,686
7713,581
7714,5890
7715,631
7716,745
7717,838
7718,495
7719,546
7720,1205
7721,936
7722,898
7723,661
7724,557
7725,780
7726,1115
7727,927
7728,629
7729,545
7730,1355
7731,600
7732,607
7733,818
7734,1140
7735,579
7736,580
7737,595
7738,476
7739,492
7740,1055
7741,501
7742,959
7743,491
7744,697
7745,625
7746,526
7747,663
7748,718
7749,498
7750,4250
7751,544
7752,558
7753,835
7754,444
7755,741
7756,491
7757,690
7758,540
7759,618
7760,903
7761,521
7762,523
7763,710
7764,593
7765,568
7766,600
7767,468
7768,489
7769,489
7770,2441
7771,823
7772,577
7773,440
7774,560
7775,698
7776,1606
7777,6173
7778,1315
7779,661
7780,901
7781,555
7782,709
7783,569
7784,475
7785,524
7786,569
7787,645
7788,991
7789,772
7790,1663
7791,499
7792,451
7793,634
7794,454
7795,475
7796,443
7797,488
7798,439
7799,865
7800,19448
7801,737
7802,554
7803,827
7804,686
7805,6417
7806,687
7807,554
7808,787
7809,2108
7810,1061
7811,811
7812,1983
7813,598
7814,581
7815,751
7816,1085
7817,549
7818,577
7819,464
7820,809
7821,650
7822,680
7823,507
7824,621
7825,973
7826,571
7827,634
7828,560
7829,457
7830,603
7831,550
7832,515
7833,804
7834,639
7835,423
7836,761
7837,609
7838,522
7839,601
7840,842
7841,531
7842,530
7843,496
7844,623
7845,603
7846,509
7847,450
7848,688
7849,450
7850,4858
7851,565
7852,508
7853,515
7854,1666
7855,660
7856,529
7857,554
7858,581
7859,374
7860,855
7861,457
7862,379
7863,482
7864,611
7865,456
7866,564
7867,779
7868,620
7869,1789
7870,4567
7871,568
7872,598
7873,563
7874,856
7875,810
7876,560
7877,542
7878,840
7879,593
7880,740
7881,526
7882,476
7883,436
7884,536
7885,621
7886,436
7887,607
7888,999
7889,435
7890,2477
7891,505
7892,459
7893,499
7894,521
7895,467
7896,672
7897,400
7898,459
7899,578
7900,8570
7901,1344
7902,628
7903,690
7904,846
7905,756
7906,617
7907,642
7908,530
7909,668
7910,911
7911,771
7912,862
7913,414
7914,567
7915,833
7916,519
7917,609
7918,548
7919,732
7920,1528
7921,873
7922,550
7923,645
7924,546
7925,770
7926,623
7927,519
7928,636
7929,420
7930,787
7931,530
7932,506
7933,401
7934,453
7935,586
7936,818
7937,528
7938,539
7939,498
7940,1000
7941,631
7942,683
7943,379
7944,494
7945,487
7946,601
7947,391
7948,325
7949,468
7950,6766
7951,468
7952,518
7953,450
7954,445
7955,582
7956,568
7957,481
7958,540
7959,474
7960,1363
7961,483
7962,523
7963,321
7964,361
7965,587
7966,497
7967,572
7968,541
7969,467
7970,9308
7971,560
7972,404
7973,583
7974,646
7975,524
7976,574
7977,703
7978,386
7979,720
7980,906
7981,585
7982,381
7983,451
7984,422
7985,439
7986,474
7987,426
7988,457
7989,431
7990,1785
7991,437
7992,464
7993,488
7994,379
7995,682
7996,402
7997,470
7998,795
7999,1543
8000,167166
8001,4526
8002,5292
8003,1522
8004,1277
8005,1420
8006,1308
8007,1057
8008,4406
8009,1328
8010,4058
8011,1479
8012,996
8013,636
8014,936
8015,787
8016,776
8017,648
8018,1169
8019,706
8020,2887
8021,965
8022,1018
8023,658
8024,663
8025,1041
8026,505
8027,542
8028,804
8029,527
8030,1167
8031,1132
8032,1140
8033,845
8034,586
8035,779
8036,630
8037,564
8038,710
8039,526
8040,1856
8041,543
8042,1025
8043,688
8044,642
8045,614
8046,546
8047,629
8048,1131
8049,662
8050,2302
8051,14843
8052,1327
8053,880
8054,470
8055,734
8056,531
8057,555
8058,540
8059,652
8060,1588
8061,731
8062,602
8063,532
8064,780
8065,733
8066,591
8067,588
8068,650
8069,857
8070,891
8071,496
8072,526
8073,469
8074,445
8075,821
8076,401
8077,640
8078,650
8079,505
8080,47701
8081,4077
8082,1601
8083,1526
8084,837
8085,10807
8086,24746
8087,3091
8088,11441
8089,1465
8090,2440
8091,979
8092,719
8093,646
8094,525
8095,562
8096,1287
8097,462
8098,605
8099,724
8100,9600
8101,999
8102,786
8103,763
8104,698
8105,631
8106,759
8107,607
8108,758
8109,639
8110,2138
8111,1332
8112,954
8113,700
8114,493
8115,641
8116,446
8117,519
8118,967
8119,522
8120,1782
8121,603
8122,636
8123,967
8124,745
8125,2556
8126,625
8127,478
8128,1137
8129,570
8130,1609
8131,601
8132,440
8133,717
8134,496
8135,584
8136,473
8137,578
8138,508
8139,657
8140,1214
8141,588
8142,453
8143,357
8144,583
8145,566
8146,476
8147,639
8148,420
8149,423
8150,2666
8151,522
8152,618
8153,556
8154,404
8155,604
8156,484
8157,440
8158,442
8159,421
8160,1240
8161,540
8162,587
8163,602
8164,440
8165,521
8166,495
8167,910
8168,666
8169,431
8170,687
8171,614
8172,517
8173,346
8174,495
8175,575
8176,651
8177,500
8178,457
8179,537
8180,1220
8181,1425
8182,700
8183,482
8184,595
8185,505
8186,630
8187,443
8188,620
8189,479
8190,805
8191,1714
8192,17148
8193,742
8194,589
8195,515
8196,609
8197,514
8198,385
8199,470
8200,9905
8201,1226
8202,787
8203,2223
8204,660
8205,1080
8206,1421
8207,560
8208,1232
8209,700
8210,1894
8211,8608
8212,7592
8213,799
8214,531
8215,622
8216,2781
8217,48134
8218,796
8219,456
8220,13645
8221,13478
8222,1019
8223,747
8224,762
8225,679
8226,2054
8227,524
8228,1042
8229,479
8230,5887
8231,723
8232,931
8233,710
8234,662
8235,792
8236,455
8237,930
8238,410
8239,696
8240,867
8241,531
8242,626
8243,698
8244,507
8245,604
8246,425
8247,734
8248,620
8249,464
8250,2903
8251,904
8252,696
8253,1053
8254,1093
8255,9773
8256,718
8257,541
8258,491
8259,1444
8260,1280
8261,436
8262,456
8263,474
8264,574
8265,679
8266,1344
8267,603
8268,399
8269,409
8270,1149
8271,557
8272,531
8273,497
8274,890
8275,686
8276,545
8277,451
8278,422
8279,738
8280,995
8281,653
8282,972
8283,1265
8284,773
8285,426
8286,579
8287,384
8288,1038
8289,501
8290,619
8291,402
8292,525
8293,540
8294,428
8295,471
8296,471
8297,461
8298,376
8299,457
8300,7971
8301,1340
8302,857
8303,801
8304,531
8305,501
8306,519
8307,456
8308,478
8309,452
8310,1915
8311,1058
8312,815
8313,532
8314,649
8315,547
8316,524
8317,662
8318,494
8319,384
8320,3285
8321,703
8322,633
8323,689
8324,568
8325,689
8326,734
8327,531
8328,498
8329,459
8330,4781
8331,700
8332,1325
8333,3474
8334,509
8335,435
8336,525
8337,478
8338,457
8339,505
8340,728
8341,583
8342,395
8343,550
8344,619
8345,513
8346,470
8347,373
8348,559
8349,399
8350,8101
8351,567
8352,506
8353,575
8354,428
8355,483
8356,435
8357,420
8358,394
8359,421
8360,796
8361,610
8362,461
8363,406
8364,1262
8365,553
8366,484
8367,425
8368,512
8369,373
8370,1128
8371,554
8372,480
8373,464
8374,502
8375,707
8376,527
8377,507
8378,516
8379,554
8380,684
8381,470
8382,416
8383,750
8384,602
8385,530
8386,389
8387,492
8388,547
8389,455
8390,718
8391,421
8392,447
8393,428
8394,440
8395,389
8396,413
8397,335
8398,491
8399,482
8400,9730
8401,816
8402,689
8403,512
8404,705
8405,492
8406,428
8407,541
8408,488
8409,406
8410,623
8411,682
8412,555
8413,676
8414,582
8415,559
8416,485
8417,476
8418,449
8419,400
8420,697
8421,995
8422,460
8423,454
8424,807
8425,575
8426,411
8427,394
8428,422
8429,357
8430,527
8431,585
8432,721
8433,495
8434,363
8435,495
8436,544
8437,404
8438,395
8439,415
8440,625
8441,425
8442,502
8443,4042
8444,935
8445,585
8446,540
8447,433
8448,700
8449,428
8450,992
8451,722
8452,616
8453,747
8454,505
8455,499
8456,703
8457,904
8458,418
8459,371
8460,539
8461,480
8462,648
8463,640
8464,512
8465,415
8466,433
8467,528
8468,369
8469,405
8470,684
8471,601
8472,4237
8473,529
8474,459
8475,472
8476,446
8477,2043
8478,523
8479,378
8480,864
8481,423
8482,861
8483,442
8484,833
8485,572
8486,524
8487,503
8488,467
8489,362
8490,452
8491,441
8492,437
8493,705
8494,326
8495,455
8496,433
8497,364
8498,409
8499,511
8500,23145
8501,2223
8502,928
8503,580
8504,560
8505,847
8506,545
8507,502
8508,523
8509,447
8510,903
8511,881
8512,681
8513,443
8514,721
8515,687
8516,490
8517,602
8518,436
8519,511
8520,2420
8521,543
8522,490
8523,450
8524,482
8525,1239
8526,399
8527,462
8528,660
8529,475
8530,1637
8531,606
8532,527
8533,448
8534,645
8535,575
8536,515
8537,398
8538,350
8539,418
8540,880
8541,543
8542,603
8543,703
8544,727
8545,899
8546,424
8547,412
8548,392
8549,414
8550,1368
8551,534
8552,459
8553,429
8554,589
8555,835
8556,429
8557,393
8558,542
8559,465
8560,706
8561,485
8562,551
8563,534
8564,414
8565,386
8566,421
8567,464
8568,511
8569,332
8570,1166
8571,900
8572,476
8573,992
8574,495
8575,546
8576,433
8577,494
8578,347
8579,398
8580,1060
8581,446
8582,585
8583,750
8584,532
8585,953
8586,524
8587,394
8588,463
8589,359
8590,546
8591,374
8592,386
8593,501
8594,572
8595,457
8596,401
8597,400
8598,349
8599,625
8600,41502
8601,13645
8602,496
8603,461
8604,452
8605,472
8606,2005
8607,394
8608,554
8609,503
8610,1200
8611,882
8612,708
8613,430
8614,470
8615,677
8616,655
8617,414
8618,441
8619,419
8620,1326
8621,951
8622,487
8623,436
8624,576
8625,846
8626,441
8627,320
8628,505
8629,375
8630,591
8631,412
8632,517
8633,413
8634,353
8635,384
8636,523
8637,416
8638,439
8639,607
8640,1551
8641,498
8642,544
8643,578
8644,706
8645,444
8646,368
8647,445
8648,465
8649,701
8650,910
8651,436
8652,543
8653,377
8654,551
8655,513
8656,434
8657,343
8658,403
8659,390
8660,823
8661,449
8662,453
8663,514
8664,515
8665,753
8666,691
8667,906
8668,412
8669,595
8670,588
8671,373
8672,412
8673,394
8674,1497
8675,632
8676,550
8677,419
8678,359
8679,305
8680,693
8681,426
8682,575
8683,575
8684,465
8685,559
8686,1100
8687,524
8688,680
8689,515
8690,705
8691,428
8692,447
8693,463
8694,524
8695,480
8696,465
8697,415
8698,309
8699,456
8700,8046
8701,1002
8702,530
8703,612
8704,662
8705,726
8706,512
8707,492
8708,576
8709,414
8710,1131
8711,672
8712,644
8713,434
8714,395
8715,427
8716,457
8717,326
8718,327
8719,481
8720,833
8721,680
8722,1262
8723,523
8724,538
8725,479
8726,544
8727,512
8728,462
8729,454
8730,653
8731,510
8732,584
8733,621
8734,516
8735,638
8736,561
8737,599
8738,625
8739,575
8740,802
8741,552
8742,598
8743,392
8744,408
8745,536
8746,426
8747,582
8748,593
8749,530
8750,2024
8751,604
8752,529
8753,731
8754,444
8755,716
8756,489
8757,452
8758,369
8759,420
8760,2957
8761,444
8762,562
8763,457
8764,523
8765,1138
8766,792
8767,1828
8768,504
8769,363
8770,600
8771,390
8772,418
8773,467
8774,458
8775,971
8776,1005
8777,895
8778,478
8779,352
8780,625
8781,357
8782,433
8783,392
8784,499
8785,436
8786,438
8787,1304
8788,754
8789,436
8790,2007
8791,509
8792,456
8793,335
8794,443
8795,462
8796,382
8797,623
8798,471
8799,2891
8800,19975
8801,1443
8802,1615
8803,697
8804,1409
8805,715
8806,449
8807,623
8808,745
8809,492
8810,912
8811,850
8812,682
8813,456
8814,453
8815,518
8816,718
8817,572
8818,607
8819,425
8820,1551
8821,600
8822,903
8823,579
8824,761
8825,853
8826,544
8827,471
8828,480
8829,685
8830,1863
8831,479
8832,1548
8833,1491
8834,410
8835,542
8836,552
8837,503
8838,421
8839,480
8840,1033
8841,419
8842,445
8843,713
8844,794
8845,488
8846,422
8847,402
8848,1865
8849,651
8850,1899
8851,533
8852,370
8853,491
8854,1074
8855,655
8856,486
8857,518
8858,696
8859,24001
8860,844
8861,474
8862,587
8863,692
8864,548
8865,586
8866,600
8867,463
8868,520
8869,529
8870,800
8871,511
8872,523
8873,522
8874,364
8875,608
8876,475
8877,690
8878,562
8879,1124
8880,1477
8881,665
8882,577
8883,833
8884,671
8885,593
8886,573
8887,756
8888,12702
8889,1554
8890,1289
8891,658
8892,466
8893,382
8894,435
8895,931
8896,364
8897,459
8898,550
8899,671
8900,6865
8901,975
8902,705
8903,547
8904,559
8905,436
8906,435
8907,325
8908,546
8909,425
8910,1704
8911,575
8912,752
8913,386
8914,388
8915,589
8916,429
8917,479
8918,459
8919,725
8920,824
8921,457
8922,462
8923,357
8924,966
8925,576
8926,440
8927,438
8928,449
8929,428
8930,909
8931,754
8932,416
8933,414
8934,332
8935,380
8936,478
8937,360
8938,1640
8939,401
8940,723
8941,419
8942,408
8943,372
8944,547
8945,538
8946,372
8947,490
8948,328
8949,1947
8950,1207
8951,445
8952,441
8953,363
8954,322
8955,540
8956,397
8957,343
8958,390
8959,416
8960,901
8961,400
8962,883
8963,312
8964,7501
8965,470
8966,397
8967,320
8968,376
8969,1801
8970,795
8971,446
8972,515
8973,383
8974,464
8975,477
8976,474
8977,514
8978,365
8979,404
8980,727
8981,410
8982,384
8983,724
8984,541
8985,365
8986,661
8987,453
8988,593
8989,853
8990,705
8991,473
8992,550
8993,752
8994,438
8995,674
8996,429
8997,439
8998,798
8999,1410
9000,120723
9001,28284
9002,2579
9003,2103
9004,1831
9005,3110
9006,2960
9007,1938
9008,945
9009,2478
9010,2006
9011,1050
9012,1461
9013,594
9014,697
9015,906
9016,668
9017,541
9018,751
9019,438
9020,1646
9021,741
9022,655
9023,579
9024,637
9025,1085
9026,443
9027,444
9028,543
9029,435
9030,968
9031,533
9032,611
9033,457
9034,459
9035,529
9036,462
9037,443
9038,510
9039,549
9040,1055
9041,630
9042,731
9043,379
9044,417
9045,625
9046,431
9047,487
9048,600
9049,390
9050,1711
9051,647
9052,529
9053,466
9054,614
9055,619
9056,552
9057,368
9058,423
9059,376
9060,1022
9061,410
9062,433
9063,457
9064,444
9065,440
9066,3661
9067,374
9068,517
9069,410
9070,840
9071,526
9072,593
9073,369
9074,455
9075,938
9076,449
9077,406
9078,431
9079,389
9080,1312
9081,606
9082,486
9083,564
9084,445
9085,622
9086,397
9087,401
9088,431
9089,601
9090,3606
9091,1453
9092,1670
9093,588
9094,412
9095,635
9096,483
9097,407
9098,422
9099,795
9100,6790
9101,1540
9102,705
9103,585
9104,570
9105,631
9106,492
9107,416
9108,424
9109,468
9110,968
9111,1212
9112,583
9113,475
9114,561
9115,512
9116,517
9117,426
9118,449
9119,615
9120,981
9121,485
9122,558
9123,660
9124,396
9125,852
9126,656
9127,531
9128,515
9129,380
9130,665
9131,605
9132,452
9133,409
9134,541
9135,506
9136,438
9137,442
9138,449
9139,420
9140,677
9141,727
9142,383
9143,476
9144,2166
9145,579
9146,392
9147,495
9148,481
9149,432
9150,1704
9151,500
9152,472
9153,339
9154,354
9155,660
9156,432
9157,375
9158,387
9159,382
9160,655
9161,517
9162,513
9163,464
9164,364
9165,749
9166,561
9167,1218
9168,438
9169,333
9170,542
9171,599
9172,442
9173,399
9174,486
9175,442
9176,329
9177,380
9178,457
9179,374
9180,644
9181,432
9182,375
9183,358
9184,531
9185,434
9186,406
9187,439
9188,505
9189,461
9190,547
9191,747
9192,577
9193,434
9194,353
9195,387
9196,385
9197,344
9198,362
9199,608
9200,10210
9201,926
9202,590
9203,572
9204,423
9205,944
9206,446
9207,574
9208,765
9209,489
9210,1097
9211,1197
9212,680
9213,478
9214,515
9215,584
9216,1342
9217,418
9218,400
9219,499
9220,851
9221,529
9222,884
9223,577
9224,441
9225,794
9226,409
9227,513
9228,458
9229,622
9230,669
9231,675
9232,529
9233,463
9234,547
9235,634
9236,456
9237,491
9238,425
9239,635
9240,823
9241,1163
9242,659
9243,504
9244,431
9245,475
9246,399
9247,422
9248,478
9249,311
9250,2439
9251,458
9252,524
9253,454
9254,430
9255,515
9256,438
9257,381
9258,455
9259,403
9260,1152
9261,923
9262,675
9263,470
9264,507
9265,624
9266,436
9267,410
9268,763
9269,422
9270,581
9271,476
9272,456
9273,503
9274,403
9275,555
9276,372
9277,456
9278,452
9279,345
9280,873
9281,468
9282,532
9283,480
9284,426
9285,436
9286,635
9287,355
9288,466
9289,439
9290,700
9291,425
9292,1125
9293,496
9294,1074
9295,405
9296,422
9297,440
9298,372
9299,601
9300,7204
9301,646
9302,523
9303,720
9304,529
9305,649
9306,479
9307,423
9308,423
9309,451
9310,1210
9311,629
9312,535
9313,440
9314,431
9315,501
9316,416
9317,426
9318,389
9319,425
9320,1301
9321,474
9322,413
9323,423
9324,372
9325,797
9326,758
9327,389
9328,447
9329,395
9330,1068
9331,499
9332,705
9333,1225
9334,414
9335,584
9336,403
9337,411
9338,398
9339,475
9340,1530
9341,726
9342,364
9343,629
9344,704
9345,612
9346,494
9347,394
9348,381
9349,391
9350,1710
9351,462
9352,474
9353,439
9354,384
9355,627
9356,421
9357,359
9358,362
9359,299
9360,1451
9361,615
9362,725
9363,349
9364,458
9365,482
9366,326
9367,387
9368,365
9369,424
9370,1226
9371,389
9372,430
9373,334
9374,344
9375,2377
9376,583
9377,485
9378,555
9379,317
9380,776
9381,650
9382,408
9383,439
9384,625
9385,475
9386,465
9387,380
9388,414
9389,491
9390,535
9391,317
9392,345
9393,692
9394,594
9395,353
9396,398
9397,493
9398,474
9399,445
9400,5444
9401,793
9402,482
9403,553
9404,414
9405,502
9406,453
9407,505
9408,518
9409,521
9410,741
9411,645
9412,497
9413,447
9414,450
9415,572
9416,539
9417,469
9418,457
9419,387
9420,706
9421,498
9422,661
9423,461
9424,551
9425,560
9426,356
9427,332
9428,387
9429,403
9430,474
9431,357
9432,427
9433,389
9434,396
9435,455
9436,485
9437,437
9438,426
9439,429
9440,840
9441,410
9442,422
9443,982
9444,752
9445,536
9446,414
9447,478
9448,455
9449,467
9450,1105
9451,374
9452,453
9453,535
9454,399
9455,426
9456,435
9457,386
9458,353
9459,405
9460,486
9461,455
9462,388
9463,495
9464,482
9465,691
9466,545
9467,380
9468,429
9469,432
9470,414
9471,364
9472,479
9473,378
9474,704
9475,437
9476,367
9477,374
9478,353
9479,418
9480,490
9481,507
9482,303
9483,342
9484,396
9485,419
9486,445
9487,327
9488,348
9489,341
9490,554
9491,335
9492,478
9493,361
9494,610
9495,431
9496,443
9497,468
9498,321
9499,544
9500,17151
9501,897
9502,600
9503,627
9504,694
9505,775
9506,513
9507,398
9508,423
9509,379
9510,844
9511,543
9512,611
9513,521
9514,471
9515,490
9516,469
9517,429
9518,409
9519,312
9520,817
9521,1609
9522,451
9523,520
9524,499
9525,2433
9526,362
9527,732
9528,415
9529,561
9530,1283
9531,426
9532,359
9533,413
9534,354
9535,431
9536,519
9537,391
9538,372
9539,302
9540,522
9541,553
9542,357
9543,411
9544,469
9545,643
9546,354
9547,420
9548,385
9549,339
9550,2774
9551,461
9552,570
9553,377
9554,388
9555,1090
9556,410
9557,393
9558,344
9559,528
9560,1207
9561,440
9562,383
9563,325
9564,453
9565,559
9566,405
9567,465
9568,662
9569,346
9570,1174
9571,361
9572,486
9573,290
9574,311
9575,712
9576,345
9577,424
9578,312
9579,314
9580,646
9581,350
9582,302
9583,374
9584,402
9585,444
9586,310
9587,357
9588,473
9589,290
9590,2183
9591,383
9592,446
9593,404
9594,325
9595,1080
9596,430
9597,302
9598,392
9599,589
9600,30479
9601,813
9602,639
9603,441
9604,1059
9605,486
9606,1051
9607,470
9608,687
9609,430
9610,780
9611,1193
9612,456
9613,449
9614,410
9615,532
9616,375
9617,319
9618,468
9619,346
9620,627
9621,454
9622,578
9623,498
9624,462
9625,691
9626,403
9627,341
9628,365
9629,519
9630,1276
9631,436
9632,668
9633,406
9634,337
9635,450
9636,417
9637,599
9638,319
9639,410
9640,517
9641,338
9642,669
9643,421
9644,347
9645,435
9646,518
9647,503
9648,364
9649,377
9650,2251
9651,425
9652,439
9653,343
9654,456
9655,533
9656,404
9657,331
9658,506
9659,513
9660,2539
9661,411
9662,682
9663,536
9664,371
9665,439
9666,592
9667,780
9668,446
9669,468
9670,822
9671,319
9672,389
9673,433
9674,338
9675,738
9676,359
9677,476
9678,389
9679,587
9680,496
9681,313
9682,408
9683,388
9684,440
9685,445
9686,567
9687,367
9688,512
9689,470
9690,528
9691,333
9692,355
9693,338
9694,313
9695,417
9696,832
9697,425
9698,351
9699,420
9700,11652
9701,715
9702,638
9703,434
9704,422
9705,473
9706,488
9707,659
9708,486
9709,560
9710,789
9711,695
9712,659
9713,362
9714,584
9715,392
9716,430
9717,371
9718,315
9719,374
9720,923
9721,441
9722,532
9723,417
9724,431
9725,484
9726,520
9727,422
9728,517
9729,409
9730,591
9731,375
9732,427
9733,499
9734,473
9735,519
9736,563
9737,471
9738,396
9739,318
9740,547
9741,430
9742,441
9743,536
9744,474
9745,385
9746,384
9747,578
9748,332
9749,331
9750,1490
9751,446
9752,364
9753,409
9754,424
9755,474
9756,395
9757,441
9758,345
9759,315
9760,588
9761,369
9762,360
9763,357
9764,382
9765,488
9766,468
9767,389
9768,362
9769,493
9770,684
9771,371
9772,502
9773,424
9774,354
9775,522
9776,413
9777,658
9778,432
9779,564
9780,1801
9781,447
9782,322
9783,357
9784,405
9785,376
9786,444
9787,411
9788,404
9789,385
9790,1313
9791,424
9792,642
9793,377
9794,337
9795,412
9796,450
9797,814
9798,544
9799,468
9800,14368
9801,1651
9802,637
9803,398
9804,484
9805,583
9806,471
9807,421
9808,603
9809,414
9810,2437
9811,527
9812,498
9813,399
9814,402
9815,557
9816,459
9817,380
9818,379
9819,303
9820,1293
9821,531
9822,1040
9823,426
9824,416
9825,837
9826,430
9827,444
9828,425
9829,486
9830,871
9831,489
9832,534
9833,851
9834,470
9835,670
9836,429
9837,380
9838,379
9839,414
9840,740
9841,466
9842,519
9843,469
9844,440
9845,613
9846,358
9847,422
9848,347
9849,325
9850,2054
9851,435
9852,465
9853,2006
9854,385
9855,522
9856,577
9857,415
9858,372
9859,363
9860,1256
9861,518
9862,326
9863,379
9864,369
9865,513
9866,342
9867,345
9868,436
9869,453
9870,717
9871,358
9872,483
9873,355
9874,362
9875,833
9876,1745
9877,506
9878,446
9879,390
9880,743
9881,438
9882,466
9883,435
9884,401
9885,420
9886,457
9887,643
9888,747
9889,555
9890,629
9891,419
9892,351
9893,309
9894,356
9895,867
9896,457
9897,375
9898,945
9899,1941
9900,13845
9901,943
9902,564
9903,617
9904,709
9905,594
9906,415
9907,481
9908,434
9909,551
9910,842
9911,701
9912,551
9913,574
9914,400
9915,446
9916,408
9917,339
9918,656
9919,601
9920,626
9921,519
9922,561
9923,445
9924,459
9925,755
9926,668
9927,386
9928,556
9929,568
9930,2172
9931,461
9932,393
9933,1619
9934,426
9935,508
9936,450
9937,453
9938,660
9939,578
9940,661
9941,429
9942,399
9943,423
9944,570
9945,709
9946,358
9947,484
9948,400
9949,550
9950,1456
9951,507
9952,440
9953,424
9954,456
9955,547
9956,494
9957,449
9958,578
9959,422
9960,983
9961,517
9962,388
9963,420
9964,528
9965,599
9966,1599
9967,402
9968,468
9969,593
9970,624
9971,699
9972,571
9973,627
9974,499
9975,954
9976,483
9977,532
9978,523
9979,732
9980,990
9981,1242
9982,790
9983,662
9984,824
9985,689
9986,586
9987,695
9988,1219
9989,720
9990,1796
9991,1035
9992,884
9993,866
9994,2757
9995,2357
9996,1489
9997,2467
9998,2891
9999,52558
10000,202810
