number,count
0,77321909
1,153943322
2,119555389
3,88750140
4,66488662
5,65086507
6,42870731
7,35086137
8,34350035
9,27528698
10,47112653
11,21577615
12,25298626
13,16452356
14,15258013
15,19647320
16,14784696
17,11979184
18,13190160
19,12432151
20,22484255
21,9861395
22,9518838
23,8655836
24,10547696
25,13038184
26,7082527
27,6897214
28,7011416
29,6264354
30,16888680
31,5328589
32,5356107
33,4022355
34,3630308
35,5210048
36,3790724
37,3348216
38,3240771
39,3166911
40,9578625
41,2798720
42,3175818
43,2751935
44,2917800
45,4668046
46,2574977
47,2547921
48,3123801
49,2468249
50,13248268
51,2385946
52,2400530
53,2177696
54,2200149
55,2964039
56,2208877
57,1990772
58,1966260
59,1956528
60,6965273
61,1420340
62,1531229
63,1498816
64,2654345
65,2717866
66,1514078
67,1446723
68,1394952
69,1244181
70,4653115
71,1242299
72,1690746
73,1236737
74,1209141
75,3367923
76,1181164
77,1215432
78,1236303
79,1114317
80,5362255
81,1150056
82,1117935
83,1163405
84,1166001
85,1895354
86,1143689
87,1047723
88,1142249
89,1063854
90,5259501
91,1090137
92,1099638
93,1082732
94,1001585
95,2559252
96,1228203
97,1176225
98,1361569
99,2603991
100,15353148
101,1272964
102,665325
103,639974
104,678260
105,768008
106,626021
107,580141
108,627535
109,581542
110,1069408
111,620545
112,544684
113,484591
114,461915
115,607740
116,447067
117,484154
118,444466
119,438846
120,1860429
121,465023
122,442710
123,613069
124,401061
125,907146
126,416637
127,487913
128,850349
129,392367
130,939933
131,394969
132,389522
133,401635
134,348764
135,527399
136,347220
137,407506
138,341091
139,345903
140,916361
141,335373
142,320579
143,328046
144,419518
145,430687
146,330584
147,343773
148,304125
149,312375
150,2614068
151,310730
152,298667
153,304357
154,281856
155,370616
156,284372
157,292217
158,263251
159,277422
160,931161
161,292457
162,273720
163,281388
164,274667
165,378523
166,258252
167,289164
168,328257
169,272684
170,526147
171,252498
172,253465
173,255671
174,235926
175,432656
176,258324
177,256152
178,234114
179,244392
180,1196866
181,240417
182,229649
183,258019
184,238360
185,305077
186,257605
187,246597
188,220838
189,233566
190,391009
191,230855
192,328372
193,240008
194,202034
195,270911
196,220226
197,212722
198,207704
199,239362
200,5426610
201,311024
202,301173
203,255202
204,231716
205,267997
206,258650
207,228527
208,244612
209,215686
210,399895
211,226012
212,291602
213,211582
214,211628
215,264163
216,238615
217,211599
218,197790
219,190786
220,545790
221,234914
222,226348
223,229468
224,224108
225,350264
226,199765
227,193205
228,190676
229,178182
230,423745
231,207663
232,253575
233,226074
234,202942
235,318113
236,170985
237,182036
238,248148
239,220801
240,572054
241,192174
242,173934
243,188450
244,169757
245,201053
246,168131
247,171336
248,181242
249,167360
250,1841999
251,186745
252,189813
253,185258
254,189396
255,555040
256,698247
257,163688
258,144751
259,150908
260,342748
261,158885
262,181789
263,158764
264,208409
265,197845
266,147656
267,157044
268,149231
269,156510
270,377365
271,157614
272,171987
273,227199
274,147383
275,257769
276,153449
277,162758
278,141717
279,149277
280,369861
281,158256
282,145620
283,147051
284,147454
285,179852
286,154514
287,157854
288,164367
289,143017
290,214942
291,131496
292,135256
293,151732
294,132531
295,159282
296,139344
297,136658
298,139635
299,173533
300,3798578
301,234644
302,173521
303,198575
304,174026
305,189584
306,148846
307,147208
308,151819
309,137477
310,231206
311,155304
312,174966
313,156459
314,141842
315,188516
316,141466
317,147796
318,140868
319,152294
320,353849
321,154880
322,149868
323,170298
324,138508
325,241063
326,125627
327,129241
328,133110
329,118549
330,313485
331,133547
332,129429
333,209441
334,127899
335,143503
336,138389
337,131728
338,123245
339,112039
340,230444
341,118584
342,119162
343,130252
344,113811
345,155982
346,105113
347,123523
348,104322
349,109137
350,778636
351,120458
352,119460
353,117987
354,130219
355,137967
356,119529
357,125214
358,109448
359,115618
360,798805
361,119001
362,100379
363,115816
364,118999
365,442226
366,123290
367,111907
368,103196
369,98603
370,233859
371,111990
372,102663
373,108459
374,90873
375,221641
376,99601
377,116646
378,104929
379,101085
380,226996
381,104550
382,94250
383,103878
384,151978
385,133197
386,125644
387,119440
388,88458
389,93786
390,165669
391,98954
392,96295
393,108603
394,90471
395,125232
396,87896
397,91603
398,81577
399,109394
400,2967540
401,255629
402,107727
403,132505
404,182308
405,140099
406,110174
407,106559
408,111912
409,99346
410,191338
411,112643
412,104207
413,98063
414,99216
415,156796
416,109719
417,97686
418,83555
419,94491
420,214540
421,96115
422,98410
423,95871
424,92516
425,153115
426,90497
427,96874
428,87852
429,96837
430,182219
431,100314
432,131244
433,106955
434,85564
435,135506
436,81933
437,93634
438,87994
439,81213
440,228757
441,87730
442,81772
443,130528
444,108821
445,102233
446,77968
447,97421
448,82395
449,82403
450,572255
451,136700
452,80799
453,89776
454,107529
455,105766
456,115586
457,90248
458,91891
459,83497
460,167172
461,79864
462,74504
463,80728
464,76003
465,102255
466,74030
467,79166
468,76683
469,76295
470,150103
471,96403
472,72238
473,77381
474,68650
475,112473
476,109412
477,74521
478,70301
479,82930
480,276518
481,76254
482,68873
483,94160
484,73690
485,102262
486,114435
487,69358
488,84997
489,69118
490,123049
491,70518
492,68814
493,72814
494,68216
495,94915
496,78363
497,68973
498,65971
499,93256
500,5565276
501,145068
502,86830
503,97028
504,115101
505,98951
506,70722
507,76848
508,97024
509,109445
510,139979
511,89730
512,309624
513,75873
514,73413
515,89143
516,71140
517,75386
518,71574
519,70672
520,163502
521,133879
522,69470
523,76066
524,71129
525,123444
526,64356
527,80007
528,82879
529,114410
530,193121
531,72077
532,72393
533,76679
534,71128
535,97025
536,89362
537,70873
538,85081
539,72684
540,177367
541,77686
542,69800
543,73136
544,70021
545,76600
546,64558
547,64453
548,55333
549,61351
550,339949
551,74611
552,61319
553,63450
554,58866
555,163530
556,61518
557,60655
558,59527
559,61166
560,147957
561,67541
562,62488
563,64463
564,56514
565,79401
566,52083
567,71948
568,62583
569,56261
570,122438
571,64984
572,55272
573,61637
574,53993
575,83499
576,81357
577,64443
578,52335
579,58460
580,113665
581,85549
582,58658
583,58983
584,59292
585,79050
586,73560
587,72914
588,55968
589,64957
590,90545
591,55529
592,58214
593,55979
594,52651
595,67026
596,51252
597,61723
598,51880
599,68709
600,2031801
601,78541
602,77172
603,76483
604,74776
605,70060
606,59353
607,62435
608,62992
609,68386
610,118035
611,57489
612,73420
613,78870
614,60109
615,73186
616,68347
617,85216
618,105713
619,56012
620,121364
621,60624
622,71037
623,57841
624,62985
625,143460
626,64251
627,59571
628,59367
629,54796
630,119811
631,71495
632,82960
633,61576
634,55161
635,66653
636,58961
637,56467
638,53453
639,82556
640,181196
641,59109
642,67537
643,54282
644,64347
645,64539
646,55343
647,62290
648,58565
649,52583
650,333047
651,60417
652,49068
653,48033
654,50056
655,62916
656,64010
657,50286
658,45281
659,47065
660,128863
661,63341
662,48759
663,49712
664,53618
665,53792
666,126592
667,75138
668,54499
669,50924
670,97802
671,54010
672,52767
673,51468
674,60065
675,74222
676,48458
677,47589
678,54733
679,49644
680,115110
681,50417
682,44143
683,51794
684,51600
685,58864
686,50286
687,55506
688,50673
689,45444
690,75361
691,61467
692,43958
693,46737
694,40186
695,54380
696,43992
697,44026
698,40703
699,47119
700,1363935
701,73738
702,66168
703,71575
704,66406
705,66823
706,52276
707,81613
708,50560
709,60707
710,82633
711,72959
712,55150
713,57555
714,56174
715,62796
716,53918
717,57572
718,60907
719,46530
720,165815
721,58050
722,57754
723,48113
724,46095
725,71804
726,43943
727,67155
728,53041
729,51352
730,90785
731,56728
732,67360
733,47996
734,46224
735,56746
736,43695
737,99749
738,41994
739,42407
740,89808
741,60361
742,44939
743,44551
744,51395
745,54905
746,46530
747,140158
748,43545
749,43786
750,501218
751,51515
752,48046
753,59751
754,72795
755,74873
756,50942
757,65484
758,37251
759,42814
760,118121
761,42649
762,43597
763,47792
764,39974
765,58905
766,42984
767,67277
768,91720
769,45326
770,102995
771,47684
772,47270
773,49543
774,45955
775,73228
776,56115
777,120205
778,52394
779,39159
780,106394
781,48276
782,42428
783,45198
784,48590
785,56370
786,48398
787,87195
788,41237
789,52127
790,61501
791,43891
792,61922
793,46072
794,48251
795,48947
796,39223
797,39504
798,38541
799,46787
800,2010386
801,70262
802,324457
803,50120
804,48216
805,56850
806,42919
807,45352
808,69389
809,43286
810,75434
811,47607
812,47232
813,51180
814,54273
815,53101
816,44604
817,45988
818,52638
819,41608
820,80691
821,43459
822,51951
823,41783
824,46543
825,61448
826,40847
827,44036
828,45543
829,40428
830,74528
831,41584
832,44560
833,57469
834,34402
835,47551
836,42030
837,37039
838,35597
839,37368
840,91599
841,40833
842,43230
843,51892
844,54955
845,58527
846,40421
847,49356
848,42166
849,37102
850,248522
851,38795
852,48091
853,42380
854,43451
855,80484
856,39870
857,39831
858,43353
859,40545
860,78513
861,39029
862,38112
863,42571
864,53287
865,50532
866,89038
867,43386
868,38195
869,39047
870,78576
871,41314
872,38640
873,37304
874,38770
875,74487
876,41354
877,87978
878,36053
879,37884
880,86703
881,36147
882,41772
883,41589
884,35890
885,44518
886,39645
887,37962
888,147306
889,38510
890,58312
891,37759
892,36655
893,40330
894,34203
895,42664
896,37802
897,36285
898,34772
899,42356
900,887418
901,51568
902,43728
903,40357
904,42073
905,51142
906,39849
907,76837
908,39307
909,47744
910,65424
911,338649
912,50365
913,41640
914,55579
915,48320
916,43944
917,43622
918,40835
919,47184
920,77672
921,39980
922,40877
923,36709
924,38798
925,65128
926,36132
927,38387
928,41166
929,38588
930,71733
931,39534
932,44995
933,37982
934,34516
935,43129
936,46636
937,40766
938,36273
939,37963
940,64816
941,41016
942,33424
943,33931
944,37341
945,43747
946,34774
947,32976
948,31924
949,41841
950,148250
951,41304
952,38872
953,36914
954,42444
955,42394
956,35252
957,35813
958,30041
959,40589
960,117822
961,38915
962,42163
963,38591
964,34123
965,47419
966,37001
967,45301
968,37228
969,43931
970,68978
971,38460
972,48250
973,46579
974,35147
975,52989
976,41799
977,37004
978,829513
979,37767
980,78402
981,44391
982,40216
983,44360
984,38129
985,42301
986,34574
987,45553
988,39311
989,52107
990,71551
991,36376
992,36705
993,36794
994,36233
995,54813
996,40851
997,44154
998,49265
999,254281
1000,2543105
1001,127148
1002,210430
1003,43409
1004,30926
1005,27357
1006,61977
1007,287901
1008,23968
1009,23851
1010,88076
1011,64012
1012,59324
1013,42408
1014,43942
1015,50306
1016,807320
1017,76164
1018,42387
1019,29385
1020,47626
1021,109696
1022,31814
1023,92695
1024,315526
1025,35396
1026,23927
1027,25882
1028,22260
1029,52887
1030,41292
1031,29501
1032,20323
1033,28543
1034,24427
1035,28734
1036,18843
1037,68668
1038,398354
1039,34530
1040,59668
1041,19456
1042,27768
1043,17921
1044,19302
1045,23138
1046,59912
1047,17406
1048,19041
1049,18068
1050,64938
1051,29296
1052,17443
1053,23879
1054,37711
1055,28801
1056,36659
1057,20367
1058,17669
1059,16741
1060,26898
1061,18511
1062,14940
1063,38747
1064,21240
1065,19524
1066,106380
1067,20796
1068,18611
1069,18217
1070,35299
1071,29964
1072,16765
1073,164288
1074,47293
1075,24268
1076,17315
1077,20486
1078,20115
1079,18834
1080,159799
1081,20780
1082,13405
1083,26563
1084,22235
1085,21790
1086,92466
1087,20971
1088,48292
1089,33407
1090,26368
1091,20457
1092,16805
1093,200444
1094,18032
1095,40554
1096,31382
1097,69026
1098,83467
1099,59971
1100,209659
1101,81068
1102,20508
1103,72125
1104,26342
1105,33414
1106,16244
1107,20562
1108,18433
1109,65519
1110,39003
1111,294285
1112,21635
1113,24279
1114,16118
1115,23175
1116,15387
1117,20838
1118,19960
1119,23982
1120,28607
1121,20598
1122,23511
1123,19490
1124,18474
1125,26331
1126,189486
1127,23278
1128,68090
1129,14987
1130,37842
1131,16223
1132,14485
1133,15573
1134,16596
1135,24436
1136,54424
1137,20523
1138,18384
1139,24732
1140,25519
1141,15729
1142,19012
1143,17218
1144,18922
1145,36740
1146,60181
1147,20555
1148,14471
1149,16216
1150,48347
1151,15910
1152,33370
1153,17447
1154,22601
1155,31239
1156,18518
1157,16826
1158,24294
1159,30594
1160,22677
1161,28040
1162,24470
1163,20357
1164,17306
1165,16413
1166,16261
1167,19566
1168,12687
1169,17553
1170,28083
1171,17923
1172,21940
1173,16463
1174,15003
1175,28886
1176,21069
1177,66435
1178,15287
1179,18853
1180,30658
1181,15226
1182,21813
1183,17036
1184,16221
1185,33137
1186,146974
1187,22812
1188,13365
1189,26453
1190,25316
1191,21045
1192,23574
1193,15675
1194,21857
1195,15551
1196,15048
1197,14994
1198,19843
1199,23241
1200,446470
1201,27659
1202,27358
1203,21417
1204,44679
1205,20108
1206,31156
1207,24422
1208,16982
1209,21353
1210,35655
1211,29905
1212,34832
1213,23257
1214,27547
1215,53968
1216,27355
1217,19014
1218,17043
1219,19310
1220,29479
1221,20634
1222,22838
1223,21681
1224,17170
1225,32367
1226,17554
1227,24931
1228,14750
1229,18663
1230,28018
1231,20851
1232,17418
1233,14974
1234,100859
1235,23002
1236,18244
1237,17273
1238,17075
1239,14465
1240,30329
1241,23771
1242,35128
1243,16871
1244,17186
1245,16995
1246,15482
1247,15806
1248,19413
1249,17651
1250,97578
1251,27494
1252,27974
1253,18886
1254,20139
1255,20895
1256,25570
1257,21195
1258,28878
1259,17235
1260,45954
1261,23347
1262,14589
1263,16208
1264,16874
1265,22144
1266,17686
1267,16581
1268,15734
1269,13845
1270,27733
1271,31939
1272,22474
1273,21535
1274,25244
1275,26671
1276,17161
1277,19180
1278,14660
1279,40891
1280,51338
1281,17446
1282,27027
1283,16130
1284,20250
1285,18931
1286,13787
1287,16757
1288,14456
1289,16714
1290,32940
1291,24802
1292,19364
1293,15476
1294,19423
1295,21716
1296,22740
1297,19213
1298,16960
1299,21271
1300,253536
1301,26849
1302,21383
1303,19890
1304,20853
1305,22585
1306,19031
1307,32244
1308,20556
1309,18729
1310,25365
1311,18862
1312,22671
1313,19685
1314,24976
1315,23867
1316,20497
1317,18024
1318,15479
1319,13955
1320,30682
1321,20467
1322,17270
1323,18914
1324,20433
1325,32918
1326,19469
1327,27133
1328,21514
1329,13669
1330,27584
1331,17189
1332,19022
1333,27627
1334,15552
1335,17927
1336,21766
1337,37724
1338,15480
1339,14648
1340,28173
1341,15983
1342,15561
1343,15096
1344,15510
1345,20641
1346,24965
1347,28592
1348,32980
1349,22267
1350,71366
1351,25928
1352,15682
1353,24695
1354,14882
1355,16928
1356,18407
1357,17160
1358,15042
1359,14005
1360,27734
1361,16659
1362,15275
1363,15136
1364,24243
1365,81149
1366,18086
1367,18718
1368,49432
1369,16646
1370,25291
1371,152513
1372,14659
1373,15370
1374,14825
1375,22776
1376,13386
1377,26829
1378,20655
1379,13573
1380,29690
1381,21548
1382,17965
1383,12563
1384,13368
1385,19960
1386,18932
1387,17454
1388,16649
1389,24333
1390,24397
1391,17789
1392,25239
1393,14084
1394,27434
1395,16121
1396,15886
1397,17479
1398,18064
1399,23479
1400,246373
1401,30157
1402,21255
1403,19110
1404,18045
1405,23873
1406,18643
1407,15415
1408,15648
1409,16742
1410,23496
1411,15534
1412,16578
1413,19183
1414,18483
1415,42035
1416,24055
1417,18562
1418,15920
1419,17806
1420,38245
1421,20089
1422,21948
1423,15059
1424,18172
1425,22319
1426,10947
1427,14618
1428,16731
1429,19540
1430,27238
1431,21097
1432,20049
1433,22317
1434,17340
1435,19646
1436,16944
1437,15647
1438,18995
1439,21699
1440,54197
1441,18762
1442,14740
1443,16426
1444,18948
1445,16922
1446,16473
1447,15140
1448,14196
1449,17561
1450,81965
1451,20972
1452,27063
1453,77425
1454,14932
1455,24402
1456,17548
1457,15884
1458,16532
1459,18127
1460,35395
1461,26803
1462,20950
1463,17055
1464,16869
1465,17557
1466,15976
1467,31510
1468,21728
1469,39799
1470,35019
1471,80965
1472,23303
1473,22068
1474,19974
1475,34868
1476,24049
1477,23223
1478,23865
1479,20067
1480,34034
1481,19519
1482,20334
1483,31948
1484,18441
1485,41035
1486,19578
1487,18885
1488,19720
1489,17336
1490,27225
1491,26250
1492,145496
1493,42007
1494,36170
1495,24914
1496,19031
1497,30609
1498,32724
1499,26845
1500,667488
1501,34704
1502,37185
1503,34095
1504,28075
1505,27301
1506,32038
1507,22968
1508,25203
1509,36718
1510,33378
1511,30188
1512,32237
1513,37138
1514,27416
1515,37857
1516,40201
1517,55313
1518,28708
1519,59071
1520,63499
1521,62888
1522,30589
1523,43177
1524,34230
1525,50913
1526,45392
1527,36162
1528,29347
1529,32838
1530,53413
1531,27130
1532,33433
1533,39798
1534,49138
1535,39538
1536,57239
1537,28356
1538,30135
1539,31578
1540,58252
1541,42494
1542,45577
1543,48150
1544,21646
1545,33928
1546,29995
1547,41959
1548,22878
1549,30421
1550,83075
1551,23501
1552,27450
1553,38422
1554,27171
1555,38062
1556,36398
1557,26794
1558,49239
1559,35596
1560,45323
1561,29664
1562,28735
1563,28207
1564,51464
1565,38526
1566,31599
1567,29710
1568,31645
1569,31703
1570,44495
1571,40077
1572,43113
1573,30455
1574,26324
1575,29861
1576,27966
1577,31314
1578,28249
1579,25996
1580,49427
1581,28169
1582,54646
1583,28349
1584,32101
1585,38462
1586,28568
1587,34534
1588,51118
1589,30074
1590,49530
1591,30169
1592,39434
1593,32175
1594,30780
1595,35107
1596,43329
1597,32599
1598,48607
1599,38871
1600,399313
1601,42626
1602,37557
1603,91365
1604,45443
1605,53223
1606,43404
1607,55972
1608,44744
1609,68747
1610,74242
1611,53871
1612,38773
1613,35448
1614,34430
1615,37631
1616,51652
1617,29956
1618,49169
1619,58182
1620,83307
1621,47778
1622,33055
1623,48089
1624,33497
1625,45601
1626,32270
1627,33468
1628,36597
1629,35788
1630,63127
1631,33508
1632,50566
1633,36002
1634,35167
1635,40628
1636,37239
1637,41404
1638,42408
1639,31159
1640,67435
1641,42292
1642,80253
1643,44819
1644,81731
1645,49518
1646,32783
1647,32118
1648,76292
1649,55840
1650,103870
1651,42057
1652,35041
1653,33566
1654,34919
1655,36255
1656,36986
1657,30577
1658,37882
1659,33421
1660,90182
1661,41563
1662,44565
1663,35000
1664,40973
1665,54732
1666,53980
1667,43880
1668,33836
1669,35588
1670,51465
1671,29657
1672,41055
1673,30499
1674,33211
1675,43329
1676,36180
1677,29366
1678,31252
1679,32856
1680,61953
1681,31983
1682,38010
1683,43720
1684,30258
1685,50019
1686,30892
1687,44634
1688,70107
1689,66625
1690,54551
1691,29884
1692,48187
1693,29118
1694,37530
1695,29498
1696,28490
1697,35984
1698,28738
1699,36922
1700,286940
1701,55000
1702,35692
1703,38882
1704,43050
1705,34420
1706,34056
1707,72966
1708,32174
1709,35140
1710,45156
1711,38572
1712,40039
1713,44109
1714,49665
1715,57057
1716,35895
1717,41019
1718,42790
1719,35339
1720,62075
1721,39652
1722,40845
1723,39000
1724,37539
1725,41754
1726,33312
1727,47850
1728,39639
1729,41569
1730,52846
1731,30875
1732,38992
1733,37401
1734,29746
1735,41712
1736,40246
1737,38932
1738,37246
1739,38758
1740,64732
1741,44243
1742,43083
1743,41994
1744,44325
1745,59531
1746,40868
1747,38304
1748,56847
1749,48179
1750,172260
1751,45990
1752,56210
1753,49060
1754,56518
1755,73374
1756,60876
1757,55897
1758,75127
1759,60719
1760,91068
1761,45400
1762,52625
1763,116455
1764,60507
1765,82136
1766,58125
1767,57219
1768,59306
1769,67472
1770,109475
1771,46183
1772,68872
1773,74537
1774,102743
1775,178639
1776,295289
1777,105945
1778,96124
1779,69926
1780,118144
1781,106704
1782,77669
1783,145551
1784,83293
1785,82360
1786,73211
1787,188353
1788,121176
1789,278245
1790,370897
1791,152490
1792,145028
1793,140971
1794,112186
1795,123367
1796,106690
1797,104678
1798,142650
1799,121236
1800,658061
1801,150050
1802,107759
1803,137566
1804,144197
1805,110479
1806,117479
1807,117548
1808,116489
1809,127749
1810,130209
1811,111939
1812,334728
1813,118061
1814,165230
1815,235130
1816,125586
1817,111534
1818,128248
1819,135052
1820,219695
1821,153370
1822,117681
1823,102303
1824,144492
1825,135150
1826,106929
1827,100948
1828,148492
1829,118514
1830,261474
1831,145798
1832,169350
1833,133998
1834,135904
1835,152477
1836,155741
1837,172716
1838,141731
1839,156265
1840,242636
1841,137699
1842,144215
1843,130987
1844,157131
1845,172988
1846,176855
1847,156744
1848,336350
1849,173561
1850,410526
1851,177962
1852,152664
1853,151370
1854,187189
1855,160243
1856,189663
1857,223692
1858,181878
1859,244263
1860,400969
1861,380160
1862,283468
1863,288305
1864,258311
1865,373568
1866,215599
1867,260506
1868,251908
1869,210175
1870,384289
1871,277696
1872,205268
1873,204708
1874,181215
1875,212334
1876,238583
1877,216131
1878,202971
1879,216402
1880,356687
1881,235083
1882,234141
1883,210024
1884,220465
1885,239819
1886,221778
1887,213585
1888,235512
1889,253748
1890,387235
1891,217827
1892,228709
1893,255456
1894,235601
1895,300080
1896,315211
1897,257028
1898,332892
1899,263933
1900,878476
1901,357436
1902,298104
1903,322730
1904,314871
1905,440754
1906,352052
1907,320650
1908,360091
1909,309651
1910,507133
1911,454362
1912,491175
1913,728494
1914,771922
1915,471110
1916,458808
1917,711333
1918,811710
1919,575059
1920,826852
1921,435128
1922,428813
1923,398481
1924,401832
1925,403386
1926,348217
1927,376880
1928,406748
1929,565695
1930,1140835
1931,418464
1932,467468
1933,653705
1934,453839
1935,578720
1936,563523
1937,524618
1938,574074
1939,818516
1940,1644283
1941,826317
1942,695700
1943,624621
1944,771666
1945,1342461
1946,570630
1947,688809
1948,787708
1949,605709
1950,1062668
1951,477075
1952,520556
1953,576841
1954,546398
1955,534681
1956,593465
1957,583699
1958,578738
1959,596380
1960,1178829
1961,700086
1962,715083
1963,738320
1964,848465
1965,845126
1966,685104
1967,878614
1968,978695
1969,879396
1970,1344131
1971,869012
1972,938112
1973,970118
1974,857144
1975,993590
1976,921458
1977,844715
1978,892187
1979,1155086
1980,1598869
1981,975136
1982,1029267
1983,996391
1984,1156469
1985,1110859
1986,1206879
1987,1162430
1988,1266236
1989,1538213
1990,2158642
1991,1798127
1992,1766922
1993,1703476
1994,2000464
1995,2130822
1996,2274766
1997,2361505
1998,2622253
1999,2812568
2000,4956595
2001,3626953
2002,3360863
2003,3923895
2004,4238967
2005,4920798
2006,5068878
2007,5871280
2008,6823385
2009,6506665
2010,7134290
2011,7305018
2012,7797724
2013,7156289
2014,6385857
2015,5694664
2016,5431437
2017,4936248
2018,4120271
2019,3228913
2020,3454534
2021,1827601
2022,859683
2023,97608
2024,93136
2025,231320
2026,46168
2027,32636
2028,32503
2029,33996
2030,440778
2031,18056
2032,17718
2033,16687
2034,14771
2035,68958
2036,19683
2037,12579
2038,19000
2039,10577
2040,97674
2041,15784
2042,10580
2043,7498
2044,10325
2045,33844
2046,10382
2047,15221
2048,96531
2049,14402
2050,440620
2051,8526
2052,10891
2053,7690
2054,7437
2055,11598
2056,6837
2057,6605
2058,6053
2059,6628
2060,37624
2061,14314
2062,6390
2063,10512
2064,5804
2065,9989
2066,6260
2067,6766
2068,6966
2069,6753
2070,24737
2071,6614
2072,7902
2073,5947
2074,5468
2075,11834
2076,6999
2077,8851
2078,5638
2079,5920
2080,26498
2081,7379
2082,4574
2083,5957
2084,5535
2085,6398
2086,4673
2087,5231
2088,4723
2089,5182
2090,10420
2091,5053
2092,4368
2093,5044
2094,5135
2095,6639
2096,5414
2097,5114
2098,4507
2099,11147
2100,217615
2101,8171
2102,6567
2103,7175
2104,7676
2105,21448
2106,7249
2107,6123
2108,5882
2109,6862
2110,10578
2111,9544
2112,11260
2113,14270
2114,5696
2115,8765
2116,6524
2117,8123
2118,5934
2119,7239
2120,7820
2121,7863
2122,13461
2123,8556
2124,6782
2125,8088
2126,7265
2127,5303
2128,8589
2129,4803
2130,8170
2131,12737
2132,4711
2133,8197
2134,6612
2135,5914
2136,4938
2137,4823
2138,8161
2139,8233
2140,13117
2141,6739
2142,6007
2143,5713
2144,5010
2145,5285
2146,4024
2147,7791
2148,16100
2149,4806
2150,17121
2151,9112
2152,8292
2153,8101
2154,10358
2155,8349
2156,6903
2157,4860
2158,3988
2159,4776
2160,19333
2161,7141
2162,4168
2163,5290
2164,17363
2165,8266
2166,4351
2167,5105
2168,4524
2169,4995
2170,6915
2171,3773
2172,4706
2173,4236
2174,14608
2175,6989
2176,3814
2177,3802
2178,3999
2179,3590
2180,8027
2181,7731
2182,4599
2183,4061
2184,4044
2185,4924
2186,4284
2187,5735
2188,3622
2189,3929
2190,6072
2191,4076
2192,4710
2193,4718
2194,3466
2195,4978
2196,5009
2197,4027
2198,3886
2199,10210
2200,82433
2201,6432
2202,7496
2203,5266
2204,5934
2205,7282
2206,4685
2207,5302
2208,4606
2209,4338
2210,7305
2211,6510
2212,5991
2213,4899
2214,5080
2215,6346
2216,4384
2217,6437
2218,5853
2219,4517
2220,7473
2221,5822
2222,19733
2223,7276
2224,9067
2225,8791
2226,4616
2227,5411
2228,4901
2229,8663
2230,7862
2231,5919
2232,4326
2233,5902
2234,4348
2235,3992
2236,5693
2237,4987
2238,3923
2239,3898
2240,8769
2241,4758
2242,4509
2243,4070
2244,4608
2245,5243
2246,4895
2247,4085
2248,4101
2249,5028
2250,19062
2251,7004
2252,4372
2253,4409
2254,6658
2255,6741
2256,6980
2257,5241
2258,5642
2259,6232
2260,6924
2261,6506
2262,4040
2263,3847
2264,5213
2265,6132
2266,8799
2267,11620
2268,9975
2269,6929
2270,7468
2271,4266
2272,4409
2273,5569
2274,3545
2275,5023
2276,3831
2277,5592
2278,4386
2279,12146
2280,5769
2281,5453
2282,3943
2283,3663
2284,3704
2285,6596
2286,4837
2287,5776
2288,4296
2289,3667
2290,4632
2291,3900
2292,3787
2293,6989
2294,2972
2295,3926
2296,4366
2297,3528
2298,3767
2299,3923
2300,70140
2301,7108
2302,4303
2303,4191
2304,6691
2305,6998
2306,4229
2307,79479
2308,4406
2309,4752
2310,7067
2311,6556
2312,6703
2313,4601
2314,4287
2315,4573
2316,3484
2317,4082
2318,3621
2319,11937
2320,6064
2321,4422
2322,5345
2323,5632
2324,4577
2325,15209
2326,5210
2327,4879
2328,4980
2329,4438
2330,9502
2331,4370
2332,4514
2333,7300
2334,6598
2335,4019
2336,4012
2337,10178
2338,3470
2339,3324
2340,7443
2341,4157
2342,4243
2343,4150
2344,4607
2345,16396
2346,4552
2347,5321
2348,4837
2349,5059
2350,13067
2351,4069
2352,4805
2353,5356
2354,3955
2355,4503
2356,4061
2357,4734
2358,3638
2359,4136
2360,5265
2361,3966
2362,3872
2363,3499
2364,7543
2365,6978
2366,7597
2367,8117
2368,8966
2369,12314
2370,12344
2371,13082
2372,11160
2373,13468
2374,10268
2375,13719
2376,8450
2377,6887
2378,6140
2379,5495
2380,5900
2381,6017
2382,3740
2383,4109
2384,3755
2385,4837
2386,3838
2387,4331
2388,3424
2389,3031
2390,4337
2391,3080
2392,3987
2393,3027
2394,2750
2395,3649
2396,5888
2397,3645
2398,3016
2399,3884
2400,91499
2401,7044
2402,4207
2403,4625
2404,4263
2405,3530
2406,3088
2407,4033
2408,3195
2409,5104
2410,5284
2411,3743
2412,4565
2413,4017
2414,3544
2415,4697
2416,3416
2417,3569
2418,2984
2419,4000
2420,5192
2421,4288
2422,8476
2423,3987
2424,5235
2425,9300
2426,6023
2427,5312
2428,3583
2429,3335
2430,4977
2431,3636
2432,3449
2433,3925
2434,2938
2435,5229
2436,3245
2437,3289
2438,3516
2439,3310
2440,6019
2441,3347
2442,3357
2443,3615
2444,3911
2445,3718
2446,2828
2447,2964
2448,5607
2449,3440
2450,10644
2451,8102
2452,3014
2453,3128
2454,3718
2455,4141
2456,3158
2457,3662
2458,4957
2459,3364
2460,6067
2461,4114
2462,3242
2463,3315
2464,2770
2465,4047
2466,4655
2467,3765
2468,4367
2469,3745
2470,3787
2471,3747
2472,3452
2473,3148
2474,4032
2475,5340
2476,3037
2477,4493
2478,4787
2479,2957
2480,5062
2481,3698
2482,3042
2483,3383
2484,3526
2485,3317
2486,4234
2487,2977
2488,3794
2489,3886
2490,4211
2491,3341
2492,3245
2493,2898
2494,4324
2495,3906
2496,3291
2497,3553
2498,3124
2499,4555
2500,261450
2501,6843
2502,3787
2503,3771
2504,3750
2505,3683
2506,4282
2507,3320
2508,3623
2509,3578
2510,7489
2511,4548
2512,3922
2513,3527
2514,4214
2515,3771
2516,3371
2517,3180
2518,3381
2519,3818
2520,9497
2521,8221
2522,4034
2523,3096
2524,3001
2525,8443
2526,4492
2527,6883
2528,4635
2529,4065
2530,4600
2531,3920
2532,3802
2533,3604
2534,2845
2535,4178
2536,3383
2537,3862
2538,2881
2539,2720
2540,5571
2541,3734
2542,3218
2543,3583
2544,3438
2545,3820
2546,2574
2547,3223
2548,3514
2549,2684
2550,9521
2551,4174
2552,6397
2553,5786
2554,3830
2555,4737
2556,3143
2557,3618
2558,6522
2559,3622
2560,17916
2561,3389
2562,3382
2563,3566
2564,3541
2565,3286
2566,3291
2567,4361
2568,2659
2569,2504
2570,4061
2571,3158
2572,2646
2573,2771
2574,2805
2575,5225
2576,3267
2577,2945
2578,2691
2579,2850
2580,4790
2581,3760
2582,2762
2583,4410
2584,3551
2585,3748
2586,2604
2587,2864
2588,3070
2589,3907
2590,3629
2591,2868
2592,4026
2593,2817
2594,2431
2595,2993
2596,2607
2597,3677
2598,2801
2599,3705
2600,87961
2601,5237
2602,3785
2603,3503
2604,3280
2605,3357
2606,3669
2607,3491
2608,2690
2609,2936
2610,4339
2611,4190
2612,2515
2613,4130
2614,3248
2615,3197
2616,7398
2617,3792
2618,3314
2619,2893
2620,4873
2621,3662
2622,2704
2623,3171
2624,2992
2625,4229
2626,3900
2627,3918
2628,5294
2629,4414
2630,6440
2631,3372
2632,2682
2633,3314
2634,2909
2635,3108
2636,2754
2637,3767
2638,2642
2639,2680
2640,5620
2641,2551
2642,2984
2643,2713
2644,2689
2645,3235
2646,2629
2647,3218
2648,3004
2649,2667
2650,8747
2651,2913
2652,3001
2653,2897
2654,2696
2655,3019
2656,4143
2657,2453
2658,2587
2659,2347
2660,4949
2661,2860
2662,2619
2663,3688
2664,4184
2665,3511
2666,5174
2667,4137
2668,2298
2669,2730
2670,4060
2671,2926
2672,3875
2673,2955
2674,2296
2675,3679
2676,2399
2677,2738
2678,2546
2679,3068
2680,4575
2681,2656
2682,2340
2683,2764
2684,2584
2685,2639
2686,4684
2687,2378
2688,3163
2689,2150
2690,3763
2691,2614
2692,2587
2693,4320
2694,2289
2695,2539
2696,2225
2697,4273
2698,3475
2699,5169
2700,52259
2701,4786
2702,3312
2703,3667
2704,3281
2705,3617
2706,2379
2707,3456
2708,2343
2709,3800
2710,3308
2711,3127
2712,2734
2713,2921
2714,2569
2715,2710
2716,2982
2717,2719
2718,2584
2719,2637
2720,3766
2721,2673
2722,3099
2723,2887
2724,2277
2725,3349
2726,2478
2727,4565
2728,3391
2729,5263
2730,4633
2731,3191
2732,3357
2733,2947
2734,2463
2735,3203
2736,3316
2737,4767
2738,2440
2739,2851
2740,3323
2741,4579
2742,2460
2743,2844
2744,4591
2745,3630
2746,2291
2747,2656
2748,2092
2749,2726
2750,11418
2751,2683
2752,2611
2753,3206
2754,2112
2755,3077
2756,2148
2757,1990
2758,2926
2759,2737
2760,3724
2761,2943
2762,2317
2763,2698
2764,2411
2765,5464
2766,2515
2767,2817
2768,2157
2769,2289
2770,4094
2771,4872
2772,3044
2773,2365
2774,2209
2775,3748
2776,2336
2777,2966
2778,2568
2779,2381
2780,3410
2781,2297
2782,2926
2783,3125
2784,2425
2785,2491
2786,2488
2787,3378
2788,2721
2789,2784
2790,3702
2791,2448
2792,2314
2793,2579
2794,2703
2795,2574
2796,3096
2797,2329
2798,2109
2799,3004
2800,49940
2801,4264
2802,2800
2803,2697
2804,2273
2805,2828
2806,2714
2807,2666
2808,3893
2809,2567
2810,3306
2811,2984
2812,3104
2813,3010
2814,2494
2815,2583
2816,2781
2817,2949
2818,3411
2819,2297
2820,4057
2821,3943
2822,6052
2823,2404
2824,2213
2825,3157
2826,2656
2827,2540
2828,3323
2829,3314
2830,6016
2831,3819
2832,3956
2833,3001
2834,2306
2835,3316
2836,6942
2837,2487
2838,2517
2839,2266
2840,3447
2841,3321
2842,2233
2843,2116
2844,2646
2845,2795
2846,1917
2847,2549
2848,2644
2849,2378
2850,6838
2851,2177
2852,2706
2853,1971
2854,2063
2855,2367
2856,3064
2857,3196
2858,2148
2859,3351
2860,3536
2861,2433
2862,2788
2863,2219
2864,2287
2865,2683
2866,2132
2867,2625
2868,2450
2869,3030
2870,3368
2871,2651
2872,3243
2873,2783
2874,2154
2875,5271
2876,1793
2877,2251
2878,2234
2879,3116
2880,8981
2881,2486
2882,2559
2883,2290
2884,2022
2885,3067
2886,2309
2887,2074
2888,2525
2889,3154
2890,4070
2891,3575
2892,2128
2893,2866
2894,1928
2895,2419
2896,3506
2897,2406
2898,2751
2899,2335
2900,26287
2901,3317
2902,2294
2903,3199
2904,2428
2905,2733
2906,2209
2907,2962
2908,2332
2909,5953
2910,3194
2911,2996
2912,3186
2913,2886
2914,2610
2915,3247
2916,2994
2917,2654
2918,2651
2919,2393
2920,7531
2921,2891
2922,2369
2923,2852
2924,2242
2925,2978
2926,2025
2927,2471
2928,2519
2929,3371
2930,3730
2931,5053
2932,2733
2933,4694
2934,2355
2935,2395
2936,2399
2937,2409
2938,1814
2939,2299
2940,3042
2941,4592
2942,2052
2943,2478
2944,2831
2945,2547
2946,2407
2947,2505
2948,2554
2949,2111
2950,6037
2951,2547
2952,2837
2953,2245
2954,2363
2955,2731
2956,1878
2957,2671
2958,10201
2959,2102
2960,4291
2961,1988
2962,2071
2963,2699
2964,2134
2965,3050
2966,5223
2967,2265
2968,2238
2969,2276
2970,2932
2971,2434
2972,2203
2973,2466
2974,1977
2975,2842
2976,2117
2977,2788
2978,1751
2979,2281
2980,3500
2981,2176
2982,2444
2983,2196
2984,2238
2985,2309
2986,2011
2987,2445
2988,2102
2989,2888
2990,3444
2991,4735
2992,2397
2993,2309
2994,2586
2995,3409
2996,2279
2997,3022
2998,2137
2999,8088
3000,595988
3001,11264
3002,5759
3003,6493
3004,4364
3005,3786
3006,4197
3007,3060
3008,4078
3009,3380
3010,6913
3011,3787
3012,4482
3013,3231
3014,2886
3015,3935
3016,3310
3017,2955
3018,4641
3019,6724
3020,5901
3021,3623
3022,2920
3023,2849
3024,3450
3025,4346
3026,2233
3027,2370
3028,2612
3029,2173
3030,8641
3031,3807
3032,5345
3033,4124
3034,2991
3035,3322
3036,2943
3037,2191
3038,2550
3039,3219
3040,5278
3041,2393
3042,2411
3043,2590
3044,2162
3045,3227
3046,2175
3047,2468
3048,8288
3049,2477
3050,7322
3051,2968
3052,3311
3053,2659
3054,2989
3055,4199
3056,2721
3057,2949
3058,2226
3059,2405
3060,4160
3061,2284
3062,2683
3063,2054
3064,2152
3065,2462
3066,3544
3067,3041
3068,2910
3069,2257
3070,3740
3071,2602
3072,8251
3073,2172
3074,2279
3075,2946
3076,2097
3077,3850
3078,2012
3079,2815
3080,4510
3081,2680
3082,2191
3083,2736
3084,2006
3085,2678
3086,2251
3087,2299
3088,2351
3089,2358
3090,3884
3091,2352
3092,1855
3093,2121
3094,1875
3095,3142
3096,2223
3097,1921
3098,1874
3099,3657
3100,34570
3101,4402
3102,6892
3103,2948
3104,3008
3105,3263
3106,2689
3107,2464
3108,2748
3109,10287
3110,4089
3111,3690
3112,3157
3113,4382
3114,7115
3115,3410
3116,2624
3117,2662
3118,2275
3119,2906
3120,4246
3121,4804
3122,2832
3123,3290
3124,2780
3125,10326
3126,2046
3127,2870
3128,5643
3129,2640
3130,4667
3131,3502
3132,3187
3133,4946
3134,3503
3135,3092
3136,2858
3137,2471
3138,3125
3139,2180
3140,3271
3141,3586
3142,3097
3143,2440
3144,2243
3145,3686
3146,2191
3147,3549
3148,2267
3149,1911
3150,8248
3151,2387
3152,2262
3153,2240
3154,1843
3155,2480
3156,2939
3157,1978
3158,1926
3159,1868
3160,2669
3161,2852
3162,2730
3163,2097
3164,2289
3165,2101
3166,19542
3167,2411
3168,4815
3169,2158
3170,2557
3171,3461
3172,1766
3173,2164
3174,2208
3175,2736
3176,1721
3177,2265
3178,1621
3179,2020
3180,3354
3181,2560
3182,2574
3183,2070
3184,1824
3185,2305
3186,1862
3187,1911
3188,1905
3189,2525
3190,2477
3191,2045
3192,2367
3193,1646
3194,1947
3195,2342
3196,1858
3197,2165
3198,1972
3199,2233
3200,66731
3201,6937
3202,2854
3203,2425
3204,2098
3205,3683
3206,1956
3207,3159
3208,2257
3209,2236
3210,4432
3211,4281
3212,2375
3213,3289
3214,2660
3215,2611
3216,2278
3217,2471
3218,2957
3219,2687
3220,3305
3221,2602
3222,2412
3223,3850
3224,2560
3225,3026
3226,2154
3227,2617
3228,2205
3229,1962
3230,3025
3231,2427
3232,3052
3233,5450
3234,4324
3235,2762
3236,2309
3237,2062
3238,2250
3239,2155
3240,3830
3241,2116
3242,2421
3243,2236
3244,2418
3245,2302
3246,2986
3247,1689
3248,1992
3249,2482
3250,6085
3251,1946
3252,2257
3253,1732
3254,1849
3255,2536
3256,2396
3257,1873
3258,2155
3259,1943
3260,3904
3261,3382
3262,2095
3263,2226
3264,2650
3265,2148
3266,2209
3267,2149
3268,1920
3269,1798
3270,7382
3271,1813
3272,1820
3273,1917
3274,1851
3275,2135
3276,2161
3277,2289
3278,2713
3279,1800
3280,4521
3281,2449
3282,2352
3283,2280
3284,1888
3285,2231
3286,2187
3287,2014
3288,2062
3289,2039
3290,2860
3291,1923
3292,1755
3293,2352
3294,1834
3295,2138
3296,1953
3297,2045
3298,1688
3299,3046
3300,35046
3301,5067
3302,2461
3303,2888
3304,2231
3305,3874
3306,12328
3307,2884
3308,2081
3309,2462
3310,5115
3311,3672
3312,2201
3313,2511
3314,2477
3315,2321
3316,2108
3317,1664
3318,1854
3319,2403
3320,3287
3321,3210
3322,3638
3323,2194
3324,2811
3325,2765
3326,2392
3327,2618
3328,2245
3329,1754
3330,4870
3331,2614
3332,2433
3333,21111
3334,3164
3335,4539
3336,3979
3337,2760
3338,2684
3339,3350
3340,3576
3341,2036
3342,2302
3343,2455
3344,3190
3345,2363
3346,2309
3347,1861
3348,2093
3349,1858
3350,7238
3351,1955
3352,2362
3353,2277
3354,5673
3355,2450
3356,2077
3357,1794
3358,1692
3359,2157
3360,4154
3361,2080
3362,2340
3363,1974
3364,1930
3365,2400
3366,2598
3367,2087
3368,1951
3369,1572
3370,3061
3371,2315
3372,2486
3373,1931
3374,1707
3375,2975
3376,2188
3377,2128
3378,2071
3379,2238
3380,2863
3381,2067
3382,2376
3383,1634
3384,1823
3385,1991
3386,18029
3387,1683
3388,2046
3389,36213
3390,40158
3391,2267
3392,1782
3393,4002
3394,1704
3395,2411
3396,1673
3397,1899
3398,1846
3399,2582
3400,28978
3401,3092
3402,3996
3403,1933
3404,2294
3405,2375
3406,2782
3407,2565
3408,2015
3409,2052
3410,3284
3411,2153
3412,3483
3413,2544
3414,2014
3415,2046
3416,1623
3417,2088
3418,1914
3419,1923
3420,3296
3421,2228
3422,2155
3423,2050
3424,1838
3425,2329
3426,1538
3427,1654
3428,1788
3429,2068
3430,2558
3431,2107
3432,2568
3433,2228
3434,3063
3435,3489
3436,4238
3437,2411
3438,2712
3439,2023
3440,3393
3441,2626
3442,1930
3443,2428
3444,2301
3445,3035
3446,1441
3447,2104
3448,2008
3449,2048
3450,4783
3451,1632
3452,1849
3453,1704
3454,2001
3455,1975
3456,7700
3457,1882
3458,1970
3459,1671
3460,1949
3461,1638
3462,1646
3463,1712
3464,1950
3465,2092
3466,1942
3467,1928
3468,2259
3469,1555
3470,3014
3471,1644
3472,4888
3473,1588
3474,1793
3475,2250
3476,2739
3477,1988
3478,1912
3479,1633
3480,3303
3481,1835
3482,1921
3483,1581
3484,1871
3485,2122
3486,1858
3487,1454
3488,2364
3489,1564
3490,2772
3491,1584
3492,2070
3493,1369
3494,1457
3495,4455
3496,1572
3497,1583
3498,1961
3499,1873
3500,124209
3501,3847
3502,2039
3503,1853
3504,1879
3505,2119
3506,1908
3507,1615
3508,2193
3509,1523
3510,2760
3511,2339
3512,2459
3513,2154
3514,9200
3515,2012
3516,1893
3517,1522
3518,1603
3519,1750
3520,3338
3521,2076
3522,1928
3523,1876
3524,1729
3525,1985
3526,1923
3527,2153
3528,2948
3529,1598
3530,2559
3531,1935
3532,1924
3533,1800
3534,1842
3535,2832
3536,2479
3537,3642
3538,2256
3539,1909
3540,2581
3541,1722
3542,2295
3543,1765
3544,1776
3545,1884
3546,1843
3547,1692
3548,2046
3549,1773
3550,5298
3551,2082
3552,1720
3553,2584
3554,1541
3555,2640
3556,1863
3557,1578
3558,1751
3559,1697
3560,2806
3561,1737
3562,1796
3563,1539
3564,1406
3565,1895
3566,1953
3567,1552
3568,2631
3569,1766
3570,2641
3571,2082
3572,1680
3573,1514
3574,1428
3575,1853
3576,2135
3577,1604
3578,1455
3579,1586
3580,2363
3581,1595
3582,1528
3583,1861
3584,2951
3585,1863
3586,1561
3587,1600
3588,2568
3589,1562
3590,2655
3591,1899
3592,1776
3593,1389
3594,1461
3595,1432
3596,1567
3597,1895
3598,1381
3599,1966
3600,84618
3601,2839
3602,1833
3603,3022
3604,2397
3605,2108
3606,1606
3607,1526
3608,1609
3609,1688
3610,2713
3611,1970
3612,1596
3613,1672
3614,1440
3615,1962
3616,1716
3617,1499
3618,1573
3619,1360
3620,2374
3621,2087
3622,1756
3623,1859
3624,1890
3625,1937
3626,1758
3627,2578
3628,2184
3629,2018
3630,2438
3631,1995
3632,2046
3633,1949
3634,1821
3635,1603
3636,3605
3637,1883
3638,3231
3639,2686
3640,2892
3641,2740
3642,4415
3643,2099
3644,1492
3645,1927
3646,1846
3647,1978
3648,2023
3649,1599
3650,6377
3651,1916
3652,1645
3653,2040
3654,1614
3655,1827
3656,1653
3657,1758
3658,1815
3659,1693
3660,2475
3661,1570
3662,1337
3663,1875
3664,1659
3665,1655
3666,1993
3667,2002
3668,1992
3669,1394
3670,2098
3671,1725
3672,1684
3673,1447
3674,1793
3675,2233
3676,2112
3677,1882
3678,1954
3679,1736
3680,2573
3681,1788
3682,1609
3683,1622
3684,1572
3685,1786
3686,1639
3687,1620
3688,1427
3689,1488
3690,2442
3691,1374
3692,1576
3693,1515
3694,1191
3695,1762
3696,1528
3697,1672
3698,1354
3699,1647
3700,20000
3701,3372
3702,2302
3703,2114
3704,1838
3705,2311
3706,1867
3707,1542
3708,1731
3709,1270
3710,2471
3711,2538
3712,1887
3713,1906
3714,1483
3715,2037
3716,1479
3717,1931
3718,1990
3719,2215
3720,2431
3721,2080
3722,1947
3723,1763
3724,2534
3725,1933
3726,1468
3727,2812
3728,1484
3729,2204
3730,3497
3731,1683
3732,4249
3733,2823
3734,1488
3735,2081
3736,1515
3737,2339
3738,1986
3739,3278
3740,3568
3741,1974
3742,2223
3743,1738
3744,2001
3745,2616
3746,1661
3747,1748
3748,3276
3749,1576
3750,7874
3751,1745
3752,1774
3753,3366
3754,2499
3755,2461
3756,1567
3757,1565
3758,7685
3759,1374
3760,3526
3761,2777
3762,1810
3763,1546
3764,1698
3765,2116
3766,1869
3767,1537
3768,1558
3769,1569
3770,2429
3771,3393
3772,1463
3773,2561
3774,1630
3775,1802
3776,1759
3777,2090
3778,1644
3779,1714
3780,2632
3781,2113
3782,1623
3783,1500
3784,1677
3785,2833
3786,1618
3787,1392
3788,1484
3789,1522
3790,2131
3791,5082
3792,1361
3793,1497
3794,1311
3795,1627
3796,1446
3797,2415
3798,1397
3799,1433
3800,23476
3801,2897
3802,1477
3803,1815
3804,1650
3805,1704
3806,2641
3807,1525
3808,1828
3809,1773
3810,2744
3811,2026
3812,1866
3813,1618
3814,1474
3815,1548
3816,1709
3817,1580
3818,1267
3819,1708
3820,4438
3821,1714
3822,1592
3823,1655
3824,1750
3825,1962
3826,1347
3827,1916
3828,2032
3829,1536
3830,2069
3831,1573
3832,1503
3833,2137
3834,1651
3835,2132
3836,1395
3837,1374
3838,1974
3839,2400
3840,10884
3841,2967
3842,2350
3843,1788
3844,2582
3845,2000
3846,1829
3847,4641
3848,1758
3849,1282
3850,4526
3851,1513
3852,2507
3853,1642
3854,1367
3855,1522
3856,1598
3857,4126
3858,1641
3859,2129
3860,1876
3861,1557
3862,1484
3863,1658
3864,1347
3865,1590
3866,1492
3867,1462
3868,1626
3869,1247
3870,3672
3871,1723
3872,2954
3873,1487
3874,1387
3875,1859
3876,1475
3877,1377
3878,1310
3879,1283
3880,2263
3881,1698
3882,1398
3883,1436
3884,1151
3885,1897
3886,2256
3887,1352
3888,2714
3889,1969
3890,2002
3891,1683
3892,2069
3893,1405
3894,1347
3895,1591
3896,1597
3897,3442
3898,1396
3899,1912
3900,13809
3901,1991
3902,1363
3903,1616
3904,1825
3905,1637
3906,2133
3907,1440
3908,1789
3909,1654
3910,1909
3911,1809
3912,1432
3913,1554
3914,1457
3915,1869
3916,1655
3917,1764
3918,1318
3919,1433
3920,2421
3921,1591
3922,1923
3923,2171
3924,1328
3925,1505
3926,1274
3927,1978
3928,1881
3929,1440
3930,1807
3931,2262
3932,2769
3933,1710
3934,1568
3935,1389
3936,1440
3937,5163
3938,1334
3939,1972
3940,3832
3941,3169
3942,1944
3943,1691
3944,1545
3945,5728
3946,1587
3947,1934
3948,1174
3949,2007
3950,3399
3951,1706
3952,1636
3953,1411
3954,1591
3955,1747
3956,2591
3957,1261
3958,1669
3959,3428
3960,3281
3961,1653
3962,1740
3963,2422
3964,1655
3965,1683
3966,2117
3967,1524
3968,1579
3969,1667
3970,1604
3971,1487
3972,1553
3973,1569
3974,1259
3975,2191
3976,1631
3977,1465
3978,2267
3979,2217
3980,1778
3981,1505
3982,1666
3983,1408
3984,1288
3985,1634
3986,4485
3987,2020
3988,1330
3989,1610
3990,2117
3991,1747
3992,1801
3993,1602
3994,1278
3995,1701
3996,2076
3997,1621
3998,1761
3999,4444
4000,372053
4001,6677
4002,3861
4003,2813
4004,24699
4005,3736
4006,3023
4007,3650
4008,3486
4009,2478
4010,4223
4011,3604
4012,2557
4013,2860
4014,2728
4015,2828
4016,2910
4017,5998
4018,11634
4019,1511
4020,10891
4021,2517
4022,2141
4023,2030
4024,1922
4025,2862
4026,1785
4027,3323
4028,2113
4029,2223
4030,2903
4031,2299
4032,3147
4033,2513
4034,1977
4035,1776
4036,1602
4037,1926
4038,2901
4039,4674
4040,6400
4041,2527
4042,3597
4043,2709
4044,2499
4045,2219
4046,2991
4047,2614
4048,1545
4049,5456
4050,4494
4051,8780
4052,1725
4053,2146
4054,1476
4055,1826
4056,1757
4057,1638
4058,1694
4059,1317
4060,3396
4061,1806
4062,1667
4063,1314
4064,1993
4065,2258
4066,2427
4067,2847
4068,1709
4069,1672
4070,2227
4071,1614
4072,2286
4073,1454
4074,1502
4075,1964
4076,1323
4077,1976
4078,1204
4079,2233
4080,3296
4081,3469
4082,1876
4083,1443
4084,1556
4085,1809
4086,2840
4087,1821
4088,2934
4089,1292
4090,2363
4091,1615
4092,1908
4093,2021
4094,2843
4095,8183
4096,89622
4097,2070
4098,2535
4099,3318
4100,15232
4101,3429
4102,3117
4103,7970
4104,2156
4105,2559
4106,1915
4107,1719
4108,1536
4109,1656
4110,2777
4111,2914
4112,1985
4113,1603
4114,1728
4115,1913
4116,2361
4117,1455
4118,1559
4119,1815
4120,2881
4121,5389
4122,3349
4123,2404
4124,1501
4125,2020
4126,1593
4127,2004
4128,2027
4129,2633
4130,3977
4131,1968
4132,1730
4133,1573
4134,1352
4135,2157
4136,1341
4137,1667
4138,1569
4139,1912
4140,4189
4141,2811
4142,4189
4143,3183
4144,2107
4145,1905
4146,1517
4147,1510
4148,1823
4149,1499
4150,3502
4151,2944
4152,1578
4153,1655
4154,1604
4155,1780
4156,1553
4157,2391
4158,1434
4159,4033
4160,5119
4161,7684
4162,1682
4163,1521
4164,1613
4165,2426
4166,1799
4167,3183
4168,1483
4169,2795
4170,1742
4171,1858
4172,2987
4173,1479
4174,1366
4175,2338
4176,1190
4177,1160
4178,2086
4179,2650
4180,3077
4181,2124
4182,1418
4183,1237
4184,2424
4185,1771
4186,2950
4187,1633
4188,1285
4189,1363
4190,2021
4191,1676
4192,1636
4193,1460
4194,1495
4195,1488
4196,1590
4197,1640
4198,1262
4199,1395
4200,26506
4201,2428
4202,2688
4203,1764
4204,1528
4205,2118
4206,1519
4207,1599
4208,1480
4209,1621
4210,2373
4211,1723
4212,1877
4213,1995
4214,2248
4215,2320
4216,1282
4217,6653
4218,1318
4219,1438
4220,2017
4221,2004
4222,2470
4223,1470
4224,1571
4225,2532
4226,2295
4227,1553
4228,1019
4229,1382
4230,2006
4231,2124
4232,1680
4233,1881
4234,1459
4235,1290
4236,9952
4237,1356
4238,1726
4239,1339
4240,2512
4241,2059
4242,3858
4243,1914
4244,4075
4245,2210
4246,1725
4247,1828
4248,1629
4249,4430
4250,4493
4251,2001
4252,1559
4253,2037
4254,1527
4255,1561
4256,1340
4257,1967
4258,2524
4259,1591
4260,2190
4261,2437
4262,1775
4263,1299
4264,1390
4265,1507
4266,1574
4267,1706
4268,1039
4269,5233
4270,1922
4271,1823
4272,1516
4273,1500
4274,1740
4275,1480
4276,1297
4277,2217
4278,1401
4279,1525
4280,1676
4281,1662
4282,1490
4283,1267
4284,1052
4285,1765
4286,2009
4287,1374
4288,1619
4289,1273
4290,1637
4291,1852
4292,2579
4293,1207
4294,1502
4295,1961
4296,1406
4297,990
4298,1126
4299,1317
4300,14569
4301,3285
4302,2440
4303,2418
4304,1531
4305,1822
4306,1348
4307,1674
4308,1272
4309,1192
4310,2497
4311,1971
4312,2308
4313,1415
4314,1817
4315,1646
4316,1238
4317,1506
4318,1244
4319,6582
4320,5332
4321,6768
4322,2912
4323,1667
4324,5364
4325,2585
4326,13268
4327,2202
4328,2536
4329,1526
4330,2188
4331,3712
4332,2226
4333,2353
4334,1666
4335,1558
4336,1938
4337,1620
4338,1800
4339,1352
4340,3412
4341,1598
4342,1734
4343,2156
4344,1848
4345,3156
4346,2119
4347,1675
4348,1556
4349,1379
4350,3821
4351,1591
4352,1701
4353,1447
4354,1277
4355,1365
4356,2520
4357,5836
4358,1637
4359,1114
4360,3277
4361,1577
4362,1566
4363,1772
4364,1482
4365,1583
4366,2071
4367,1304
4368,1542
4369,1394
4370,1501
4371,1737
4372,1357
4373,1421
4374,1437
4375,3590
4376,1107
4377,1898
4378,979
4379,1099
4380,2182
4381,2084
4382,1300
4383,1347
4384,1745
4385,1300
4386,1144
4387,1288
4388,2964
4389,1395
4390,1812
4391,1861
4392,1252
4393,1511
4394,1462
4395,1738
4396,1298
4397,1258
4398,2265
4399,1624
4400,16904
4401,2384
4402,1961
4403,1929
4404,1989
4405,2626
4406,2716
4407,1455
4408,1631
4409,1551
4410,2515
4411,2367
4412,1739
4413,1627
4414,2664
4415,1678
4416,1761
4417,1461
4418,1420
4419,3726
4420,2343
4421,1581
4422,3797
4423,1460
4424,1731
4425,2039
4426,1729
4427,1358
4428,1431
4429,1086
4430,2378
4431,1505
4432,1532
4433,2207
4434,1501
4435,3716
4436,1744
4437,1965
4438,2197
4439,1188
4440,2470
4441,2287
4442,1599
4443,2371
4444,11289
4445,2151
4446,3059
4447,2047
4448,2254
4449,2054
4450,2922
4451,1438
4452,1623
4453,2055
4454,1452
4455,1915
4456,1482
4457,1626
4458,1262
4459,1010
4460,1641
4461,1249
4462,1363
4463,1307
4464,1896
4465,1380
4466,1670
4467,1200
4468,1343
4469,1610
4470,2365
4471,1503
4472,2070
4473,1937
4474,1338
4475,1469
4476,1187
4477,1534
4478,1137
4479,1188
4480,2181
4481,1361
4482,1342
4483,1507
4484,3148
4485,1597
4486,1495
4487,1209
4488,2133
4489,1614
4490,1735
4491,1410
4492,1145
4493,1835
4494,1316
4495,1587
4496,1251
4497,1099
4498,1276
4499,2091
4500,67060
4501,2213
4502,1568
4503,2102
4504,2301
4505,1855
4506,1768
4507,1496
4508,1061
4509,1261
4510,2539
4511,2511
4512,1675
4513,1795
4514,2544
4515,1492
4516,2195
4517,1207
4518,1211
4519,1286
4520,2151
4521,1604
4522,3218
4523,1317
4524,1248
4525,1620
4526,1615
4527,1498
4528,1501
4529,1400
4530,2784
4531,1400
4532,1348
4533,1246
4534,1064
4535,1741
4536,2140
4537,1399
4538,1189
4539,1553
4540,1782
4541,1341
4542,1333
4543,1693
4544,1174
4545,3615
4546,1626
4547,3150
4548,1849
4549,1372
4550,3074
4551,1429
4552,1603
4553,1573
4554,1476
4555,2249
4556,1588
4557,1729
4558,1743
4559,1197
4560,2658
4561,1356
4562,1769
4563,1366
4564,1362
4565,3431
4566,1679
4567,8973
4568,1717
4569,1504
4570,1860
4571,2139
4572,1374
4573,1225
4574,1178
4575,1577
4576,2182
4577,1189
4578,1458
4579,1735
4580,1884
4581,1111
4582,1185
4583,1593
4584,956
4585,1329
4586,1474
4587,1227
4588,1289
4589,1243
4590,2479
4591,1109
4592,1578
4593,1381
4594,1469
4595,1206
4596,1119
4597,1167
4598,1993
4599,1097
4600,14438
4601,1985
4602,1601
4603,1874
4604,1028
4605,1589
4606,1275
4607,1386
4608,2541
4609,1291
4610,2372
4611,1302
4612,1713
4613,1815
4614,2601
4615,2118
4616,1528
4617,1255
4618,1075
4619,1201
4620,2032
4621,1262
4622,2154
4623,1638
4624,1495
4625,2179
4626,1348
4627,2417
4628,1276
4629,1336
4630,1964
4631,1592
4632,1541
4633,1382
4634,3125
4635,1430
4636,4494
4637,1362
4638,1148
4639,1343
4640,1779
4641,1495
4642,1534
4643,1096
4644,1348
4645,1223
4646,1972
4647,2626
4648,3392
4649,2178
4650,2817
4651,1613
4652,1355
4653,1390
4654,1383
4655,1740
4656,1373
4657,1418
4658,2584
4659,943
4660,2243
4661,1186
4662,1355
4663,1377
4664,1246
4665,1647
4666,4117
4667,1527
4668,1154
4669,1494
4670,1880
4671,1439
4672,1397
4673,4736
4674,1387
4675,1585
4676,1695
4677,1241
4678,1578
4679,1465
4680,2902
4681,1489
4682,1807
4683,1253
4684,2166
4685,1285
4686,1490
4687,2650
4688,1362
4689,1019
4690,3266
4691,1228
4692,1238
4693,1262
4694,1718
4695,1580
4696,1765
4697,1299
4698,1300
4699,1200
4700,14267
4701,1861
4702,1374
4703,1423
4704,1437
4705,1239
4706,1117
4707,1544
4708,1158
4709,1763
4710,1966
4711,3829
4712,2206
4713,4410
4714,1899
4715,1761
4716,1260
4717,1198
4718,1241
4719,1132
4720,1823
4721,1295
4722,1342
4723,1335
4724,1586
4725,2059
4726,1138
4727,1289
4728,1461
4729,1534
4730,1655
4731,1804
4732,2237
4733,1493
4734,989
4735,1178
4736,1314
4737,1144
4738,1246
4739,1152
4740,1631
4741,968
4742,1103
4743,1052
4744,1241
4745,1324
4746,1174
4747,1936
4748,1242
4749,2593
4750,4056
4751,2131
4752,1413
4753,1355
4754,1378
4755,2430
4756,1484
4757,1967
4758,2322
4759,1487
4760,2829
4761,1380
4762,1414
4763,1170
4764,848
4765,1317
4766,1541
4767,1243
4768,1211
4769,1324
4770,4985
4771,1549
4772,2254
4773,2151
4774,1324
4775,1234
4776,1236
4777,1757
4778,1014
4779,1022
4780,1616
4781,1527
4782,1196
4783,1321
4784,1209
4785,1185
4786,1186
4787,1271
4788,1031
4789,1258
4790,1636
4791,1554
4792,1228
4793,1335
4794,926
4795,1115
4796,962
4797,1243
4798,965
4799,1358
4800,27131
4801,1659
4802,997
4803,1257
4804,1216
4805,2118
4806,1128
4807,1389
4808,1147
4809,973
4810,2086
4811,1736
4812,1423
4813,1053
4814,1232
4815,1216
4816,1212
4817,1152
4818,1060
4819,3116
4820,1742
4821,1256
4822,2244
4823,1186
4824,896
4825,1436
4826,1212
4827,2048
4828,1403
4829,1003
4830,1541
4831,1352
4832,1589
4833,1254
4834,888
4835,1613
4836,1095
4837,1060
4838,1760
4839,1217
4840,2203
4841,1202
4842,1544
4843,891
4844,1063
4845,20575
4846,2621
4847,932
4848,2058
4849,1597
4850,5222
4851,1811
4852,1528
4853,1264
4854,1160
4855,1007
4856,1075
4857,1198
4858,1153
4859,1276
4860,3006
4861,1459
4862,1642
4863,1096
4864,1466
4865,1238
4866,1217
4867,1286
4868,1193
4869,818
4870,2270
4871,1184
4872,2118
4873,1365
4874,1120
4875,1535
4876,1563
4877,1399
4878,1441
4879,1468
4880,2315
4881,1076
4882,1214
4883,1272
4884,1453
4885,2142
4886,1352
4887,1718
4888,1409
4889,2543
4890,1622
4891,927
4892,1315
4893,971
4894,1288
4895,1065
4896,1158
4897,1234
4898,1201
4899,1762
4900,8844
4901,1703
4902,1291
4903,1065
4904,1081
4905,1285
4906,1462
4907,1194
4908,1021
4909,1355
4910,1552
4911,1772
4912,1335
4913,1172
4914,1118
4915,2085
4916,1150
4917,1273
4918,948
4919,1564
4920,1597
4921,1566
4922,1715
4923,1146
4924,1859
4925,1347
4926,1197
4927,1006
4928,1192
4929,1575
4930,1735
4931,1225
4932,1842
4933,1553
4934,1356
4935,1271
4936,1317
4937,1079
4938,960
4939,1897
4940,1525
4941,1235
4942,951
4943,1069
4944,1490
4945,1687
4946,1047
4947,1257
4948,1514
4949,2341
4950,3376
4951,2663
4952,1732
4953,1281
4954,1314
4955,1448
4956,1288
4957,1059
4958,894
4959,1619
4960,1571
4961,1047
4962,1103
4963,1060
4964,889
4965,1021
4966,1215
4967,1070
4968,1399
4969,1250
4970,1636
4971,1574
4972,1124
4973,1196
4974,995
4975,1562
4976,953
4977,2519
4978,1269
4979,946
4980,1616
4981,1052
4982,1194
4983,2557
4984,997
4985,1055
4986,1134
4987,1229
4988,1186
4989,1761
4990,2073
4991,1261
4992,1436
4993,2099
4994,1456
4995,1844
4996,1215
4997,1215
4998,1245
4999,4505
5000,518126
5001,7743
5002,3345
5003,2756
5004,2373
5005,4617
5006,2086
5007,2429
5008,1723
5009,1655
5010,3739
5011,2892
5012,1836
5013,1599
5014,1462
5015,1842
5016,1734
5017,1925
5018,1356
5019,1102
5020,3338
5021,1495
5022,1593
5023,1412
5024,1287
5025,1443
5026,1709
5027,2100
5028,1292
5029,1453
5030,3509
5031,1265
5032,1380
5033,1595
5034,1281
5035,1385
5036,1710
5037,1346
5038,1288
5039,1615
5040,6651
5041,1381
5042,1352
5043,1109
5044,1328
5045,1646
5046,1308
5047,1427
5048,1488
5049,1297
5050,8910
5051,3128
5052,3742
5053,2325
5054,2065
5055,2222
5056,1593
5057,1272
5058,1102
5059,1254
5060,4150
5061,3415
5062,1592
5063,1439
5064,1138
5065,1178
5066,1650
5067,1478
5068,1363
5069,1420
5070,2371
5071,1041
5072,1423
5073,1049
5074,1358
5075,2191
5076,1294
5077,1385
5078,1220
5079,1093
5080,1969
5081,1447
5082,1115
5083,1760
5084,1097
5085,1792
5086,1294
5087,1061
5088,1844
5089,1294
5090,2323
5091,1079
5092,1074
5093,1274
5094,883
5095,1318
5096,1265
5097,991
5098,1137
5099,1324
5100,18005
5101,2187
5102,1922
5103,1865
5104,1701
5105,1700
5106,1111
5107,1676
5108,1574
5109,1308
5110,2989
5111,2572
5112,1974
5113,1306
5114,2493
5115,1782
5116,1865
5117,1369
5118,1439
5119,1654
5120,5537
5121,1736
5122,1734
5123,1731
5124,1379
5125,2586
5126,1447
5127,1056
5128,2776
5129,1544
5130,1818
5131,1712
5132,1233
5133,1219
5134,1151
5135,1506
5136,918
5137,1268
5138,1592
5139,1310
5140,1948
5141,1331
5142,1132
5143,1263
5144,1319
5145,1602
5146,1160
5147,1260
5148,1290
5149,1150
5150,8728
5151,2122
5152,1643
5153,2524
5154,1776
5155,1971
5156,1324
5157,1219
5158,1161
5159,1101
5160,2754
5161,1461
5162,1325
5163,1185
5164,923
5165,1091
5166,1267
5167,1588
5168,951
5169,1001
5170,1563
5171,1833
5172,1337
5173,1492
5174,985
5175,1254
5176,1593
5177,1240
5178,1085
5179,1161
5180,1502
5181,1165
5182,1064
5183,1622
5184,1985
5185,1134
5186,1272
5187,1085
5188,1171
5189,1211
5190,1655
5191,1357
5192,4338
5193,3985
5194,9405
5195,2228
5196,1329
5197,1003
5198,1254
5199,1619
5200,20684
5201,2085
5202,1509
5203,1218
5204,1292
5205,1278
5206,1206
5207,1071
5208,1397
5209,1334
5210,2231
5211,1215
5212,1520
5213,1236
5214,1359
5215,1297
5216,1406
5217,1039
5218,1303
5219,868
5220,3320
5221,1470
5222,1933
5223,1705
5224,1185
5225,4151
5226,1230
5227,1538
5228,1144
5229,1258
5230,1711
5231,1500
5232,1384
5233,1351
5234,1627
5235,1534
5236,1662
5237,1058
5238,1117
5239,997
5240,1791
5241,1592
5242,1199
5243,1175
5244,863
5245,1553
5246,1649
5247,1297
5248,1337
5249,1164
5250,4978
5251,1843
5252,4357
5253,1802
5254,2562
5255,2538
5256,1353
5257,1168
5258,1362
5259,1347
5260,1531
5261,1415
5262,1384
5263,1444
5264,1224
5265,1093
5266,1680
5267,1024
5268,1516
5269,1171
5270,1336
5271,1515
5272,1421
5273,1439
5274,1909
5275,1369
5276,999
5277,1083
5278,1200
5279,990
5280,12085
5281,2870
5282,1251
5283,1103
5284,929
5285,3283
5286,942
5287,1324
5288,1195
5289,915
5290,1450
5291,1764
5292,1503
5293,1338
5294,1240
5295,1027
5296,1351
5297,1197
5298,969
5299,905
5300,12905
5301,1880
5302,1505
5303,1193
5304,1290
5305,1113
5306,1689
5307,1835
5308,1111
5309,2563
5310,1662
5311,1428
5312,1312
5313,1515
5314,1256
5315,1623
5316,1909
5317,1251
5318,938
5319,1476
5320,2100
5321,2330
5322,2713
5323,1699
5324,1472
5325,1731
5326,1076
5327,1477
5328,1910
5329,1272
5330,1534
5331,1477
5332,1335
5333,2196
5334,1918
5335,1558
5336,1025
5337,1022
5338,1359
5339,1296
5340,1526
5341,2054
5342,1113
5343,1546
5344,1189
5345,1721
5346,1683
5347,5601
5348,1209
5349,1340
5350,2053
5351,1145
5352,1330
5353,2308
5354,1398
5355,2772
5356,1875
5357,1297
5358,1190
5359,1116
5360,1509
5361,1200
5362,1254
5363,1281
5364,1409
5365,1146
5366,1162
5367,1023
5368,1244
5369,1202
5370,1315
5371,1702
5372,908
5373,1365
5374,1584
5375,1659
5376,1303
5377,1180
5378,1042
5379,966
5380,2008
5381,2462
5382,1385
5383,1154
5384,838
5385,1403
5386,1197
5387,1384
5388,1082
5389,1443
5390,1609
5391,1185
5392,1050
5393,1137
5394,910
5395,1379
5396,1206
5397,1065
5398,1074
5399,1249
5400,18732
5401,2146
5402,1724
5403,1419
5404,990
5405,1485
5406,1391
5407,1289
5408,1731
5409,1363
5410,1523
5411,1551
5412,1537
5413,1152
5414,1511
5415,2222
5416,1214
5417,1200
5418,1318
5419,1243
5420,1637
5421,1385
5422,1681
5423,1646
5424,1573
5425,1599
5426,1044
5427,1231
5428,1338
5429,912
5430,1892
5431,1239
5432,7819
5433,2734
5434,1156
5435,1315
5436,1008
5437,2555
5438,1015
5439,1934
5440,1851
5441,1690
5442,1822
5443,1615
5444,1894
5445,2078
5446,1900
5447,1138
5448,1179
5449,1291
5450,2040
5451,1363
5452,1134
5453,1249
5454,2027
5455,1847
5456,2816
5457,1857
5458,1394
5459,1239
5460,1871
5461,2175
5462,1220
5463,1788
5464,1175
5465,1871
5466,1127
5467,1541
5468,1483
5469,1195
5470,1552
5471,1310
5472,7203
5473,1142
5474,1031
5475,1191
5476,925
5477,1217
5478,1102
5479,1552
5480,1542
5481,1346
5482,1342
5483,1640
5484,912
5485,1160
5486,1460
5487,1110
5488,1373
5489,1146
5490,1400
5491,1795
5492,1250
5493,1241
5494,1404
5495,1487
5496,998
5497,1273
5498,1131
5499,1226
5500,38635
5501,1797
5502,1383
5503,1311
5504,1637
5505,1752
5506,1624
5507,1577
5508,1385
5509,1637
5510,1943
5511,1824
5512,1797
5513,1233
5514,1236
5515,1820
5516,1130
5517,1674
5518,1096
5519,1056
5520,2644
5521,2522
5522,1583
5523,1064
5524,1197
5525,1708
5526,1107
5527,1255
5528,1147
5529,1246
5530,2023
5531,1253
5532,1930
5533,1491
5534,1249
5535,1437
5536,1358
5537,1362
5538,1138
5539,2446
5540,1415
5541,1223
5542,1047
5543,1136
5544,1754
5545,1643
5546,917
5547,1159
5548,1570
5549,1048
5550,2642
5551,3068
5552,1409
5553,1400
5554,1654
5555,12617
5556,2689
5557,2534
5558,1870
5559,1652
5560,2030
5561,2335
5562,1060
5563,1373
5564,1659
5565,2084
5566,2307
5567,1245
5568,1895
5569,1026
5570,1630
5571,1161
5572,1250
5573,1477
5574,1135
5575,1273
5576,1238
5577,1629
5578,1149
5579,1005
5580,1779
5581,1199
5582,1585
5583,996
5584,1236
5585,1525
5586,1027
5587,1209
5588,1443
5589,1148
5590,1652
5591,1115
5592,1032
5593,1167
5594,1297
5595,2977
5596,1103
5597,1181
5598,1508
5599,1439
5600,16504
5601,2402
5602,1184
5603,1236
5604,1099
5605,1411
5606,1627
5607,1843
5608,992
5609,1163
5610,1357
5611,1336
5612,1599
5613,1094
5614,1089
5615,1166
5616,1166
5617,1125
5618,1389
5619,946
5620,1558
5621,1167
5622,1267
5623,1304
5624,1324
5625,5195
5626,1326
5627,993
5628,813
5629,1103
5630,1533
5631,1469
5632,1618
5633,1320
5634,1440
5635,1187
5636,1388
5637,1337
5638,1074
5639,1311
5640,1410
5641,2567
5642,1252
5643,1344
5644,1084
5645,1222
5646,5756
5647,1096
5648,1107
5649,1140
5650,2232
5651,1297
5652,1572
5653,1053
5654,1234
5655,1639
5656,1484
5657,1373
5658,2322
5659,1354
5660,1805
5661,1215
5662,1049
5663,1583
5664,1627
5665,1878
5666,1635
5667,1450
5668,1287
5669,1285
5670,2409
5671,1449
5672,2234
5673,1476
5674,1336
5675,1354
5676,1404
5677,1240
5678,8664
5679,1068
5680,1966
5681,1179
5682,1541
5683,1463
5684,1150
5685,984
5686,1176
5687,1942
5688,1291
5689,1298
5690,1424
5691,1178
5692,1153
5693,1019
5694,1677
5695,1408
5696,1206
5697,3086
5698,1033
5699,2161
5700,12284
5701,2525
5702,1745
5703,1952
5704,1182
5705,1314
5706,803
5707,1310
5708,2729
5709,1187
5710,1750
5711,1534
5712,1792
5713,1250
5714,1892
5715,1496
5716,1242
5717,1545
5718,2393
5719,1024
5720,1791
5721,1337
5722,1418
5723,1084
5724,1557
5725,1906
5726,969
5727,2674
5728,1919
5729,1487
5730,7581
5731,1268
5732,1086
5733,1575
5734,1493
5735,1789
5736,1307
5737,1246
5738,983
5739,1188
5740,1753
5741,1683
5742,1408
5743,1280
5744,1107
5745,1349
5746,1349
5747,1233
5748,1476
5749,1430
5750,2844
5751,2640
5752,1415
5753,1966
5754,1854
5755,2457
5756,2361
5757,4355
5758,4494
5759,4610
5760,7903
5761,4591
5762,4543
5763,5719
5764,5575
5765,5506
5766,5251
5767,4894
5768,5429
5769,4235
5770,6008
5771,5071
5772,15065
5773,5144
5774,6000
5775,5413
5776,4567
5777,5213
5778,9560
5779,3405
5780,3960
5781,2469
5782,2008
5783,1267
5784,1265
5785,1246
5786,1136
5787,893
5788,1148
5789,1894
5790,1738
5791,1125
5792,1410
5793,5728
5794,877
5795,1269
5796,1125
5797,1030
5798,871
5799,1145
5800,13248
5801,2719
5802,1458
5803,1100
5804,954
5805,1581
5806,1169
5807,2391
5808,1650
5809,1648
5810,1676
5811,1231
5812,1388
5813,1264
5814,1057
5815,915
5816,985
5817,1175
5818,1234
5819,1263
5820,1582
5821,1038
5822,2402
5823,1387
5824,1087
5825,998
5826,1033
5827,1095
5828,1358
5829,1143
5830,1548
5831,1234
5832,1934
5833,1886
5834,1143
5835,1015
5836,804
5837,1071
5838,886
5839,1186
5840,2737
5841,1182
5842,1094
5843,1068
5844,1061
5845,1764
5846,1321
5847,930
5848,1003
5849,2032
5850,2249
5851,1034
5852,1549
5853,1175
5854,910
5855,1212
5856,1038
5857,1141
5858,2076
5859,1362
5860,2518
5861,1641
5862,1099
5863,902
5864,1422
5865,1189
5866,2350
5867,1291
5868,1835
5869,1385
5870,2363
5871,1099
5872,881
5873,949
5874,1192
5875,1435
5876,1509
5877,1111
5878,1111
5879,1094
5880,2078
5881,1404
5882,1310
5883,1070
5884,1253
5885,1140
5886,1061
5887,1104
5888,1594
5889,1057
5890,1861
5891,913
5892,1063
5893,1068
5894,1036
5895,1682
5896,868
5897,1629
5898,1059
5899,981
5900,8495
5901,2472
5902,1388
5903,1392
5904,1023
5905,1534
5906,1313
5907,1888
5908,1184
5909,1799
5910,1368
5911,1432
5912,1008
5913,947
5914,1063
5915,1429
5916,1080
5917,1258
5918,1164
5919,935
5920,1539
5921,973
5922,1256
5923,1337
5924,1062
5925,1356
5926,1100
5927,1142
5928,1087
5929,967
5930,1867
5931,1561
5932,1028
5933,878
5934,850
5935,967
5936,807
5937,1392
5938,1001
5939,984
5940,1921
5941,1036
5942,1371
5943,1062
5944,986
5945,875
5946,1370
5947,988
5948,979
5949,1554
5950,1949
5951,1290
5952,1291
5953,1037
5954,1005
5955,1801
5956,1189
5957,921
5958,1163
5959,1699
5960,1447
5961,1942
5962,2205
5963,1286
5964,1475
5965,1207
5966,1017
5967,1209
5968,1357
5969,945
5970,1870
5971,1089
5972,1087
5973,1189
5974,885
5975,1643
5976,1017
5977,1077
5978,1372
5979,1222
5980,1329
5981,1364
5982,997
5983,855
5984,1809
5985,1311
5986,1139
5987,1309
5988,1243
5989,969
5990,1507
5991,1154
5992,1305
5993,964
5994,1094
5995,1196
5996,1137
5997,995
5998,1000
5999,2205
6000,243267
6001,5959
6002,2390
6003,2284
6004,1727
6005,2211
6006,2297
6007,1373
6008,2076
6009,2081
6010,3442
6011,3046
6012,2374
6013,2128
6014,1159
6015,1391
6016,1541
6017,1277
6018,1412
6019,1219
6020,2613
6021,2469
6022,2063
6023,1247
6024,1333
6025,1435
6026,1134
6027,1132
6028,1758
6029,769
6030,1819
6031,1162
6032,1378
6033,1290
6034,1144
6035,1232
6036,1094
6037,987
6038,750
6039,972
6040,1725
6041,1196
6042,1713
6043,848
6044,1107
6045,1374
6046,1092
6047,967
6048,1336
6049,1248
6050,7403
6051,1347
6052,1871
6053,1396
6054,903
6055,1809
6056,1410
6057,1057
6058,1123
6059,998
6060,3084
6061,7139
6062,2102
6063,2985
6064,1143
6065,1142
6066,1497
6067,1219
6068,873
6069,895
6070,1891
6071,998
6072,1289
6073,907
6074,871
6075,1670
6076,1795
6077,962
6078,999
6079,1055
6080,3064
6081,1022
6082,1490
6083,1212
6084,2462
6085,1089
6086,1271
6087,939
6088,1102
6089,956
6090,1874
6091,937
6092,1231
6093,1455
6094,1159
6095,922
6096,1289
6097,1223
6098,846
6099,1264
6100,9047
6101,2121
6102,3653
6103,1824
6104,991
6105,1529
6106,1540
6107,1404
6108,1461
6109,1663
6110,1950
6111,2534
6112,1442
6113,1050
6114,1150
6115,1697
6116,1729
6117,1054
6118,1250
6119,994
6120,2265
6121,1577
6122,1202
6123,1954
6124,1420
6125,2091
6126,908
6127,1013
6128,3472
6129,1015
6130,2753
6131,1766
6132,1188
6133,1679
6134,953
6135,1616
6136,1270
6137,1788
6138,1094
6139,1112
6140,1458
6141,1102
6142,997
6143,1489
6144,3045
6145,1766
6146,1054
6147,1128
6148,1510
6149,816
6150,4930
6151,1523
6152,949
6153,947
6154,1469
6155,1241
6156,1293
6157,960
6158,880
6159,778
6160,1724
6161,1467
6162,1685
6163,2284
6164,1635
6165,1501
6166,1754
6167,1118
6168,948
6169,1326
6170,1336
6171,977
6172,1066
6173,1045
6174,3348
6175,1114
6176,1640
6177,1231
6178,903
6179,1003
6180,2844
6181,1342
6182,1180
6183,890
6184,992
6185,1102
6186,974
6187,765
6188,1011
6189,889
6190,1361
6191,1149
6192,1114
6193,1020
6194,1066
6195,1117
6196,1204
6197,1003
6198,985
6199,1300
6200,9979
6201,1516
6202,1212
6203,3387
6204,1232
6205,1363
6206,1318
6207,1576
6208,1006
6209,1102
6210,2092
6211,1301
6212,1745
6213,1597
6214,1564
6215,1768
6216,1054
6217,1263
6218,941
6219,860
6220,1754
6221,2594
6222,1330
6223,1838
6224,1167
6225,1478
6226,1634
6227,1042
6228,1049
6229,1041
6230,1943
6231,1298
6232,1114
6233,1212
6234,1568
6235,1211
6236,1258
6237,1919
6238,1426
6239,1028
6240,3247
6241,1279
6242,1743
6243,835
6244,997
6245,1003
6246,1115
6247,1022
6248,779
6249,926
6250,4521
6251,2343
6252,1127
6253,1065
6254,981
6255,964
6256,2639
6257,1391
6258,1582
6259,1006
6260,1393
6261,1500
6262,1468
6263,1202
6264,2501
6265,1899
6266,1276
6267,897
6268,1187
6269,1376
6270,1695
6271,1403
6272,1494
6273,6733
6274,1282
6275,1176
6276,1082
6277,1431
6278,1869
6279,1109
6280,1334
6281,1082
6282,1100
6283,1389
6284,1166
6285,1102
6286,1196
6287,1153
6288,1327
6289,964
6290,1101
6291,1150
6292,804
6293,855
6294,756
6295,882
6296,1088
6297,900
6298,1138
6299,1033
6300,9760
6301,1936
6302,1486
6303,1078
6304,990
6305,1129
6306,1015
6307,602
6308,915
6309,1498
6310,1462
6311,1348
6312,1300
6313,993
6314,1036
6315,1152
6316,1062
6317,1084
6318,939
6319,840
6320,1556
6321,1396
6322,979
6323,972
6324,1225
6325,1110
6326,854
6327,884
6328,1235
6329,1017
6330,1370
6331,1415
6332,1218
6333,1912
6334,1556
6335,1083
6336,1320
6337,906
6338,879
6339,1430
6340,1192
6341,948
6342,932
6343,1150
6344,1000
6345,1178
6346,1217
6347,1021
6348,5470
6349,935
6350,2029
6351,1113
6352,1052
6353,924
6354,754
6355,1389
6356,1437
6357,2281
6358,728
6359,752
6360,1241
6361,8431
6362,1172
6363,1879
6364,1084
6365,1839
6366,1798
6367,1485
6368,1063
6369,1166
6370,2031
6371,4472
6372,1338
6373,1187
6374,1678
6375,1567
6376,879
6377,958
6378,4200
6379,3843
6380,1766
6381,874
6382,926
6383,1035
6384,1196
6385,816
6386,1000
6387,905
6388,1085
6389,905
6390,1092
6391,1101
6392,1097
6393,1097
6394,780
6395,1283
6396,834
6397,2676
6398,961
6399,1308
6400,21142
6401,1577
6402,1427
6403,960
6404,1091
6405,1224
6406,1127
6407,1002
6408,936
6409,1962
6410,2173
6411,1134
6412,1107
6413,857
6414,889
6415,1108
6416,1067
6417,1067
6418,919
6419,1073
6420,1593
6421,928
6422,1132
6423,1104
6424,1098
6425,1533
6426,964
6427,661
6428,970
6429,2122
6430,1162
6431,1004
6432,1174
6433,1307
6434,1140
6435,1202
6436,792
6437,900
6438,1033
6439,708
6440,1682
6441,1299
6442,865
6443,1314
6444,1273
6445,1150
6446,1265
6447,840
6448,1158
6449,990
6450,1988
6451,796
6452,882
6453,1126
6454,1175
6455,1412
6456,973
6457,939
6458,1261
6459,968
6460,1402
6461,992
6462,842
6463,1067
6464,1546
6465,1303
6466,1799
6467,1269
6468,1155
6469,1184
6470,1129
6471,1278
6472,975
6473,1133
6474,1129
6475,1770
6476,811
6477,967
6478,3002
6479,816
6480,2049
6481,839
6482,839
6483,984
6484,1991
6485,1022
6486,737
6487,995
6488,928
6489,1142
6490,1430
6491,1023
6492,799
6493,611
6494,1516
6495,1181
6496,867
6497,825
6498,981
6499,791
6500,35221
6501,2165
6502,58095
6503,1147
6504,1328
6505,1501
6506,1080
6507,1916
6508,1086
6509,1036
6510,4423
6511,2638
6512,1514
6513,1043
6514,1114
6515,1338
6516,1206
6517,753
6518,947
6519,914
6520,2356
6521,858
6522,2485
6523,1119
6524,955
6525,1436
6526,1430
6527,1098
6528,946
6529,815
6530,1635
6531,1174
6532,1475
6533,1159
6534,1159
6535,1398
6536,1034
6537,934
6538,1155
6539,715
6540,1131
6541,1086
6542,976
6543,2775
6544,913
6545,1397
6546,641
6547,786
6548,805
6549,795
6550,3468
6551,1451
6552,1127
6553,1161
6554,1047
6555,1611
6556,1449
6557,852
6558,916
6559,996
6560,1795
6561,2889
6562,1411
6563,1352
6564,853
6565,1750
6566,1411
6567,1866
6568,1118
6569,1146
6570,1723
6571,751
6572,955
6573,1101
6574,922
6575,996
6576,1258
6577,862
6578,1420
6579,797
6580,1351
6581,1846
6582,813
6583,1382
6584,1006
6585,1457
6586,708
6587,827
6588,991
6589,803
6590,998
6591,830
6592,778
6593,858
6594,795
6595,806
6596,1658
6597,976
6598,866
6599,800
6600,15256
6601,1152
6602,1081
6603,1137
6604,1085
6605,1189
6606,1355
6607,873
6608,1103
6609,688
6610,1360
6611,1981
6612,1021
6613,2312
6614,1062
6615,831
6616,949
6617,1027
6618,846
6619,1140
6620,1479
6621,1008
6622,1156
6623,899
6624,1168
6625,1112
6626,807
6627,735
6628,704
6629,774
6630,1392
6631,794
6632,5463
6633,1561
6634,987
6635,923
6636,962
6637,841
6638,922
6639,765
6640,1298
6641,992
6642,1710
6643,1034
6644,938
6645,1069
6646,1078
6647,755
6648,1005
6649,1192
6650,1588
6651,1026
6652,807
6653,1138
6654,716
6655,1361
6656,1104
6657,1008
6658,741
6659,861
6660,1692
6661,1028
6662,1155
6663,1174
6664,1206
6665,1333
6666,6367
6667,7399
6668,1987
6669,1424
6670,1655
6671,1242
6672,1157
6673,1614
6674,1270
6675,1004
6676,1512
6677,1467
6678,1087
6679,775
6680,1975
6681,787
6682,787
6683,905
6684,1202
6685,731
6686,1024
6687,803
6688,1089
6689,946
6690,1042
6691,886
6692,801
6693,712
6694,860
6695,888
6696,925
6697,1474
6698,843
6699,1372
6700,7357
6701,1235
6702,1007
6703,968
6704,1162
6705,939
6706,834
6707,1133
6708,1361
6709,1496
6710,1427
6711,1020
6712,1070
6713,932
6714,915
6715,966
6716,878
6717,902
6718,940
6719,924
6720,2113
6721,847
6722,961
6723,1056
6724,965
6725,1217
6726,1618
6727,960
6728,851
6729,1136
6730,1355
6731,1614
6732,1137
6733,1137
6734,1095
6735,1118
6736,18024
6737,935
6738,943
6739,759
6740,1186
6741,867
6742,1328
6743,829
6744,1398
6745,1180
6746,654
6747,3457
6748,1108
6749,1656
6750,2895
6751,1511
6752,1432
6753,838
6754,917
6755,1013
6756,805
6757,1351
6758,891
6759,661
6760,1318
6761,864
6762,984
6763,1224
6764,957
6765,1562
6766,977
6767,1757
6768,1018
6769,1891
6770,1609
6771,1166
6772,1176
6773,1285
6774,1117
6775,971
6776,983
6777,1392
6778,933
6779,1155
6780,1172
6781,951
6782,1006
6783,786
6784,968
6785,1607
6786,830
6787,1149
6788,780
6789,5904
6790,1072
6791,1288
6792,939
6793,1024
6794,759
6795,992
6796,781
6797,912
6798,931
6799,847
6800,16482
6801,1489
6802,1207
6803,3999
6804,1833
6805,1456
6806,1187
6807,989
6808,1241
6809,6601
6810,2083
6811,2073
6812,909
6813,927
6814,1369
6815,980
6816,856
6817,1234
6818,1071
6819,1518
6820,1704
6821,1150
6822,3239
6823,1116
6824,1003
6825,1339
6826,1450
6827,841
6828,776
6829,948
6830,1104
6831,1129
6832,1049
6833,1123
6834,1374
6835,704
6836,838
6837,966
6838,863
6839,905
6840,1210
6841,860
6842,1101
6843,724
6844,1093
6845,2526
6846,1508
6847,1078
6848,996
6849,593
6850,2157
6851,2109
6852,986
6853,868
6854,1496
6855,1102
6856,838
6857,866
6858,1047
6859,1147
6860,832
6861,878
6862,716
6863,642
6864,1043
6865,1049
6866,964
6867,759
6868,1662
6869,1035
6870,2004
6871,953
6872,1703
6873,819
6874,948
6875,3129
6876,885
6877,1082
6878,907
6879,1787
6880,1241
6881,1227
6882,1270
6883,894
6884,963
6885,894
6886,950
6887,1025
6888,1998
6889,1098
6890,1444
6891,992
6892,1838
6893,754
6894,1417
6895,918
6896,1027
6897,1885
6898,793
6899,765
6900,6047
6901,1133
6902,1319
6903,1051
6904,899
6905,951
6906,1319
6907,766
6908,641
6909,1231
6910,1397
6911,1519
6912,1595
6913,749
6914,926
6915,1341
6916,1227
6917,1265
6918,1287
6919,747
6920,1580
6921,832
6922,1445
6923,910
6924,1381
6925,1126
6926,702
6927,817
6928,1028
6929,983
6930,2055
6931,1298
6932,886
6933,1212
6934,1285
6935,1566
6936,922
6937,870
6938,624
6939,1778
6940,1235
6941,1546
6942,998
6943,994
6944,1149
6945,744
6946,2215
6947,1019
6948,760
6949,683
6950,1493
6951,904
6952,786
6953,567
6954,981
6955,1076
6956,790
6957,670
6958,810
6959,948
6960,1480
6961,952
6962,954
6963,1054
6964,843
6965,1334
6966,645
6967,738
6968,2457
6969,1643
6970,1515
6971,1324
6972,1374
6973,1081
6974,871
6975,1130
6976,2166
6977,1153
6978,680
6979,1352
6980,1241
6981,1082
6982,843
6983,924
6984,1179
6985,1051
6986,871
6987,746
6988,780
6989,2150
6990,1357
6991,878
6992,1114
6993,824
6994,764
6995,1605
6996,1589
6997,760
6998,1039
6999,1588
7000,142250
7001,4520
7002,2140
7003,1577
7004,1463
7005,1904
7006,2853
7007,7470
7008,1480
7009,1518
7010,2264
7011,2199
7012,1578
7013,1092
7014,1207
7015,2681
7016,1061
7017,1460
7018,2490
7019,909
7020,3053
7021,1760
7022,1365
7023,1504
7024,1286
7025,1339
7026,1379
7027,2193
7028,1356
7029,1295
7030,3066
7031,1230
7032,1054
7033,955
7034,2338
7035,1176
7036,1934
7037,2237
7038,823
7039,1018
7040,2270
7041,1286
7042,1328
7043,1490
7044,1711
7045,1082
7046,1079
7047,870
7048,1070
7049,1217
7050,2357
7051,1119
7052,1292
7053,978
7054,1109
7055,1439
7056,1125
7057,1077
7058,1143
7059,1013
7060,1398
7061,1063
7062,986
7063,1371
7064,1181
7065,1084
7066,1091
7067,907
7068,1036
7069,1171
7070,2889
7071,4156
7072,1822
7073,1138
7074,1129
7075,4962
7076,994
7077,1549
7078,1189
7079,1173
7080,1966
7081,902
7082,1289
7083,1611
7084,1203
7085,1330
7086,952
7087,894
7088,1031
7089,1075
7090,5461
7091,1355
7092,956
7093,784
7094,4114
7095,1054
7096,1004
7097,886
7098,828
7099,1896
7100,9395
7101,1574
7102,1628
7103,1342
7104,1424
7105,1164
7106,1391
7107,1182
7108,1115
7109,1234
7110,2829
7111,1945
7112,1295
7113,1132
7114,970
7115,785
7116,904
7117,1264
7118,829
7119,1255
7120,2807
7121,1380
7122,1115
7123,1775
7124,1109
7125,1349
7126,1564
7127,913
7128,1058
7129,1154
7130,1222
7131,1409
7132,789
7133,1171
7134,1598
7135,1227
7136,2369
7137,1363
7138,875
7139,1627
7140,1515
7141,2189
7142,1292
7143,1511
7144,860
7145,1141
7146,2515
7147,774
7148,1123
7149,740
7150,2504
7151,1111
7152,1770
7153,1403
7154,1080
7155,1189
7156,1257
7157,716
7158,1015
7159,1272
7160,1437
7161,1170
7162,844
7163,1244
7164,1381
7165,1065
7166,1189
7167,9808
7168,1373
7169,1002
7170,1195
7171,1847
7172,1467
7173,1493
7174,1306
7175,1126
7176,1546
7177,1052
7178,1080
7179,760
7180,1431
7181,1341
7182,1288
7183,1836
7184,1024
7185,1930
7186,1241
7187,898
7188,1475
7189,989
7190,2821
7191,993
7192,990
7193,896
7194,938
7195,1474
7196,854
7197,806
7198,940
7199,1208
7200,23894
7201,1823
7202,1559
7203,1410
7204,1404
7205,1105
7206,1434
7207,1527
7208,1295
7209,1155
7210,1319
7211,1052
7212,944
7213,1004
7214,1363
7215,977
7216,3440
7217,845
7218,1157
7219,1229
7220,1466
7221,1100
7222,1732
7223,1193
7224,958
7225,1568
7226,940
7227,1294
7228,1246
7229,1117
7230,1582
7231,1591
7232,1202
7233,2583
7234,1767
7235,1213
7236,1107
7237,828
7238,979
7239,857
7240,1228
7241,1126
7242,1121
7243,1486
7244,1185
7245,1030
7246,1407
7247,883
7248,1063
7249,945
7250,2149
7251,960
7252,1519
7253,869
7254,1036
7255,997
7256,1573
7257,779
7258,1209
7259,659
7260,1456
7261,1229
7262,1334
7263,1051
7264,943
7265,1152
7266,1256
7267,908
7268,820
7269,908
7270,1100
7271,847
7272,2022
7273,1334
7274,1454
7275,1468
7276,1359
7277,1789
7278,1062
7279,1008
7280,1636
7281,1204
7282,1117
7283,950
7284,959
7285,1089
7286,813
7287,1202
7288,1208
7289,2078
7290,1379
7291,1038
7292,1252
7293,1604
7294,917
7295,1124
7296,874
7297,2334
7298,957
7299,831
7300,7315
7301,1407
7302,1555
7303,1037
7304,898
7305,1545
7306,1183
7307,1324
7308,937
7309,793
7310,1416
7311,1204
7312,970
7313,728
7314,855
7315,947
7316,931
7317,952
7318,788
7319,1463
7320,2341
7321,1161
7322,1219
7323,1397
7324,1328
7325,1693
7326,3571
7327,980
7328,893
7329,1027
7330,1780
7331,1814
7332,794
7333,1946
7334,1597
7335,1032
7336,1104
7337,1391
7338,729
7339,811
7340,2012
7341,877
7342,728
7343,819
7344,943
7345,863
7346,957
7347,898
7348,1155
7349,777
7350,1667
7351,1109
7352,939
7353,864
7354,799
7355,1348
7356,1574
7357,1100
7358,1141
7359,801
7360,2081
7361,1125
7362,1207
7363,690
7364,1053
7365,893
7366,1216
7367,974
7368,926
7369,970
7370,1487
7371,1130
7372,970
7373,1461
7374,1286
7375,1745
7376,1089
7377,1299
7378,1994
7379,851
7380,1540
7381,1352
7382,1677
7383,778
7384,1143
7385,1105
7386,1178
7387,1351
7388,1114
7389,842
7390,1396
7391,1705
7392,1081
7393,1985
7394,925
7395,798
7396,977
7397,816
7398,674
7399,842
7400,9985
7401,1596
7402,1384
7403,1342
7404,2103
7405,1546
7406,845
7407,1638
7408,2261
7409,862
7410,1741
7411,1217
7412,1012
7413,826
7414,1577
7415,868
7416,941
7417,1082
7418,782
7419,709
7420,1748
7421,1544
7422,1238
7423,832
7424,1246
7425,2561
7426,913
7427,944
7428,731
7429,1334
7430,1049
7431,1174
7432,3247
7433,982
7434,1352
7435,1181
7436,1089
7437,697
7438,758
7439,1681
7440,4486
7441,1105
7442,771
7443,786
7444,1428
7445,1392
7446,1690
7447,1820
7448,996
7449,853
7450,1881
7451,1363
7452,885
7453,1274
7454,907
7455,1173
7456,2271
7457,1027
7458,2561
7459,1253
7460,1187
7461,831
7462,1021
7463,1199
7464,916
7465,962
7466,779
7467,837
7468,1008
7469,907
7470,1231
7471,937
7472,993
7473,973
7474,2002
7475,2227
7476,1439
7477,911
7478,1177
7479,828
7480,1536
7481,1178
7482,822
7483,934
7484,2045
7485,1260
7486,2126
7487,1551
7488,1029
7489,1656
7490,1648
7491,1094
7492,937
7493,944
7494,1015
7495,1093
7496,825
7497,943
7498,1056
7499,1696
7500,39739
7501,1531
7502,1022
7503,2401
7504,887
7505,1017
7506,4798
7507,938
7508,802
7509,1935
7510,1295
7511,1365
7512,1076
7513,1408
7514,1268
7515,1063
7516,1654
7517,941
7518,981
7519,1719
7520,1392
7521,1069
7522,981
7523,955
7524,1958
7525,1462
7526,1077
7527,828
7528,973
7529,997
7530,1123
7531,1272
7532,760
7533,1095
7534,878
7535,953
7536,906
7537,941
7538,1471
7539,832
7540,1500
7541,1097
7542,1042
7543,1521
7544,969
7545,968
7546,3304
7547,983
7548,849
7549,748
7550,1715
7551,1620
7552,897
7553,1370
7554,8379
7555,1806
7556,966
7557,1092
7558,716
7559,1111
7560,1272
7561,758
7562,1053
7563,799
7564,712
7565,796
7566,2058
7567,1450
7568,827
7569,731
7570,1168
7571,941
7572,702
7573,640
7574,652
7575,1849
7576,861
7577,1590
7578,897
7579,770
7580,2643
7581,793
7582,869
7583,1014
7584,770
7585,861
7586,851
7587,1182
7588,845
7589,1287
7590,1374
7591,1505
7592,1217
7593,867
7594,1043
7595,928
7596,619
7597,711
7598,796
7599,1062
7600,10620
7601,1515
7602,1305
7603,2219
7604,1027
7605,949
7606,1804
7607,1552
7608,1055
7609,869
7610,2888
7611,1576
7612,842
7613,4584
7614,1761
7615,746
7616,1033
7617,793
7618,1171
7619,2125
7620,1136
7621,967
7622,1230
7623,1005
7624,1227
7625,1297
7626,871
7627,879
7628,925
7629,794
7630,811
7631,969
7632,1757
7633,937
7634,1552
7635,1260
7636,1066
7637,3202
7638,879
7639,862
7640,1116
7641,1818
7642,756
7643,2413
7644,800
7645,2031
7646,1071
7647,2003
7648,1053
7649,773
7650,1643
7651,829
7652,1265
7653,1273
7654,1793
7655,685
7656,1622
7657,890
7658,1074
7659,915
7660,1337
7661,1777
7662,830
7663,1117
7664,2178
7665,1341
7666,989
7667,1896
7668,1118
7669,814
7670,898
7671,1452
7672,859
7673,730
7674,1137
7675,695
7676,1540
7677,953
7678,1631
7679,1967
7680,3296
7681,1483
7682,766
7683,696
7684,762
7685,862
7686,722
7687,1887
7688,917
7689,882
7690,1018
7691,662
7692,1742
7693,703
7694,837
7695,1575
7696,1307
7697,848
7698,976
7699,652
7700,9209
7701,2643
7702,1895
7703,819
7704,1051
7705,1264
7706,723
7707,1041
7708,914
7709,849
7710,1679
7711,1573
7712,1426
7713,1306
7714,1472
7715,1013
7716,1034
7717,7126
7718,937
7719,1050
7720,1259
7721,986
7722,2330
7723,1278
7724,937
7725,1312
7726,1477
7727,1422
7728,953
7729,1101
7730,2198
7731,792
7732,994
7733,1074
7734,2497
7735,1909
7736,935
7737,1261
7738,878
7739,715
7740,1208
7741,714
7742,1192
7743,1015
7744,928
7745,1343
7746,817
7747,1016
7748,1740
7749,900
7750,1927
7751,847
7752,1046
7753,1250
7754,800
7755,1260
7756,772
7757,1562
7758,1271
7759,1156
7760,1244
7761,844
7762,776
7763,719
7764,1090
7765,846
7766,1336
7767,916
7768,818
7769,806
7770,1493
7771,1190
7772,899
7773,908
7774,857
7775,1075
7776,2755
7777,8234
7778,1883
7779,1625
7780,1440
7781,882
7782,2059
7783,1211
7784,792
7785,897
7786,1226
7787,1075
7788,1979
7789,1197
7790,1352
7791,927
7792,828
7793,1387
7794,908
7795,876
7796,833
7797,727
7798,685
7799,2216
7800,12387
7801,1153
7802,1306
7803,2410
7804,625
7805,11758
7806,1196
7807,820
7808,1409
7809,1177
7810,1697
7811,1246
7812,3027
7813,1010
7814,1052
7815,1199
7816,2043
7817,4020
7818,1212
7819,839
7820,1038
7821,928
7822,1116
7823,645
7824,1190
7825,1543
7826,830
7827,1564
7828,878
7829,732
7830,839
7831,988
7832,710
7833,1091
7834,793
7835,723
7836,1562
7837,776
7838,869
7839,887
7840,1144
7841,758
7842,665
7843,1016
7844,1425
7845,779
7846,659
7847,885
7848,1134
7849,702
7850,1986
7851,784
7852,815
7853,932
7854,2672
7855,917
7856,798
7857,878
7858,1129
7859,540
7860,1374
7861,1283
7862,870
7863,1260
7864,3338
7865,781
7866,1260
7867,1519
7868,1148
7869,6432
7870,1472
7871,803
7872,1261
7873,955
7874,1157
7875,1130
7876,1643
7877,825
7878,1420
7879,1075
7880,1391
7881,1351
7882,1010
7883,935
7884,871
7885,1264
7886,888
7887,1028
7888,2048
7889,746
7890,4702
7891,820
7892,837
7893,861
7894,1575
7895,737
7896,990
7897,895
7898,677
7899,1159
7900,5520
7901,1282
7902,926
7903,2008
7904,806
7905,1156
7906,1091
7907,908
7908,917
7909,1427
7910,1610
7911,969
7912,1857
7913,1024
7914,3184
7915,1817
7916,936
7917,1289
7918,941
7919,1039
7920,2521
7921,969
7922,1344
7923,4235
7924,1035
7925,1451
7926,942
7927,786
7928,758
7929,613
7930,1147
7931,999
7932,774
7933,860
7934,675
7935,980
7936,1134
7937,853
7938,1203
7939,755
7940,1027
7941,1159
7942,1679
7943,759
7944,931
7945,712
7946,1066
7947,583
7948,591
7949,688
7950,1848
7951,618
7952,755
7953,621
7954,798
7955,708
7956,821
7957,920
7958,804
7959,813
7960,1222
7961,747
7962,793
7963,621
7964,523
7965,711
7966,1047
7967,1671
7968,825
7969,784
7970,2233
7971,926
7972,813
7973,1169
7974,1594
7975,722
7976,1490
7977,968
7978,1084
7979,1556
7980,1756
7981,1491
7982,711
7983,619
7984,665
7985,734
7986,712
7987,575
7988,698
7989,753
7990,1165
7991,841
7992,893
7993,900
7994,900
7995,962
7996,661
7997,639
7998,4080
7999,1854
8000,190976
8001,5786
8002,2737
8003,1754
8004,1498
8005,2128
8006,2016
8007,1989
8008,12679
8009,2012
8010,3689
8011,1589
8012,1076
8013,1011
8014,5003
8015,959
8016,1165
8017,957
8018,8351
8019,1135
8020,4170
8021,2433
8022,1863
8023,1014
8024,908
8025,1396
8026,914
8027,1463
8028,2619
8029,961
8030,1388
8031,2200
8032,2751
8033,1228
8034,1158
8035,1164
8036,1235
8037,948
8038,2037
8039,1258
8040,1576
8041,886
8042,1523
8043,891
8044,1130
8045,727
8046,833
8047,4735
8048,2722
8049,1157
8050,5303
8051,23532
8052,2572
8053,4158
8054,952
8055,1366
8056,817
8057,1357
8058,2397
8059,787
8060,1820
8061,2848
8062,1059
8063,852
8064,1187
8065,1513
8066,878
8067,729
8068,910
8069,1683
8070,2321
8071,1501
8072,774
8073,708
8074,745
8075,5154
8076,809
8077,1061
8078,2348
8079,832
8080,82685
8081,5150
8082,2762
8083,2420
8084,1648
8085,16392
8086,44139
8087,6521
8088,21481
8089,2047
8090,2846
8091,1462
8092,1463
8093,1193
8094,998
8095,860
8096,1535
8097,794
8098,890
8099,1415
8100,7073
8101,1781
8102,1189
8103,1131
8104,1143
8105,896
8106,929
8107,632
8108,2425
8109,1979
8110,1335
8111,1984
8112,1066
8113,1310
8114,930
8115,824
8116,798
8117,1543
8118,1868
8119,1241
8120,1575
8121,905
8122,2732
8123,1536
8124,1260
8125,3054
8126,2027
8127,916
8128,2249
8129,1851
8130,2024
8131,1945
8132,941
8133,2639
8134,868
8135,2440
8136,768
8137,4618
8138,1407
8139,1235
8140,1589
8141,872
8142,1129
8143,1153
8144,1056
8145,755
8146,1114
8147,2357
8148,622
8149,713
8150,1731
8151,1347
8152,1196
8153,4246
8154,948
8155,1358
8156,1482
8157,1219
8158,858
8159,678
8160,4270
8161,1278
8162,900
8163,875
8164,722
8165,1922
8166,2737
8167,1064
8168,943
8169,728
8170,1005
8171,805
8172,1064
8173,1470
8174,804
8175,775
8176,2296
8177,977
8178,866
8179,1288
8180,1438
8181,2236
8182,1409
8183,1306
8184,1257
8185,956
8186,999
8187,671
8188,1065
8189,810
8190,1339
8191,2923
8192,70859
8193,1351
8194,1236
8195,1307
8196,1112
8197,660
8198,769
8199,776
8200,9427
8201,1841
8202,1269
8203,1893
8204,1512
8205,3269
8206,2241
8207,874
8208,1101
8209,1518
8210,1979
8211,9880
8212,12880
8213,1984
8214,911
8215,874
8216,4781
8217,66116
8218,3187
8219,641
8220,28370
8221,28378
8222,1936
8223,3197
8224,1165
8225,1338
8226,3243
8227,836
8228,3021
8229,1247
8230,5690
8231,1008
8232,1651
8233,967
8234,981
8235,1036
8236,794
8237,1464
8238,1082
8239,1167
8240,2008
8241,989
8242,1219
8243,953
8244,749
8245,877
8246,682
8247,3901
8248,3654
8249,975
8250,3849
8251,1463
8252,1510
8253,2089
8254,1828
8255,25700
8256,1392
8257,950
8258,1115
8259,3399
8260,1983
8261,880
8262,1249
8263,1380
8264,2254
8265,1089
8266,1557
8267,897
8268,641
8269,708
8270,1083
8271,1398
8272,888
8273,835
8274,952
8275,911
8276,1187
8277,593
8278,1044
8279,1736
8280,1116
8281,972
8282,1849
8283,1201
8284,1999
8285,1004
8286,2361
8287,829
8288,1698
8289,968
8290,1109
8291,705
8292,908
8293,901
8294,563
8295,1172
8296,638
8297,675
8298,797
8299,775
8300,6496
8301,1961
8302,735
8303,1143
8304,928
8305,937
8306,1223
8307,805
8308,1201
8309,985
8310,1170
8311,1163
8312,3907
8313,1219
8314,1094
8315,747
8316,689
8317,1147
8318,847
8319,680
8320,1307
8321,1036
8322,1206
8323,815
8324,896
8325,1157
8326,1032
8327,844
8328,838
8329,1161
8330,1508
8331,955
8332,969
8333,4296
8334,758
8335,729
8336,927
8337,933
8338,892
8339,1355
8340,751
8341,775
8342,947
8343,839
8344,1014
8345,673
8346,1086
8347,726
8348,1064
8349,673
8350,1891
8351,1117
8352,748
8353,930
8354,547
8355,892
8356,1206
8357,638
8358,699
8359,949
8360,1155
8361,1055
8362,681
8363,566
8364,1326
8365,657
8366,1095
8367,694
8368,793
8369,1147
8370,919
8371,1116
8372,895
8373,2312
8374,726
8375,1150
8376,1281
8377,697
8378,899
8379,602
8380,1093
8381,634
8382,941
8383,1058
8384,834
8385,2270
8386,1161
8387,995
8388,1049
8389,722
8390,1343
8391,816
8392,814
8393,568
8394,648
8395,663
8396,781
8397,501
8398,734
8399,729
8400,7455
8401,1107
8402,861
8403,700
8404,889
8405,684
8406,772
8407,642
8408,1002
8409,523
8410,983
8411,769
8412,1188
8413,959
8414,1196
8415,954
8416,2412
8417,1236
8418,775
8419,751
8420,1260
8421,1320
8422,986
8423,836
8424,4262
8425,843
8426,581
8427,681
8428,722
8429,569
8430,896
8431,1020
8432,941
8433,677
8434,598
8435,722
8436,1264
8437,704
8438,656
8439,556
8440,961
8441,851
8442,1025
8443,3255
8444,1313
8445,736
8446,901
8447,775
8448,871
8449,566
8450,1109
8451,1136
8452,1539
8453,1052
8454,829
8455,799
8456,799
8457,1442
8458,492
8459,625
8460,858
8461,667
8462,1009
8463,1087
8464,720
8465,641
8466,726
8467,761
8468,656
8469,692
8470,742
8471,812
8472,6755
8473,760
8474,717
8475,895
8476,1318
8477,1017
8478,1073
8479,679
8480,870
8481,852
8482,933
8483,563
8484,1529
8485,1172
8486,1548
8487,1099
8488,855
8489,511
8490,636
8491,966
8492,613
8493,6468
8494,587
8495,855
8496,687
8497,1101
8498,685
8499,651
8500,19961
8501,2725
8502,1688
8503,721
8504,763
8505,843
8506,746
8507,909
8508,740
8509,532
8510,1132
8511,1414
8512,1455
8513,552
8514,1945
8515,894
8516,744
8517,680
8518,758
8519,817
8520,1616
8521,816
8522,643
8523,759
8524,1149
8525,1209
8526,620
8527,881
8528,1064
8529,1210
8530,1074
8531,793
8532,986
8533,727
8534,692
8535,943
8536,710
8537,665
8538,573
8539,712
8540,1833
8541,912
8542,1535
8543,921
8544,1353
8545,1310
8546,692
8547,599
8548,718
8549,1323
8550,1210
8551,732
8552,572
8553,651
8554,616
8555,1258
8556,521
8557,913
8558,10011
8559,693
8560,957
8561,628
8562,645
8563,721
8564,639
8565,707
8566,759
8567,789
8568,631
8569,585
8570,1036
8571,1424
8572,614
8573,1816
8574,847
8575,907
8576,549
8577,941
8578,798
8579,673
8580,1578
8581,884
8582,740
8583,1218
8584,673
8585,1355
8586,744
8587,1372
8588,890
8589,680
8590,794
8591,575
8592,734
8593,554
8594,1143
8595,926
8596,693
8597,844
8598,699
8599,3137
8600,7243
8601,20591
8602,942
8603,668
8604,822
8605,972
8606,1061
8607,654
8608,764
8609,657
8610,1292
8611,1342
8612,1143
8613,697
8614,773
8615,1098
8616,922
8617,1659
8618,639
8619,673
8620,1320
8621,852
8622,708
8623,494
8624,1965
8625,1176
8626,494
8627,733
8628,1356
8629,462
8630,831
8631,807
8632,940
8633,727
8634,715
8635,626
8636,725
8637,588
8638,765
8639,716
8640,1886
8641,682
8642,610
8643,557
8644,1323
8645,676
8646,663
8647,666
8648,1185
8649,2294
8650,1068
8651,875
8652,1120
8653,551
8654,836
8655,1222
8656,561
8657,525
8658,623
8659,811
8660,1522
8661,550
8662,676
8663,724
8664,717
8665,1226
8666,843
8667,973
8668,884
8669,1406
8670,901
8671,514
8672,946
8673,584
8674,18139
8675,1608
8676,765
8677,828
8678,630
8679,558
8680,1113
8681,1056
8682,945
8683,933
8684,1027
8685,896
8686,1542
8687,795
8688,1654
8689,1008
8690,987
8691,647
8692,1321
8693,669
8694,663
8695,760
8696,884
8697,549
8698,538
8699,774
8700,6242
8701,1045
8702,794
8703,873
8704,783
8705,757
8706,829
8707,774
8708,910
8709,899
8710,1174
8711,1870
8712,1001
8713,634
8714,754
8715,853
8716,957
8717,485
8718,461
8719,917
8720,824
8721,2356
8722,1664
8723,840
8724,1038
8725,723
8726,674
8727,676
8728,787
8729,718
8730,1529
8731,805
8732,705
8733,1403
8734,1185
8735,658
8736,702
8737,2708
8738,759
8739,763
8740,876
8741,1336
8742,1430
8743,487
8744,622
8745,722
8746,956
8747,1206
8748,809
8749,1170
8750,2465
8751,922
8752,965
8753,856
8754,710
8755,927
8756,980
8757,513
8758,706
8759,680
8760,5383
8761,613
8762,1100
8763,515
8764,579
8765,1901
8766,1153
8767,1098
8768,814
8769,521
8770,738
8771,510
8772,606
8773,655
8774,806
8775,1206
8776,1072
8777,1198
8778,753
8779,568
8780,881
8781,715
8782,700
8783,614
8784,743
8785,611
8786,764
8787,2214
8788,1105
8789,1484
8790,1159
8791,1123
8792,694
8793,650
8794,869
8795,625
8796,757
8797,905
8798,494
8799,4690
8800,17808
8801,1515
8802,2645
8803,1271
8804,1330
8805,1045
8806,828
8807,1025
8808,1354
8809,922
8810,1174
8811,973
8812,927
8813,591
8814,743
8815,788
8816,1137
8817,1661
8818,962
8819,798
8820,1574
8821,722
8822,1363
8823,703
8824,1205
8825,915
8826,722
8827,687
8828,879
8829,575
8830,965
8831,754
8832,1410
8833,1661
8834,581
8835,581
8836,779
8837,1185
8838,661
8839,551
8840,1082
8841,607
8842,652
8843,837
8844,1239
8845,605
8846,794
8847,609
8848,2596
8849,653
8850,8352
8851,757
8852,564
8853,910
8854,1036
8855,1100
8856,855
8857,1130
8858,1025
8859,58532
8860,1183
8861,745
8862,677
8863,716
8864,523
8865,701
8866,915
8867,462
8868,593
8869,1793
8870,1200
8871,632
8872,737
8873,828
8874,698
8875,621
8876,640
8877,1276
8878,1197
8879,1800
8880,1892
8881,983
8882,729
8883,2167
8884,956
8885,946
8886,850
8887,859
8888,14803
8889,1725
8890,1682
8891,1312
8892,1010
8893,566
8894,472
8895,811
8896,466
8897,853
8898,751
8899,1103
8900,3972
8901,2028
8902,745
8903,1382
8904,865
8905,603
8906,491
8907,702
8908,725
8909,649
8910,2299
8911,848
8912,997
8913,546
8914,876
8915,958
8916,462
8917,603
8918,459
8919,617
8920,978
8921,657
8922,952
8923,973
8924,1414
8925,784
8926,457
8927,701
8928,718
8929,576
8930,1021
8931,832
8932,760
8933,720
8934,532
8935,852
8936,533
8937,485
8938,1039
8939,813
8940,838
8941,585
8942,575
8943,640
8944,864
8945,857
8946,540
8947,847
8948,555
8949,1339
8950,991
8951,679
8952,910
8953,481
8954,534
8955,650
8956,827
8957,445
8958,725
8959,565
8960,1029
8961,686
8962,716
8963,673
8964,862
8965,665
8966,892
8967,483
8968,549
8969,994
8970,817
8971,970
8972,876
8973,941
8974,609
8975,649
8976,555
8977,1215
8978,792
8979,765
8980,792
8981,957
8982,548
8983,1260
8984,1934
8985,730
8986,1782
8987,825
8988,1091
8989,1263
8990,906
8991,1059
8992,1021
8993,3903
8994,848
8995,673
8996,600
8997,849
8998,1054
8999,1636
9000,113438
9001,20938
9002,4250
9003,2219
9004,1886
9005,1664
9006,1364
9007,2581
9008,1164
9009,1651
9010,2565
9011,1628
9012,1258
9013,1128
9014,1037
9015,846
9016,897
9017,848
9018,846
9019,759
9020,1229
9021,1030
9022,858
9023,870
9024,832
9025,1269
9026,792
9027,614
9028,841
9029,895
9030,1396
9031,797
9032,1061
9033,868
9034,735
9035,894
9036,789
9037,947
9038,848
9039,1008
9040,1625
9041,950
9042,1114
9043,672
9044,579
9045,1167
9046,789
9047,931
9048,1070
9049,726
9050,2127
9051,1392
9052,937
9053,854
9054,1039
9055,1162
9056,924
9057,569
9058,1095
9059,642
9060,1339
9061,994
9062,673
9063,956
9064,988
9065,782
9066,8708
9067,639
9068,1067
9069,762
9070,1219
9071,968
9072,1113
9073,662
9074,592
9075,1935
9076,560
9077,685
9078,808
9079,474
9080,1352
9081,1393
9082,642
9083,717
9084,1220
9085,883
9086,578
9087,950
9088,621
9089,1080
9090,4997
9091,1534
9092,2403
9093,972
9094,754
9095,977
9096,872
9097,1274
9098,792
9099,1095
9100,6586
9101,5811
9102,910
9103,1085
9104,881
9105,690
9106,721
9107,726
9108,512
9109,735
9110,1226
9111,1918
9112,929
9113,720
9114,973
9115,786
9116,1067
9117,801
9118,887
9119,999
9120,1811
9121,851
9122,979
9123,1043
9124,644
9125,1286
9126,1354
9127,745
9128,705
9129,675
9130,1217
9131,1324
9132,679
9133,824
9134,858
9135,840
9136,825
9137,606
9138,650
9139,1214
9140,1229
9141,879
9142,839
9143,693
9144,3341
9145,718
9146,662
9147,660
9148,658
9149,1089
9150,2680
9151,668
9152,951
9153,670
9154,583
9155,1374
9156,595
9157,906
9158,588
9159,639
9160,1293
9161,676
9162,1129
9163,870
9164,725
9165,1067
9166,1023
9167,1359
9168,781
9169,636
9170,875
9171,3912
9172,647
9173,874
9174,609
9175,777
9176,546
9177,610
9178,603
9179,631
9180,976
9181,795
9182,985
9183,732
9184,707
9185,626
9186,752
9187,558
9188,809
9189,610
9190,741
9191,1224
9192,850
9193,1246
9194,873
9195,558
9196,653
9197,806
9198,805
9199,924
9200,8081
9201,1382
9202,803
9203,2188
9204,563
9205,1238
9206,604
9207,554
9208,788
9209,602
9210,1118
9211,1190
9212,792
9213,778
9214,664
9215,731
9216,1847
9217,767
9218,638
9219,849
9220,924
9221,1131
9222,1432
9223,1047
9224,710
9225,1071
9226,659
9227,751
9228,771
9229,974
9230,1858
9231,954
9232,849
9233,713
9234,816
9235,1220
9236,796
9237,822
9238,559
9239,768
9240,1135
9241,2175
9242,672
9243,585
9244,575
9245,729
9246,524
9247,914
9248,960
9249,532
9250,2016
9251,606
9252,805
9253,658
9254,686
9255,794
9256,526
9257,691
9258,1253
9259,647
9260,1033
9261,943
9262,856
9263,704
9264,580
9265,829
9266,768
9267,683
9268,1199
9269,559
9270,1374
9271,727
9272,797
9273,604
9274,597
9275,1036
9276,799
9277,688
9278,832
9279,649
9280,4240
9281,658
9282,672
9283,900
9284,674
9285,704
9286,563
9287,597
9288,683
9289,619
9290,1649
9291,650
9292,1525
9293,834
9294,1053
9295,1175
9296,802
9297,1164
9298,642
9299,1092
9300,6910
9301,1090
9302,599
9303,869
9304,820
9305,775
9306,837
9307,584
9308,668
9309,753
9310,1266
9311,815
9312,918
9313,710
9314,723
9315,816
9316,596
9317,754
9318,609
9319,550
9320,950
9321,804
9322,824
9323,544
9324,452
9325,1428
9326,2759
9327,778
9328,730
9329,647
9330,914
9331,935
9332,879
9333,1323
9334,715
9335,1127
9336,747
9337,535
9338,632
9339,964
9340,1491
9341,857
9342,507
9343,1697
9344,1064
9345,986
9346,1118
9347,1004
9348,774
9349,696
9350,1201
9351,1556
9352,955
9353,1050
9354,1325
9355,1948
9356,778
9357,516
9358,769
9359,628
9360,1248
9361,822
9362,913
9363,680
9364,813
9365,765
9366,507
9367,725
9368,646
9369,741
9370,923
9371,832
9372,1129
9373,707
9374,579
9375,3416
9376,821
9377,864
9378,1340
9379,618
9380,982
9381,2017
9382,1700
9383,955
9384,2305
9385,1150
9386,794
9387,696
9388,776
9389,689
9390,772
9391,573
9392,618
9393,1163
9394,952
9395,1037
9396,816
9397,805
9398,615
9399,810
9400,4946
9401,1011
9402,864
9403,849
9404,807
9405,696
9406,724
9407,739
9408,797
9409,933
9410,1142
9411,1200
9412,819
9413,827
9414,973
9415,911
9416,660
9417,810
9418,1174
9419,656
9420,883
9421,619
9422,2066
9423,609
9424,1767
9425,662
9426,482
9427,632
9428,823
9429,615
9430,697
9431,638
9432,694
9433,768
9434,735
9435,597
9436,635
9437,590
9438,1477
9439,759
9440,1937
9441,897
9442,712
9443,808
9444,1162
9445,794
9446,572
9447,816
9448,658
9449,608
9450,1585
9451,484
9452,1283
9453,1147
9454,787
9455,686
9456,841
9457,883
9458,644
9459,773
9460,894
9461,668
9462,816
9463,608
9464,661
9465,660
9466,581
9467,596
9468,626
9469,552
9470,591
9471,560
9472,508
9473,973
9474,1161
9475,784
9476,621
9477,1013
9478,593
9479,633
9480,830
9481,737
9482,544
9483,569
9484,683
9485,612
9486,815
9487,732
9488,617
9489,708
9490,653
9491,480
9492,627
9493,597
9494,734
9495,621
9496,950
9497,715
9498,527
9499,860
9500,15985
9501,985
9502,1084
9503,878
9504,830
9505,969
9506,698
9507,681
9508,742
9509,633
9510,989
9511,1032
9512,825
9513,838
9514,731
9515,725
9516,982
9517,796
9518,573
9519,520
9520,910
9521,748
9522,916
9523,678
9524,836
9525,5332
9526,605
9527,1002
9528,584
9529,726
9530,1085
9531,683
9532,696
9533,901
9534,763
9535,748
9536,1775
9537,646
9538,580
9539,607
9540,1253
9541,964
9542,754
9543,632
9544,738
9545,1134
9546,1422
9547,861
9548,761
9549,693
9550,1679
9551,715
9552,890
9553,505
9554,581
9555,1689
9556,825
9557,744
9558,621
9559,788
9560,1019
9561,804
9562,593
9563,616
9564,735
9565,830
9566,996
9567,1343
9568,3147
9569,469
9570,804
9571,608
9572,976
9573,497
9574,1513
9575,765
9576,571
9577,843
9578,630
9579,526
9580,1273
9581,519
9582,443
9583,650
9584,804
9585,724
9586,549
9587,512
9588,764
9589,502
9590,944
9591,554
9592,1199
9593,621
9594,638
9595,1647
9596,741
9597,882
9598,802
9599,996
9600,37004
9601,1455
9602,1276
9603,714
9604,910
9605,656
9606,1383
9607,696
9608,769
9609,608
9610,947
9611,709
9612,1101
9613,664
9614,526
9615,1142
9616,557
9617,601
9618,657
9619,814
9620,978
9621,741
9622,1495
9623,772
9624,682
9625,785
9626,628
9627,541
9628,546
9629,1348
9630,1081
9631,623
9632,983
9633,634
9634,528
9635,811
9636,618
9637,1501
9638,518
9639,697
9640,1002
9641,600
9642,791
9643,575
9644,621
9645,882
9646,639
9647,806
9648,723
9649,644
9650,1348
9651,639
9652,664
9653,905
9654,734
9655,648
9656,650
9657,544
9658,1991
9659,828
9660,5656
9661,711
9662,1384
9663,1251
9664,650
9665,678
9666,569
9667,892
9668,774
9669,814
9670,810
9671,591
9672,810
9673,1409
9674,633
9675,837
9676,517
9677,747
9678,644
9679,731
9680,763
9681,666
9682,617
9683,537
9684,569
9685,812
9686,1997
9687,515
9688,651
9689,787
9690,816
9691,657
9692,493
9693,536
9694,547
9695,548
9696,1078
9697,1212
9698,978
9699,910
9700,25185
9701,874
9702,1409
9703,806
9704,568
9705,834
9706,909
9707,1108
9708,824
9709,722
9710,835
9711,802
9712,871
9713,664
9714,781
9715,714
9716,921
9717,744
9718,488
9719,508
9720,1206
9721,830
9722,792
9723,947
9724,627
9725,638
9726,1399
9727,620
9728,852
9729,1068
9730,868
9731,538
9732,784
9733,775
9734,710
9735,584
9736,1443
9737,724
9738,646
9739,531
9740,918
9741,570
9742,882
9743,898
9744,913
9745,717
9746,582
9747,1184
9748,772
9749,535
9750,1706
9751,659
9752,875
9753,704
9754,619
9755,718
9756,479
9757,421
9758,969
9759,579
9760,1257
9761,674
9762,594
9763,865
9764,564
9765,634
9766,922
9767,643
9768,617
9769,968
9770,1040
9771,544
9772,695
9773,762
9774,792
9775,712
9776,729
9777,1203
9778,699
9779,712
9780,1083
9781,970
9782,615
9783,623
9784,490
9785,703
9786,693
9787,629
9788,672
9789,531
9790,840
9791,600
9792,814
9793,582
9794,474
9795,517
9796,1509
9797,1648
9798,831
9799,1131
9800,7038
9801,2425
9802,938
9803,636
9804,723
9805,689
9806,916
9807,562
9808,759
9809,788
9810,1433
9811,780
9812,676
9813,698
9814,619
9815,797
9816,538
9817,678
9818,717
9819,648
9820,1241
9821,1013
9822,6080
9823,677
9824,694
9825,1094
9826,604
9827,737
9828,740
9829,670
9830,1201
9831,855
9832,780
9833,918
9834,1203
9835,1143
9836,759
9837,839
9838,609
9839,759
9840,1221
9841,695
9842,917
9843,713
9844,632
9845,1926
9846,554
9847,418
9848,712
9849,627
9850,1389
9851,758
9852,596
9853,537
9854,549
9855,638
9856,1005
9857,653
9858,427
9859,823
9860,772
9861,2150
9862,1403
9863,672
9864,551
9865,772
9866,651
9867,529
9868,977
9869,739
9870,874
9871,613
9872,699
9873,838
9874,656
9875,911
9876,2868
9877,1176
9878,669
9879,491
9880,1049
9881,624
9882,562
9883,564
9884,477
9885,852
9886,643
9887,1015
9888,1087
9889,744
9890,881
9891,974
9892,482
9893,505
9894,606
9895,691
9896,791
9897,550
9898,1252
9899,5166
9900,6161
9901,1573
9902,757
9903,928
9904,1702
9905,906
9906,793
9907,634
9908,826
9909,845
9910,1067
9911,1131
9912,1179
9913,893
9914,699
9915,678
9916,686
9917,543
9918,742
9919,1080
9920,949
9921,852
9922,849
9923,747
9924,673
9925,1178
9926,940
9927,536
9928,689
9929,1011
9930,843
9931,1004
9932,613
9933,1009
9934,615
9935,671
9936,690
9937,558
9938,994
9939,1250
9940,1126
9941,846
9942,625
9943,558
9944,867
9945,1598
9946,726
9947,862
9948,708
9949,919
9950,1559
9951,638
9952,635
9953,704
9954,834
9955,1137
9956,860
9957,712
9958,975
9959,859
9960,1519
9961,844
9962,566
9963,792
9964,1060
9965,1947
9966,1395
9967,707
9968,707
9969,1180
9970,765
9971,1497
9972,983
9973,1102
9974,882
9975,1518
9976,823
9977,924
9978,820
9979,1661
9980,1228
9981,1983
9982,1287
9983,895
9984,1481
9985,1314
9986,1152
9987,1043
9988,1901
9989,1085
9990,2215
9991,1688
9992,1339
9993,1783
9994,4048
9995,4494
9996,2264
9997,2851
9998,3570
9999,58112
10000,213263
