number,count
0,88397060
1,148033673
2,114685189
3,84109107
4,63667022
5,68747538
6,42763840
7,34307703
8,33755593
9,26450435
10,46599269
11,18663081
12,23667287
13,14139414
14,14552291
15,20262341
16,14307636
17,11492547
18,13649968
19,13821856
20,23278982
21,9918708
22,9650767
23,8556210
24,11593902
25,13781174
26,7612024
27,7130495
28,7486408
29,6236476
30,19325180
31,6098278
32,5983522
33,4577027
34,4489864
35,6132863
36,4666448
37,4118339
38,3834497
39,3684741
40,10531653
41,3253840
42,3810446
43,3146646
44,3414178
45,5541015
46,3004709
47,2896054
48,3869638
49,2826766
50,14417023
51,2678688
52,2979299
53,2499077
54,2679116
55,3341798
56,2617444
57,2242002
58,2329312
59,2176645
60,8083892
61,1924834
62,2082865
63,1938381
64,2679365
65,3020120
66,2001348
67,1886042
68,1872013
69,1655188
70,5024576
71,1668183
72,2324939
73,1626469
74,1662748
75,3959368
76,1681523
77,1574951
78,1650934
79,1447385
80,5553183
81,1507071
82,1572689
83,1703092
84,1751843
85,2250120
86,1508232
87,1388655
88,1536584
89,1529719
90,5456777
91,1359531
92,1510435
93,1441512
94,1423944
95,3754041
96,1695083
97,1426942
98,1605608
99,2821974
100,14961899
101,1181446
102,1074797
103,841547
104,1074592
105,1066099
106,1032905
107,721010
108,888340
109,681245
110,1547932
111,795391
112,820827
113,587547
114,660731
115,738177
116,627071
117,540257
118,589778
119,520829
120,2360657
121,556440
122,611960
123,594833
124,562049
125,1097464
126,541166
127,519226
128,792777
129,456487
130,1192642
131,438992
132,517488
133,436991
134,439613
135,623527
136,432702
137,424171
138,420358
139,379413
140,1098264
141,390457
142,415005
143,385871
144,490310
145,506457
146,376507
147,371211
148,363992
149,356775
150,3007530
151,362871
152,400388
153,350864
154,361211
155,457645
156,357136
157,331319
158,330793
159,316078
160,1065775
161,336679
162,354146
163,321527
164,330841
165,454612
166,314659
167,317992
168,374534
169,307613
170,678556
171,306456
172,318628
173,294823
174,294541
175,544688
176,317286
177,291520
178,284342
179,280609
180,1465603
181,282834
182,320893
183,313254
184,281214
185,365258
186,279724
187,281071
188,271252
189,275792
190,508516
191,268800
192,353686
193,274866
194,244536
195,329590
196,261827
197,253432
198,248886
199,289846
200,6115729
201,406957
202,460845
203,326578
204,386577
205,371685
206,370382
207,284689
208,355918
209,268457
210,622995
211,295804
212,394220
213,262997
214,303213
215,344855
216,312136
217,252694
218,270571
219,233262
220,728966
221,270800
222,323270
223,262440
224,294293
225,442910
226,247059
227,234692
228,247539
229,219686
230,540365
231,274601
232,295016
233,263232
234,245845
235,304816
236,221283
237,220578
238,232590
239,221555
240,703128
241,219633
242,222965
243,228586
244,208037
245,257178
246,207851
247,210863
248,214083
249,207894
250,2231958
251,211038
252,238381
253,206365
254,224263
255,410534
256,541087
257,196341
258,180302
259,179287
260,427103
261,191266
262,201201
263,194514
264,240247
265,240311
266,184986
267,187923
268,179851
269,189037
270,444060
271,186916
272,198931
273,227778
274,176647
275,301453
276,183653
277,184927
278,175726
279,178880
280,428626
281,182610
282,175733
283,171471
284,172007
285,220808
286,171151
287,178474
288,193442
289,172460
290,271640
291,160155
292,163049
293,207050
294,155389
295,200511
296,157825
297,161697
298,178629
299,195465
300,3898034
301,272340
302,301557
303,243753
304,288281
305,249578
306,235226
307,189573
308,238032
309,173759
310,372807
311,204640
312,242589
313,184084
314,202080
315,234611
316,199721
317,169751
318,181941
319,173952
320,473703
321,183622
322,187965
323,186525
324,181029
325,307601
326,160883
327,156486
328,164007
329,148468
330,362252
331,162676
332,158150
333,234588
334,149538
335,182564
336,170236
337,152009
338,153019
339,137740
340,309431
341,147472
342,155163
343,157403
344,144958
345,183733
346,136770
347,145485
348,134858
349,142032
350,1144897
351,153491
352,154786
353,145280
354,143165
355,175128
356,147542
357,157840
358,136683
359,139995
360,1014475
361,141492
362,131398
363,139075
364,140611
365,458153
366,140361
367,131460
368,128765
369,127017
370,254541
371,138372
372,129187
373,136549
374,119045
375,343938
376,127519
377,135036
378,123865
379,122221
380,270784
381,128430
382,120557
383,125657
384,168165
385,152849
386,124706
387,126777
388,112444
389,118362
390,196098
391,119909
392,120674
393,118051
394,106482
395,145059
396,110560
397,111681
398,106689
399,142504
400,3087652
401,373157
402,203272
403,190552
404,252532
405,202912
406,172657
407,143247
408,164648
409,129885
410,275733
411,145870
412,166221
413,126199
414,145749
415,171790
416,148917
417,126163
418,122780
419,118365
420,308868
421,127389
422,134650
423,122978
424,135032
425,219598
426,116732
427,119613
428,116608
429,123308
430,233775
431,119188
432,137963
433,121266
434,113033
435,155123
436,111648
437,107834
438,107273
439,102221
440,254723
441,115575
442,112055
443,135036
444,136422
445,126323
446,99697
447,108209
448,108008
449,106035
450,684524
451,140253
452,106044
453,107078
454,133670
455,134625
456,121893
457,117336
458,112788
459,100892
460,200277
461,100501
462,102276
463,99593
464,100886
465,120530
466,101622
467,100416
468,99626
469,100305
470,183347
471,102856
472,96021
473,103504
474,91295
475,148587
476,112025
477,100233
478,91376
479,98670
480,285347
481,94211
482,92813
483,103309
484,92247
485,143001
486,111602
487,90718
488,150504
489,92728
490,152672
491,90756
492,90067
493,93771
494,86127
495,121445
496,90420
497,89641
498,86725
499,127795
500,6131204
501,232348
502,166552
503,132753
504,178211
505,147745
506,135751
507,106673
508,139739
509,122003
510,229857
511,117725
512,285041
513,100671
514,115973
515,123041
516,104298
517,94412
518,102392
519,91718
520,225451
521,107887
522,101714
523,94865
524,96006
525,149436
526,93595
527,98889
528,103903
529,122815
530,182717
531,91105
532,118614
533,92472
534,87159
535,113008
536,96813
537,92052
538,93186
539,86140
540,203866
541,97585
542,89366
543,93412
544,88431
545,102733
546,91059
547,82642
548,78128
549,84184
550,395443
551,91249
552,87974
553,81318
554,77000
555,188532
556,83845
557,79344
558,74773
559,80297
560,208484
561,87002
562,83724
563,80281
564,75960
565,96288
566,71607
567,83223
568,85063
569,73465
570,146427
571,84252
572,74816
573,79328
574,75612
575,112576
576,88515
577,80387
578,70034
579,75001
580,146521
581,84316
582,73259
583,79202
584,72317
585,92686
586,79190
587,79962
588,72227
589,78888
590,118229
591,71738
592,71043
593,71670
594,79666
595,86558
596,65067
597,73741
598,67846
599,86878
600,2126161
601,115890
602,131572
603,99808
604,117988
605,105751
606,111115
607,83223
608,100686
609,93066
610,182382
611,83287
612,106202
613,88652
614,86588
615,98923
616,113334
617,88378
618,107803
619,76839
620,169074
621,80688
622,87086
623,76433
624,83105
625,181002
626,85156
627,73233
628,75320
629,70827
630,162764
631,75963
632,88863
633,83833
634,72254
635,87365
636,74568
637,69333
638,68027
639,75209
640,191225
641,74175
642,83392
643,71062
644,70492
645,87391
646,69971
647,84344
648,70950
649,72553
650,386022
651,73527
652,68994
653,66074
654,67874
655,78647
656,76621
657,65536
658,61042
659,63177
660,153877
661,72751
662,68130
663,64948
664,70855
665,75057
666,127932
667,89264
668,69450
669,61689
670,118534
671,65497
672,67100
673,67871
674,63841
675,98965
676,63655
677,68891
678,66795
679,67157
680,144850
681,62855
682,62088
683,64197
684,61915
685,72983
686,61724
687,65914
688,65561
689,61511
690,98611
691,62475
692,58012
693,61453
694,58276
695,71325
696,58568
697,60934
698,55602
699,69398
700,1319796
701,97738
702,122747
703,84642
704,102789
705,93609
706,90001
707,93687
708,86198
709,73139
710,141608
711,87332
712,85449
713,73666
714,82808
715,82458
716,73225
717,73092
718,94045
719,62748
720,208819
721,76550
722,73838
723,64839
724,66965
725,93340
726,63089
727,78824
728,82632
729,66219
730,122600
731,63103
732,73568
733,63152
734,61421
735,74108
736,60131
737,168164
738,58092
739,56059
740,114178
741,72974
742,60630
743,58340
744,63720
745,73092
746,58335
747,121403
748,58211
749,61076
750,598582
751,66472
752,63045
753,62382
754,76616
755,78566
756,61087
757,76687
758,53325
759,54548
760,135221
761,57789
762,59460
763,59816
764,60875
765,72224
766,54981
767,81060
768,92438
769,55538
770,112479
771,59099
772,57539
773,61311
774,58137
775,87638
776,65498
777,138080
778,56608
779,52690
780,121754
781,58046
782,57397
783,55850
784,59410
785,70801
786,62268
787,92003
788,53868
789,62323
790,81121
791,55374
792,65943
793,55356
794,56970
795,63675
796,51600
797,53821
798,51653
799,65461
800,1867770
801,108081
802,265214
803,76077
804,84933
805,82166
806,74950
807,63476
808,96664
809,60366
810,125426
811,65924
812,77067
813,65397
814,69892
815,78760
816,65605
817,59322
818,63948
819,53844
820,119357
821,59799
822,62225
823,57921
824,62299
825,83640
826,56315
827,55768
828,61591
829,56073
830,104310
831,58769
832,60641
833,72561
834,52476
835,64622
836,53822
837,52543
838,51522
839,50621
840,120205
841,72682
842,60467
843,63113
844,63046
845,77017
846,59744
847,57987
848,57990
849,52869
850,290658
851,53337
852,58164
853,55551
854,55716
855,78532
856,55108
857,54243
858,53371
859,52123
860,98654
861,52029
862,51516
863,54273
864,61416
865,66058
866,78592
867,53863
868,51065
869,50408
870,98286
871,54462
872,51743
873,50744
874,49911
875,102835
876,53219
877,77312
878,48535
879,48505
880,113454
881,50431
882,50425
883,51871
884,47455
885,56565
886,50139
887,49402
888,129266
889,51743
890,75992
891,49921
892,49076
893,53096
894,46792
895,57935
896,51701
897,47853
898,46195
899,57433
900,909010
901,79415
902,77816
903,62090
904,74646
905,72128
906,64426
907,72250
908,63023
909,62889
910,101316
911,466111
912,74677
913,54857
914,63450
915,66187
916,64637
917,59599
918,59146
919,59726
920,115420
921,57068
922,64727
923,53332
924,75113
925,86468
926,50541
927,49534
928,54599
929,52431
930,92406
931,51429
932,49586
933,50668
934,48380
935,59370
936,52165
937,52072
938,47625
939,50440
940,88623
941,51834
942,47797
943,47302
944,52383
945,58789
946,47306
947,46048
948,44467
949,49189
950,184354
951,50724
952,52089
953,48628
954,57402
955,54321
956,48375
957,46981
958,48525
959,50759
960,127533
961,49442
962,50336
963,50598
964,46190
965,56517
966,48207
967,50025
968,49065
969,49068
970,86170
971,49859
972,53133
973,58988
974,46689
975,69337
976,52471
977,47941
978,241216
979,45439
980,104657
981,48056
982,45772
983,46612
984,47366
985,56505
986,45728
987,52703
988,51603
989,46941
990,102511
991,48802
992,48911
993,49342
994,48361
995,77251
996,56147
997,57172
998,61443
999,275575
1000,2269137
1001,109420
1002,187379
1003,41752
1004,41313
1005,38071
1006,60115
1007,236256
1008,35407
1009,27805
1010,108240
1011,62856
1012,63914
1013,45650
1014,49119
1015,50335
1016,603881
1017,59831
1018,40749
1019,32121
1020,62925
1021,76646
1022,32801
1023,67803
1024,169264
1025,34164
1026,27333
1027,26561
1028,24363
1029,74346
1030,49845
1031,39845
1032,23311
1033,31080
1034,23556
1035,29829
1036,21242
1037,43993
1038,210316
1039,31810
1040,62005
1041,23296
1042,27624
1043,20999
1044,21428
1045,26236
1046,43468
1047,19631
1048,19600
1049,21474
1050,73364
1051,26375
1052,21647
1053,24998
1054,27893
1055,28600
1056,27279
1057,22074
1058,18737
1059,18692
1060,39857
1061,21630
1062,18642
1063,36197
1064,32690
1065,23443
1066,60943
1067,21832
1068,21409
1069,19828
1070,46803
1071,25769
1072,18955
1073,84041
1074,36445
1075,23743
1076,18998
1077,21853
1078,20186
1079,19963
1080,160564
1081,21803
1082,16828
1083,23770
1084,20998
1085,22043
1086,46666
1087,21561
1088,38923
1089,30566
1090,30873
1091,20637
1092,18867
1093,147758
1094,19851
1095,31400
1096,24727
1097,57469
1098,44969
1099,66829
1100,198313
1101,70802
1102,35132
1103,59362
1104,35621
1105,33483
1106,27661
1107,28886
1108,28763
1109,71846
1110,46743
1111,201666
1112,29472
1113,25453
1114,22105
1115,28424
1116,21808
1117,22277
1118,23118
1119,22125
1120,40200
1121,24395
1122,27039
1123,21776
1124,22494
1125,27745
1126,66459
1127,22568
1128,67826
1129,17883
1130,39472
1131,19187
1132,18775
1133,19539
1134,19027
1135,25267
1136,35615
1137,25533
1138,21326
1139,22832
1140,30298
1141,18769
1142,20955
1143,19654
1144,18609
1145,34501
1146,35193
1147,20412
1148,17461
1149,20177
1150,49657
1151,19848
1152,34353
1153,20759
1154,21469
1155,35536
1156,18026
1157,18978
1158,24645
1159,25694
1160,26941
1161,24829
1162,23188
1163,19203
1164,18195
1165,19724
1166,17302
1167,37219
1168,14906
1169,18175
1170,30423
1171,18354
1172,21446
1173,20716
1174,16216
1175,59810
1176,19939
1177,54010
1178,15677
1179,18402
1180,29600
1181,17881
1182,23272
1183,18638
1184,16969
1185,25927
1186,106758
1187,20608
1188,16160
1189,24085
1190,26207
1191,21935
1192,21078
1193,17136
1194,21484
1195,18082
1196,16499
1197,17461
1198,19919
1199,26443
1200,391899
1201,32855
1202,37452
1203,27208
1204,40041
1205,25875
1206,33037
1207,27179
1208,24732
1209,22341
1210,44226
1211,25746
1212,37318
1213,21706
1214,27357
1215,38171
1216,27733
1217,20285
1218,20659
1219,19650
1220,36100
1221,23442
1222,23322
1223,22615
1224,20523
1225,29091
1226,19469
1227,22534
1228,18267
1229,18647
1230,34501
1231,22047
1232,19270
1233,17256
1234,58744
1235,22781
1236,19029
1237,17803
1238,17603
1239,17605
1240,31827
1241,21588
1242,27022
1243,17632
1244,22011
1245,20441
1246,18068
1247,17369
1248,19014
1249,18690
1250,81470
1251,18388
1252,22949
1253,19533
1254,19940
1255,19432
1256,18749
1257,19053
1258,21251
1259,17379
1260,38184
1261,20706
1262,15566
1263,17285
1264,16702
1265,20833
1266,17254
1267,18618
1268,15297
1269,15070
1270,27204
1271,20765
1272,23995
1273,26132
1274,20587
1275,24632
1276,16421
1277,17147
1278,15474
1279,28859
1280,48399
1281,17077
1282,18927
1283,16945
1284,18628
1285,19389
1286,14363
1287,16799
1288,14662
1289,17104
1290,26965
1291,23953
1292,17994
1293,15984
1294,17570
1295,22129
1296,23162
1297,19330
1298,16625
1299,19984
1300,188962
1301,29599
1302,29862
1303,24307
1304,26493
1305,24389
1306,25657
1307,27954
1308,23788
1309,20365
1310,36870
1311,21536
1312,26674
1313,22951
1314,25134
1315,22230
1316,20850
1317,17896
1318,18094
1319,16042
1320,35047
1321,20546
1322,18956
1323,19122
1324,20564
1325,38310
1326,21948
1327,24077
1328,19957
1329,16792
1330,30899
1331,20356
1332,22219
1333,24762
1334,16452
1335,18399
1336,18718
1337,27133
1338,16341
1339,15027
1340,27995
1341,18893
1342,16953
1343,17375
1344,17803
1345,19321
1346,20689
1347,20141
1348,22259
1349,20059
1350,54483
1351,18661
1352,15391
1353,19154
1354,16235
1355,17533
1356,17241
1357,16860
1358,14894
1359,15279
1360,26648
1361,17683
1362,15861
1363,15871
1364,22224
1365,55181
1366,18109
1367,18281
1368,31807
1369,16926
1370,24159
1371,142492
1372,14780
1373,18533
1374,14615
1375,20602
1376,15024
1377,22723
1378,17566
1379,15566
1380,26067
1381,18332
1382,16745
1383,15523
1384,14752
1385,20359
1386,18496
1387,16797
1388,15992
1389,19320
1390,21583
1391,16626
1392,21697
1393,14536
1394,23533
1395,17196
1396,15826
1397,17307
1398,16954
1399,23404
1400,175434
1401,28356
1402,27434
1403,21305
1404,24639
1405,26013
1406,22533
1407,17764
1408,21449
1409,19547
1410,30186
1411,18661
1412,23503
1413,18545
1414,20945
1415,30736
1416,20568
1417,16778
1418,15826
1419,16932
1420,34419
1421,17934
1422,19100
1423,15741
1424,16307
1425,20965
1426,12824
1427,15454
1428,17449
1429,18083
1430,28687
1431,19870
1432,18885
1433,18171
1434,15737
1435,18326
1436,15443
1437,16498
1438,16386
1439,17714
1440,50754
1441,20672
1442,15421
1443,15690
1444,17072
1445,18938
1446,14866
1447,15101
1448,14577
1449,15965
1450,57820
1451,19558
1452,20665
1453,41720
1454,14518
1455,20959
1456,16459
1457,15942
1458,15404
1459,16566
1460,30939
1461,21935
1462,19090
1463,16059
1464,16612
1465,17713
1466,15200
1467,23358
1468,17642
1469,27006
1470,26301
1471,57683
1472,20460
1473,18980
1474,16159
1475,27014
1476,19242
1477,18464
1478,18832
1479,17471
1480,27492
1481,16386
1482,17732
1483,26516
1484,17071
1485,28515
1486,16634
1487,16141
1488,16886
1489,16316
1490,22947
1491,18076
1492,65929
1493,24942
1494,24513
1495,21305
1496,17661
1497,22180
1498,23837
1499,23194
1500,507483
1501,34597
1502,36551
1503,32317
1504,29909
1505,27818
1506,28934
1507,22165
1508,26299
1509,29457
1510,36426
1511,27796
1512,32155
1513,28300
1514,23388
1515,35601
1516,28878
1517,31489
1518,21909
1519,39013
1520,64077
1521,41814
1522,25139
1523,39185
1524,27573
1525,34592
1526,30037
1527,27809
1528,23895
1529,25219
1530,44210
1531,22682
1532,27041
1533,28141
1534,33431
1535,31824
1536,39949
1537,23924
1538,28682
1539,26420
1540,48426
1541,29336
1542,31616
1543,29098
1544,20117
1545,27015
1546,23827
1547,32595
1548,21239
1549,24598
1550,69384
1551,21759
1552,24161
1553,29974
1554,22668
1555,30345
1556,26659
1557,24636
1558,34564
1559,33059
1560,39523
1561,24320
1562,23573
1563,23996
1564,32963
1565,29700
1566,25702
1567,25223
1568,24237
1569,24162
1570,35023
1571,29374
1572,31573
1573,24787
1574,23774
1575,26768
1576,23110
1577,23354
1578,22307
1579,20594
1580,37154
1581,23292
1582,28972
1583,23043
1584,26690
1585,29051
1586,23483
1587,26403
1588,33338
1589,23653
1590,42152
1591,23688
1592,26708
1593,24923
1594,23358
1595,26413
1596,29106
1597,24000
1598,31864
1599,27707
1600,268429
1601,36411
1602,37838
1603,58696
1604,37096
1605,41510
1606,36937
1607,40123
1608,35644
1609,45123
1610,56328
1611,37200
1612,35537
1613,28326
1614,29489
1615,31004
1616,37089
1617,26307
1618,33480
1619,37246
1620,57254
1621,37670
1622,28825
1623,34503
1624,29426
1625,37726
1626,28213
1627,26713
1628,28963
1629,28807
1630,49295
1631,26951
1632,34846
1633,28029
1634,29327
1635,35007
1636,30108
1637,31822
1638,33287
1639,27569
1640,82850
1641,31955
1642,49238
1643,35038
1644,52769
1645,34144
1646,27524
1647,27163
1648,48318
1649,37414
1650,76233
1651,32248
1652,28176
1653,28294
1654,29417
1655,31449
1656,28755
1657,26980
1658,29847
1659,28372
1660,65850
1661,33830
1662,33239
1663,28592
1664,31699
1665,38745
1666,35534
1667,35378
1668,27595
1669,28498
1670,40600
1671,26633
1672,32710
1673,29305
1674,30009
1675,35500
1676,30252
1677,26435
1678,28554
1679,28485
1680,47687
1681,28763
1682,31767
1683,33437
1684,27278
1685,41566
1686,27025
1687,32673
1688,45983
1689,44125
1690,41581
1691,26471
1692,36763
1693,27110
1694,28453
1695,29257
1696,25512
1697,31066
1698,25332
1699,31017
1700,178115
1701,50904
1702,38901
1703,38310
1704,38684
1705,35599
1706,35757
1707,51584
1708,33326
1709,33303
1710,46952
1711,35000
1712,35652
1713,36124
1714,39128
1715,45593
1716,31281
1717,35211
1718,35672
1719,30105
1720,48353
1721,31759
1722,34334
1723,33287
1724,32877
1725,36728
1726,30292
1727,36253
1728,34782
1729,32756
1730,45580
1731,29235
1732,35450
1733,32094
1734,36215
1735,36970
1736,33295
1737,32289
1738,32768
1739,32488
1740,52204
1741,36975
1742,37083
1743,37952
1744,36196
1745,48010
1746,38839
1747,33993
1748,43725
1749,39295
1750,101005
1751,38289
1752,40794
1753,41764
1754,46119
1755,57637
1756,50480
1757,43596
1758,60871
1759,49305
1760,64203
1761,40270
1762,44708
1763,73610
1764,47384
1765,56968
1766,46081
1767,48892
1768,49751
1769,49590
1770,76789
1771,43566
1772,52199
1773,53056
1774,69326
1775,105385
1776,143863
1777,74110
1778,70244
1779,55279
1780,82352
1781,73528
1782,62423
1783,89041
1784,63605
1785,64568
1786,58937
1787,104734
1788,80237
1789,156589
1790,105566
1791,94656
1792,99847
1793,99031
1794,85752
1795,86780
1796,79114
1797,81973
1798,94709
1799,88892
1800,395608
1801,105242
1802,90023
1803,104552
1804,106291
1805,90460
1806,95794
1807,89688
1808,90535
1809,97807
1810,108871
1811,85828
1812,195510
1813,93710
1814,117542
1815,147270
1816,93088
1817,89181
1818,102903
1819,103035
1820,147917
1821,114599
1822,95504
1823,86012
1824,107927
1825,107353
1826,93361
1827,89018
1828,105750
1829,96884
1830,180345
1831,114900
1832,126390
1833,106651
1834,106953
1835,121200
1836,124702
1837,130501
1838,113847
1839,119759
1840,192339
1841,123994
1842,117392
1843,111174
1844,124811
1845,133514
1846,134371
1847,130082
1848,218937
1849,142164
1850,261447
1851,152268
1852,129970
1853,128433
1854,147119
1855,136323
1856,147174
1857,166929
1858,142697
1859,166666
1860,259586
1861,248588
1862,204845
1863,209640
1864,199546
1865,239973
1866,164881
1867,190504
1868,185760
1869,167368
1870,260794
1871,206424
1872,171866
1873,159913
1874,158531
1875,174932
1876,183968
1877,167395
1878,170647
1879,175829
1880,298766
1881,205298
1882,190579
1883,179518
1884,184725
1885,203159
1886,190000
1887,190686
1888,201451
1889,214713
1890,280735
1891,235867
1892,204599
1893,212678
1894,202558
1895,235911
1896,245687
1897,220949
1898,249187
1899,229827
1900,552348
1901,303056
1902,255521
1903,262754
1904,271057
1905,320307
1906,286646
1907,268929
1908,303013
1909,269491
1910,401328
1911,377824
1912,378179
1913,356748
1914,491969
1915,370199
1916,367363
1917,479376
1918,525405
1919,423307
1920,634057
1921,357691
1922,360325
1923,339360
1924,353613
1925,356799
1926,346185
1927,347012
1928,369016
1929,416320
1930,555297
1931,365378
1932,400322
1933,461291
1934,408906
1935,421338
1936,487521
1937,444507
1938,475945
1939,645157
1940,704296
1941,593019
1942,556531
1943,514691
1944,623702
1945,903877
1946,551451
1947,598791
1948,667697
1949,576819
1950,829514
1951,512214
1952,549186
1953,570827
1954,584027
1955,580549
1956,649967
1957,619320
1958,646702
1959,650827
1960,1018672
1961,737097
1962,804851
1963,810734
1964,914074
1965,874425
1966,845375
1967,973801
1968,1053444
1969,1017096
1970,1293546
1971,1016596
1972,1126327
1973,1116707
1974,1099224
1975,1175293
1976,1163925
1977,1127524
1978,1195014
1979,1357755
1980,1680620
1981,1286356
1982,1393102
1983,1381321
1984,1562017
1985,1532597
1986,1647488
1987,1646231
1988,1788005
1989,2018938
1990,2526017
1991,2312485
1992,2494836
1993,2460081
1994,2748436
1995,2876985
1996,3091795
1997,3178082
1998,3499813
1999,3837977
2000,5705412
2001,4555399
2002,4692575
2003,4963868
2004,5403982
2005,5732162
2006,6081168
2007,6375754
2008,7314679
2009,6639361
2010,7557746
2011,7561315
2012,7717515
2013,7347254
2014,7563968
2015,7845789
2016,8324611
2017,7791793
2018,7945618
2019,6530617
2020,7295988
2021,4603594
2022,3045008
2023,796336
2024,287334
2025,298560
2026,130021
2027,106229
2028,78684
2029,40515
2030,499070
2031,27691
2032,27810
2033,16942
2034,14103
2035,54876
2036,18595
2037,12040
2038,12401
2039,10428
2040,72902
2041,15917
2042,12436
2043,8846
2044,10022
2045,25764
2046,12475
2047,12806
2048,67427
2049,23818
2050,287766
2051,9509
2052,11813
2053,7510
2054,7052
2055,10549
2056,7791
2057,6950
2058,6684
2059,7333
2060,37562
2061,9518
2062,6293
2063,11693
2064,6912
2065,9635
2066,6930
2067,6470
2068,7912
2069,6818
2070,30045
2071,10354
2072,8136
2073,6931
2074,6491
2075,10169
2076,7129
2077,20432
2078,6700
2079,6702
2080,31024
2081,8203
2082,5086
2083,5982
2084,6431
2085,6921
2086,5369
2087,5766
2088,6404
2089,5821
2090,9903
2091,5651
2092,5387
2093,5824
2094,5723
2095,7003
2096,5247
2097,5511
2098,5297
2099,16671
2100,141112
2101,12056
2102,10576
2103,9490
2104,10506
2105,22237
2106,10847
2107,8147
2108,8564
2109,7776
2110,13477
2111,9971
2112,14066
2113,10873
2114,7639
2115,10776
2116,6631
2117,6856
2118,7893
2119,8788
2120,11544
2121,10035
2122,7466
2123,6768
2124,6411
2125,8105
2126,6819
2127,5802
2128,6631
2129,5809
2130,10905
2131,6089
2132,5879
2133,8016
2134,6790
2135,7320
2136,5871
2137,5379
2138,6974
2139,8778
2140,10654
2141,7239
2142,7457
2143,6495
2144,6082
2145,6336
2146,4973
2147,6659
2148,8651
2149,5542
2150,16213
2151,8146
2152,6405
2153,6646
2154,7379
2155,8477
2156,6228
2157,5620
2158,4708
2159,5308
2160,19684
2161,6558
2162,5212
2163,5509
2164,11792
2165,7454
2166,5859
2167,5288
2168,4607
2169,5091
2170,7201
2171,4591
2172,5289
2173,4845
2174,9030
2175,6736
2176,4616
2177,4613
2178,5350
2179,4683
2180,8397
2181,6455
2182,4872
2183,5046
2184,4469
2185,5295
2186,4305
2187,6285
2188,4321
2189,4868
2190,6651
2191,5016
2192,4739
2193,4628
2194,4334
2195,5344
2196,5797
2197,5031
2198,4470
2199,7181
2200,78336
2201,10997
2202,10253
2203,6989
2204,8221
2205,9858
2206,7975
2207,6780
2208,6435
2209,5951
2210,10965
2211,7835
2212,8432
2213,5849
2214,6469
2215,8034
2216,8367
2217,6641
2218,5859
2219,5420
2220,9754
2221,8260
2222,15756
2223,7582
2224,7354
2225,6678
2226,5037
2227,5701
2228,5065
2229,6591
2230,10181
2231,8132
2232,5329
2233,6328
2234,4790
2235,5385
2236,5905
2237,5129
2238,4587
2239,4517
2240,9823
2241,8284
2242,6812
2243,5333
2244,6827
2245,6016
2246,4894
2247,4778
2248,4848
2249,5138
2250,19102
2251,7422
2252,5914
2253,6501
2254,18396
2255,20174
2256,6472
2257,6117
2258,5196
2259,5334
2260,7460
2261,5789
2262,4695
2263,4828
2264,5440
2265,5582
2266,5732
2267,6785
2268,5738
2269,5182
2270,7304
2271,4595
2272,5145
2273,5803
2274,4239
2275,5300
2276,4298
2277,6007
2278,5630
2279,4556
2280,9124
2281,6091
2282,4637
2283,4633
2284,4349
2285,5473
2286,4370
2287,5638
2288,5354
2289,4471
2290,6049
2291,3880
2292,4088
2293,5135
2294,3834
2295,4709
2296,4085
2297,4073
2298,4120
2299,5149
2300,62826
2301,8768
2302,7001
2303,5561
2304,8570
2305,7702
2306,5679
2307,30720
2308,7421
2309,5365
2310,10453
2311,7059
2312,7562
2313,5807
2314,7242
2315,6434
2316,5044
2317,6194
2318,4705
2319,5581
2320,9144
2321,5969
2322,5721
2323,7077
2324,6095
2325,6636
2326,5313
2327,5183
2328,4538
2329,4957
2330,8277
2331,5419
2332,5409
2333,7479
2334,6953
2335,4990
2336,4549
2337,7451
2338,3957
2339,4379
2340,9537
2341,5029
2342,5076
2343,4507
2344,4631
2345,10092
2346,4434
2347,5370
2348,5772
2349,4626
2350,12520
2351,4787
2352,4957
2353,5037
2354,4267
2355,4835
2356,4421
2357,5048
2358,4301
2359,5071
2360,6625
2361,4687
2362,4790
2363,4465
2364,5701
2365,5876
2366,5825
2367,5836
2368,5876
2369,6887
2370,8000
2371,7474
2372,6610
2373,6611
2374,6260
2375,8561
2376,6313
2377,5433
2378,4905
2379,5309
2380,6767
2381,5426
2382,4534
2383,5078
2384,4011
2385,5327
2386,4235
2387,4300
2388,4145
2389,4146
2390,5149
2391,4336
2392,5194
2393,4310
2394,3720
2395,4686
2396,4865
2397,4259
2398,3797
2399,5057
2400,84892
2401,9183
2402,7054
2403,6683
2404,5506
2405,6146
2406,4936
2407,5595
2408,5637
2409,5253
2410,8561
2411,5422
2412,6878
2413,5140
2414,5098
2415,5395
2416,4401
2417,4379
2418,4131
2419,4927
2420,7332
2421,4936
2422,6543
2423,5252
2424,6391
2425,7480
2426,4579
2427,4772
2428,4358
2429,4111
2430,6665
2431,4655
2432,3871
2433,4408
2434,3937
2435,5159
2436,4131
2437,3918
2438,3894
2439,3741
2440,6904
2441,4165
2442,4282
2443,4375
2444,4820
2445,4769
2446,3909
2447,3656
2448,6636
2449,4210
2450,12376
2451,4509
2452,3858
2453,4070
2454,4263
2455,5146
2456,4311
2457,4427
2458,5105
2459,3749
2460,6977
2461,4277
2462,4339
2463,3790
2464,3979
2465,4742
2466,4539
2467,4128
2468,4488
2469,4176
2470,5099
2471,4390
2472,4165
2473,4091
2474,4516
2475,5356
2476,3685
2477,4898
2478,7001
2479,3488
2480,5636
2481,3914
2482,3529
2483,3882
2484,3659
2485,4311
2486,4266
2487,3579
2488,3892
2489,3895
2490,4786
2491,3915
2492,3707
2493,3837
2494,3885
2495,4121
2496,3827
2497,4196
2498,4027
2499,5721
2500,235849
2501,8065
2502,6241
2503,5506
2504,5620
2505,6005
2506,5805
2507,4770
2508,5274
2509,4509
2510,8699
2511,6069
2512,5630
2513,4400
2514,5679
2515,5051
2516,4702
2517,4511
2518,5190
2519,4272
2520,10883
2521,6768
2522,4747
2523,4220
2524,4018
2525,9042
2526,5030
2527,5763
2528,4547
2529,4571
2530,7154
2531,5818
2532,5278
2533,4526
2534,3998
2535,5219
2536,4810
2537,5234
2538,3705
2539,4027
2540,6793
2541,4519
2542,3888
2543,4491
2544,3981
2545,4544
2546,3860
2547,4148
2548,4467
2549,3900
2550,10720
2551,5169
2552,5943
2553,5330
2554,4424
2555,6056
2556,4041
2557,4455
2558,5120
2559,4107
2560,21727
2561,3687
2562,4669
2563,5143
2564,3776
2565,3690
2566,3631
2567,4721
2568,3576
2569,3388
2570,4861
2571,3976
2572,3181
2573,3449
2574,3551
2575,4889
2576,3442
2577,3922
2578,3430
2579,3934
2580,5408
2581,4251
2582,3198
2583,4074
2584,3412
2585,4167
2586,3306
2587,3141
2588,3445
2589,3800
2590,4717
2591,3345
2592,4105
2593,3575
2594,3301
2595,3677
2596,3238
2597,3698
2598,3193
2599,3542
2600,65273
2601,7100
2602,5168
2603,4707
2604,4639
2605,5497
2606,5164
2607,4010
2608,3874
2609,3825
2610,6957
2611,4992
2612,4478
2613,4237
2614,3850
2615,4148
2616,5745
2617,4045
2618,3959
2619,3558
2620,6668
2621,4168
2622,4057
2623,3778
2624,3433
2625,5431
2626,4794
2627,4404
2628,4766
2629,3552
2630,7639
2631,4446
2632,4060
2633,3995
2634,3597
2635,4550
2636,3562
2637,4250
2638,3206
2639,3565
2640,6398
2641,3672
2642,3753
2643,3355
2644,3158
2645,3630
2646,3463
2647,3344
2648,3955
2649,3215
2650,9888
2651,3577
2652,3453
2653,3550
2654,3455
2655,3967
2656,4106
2657,3312
2658,3411
2659,3154
2660,5104
2661,3489
2662,3270
2663,3305
2664,4083
2665,3691
2666,6873
2667,4763
2668,3038
2669,3631
2670,5288
2671,3559
2672,4355
2673,3782
2674,3259
2675,4074
2676,3153
2677,3459
2678,2926
2679,3247
2680,6362
2681,3432
2682,2998
2683,3294
2684,2933
2685,3506
2686,3847
2687,2955
2688,3962
2689,2995
2690,5035
2691,3164
2692,3086
2693,3886
2694,2695
2695,4009
2696,2754
2697,4036
2698,3248
2699,4869
2700,46211
2701,6120
2702,5689
2703,4666
2704,4931
2705,5627
2706,4107
2707,3989
2708,3765
2709,3933
2710,6217
2711,6527
2712,4139
2713,3387
2714,3713
2715,3960
2716,3955
2717,3577
2718,3290
2719,3592
2720,6191
2721,3378
2722,3762
2723,3711
2724,3239
2725,4430
2726,3461
2727,5472
2728,3816
2729,4143
2730,7863
2731,3924
2732,3675
2733,3781
2734,2970
2735,3573
2736,3862
2737,4329
2738,3357
2739,3611
2740,4504
2741,4059
2742,3095
2743,3297
2744,4207
2745,4452
2746,3055
2747,3415
2748,2948
2749,3197
2750,10914
2751,3416
2752,3351
2753,3376
2754,2947
2755,3633
2756,2926
2757,3004
2758,3860
2759,2964
2760,5756
2761,3094
2762,2756
2763,3520
2764,3377
2765,5043
2766,2944
2767,3507
2768,2938
2769,2822
2770,4578
2771,2838
2772,3594
2773,3041
2774,2674
2775,4018
2776,2730
2777,3777
2778,3615
2779,3036
2780,4501
2781,5727
2782,2945
2783,3140
2784,2923
2785,3423
2786,2996
2787,3901
2788,3119
2789,4111
2790,4033
2791,2987
2792,2863
2793,3026
2794,2822
2795,3544
2796,3436
2797,3018
2798,2738
2799,3315
2800,47025
2801,5363
2802,4643
2803,4099
2804,3843
2805,4106
2806,3959
2807,3468
2808,4374
2809,3646
2810,5467
2811,4168
2812,3989
2813,3558
2814,3969
2815,3568
2816,3592
2817,3130
2818,3677
2819,3025
2820,5634
2821,3942
2822,4781
2823,3150
2824,3447
2825,4343
2826,3129
2827,2863
2828,3872
2829,3393
2830,5667
2831,3285
2832,3744
2833,3784
2834,3069
2835,5012
2836,5745
2837,2922
2838,2898
2839,2782
2840,4844
2841,3301
2842,2694
2843,2844
2844,2904
2845,3450
2846,2663
2847,2877
2848,3237
2849,2996
2850,8783
2851,3136
2852,3247
2853,3118
2854,2781
2855,3255
2856,3291
2857,3677
2858,2711
2859,3453
2860,4717
2861,3009
2862,2663
2863,2982
2864,3158
2865,3760
2866,11315
2867,3007
2868,2589
2869,2983
2870,3763
2871,2883
2872,2687
2873,3076
2874,2953
2875,4962
2876,2505
2877,2779
2878,2718
2879,3080
2880,8358
2881,3116
2882,3199
2883,2949
2884,2529
2885,3856
2886,2902
2887,2993
2888,3440
2889,3035
2890,3920
2891,3358
2892,2900
2893,2943
2894,2551
2895,2964
2896,3263
2897,2713
2898,2793
2899,2871
2900,25892
2901,5193
2902,4030
2903,5087
2904,3889
2905,3611
2906,3577
2907,4057
2908,3259
2909,4770
2910,5429
2911,4241
2912,4390
2913,3224
2914,3484
2915,4325
2916,3792
2917,3464
2918,3326
2919,3709
2920,9324
2921,3918
2922,3456
2923,4416
2924,3081
2925,4465
2926,2966
2927,3046
2928,2825
2929,7191
2930,5283
2931,3722
2932,3175
2933,4365
2934,3327
2935,3321
2936,3192
2937,2833
2938,2519
2939,2854
2940,5254
2941,3799
2942,2797
2943,3073
2944,2841
2945,3532
2946,2691
2947,3361
2948,2814
2949,2717
2950,7937
2951,3151
2952,3091
2953,3154
2954,3196
2955,3022
2956,2805
2957,2973
2958,8065
2959,3086
2960,6039
2961,2802
2962,2770
2963,3006
2964,2783
2965,3137
2966,2993
2967,2965
2968,2415
2969,2722
2970,3718
2971,3064
2972,2717
2973,3211
2974,2534
2975,3572
2976,2707
2977,3102
2978,2854
2979,2880
2980,4364
2981,2871
2982,2747
2983,2766
2984,2480
2985,2892
2986,2381
2987,2909
2988,2903
2989,2963
2990,3805
2991,4835
2992,3002
2993,2700
2994,2758
2995,3487
2996,2942
2997,3257
2998,2830
2999,5848
3000,501118
3001,13009
3002,7385
3003,10265
3004,6768
3005,6208
3006,5354
3007,4261
3008,6978
3009,4459
3010,10306
3011,5063
3012,5589
3013,4205
3014,3915
3015,5253
3016,4333
3017,3866
3018,4506
3019,5161
3020,8064
3021,4288
3022,3762
3023,3398
3024,4443
3025,5518
3026,3169
3027,3570
3028,3145
3029,3039
3030,9959
3031,4381
3032,4207
3033,4309
3034,3558
3035,4419
3036,3116
3037,3289
3038,3083
3039,3670
3040,8178
3041,3239
3042,3400
3043,3231
3044,3014
3045,4467
3046,3051
3047,2970
3048,9836
3049,2859
3050,12402
3051,3735
3052,3841
3053,3298
3054,3560
3055,4115
3056,3129
3057,3980
3058,2726
3059,3191
3060,17068
3061,3071
3062,3019
3063,2994
3064,2638
3065,3484
3066,3324
3067,3457
3068,4457
3069,2705
3070,15038
3071,3036
3072,6882
3073,2878
3074,3189
3075,3564
3076,2716
3077,3666
3078,2573
3079,3211
3080,20396
3081,3319
3082,2519
3083,3048
3084,2609
3085,3253
3086,2625
3087,2836
3088,3012
3089,2531
3090,14260
3091,2762
3092,2664
3093,2513
3094,2361
3095,3009
3096,2763
3097,2419
3098,2507
3099,4109
3100,34000
3101,6311
3102,6260
3103,4107
3104,4587
3105,4692
3106,3590
3107,3519
3108,4118
3109,9961
3110,6349
3111,5156
3112,4369
3113,4080
3114,4330
3115,4695
3116,3512
3117,3712
3118,2776
3119,3261
3120,6396
3121,5365
3122,3681
3123,3360
3124,3270
3125,10837
3126,3049
3127,2829
3128,3433
3129,2583
3130,6315
3131,4341
3132,3700
3133,4522
3134,3196
3135,4102
3136,3441
3137,2927
3138,2957
3139,2688
3140,4658
3141,3665
3142,4152
3143,3147
3144,2914
3145,4341
3146,2955
3147,3576
3148,2656
3149,2421
3150,9188
3151,2723
3152,2683
3153,2786
3154,2439
3155,3152
3156,3396
3157,3343
3158,2696
3159,2586
3160,4098
3161,4208
3162,2985
3163,2652
3164,3012
3165,2809
3166,9113
3167,3272
3168,5185
3169,2551
3170,3430
3171,3741
3172,2428
3173,2613
3174,2787
3175,3544
3176,2327
3177,2986
3178,2281
3179,2301
3180,3920
3181,3090
3182,2974
3183,2520
3184,2547
3185,2765
3186,2356
3187,2569
3188,2352
3189,3662
3190,3121
3191,2643
3192,2494
3193,2348
3194,2495
3195,3103
3196,2414
3197,2496
3198,2478
3199,2844
3200,64292
3201,8002
3202,4460
3203,3688
3204,3582
3205,4329
3206,3097
3207,3461
3208,3092
3209,2987
3210,5915
3211,4271
3212,4470
3213,4171
3214,3358
3215,3570
3216,3445
3217,3034
3218,2821
3219,2953
3220,5386
3221,3773
3222,3210
3223,3965
3224,3289
3225,3622
3226,3193
3227,3144
3228,2635
3229,2629
3230,4147
3231,3400
3232,3814
3233,5262
3234,3186
3235,3300
3236,2738
3237,2836
3238,2560
3239,2490
3240,4752
3241,2846
3242,2723
3243,2678
3244,2453
3245,2952
3246,2920
3247,2538
3248,2532
3249,2666
3250,8313
3251,2964
3252,2644
3253,2489
3254,2462
3255,2872
3256,2809
3257,2568
3258,2301
3259,2462
3260,3848
3261,3683
3262,2610
3263,2876
3264,3220
3265,2765
3266,2693
3267,2588
3268,2373
3269,2357
3270,5526
3271,2394
3272,2240
3273,2422
3274,2130
3275,2819
3276,2640
3277,2225
3278,2315
3279,2248
3280,4650
3281,3163
3282,2894
3283,2441
3284,2133
3285,2725
3286,2392
3287,2254
3288,2586
3289,2472
3290,3262
3291,2283
3292,2275
3293,2522
3294,2162
3295,2709
3296,2333
3297,2515
3298,1993
3299,2855
3300,34630
3301,6138
3302,4282
3303,4554
3304,3826
3305,4641
3306,7281
3307,3097
3308,3099
3309,3067
3310,8490
3311,4235
3312,3438
3313,3252
3314,2912
3315,3320
3316,2769
3317,2690
3318,2814
3319,2829
3320,4954
3321,3600
3322,3624
3323,3100
3324,3382
3325,3539
3326,2448
3327,2909
3328,2770
3329,2564
3330,5002
3331,3250
3332,2993
3333,22053
3334,3550
3335,3643
3336,3170
3337,2955
3338,2567
3339,3661
3340,4324
3341,2891
3342,3120
3343,2879
3344,3279
3345,3067
3346,2605
3347,2555
3348,2485
3349,2477
3350,8416
3351,2928
3352,2451
3353,2570
3354,6265
3355,3037
3356,2306
3357,2546
3358,2435
3359,2543
3360,4703
3361,2479
3362,2570
3363,2432
3364,2574
3365,2717
3366,5885
3367,2421
3368,2504
3369,2383
3370,3422
3371,2797
3372,2568
3373,2853
3374,2149
3375,4591
3376,2280
3377,2472
3378,2226
3379,2689
3380,3753
3381,2477
3382,3029
3383,2562
3384,2369
3385,2597
3386,3127
3387,2234
3388,2550
3389,35952
3390,32669
3391,2431
3392,2090
3393,2550
3394,2056
3395,2424
3396,2430
3397,2241
3398,2045
3399,5179
3400,27422
3401,4275
3402,6423
3403,2819
3404,3170
3405,3622
3406,3669
3407,3517
3408,2858
3409,2572
3410,4994
3411,3421
3412,3659
3413,2971
3414,3080
3415,3101
3416,2329
3417,2574
3418,2611
3419,2036
3420,4298
3421,2900
3422,2856
3423,2564
3424,2336
3425,3025
3426,2573
3427,2699
3428,2212
3429,2411
3430,3342
3431,2643
3432,2675
3433,2688
3434,3309
3435,3368
3436,2608
3437,2304
3438,2307
3439,2404
3440,5212
3441,2428
3442,2209
3443,2552
3444,2656
3445,2985
3446,2446
3447,2371
3448,2450
3449,2374
3450,6415
3451,2220
3452,2524
3453,2296
3454,2366
3455,2640
3456,5811
3457,2532
3458,2223
3459,2227
3460,3122
3461,2356
3462,2142
3463,2119
3464,2193
3465,2584
3466,2214
3467,2306
3468,2295
3469,1949
3470,3433
3471,2221
3472,2684
3473,2086
3474,2209
3475,2835
3476,2468
3477,2217
3478,2630
3479,2006
3480,3375
3481,2336
3482,2184
3483,1993
3484,2001
3485,2325
3486,2182
3487,1979
3488,2246
3489,2001
3490,2978
3491,2007
3492,2146
3493,1997
3494,1899
3495,4359
3496,1877
3497,2102
3498,2220
3499,2568
3500,104362
3501,5986
3502,3477
3503,3005
3504,3214
3505,3366
3506,3027
3507,2308
3508,3225
3509,2533
3510,4270
3511,2953
3512,3045
3513,2422
3514,3023
3515,2878
3516,2579
3517,2594
3518,2171
3519,2280
3520,5600
3521,2873
3522,2619
3523,2342
3524,2241
3525,3073
3526,2226
3527,2360
3528,3670
3529,2159
3530,3462
3531,2415
3532,2250
3533,2115
3534,2145
3535,3806
3536,2526
3537,2522
3538,2162
3539,2406
3540,3921
3541,2210
3542,2507
3543,2335
3544,2078
3545,2507
3546,2052
3547,2265
3548,2829
3549,2032
3550,6324
3551,2742
3552,2293
3553,21596
3554,2118
3555,3229
3556,2226
3557,2116
3558,2092
3559,2686
3560,3701
3561,2135
3562,2106
3563,2210
3564,1879
3565,2676
3566,2150
3567,2257
3568,2884
3569,2029
3570,3919
3571,2658
3572,2218
3573,1924
3574,1903
3575,2899
3576,2153
3577,2101
3578,1829
3579,2138
3580,2960
3581,2172
3582,6297
3583,3127
3584,3835
3585,2875
3586,2030
3587,2005
3588,2785
3589,2105
3590,3788
3591,2248
3592,2678
3593,2619
3594,1828
3595,2014
3596,1921
3597,2053
3598,1968
3599,2721
3600,68334
3601,4017
3602,2988
3603,3138
3604,3133
3605,3240
3606,2741
3607,2460
3608,2563
3609,2240
3610,5045
3611,2377
3612,2479
3613,2377
3614,2356
3615,2677
3616,2354
3617,2322
3618,2142
3619,2312
3620,3512
3621,2844
3622,2338
3623,2283
3624,2605
3625,2807
3626,2376
3627,2475
3628,2414
3629,2158
3630,3869
3631,2362
3632,2279
3633,2358
3634,2019
3635,2332
3636,3370
3637,2477
3638,2497
3639,2477
3640,4100
3641,2413
3642,2790
3643,2332
3644,1982
3645,2466
3646,2066
3647,2168
3648,2397
3649,2070
3650,7088
3651,2696
3652,2108
3653,2414
3654,2216
3655,2529
3656,2055
3657,2141
3658,2614
3659,2010
3660,3148
3661,2593
3662,1880
3663,2967
3664,2325
3665,2291
3666,2124
3667,2612
3668,2168
3669,2016
3670,2627
3671,2106
3672,2004
3673,2120
3674,1975
3675,2417
3676,2220
3677,2392
3678,2205
3679,2076
3680,3008
3681,1991
3682,1902
3683,2047
3684,2068
3685,1979
3686,2260
3687,2200
3688,1929
3689,1808
3690,2764
3691,2059
3692,1853
3693,1833
3694,1692
3695,1890
3696,2116
3697,2462
3698,1575
3699,1904
3700,22094
3701,4684
3702,3227
3703,2565
3704,2667
3705,2529
3706,2139
3707,2190
3708,2295
3709,2121
3710,3326
3711,2801
3712,2267
3713,2172
3714,2212
3715,2685
3716,2058
3717,2598
3718,2075
3719,2552
3720,3586
3721,2464
3722,2138
3723,2038
3724,2612
3725,2380
3726,1995
3727,3279
3728,1816
3729,3598
3730,7210
3731,2870
3732,2967
3733,3115
3734,1852
3735,2235
3736,1869
3737,2933
3738,2389
3739,3639
3740,3079
3741,2212
3742,5486
3743,2235
3744,2426
3745,4532
3746,2080
3747,2007
3748,3131
3749,1904
3750,8944
3751,2230
3752,1954
3753,2146
3754,2307
3755,2988
3756,2223
3757,1976
3758,7246
3759,1806
3760,3099
3761,2337
3762,2301
3763,1884
3764,1966
3765,2236
3766,2055
3767,1942
3768,1787
3769,1978
3770,3876
3771,2157
3772,2171
3773,2384
3774,1997
3775,2505
3776,2120
3777,2219
3778,1814
3779,1848
3780,2912
3781,2354
3782,1724
3783,1946
3784,1806
3785,2697
3786,1801
3787,1837
3788,2036
3789,1856
3790,2211
3791,4004
3792,1609
3793,1836
3794,1663
3795,2204
3796,1763
3797,2289
3798,1646
3799,1994
3800,24707
3801,3417
3802,2679
3803,2369
3804,2167
3805,2409
3806,2473
3807,2096
3808,2608
3809,2380
3810,3604
3811,2461
3812,2277
3813,1931
3814,1999
3815,2097
3816,2098
3817,1818
3818,1614
3819,1951
3820,4161
3821,2128
3822,2098
3823,2342
3824,2676
3825,2655
3826,1750
3827,1984
3828,2025
3829,1825
3830,2845
3831,1857
3832,1668
3833,2536
3834,1891
3835,2777
3836,1668
3837,2580
3838,2981
3839,2416
3840,11844
3841,2818
3842,2276
3843,1972
3844,2891
3845,2615
3846,2103
3847,3041
3848,1734
3849,1713
3850,5185
3851,2232
3852,2181
3853,1825
3854,1627
3855,1983
3856,1831
3857,3172
3858,1677
3859,2096
3860,2632
3861,1977
3862,1810
3863,1758
3864,2140
3865,2300
3866,1996
3867,1752
3868,1845
3869,1618
3870,3025
3871,1869
3872,4862
3873,1684
3874,1598
3875,2234
3876,1632
3877,1778
3878,1854
3879,1663
3880,2569
3881,1981
3882,1636
3883,1785
3884,1624
3885,2079
3886,1902
3887,1780
3888,2936
3889,1979
3890,2247
3891,1749
3892,2762
3893,1801
3894,1828
3895,1863
3896,1754
3897,2210
3898,1615
3899,2003
3900,16156
3901,3330
3902,2501
3903,2735
3904,2613
3905,2317
3906,2643
3907,2238
3908,2320
3909,2208
3910,2876
3911,2241
3912,2003
3913,1964
3914,2033
3915,2465
3916,2047
3917,2140
3918,1816
3919,1986
3920,3247
3921,2240
3922,2258
3923,2304
3924,1754
3925,2317
3926,1930
3927,1794
3928,2322
3929,1898
3930,2795
3931,1941
3932,2768
3933,1992
3934,17870
3935,1729
3936,1713
3937,3493
3938,1524
3939,2429
3940,4544
3941,2141
3942,1861
3943,1732
3944,1803
3945,3865
3946,2602
3947,2183
3948,1630
3949,1872
3950,4036
3951,1884
3952,1830
3953,1743
3954,1805
3955,2028
3956,2279
3957,1597
3958,1609
3959,2711
3960,3346
3961,1714
3962,1999
3963,2193
3964,1960
3965,1923
3966,1997
3967,1871
3968,1921
3969,3262
3970,2530
3971,1747
3972,1976
3973,1647
3974,1830
3975,2527
3976,1652
3977,1841
3978,1881
3979,1744
3980,2157
3981,1773
3982,1851
3983,1793
3984,1766
3985,1932
3986,3246
3987,2086
3988,1910
3989,1986
3990,2401
3991,1860
3992,1925
3993,1855
3994,1689
3995,2185
3996,2317
3997,2172
3998,2212
3999,4460
4000,304148
4001,7694
4002,4646
4003,4137
4004,8306
4005,3979
4006,3824
4007,3484
4008,3377
4009,2853
4010,6017
4011,3930
4012,3299
4013,3732
4014,3108
4015,3100
4016,3339
4017,5970
4018,3002
4019,2340
4020,7005
4021,2731
4022,2741
4023,2321
4024,2445
4025,3076
4026,2760
4027,2210
4028,2564
4029,2344
4030,3902
4031,3528
4032,2966
4033,13426
4034,2182
4035,2645
4036,2066
4037,1939
4038,2864
4039,2756
4040,5897
4041,2877
4042,2562
4043,2722
4044,2225
4045,2603
4046,3020
4047,2893
4048,2049
4049,5839
4050,6552
4051,3821
4052,2343
4053,2331
4054,2078
4055,2361
4056,2337
4057,2167
4058,1831
4059,1905
4060,5993
4061,2432
4062,2315
4063,1897
4064,2971
4065,2428
4066,2887
4067,5305
4068,1861
4069,2099
4070,5389
4071,2320
4072,2660
4073,1812
4074,1931
4075,2416
4076,1880
4077,2475
4078,1680
4079,1727
4080,7598
4081,2431
4082,2220
4083,1887
4084,1678
4085,2103
4086,1956
4087,2046
4088,2286
4089,1673
4090,6728
4091,2171
4092,1977
4093,2337
4094,2318
4095,6362
4096,46606
4097,2059
4098,2059
4099,2133
4100,17283
4101,3910
4102,3964
4103,5648
4104,3579
4105,2776
4106,2530
4107,2322
4108,2449
4109,2244
4110,3739
4111,3502
4112,2952
4113,2302
4114,2734
4115,2528
4116,2432
4117,2190
4118,2085
4119,1932
4120,3540
4121,2690
4122,2863
4123,2527
4124,1825
4125,2574
4126,1884
4127,2028
4128,2231
4129,1900
4130,4942
4131,2371
4132,1948
4133,2078
4134,1809
4135,13038
4136,2036
4137,1871
4138,2032
4139,1857
4140,5439
4141,3682
4142,3571
4143,2456
4144,2285
4145,2148
4146,1879
4147,2070
4148,1980
4149,1900
4150,4731
4151,3185
4152,2006
4153,2218
4154,1707
4155,2347
4156,1969
4157,2332
4158,1867
4159,3580
4160,3800
4161,5663
4162,1781
4163,1675
4164,1823
4165,2302
4166,2235
4167,2897
4168,1748
4169,1996
4170,2482
4171,2830
4172,3503
4173,1745
4174,1744
4175,2000
4176,1621
4177,1681
4178,1641
4179,2076
4180,3193
4181,2165
4182,1545
4183,1664
4184,2156
4185,1879
4186,2433
4187,1906
4188,1576
4189,1657
4190,2033
4191,2116
4192,1727
4193,1655
4194,1746
4195,1818
4196,1746
4197,1577
4198,1526
4199,1740
4200,26844
4201,3032
4202,3249
4203,2474
4204,2450
4205,2839
4206,2117
4207,2585
4208,2645
4209,2318
4210,3757
4211,2353
4212,2545
4213,2256
4214,2524
4215,2659
4216,1989
4217,4425
4218,1911
4219,1729
4220,3122
4221,2510
4222,2381
4223,1760
4224,2269
4225,2954
4226,2120
4227,2171
4228,1663
4229,1955
4230,3832
4231,2596
4232,2061
4233,1908
4234,1595
4235,1921
4236,11848
4237,1594
4238,1886
4239,1497
4240,2636
4241,2222
4242,3194
4243,2223
4244,3188
4245,2223
4246,1929
4247,2047
4248,2441
4249,1774
4250,5166
4251,2035
4252,1766
4253,1861
4254,2068
4255,2012
4256,1752
4257,2239
4258,2640
4259,1597
4260,3185
4261,2179
4262,1858
4263,1729
4264,1708
4265,1814
4266,1833
4267,1849
4268,1575
4269,2860
4270,2112
4271,7864
4272,2013
4273,1532
4274,1944
4275,1945
4276,1789
4277,1894
4278,1759
4279,1613
4280,2162
4281,1810
4282,1536
4283,1499
4284,1587
4285,2000
4286,2029
4287,1892
4288,1820
4289,1420
4290,2284
4291,1621
4292,1977
4293,1594
4294,1471
4295,1970
4296,1647
4297,1619
4298,1635
4299,1687
4300,16472
4301,3732
4302,3072
4303,2309
4304,2389
4305,2494
4306,1944
4307,2087
4308,1785
4309,1846
4310,4069
4311,2578
4312,2605
4313,1718
4314,2242
4315,2550
4316,1615
4317,1800
4318,1682
4319,4294
4320,5696
4321,6219
4322,2234
4323,1728
4324,4170
4325,2495
4326,6240
4327,1678
4328,2558
4329,1663
4330,3019
4331,2574
4332,2304
4333,2405
4334,2131
4335,1955
4336,1565
4337,1934
4338,1578
4339,1484
4340,3889
4341,1908
4342,1923
4343,2790
4344,2112
4345,2202
4346,1653
4347,2091
4348,1779
4349,1844
4350,5053
4351,1784
4352,2139
4353,1713
4354,1613
4355,1833
4356,2516
4357,4177
4358,1712
4359,1453
4360,2849
4361,1904
4362,1685
4363,1926
4364,1645
4365,2006
4366,1537
4367,1421
4368,3139
4369,1504
4370,2528
4371,2157
4372,1628
4373,1463
4374,1888
4375,3732
4376,1441
4377,1598
4378,1338
4379,1667
4380,2452
4381,1711
4382,1512
4383,1498
4384,1703
4385,1520
4386,1495
4387,1347
4388,2774
4389,1599
4390,1955
4391,1468
4392,1513
4393,1416
4394,1461
4395,1843
4396,1485
4397,1464
4398,1588
4399,1885
4400,20034
4401,3448
4402,2894
4403,2389
4404,2744
4405,2318
4406,2318
4407,1990
4408,1814
4409,1853
4410,3166
4411,2687
4412,2632
4413,1803
4414,2543
4415,2059
4416,1984
4417,1676
4418,1829
4419,2626
4420,2568
4421,1929
4422,2862
4423,2208
4424,1803
4425,2041
4426,1677
4427,1873
4428,2178
4429,1750
4430,3283
4431,1904
4432,1689
4433,1921
4434,1802
4435,2599
4436,1719
4437,1879
4438,2176
4439,1560
4440,3069
4441,2232
4442,1759
4443,1975
4444,8763
4445,2351
4446,1924
4447,1921
4448,2047
4449,2385
4450,3320
4451,1767
4452,1535
4453,1795
4454,1367
4455,2360
4456,1545
4457,1816
4458,1536
4459,1538
4460,2157
4461,1635
4462,1684
4463,1683
4464,1815
4465,1800
4466,1629
4467,1592
4468,1437
4469,1682
4470,2982
4471,1907
4472,2307
4473,3476
4474,1533
4475,1683
4476,1634
4477,1940
4478,1479
4479,1381
4480,2506
4481,1652
4482,1861
4483,1511
4484,2069
4485,2026
4486,1517
4487,1617
4488,2030
4489,1769
4490,2163
4491,1636
4492,1474
4493,1455
4494,1521
4495,1734
4496,1530
4497,1553
4498,1458
4499,2063
4500,60653
4501,3337
4502,2465
4503,3893
4504,1965
4505,2467
4506,2588
4507,1880
4508,2130
4509,1822
4510,4002
4511,3031
4512,1986
4513,2260
4514,1675
4515,1969
4516,2099
4517,1495
4518,1656
4519,1495
4520,3075
4521,1921
4522,3680
4523,1656
4524,1449
4525,1945
4526,1584
4527,1614
4528,1569
4529,1755
4530,2814
4531,1593
4532,1750
4533,1851
4534,1461
4535,1962
4536,2096
4537,1578
4538,1599
4539,1851
4540,1983
4541,1758
4542,1463
4543,1587
4544,1486
4545,3272
4546,1981
4547,2020
4548,2001
4549,1592
4550,3799
4551,1762
4552,1766
4553,1705
4554,1861
4555,2262
4556,1724
4557,1896
4558,1984
4559,1751
4560,3011
4561,1637
4562,2160
4563,1697
4564,1628
4565,2503
4566,2024
4567,4903
4568,1745
4569,1839
4570,2232
4571,2030
4572,1705
4573,1608
4574,1436
4575,1857
4576,1565
4577,2052
4578,1572
4579,2016
4580,2237
4581,1501
4582,1435
4583,1833
4584,1320
4585,1557
4586,1574
4587,1484
4588,1472
4589,1562
4590,2794
4591,1435
4592,2056
4593,1504
4594,1481
4595,1472
4596,1426
4597,1404
4598,1957
4599,1555
4600,15062
4601,2716
4602,2074
4603,1975
4604,1685
4605,1964
4606,1922
4607,1668
4608,2674
4609,2028
4610,2470
4611,1795
4612,1961
4613,1913
4614,2371
4615,2237
4616,1638
4617,1776
4618,1444
4619,1538
4620,2655
4621,1661
4622,2297
4623,1625
4624,2079
4625,2400
4626,1959
4627,2272
4628,1630
4629,1281
4630,2392
4631,2358
4632,1827
4633,1604
4634,2181
4635,1736
4636,3521
4637,1601
4638,1477
4639,1626
4640,2125
4641,1735
4642,1846
4643,1501
4644,1809
4645,1723
4646,2329
4647,2148
4648,2302
4649,1967
4650,3621
4651,1937
4652,1664
4653,1499
4654,1837
4655,2171
4656,1930
4657,1392
4658,2328
4659,1333
4660,2504
4661,1595
4662,1602
4663,1596
4664,1469
4665,1686
4666,1992
4667,1798
4668,1502
4669,1474
4670,2312
4671,1423
4672,1808
4673,3926
4674,1300
4675,1464
4676,1470
4677,1489
4678,2055
4679,1489
4680,3332
4681,1551
4682,1680
4683,1438
4684,1692
4685,1501
4686,2046
4687,1846
4688,1394
4689,1397
4690,2829
4691,1764
4692,1320
4693,1341
4694,1987
4695,1683
4696,1600
4697,1444
4698,1550
4699,1384
4700,15054
4701,2363
4702,1795
4703,1835
4704,2403
4705,2057
4706,1535
4707,1874
4708,1877
4709,1560
4710,2743
4711,3466
4712,2069
4713,2375
4714,1876
4715,2264
4716,1646
4717,1639
4718,1467
4719,1480
4720,2762
4721,1833
4722,1783
4723,1784
4724,1851
4725,2392
4726,1513
4727,1483
4728,1937
4729,1916
4730,2344
4731,1847
4732,1726
4733,1723
4734,1435
4735,1633
4736,1714
4737,1482
4738,1374
4739,1519
4740,2374
4741,1742
4742,1497
4743,1388
4744,1570
4745,1577
4746,1316
4747,2290
4748,1559
4749,1593
4750,3984
4751,1743
4752,1762
4753,1617
4754,1583
4755,2297
4756,1510
4757,1913
4758,2003
4759,1430
4760,2299
4761,1697
4762,1750
4763,1347
4764,1165
4765,1840
4766,1489
4767,1476
4768,1372
4769,1465
4770,2530
4771,1840
4772,1556
4773,2280
4774,1604
4775,1710
4776,1602
4777,1710
4778,1392
4779,1378
4780,1979
4781,1925
4782,1428
4783,1568
4784,1322
4785,1454
4786,1342
4787,1417
4788,1411
4789,1613
4790,2342
4791,1468
4792,1327
4793,1336
4794,1029
4795,1311
4796,1265
4797,1670
4798,1455
4799,1809
4800,28324
4801,2672
4802,1835
4803,1775
4804,1735
4805,2422
4806,1664
4807,1752
4808,1605
4809,3585
4810,2811
4811,2072
4812,1731
4813,1423
4814,1530
4815,1706
4816,1929
4817,1553
4818,1596
4819,2182
4820,2339
4821,1591
4822,2002
4823,1383
4824,1332
4825,1865
4826,1737
4827,1980
4828,1537
4829,1233
4830,2121
4831,1592
4832,1413
4833,1839
4834,1339
4835,1890
4836,1267
4837,1214
4838,1605
4839,1413
4840,2611
4841,1588
4842,1352
4843,1442
4844,1494
4845,1847
4846,1292
4847,1328
4848,2339
4849,1815
4850,3902
4851,1677
4852,1518
4853,1453
4854,1355
4855,1435
4856,1699
4857,1438
4858,1428
4859,1460
4860,2343
4861,1812
4862,1618
4863,1286
4864,1857
4865,1326
4866,1256
4867,1335
4868,1911
4869,1969
4870,2828
4871,1332
4872,2044
4873,1331
4874,1447
4875,2024
4876,1604
4877,1431
4878,1596
4879,1382
4880,2373
4881,1340
4882,1557
4883,1296
4884,1590
4885,1697
4886,1549
4887,1660
4888,1485
4889,2059
4890,1819
4891,1331
4892,1324
4893,1229
4894,1242
4895,1542
4896,1382
4897,1261
4898,1267
4899,1728
4900,9761
4901,2341
4902,1769
4903,1567
4904,1529
4905,1887
4906,1646
4907,1471
4908,1538
4909,1763
4910,2440
4911,1730
4912,1412
4913,1575
4914,1611
4915,1803
4916,1544
4917,1382
4918,1409
4919,1333
4920,2296
4921,1829
4922,1664
4923,1607
4924,1427
4925,1762
4926,2123
4927,1401
4928,1703
4929,1487
4930,1935
4931,1529
4932,1590
4933,1448
4934,1439
4935,1343
4936,1367
4937,1421
4938,1372
4939,2118
4940,1890
4941,1620
4942,1330
4943,1356
4944,1467
4945,2605
4946,1192
4947,1423
4948,1469
4949,2034
4950,4080
4951,1740
4952,1601
4953,1576
4954,1310
4955,1604
4956,1383
4957,1443
4958,1585
4959,1787
4960,2307
4961,1399
4962,1359
4963,1369
4964,1437
4965,1565
4966,1584
4967,1533
4968,1296
4969,1257
4970,2095
4971,1468
4972,1426
4973,1314
4974,1166
4975,2080
4976,1255
4977,1603
4978,1493
4979,1304
4980,1844
4981,1240
4982,1327
4983,1543
4984,1190
4985,1408
4986,1157
4987,1450
4988,1281
4989,1209
4990,1886
4991,1575
4992,1376
4993,1907
4994,1338
4995,2010
4996,1396
4997,1480
4998,1487
4999,4239
5000,460250
5001,8089
5002,4057
5003,3209
5004,3003
5005,4856
5006,2441
5007,4453
5008,3621
5009,2192
5010,5281
5011,2803
5012,2363
5013,2279
5014,1829
5015,3011
5016,1950
5017,2224
5018,2178
5019,1814
5020,4279
5021,2303
5022,2226
5023,1924
5024,1605
5025,2327
5026,1937
5027,2055
5028,1500
5029,1845
5030,3813
5031,1787
5032,1896
5033,2140
5034,1731
5035,1900
5036,1586
5037,1910
5038,1721
5039,2242
5040,6179
5041,1704
5042,1827
5043,1690
5044,1780
5045,1859
5046,1742
5047,1507
5048,1587
5049,1467
5050,12298
5051,2208
5052,4900
5053,2264
5054,1718
5055,2705
5056,1686
5057,1557
5058,1537
5059,1823
5060,4441
5061,5654
5062,1521
5063,1639
5064,1589
5065,2471
5066,2019
5067,3059
5068,1400
5069,1954
5070,3105
5071,1323
5072,1468
5073,1435
5074,1483
5075,2522
5076,1562
5077,1414
5078,1395
5079,1458
5080,2935
5081,1697
5082,1588
5083,3355
5084,1369
5085,2051
5086,1885
5087,1272
5088,1680
5089,1476
5090,2409
5091,1430
5092,1402
5093,1494
5094,1574
5095,1559
5096,1538
5097,1296
5098,1308
5099,1589
5100,16166
5101,4424
5102,2329
5103,2974
5104,2305
5105,4654
5106,1857
5107,1877
5108,1941
5109,1770
5110,4379
5111,2587
5112,2159
5113,1944
5114,3583
5115,2124
5116,1934
5117,1757
5118,1697
5119,1681
5120,5889
5121,2284
5122,2325
5123,2858
5124,1749
5125,2392
5126,2007
5127,1456
5128,2571
5129,1643
5130,2600
5131,1785
5132,1497
5133,1596
5134,1500
5135,1824
5136,1392
5137,1579
5138,1391
5139,1541
5140,2638
5141,1557
5142,1513
5143,1445
5144,1531
5145,1793
5146,1403
5147,1336
5148,1508
5149,1448
5150,7866
5151,2408
5152,2067
5153,1857
5154,1773
5155,1775
5156,1406
5157,1438
5158,1452
5159,1403
5160,3029
5161,1849
5162,1657
5163,1465
5164,1376
5165,1463
5166,1379
5167,2044
5168,1437
5169,1376
5170,2122
5171,1724
5172,1842
5173,1357
5174,1316
5175,1755
5176,1425
5177,1349
5178,1326
5179,1432
5180,2040
5181,1456
5182,1495
5183,1555
5184,1908
5185,1452
5186,1407
5187,1180
5188,1586
5189,1324
5190,1605
5191,1657
5192,1294
5193,2268
5194,45079
5195,2220
5196,1387
5197,1410
5198,1847
5199,1430
5200,21110
5201,2501
5202,1998
5203,1733
5204,2102
5205,1810
5206,2032
5207,1642
5208,2152
5209,1747
5210,3048
5211,2090
5212,1804
5213,1443
5214,1580
5215,1584
5216,1732
5217,1435
5218,1673
5219,1312
5220,3350
5221,1795
5222,2242
5223,1855
5224,1434
5225,2205
5226,1590
5227,1560
5228,1517
5229,1375
5230,5526
5231,1628
5232,1720
5233,1877
5234,1576
5235,1719
5236,1899
5237,1533
5238,1411
5239,1359
5240,2027
5241,1608
5242,1432
5243,1458
5244,1413
5245,1643
5246,1670
5247,1649
5248,1541
5249,1360
5250,5438
5251,1982
5252,2713
5253,2040
5254,1642
5255,2317
5256,1467
5257,1566
5258,1660
5259,1423
5260,1837
5261,1674
5262,1482
5263,1487
5264,1246
5265,1352
5266,1744
5267,1383
5268,1332
5269,1471
5270,1764
5271,1699
5272,1296
5273,1713
5274,1676
5275,1548
5276,1164
5277,1192
5278,1387
5279,1339
5280,8128
5281,13132
5282,1250
5283,1597
5284,1106
5285,1699
5286,1335
5287,1374
5288,1327
5289,1125
5290,1606
5291,1402
5292,1301
5293,1400
5294,1445
5295,1263
5296,1449
5297,1334
5298,1237
5299,1254
5300,15002
5301,2814
5302,1814
5303,1844
5304,1947
5305,2074
5306,1659
5307,2008
5308,1498
5309,2580
5310,3378
5311,1862
5312,1692
5313,1611
5314,1399
5315,1794
5316,1812
5317,1436
5318,1463
5319,1286
5320,2588
5321,2127
5322,2188
5323,1787
5324,1844
5325,1876
5326,1437
5327,1472
5328,1568
5329,1819
5330,2138
5331,1579
5332,1654
5333,2289
5334,1977
5335,1791
5336,1550
5337,1471
5338,1493
5339,1256
5340,1931
5341,1488
5342,1231
5343,1373
5344,1410
5345,1581
5346,1445
5347,3245
5348,1389
5349,1309
5350,2858
5351,1481
5352,1362
5353,1885
5354,1592
5355,1897
5356,2035
5357,1453
5358,1407
5359,1331
5360,1811
5361,1405
5362,1362
5363,1480
5364,1561
5365,1647
5366,1359
5367,1119
5368,1393
5369,1405
5370,1842
5371,1384
5372,1158
5373,1619
5374,1349
5375,1840
5376,1605
5377,1377
5378,1255
5379,1242
5380,1838
5381,2012
5382,1242
5383,1196
5384,1092
5385,1473
5386,1468
5387,1202
5388,1117
5389,1249
5390,1601
5391,1190
5392,1186
5393,1260
5394,1028
5395,1320
5396,1147
5397,1200
5398,1199
5399,1280
5400,17362
5401,2580
5402,2242
5403,1904
5404,2047
5405,2290
5406,2471
5407,1673
5408,1884
5409,1407
5410,2098
5411,2230
5412,1898
5413,1474
5414,2179
5415,2503
5416,1550
5417,1339
5418,1738
5419,1405
5420,2411
5421,1720
5422,1944
5423,1536
5424,2049
5425,1938
5426,1238
5427,1407
5428,1397
5429,1248
5430,2226
5431,1391
5432,4262
5433,1820
5434,1276
5435,1483
5436,1363
5437,1637
5438,1288
5439,2265
5440,2099
5441,1474
5442,1612
5443,1726
5444,1549
5445,2008
5446,1721
5447,1413
5448,1659
5449,1368
5450,2435
5451,1490
5452,1351
5453,1323
5454,2448
5455,2090
5456,1692
5457,1498
5458,1192
5459,1201
5460,2208
5461,2266
5462,1251
5463,1916
5464,1332
5465,1940
5466,1286
5467,1580
5468,1641
5469,1252
5470,1684
5471,2100
5472,5342
5473,1211
5474,1163
5475,1266
5476,1353
5477,1352
5478,1128
5479,1364
5480,1754
5481,1285
5482,1442
5483,1492
5484,1078
5485,1335
5486,1271
5487,1144
5488,1486
5489,1221
5490,1483
5491,1536
5492,1189
5493,1301
5494,1515
5495,1346
5496,1017
5497,1138
5498,1628
5499,1386
5500,38794
5501,2358
5502,1782
5503,1737
5504,1587
5505,2523
5506,1751
5507,1418
5508,2017
5509,1556
5510,3100
5511,2142
5512,2257
5513,2093
5514,1499
5515,2184
5516,1341
5517,1572
5518,1484
5519,1139
5520,2958
5521,1902
5522,1698
5523,1593
5524,1596
5525,2180
5526,1212
5527,1302
5528,1486
5529,1244
5530,2764
5531,1367
5532,1560
5533,2056
5534,1498
5535,1606
5536,1493
5537,1443
5538,1330
5539,2024
5540,2042
5541,1339
5542,1226
5543,1329
5544,1528
5545,1759
5546,1385
5547,1514
5548,1796
5549,1169
5550,3199
5551,1781
5552,1565
5553,1574
5554,1555
5555,9816
5556,2274
5557,2239
5558,1727
5559,1570
5560,2276
5561,1618
5562,1344
5563,1270
5564,1806
5565,1832
5566,1828
5567,1498
5568,1868
5569,1229
5570,1965
5571,1293
5572,1189
5573,1289
5574,1247
5575,1471
5576,1369
5577,1696
5578,1276
5579,1241
5580,1910
5581,1254
5582,1393
5583,1148
5584,1488
5585,1561
5586,1162
5587,1282
5588,1583
5589,1299
5590,1730
5591,1324
5592,1157
5593,1131
5594,1224
5595,1330
5596,1206
5597,1410
5598,1187
5599,1334
5600,16268
5601,2444
5602,1636
5603,1395
5604,1442
5605,1578
5606,1726
5607,1499
5608,1319
5609,1446
5610,2431
5611,1841
5612,1422
5613,1091
5614,1370
5615,1355
5616,1412
5617,1134
5618,1438
5619,1240
5620,2153
5621,1388
5622,1427
5623,1660
5624,1303
5625,4507
5626,1416
5627,1452
5628,1352
5629,1312
5630,2157
5631,1441
5632,1802
5633,1279
5634,1350
5635,1573
5636,1346
5637,2832
5638,1358
5639,1327
5640,1804
5641,1272
5642,1364
5643,1501
5644,1381
5645,1273
5646,3164
5647,1315
5648,1312
5649,1213
5650,2965
5651,1612
5652,1565
5653,1417
5654,1423
5655,1542
5656,2176
5657,1573
5658,1406
5659,1344
5660,2125
5661,1506
5662,1275
5663,1462
5664,1501
5665,1773
5666,1467
5667,1866
5668,1275
5669,1590
5670,3224
5671,1643
5672,1734
5673,1221
5674,1414
5675,1464
5676,1578
5677,1367
5678,4935
5679,1180
5680,1700
5681,1411
5682,1212
5683,1407
5684,1199
5685,1201
5686,1104
5687,1859
5688,1210
5689,1295
5690,1441
5691,1229
5692,1304
5693,1090
5694,1215
5695,1504
5696,1465
5697,1208
5698,1342
5699,1688
5700,14333
5701,3223
5702,1782
5703,2420
5704,1580
5705,1790
5706,1298
5707,1499
5708,1819
5709,1487
5710,1915
5711,1761
5712,1518
5713,1702
5714,1969
5715,1649
5716,1154
5717,1366
5718,1891
5719,1770
5720,2171
5721,1609
5722,1457
5723,1595
5724,1154
5725,2147
5726,1097
5727,1528
5728,1633
5729,1409
5730,4633
5731,1315
5732,1230
5733,1580
5734,1374
5735,1860
5736,1424
5737,1442
5738,1182
5739,1379
5740,1901
5741,1449
5742,1265
5743,1339
5744,1295
5745,1462
5746,1261
5747,1449
5748,1595
5749,1457
5750,3431
5751,2160
5752,1413
5753,1869
5754,2124
5755,1613
5756,1291
5757,1785
5758,1670
5759,1636
5760,6002
5761,1694
5762,1511
5763,1599
5764,1634
5765,1700
5766,1700
5767,1742
5768,2409
5769,1825
5770,2901
5771,2061
5772,3154
5773,1776
5774,1963
5775,2561
5776,1813
5777,2479
5778,2371
5779,1691
5780,2290
5781,1749
5782,1709
5783,1335
5784,1086
5785,1271
5786,1254
5787,1223
5788,1154
5789,1531
5790,1470
5791,1160
5792,1191
5793,3609
5794,897
5795,1294
5796,1046
5797,1260
5798,946
5799,1158
5800,13825
5801,2630
5802,1800
5803,1342
5804,1425
5805,1480
5806,1271
5807,1751
5808,1446
5809,1332
5810,2026
5811,1598
5812,2877
5813,1468
5814,1237
5815,1251
5816,1172
5817,1118
5818,1230
5819,1239
5820,1901
5821,1251
5822,2085
5823,1196
5824,1260
5825,1376
5826,1158
5827,1130
5828,1273
5829,1072
5830,2887
5831,1392
5832,1708
5833,1916
5834,1224
5835,1242
5836,949
5837,1099
5838,1012
5839,1282
5840,1915
5841,1444
5842,1126
5843,1084
5844,1152
5845,1768
5846,1373
5847,1227
5848,1172
5849,1686
5850,3188
5851,1310
5852,1212
5853,1170
5854,948
5855,1272
5856,1238
5857,1060
5858,1673
5859,1372
5860,1647
5861,2379
5862,1114
5863,1000
5864,1063
5865,1355
5866,1460
5867,1167
5868,1558
5869,1564
5870,2455
5871,1481
5872,1109
5873,1133
5874,1193
5875,1672
5876,1680
5877,1357
5878,1092
5879,1267
5880,2404
5881,1398
5882,1282
5883,1237
5884,1143
5885,1340
5886,997
5887,1219
5888,1568
5889,1097
5890,2489
5891,1021
5892,1469
5893,1158
5894,1197
5895,1570
5896,1117
5897,1305
5898,1188
5899,1137
5900,8600
5901,2109
5902,1528
5903,1303
5904,1367
5905,1857
5906,1285
5907,1493
5908,2016
5909,1402
5910,1662
5911,1486
5912,1274
5913,940
5914,1084
5915,1405
5916,1239
5917,1007
5918,1032
5919,1192
5920,1604
5921,1404
5922,1212
5923,1773
5924,1213
5925,1668
5926,1156
5927,1333
5928,1119
5929,1147
5930,2741
5931,1161
5932,1157
5933,1006
5934,1142
5935,1571
5936,1003
5937,1161
5938,987
5939,1065
5940,1725
5941,1142
5942,1033
5943,1047
5944,1245
5945,1106
5946,1162
5947,968
5948,946
5949,1218
5950,2350
5951,1185
5952,1220
5953,1163
5954,1020
5955,1640
5956,1127
5957,973
5958,1186
5959,1703
5960,1734
5961,1328
5962,1725
5963,1203
5964,1217
5965,1572
5966,1226
5967,1328
5968,1076
5969,1170
5970,4117
5971,1616
5972,1147
5973,1540
5974,1057
5975,1757
5976,1315
5977,1055
5978,1168
5979,1107
5980,1506
5981,1159
5982,1109
5983,1137
5984,1171
5985,1313
5986,1148
5987,1189
5988,1383
5989,1003
5990,1686
5991,1195
5992,1220
5993,1012
5994,1003
5995,1528
5996,1089
5997,1000
5998,1410
5999,2169
6000,188108
6001,5158
6002,3644
6003,2394
6004,2168
6005,2534
6006,2514
6007,1690
6008,2591
6009,2693
6010,4105
6011,2812
6012,2394
6013,2520
6014,1531
6015,2136
6016,1758
6017,1284
6018,1632
6019,1361
6020,3506
6021,2236
6022,2074
6023,1463
6024,1280
6025,1751
6026,1443
6027,1320
6028,1522
6029,1162
6030,2602
6031,1434
6032,1559
6033,1778
6034,1339
6035,1492
6036,1265
6037,1142
6038,1482
6039,1306
6040,2361
6041,1365
6042,1343
6043,1139
6044,1290
6045,1463
6046,1149
6047,1150
6048,1437
6049,1189
6050,4372
6051,1545
6052,1809
6053,1177
6054,1138
6055,1922
6056,1301
6057,1116
6058,1180
6059,1486
6060,3714
6061,14651
6062,1563
6063,4364
6064,1285
6065,1607
6066,1501
6067,1248
6068,1212
6069,1271
6070,2479
6071,1223
6072,1310
6073,1201
6074,1137
6075,1477
6076,1401
6077,1111
6078,1114
6079,1199
6080,3283
6081,1143
6082,2631
6083,1526
6084,6422
6085,1514
6086,1622
6087,1126
6088,1269
6089,1080
6090,2318
6091,1268
6092,1863
6093,1364
6094,1206
6095,1172
6096,1336
6097,1222
6098,1139
6099,1645
6100,11239
6101,2611
6102,2343
6103,2731
6104,1639
6105,2442
6106,1945
6107,1481
6108,1942
6109,1603
6110,3092
6111,2605
6112,1798
6113,1356
6114,2107
6115,2630
6116,1457
6117,1522
6118,1447
6119,1227
6120,3610
6121,1723
6122,1414
6123,2050
6124,1395
6125,2090
6126,1419
6127,1283
6128,1975
6129,1262
6130,2247
6131,1883
6132,1442
6133,1724
6134,1040
6135,1194
6136,1220
6137,1268
6138,1188
6139,1187
6140,2121
6141,1365
6142,1250
6143,1429
6144,2773
6145,1348
6146,1482
6147,1376
6148,1488
6149,1111
6150,3637
6151,1674
6152,1143
6153,1210
6154,1342
6155,1332
6156,1260
6157,1079
6158,1048
6159,1116
6160,2287
6161,1887
6162,1580
6163,1471
6164,1320
6165,1508
6166,1615
6167,1495
6168,1316
6169,1093
6170,1657
6171,1260
6172,1177
6173,1374
6174,2015
6175,1321
6176,1330
6177,1070
6178,1055
6179,1224
6180,2692
6181,1494
6182,1872
6183,1297
6184,1015
6185,1126
6186,1092
6187,1062
6188,1122
6189,1168
6190,1660
6191,1081
6192,1052
6193,1097
6194,1133
6195,1071
6196,1143
6197,952
6198,1183
6199,1457
6200,12393
6201,2415
6202,1649
6203,2317
6204,1777
6205,1910
6206,1437
6207,1393
6208,1288
6209,1343
6210,3185
6211,1913
6212,1826
6213,1976
6214,1856
6215,2013
6216,1353
6217,1311
6218,1119
6219,1054
6220,2238
6221,2606
6222,1646
6223,1856
6224,1204
6225,1605
6226,1682
6227,1165
6228,989
6229,1692
6230,2743
6231,1413
6232,1331
6233,1515
6234,1436
6235,1426
6236,1505
6237,1187
6238,1364
6239,1556
6240,2686
6241,1551
6242,1604
6243,1081
6244,1193
6245,1422
6246,1198
6247,1346
6248,1120
6249,1064
6250,4766
6251,2354
6252,1397
6253,1283
6254,1219
6255,1418
6256,1432
6257,1126
6258,1377
6259,1288
6260,1736
6261,1566
6262,1788
6263,1610
6264,1739
6265,1598
6266,1309
6267,949
6268,1194
6269,1514
6270,1643
6271,1300
6272,1305
6273,4551
6274,1083
6275,1376
6276,1115
6277,1355
6278,1159
6279,1009
6280,1951
6281,1211
6282,1120
6283,1254
6284,1155
6285,1228
6286,1205
6287,1088
6288,1156
6289,1132
6290,1224
6291,1155
6292,1027
6293,1020
6294,1120
6295,1010
6296,1055
6297,972
6298,1154
6299,1075
6300,13979
6301,2962
6302,2119
6303,1405
6304,1803
6305,1345
6306,1282
6307,1399
6308,1360
6309,1374
6310,2377
6311,1696
6312,1341
6313,1329
6314,1089
6315,1327
6316,1195
6317,1168
6318,1136
6319,1175
6320,1912
6321,1559
6322,1241
6323,1348
6324,1334
6325,1536
6326,1184
6327,1168
6328,1669
6329,963
6330,2005
6331,1361
6332,1501
6333,2046
6334,1580
6335,1327
6336,1441
6337,1134
6338,1137
6339,1250
6340,1693
6341,1200
6342,1088
6343,1161
6344,1106
6345,1274
6346,1323
6347,1245
6348,1185
6349,1140
6350,2396
6351,1363
6352,1154
6353,1210
6354,946
6355,1694
6356,1252
6357,1485
6358,1027
6359,1174
6360,1764
6361,3143
6362,1489
6363,2303
6364,1603
6365,1354
6366,1372
6367,1157
6368,1190
6369,1063
6370,1965
6371,2657
6372,1273
6373,1033
6374,1471
6375,1333
6376,1014
6377,1253
6378,2309
6379,2869
6380,1919
6381,1064
6382,1219
6383,1103
6384,1154
6385,1017
6386,1061
6387,921
6388,1141
6389,1061
6390,1564
6391,1096
6392,1025
6393,1065
6394,1018
6395,1277
6396,943
6397,1715
6398,909
6399,1333
6400,19848
6401,1747
6402,1838
6403,1345
6404,1473
6405,1607
6406,1244
6407,1148
6408,1245
6409,1446
6410,2380
6411,1558
6412,1403
6413,1220
6414,1212
6415,1245
6416,1195
6417,1165
6418,1066
6419,1025
6420,2052
6421,1287
6422,1186
6423,1231
6424,1038
6425,1716
6426,1173
6427,1042
6428,1073
6429,1356
6430,1727
6431,1234
6432,1156
6433,1149
6434,1230
6435,1516
6436,906
6437,1133
6438,1521
6439,963
6440,2297
6441,1390
6442,957
6443,1205
6444,1245
6445,1123
6446,1338
6447,919
6448,1126
6449,1086
6450,2652
6451,959
6452,1046
6453,1126
6454,1226
6455,1448
6456,984
6457,1089
6458,1129
6459,1103
6460,1474
6461,1022
6462,1049
6463,1197
6464,1684
6465,1335
6466,1147
6467,1093
6468,1125
6469,1080
6470,1360
6471,1150
6472,1208
6473,1055
6474,1041
6475,1722
6476,987
6477,1056
6478,1083
6479,987
6480,1803
6481,950
6482,1075
6483,1222
6484,1022
6485,1056
6486,901
6487,1205
6488,1063
6489,1152
6490,1562
6491,948
6492,979
6493,872
6494,1221
6495,1090
6496,1000
6497,1022
6498,895
6499,1100
6500,33151
6501,2715
6502,12126
6503,1521
6504,1390
6505,1697
6506,1201
6507,1270
6508,1278
6509,1600
6510,2995
6511,2452
6512,1758
6513,1156
6514,1359
6515,1546
6516,1357
6517,1088
6518,1153
6519,1093
6520,3324
6521,1188
6522,1669
6523,1067
6524,1031
6525,1660
6526,1238
6527,1122
6528,1122
6529,1092
6530,1948
6531,1469
6532,1371
6533,1185
6534,1039
6535,1574
6536,1227
6537,956
6538,1734
6539,1052
6540,1491
6541,1218
6542,1176
6543,1694
6544,1051
6545,1333
6546,940
6547,1058
6548,1261
6549,880
6550,3516
6551,1203
6552,1512
6553,1311
6554,1020
6555,1823
6556,1373
6557,971
6558,935
6559,935
6560,2191
6561,2413
6562,1342
6563,1306
6564,982
6565,1782
6566,1359
6567,1171
6568,1235
6569,1192
6570,2180
6571,1068
6572,1306
6573,947
6574,999
6575,1314
6576,1252
6577,946
6578,1078
6579,1037
6580,1431
6581,1484
6582,1083
6583,1662
6584,1497
6585,1312
6586,867
6587,1018
6588,1007
6589,877
6590,1046
6591,984
6592,949
6593,862
6594,1041
6595,1054
6596,1583
6597,823
6598,868
6599,888
6600,18341
6601,1735
6602,1427
6603,1327
6604,1271
6605,1473
6606,1498
6607,1161
6608,1192
6609,939
6610,1891
6611,2039
6612,1053
6613,1686
6614,1113
6615,1246
6616,1046
6617,899
6618,984
6619,997
6620,1871
6621,1394
6622,1139
6623,1006
6624,1159
6625,1341
6626,1051
6627,1100
6628,946
6629,1039
6630,1743
6631,1137
6632,2848
6633,4434
6634,963
6635,1104
6636,1071
6637,1019
6638,903
6639,911
6640,1706
6641,1131
6642,958
6643,1409
6644,1262
6645,1416
6646,1132
6647,874
6648,933
6649,1112
6650,2392
6651,1394
6652,1126
6653,1264
6654,1195
6655,1268
6656,1173
6657,1496
6658,803
6659,971
6660,1514
6661,1138
6662,2159
6663,1347
6664,1339
6665,1247
6666,8318
6667,5247
6668,1250
6669,1147
6670,2058
6671,1115
6672,1548
6673,1040
6674,909
6675,1102
6676,1109
6677,1239
6678,1178
6679,819
6680,1748
6681,1014
6682,1054
6683,951
6684,1259
6685,906
6686,1088
6687,922
6688,1306
6689,1009
6690,1425
6691,916
6692,903
6693,820
6694,1335
6695,984
6696,1012
6697,1043
6698,1339
6699,3319
6700,11245
6701,1820
6702,1164
6703,1000
6704,1250
6705,1116
6706,1040
6707,1208
6708,1976
6709,1254
6710,1666
6711,1120
6712,1294
6713,1478
6714,1135
6715,1300
6716,1412
6717,1145
6718,955
6719,980
6720,2329
6721,1177
6722,1251
6723,1294
6724,1166
6725,1403
6726,1318
6727,1076
6728,965
6729,1031
6730,1326
6731,1553
6732,1019
6733,1223
6734,1160
6735,1127
6736,8130
6737,971
6738,837
6739,883
6740,1222
6741,1037
6742,1084
6743,983
6744,1073
6745,1420
6746,813
6747,993
6748,871
6749,1556
6750,3608
6751,1331
6752,1377
6753,1073
6754,879
6755,1205
6756,905
6757,1007
6758,1431
6759,935
6760,1549
6761,919
6762,971
6763,962
6764,1021
6765,1391
6766,1060
6767,1474
6768,1082
6769,1166
6770,1857
6771,954
6772,1108
6773,1096
6774,1033
6775,1031
6776,1075
6777,1362
6778,1080
6779,1117
6780,1340
6781,1072
6782,1025
6783,896
6784,1046
6785,1149
6786,970
6787,987
6788,931
6789,3510
6790,1712
6791,1158
6792,946
6793,959
6794,899
6795,885
6796,923
6797,849
6798,882
6799,912
6800,15608
6801,1918
6802,1336
6803,7266
6804,1334
6805,1219
6806,1093
6807,1313
6808,994
6809,2438
6810,2072
6811,1590
6812,1078
6813,940
6814,1211
6815,1443
6816,929
6817,1003
6818,1263
6819,1416
6820,1760
6821,1086
6822,2688
6823,1089
6824,1078
6825,1418
6826,1185
6827,912
6828,904
6829,925
6830,1612
6831,1133
6832,923
6833,1411
6834,1271
6835,1059
6836,937
6837,877
6838,907
6839,865
6840,1686
6841,1014
6842,1455
6843,768
6844,952
6845,1292
6846,1047
6847,995
6848,1075
6849,739
6850,2998
6851,1856
6852,1074
6853,1065
6854,1103
6855,1062
6856,1059
6857,907
6858,837
6859,1028
6860,1171
6861,1011
6862,849
6863,748
6864,1008
6865,1100
6866,918
6867,887
6868,1668
6869,1139
6870,2223
6871,1083
6872,1554
6873,931
6874,880
6875,2564
6876,1029
6877,1167
6878,913
6879,1641
6880,1634
6881,1184
6882,1154
6883,935
6884,1024
6885,1155
6886,1020
6887,941
6888,1645
6889,1084
6890,2408
6891,1110
6892,1135
6893,904
6894,928
6895,1123
6896,935
6897,861
6898,871
6899,1012
6900,8632
6901,1697
6902,1366
6903,1032
6904,1057
6905,1044
6906,1048
6907,964
6908,869
6909,1328
6910,1338
6911,1102
6912,1472
6913,958
6914,879
6915,1239
6916,947
6917,1004
6918,1132
6919,1023
6920,1838
6921,950
6922,1592
6923,1072
6924,1335
6925,1130
6926,694
6927,830
6928,1021
6929,983
6930,1610
6931,1159
6932,899
6933,868
6934,1052
6935,1007
6936,870
6937,971
6938,937
6939,1307
6940,1460
6941,1601
6942,886
6943,766
6944,1251
6945,1051
6946,2578
6947,1155
6948,817
6949,896
6950,2549
6951,1261
6952,817
6953,800
6954,887
6955,1243
6956,839
6957,840
6958,842
6959,1051
6960,1532
6961,883
6962,1010
6963,1566
6964,830
6965,1126
6966,872
6967,840
6968,2467
6969,1693
6970,1892
6971,1053
6972,1079
6973,1008
6974,1117
6975,1321
6976,2093
6977,946
6978,962
6979,1108
6980,2403
6981,2040
6982,888
6983,1001
6984,1069
6985,1013
6986,937
6987,835
6988,1038
6989,2354
6990,1901
6991,1174
6992,1021
6993,993
6994,886
6995,1335
6996,1225
6997,907
6998,898
6999,1611
7000,112676
7001,5613
7002,3813
7003,2221
7004,2415
7005,2297
7006,2580
7007,2936
7008,1721
7009,1737
7010,3576
7011,1879
7012,1953
7013,1757
7014,1784
7015,2357
7016,1511
7017,1639
7018,2289
7019,1643
7020,2945
7021,1751
7022,1352
7023,1612
7024,1452
7025,1670
7026,1153
7027,1735
7028,1222
7029,1523
7030,2699
7031,1742
7032,1097
7033,1212
7034,1780
7035,1613
7036,1329
7037,2101
7038,1027
7039,1220
7040,2461
7041,1266
7042,1478
7043,1361
7044,1249
7045,1382
7046,1119
7047,1378
7048,975
7049,1426
7050,3842
7051,1152
7052,1405
7053,1083
7054,1243
7055,1660
7056,1515
7057,1135
7058,1129
7059,1411
7060,1783
7061,1224
7062,1137
7063,1147
7064,1131
7065,1534
7066,1172
7067,1204
7068,1081
7069,1170
7070,2873
7071,3435
7072,1362
7073,1093
7074,1534
7075,8746
7076,1310
7077,1353
7078,1251
7079,1344
7080,2748
7081,1266
7082,2422
7083,1335
7084,1047
7085,1621
7086,866
7087,1019
7088,1023
7089,1121
7090,2661
7091,1151
7092,1081
7093,907
7094,1849
7095,1191
7096,1079
7097,814
7098,935
7099,1075
7100,18243
7101,1915
7102,2422
7103,1774
7104,1262
7105,1436
7106,2178
7107,1520
7108,1158
7109,1428
7110,2903
7111,1918
7112,1399
7113,1168
7114,1943
7115,1061
7116,1886
7117,1358
7118,1172
7119,1398
7120,4021
7121,2037
7122,1846
7123,1209
7124,1297
7125,1681
7126,1306
7127,986
7128,1176
7129,1404
7130,1787
7131,1398
7132,1055
7133,1127
7134,1500
7135,1263
7136,1263
7137,991
7138,1021
7139,1033
7140,1526
7141,1249
7142,1327
7143,1476
7144,1004
7145,1062
7146,1282
7147,1086
7148,948
7149,827
7150,3687
7151,1269
7152,1180
7153,1049
7154,926
7155,1287
7156,984
7157,889
7158,1009
7159,1352
7160,2247
7161,1145
7162,858
7163,1293
7164,1401
7165,1138
7166,1085
7167,2118
7168,1106
7169,1032
7170,1358
7171,1639
7172,1268
7173,993
7174,1071
7175,1540
7176,1412
7177,1248
7178,1162
7179,1215
7180,1562
7181,1371
7182,1171
7183,1697
7184,1061
7185,1623
7186,1112
7187,901
7188,1376
7189,1032
7190,1913
7191,1055
7192,981
7193,895
7194,1120
7195,1115
7196,978
7197,940
7198,929
7199,1109
7200,19512
7201,2963
7202,1727
7203,2079
7204,1281
7205,1489
7206,2642
7207,1512
7208,1211
7209,1018
7210,2324
7211,1549
7212,1625
7213,1139
7214,1178
7215,1242
7216,1470
7217,1159
7218,1212
7219,1680
7220,1990
7221,1225
7222,1615
7223,1234
7224,1352
7225,1848
7226,1030
7227,1465
7228,1023
7229,989
7230,1866
7231,1346
7232,1134
7233,2612
7234,1190
7235,1357
7236,1067
7237,1056
7238,950
7239,1590
7240,1559
7241,981
7242,1001
7243,1618
7244,1073
7245,1253
7246,951
7247,1008
7248,1004
7249,872
7250,3270
7251,1202
7252,1481
7253,968
7254,958
7255,1092
7256,1815
7257,974
7258,1157
7259,850
7260,1735
7261,1134
7262,1102
7263,1242
7264,1003
7265,1554
7266,1216
7267,1109
7268,856
7269,1009
7270,1410
7271,983
7272,1812
7273,1585
7274,1262
7275,1475
7276,975
7277,1520
7278,1046
7279,1086
7280,2116
7281,1265
7282,980
7283,933
7284,843
7285,1145
7286,766
7287,1056
7288,1678
7289,1584
7290,1528
7291,1274
7292,1150
7293,1145
7294,966
7295,948
7296,992
7297,1033
7298,902
7299,929
7300,10927
7301,1704
7302,1226
7303,1213
7304,1347
7305,1517
7306,1554
7307,1367
7308,1279
7309,1001
7310,1646
7311,1451
7312,1195
7313,1034
7314,1079
7315,1267
7316,1100
7317,987
7318,998
7319,1225
7320,2123
7321,1491
7322,1042
7323,1268
7324,1281
7325,1490
7326,2201
7327,895
7328,1106
7329,893
7330,1655
7331,1616
7332,1162
7333,1912
7334,1220
7335,1337
7336,1013
7337,1260
7338,899
7339,834
7340,1782
7341,1018
7342,1024
7343,968
7344,1061
7345,1197
7346,946
7347,1007
7348,966
7349,706
7350,2236
7351,1262
7352,1023
7353,1229
7354,881
7355,1097
7356,1079
7357,861
7358,1030
7359,903
7360,1872
7361,873
7362,909
7363,936
7364,987
7365,1043
7366,969
7367,1063
7368,1016
7369,857
7370,1482
7371,898
7372,1105
7373,1610
7374,1031
7375,1538
7376,1147
7377,1105
7378,1625
7379,938
7380,1642
7381,1127
7382,1041
7383,958
7384,1028
7385,1014
7386,1007
7387,1072
7388,1039
7389,921
7390,1786
7391,1115
7392,1020
7393,1224
7394,912
7395,825
7396,903
7397,875
7398,744
7399,882
7400,10546
7401,2097
7402,2804
7403,1266
7404,3437
7405,1918
7406,1091
7407,1283
7408,1916
7409,912
7410,2016
7411,1896
7412,1188
7413,1385
7414,1723
7415,1263
7416,858
7417,1262
7418,915
7419,850
7420,2052
7421,1333
7422,1221
7423,893
7424,1348
7425,1448
7426,1086
7427,1004
7428,843
7429,1152
7430,1638
7431,1218
7432,1713
7433,1128
7434,1020
7435,1264
7436,953
7437,891
7438,897
7439,1201
7440,2244
7441,1148
7442,1003
7443,1198
7444,1233
7445,1853
7446,970
7447,2156
7448,1017
7449,799
7450,2216
7451,1164
7452,914
7453,1043
7454,891
7455,1075
7456,1308
7457,1016
7458,1310
7459,965
7460,1247
7461,1007
7462,918
7463,1186
7464,905
7465,1047
7466,836
7467,1033
7468,940
7469,1414
7470,1400
7471,937
7472,915
7473,969
7474,1729
7475,1757
7476,1204
7477,859
7478,865
7479,925
7480,1697
7481,973
7482,1171
7483,1187
7484,955
7485,1129
7486,1352
7487,1029
7488,1197
7489,1093
7490,2195
7491,1393
7492,905
7493,1177
7494,962
7495,1205
7496,817
7497,830
7498,2893
7499,1297
7500,43177
7501,1973
7502,1253
7503,1462
7504,1035
7505,1552
7506,1963
7507,1108
7508,1031
7509,1023
7510,2068
7511,1318
7512,1173
7513,1010
7514,855
7515,1525
7516,1890
7517,982
7518,1172
7519,1757
7520,2974
7521,1158
7522,1143
7523,1090
7524,1054
7525,1651
7526,840
7527,1025
7528,1031
7529,1235
7530,1456
7531,1085
7532,816
7533,1097
7534,961
7535,1297
7536,877
7537,1014
7538,1287
7539,1045
7540,1615
7541,1224
7542,946
7543,1157
7544,1133
7545,1145
7546,1471
7547,981
7548,923
7549,957
7550,2150
7551,1146
7552,1019
7553,1315
7554,4890
7555,2043
7556,1344
7557,1297
7558,870
7559,1102
7560,1644
7561,916
7562,866
7563,890
7564,800
7565,1011
7566,1153
7567,1716
7568,905
7569,965
7570,1254
7571,847
7572,767
7573,791
7574,786
7575,1796
7576,1182
7577,1139
7578,947
7579,886
7580,2043
7581,982
7582,1065
7583,967
7584,1017
7585,1120
7586,1009
7587,1085
7588,943
7589,1326
7590,1850
7591,1033
7592,910
7593,854
7594,752
7595,979
7596,738
7597,749
7598,1047
7599,1100
7600,10538
7601,1859
7602,1359
7603,1318
7604,1141
7605,1082
7606,1556
7607,1045
7608,1146
7609,1015
7610,3626
7611,1404
7612,962
7613,2599
7614,905
7615,908
7616,963
7617,881
7618,911
7619,1074
7620,1718
7621,1058
7622,985
7623,1150
7624,1116
7625,1531
7626,927
7627,767
7628,1102
7629,834
7630,1467
7631,984
7632,1685
7633,1010
7634,1176
7635,1071
7636,1004
7637,1594
7638,1016
7639,1127
7640,1172
7641,1108
7642,1064
7643,1441
7644,1054
7645,1326
7646,1003
7647,1107
7648,937
7649,854
7650,2526
7651,946
7652,1414
7653,1139
7654,1343
7655,1022
7656,838
7657,838
7658,771
7659,1364
7660,1463
7661,1063
7662,924
7663,888
7664,994
7665,978
7666,1016
7667,1418
7668,860
7669,1007
7670,995
7671,1487
7672,873
7673,878
7674,764
7675,1051
7676,1604
7677,1071
7678,945
7679,1021
7680,2598
7681,1024
7682,819
7683,1032
7684,795
7685,801
7686,762
7687,1384
7688,897
7689,729
7690,1052
7691,829
7692,1178
7693,781
7694,753
7695,1645
7696,945
7697,833
7698,795
7699,991
7700,12346
7701,3463
7702,1745
7703,1337
7704,1205
7705,1262
7706,863
7707,883
7708,865
7709,819
7710,3646
7711,1500
7712,1149
7713,989
7714,15982
7715,1270
7716,1101
7717,2490
7718,960
7719,911
7720,1483
7721,3493
7722,1470
7723,1144
7724,884
7725,1503
7726,1107
7727,1324
7728,953
7729,971
7730,1875
7731,917
7732,955
7733,1176
7734,1649
7735,1167
7736,939
7737,1093
7738,861
7739,897
7740,1631
7741,914
7742,1266
7743,1010
7744,1298
7745,1209
7746,977
7747,1160
7748,1664
7749,905
7750,3746
7751,876
7752,988
7753,1248
7754,747
7755,1148
7756,941
7757,1378
7758,995
7759,1120
7760,1634
7761,826
7762,958
7763,1451
7764,1330
7765,1215
7766,977
7767,839
7768,865
7769,878
7770,1834
7771,1764
7772,1255
7773,912
7774,1038
7775,1056
7776,1832
7777,6170
7778,1671
7779,1155
7780,1404
7781,938
7782,1174
7783,1008
7784,888
7785,1044
7786,1272
7787,1011
7788,1479
7789,1091
7790,1429
7791,899
7792,862
7793,1695
7794,890
7795,976
7796,773
7797,851
7798,787
7799,1585
7800,11697
7801,1319
7802,987
7803,1833
7804,972
7805,8392
7806,1343
7807,906
7808,1086
7809,1824
7810,1396
7811,1134
7812,3121
7813,1006
7814,935
7815,1387
7816,2130
7817,1075
7818,940
7819,934
7820,1331
7821,1341
7822,1045
7823,895
7824,1150
7825,1697
7826,935
7827,1467
7828,970
7829,795
7830,1089
7831,962
7832,871
7833,1249
7834,1119
7835,758
7836,1394
7837,1018
7838,763
7839,1183
7840,1428
7841,973
7842,834
7843,1081
7844,1251
7845,1034
7846,813
7847,763
7848,931
7849,704
7850,2931
7851,1003
7852,884
7853,972
7854,2137
7855,1070
7856,813
7857,1079
7858,968
7859,681
7860,1378
7861,961
7862,740
7863,1006
7864,1414
7865,790
7866,831
7867,1470
7868,1094
7869,2635
7870,2421
7871,916
7872,943
7873,951
7874,1159
7875,1191
7876,928
7877,984
7878,1239
7879,1203
7880,1233
7881,977
7882,888
7883,847
7884,958
7885,1155
7886,756
7887,980
7888,1264
7889,831
7890,2938
7891,828
7892,920
7893,800
7894,970
7895,833
7896,860
7897,722
7898,874
7899,910
7900,9259
7901,3521
7902,988
7903,1428
7904,1211
7905,1521
7906,953
7907,1205
7908,1100
7909,1671
7910,2192
7911,1081
7912,1566
7913,894
7914,1311
7915,1858
7916,1035
7917,1241
7918,838
7919,1264
7920,2009
7921,1158
7922,1059
7923,1309
7924,883
7925,1248
7926,911
7927,884
7928,985
7929,703
7930,1292
7931,936
7932,879
7933,797
7934,680
7935,948
7936,1219
7937,811
7938,784
7939,943
7940,1415
7941,1339
7942,3047
7943,662
7944,826
7945,834
7946,857
7947,725
7948,600
7949,1029
7950,2977
7951,871
7952,927
7953,701
7954,797
7955,843
7956,943
7957,808
7958,815
7959,895
7960,1639
7961,859
7962,894
7963,803
7964,623
7965,866
7966,954
7967,1208
7968,935
7969,936
7970,2439
7971,995
7972,704
7973,1189
7974,1400
7975,784
7976,1046
7977,1294
7978,854
7979,1282
7980,1526
7981,969
7982,774
7983,876
7984,806
7985,897
7986,937
7987,685
7988,763
7989,822
7990,1572
7991,827
7992,832
7993,806
7994,681
7995,1108
7996,725
7997,803
7998,1440
7999,1690
8000,144038
8001,5024
8002,2817
8003,2509
8004,1989
8005,2092
8006,2313
8007,1889
8008,3869
8009,1716
8010,5026
8011,2796
8012,1461
8013,1235
8014,1824
8015,1405
8016,1175
8017,1159
8018,2145
8019,1087
8020,3417
8021,1728
8022,1392
8023,1078
8024,1198
8025,1576
8026,887
8027,1050
8028,2046
8029,928
8030,1885
8031,1897
8032,2008
8033,1442
8034,1409
8035,1392
8036,1235
8037,1052
8038,1377
8039,1053
8040,2409
8041,953
8042,1493
8043,1047
8044,1081
8045,1117
8046,948
8047,1716
8048,1621
8049,1181
8050,3515
8051,18850
8052,2359
8053,1537
8054,918
8055,1281
8056,826
8057,1411
8058,1110
8059,882
8060,1838
8061,1304
8062,1277
8063,950
8064,1181
8065,1341
8066,1250
8067,777
8068,885
8069,1468
8070,1327
8071,1148
8072,858
8073,793
8074,803
8075,1445
8076,687
8077,1111
8078,1339
8079,878
8080,27185
8081,3666
8082,1507
8083,2139
8084,1136
8085,11352
8086,17769
8087,2586
8088,5931
8089,1441
8090,2851
8091,1392
8092,1696
8093,1412
8094,850
8095,1041
8096,1438
8097,769
8098,1037
8099,913
8100,9348
8101,1968
8102,1482
8103,1415
8104,1504
8105,1104
8106,1259
8107,944
8108,1602
8109,1045
8110,2510
8111,2724
8112,1623
8113,1667
8114,967
8115,1056
8116,849
8117,937
8118,1335
8119,1461
8120,1538
8121,1209
8122,1315
8123,1332
8124,1168
8125,3117
8126,1016
8127,801
8128,1516
8129,846
8130,1953
8131,1151
8132,796
8133,1105
8134,766
8135,1364
8136,777
8137,2793
8138,1001
8139,981
8140,1754
8141,1283
8142,918
8143,735
8144,1058
8145,997
8146,929
8147,1262
8148,788
8149,819
8150,2435
8151,925
8152,1128
8153,1040
8154,735
8155,1089
8156,963
8157,768
8158,789
8159,873
8160,1906
8161,919
8162,807
8163,975
8164,825
8165,1029
8166,1204
8167,1264
8168,1056
8169,735
8170,1058
8171,902
8172,907
8173,834
8174,880
8175,824
8176,1339
8177,940
8178,827
8179,1015
8180,1768
8181,1793
8182,1122
8183,830
8184,989
8185,1049
8186,1109
8187,753
8188,1070
8189,952
8190,1225
8191,2016
8192,14268
8193,1463
8194,913
8195,843
8196,1013
8197,934
8198,836
8199,954
8200,10239
8201,2457
8202,1128
8203,2828
8204,1124
8205,1896
8206,2012
8207,1009
8208,2593
8209,1466
8210,2471
8211,9967
8212,11758
8213,1511
8214,1040
8215,1196
8216,3174
8217,42039
8218,2075
8219,839
8220,20073
8221,20485
8222,1794
8223,1884
8224,1158
8225,1143
8226,3898
8227,1055
8228,1282
8229,875
8230,4497
8231,1056
8232,1335
8233,1015
8234,873
8235,1188
8236,742
8237,1239
8238,1020
8239,1441
8240,1443
8241,974
8242,1235
8243,1053
8244,797
8245,1114
8246,768
8247,1230
8248,1282
8249,974
8250,2899
8251,1407
8252,1335
8253,1828
8254,1459
8255,9516
8256,1132
8257,934
8258,990
8259,1757
8260,1874
8261,817
8262,1088
8263,967
8264,1160
8265,997
8266,1502
8267,1145
8268,768
8269,815
8270,1767
8271,915
8272,888
8273,778
8274,1091
8275,1154
8276,1042
8277,750
8278,903
8279,1432
8280,1246
8281,1063
8282,1343
8283,1608
8284,1316
8285,818
8286,1744
8287,788
8288,1548
8289,866
8290,1318
8291,754
8292,890
8293,884
8294,797
8295,968
8296,829
8297,781
8298,662
8299,1027
8300,7530
8301,1764
8302,1120
8303,1640
8304,938
8305,970
8306,1181
8307,856
8308,870
8309,932
8310,1798
8311,1422
8312,2033
8313,984
8314,993
8315,947
8316,871
8317,1006
8318,851
8319,818
8320,1852
8321,1065
8322,1034
8323,963
8324,800
8325,1719
8326,875
8327,778
8328,748
8329,871
8330,4298
8331,978
8332,1354
8333,3527
8334,935
8335,756
8336,916
8337,784
8338,830
8339,1242
8340,1203
8341,904
8342,804
8343,886
8344,1021
8345,1035
8346,811
8347,746
8348,976
8349,762
8350,3033
8351,934
8352,833
8353,1078
8354,738
8355,804
8356,821
8357,695
8358,782
8359,787
8360,1590
8361,1025
8362,816
8363,713
8364,1189
8365,1014
8366,830
8367,853
8368,751
8369,803
8370,1070
8371,1150
8372,809
8373,1012
8374,749
8375,1016
8376,824
8377,804
8378,811
8379,808
8380,1059
8381,701
8382,703
8383,1169
8384,924
8385,963
8386,811
8387,854
8388,977
8389,769
8390,1073
8391,893
8392,991
8393,779
8394,811
8395,749
8396,848
8397,681
8398,905
8399,950
8400,8592
8401,1568
8402,1296
8403,791
8404,1002
8405,803
8406,784
8407,859
8408,841
8409,761
8410,1196
8411,979
8412,966
8413,1184
8414,985
8415,1160
8416,865
8417,885
8418,896
8419,821
8420,1317
8421,1602
8422,800
8423,848
8424,1719
8425,1033
8426,783
8427,832
8428,875
8429,765
8430,1254
8431,995
8432,1262
8433,754
8434,761
8435,845
8436,863
8437,761
8438,716
8439,829
8440,1075
8441,788
8442,791
8443,5225
8444,1218
8445,1019
8446,1080
8447,722
8448,1079
8449,716
8450,1579
8451,1512
8452,1164
8453,1538
8454,990
8455,847
8456,1038
8457,1466
8458,711
8459,812
8460,938
8461,834
8462,875
8463,1030
8464,881
8465,733
8466,733
8467,895
8468,654
8469,712
8470,1244
8471,1089
8472,3198
8473,890
8474,671
8475,803
8476,825
8477,4801
8478,902
8479,966
8480,1253
8481,799
8482,1147
8483,841
8484,1471
8485,1125
8486,1277
8487,790
8488,795
8489,688
8490,877
8491,920
8492,740
8493,1383
8494,616
8495,767
8496,664
8497,649
8498,737
8499,901
8500,19426
8501,3335
8502,1910
8503,1119
8504,1062
8505,1454
8506,1040
8507,1126
8508,849
8509,800
8510,1852
8511,1321
8512,1142
8513,847
8514,813
8515,1124
8516,1076
8517,1006
8518,826
8519,973
8520,2410
8521,894
8522,973
8523,844
8524,1004
8525,1589
8526,782
8527,1012
8528,1084
8529,888
8530,1718
8531,987
8532,872
8533,753
8534,791
8535,1021
8536,1025
8537,848
8538,742
8539,759
8540,1869
8541,1133
8542,1633
8543,1363
8544,1940
8545,1209
8546,794
8547,780
8548,721
8549,955
8550,2263
8551,1067
8552,913
8553,731
8554,993
8555,1513
8556,759
8557,710
8558,946
8559,660
8560,1257
8561,870
8562,866
8563,665
8564,833
8565,887
8566,770
8567,772
8568,782
8569,609
8570,1396
8571,1396
8572,869
8573,1334
8574,796
8575,1016
8576,698
8577,1278
8578,801
8579,859
8580,1430
8581,1046
8582,1048
8583,1162
8584,735
8585,1828
8586,1084
8587,896
8588,1001
8589,718
8590,1115
8591,838
8592,787
8593,832
8594,1112
8595,957
8596,753
8597,851
8598,724
8599,873
8600,35966
8601,13624
8602,987
8603,1036
8604,986
8605,889
8606,1789
8607,706
8608,969
8609,808
8610,1843
8611,1297
8612,996
8613,819
8614,1023
8615,867
8616,1070
8617,884
8618,727
8619,873
8620,1865
8621,1312
8622,806
8623,764
8624,1406
8625,1219
8626,742
8627,770
8628,1137
8629,667
8630,1058
8631,719
8632,787
8633,816
8634,697
8635,791
8636,744
8637,769
8638,722
8639,1094
8640,2137
8641,898
8642,743
8643,872
8644,1845
8645,777
8646,711
8647,653
8648,776
8649,1353
8650,1420
8651,839
8652,874
8653,797
8654,658
8655,1214
8656,858
8657,724
8658,748
8659,877
8660,1342
8661,819
8662,753
8663,726
8664,814
8665,1172
8666,1179
8667,1127
8668,714
8669,798
8670,972
8671,648
8672,597
8673,640
8674,8129
8675,949
8676,813
8677,851
8678,730
8679,524
8680,1177
8681,807
8682,839
8683,871
8684,714
8685,1106
8686,1969
8687,1065
8688,1099
8689,1171
8690,1130
8691,864
8692,865
8693,871
8694,920
8695,879
8696,896
8697,863
8698,596
8699,725
8700,7562
8701,1931
8702,845
8703,1127
8704,1079
8705,1129
8706,1286
8707,805
8708,1096
8709,750
8710,1529
8711,1630
8712,1094
8713,731
8714,788
8715,734
8716,916
8717,676
8718,687
8719,911
8720,1388
8721,1409
8722,2767
8723,930
8724,859
8725,946
8726,732
8727,939
8728,741
8729,726
8730,1154
8731,812
8732,921
8733,1061
8734,902
8735,1094
8736,756
8737,883
8738,883
8739,1155
8740,1148
8741,1086
8742,946
8743,740
8744,695
8745,898
8746,818
8747,903
8748,905
8749,1133
8750,2322
8751,996
8752,775
8753,1070
8754,791
8755,1180
8756,860
8757,718
8758,679
8759,702
8760,2978
8761,727
8762,1129
8763,792
8764,860
8765,1530
8766,833
8767,1604
8768,666
8769,597
8770,977
8771,714
8772,704
8773,648
8774,698
8775,1088
8776,1528
8777,1248
8778,805
8779,708
8780,1006
8781,620
8782,798
8783,691
8784,753
8785,766
8786,698
8787,1573
8788,1079
8789,783
8790,2718
8791,861
8792,931
8793,659
8794,1078
8795,851
8796,754
8797,968
8798,920
8799,5388
8800,13075
8801,1784
8802,2612
8803,1273
8804,2728
8805,1227
8806,800
8807,903
8808,1073
8809,1036
8810,1352
8811,1366
8812,972
8813,768
8814,693
8815,773
8816,920
8817,1268
8818,947
8819,672
8820,1581
8821,940
8822,1268
8823,851
8824,1024
8825,1246
8826,1025
8827,740
8828,1210
8829,876
8830,1358
8831,795
8832,1495
8833,1349
8834,666
8835,839
8836,721
8837,743
8838,761
8839,725
8840,1332
8841,718
8842,728
8843,792
8844,1153
8845,831
8846,794
8847,644
8848,2570
8849,917
8850,1769
8851,759
8852,663
8853,828
8854,1500
8855,1225
8856,901
8857,1000
8858,1045
8859,19020
8860,1315
8861,804
8862,823
8863,838
8864,793
8865,987
8866,901
8867,714
8868,815
8869,1136
8870,1113
8871,800
8872,766
8873,885
8874,680
8875,928
8876,681
8877,1053
8878,932
8879,1355
8880,1627
8881,951
8882,775
8883,1057
8884,881
8885,890
8886,877
8887,1029
8888,11300
8889,1685
8890,1631
8891,969
8892,803
8893,867
8894,679
8895,1519
8896,709
8897,797
8898,912
8899,988
8900,5764
8901,1722
8902,1103
8903,1083
8904,932
8905,736
8906,814
8907,762
8908,732
8909,787
8910,1863
8911,879
8912,980
8913,652
8914,862
8915,800
8916,842
8917,734
8918,708
8919,713
8920,1091
8921,727
8922,680
8923,676
8924,1262
8925,981
8926,690
8927,760
8928,778
8929,764
8930,1056
8931,1003
8932,772
8933,697
8934,553
8935,733
8936,622
8937,667
8938,1492
8939,679
8940,1074
8941,630
8942,679
8943,662
8944,910
8945,794
8946,589
8947,803
8948,551
8949,2382
8950,1718
8951,699
8952,678
8953,641
8954,578
8955,681
8956,792
8957,512
8958,818
8959,625
8960,1154
8961,673
8962,768
8963,615
8964,10579
8965,711
8966,752
8967,589
8968,682
8969,1231
8970,1028
8971,713
8972,842
8973,672
8974,731
8975,928
8976,805
8977,841
8978,700
8979,936
8980,1078
8981,794
8982,698
8983,882
8984,1311
8985,711
8986,1804
8987,786
8988,956
8989,1151
8990,1272
8991,834
8992,779
8993,3382
8994,841
8995,903
8996,856
8997,687
8998,1336
8999,1525
9000,92924
9001,28290
9002,3430
9003,3283
9004,2277
9005,2882
9006,2861
9007,2677
9008,1511
9009,2460
9010,2917
9011,1321
9012,1619
9013,1340
9014,1757
9015,1331
9016,1147
9017,1041
9018,1210
9019,976
9020,2113
9021,1119
9022,1022
9023,1027
9024,1044
9025,1487
9026,1040
9027,1077
9028,850
9029,891
9030,1660
9031,1029
9032,963
9033,983
9034,810
9035,939
9036,852
9037,860
9038,846
9039,887
9040,1584
9041,988
9042,1095
9043,776
9044,794
9045,1075
9046,780
9047,861
9048,1067
9049,738
9050,2133
9051,941
9052,994
9053,819
9054,1223
9055,1157
9056,857
9057,666
9058,848
9059,719
9060,1920
9061,776
9062,803
9063,872
9064,728
9065,809
9066,3199
9067,735
9068,859
9069,851
9070,1384
9071,1082
9072,972
9073,703
9074,727
9075,1245
9076,786
9077,800
9078,773
9079,732
9080,1530
9081,1191
9082,815
9083,839
9084,943
9085,1013
9086,635
9087,735
9088,833
9089,1058
9090,3591
9091,1439
9092,1770
9093,1105
9094,822
9095,1191
9096,791
9097,716
9098,687
9099,1082
9100,7486
9101,3656
9102,1470
9103,1111
9104,1080
9105,954
9106,1139
9107,878
9108,879
9109,836
9110,1682
9111,1888
9112,1068
9113,849
9114,905
9115,930
9116,963
9117,822
9118,821
9119,1043
9120,1815
9121,949
9122,934
9123,1044
9124,709
9125,1309
9126,1372
9127,906
9128,784
9129,704
9130,1147
9131,1306
9132,798
9133,772
9134,907
9135,993
9136,866
9137,890
9138,671
9139,912
9140,1440
9141,1128
9142,1007
9143,783
9144,2696
9145,1004
9146,647
9147,877
9148,934
9149,1101
9150,2380
9151,912
9152,777
9153,714
9154,714
9155,1622
9156,706
9157,655
9158,661
9159,697
9160,1094
9161,897
9162,857
9163,826
9164,760
9165,1981
9166,944
9167,1366
9168,748
9169,754
9170,928
9171,1167
9172,832
9173,795
9174,735
9175,908
9176,690
9177,728
9178,841
9179,608
9180,1059
9181,742
9182,786
9183,685
9184,1439
9185,988
9186,748
9187,784
9188,780
9189,805
9190,1025
9191,1285
9192,986
9193,1274
9194,790
9195,782
9196,739
9197,839
9198,798
9199,987
9200,9251
9201,1526
9202,1055
9203,1594
9204,791
9205,1417
9206,852
9207,796
9208,1246
9209,883
9210,1578
9211,1657
9212,1253
9213,933
9214,861
9215,1074
9216,1652
9217,817
9218,798
9219,1105
9220,1350
9221,1040
9222,1210
9223,1057
9224,895
9225,1357
9226,767
9227,992
9228,853
9229,1026
9230,1473
9231,907
9232,863
9233,729
9234,910
9235,936
9236,886
9237,986
9238,810
9239,893
9240,1524
9241,2550
9242,924
9243,837
9244,777
9245,820
9246,720
9247,830
9248,855
9249,582
9250,2490
9251,992
9252,945
9253,776
9254,711
9255,1058
9256,649
9257,687
9258,1018
9259,753
9260,1286
9261,1184
9262,1587
9263,803
9264,779
9265,1028
9266,803
9267,736
9268,1194
9269,750
9270,838
9271,935
9272,1156
9273,675
9274,841
9275,1112
9276,865
9277,879
9278,699
9279,617
9280,2161
9281,805
9282,973
9283,881
9284,858
9285,765
9286,917
9287,754
9288,797
9289,664
9290,1794
9291,807
9292,1525
9293,970
9294,800
9295,913
9296,923
9297,772
9298,795
9299,869
9300,7378
9301,1098
9302,920
9303,1126
9304,762
9305,943
9306,873
9307,766
9308,951
9309,727
9310,2004
9311,1484
9312,982
9313,999
9314,750
9315,884
9316,754
9317,798
9318,703
9319,704
9320,1458
9321,815
9322,844
9323,699
9324,713
9325,1006
9326,2671
9327,756
9328,743
9329,580
9330,1282
9331,909
9332,950
9333,1633
9334,708
9335,955
9336,875
9337,878
9338,734
9339,843
9340,2499
9341,973
9342,613
9343,1444
9344,1183
9345,872
9346,992
9347,756
9348,633
9349,733
9350,2070
9351,1013
9352,794
9353,717
9354,693
9355,909
9356,635
9357,615
9358,683
9359,631
9360,1448
9361,902
9362,927
9363,700
9364,825
9365,778
9366,586
9367,845
9368,673
9369,895
9370,1113
9371,700
9372,918
9373,719
9374,633
9375,3158
9376,792
9377,867
9378,1224
9379,596
9380,1094
9381,1640
9382,658
9383,1026
9384,1598
9385,910
9386,563
9387,695
9388,696
9389,824
9390,813
9391,753
9392,667
9393,1167
9394,1178
9395,810
9396,773
9397,883
9398,699
9399,916
9400,5862
9401,1488
9402,980
9403,981
9404,893
9405,1126
9406,857
9407,912
9408,917
9409,975
9410,1413
9411,1091
9412,897
9413,841
9414,943
9415,938
9416,909
9417,878
9418,685
9419,642
9420,1094
9421,692
9422,1230
9423,757
9424,872
9425,944
9426,584
9427,633
9428,798
9429,873
9430,1084
9431,702
9432,788
9433,810
9434,718
9435,819
9436,751
9437,816
9438,782
9439,710
9440,1951
9441,701
9442,753
9443,1087
9444,1139
9445,1175
9446,730
9447,628
9448,887
9449,785
9450,1675
9451,716
9452,1231
9453,923
9454,759
9455,854
9456,696
9457,810
9458,649
9459,684
9460,867
9461,925
9462,848
9463,857
9464,908
9465,860
9466,773
9467,668
9468,613
9469,881
9470,1113
9471,648
9472,677
9473,916
9474,1161
9475,968
9476,637
9477,797
9478,646
9479,780
9480,933
9481,739
9482,718
9483,574
9484,738
9485,749
9486,708
9487,762
9488,723
9489,715
9490,912
9491,645
9492,740
9493,614
9494,1018
9495,900
9496,883
9497,731
9498,623
9499,878
9500,15396
9501,1614
9502,1503
9503,1352
9504,993
9505,1257
9506,1037
9507,1039
9508,778
9509,756
9510,1229
9511,1038
9512,962
9513,992
9514,800
9515,903
9516,1022
9517,767
9518,653
9519,657
9520,1298
9521,1592
9522,1043
9523,875
9524,886
9525,4067
9526,670
9527,986
9528,812
9529,899
9530,1222
9531,732
9532,667
9533,719
9534,722
9535,744
9536,1721
9537,707
9538,692
9539,517
9540,946
9541,1070
9542,773
9543,882
9544,755
9545,1285
9546,788
9547,681
9548,722
9549,617
9550,2282
9551,784
9552,844
9553,660
9554,655
9555,1559
9556,711
9557,721
9558,673
9559,850
9560,1411
9561,678
9562,657
9563,666
9564,829
9565,918
9566,948
9567,962
9568,3410
9569,621
9570,1422
9571,709
9572,853
9573,596
9574,697
9575,1119
9576,591
9577,744
9578,724
9579,595
9580,1025
9581,614
9582,676
9583,684
9584,705
9585,866
9586,613
9587,590
9588,615
9589,549
9590,1248
9591,658
9592,792
9593,742
9594,834
9595,1315
9596,1005
9597,635
9598,750
9599,926
9600,24306
9601,2107
9602,1121
9603,1046
9604,1532
9605,938
9606,1889
9607,1364
9608,917
9609,842
9610,1507
9611,1803
9612,1080
9613,1325
9614,757
9615,1011
9616,666
9617,622
9618,748
9619,622
9620,1170
9621,734
9622,892
9623,771
9624,782
9625,1099
9626,761
9627,630
9628,762
9629,901
9630,1139
9631,747
9632,952
9633,679
9634,600
9635,869
9636,703
9637,1039
9638,603
9639,788
9640,837
9641,720
9642,1231
9643,670
9644,723
9645,900
9646,849
9647,851
9648,795
9649,715
9650,1717
9651,676
9652,677
9653,670
9654,772
9655,830
9656,692
9657,685
9658,1491
9659,908
9660,1984
9661,1028
9662,1702
9663,900
9664,744
9665,757
9666,761
9667,1250
9668,700
9669,689
9670,1116
9671,568
9672,749
9673,1013
9674,622
9675,1074
9676,567
9677,833
9678,797
9679,876
9680,809
9681,644
9682,783
9683,658
9684,722
9685,805
9686,1367
9687,715
9688,736
9689,836
9690,882
9691,596
9692,649
9693,691
9694,593
9695,693
9696,1247
9697,1151
9698,727
9699,810
9700,8850
9701,1387
9702,1168
9703,829
9704,815
9705,888
9706,1015
9707,998
9708,838
9709,1166
9710,1573
9711,2603
9712,1166
9713,781
9714,927
9715,786
9716,947
9717,727
9718,691
9719,645
9720,1529
9721,1012
9722,789
9723,695
9724,670
9725,840
9726,1189
9727,740
9728,862
9729,738
9730,1038
9731,617
9732,679
9733,963
9734,874
9735,826
9736,833
9737,761
9738,693
9739,595
9740,904
9741,714
9742,800
9743,899
9744,753
9745,696
9746,607
9747,846
9748,741
9749,689
9750,1814
9751,800
9752,692
9753,740
9754,715
9755,773
9756,720
9757,698
9758,697
9759,593
9760,923
9761,658
9762,679
9763,739
9764,627
9765,801
9766,797
9767,740
9768,682
9769,777
9770,957
9771,675
9772,792
9773,681
9774,580
9775,903
9776,701
9777,1022
9778,838
9779,933
9780,1279
9781,1042
9782,769
9783,720
9784,712
9785,714
9786,695
9787,721
9788,706
9789,678
9790,1498
9791,690
9792,995
9793,748
9794,612
9795,760
9796,1063
9797,1428
9798,1157
9799,880
9800,8995
9801,2269
9802,1440
9803,824
9804,861
9805,894
9806,872
9807,880
9808,945
9809,731
9810,2570
9811,873
9812,974
9813,715
9814,695
9815,818
9816,809
9817,849
9818,633
9819,623
9820,2203
9821,859
9822,2962
9823,784
9824,711
9825,1333
9826,725
9827,778
9828,791
9829,703
9830,1349
9831,755
9832,820
9833,1076
9834,792
9835,988
9836,649
9837,725
9838,697
9839,726
9840,1287
9841,803
9842,951
9843,874
9844,805
9845,828
9846,626
9847,668
9848,695
9849,693
9850,2221
9851,786
9852,727
9853,2305
9854,666
9855,709
9856,848
9857,1322
9858,664
9859,664
9860,1171
9861,1836
9862,668
9863,622
9864,615
9865,789
9866,649
9867,631
9868,1386
9869,793
9870,1132
9871,776
9872,805
9873,657
9874,664
9875,1156
9876,1867
9877,954
9878,694
9879,634
9880,1100
9881,700
9882,749
9883,698
9884,695
9885,771
9886,720
9887,1041
9888,1167
9889,954
9890,919
9891,737
9892,631
9893,640
9894,678
9895,1587
9896,921
9897,667
9898,1253
9899,2726
9900,9049
9901,1587
9902,1130
9903,1268
9904,2022
9905,1137
9906,890
9907,760
9908,963
9909,1024
9910,1401
9911,1233
9912,1066
9913,830
9914,709
9915,810
9916,743
9917,762
9918,793
9919,925
9920,1124
9921,1048
9922,1021
9923,843
9924,778
9925,1251
9926,817
9927,704
9928,846
9929,872
9930,1600
9931,750
9932,692
9933,2166
9934,758
9935,786
9936,847
9937,780
9938,792
9939,1517
9940,1177
9941,761
9942,714
9943,745
9944,877
9945,1187
9946,648
9947,1477
9948,806
9949,1020
9950,1909
9951,765
9952,874
9953,744
9954,881
9955,1089
9956,928
9957,812
9958,942
9959,867
9960,1502
9961,904
9962,828
9963,844
9964,1152
9965,1740
9966,2251
9967,792
9968,842
9969,1049
9970,1008
9971,1084
9972,1064
9973,1170
9974,853
9975,1781
9976,941
9977,1061
9978,969
9979,1338
9980,1410
9981,1775
9982,1313
9983,1045
9984,1599
9985,1382
9986,1193
9987,1232
9988,1813
9989,1161
9990,2175
9991,2065
9992,1441
9993,1747
9994,3728
9995,3760
9996,2374
9997,3143
9998,3770
9999,41027
10000,161432
