number,count
0,53489680
1,77801743
2,61427593
3,49316115
4,37717378
5,42841616
6,27628482
7,22419200
8,22276172
9,17602645
10,35001003
11,12743878
12,17431903
13,9787861
14,10218196
15,15708012
16,9929802
17,8141795
18,10226108
19,10566809
20,19129233
21,6881131
22,6719359
23,5792758
24,8853648
25,11216267
26,5287651
27,5018642
28,5325681
29,4435512
30,16454229
31,4077601
32,3497752
33,3018607
34,2826729
35,4594104
36,3080147
37,2681813
38,2492888
39,2265744
40,9299412
41,2070963
42,2441559
43,2084721
44,2248619
45,4098134
46,1957226
47,1864132
48,2597217
49,1780373
50,12739834
51,1741476
52,1889533
53,1612842
54,1700865
55,2468811
56,1635481
57,1477778
58,1488839
59,1408918
60,6915031
61,1313711
62,1484488
63,1363971
64,1799638
65,2902262
66,1432293
67,1336308
68,1300955
69,1136650
70,4775544
71,1164198
72,1646812
73,1146236
74,1163526
75,3422678
76,1122051
77,1132492
78,1147145
79,1013504
80,5318872
81,1046435
82,1083853
83,1084262
84,1119734
85,1898281
86,1051589
87,996185
88,1082016
89,974642
90,4949396
91,985421
92,1052339
93,1019945
94,996847
95,3174361
96,1187578
97,1039305
98,1153668
99,1839659
100,12944300
101,892342
102,588132
103,523856
104,622136
105,661384
106,569658
107,473888
108,542964
109,448680
110,959628
111,473413
112,475133
113,389915
114,397075
115,516822
116,419780
117,369898
118,374053
119,364211
120,1668629
121,367644
122,369784
123,371827
124,375399
125,814889
126,372064
127,383087
128,439055
129,314282
130,922475
131,359527
132,332798
133,321912
134,297732
135,452220
136,289625
137,310576
138,290191
139,283605
140,889926
141,276717
142,272460
143,267599
144,318702
145,363421
146,257023
147,268051
148,250099
149,253065
150,2623374
151,251709
152,259174
153,246353
154,239054
155,325585
156,241863
157,247449
158,224841
159,225525
160,812210
161,235851
162,235111
163,233101
164,229429
165,340210
166,218889
167,230864
168,314540
169,222346
170,519149
171,250973
172,225039
173,209424
174,202550
175,406751
176,211209
177,215277
178,198592
179,205824
180,948063
181,204998
182,201951
183,218651
184,232982
185,275027
186,199261
187,204020
188,220721
189,200399
190,366725
191,194605
192,262215
193,204207
194,173241
195,237019
196,176913
197,178151
198,170677
199,234040
200,5281757
201,266494
202,268515
203,220698
204,214914
205,245295
206,250044
207,194358
208,205807
209,185433
210,365885
211,203632
212,243717
213,181813
214,225775
215,242790
216,186770
217,178034
218,168009
219,161979
220,512087
221,187761
222,206153
223,178764
224,175308
225,317443
226,165843
227,167172
228,157853
229,151700
230,388860
231,188418
232,179310
233,166024
234,153416
235,217427
236,145704
237,151427
238,161924
239,155729
240,489631
241,154844
242,151025
243,153984
244,140245
245,180114
246,139177
247,149995
248,145063
249,144824
250,1946015
251,149760
252,152228
253,148200
254,152019
255,237873
256,257181
257,142768
258,128690
259,129505
260,323901
261,137558
262,142174
263,138431
264,164460
265,175923
266,128897
267,137938
268,128730
269,133184
270,319890
271,137468
272,140593
273,164193
274,128976
275,239588
276,132912
277,144193
278,128652
279,133383
280,334013
281,136223
282,129405
283,130002
284,122348
285,167018
286,123703
287,139987
288,137358
289,126622
290,201474
291,120246
292,116111
293,137114
294,110969
295,147986
296,114071
297,117891
298,113536
299,136079
300,3732191
301,208746
302,167928
303,171776
304,166751
305,173833
306,138312
307,131938
308,141553
309,125094
310,224836
311,147809
312,155309
313,136985
314,127488
315,166369
316,134849
317,120174
318,120596
319,121611
320,318171
321,131059
322,128243
323,134464
324,118788
325,228222
326,112899
327,117054
328,117162
329,107670
330,269967
331,116146
332,111868
333,148270
334,104654
335,135794
336,114925
337,114516
338,109098
339,101712
340,229635
341,111337
342,107519
343,111550
344,104082
345,134681
346,97154
347,109013
348,99409
349,100597
350,903009
351,114985
352,106833
353,105305
354,107034
355,124664
356,108009
357,110243
358,95637
359,99138
360,640594
361,108323
362,98115
363,105828
364,102443
365,338724
366,101951
367,99186
368,95050
369,94184
370,203594
371,99169
372,93970
373,99734
374,85579
375,215562
376,88805
377,105466
378,91594
379,90807
380,202525
381,97253
382,87327
383,91760
384,114211
385,118862
386,94097
387,95441
388,81905
389,85672
390,147117
391,85945
392,84606
393,90016
394,78038
395,113088
396,76979
397,84546
398,75185
399,96558
400,2940157
401,455650
402,114498
403,131138
404,152923
405,135012
406,101326
407,100287
408,98185
409,91648
410,179515
411,104102
412,99220
413,90691
414,88887
415,132557
416,102573
417,92169
418,80356
419,85072
420,204764
421,89927
422,90316
423,85564
424,87084
425,146303
426,82746
427,89177
428,81229
429,86346
430,172134
431,88361
432,99382
433,88297
434,76532
435,117904
436,76498
437,79507
438,77522
439,72742
440,187934
441,81746
442,75469
443,88326
444,86009
445,91528
446,67927
447,81039
448,72705
449,73205
450,590825
451,108220
452,72550
453,76924
454,91660
455,96346
456,76747
457,90487
458,75195
459,69986
460,155744
461,74443
462,69450
463,73348
464,68646
465,90074
466,65920
467,71341
468,70502
469,70422
470,135791
471,73884
472,66925
473,71470
474,61905
475,109177
476,75913
477,68408
478,63442
479,69176
480,206420
481,67467
482,65419
483,74958
484,65267
485,96399
486,82227
487,66191
488,93270
489,64645
490,115758
491,66788
492,64399
493,67125
494,59523
495,88981
496,63849
497,67002
498,59725
499,88277
500,6040976
501,184060
502,94199
503,91556
504,147378
505,100008
506,76903
507,74442
508,96868
509,83137
510,148411
511,80619
512,135698
513,68392
514,71531
515,87918
516,67786
517,67931
518,69139
519,64300
520,155360
521,90025
522,70183
523,68174
524,64600
525,112351
526,64398
527,70995
528,76645
529,149066
530,131359
531,63986
532,69746
533,65118
534,59255
535,82766
536,67551
537,63506
538,63670
539,63703
540,147376
541,69939
542,60737
543,64281
544,60782
545,71544
546,56946
547,59693
548,53672
549,58695
550,321325
551,64690
552,59338
553,60007
554,53162
555,96996
556,55069
557,57093
558,51243
559,55196
560,139919
561,60349
562,59380
563,59170
564,53872
565,70387
566,50610
567,58543
568,56703
569,51981
570,113356
571,58932
572,52453
573,57902
574,50591
575,83087
576,59096
577,55468
578,47995
579,55474
580,121122
581,62001
582,52122
583,53978
584,51956
585,68824
586,60511
587,58897
588,49580
589,54855
590,89347
591,51312
592,48804
593,51828
594,52130
595,62721
596,45952
597,54429
598,47170
599,56579
600,2094483
601,76883
602,72203
603,65616
604,70264
605,70886
606,65475
607,58246
608,61615
609,65222
610,109327
611,55799
612,63297
613,66183
614,55898
615,67278
616,53734
617,67685
618,71770
619,52650
620,123336
621,56876
622,57713
623,53411
624,53896
625,113600
626,52858
627,52338
628,50722
629,49989
630,115533
631,55328
632,59188
633,57195
634,48805
635,64949
636,51280
637,48479
638,48556
639,51098
640,144969
641,51763
642,54240
643,50275
644,48112
645,62477
646,49112
647,53338
648,46455
649,48299
650,341577
651,53785
652,47684
653,46107
654,45364
655,58425
656,52808
657,47421
658,44664
659,44514
660,121511
661,50810
662,47563
663,47547
664,47356
665,52281
666,60217
667,56666
668,46796
669,46388
670,95839
671,47975
672,46683
673,47172
674,47645
675,74773
676,45464
677,48837
678,44680
679,46497
680,112670
681,45357
682,42416
683,44405
684,44902
685,55383
686,41586
687,47705
688,44746
689,43000
690,76452
691,48161
692,40772
693,42721
694,38390
695,55443
696,39043
697,40301
698,37904
699,46093
700,1430372
701,65982
702,65389
703,60900
704,58023
705,62577
706,53497
707,67125
708,47989
709,51728
710,82605
711,58798
712,50833
713,50028
714,51425
715,60308
716,47905
717,50684
718,52818
719,43034
720,130044
721,48628
722,51084
723,43341
724,43438
725,67684
726,43512
727,56000
728,44037
729,43716
730,87918
731,47095
732,50548
733,46727
734,41504
735,54430
736,40808
737,88553
738,38828
739,41317
740,88859
741,47228
742,41177
743,42808
744,44749
745,52134
746,39014
747,98960
748,39933
749,42249
750,526220
751,45773
752,42814
753,44254
754,41997
755,50686
756,41151
757,52698
758,36610
759,37892
760,100298
761,40538
762,40344
763,41952
764,37246
765,53651
766,37405
767,53683
768,55743
769,37259
770,87029
771,41551
772,43456
773,41408
774,42331
775,62270
776,43822
777,78070
778,38340
779,37436
780,92134
781,42036
782,36949
783,40259
784,38718
785,50357
786,40831
787,81662
788,36547
789,39297
790,60980
791,36816
792,40845
793,39156
794,40103
795,48302
796,35958
797,39245
798,35930
799,43653
800,1973883
801,63927
802,204825
803,46493
804,48042
805,53554
806,43394
807,40140
808,60679
809,39515
810,73889
811,50132
812,47076
813,43882
814,43210
815,51447
816,41379
817,41133
818,40671
819,36784
820,78630
821,40978
822,39847
823,39177
824,39985
825,58783
826,39629
827,39904
828,41686
829,41247
830,77520
831,38514
832,39672
833,47695
834,34875
835,43297
836,36199
837,37056
838,34367
839,35118
840,83409
841,38662
842,39644
843,45219
844,43992
845,52615
846,35595
847,40925
848,37557
849,34574
850,251393
851,36303
852,39283
853,38253
854,34801
855,53903
856,36556
857,37062
858,37668
859,36007
860,76545
861,36404
862,34795
863,38472
864,43296
865,43951
866,65397
867,37353
868,34688
869,35435
870,74168
871,37203
872,35756
873,33915
874,33532
875,64368
876,34957
877,69215
878,32340
879,33904
880,82222
881,33622
882,36001
883,36013
884,33364
885,40823
886,34177
887,34686
888,93375
889,34169
890,55864
891,33763
892,31215
893,34856
894,30211
895,42527
896,33032
897,32578
898,30886
899,36273
900,868702
901,48650
902,42910
903,39141
904,42020
905,43778
906,38644
907,51088
908,36596
909,39356
910,62050
911,296879
912,43793
913,36031
914,42229
915,43979
916,38799
917,39702
918,38323
919,38272
920,71237
921,37530
922,36367
923,33043
924,35494
925,56718
926,32742
927,33821
928,36942
929,35434
930,65764
931,33157
932,32691
933,34003
934,31134
935,39717
936,33955
937,35715
938,30861
939,32068
940,64174
941,40063
942,32166
943,31723
944,36141
945,39279
946,31027
947,30275
948,28539
949,32632
950,141568
951,33900
952,31263
953,32541
954,34218
955,36940
956,31811
957,31104
958,28424
959,34269
960,90143
961,32093
962,33806
963,34810
964,29904
965,39798
966,31530
967,33070
968,32216
969,33997
970,64064
971,33250
972,37023
973,40771
974,30673
975,47384
976,33059
977,32752
978,383521
979,30407
980,68731
981,32923
982,29914
983,30697
984,31388
985,38462
986,29321
987,33937
988,37058
989,33815
990,77732
991,31533
992,30921
993,31899
994,30529
995,49530
996,36511
997,36037
998,35195
999,145398
1000,1445105
1001,96846
1002,210928
1003,24624
1004,22000
1005,23837
1006,48697
1007,257302
1008,20031
1009,18913
1010,50947
1011,34409
1012,30679
1013,24142
1014,26088
1015,28864
1016,827765
1017,51833
1018,24232
1019,18341
1020,33663
1021,70702
1022,18594
1023,42631
1024,64369
1025,21929
1026,15681
1027,18988
1028,15595
1029,43944
1030,29941
1031,39614
1032,14811
1033,23904
1034,18105
1035,20108
1036,13371
1037,50346
1038,249338
1039,24152
1040,69144
1041,16631
1042,21270
1043,15342
1044,14656
1045,18599
1046,51383
1047,14164
1048,13915
1049,15764
1050,43304
1051,18625
1052,13540
1053,25570
1054,23716
1055,25965
1056,43970
1057,16701
1058,13565
1059,14187
1060,21751
1061,16172
1062,12827
1063,23757
1064,17788
1065,18081
1066,58513
1067,19297
1068,14751
1069,15051
1070,34515
1071,21019
1072,13845
1073,99044
1074,50053
1075,18580
1076,14067
1077,16358
1078,20393
1079,16498
1080,143003
1081,16605
1082,11779
1083,22227
1084,21198
1085,17389
1086,60670
1087,16644
1088,33405
1089,33782
1090,19604
1091,17030
1092,13685
1093,184710
1094,17778
1095,28944
1096,23108
1097,112247
1098,40192
1099,86274
1100,140329
1101,50715
1102,18758
1103,25894
1104,24943
1105,26000
1106,15457
1107,19057
1108,19726
1109,34195
1110,23462
1111,249022
1112,16304
1113,19411
1114,13796
1115,22284
1116,15266
1117,15583
1118,16466
1119,17767
1120,25907
1121,18137
1122,16308
1123,16991
1124,18151
1125,19963
1126,75751
1127,18126
1128,75477
1129,13749
1130,28535
1131,14512
1132,12648
1133,13974
1134,13468
1135,20058
1136,71615
1137,14938
1138,14301
1139,20575
1140,19911
1141,14756
1142,14652
1143,14759
1144,13548
1145,22126
1146,33615
1147,16635
1148,15444
1149,14699
1150,36781
1151,14783
1152,30527
1153,16256
1154,17057
1155,32376
1156,12683
1157,14967
1158,34440
1159,29928
1160,20140
1161,38042
1162,17324
1163,16673
1164,17767
1165,16019
1166,14273
1167,18886
1168,11130
1169,14483
1170,23220
1171,14820
1172,22748
1173,15907
1174,12658
1175,25206
1176,20322
1177,76553
1178,11764
1179,17061
1180,22012
1181,14256
1182,25778
1183,16257
1184,12804
1185,22810
1186,148875
1187,17248
1188,12538
1189,20669
1190,19678
1191,17613
1192,20220
1193,13461
1194,16736
1195,13770
1196,13106
1197,14054
1198,16078
1199,20328
1200,316916
1201,23528
1202,21310
1203,18857
1204,27156
1205,17229
1206,19643
1207,21590
1208,14685
1209,17250
1210,35855
1211,17899
1212,27336
1213,21799
1214,17925
1215,35853
1216,20627
1217,16918
1218,14872
1219,16855
1220,26993
1221,18296
1222,28953
1223,16893
1224,14179
1225,23211
1226,16255
1227,17979
1228,13944
1229,15021
1230,24185
1231,15993
1232,13568
1233,13575
1234,26445
1235,17600
1236,14412
1237,13509
1238,13688
1239,13067
1240,24537
1241,18235
1242,23234
1243,14312
1244,16682
1245,18262
1246,13653
1247,14312
1248,16950
1249,17394
1250,62516
1251,14651
1252,14819
1253,16912
1254,16231
1255,15339
1256,14977
1257,15628
1258,18209
1259,13951
1260,29512
1261,16818
1262,12334
1263,14515
1264,13626
1265,17259
1266,14234
1267,14739
1268,12675
1269,12272
1270,21647
1271,17686
1272,17245
1273,20637
1274,18462
1275,20420
1276,12873
1277,14950
1278,12784
1279,25353
1280,30475
1281,13596
1282,14792
1283,13283
1284,15123
1285,15628
1286,11877
1287,13992
1288,12104
1289,16370
1290,23919
1291,20642
1292,15175
1293,13035
1294,14696
1295,18434
1296,18602
1297,16917
1298,14094
1299,15543
1300,163172
1301,22772
1302,19183
1303,17625
1304,17059
1305,18286
1306,17125
1307,21379
1308,16980
1309,16516
1310,21960
1311,16457
1312,16809
1313,16639
1314,18200
1315,17697
1316,16342
1317,15248
1318,13680
1319,12893
1320,25331
1321,16490
1322,15322
1323,14911
1324,15174
1325,36002
1326,14950
1327,21126
1328,15538
1329,12857
1330,23580
1331,15387
1332,16125
1333,19886
1334,12981
1335,14684
1336,14855
1337,17464
1338,12614
1339,12916
1340,21834
1341,14099
1342,13301
1343,13624
1344,13109
1345,16881
1346,17497
1347,18308
1348,22583
1349,18835
1350,45753
1351,16472
1352,12436
1353,17426
1354,12343
1355,13989
1356,13266
1357,13723
1358,11993
1359,12946
1360,21611
1361,14083
1362,12678
1363,13050
1364,16099
1365,75473
1366,13853
1367,13854
1368,28058
1369,14215
1370,19626
1371,130994
1372,11695
1373,16097
1374,11827
1375,16839
1376,11474
1377,21562
1378,18652
1379,13734
1380,21709
1381,17375
1382,13984
1383,12999
1384,12216
1385,17645
1386,16032
1387,13524
1388,13348
1389,15460
1390,18657
1391,14186
1392,16535
1393,12188
1394,18919
1395,13710
1396,12962
1397,14942
1398,14039
1399,21725
1400,156230
1401,21422
1402,17222
1403,16184
1404,14948
1405,18239
1406,15925
1407,13707
1408,13956
1409,13934
1410,19833
1411,14663
1412,14567
1413,15694
1414,16294
1415,26360
1416,14120
1417,14749
1418,12938
1419,14664
1420,27177
1421,15391
1422,15607
1423,13634
1424,12990
1425,18072
1426,10645
1427,12707
1428,14213
1429,14649
1430,22028
1431,18022
1432,15541
1433,15185
1434,12990
1435,15606
1436,13446
1437,13419
1438,13969
1439,17315
1440,36176
1441,15497
1442,13468
1443,12548
1444,14309
1445,15950
1446,13395
1447,13741
1448,11949
1449,13528
1450,52821
1451,16105
1452,18169
1453,34234
1454,11918
1455,19068
1456,13604
1457,14186
1458,12899
1459,14004
1460,27189
1461,18840
1462,16958
1463,13820
1464,15526
1465,15271
1466,13344
1467,24269
1468,17504
1469,27614
1470,24469
1471,68049
1472,22985
1473,15666
1474,15122
1475,31865
1476,19465
1477,19282
1478,18694
1479,16820
1480,24401
1481,14417
1482,16138
1483,25977
1484,15496
1485,29620
1486,14876
1487,15423
1488,15826
1489,14669
1490,22238
1491,18138
1492,68852
1493,26699
1494,23168
1495,20185
1496,15437
1497,23115
1498,22793
1499,20475
1500,456188
1501,27754
1502,27598
1503,27070
1504,23552
1505,23791
1506,22692
1507,19318
1508,21529
1509,26619
1510,28630
1511,22090
1512,24291
1513,30630
1514,21757
1515,32845
1516,29377
1517,37142
1518,21036
1519,35469
1520,45089
1521,40044
1522,24676
1523,41797
1524,27967
1525,37787
1526,31302
1527,27422
1528,25995
1529,27748
1530,43925
1531,23840
1532,28634
1533,29724
1534,34382
1535,36940
1536,42430
1537,25423
1538,28842
1539,31446
1540,52284
1541,32596
1542,39401
1543,29292
1544,21010
1545,29349
1546,26040
1547,33959
1548,21711
1549,28424
1550,60620
1551,22635
1552,26925
1553,32045
1554,23402
1555,30598
1556,27373
1557,25900
1558,34349
1559,33039
1560,39293
1561,25652
1562,25007
1563,26649
1564,35362
1565,33709
1566,26464
1567,25852
1568,26414
1569,24953
1570,36866
1571,30753
1572,33436
1573,24495
1574,25367
1575,27139
1576,24156
1577,25818
1578,23804
1579,23086
1580,39148
1581,24260
1582,32787
1583,25280
1584,27657
1585,31788
1586,26968
1587,28830
1588,35421
1589,25174
1590,42212
1591,26347
1592,32359
1593,28825
1594,26709
1595,29203
1596,32666
1597,28802
1598,37471
1599,33482
1600,255149
1601,35914
1602,33694
1603,63404
1604,38010
1605,42061
1606,37625
1607,44592
1608,37054
1609,48055
1610,53350
1611,42831
1612,36291
1613,32631
1614,32412
1615,32897
1616,41826
1617,29578
1618,34608
1619,48428
1620,60583
1621,44664
1622,32721
1623,40717
1624,33770
1625,40512
1626,31751
1627,28715
1628,33481
1629,33104
1630,52988
1631,32577
1632,39549
1633,34022
1634,35397
1635,39927
1636,34400
1637,36840
1638,40787
1639,33297
1640,78907
1641,39414
1642,53913
1643,39523
1644,57138
1645,39494
1646,31918
1647,32134
1648,50954
1649,42355
1650,76111
1651,37280
1652,34140
1653,32928
1654,33542
1655,34007
1656,34637
1657,29624
1658,32933
1659,31940
1660,76422
1661,38724
1662,43626
1663,34509
1664,37229
1665,44493
1666,45100
1667,38251
1668,29790
1669,32267
1670,46138
1671,29359
1672,36878
1673,32278
1674,31515
1675,41523
1676,33806
1677,31050
1678,31000
1679,32203
1680,51469
1681,33221
1682,37309
1683,37988
1684,30635
1685,48073
1686,31135
1687,34526
1688,53929
1689,51318
1690,47874
1691,30512
1692,39949
1693,30725
1694,32657
1695,31812
1696,29580
1697,34018
1698,29639
1699,35304
1700,200619
1701,42677
1702,36124
1703,38635
1704,37003
1705,33922
1706,32668
1707,47288
1708,33201
1709,34765
1710,47698
1711,36423
1712,36224
1713,38561
1714,43603
1715,49912
1716,35077
1717,40580
1718,38081
1719,33894
1720,55787
1721,35822
1722,37522
1723,39103
1724,35921
1725,41615
1726,34202
1727,40356
1728,37616
1729,37490
1730,53637
1731,34085
1732,40193
1733,38630
1734,34686
1735,41087
1736,37478
1737,38753
1738,38164
1739,38959
1740,60998
1741,44678
1742,44595
1743,43955
1744,41999
1745,56863
1746,45780
1747,39819
1748,51312
1749,48838
1750,118503
1751,46466
1752,49961
1753,51199
1754,57081
1755,72315
1756,57382
1757,52219
1758,63288
1759,60446
1760,78808
1761,49191
1762,55771
1763,81050
1764,57622
1765,67654
1766,53191
1767,55432
1768,61445
1769,68871
1770,95353
1771,54880
1772,66263
1773,69473
1774,88303
1775,143762
1776,207679
1777,104340
1778,89401
1779,76861
1780,111199
1781,89360
1782,80928
1783,111493
1784,87651
1785,84116
1786,76884
1787,124831
1788,104738
1789,168845
1790,148709
1791,115685
1792,120228
1793,114916
1794,101362
1795,109755
1796,100321
1797,100677
1798,115326
1799,104466
1800,447570
1801,119281
1802,102855
1803,120458
1804,123165
1805,111637
1806,113104
1807,106995
1808,105378
1809,115740
1810,132266
1811,110438
1812,260224
1813,124397
1814,144714
1815,172668
1816,125272
1817,122120
1818,139473
1819,135301
1820,200749
1821,145276
1822,121305
1823,114494
1824,136776
1825,148535
1826,125009
1827,122834
1828,137765
1829,134667
1830,247979
1831,159554
1832,176051
1833,153880
1834,157174
1835,179787
1836,186440
1837,197058
1838,170095
1839,175816
1840,258972
1841,175621
1842,171357
1843,161217
1844,178143
1845,192920
1846,196252
1847,190494
1848,285391
1849,205787
1850,378008
1851,229074
1852,191795
1853,193419
1854,219093
1855,212259
1856,214264
1857,239038
1858,213133
1859,241878
1860,370364
1861,381407
1862,344320
1863,341607
1864,324213
1865,377539
1866,239130
1867,262647
1868,258705
1869,241134
1870,379445
1871,269175
1872,244111
1873,233249
1874,223185
1875,241648
1876,254680
1877,227409
1878,232089
1879,234877
1880,376034
1881,268946
1882,260660
1883,247404
1884,246899
1885,276219
1886,265440
1887,258468
1888,274229
1889,288209
1890,408436
1891,272585
1892,273728
1893,296126
1894,265504
1895,316622
1896,314425
1897,282954
1898,327550
1899,296944
1900,715419
1901,376556
1902,335369
1903,351918
1904,350827
1905,407354
1906,386837
1907,370955
1908,390645
1909,364603
1910,543913
1911,456158
1912,481338
1913,461672
1914,647340
1915,499272
1916,484892
1917,611887
1918,679849
1919,527093
1920,697279
1921,422638
1922,424442
1923,403214
1924,403820
1925,429355
1926,404427
1927,412609
1928,429583
1929,532608
1930,662803
1931,408379
1932,435153
1933,536136
1934,449235
1935,485755
1936,524484
1937,519344
1938,541902
1939,695474
1940,793967
1941,683244
1942,669481
1943,599039
1944,709759
1945,1008768
1946,577147
1947,634822
1948,732581
1949,575435
1950,895515
1951,503302
1952,514436
1953,542112
1954,559002
1955,566562
1956,593948
1957,588239
1958,582198
1959,599537
1960,1028202
1961,688348
1962,713447
1963,760925
1964,847620
1965,867971
1966,736423
1967,897781
1968,963848
1969,877707
1970,1239683
1971,856058
1972,926890
1973,922988
1974,863668
1975,961890
1976,931847
1977,859541
1978,921117
1979,1045115
1980,1478802
1981,987688
1982,1041232
1983,1029927
1984,1155564
1985,1194885
1986,1277789
1987,1272037
1988,1378339
1989,1604835
1990,2275190
1991,1843060
1992,1969844
1993,1953796
1994,2204201
1995,2381852
1996,2524726
1997,2664054
1998,2913701
1999,3161655
2000,5089298
2001,3959823
2002,3932450
2003,4293356
2004,4632936
2005,5207011
2006,5423112
2007,6022370
2008,6848100
2009,6812697
2010,7875967
2011,7477786
2012,7725131
2013,6949117
2014,6507063
2015,6408038
2016,5867758
2017,5136896
2018,4456020
2019,3538328
2020,4317241
2021,1956611
2022,1112707
2023,474102
2024,195816
2025,419867
2026,93112
2027,60370
2028,51391
2029,33448
2030,820927
2031,25115
2032,23893
2033,17973
2034,15757
2035,104436
2036,18074
2037,12235
2038,11084
2039,8831
2040,133576
2041,13948
2042,10436
2043,7640
2044,8093
2045,33980
2046,7937
2047,9964
2048,25935
2049,10094
2050,523944
2051,7737
2052,7497
2053,5653
2054,5432
2055,9834
2056,5951
2057,5036
2058,4880
2059,5519
2060,37164
2061,9999
2062,4896
2063,13047
2064,4712
2065,8508
2066,4519
2067,5276
2068,4816
2069,5007
2070,18935
2071,6264
2072,4543
2073,4272
2074,4047
2075,7410
2076,4875
2077,4670
2078,4653
2079,4456
2080,17580
2081,5045
2082,3703
2083,4211
2084,3977
2085,5677
2086,3825
2087,4001
2088,4162
2089,3685
2090,7728
2091,3902
2092,3987
2093,3898
2094,4492
2095,5251
2096,3397
2097,3657
2098,3481
2099,7361
2100,143386
2101,7691
2102,5754
2103,6307
2104,6158
2105,19660
2106,7768
2107,4815
2108,4821
2109,5112
2110,8457
2111,6303
2112,7253
2113,5197
2114,5864
2115,7862
2116,4538
2117,6886
2118,8175
2119,4615
2120,7145
2121,6561
2122,4817
2123,4346
2124,3664
2125,6506
2126,4589
2127,3772
2128,4525
2129,4149
2130,6580
2131,4460
2132,3559
2133,6078
2134,5324
2135,5498
2136,4077
2137,3486
2138,4716
2139,5932
2140,7985
2141,6185
2142,3773
2143,4096
2144,3771
2145,4134
2146,3360
2147,7422
2148,6461
2149,3554
2150,9765
2151,4185
2152,3631
2153,3653
2154,3719
2155,4692
2156,4091
2157,3712
2158,3324
2159,3855
2160,10339
2161,4016
2162,3012
2163,3674
2164,10841
2165,8765
2166,3669
2167,3694
2168,3358
2169,3993
2170,4953
2171,3280
2172,3206
2173,3350
2174,11033
2175,3930
2176,2880
2177,3198
2178,3538
2179,2874
2180,5743
2181,4240
2182,3041
2183,2987
2184,3251
2185,3415
2186,2704
2187,3317
2188,3080
2189,3310
2190,4857
2191,4190
2192,3285
2193,3577
2194,3205
2195,3653
2196,5098
2197,3683
2198,2683
2199,4505
2200,56593
2201,6136
2202,5445
2203,4220
2204,4332
2205,5760
2206,4973
2207,4050
2208,3499
2209,3733
2210,6267
2211,5043
2212,4698
2213,3815
2214,5288
2215,5904
2216,4055
2217,5716
2218,3981
2219,3659
2220,6051
2221,4291
2222,9853
2223,5117
2224,4558
2225,4606
2226,3247
2227,4918
2228,3196
2229,5638
2230,5742
2231,4414
2232,3359
2233,4447
2234,3082
2235,3571
2236,3744
2237,3655
2238,3090
2239,3027
2240,5429
2241,3610
2242,3616
2243,3287
2244,3704
2245,3611
2246,3123
2247,3196
2248,2843
2249,4547
2250,12762
2251,4345
2252,3230
2253,3596
2254,3969
2255,4453
2256,3469
2257,3472
2258,2881
2259,3127
2260,4156
2261,3979
2262,2960
2263,3045
2264,3563
2265,4132
2266,2930
2267,3627
2268,2806
2269,2630
2270,4244
2271,3374
2272,3707
2273,3595
2274,2657
2275,3693
2276,2844
2277,3872
2278,2948
2279,3181
2280,4036
2281,4935
2282,2965
2283,3173
2284,2850
2285,3311
2286,3099
2287,3467
2288,4375
2289,2670
2290,4421
2291,2827
2292,2787
2293,2923
2294,2477
2295,3141
2296,3613
2297,2547
2298,2563
2299,3189
2300,48431
2301,6006
2302,4134
2303,3652
2304,4306
2305,4350
2306,3350
2307,34376
2308,3472
2309,3398
2310,5873
2311,4282
2312,4226
2313,3612
2314,3256
2315,3736
2316,2965
2317,3186
2318,3134
2319,3486
2320,4851
2321,3613
2322,3731
2323,4577
2324,3121
2325,3998
2326,3179
2327,3107
2328,2879
2329,3193
2330,5031
2331,3598
2332,3144
2333,4357
2334,6950
2335,3415
2336,2966
2337,13442
2338,2423
2339,2690
2340,5189
2341,3173
2342,2935
2343,2947
2344,2556
2345,7813
2346,2727
2347,3075
2348,3233
2349,3582
2350,8577
2351,3154
2352,3167
2353,4052
2354,2898
2355,3057
2356,2620
2357,3431
2358,2925
2359,3740
2360,4487
2361,2891
2362,3339
2363,2736
2364,2312
2365,3113
2366,2948
2367,2749
2368,3011
2369,3051
2370,3703
2371,2987
2372,3007
2373,2843
2374,2442
2375,3880
2376,2746
2377,3247
2378,2749
2379,2868
2380,3527
2381,2995
2382,2611
2383,3124
2384,2296
2385,2881
2386,2325
2387,2454
2388,2448
2389,2616
2390,2933
2391,2714
2392,2809
2393,3296
2394,2329
2395,3105
2396,2562
2397,2759
2398,2461
2399,3057
2400,61315
2401,5424
2402,3685
2403,3667
2404,2948
2405,3279
2406,2588
2407,5046
2408,2786
2409,2952
2410,3852
2411,3357
2412,3407
2413,3140
2414,2983
2415,3298
2416,2465
2417,2979
2418,2525
2419,3309
2420,4018
2421,2953
2422,3878
2423,2814
2424,3559
2425,4365
2426,2513
2427,3775
2428,2498
2429,2369
2430,3530
2431,2975
2432,2454
2433,3367
2434,2591
2435,3355
2436,2705
2437,2772
2438,2859
2439,2456
2440,4231
2441,3222
2442,2646
2443,3069
2444,3027
2445,3001
2446,2313
2447,2438
2448,3719
2449,2672
2450,7100
2451,2802
2452,2393
2453,2476
2454,3883
2455,3289
2456,2962
2457,3143
2458,7731
2459,2347
2460,5354
2461,2931
2462,2520
2463,2573
2464,2215
2465,3096
2466,3819
2467,2793
2468,2605
2469,2828
2470,3140
2471,4265
2472,2628
2473,3119
2474,4063
2475,3494
2476,2225
2477,3616
2478,4038
2479,2266
2480,3195
2481,2684
2482,2352
2483,2858
2484,2494
2485,2682
2486,4118
2487,2492
2488,2434
2489,2683
2490,3070
2491,2819
2492,2328
2493,2427
2494,2617
2495,2838
2496,2338
2497,2843
2498,3013
2499,3735
2500,187384
2501,5155
2502,3166
2503,3511
2504,3262
2505,3234
2506,3183
2507,3071
2508,3361
2509,3152
2510,4634
2511,3811
2512,3236
2513,2906
2514,3156
2515,3020
2516,3061
2517,2780
2518,3050
2519,3015
2520,5204
2521,3648
2522,3634
2523,2669
2524,2722
2525,4727
2526,3057
2527,3855
2528,2695
2529,2579
2530,3689
2531,2771
2532,2816
2533,2756
2534,2365
2535,3073
2536,3108
2537,2813
2538,2093
2539,2249
2540,4016
2541,2937
2542,2450
2543,2828
2544,2456
2545,2942
2546,2167
2547,2480
2548,2349
2549,2279
2550,6354
2551,2952
2552,2538
2553,4318
2554,2201
2555,4324
2556,2218
2557,3336
2558,2519
2559,3452
2560,10072
2561,2304
2562,2501
2563,2619
2564,2382
2565,2596
2566,2365
2567,3032
2568,2084
2569,2275
2570,2783
2571,2252
2572,2442
2573,2028
2574,1937
2575,3283
2576,2140
2577,2461
2578,2429
2579,2102
2580,3138
2581,2799
2582,1904
2583,2863
2584,2284
2585,3120
2586,2060
2587,2366
2588,2206
2589,2369
2590,3007
2591,2635
2592,2595
2593,2325
2594,2092
2595,2178
2596,2792
2597,2380
2598,1969
2599,2440
2600,49455
2601,4351
2602,2562
2603,2655
2604,2578
2605,3106
2606,2510
2607,2550
2608,2285
2609,2189
2610,3617
2611,3640
2612,2556
2613,2930
2614,2260
2615,2568
2616,2777
2617,2292
2618,2616
2619,2268
2620,3610
2621,2901
2622,2178
2623,2392
2624,2018
2625,3479
2626,2850
2627,2707
2628,2329
2629,1998
2630,3738
2631,2744
2632,2199
2633,2471
2634,2230
2635,2753
2636,2070
2637,2592
2638,1842
2639,2269
2640,3856
2641,2275
2642,2452
2643,2279
2644,2188
2645,2316
2646,2407
2647,2334
2648,4450
2649,2125
2650,5959
2651,2312
2652,2447
2653,2260
2654,1986
2655,2450
2656,2840
2657,1978
2658,1922
2659,2163
2660,2934
2661,2167
2662,1834
2663,2172
2664,3344
2665,2570
2666,4766
2667,2820
2668,1800
2669,2142
2670,2979
2671,2119
2672,3606
2673,2265
2674,1787
2675,2437
2676,1819
2677,2429
2678,1871
2679,1979
2680,3055
2681,2119
2682,1869
2683,2441
2684,1786
2685,1989
2686,2769
2687,1843
2688,2889
2689,1874
2690,3045
2691,2158
2692,1971
2693,2309
2694,1797
2695,2412
2696,1712
2697,3693
2698,2160
2699,3260
2700,35514
2701,3799
2702,3629
2703,3132
2704,2416
2705,2700
2706,2335
2707,2556
2708,2271
2709,2473
2710,3338
2711,2549
2712,2730
2713,2200
2714,2160
2715,2558
2716,2262
2717,2462
2718,2007
2719,2163
2720,3164
2721,2292
2722,2467
2723,2462
2724,1899
2725,3292
2726,1912
2727,3115
2728,2545
2729,2490
2730,3005
2731,3083
2732,2121
2733,2159
2734,1821
2735,2359
2736,2763
2737,3683
2738,1779
2739,2796
2740,2668
2741,3051
2742,1688
2743,2257
2744,2627
2745,3124
2746,2163
2747,2273
2748,1701
2749,2413
2750,6859
2751,2214
2752,2312
2753,2656
2754,1672
2755,2340
2756,1874
2757,2635
2758,2075
2759,1841
2760,3129
2761,2153
2762,1785
2763,1856
2764,2036
2765,4120
2766,2012
2767,2536
2768,1790
2769,1726
2770,2477
2771,1887
2772,2545
2773,1778
2774,1685
2775,2359
2776,1884
2777,2325
2778,2207
2779,1813
2780,2720
2781,1792
2782,1976
2783,2251
2784,1713
2785,1972
2786,1773
2787,2742
2788,2025
2789,1993
2790,2270
2791,1909
2792,1602
2793,1717
2794,1615
2795,2422
2796,2669
2797,2211
2798,1486
2799,2056
2800,35258
2801,3671
2802,2282
2803,2243
2804,2089
2805,2491
2806,1941
2807,2320
2808,2398
2809,2093
2810,2969
2811,2182
2812,2087
2813,2081
2814,1939
2815,2181
2816,2347
2817,2203
2818,2188
2819,1730
2820,2788
2821,2182
2822,2297
2823,2049
2824,2180
2825,2606
2826,2184
2827,1893
2828,2241
2829,2192
2830,2729
2831,2082
2832,2167
2833,2017
2834,1823
2835,2237
2836,4324
2837,1809
2838,2021
2839,2029
2840,3002
2841,2207
2842,1810
2843,1829
2844,1692
2845,2138
2846,1639
2847,2370
2848,2322
2849,1874
2850,5807
2851,1910
2852,1892
2853,1801
2854,1731
2855,2033
2856,1867
2857,2244
2858,1689
2859,2753
2860,2749
2861,1757
2862,1654
2863,1975
2864,1783
2865,2475
2866,4147
2867,2269
2868,1862
2869,2186
2870,2240
2871,1715
2872,1719
2873,2265
2874,1759
2875,7056
2876,1753
2877,1670
2878,1723
2879,1921
2880,4527
2881,1985
2882,1883
2883,1938
2884,1571
2885,2140
2886,1778
2887,1737
2888,2096
2889,1908
2890,2420
2891,2675
2892,1831
2893,2208
2894,1587
2895,2001
2896,2157
2897,1730
2898,1703
2899,1740
2900,17748
2901,3232
2902,1956
2903,3295
2904,1945
2905,2288
2906,2039
2907,2192
2908,1699
2909,4125
2910,2753
2911,2499
2912,2512
2913,2030
2914,1976
2915,2888
2916,2174
2917,2139
2918,2355
2919,1906
2920,6064
2921,2374
2922,1900
2923,3158
2924,1925
2925,2438
2926,1719
2927,2060
2928,1714
2929,2978
2930,2868
2931,1964
2932,1693
2933,2297
2934,1574
2935,1791
2936,1983
2937,1806
2938,1608
2939,1605
2940,2845
2941,1843
2942,1528
2943,1870
2944,1698
2945,1862
2946,1713
2947,2290
2948,2150
2949,1529
2950,3977
2951,1621
2952,2542
2953,1779
2954,1645
2955,1987
2956,1349
2957,1819
2958,8301
2959,1775
2960,2928
2961,1802
2962,1589
2963,1846
2964,1379
2965,1720
2966,2054
2967,2561
2968,1461
2969,1625
2970,2120
2971,1661
2972,1547
2973,2126
2974,1444
2975,1915
2976,1349
2977,1702
2978,1428
2979,1834
2980,2272
2981,1935
2982,2494
2983,1617
2984,1498
2985,1771
2986,1308
2987,1886
2988,1543
2989,1995
2990,2555
2991,2227
2992,2008
2993,1644
2994,1556
2995,2855
2996,1816
2997,2039
2998,1840
2999,4118
3000,386797
3001,6912
3002,3786
3003,4926
3004,3509
3005,3183
3006,2895
3007,2671
3008,3253
3009,2772
3010,5613
3011,3194
3012,3447
3013,2504
3014,2218
3015,3001
3016,4415
3017,2429
3018,2312
3019,2642
3020,4927
3021,2900
3022,2213
3023,2702
3024,2623
3025,2899
3026,1958
3027,2008
3028,1953
3029,1906
3030,4887
3031,2517
3032,2131
3033,2634
3034,2354
3035,2505
3036,1977
3037,1872
3038,2147
3039,1817
3040,5125
3041,1891
3042,2090
3043,2057
3044,1790
3045,2307
3046,1864
3047,1716
3048,3120
3049,1777
3050,4999
3051,2270
3052,2063
3053,2072
3054,2683
3055,2112
3056,1653
3057,2580
3058,1485
3059,2165
3060,3469
3061,1891
3062,1503
3063,1776
3064,1417
3065,2162
3066,1940
3067,1767
3068,1705
3069,1664
3070,2766
3071,1680
3072,2862
3073,1994
3074,1718
3075,1956
3076,1386
3077,2751
3078,1496
3079,1717
3080,3420
3081,1966
3082,1370
3083,2399
3084,1500
3085,1890
3086,1928
3087,1637
3088,1867
3089,1685
3090,2851
3091,1968
3092,1486
3093,1569
3094,1507
3095,1964
3096,1521
3097,1530
3098,1468
3099,4673
3100,23575
3101,4871
3102,5117
3103,2269
3104,2327
3105,3191
3106,2347
3107,2160
3108,2184
3109,14885
3110,3698
3111,3053
3112,2366
3113,2535
3114,3220
3115,2935
3116,1839
3117,2025
3118,1557
3119,1824
3120,3256
3121,3624
3122,2342
3123,1902
3124,1853
3125,4334
3126,1859
3127,2201
3128,1942
3129,1573
3130,3798
3131,2977
3132,2308
3133,2326
3134,1724
3135,1911
3136,1751
3137,1601
3138,1978
3139,1627
3140,2771
3141,2276
3142,2070
3143,2106
3144,1612
3145,2186
3146,1886
3147,2367
3148,1779
3149,1587
3150,5457
3151,1846
3152,1576
3153,1646
3154,1421
3155,2004
3156,4671
3157,1683
3158,1354
3159,1569
3160,2457
3161,2029
3162,2009
3163,1588
3164,1961
3165,1594
3166,6403
3167,1938
3168,3915
3169,1443
3170,2180
3171,3859
3172,1445
3173,1514
3174,2094
3175,2032
3176,1369
3177,1832
3178,1293
3179,1539
3180,2324
3181,2119
3182,1722
3183,1663
3184,1537
3185,1731
3186,1567
3187,1631
3188,1584
3189,2200
3190,2038
3191,1689
3192,1585
3193,1375
3194,1524
3195,1875
3196,1430
3197,1513
3198,1453
3199,1744
3200,43845
3201,7167
3202,2074
3203,2244
3204,1814
3205,3187
3206,1645
3207,2755
3208,1584
3209,1886
3210,3321
3211,2376
3212,2118
3213,2190
3214,1742
3215,2117
3216,1592
3217,1714
3218,2078
3219,1808
3220,2923
3221,2303
3222,2318
3223,3520
3224,2124
3225,2232
3226,1729
3227,1880
3228,1681
3229,1577
3230,2345
3231,2235
3232,2327
3233,4841
3234,1746
3235,1880
3236,1726
3237,1628
3238,1782
3239,1580
3240,2853
3241,1607
3242,1772
3243,2402
3244,1583
3245,1792
3246,3100
3247,1526
3248,1437
3249,1505
3250,4678
3251,1748
3252,1382
3253,1473
3254,1464
3255,1752
3256,1666
3257,1621
3258,1362
3259,1495
3260,2434
3261,2156
3262,1515
3263,1606
3264,1792
3265,1377
3266,1490
3267,1474
3268,1567
3269,1478
3270,3728
3271,1354
3272,1731
3273,1609
3274,1604
3275,1675
3276,1558
3277,1467
3278,1632
3279,1481
3280,2686
3281,1828
3282,1830
3283,1490
3284,1496
3285,1644
3286,1596
3287,1462
3288,1362
3289,1574
3290,1979
3291,1327
3292,1306
3293,1538
3294,1456
3295,1541
3296,1849
3297,1608
3298,1255
3299,1918
3300,23300
3301,4589
3302,2628
3303,2810
3304,1947
3305,3865
3306,3181
3307,2077
3308,1697
3309,2111
3310,4764
3311,2709
3312,1986
3313,2411
3314,2141
3315,2111
3316,1855
3317,1623
3318,1641
3319,1760
3320,2935
3321,2352
3322,3329
3323,1974
3324,2778
3325,2284
3326,1506
3327,1855
3328,1723
3329,1696
3330,3198
3331,2067
3332,1574
3333,6698
3334,2163
3335,1913
3336,1887
3337,1680
3338,1711
3339,1648
3340,2823
3341,1875
3342,2153
3343,1904
3344,1910
3345,2042
3346,1855
3347,1567
3348,1490
3349,1539
3350,7545
3351,1912
3352,1654
3353,1659
3354,5654
3355,1937
3356,1672
3357,1676
3358,1312
3359,1493
3360,2720
3361,1555
3362,2711
3363,1525
3364,1460
3365,1677
3366,1891
3367,1287
3368,1635
3369,1429
3370,2347
3371,1839
3372,1609
3373,1709
3374,1355
3375,1948
3376,1483
3377,1663
3378,1373
3379,2079
3380,2033
3381,1670
3382,1937
3383,1433
3384,1369
3385,1471
3386,1618
3387,1290
3388,1550
3389,37015
3390,23840
3391,1599
3392,1280
3393,1765
3394,1274
3395,1742
3396,1330
3397,1385
3398,1463
3399,2204
3400,19039
3401,2999
3402,5028
3403,1816
3404,1706
3405,1826
3406,2155
3407,2562
3408,1534
3409,1321
3410,2797
3411,1917
3412,2191
3413,1781
3414,1705
3415,1858
3416,1253
3417,1601
3418,1622
3419,1328
3420,2636
3421,1897
3422,1823
3423,1526
3424,1426
3425,1681
3426,1455
3427,1364
3428,1215
3429,1286
3430,1959
3431,1608
3432,1542
3433,1499
3434,1778
3435,2257
3436,1314
3437,1378
3438,1436
3439,1449
3440,2356
3441,1567
3442,1480
3443,1539
3444,1751
3445,1597
3446,1269
3447,1356
3448,1729
3449,1487
3450,3619
3451,1416
3452,1343
3453,1219
3454,1447
3455,1416
3456,2950
3457,1222
3458,1359
3459,1355
3460,2019
3461,1402
3462,1218
3463,1420
3464,1321
3465,1334
3466,1294
3467,1359
3468,1655
3469,1240
3470,2053
3471,1397
3472,1935
3473,1300
3474,1611
3475,2065
3476,2226
3477,1327
3478,1259
3479,1219
3480,1874
3481,1393
3482,1397
3483,1393
3484,1291
3485,1435
3486,1082
3487,1210
3488,1270
3489,1200
3490,1625
3491,1245
3492,1384
3493,1252
3494,1183
3495,2972
3496,1154
3497,1395
3498,1221
3499,1335
3500,88425
3501,3144
3502,1997
3503,1670
3504,1617
3505,2188
3506,1761
3507,1424
3508,1738
3509,1350
3510,2308
3511,1699
3512,1778
3513,1641
3514,1459
3515,1503
3516,1492
3517,1244
3518,2014
3519,1417
3520,4197
3521,1738
3522,2183
3523,1442
3524,1282
3525,1839
3526,1137
3527,1269
3528,1462
3529,1295
3530,1820
3531,1591
3532,1252
3533,1478
3534,1246
3535,2371
3536,1359
3537,1463
3538,1237
3539,1313
3540,2166
3541,1446
3542,1425
3543,1546
3544,1233
3545,1441
3546,1198
3547,1341
3548,1356
3549,1265
3550,3773
3551,1608
3552,1257
3553,2372
3554,1231
3555,1980
3556,1406
3557,1347
3558,1340
3559,1208
3560,2144
3561,1373
3562,1255
3563,1357
3564,1114
3565,1357
3566,1241
3567,1252
3568,1582
3569,1167
3570,1969
3571,1483
3572,1219
3573,1224
3574,1264
3575,1580
3576,1293
3577,1254
3578,1192
3579,1151
3580,1791
3581,1199
3582,1479
3583,1409
3584,1585
3585,1330
3586,1184
3587,1235
3588,1339
3589,1221
3590,2444
3591,1199
3592,1305
3593,1136
3594,1136
3595,1266
3596,1105
3597,1364
3598,1096
3599,1240
3600,33888
3601,2362
3602,1762
3603,2239
3604,1852
3605,1544
3606,1483
3607,1407
3608,1298
3609,1290
3610,2157
3611,1522
3612,1218
3613,1364
3614,1193
3615,1571
3616,1329
3617,1310
3618,1138
3619,1248
3620,2067
3621,1548
3622,1346
3623,1518
3624,1379
3625,1520
3626,1106
3627,1817
3628,1691
3629,1229
3630,1999
3631,1267
3632,1409
3633,1514
3634,1232
3635,1442
3636,1867
3637,1307
3638,1197
3639,1725
3640,1996
3641,1399
3642,1800
3643,1242
3644,1124
3645,1271
3646,1487
3647,1312
3648,1552
3649,1075
3650,4160
3651,1392
3652,1133
3653,1240
3654,1167
3655,1552
3656,1157
3657,1312
3658,1267
3659,1300
3660,2063
3661,1222
3662,1202
3663,1658
3664,1241
3665,1187
3666,1513
3667,1249
3668,1140
3669,1060
3670,1577
3671,1183
3672,1150
3673,1224
3674,1435
3675,1452
3676,2081
3677,1312
3678,1100
3679,1175
3680,1731
3681,1195
3682,1083
3683,1141
3684,1223
3685,1283
3686,1132
3687,1117
3688,1148
3689,1127
3690,1527
3691,1116
3692,1118
3693,1105
3694,995
3695,1218
3696,1180
3697,1214
3698,996
3699,1358
3700,16048
3701,2644
3702,1562
3703,1907
3704,1307
3705,1415
3706,1069
3707,1307
3708,1389
3709,1013
3710,2046
3711,1781
3712,1315
3713,1537
3714,1254
3715,1343
3716,1039
3717,1267
3718,1505
3719,1135
3720,2162
3721,1438
3722,1260
3723,1243
3724,1505
3725,1378
3726,1175
3727,2065
3728,1021
3729,1708
3730,3513
3731,1279
3732,2095
3733,2257
3734,1102
3735,1308
3736,1096
3737,1983
3738,1307
3739,1176
3740,1668
3741,1327
3742,2229
3743,1288
3744,1419
3745,2285
3746,1304
3747,1178
3748,3107
3749,1133
3750,5305
3751,1476
3752,1227
3753,1362
3754,1270
3755,1523
3756,1332
3757,1254
3758,4387
3759,1045
3760,2351
3761,1380
3762,1135
3763,1259
3764,1066
3765,1364
3766,1301
3767,1223
3768,1253
3769,1017
3770,1735
3771,1226
3772,1146
3773,1548
3774,1003
3775,1363
3776,1234
3777,1350
3778,1027
3779,1095
3780,1780
3781,1287
3782,1336
3783,1109
3784,997
3785,1256
3786,1090
3787,1127
3788,1137
3789,1015
3790,1306
3791,2826
3792,1050
3793,1115
3794,960
3795,1298
3796,987
3797,2243
3798,1108
3799,1176
3800,18206
3801,2326
3802,1323
3803,1346
3804,1255
3805,1394
3806,1497
3807,1130
3808,1280
3809,1382
3810,2280
3811,1432
3812,1371
3813,1230
3814,1138
3815,1368
3816,1436
3817,1161
3818,1004
3819,1076
3820,2216
3821,1343
3822,1308
3823,1176
3824,1451
3825,1444
3826,1186
3827,1136
3828,1200
3829,1092
3830,1577
3831,1109
3832,1040
3833,1379
3834,1267
3835,2063
3836,920
3837,1119
3838,1808
3839,1354
3840,5166
3841,1643
3842,1356
3843,1145
3844,1378
3845,1406
3846,1172
3847,1359
3848,1182
3849,1180
3850,3118
3851,1353
3852,1482
3853,1056
3854,976
3855,1218
3856,1014
3857,1202
3858,1167
3859,1341
3860,1601
3861,1304
3862,962
3863,1226
3864,1240
3865,1201
3866,949
3867,1208
3868,1249
3869,1028
3870,1463
3871,1113
3872,1263
3873,972
3874,923
3875,1282
3876,958
3877,1093
3878,1040
3879,1047
3880,1822
3881,1069
3882,882
3883,1347
3884,1029
3885,1212
3886,1110
3887,936
3888,1776
3889,1161
3890,1310
3891,1073
3892,3286
3893,985
3894,1185
3895,1125
3896,1071
3897,1602
3898,915
3899,1702
3900,10830
3901,1833
3902,1346
3903,1559
3904,1305
3905,1341
3906,1388
3907,1283
3908,1612
3909,1223
3910,1588
3911,1448
3912,1112
3913,1198
3914,1009
3915,1352
3916,1278
3917,1160
3918,965
3919,1061
3920,1852
3921,1409
3922,1649
3923,1666
3924,1345
3925,1248
3926,1112
3927,1075
3928,1890
3929,1090
3930,1468
3931,1376
3932,1968
3933,1120
3934,1116
3935,1055
3936,1034
3937,2947
3938,970
3939,1722
3940,3735
3941,1210
3942,1028
3943,1007
3944,1055
3945,5271
3946,1099
3947,1021
3948,915
3949,1275
3950,2228
3951,1021
3952,1112
3953,971
3954,1195
3955,1291
3956,1771
3957,818
3958,994
3959,3611
3960,1730
3961,1095
3962,1817
3963,1214
3964,976
3965,1161
3966,1014
3967,1011
3968,928
3969,1618
3970,1478
3971,1149
3972,981
3973,919
3974,996
3975,1232
3976,1058
3977,1096
3978,1310
3979,1227
3980,1320
3981,968
3982,978
3983,1076
3984,949
3985,1321
3986,1116
3987,1107
3988,1356
3989,1181
3990,1670
3991,1683
3992,1229
3993,1106
3994,872
3995,1449
3996,1286
3997,1076
3998,1358
3999,2857
4000,245136
4001,4636
4002,2421
4003,2230
4004,8511
4005,2341
4006,1859
4007,1661
4008,1994
4009,1638
4010,3819
4011,2460
4012,1955
4013,1788
4014,2195
4015,1949
4016,1642
4017,3057
4018,1866
4019,1286
4020,4883
4021,1902
4022,1590
4023,1510
4024,1451
4025,1718
4026,1276
4027,1534
4028,1405
4029,1460
4030,2095
4031,1748
4032,1815
4033,4539
4034,1308
4035,1274
4036,1090
4037,1260
4038,1908
4039,2444
4040,3360
4041,1576
4042,1446
4043,1577
4044,1284
4045,1434
4046,1621
4047,1710
4048,1167
4049,9567
4050,3968
4051,3355
4052,1356
4053,1636
4054,1281
4055,1530
4056,1344
4057,1281
4058,1180
4059,1228
4060,3006
4061,1631
4062,1181
4063,1021
4064,1229
4065,1957
4066,1489
4067,1827
4068,1068
4069,1134
4070,1995
4071,1064
4072,1419
4073,1243
4074,1107
4075,1398
4076,1134
4077,1233
4078,957
4079,1219
4080,2295
4081,1677
4082,1117
4083,1178
4084,1013
4085,1510
4086,1108
4087,1127
4088,2855
4089,1233
4090,1703
4091,1136
4092,1265
4093,1283
4094,1542
4095,2565
4096,15140
4097,1170
4098,1146
4099,1193
4100,10818
4101,2386
4102,3051
4103,7155
4104,1622
4105,1462
4106,1434
4107,1327
4108,1309
4109,1199
4110,2025
4111,1968
4112,1711
4113,1231
4114,1467
4115,1557
4116,1444
4117,1282
4118,1135
4119,1052
4120,2387
4121,1589
4122,1336
4123,1414
4124,1159
4125,1518
4126,1136
4127,1232
4128,1331
4129,1592
4130,3834
4131,1355
4132,1128
4133,1298
4134,1065
4135,2049
4136,1185
4137,1639
4138,1030
4139,1055
4140,3670
4141,2823
4142,1825
4143,1265
4144,1237
4145,1332
4146,1090
4147,936
4148,1156
4149,1363
4150,3332
4151,1848
4152,1008
4153,1079
4154,994
4155,1434
4156,1148
4157,1259
4158,1216
4159,4710
4160,2638
4161,6067
4162,1068
4163,1028
4164,979
4165,1722
4166,1211
4167,1607
4168,1029
4169,1250
4170,1364
4171,1180
4172,2689
4173,1224
4174,1055
4175,1415
4176,869
4177,1153
4178,936
4179,1879
4180,1803
4181,1161
4182,916
4183,957
4184,1447
4185,1081
4186,1116
4187,1101
4188,978
4189,932
4190,1292
4191,1227
4192,972
4193,1068
4194,1012
4195,1090
4196,985
4197,981
4198,846
4199,1061
4200,17337
4201,2055
4202,1678
4203,1702
4204,1305
4205,1596
4206,1057
4207,1268
4208,1205
4209,1234
4210,2134
4211,1494
4212,1599
4213,1418
4214,1545
4215,1437
4216,1129
4217,2722
4218,1130
4219,1059
4220,1970
4221,1649
4222,1551
4223,1143
4224,1150
4225,1606
4226,1175
4227,2329
4228,1073
4229,1028
4230,1623
4231,1264
4232,1277
4233,1210
4234,1066
4235,1075
4236,3146
4237,1030
4238,1236
4239,980
4240,1886
4241,1479
4242,1770
4243,1292
4244,1555
4245,1287
4246,992
4247,1255
4248,1391
4249,1177
4250,3014
4251,1365
4252,1089
4253,1182
4254,1173
4255,1222
4256,1109
4257,1507
4258,1573
4259,1218
4260,2213
4261,1525
4262,1227
4263,1177
4264,956
4265,1142
4266,1059
4267,1170
4268,1069
4269,2767
4270,1248
4271,2137
4272,1159
4273,1076
4274,1307
4275,1211
4276,1235
4277,975
4278,1389
4279,1062
4280,1270
4281,970
4282,916
4283,1046
4284,874
4285,1223
4286,1166
4287,1472
4288,1154
4289,938
4290,1346
4291,1195
4292,1111
4293,935
4294,976
4295,1764
4296,967
4297,947
4298,923
4299,926
4300,11494
4301,2657
4302,1900
4303,1440
4304,1271
4305,1738
4306,1155
4307,1216
4308,1058
4309,1034
4310,2169
4311,1592
4312,1419
4313,1224
4314,1671
4315,1707
4316,1102
4317,1188
4318,1234
4319,4580
4320,3829
4321,3394
4322,1269
4323,1266
4324,2381
4325,1818
4326,2019
4327,1110
4328,1795
4329,1093
4330,1888
4331,3441
4332,1544
4333,1607
4334,1241
4335,1403
4336,1088
4337,1504
4338,1579
4339,881
4340,2915
4341,1228
4342,1224
4343,1609
4344,1290
4345,1466
4346,949
4347,1411
4348,996
4349,1078
4350,2933
4351,1237
4352,1144
4353,1073
4354,1079
4355,1485
4356,3636
4357,3848
4358,1071
4359,835
4360,2619
4361,1146
4362,1195
4363,1344
4364,1281
4365,1282
4366,1079
4367,855
4368,1142
4369,867
4370,1633
4371,1165
4372,993
4373,1086
4374,1033
4375,1791
4376,816
4377,1267
4378,799
4379,877
4380,1558
4381,1334
4382,956
4383,892
4384,1141
4385,1082
4386,937
4387,914
4388,1938
4389,981
4390,1434
4391,1278
4392,925
4393,876
4394,817
4395,1023
4396,892
4397,868
4398,1180
4399,1183
4400,11820
4401,2315
4402,1752
4403,1451
4404,1699
4405,1350
4406,1923
4407,1396
4408,1116
4409,1239
4410,1803
4411,1808
4412,1237
4413,1066
4414,1571
4415,1279
4416,1042
4417,992
4418,959
4419,1930
4420,1576
4421,1205
4422,3915
4423,1302
4424,1153
4425,1415
4426,1017
4427,938
4428,872
4429,1173
4430,1852
4431,1053
4432,1047
4433,1214
4434,1017
4435,3418
4436,866
4437,1705
4438,1399
4439,1046
4440,1667
4441,1281
4442,1165
4443,1466
4444,4697
4445,1332
4446,1095
4447,1127
4448,1153
4449,1778
4450,2128
4451,1019
4452,1203
4453,1784
4454,1009
4455,1465
4456,885
4457,1184
4458,1066
4459,848
4460,1372
4461,1047
4462,1229
4463,1040
4464,1321
4465,1312
4466,1054
4467,794
4468,1005
4469,1087
4470,1551
4471,1044
4472,1474
4473,1478
4474,931
4475,1041
4476,790
4477,1212
4478,857
4479,891
4480,1415
4481,973
4482,1056
4483,934
4484,1992
4485,1146
4486,982
4487,898
4488,1192
4489,1075
4490,1713
4491,1587
4492,874
4493,910
4494,916
4495,1024
4496,944
4497,819
4498,1005
4499,1294
4500,47107
4501,2126
4502,1261
4503,1506
4504,1004
4505,1745
4506,2695
4507,1177
4508,912
4509,1155
4510,2206
4511,2165
4512,1187
4513,1314
4514,1046
4515,1300
4516,1224
4517,830
4518,808
4519,895
4520,1721
4521,1121
4522,3200
4523,1056
4524,915
4525,1330
4526,928
4527,1040
4528,989
4529,930
4530,1870
4531,1232
4532,984
4533,1061
4534,951
4535,1030
4536,1091
4537,1151
4538,948
4539,1036
4540,1405
4541,1124
4542,852
4543,1007
4544,1015
4545,1908
4546,994
4547,1253
4548,1215
4549,849
4550,2308
4551,1157
4552,959
4553,977
4554,1082
4555,1487
4556,862
4557,1213
4558,1079
4559,1079
4560,1762
4561,977
4562,1524
4563,910
4564,958
4565,1494
4566,1041
4567,2278
4568,943
4569,1121
4570,1275
4571,1287
4572,1074
4573,837
4574,887
4575,1216
4576,1123
4577,964
4578,762
4579,1328
4580,1699
4581,947
4582,833
4583,1994
4584,902
4585,979
4586,1000
4587,807
4588,780
4589,829
4590,1455
4591,749
4592,1438
4593,954
4594,870
4595,905
4596,854
4597,821
4598,1839
4599,972
4600,10891
4601,1777
4602,1147
4603,1528
4604,1032
4605,1167
4606,942
4607,1000
4608,1756
4609,1029
4610,2309
4611,1205
4612,1041
4613,1208
4614,1642
4615,1426
4616,907
4617,914
4618,848
4619,797
4620,1560
4621,953
4622,1230
4623,1165
4624,1036
4625,1388
4626,984
4627,1018
4628,984
4629,859
4630,1435
4631,1262
4632,1263
4633,1018
4634,1450
4635,1056
4636,3435
4637,1222
4638,856
4639,1114
4640,1352
4641,1089
4642,1368
4643,892
4644,961
4645,1053
4646,1416
4647,1870
4648,1116
4649,1196
4650,2139
4651,1000
4652,1214
4653,1063
4654,874
4655,1214
4656,953
4657,887
4658,2195
4659,693
4660,1372
4661,1064
4662,903
4663,1237
4664,832
4665,1017
4666,1235
4667,995
4668,859
4669,927
4670,1143
4671,784
4672,893
4673,4121
4674,880
4675,847
4676,988
4677,878
4678,821
4679,1235
4680,3054
4681,1056
4682,1115
4683,861
4684,1510
4685,998
4686,1013
4687,1143
4688,921
4689,771
4690,2326
4691,1054
4692,949
4693,828
4694,1482
4695,1050
4696,1072
4697,863
4698,791
4699,850
4700,10580
4701,1366
4702,986
4703,1259
4704,1050
4705,1139
4706,959
4707,1075
4708,978
4709,969
4710,1743
4711,1614
4712,1091
4713,1462
4714,1353
4715,1455
4716,776
4717,897
4718,945
4719,871
4720,1844
4721,960
4722,1031
4723,1051
4724,1108
4725,1629
4726,885
4727,1022
4728,1078
4729,912
4730,1250
4731,1067
4732,941
4733,1395
4734,792
4735,1086
4736,1070
4737,939
4738,848
4739,866
4740,1018
4741,1010
4742,1026
4743,812
4744,847
4745,881
4746,875
4747,1743
4748,895
4749,942
4750,2518
4751,1087
4752,991
4753,1013
4754,1191
4755,1463
4756,867
4757,1120
4758,1644
4759,874
4760,1406
4761,1166
4762,885
4763,741
4764,716
4765,856
4766,990
4767,811
4768,708
4769,1066
4770,1472
4771,1039
4772,1088
4773,1536
4774,1082
4775,1148
4776,751
4777,1280
4778,846
4779,691
4780,1103
4781,1218
4782,855
4783,888
4784,718
4785,818
4786,841
4787,890
4788,761
4789,931
4790,1109
4791,1493
4792,847
4793,958
4794,611
4795,777
4796,781
4797,1356
4798,807
4799,893
4800,17776
4801,2095
4802,951
4803,1001
4804,1018
4805,1244
4806,971
4807,913
4808,895
4809,911
4810,1547
4811,1352
4812,903
4813,801
4814,944
4815,938
4816,831
4817,971
4818,1202
4819,4770
4820,1196
4821,870
4822,1118
4823,838
4824,948
4825,999
4826,844
4827,1760
4828,896
4829,735
4830,1081
4831,963
4832,1166
4833,1236
4834,708
4835,1290
4836,950
4837,848
4838,1189
4839,806
4840,1414
4841,969
4842,842
4843,844
4844,958
4845,967
4846,745
4847,695
4848,1244
4849,1044
4850,2301
4851,885
4852,1409
4853,1041
4854,740
4855,862
4856,822
4857,909
4858,712
4859,860
4860,1492
4861,1000
4862,893
4863,791
4864,1035
4865,806
4866,810
4867,952
4868,2407
4869,912
4870,1244
4871,834
4872,1727
4873,773
4874,745
4875,985
4876,1610
4877,992
4878,1018
4879,748
4880,1504
4881,810
4882,1192
4883,814
4884,1025
4885,940
4886,972
4887,1378
4888,993
4889,1643
4890,969
4891,757
4892,910
4893,702
4894,873
4895,819
4896,653
4897,677
4898,811
4899,1045
4900,6615
4901,1590
4902,913
4903,905
4904,844
4905,1155
4906,1132
4907,885
4908,823
4909,997
4910,1402
4911,1326
4912,1011
4913,856
4914,976
4915,991
4916,810
4917,854
4918,771
4919,861
4920,1258
4921,1144
4922,1398
4923,753
4924,875
4925,969
4926,836
4927,918
4928,776
4929,811
4930,1175
4931,874
4932,833
4933,1160
4934,1220
4935,753
4936,824
4937,885
4938,649
4939,1363
4940,1316
4941,988
4942,849
4943,884
4944,1051
4945,2061
4946,742
4947,899
4948,850
4949,1316
4950,2095
4951,983
4952,888
4953,863
4954,780
4955,1295
4956,759
4957,757
4958,1011
4959,1058
4960,1294
4961,808
4962,773
4963,716
4964,671
4965,854
4966,918
4967,972
4968,741
4969,755
4970,1428
4971,798
4972,806
4973,792
4974,819
4975,2346
4976,683
4977,902
4978,722
4979,763
4980,1256
4981,653
4982,835
4983,1248
4984,787
4985,916
4986,762
4987,781
4988,668
4989,1089
4990,1492
4991,1143
4992,836
4993,1082
4994,911
4995,1250
4996,861
4997,992
4998,878
4999,2198
5000,342024
5001,4767
5002,2287
5003,1966
5004,1686
5005,2595
5006,1450
5007,1951
5008,1548
5009,1316
5010,3518
5011,1697
5012,1308
5013,1623
5014,1610
5015,1790
5016,1023
5017,1229
5018,1096
5019,949
5020,2509
5021,1292
5022,1286
5023,1306
5024,1071
5025,1363
5026,1152
5027,1185
5028,816
5029,956
5030,2130
5031,1073
5032,980
5033,1345
5034,1011
5035,1197
5036,909
5037,1062
5038,913
5039,867
5040,2637
5041,985
5042,905
5043,843
5044,1013
5045,1056
5046,940
5047,1035
5048,923
5049,943
5050,5269
5051,1290
5052,2225
5053,1638
5054,955
5055,1825
5056,1259
5057,1021
5058,850
5059,841
5060,2387
5061,1441
5062,964
5063,866
5064,962
5065,1095
5066,1407
5067,1501
5068,886
5069,1405
5070,1910
5071,925
5072,1250
5073,873
5074,963
5075,1204
5076,820
5077,843
5078,855
5079,875
5080,1466
5081,871
5082,921
5083,1561
5084,772
5085,1709
5086,953
5087,849
5088,1011
5089,848
5090,1484
5091,802
5092,623
5093,846
5094,926
5095,1032
5096,936
5097,703
5098,691
5099,996
5100,9673
5101,2017
5102,1471
5103,1410
5104,1277
5105,1422
5106,1097
5107,1410
5108,1230
5109,966
5110,2317
5111,1847
5112,1387
5113,1183
5114,1398
5115,1302
5116,1528
5117,1054
5118,1029
5119,1070
5120,2742
5121,1761
5122,1413
5123,1184
5124,1130
5125,1431
5126,1113
5127,871
5128,1456
5129,924
5130,1393
5131,1432
5132,1092
5133,904
5134,889
5135,998
5136,743
5137,933
5138,998
5139,1071
5140,1469
5141,1092
5142,867
5143,880
5144,853
5145,1243
5146,805
5147,878
5148,908
5149,898
5150,4544
5151,1672
5152,1172
5153,1075
5154,820
5155,1163
5156,906
5157,814
5158,778
5159,730
5160,1910
5161,1109
5162,797
5163,863
5164,753
5165,995
5166,1006
5167,975
5168,712
5169,894
5170,1204
5171,1226
5172,1423
5173,1032
5174,745
5175,947
5176,938
5177,865
5178,768
5179,838
5180,1241
5181,885
5182,923
5183,956
5184,1179
5185,862
5186,861
5187,790
5188,978
5189,913
5190,1170
5191,992
5192,796
5193,2140
5194,21563
5195,1460
5196,793
5197,822
5198,1011
5199,1165
5200,12631
5201,1625
5202,1214
5203,944
5204,1420
5205,1285
5206,1258
5207,1053
5208,882
5209,1035
5210,2371
5211,1277
5212,1081
5213,1146
5214,1195
5215,1011
5216,1152
5217,1998
5218,1100
5219,854
5220,1995
5221,1089
5222,1326
5223,1427
5224,908
5225,1510
5226,877
5227,1121
5228,920
5229,830
5230,1314
5231,1051
5232,900
5233,1057
5234,874
5235,1047
5236,1094
5237,966
5238,878
5239,842
5240,1316
5241,904
5242,934
5243,961
5244,764
5245,1219
5246,933
5247,966
5248,990
5249,913
5250,3439
5251,1116
5252,1599
5253,1188
5254,894
5255,1215
5256,877
5257,999
5258,870
5259,1131
5260,1238
5261,1287
5262,847
5263,964
5264,739
5265,749
5266,1427
5267,1152
5268,819
5269,903
5270,1193
5271,1357
5272,987
5273,1107
5274,1258
5275,1039
5276,781
5277,798
5278,876
5279,717
5280,4059
5281,2437
5282,780
5283,1180
5284,956
5285,1010
5286,1384
5287,766
5288,923
5289,741
5290,992
5291,985
5292,867
5293,972
5294,899
5295,702
5296,817
5297,1178
5298,699
5299,993
5300,9617
5301,2147
5302,1507
5303,1242
5304,1209
5305,1473
5306,1576
5307,1366
5308,912
5309,1367
5310,1980
5311,1502
5312,1301
5313,1120
5314,993
5315,1025
5316,1116
5317,1037
5318,1000
5319,883
5320,1854
5321,1777
5322,1407
5323,1428
5324,1021
5325,1425
5326,1079
5327,956
5328,1089
5329,1582
5330,1479
5331,1396
5332,990
5333,1424
5334,1744
5335,1044
5336,865
5337,981
5338,1112
5339,964
5340,1486
5341,1090
5342,751
5343,896
5344,1010
5345,968
5346,897
5347,2679
5348,999
5349,897
5350,1832
5351,1106
5352,961
5353,1162
5354,947
5355,1047
5356,1217
5357,917
5358,886
5359,821
5360,1181
5361,971
5362,1009
5363,987
5364,945
5365,899
5366,1012
5367,889
5368,982
5369,811
5370,1297
5371,1004
5372,814
5373,1827
5374,1004
5375,932
5376,846
5377,1057
5378,943
5379,775
5380,1467
5381,2021
5382,958
5383,1025
5384,694
5385,899
5386,801
5387,719
5388,759
5389,952
5390,979
5391,1192
5392,909
5393,804
5394,882
5395,1049
5396,745
5397,741
5398,962
5399,872
5400,11777
5401,1881
5402,1487
5403,1399
5404,976
5405,1653
5406,1422
5407,916
5408,1035
5409,825
5410,1445
5411,1304
5412,1001
5413,912
5414,1111
5415,3509
5416,981
5417,699
5418,1020
5419,822
5420,1311
5421,939
5422,1368
5423,964
5424,984
5425,1100
5426,934
5427,811
5428,1078
5429,897
5430,1464
5431,866
5432,1379
5433,1147
5434,671
5435,945
5436,798
5437,1512
5438,769
5439,1226
5440,1420
5441,1008
5442,1052
5443,874
5444,1002
5445,1121
5446,1019
5447,785
5448,916
5449,815
5450,1777
5451,906
5452,848
5453,980
5454,1458
5455,1319
5456,943
5457,817
5458,954
5459,813
5460,1221
5461,1792
5462,828
5463,1481
5464,861
5465,1943
5466,921
5467,1036
5468,839
5469,616
5470,1037
5471,1844
5472,11498
5473,707
5474,917
5475,947
5476,832
5477,839
5478,686
5479,950
5480,1117
5481,789
5482,807
5483,1065
5484,713
5485,825
5486,874
5487,847
5488,983
5489,873
5490,1020
5491,1858
5492,819
5493,763
5494,899
5495,742
5496,716
5497,737
5498,1338
5499,948
5500,30382
5501,1746
5502,1065
5503,1027
5504,903
5505,1343
5506,1123
5507,1260
5508,1295
5509,1179
5510,1621
5511,1487
5512,1260
5513,1123
5514,969
5515,1240
5516,929
5517,946
5518,808
5519,837
5520,1671
5521,1285
5522,1052
5523,862
5524,909
5525,1280
5526,796
5527,865
5528,827
5529,859
5530,1252
5531,885
5532,1023
5533,1318
5534,1453
5535,1068
5536,856
5537,1130
5538,791
5539,1370
5540,1186
5541,836
5542,708
5543,891
5544,1106
5545,1142
5546,716
5547,958
5548,1225
5549,748
5550,1953
5551,1323
5552,952
5553,845
5554,959
5555,4459
5556,1177
5557,979
5558,943
5559,858
5560,1282
5561,960
5562,790
5563,763
5564,1076
5565,1406
5566,1071
5567,835
5568,1039
5569,770
5570,1142
5571,772
5572,825
5573,843
5574,756
5575,870
5576,888
5577,882
5578,1287
5579,661
5580,1137
5581,803
5582,944
5583,798
5584,970
5585,969
5586,807
5587,729
5588,1185
5589,726
5590,1224
5591,858
5592,786
5593,725
5594,722
5595,903
5596,733
5597,886
5598,800
5599,897
5600,10786
5601,1381
5602,856
5603,1005
5604,918
5605,909
5606,1021
5607,833
5608,750
5609,878
5610,1449
5611,983
5612,784
5613,734
5614,909
5615,855
5616,890
5617,682
5618,1091
5619,790
5620,1242
5621,884
5622,810
5623,909
5624,833
5625,1933
5626,954
5627,989
5628,759
5629,899
5630,1179
5631,855
5632,979
5633,812
5634,969
5635,969
5636,809
5637,1780
5638,805
5639,856
5640,1108
5641,864
5642,847
5643,975
5644,873
5645,806
5646,1828
5647,753
5648,888
5649,707
5650,3359
5651,1217
5652,953
5653,801
5654,753
5655,942
5656,1063
5657,1027
5658,933
5659,970
5660,1392
5661,1012
5662,791
5663,994
5664,1065
5665,1405
5666,937
5667,944
5668,763
5669,800
5670,1795
5671,957
5672,1033
5673,820
5674,873
5675,940
5676,1281
5677,869
5678,2330
5679,817
5680,976
5681,799
5682,755
5683,808
5684,728
5685,810
5686,732
5687,1116
5688,1101
5689,856
5690,927
5691,886
5692,761
5693,713
5694,1038
5695,1849
5696,781
5697,718
5698,831
5699,1232
5700,8763
5701,3026
5702,1255
5703,1399
5704,872
5705,1146
5706,766
5707,923
5708,1202
5709,878
5710,1284
5711,1234
5712,1095
5713,1157
5714,920
5715,1030
5716,712
5717,889
5718,865
5719,753
5720,1428
5721,1019
5722,1062
5723,1311
5724,823
5725,1190
5726,717
5727,1737
5728,1642
5729,805
5730,2417
5731,857
5732,1010
5733,1131
5734,1325
5735,986
5736,876
5737,1180
5738,695
5739,778
5740,1214
5741,1212
5742,878
5743,754
5744,799
5745,752
5746,934
5747,825
5748,1060
5749,977
5750,2185
5751,2853
5752,945
5753,942
5754,1288
5755,1153
5756,968
5757,1406
5758,1135
5759,1177
5760,2394
5761,1443
5762,1556
5763,1320
5764,1260
5765,1724
5766,1269
5767,1354
5768,2596
5769,1324
5770,1759
5771,1592
5772,2310
5773,1708
5774,1624
5775,1749
5776,1461
5777,1955
5778,2100
5779,1076
5780,1563
5781,985
5782,980
5783,718
5784,780
5785,708
5786,641
5787,609
5788,634
5789,976
5790,1015
5791,708
5792,907
5793,4290
5794,561
5795,765
5796,642
5797,688
5798,615
5799,686
5800,8657
5801,2009
5802,923
5803,819
5804,846
5805,899
5806,904
5807,1386
5808,953
5809,815
5810,1351
5811,973
5812,1268
5813,772
5814,783
5815,750
5816,725
5817,712
5818,753
5819,680
5820,1170
5821,760
5822,1939
5823,784
5824,825
5825,738
5826,852
5827,845
5828,739
5829,861
5830,1086
5831,691
5832,869
5833,1060
5834,752
5835,795
5836,553
5837,978
5838,605
5839,1236
5840,1422
5841,843
5842,736
5843,672
5844,662
5845,903
5846,960
5847,729
5848,721
5849,1820
5850,1661
5851,705
5852,710
5853,759
5854,639
5855,760
5856,738
5857,772
5858,1141
5859,782
5860,1117
5861,769
5862,613
5863,614
5864,845
5865,744
5866,1116
5867,834
5868,2119
5869,637
5870,1196
5871,701
5872,601
5873,674
5874,655
5875,937
5876,1700
5877,992
5878,670
5879,760
5880,1181
5881,828
5882,700
5883,830
5884,826
5885,1014
5886,627
5887,693
5888,1134
5889,668
5890,1582
5891,658
5892,778
5893,738
5894,679
5895,1104
5896,595
5897,1768
5898,774
5899,653
5900,5064
5901,1283
5902,738
5903,828
5904,761
5905,1016
5906,734
5907,1026
5908,2027
5909,725
5910,1204
5911,960
5912,658
5913,598
5914,739
5915,771
5916,793
5917,703
5918,741
5919,698
5920,940
5921,664
5922,728
5923,929
5924,712
5925,882
5926,688
5927,719
5928,728
5929,633
5930,1381
5931,956
5932,648
5933,699
5934,671
5935,851
5936,605
5937,965
5938,536
5939,675
5940,1098
5941,707
5942,624
5943,605
5944,795
5945,652
5946,643
5947,610
5948,548
5949,813
5950,1555
5951,1039
5952,734
5953,709
5954,653
5955,1136
5956,830
5957,638
5958,904
5959,1031
5960,1176
5961,749
5962,919
5963,800
5964,816
5965,836
5966,835
5967,726
5968,576
5969,671
5970,1127
5971,676
5972,622
5973,1070
5974,614
5975,1031
5976,676
5977,709
5978,950
5979,830
5980,1056
5981,721
5982,618
5983,662
5984,680
5985,720
5986,603
5987,700
5988,653
5989,618
5990,1680
5991,763
5992,828
5993,765
5994,822
5995,990
5996,802
5997,682
5998,781
5999,1172
6000,156578
6001,3511
6002,2284
6003,1390
6004,1399
6005,1325
6006,1370
6007,1065
6008,1322
6009,1386
6010,2933
6011,1930
6012,1341
6013,1913
6014,950
6015,1580
6016,1018
6017,879
6018,1037
6019,774
6020,2010
6021,1602
6022,999
6023,811
6024,881
6025,1157
6026,805
6027,844
6028,981
6029,683
6030,1661
6031,930
6032,861
6033,887
6034,726
6035,897
6036,767
6037,746
6038,720
6039,692
6040,1482
6041,915
6042,780
6043,703
6044,786
6045,887
6046,739
6047,766
6048,869
6049,908
6050,2509
6051,1028
6052,948
6053,776
6054,734
6055,1306
6056,834
6057,654
6058,680
6059,704
6060,2119
6061,6561
6062,1008
6063,2112
6064,698
6065,824
6066,1015
6067,916
6068,855
6069,751
6070,1403
6071,720
6072,684
6073,727
6074,679
6075,988
6076,844
6077,751
6078,668
6079,669
6080,1501
6081,664
6082,1056
6083,784
6084,1190
6085,759
6086,1048
6087,684
6088,698
6089,640
6090,1405
6091,850
6092,715
6093,807
6094,673
6095,740
6096,822
6097,764
6098,613
6099,876
6100,7054
6101,2070
6102,2156
6103,1448
6104,876
6105,1710
6106,1107
6107,959
6108,1343
6109,1673
6110,1806
6111,1839
6112,951
6113,943
6114,927
6115,1140
6116,841
6117,749
6118,806
6119,762
6120,1820
6121,1182
6122,969
6123,1684
6124,1067
6125,1052
6126,1070
6127,835
6128,1128
6129,686
6130,1583
6131,1054
6132,1289
6133,869
6134,624
6135,825
6136,837
6137,697
6138,788
6139,933
6140,1155
6141,862
6142,681
6143,1460
6144,1147
6145,821
6146,860
6147,1046
6148,1201
6149,610
6150,2359
6151,941
6152,773
6153,794
6154,731
6155,779
6156,710
6157,787
6158,631
6159,620
6160,1179
6161,1207
6162,975
6163,916
6164,892
6165,745
6166,1291
6167,699
6168,610
6169,685
6170,978
6171,850
6172,764
6173,717
6174,956
6175,783
6176,829
6177,734
6178,677
6179,601
6180,1352
6181,969
6182,715
6183,653
6184,922
6185,810
6186,675
6187,552
6188,1020
6189,683
6190,870
6191,693
6192,634
6193,704
6194,632
6195,791
6196,835
6197,552
6198,670
6199,1131
6200,8091
6201,1521
6202,1732
6203,1695
6204,924
6205,1257
6206,1151
6207,1548
6208,734
6209,797
6210,1881
6211,996
6212,942
6213,893
6214,820
6215,1972
6216,832
6217,910
6218,687
6219,595
6220,1824
6221,1245
6222,1202
6223,1016
6224,784
6225,992
6226,981
6227,805
6228,733
6229,742
6230,1540
6231,1065
6232,973
6233,877
6234,760
6235,963
6236,863
6237,1606
6238,881
6239,984
6240,1787
6241,958
6242,1004
6243,678
6244,769
6245,881
6246,705
6247,728
6248,739
6249,679
6250,2806
6251,1507
6252,1335
6253,690
6254,941
6255,864
6256,1020
6257,868
6258,861
6259,752
6260,947
6261,1215
6262,1108
6263,974
6264,1294
6265,999
6266,761
6267,644
6268,688
6269,969
6270,1039
6271,770
6272,899
6273,4103
6274,755
6275,917
6276,598
6277,815
6278,772
6279,726
6280,960
6281,728
6282,717
6283,641
6284,647
6285,1107
6286,598
6287,749
6288,856
6289,621
6290,741
6291,834
6292,573
6293,574
6294,711
6295,778
6296,953
6297,618
6298,696
6299,1006
6300,7764
6301,1813
6302,1366
6303,971
6304,897
6305,1002
6306,780
6307,665
6308,734
6309,875
6310,1509
6311,1116
6312,859
6313,809
6314,752
6315,816
6316,1039
6317,748
6318,689
6319,678
6320,1241
6321,1094
6322,836
6323,1065
6324,879
6325,1010
6326,740
6327,792
6328,923
6329,765
6330,1339
6331,972
6332,1077
6333,1311
6334,1135
6335,794
6336,1248
6337,821
6338,679
6339,740
6340,1093
6341,738
6342,713
6343,717
6344,718
6345,874
6346,724
6347,736
6348,836
6349,714
6350,1615
6351,943
6352,805
6353,738
6354,636
6355,837
6356,735
6357,1111
6358,624
6359,605
6360,1020
6361,2399
6362,939
6363,1532
6364,783
6365,673
6366,839
6367,911
6368,658
6369,669
6370,997
6371,1204
6372,709
6373,687
6374,970
6375,840
6376,663
6377,846
6378,1186
6379,1164
6380,1149
6381,693
6382,849
6383,733
6384,702
6385,738
6386,743
6387,680
6388,749
6389,551
6390,1083
6391,656
6392,710
6393,747
6394,642
6395,749
6396,548
6397,969
6398,647
6399,726
6400,13620
6401,1373
6402,1340
6403,855
6404,809
6405,1389
6406,739
6407,759
6408,742
6409,1170
6410,1632
6411,1076
6412,697
6413,674
6414,744
6415,747
6416,771
6417,611
6418,684
6419,831
6420,1493
6421,740
6422,736
6423,664
6424,701
6425,1191
6426,860
6427,627
6428,715
6429,755
6430,940
6431,734
6432,660
6433,826
6434,686
6435,753
6436,583
6437,701
6438,1053
6439,565
6440,1079
6441,769
6442,636
6443,762
6444,881
6445,822
6446,906
6447,532
6448,808
6449,516
6450,1922
6451,671
6452,590
6453,852
6454,1135
6455,829
6456,629
6457,662
6458,878
6459,700
6460,1005
6461,659
6462,543
6463,720
6464,991
6465,976
6466,984
6467,569
6468,692
6469,773
6470,915
6471,761
6472,754
6473,591
6474,630
6475,1415
6476,538
6477,637
6478,561
6479,596
6480,1255
6481,651
6482,669
6483,841
6484,670
6485,541
6486,646
6487,628
6488,673
6489,667
6490,854
6491,587
6492,541
6493,616
6494,1272
6495,633
6496,657
6497,717
6498,576
6499,624
6500,26370
6501,1849
6502,9964
6503,1060
6504,833
6505,1061
6506,826
6507,919
6508,819
6509,793
6510,1970
6511,1354
6512,792
6513,898
6514,750
6515,846
6516,789
6517,619
6518,748
6519,727
6520,2245
6521,673
6522,931
6523,1027
6524,712
6525,882
6526,693
6527,698
6528,604
6529,671
6530,1310
6531,909
6532,918
6533,682
6534,1025
6535,1094
6536,739
6537,709
6538,1190
6539,585
6540,1246
6541,740
6542,707
6543,1088
6544,689
6545,751
6546,483
6547,638
6548,631
6549,574
6550,1689
6551,749
6552,759
6553,907
6554,673
6555,967
6556,704
6557,578
6558,492
6559,655
6560,1187
6561,1002
6562,733
6563,747
6564,610
6565,990
6566,917
6567,671
6568,733
6569,680
6570,1251
6571,531
6572,626
6573,607
6574,696
6575,667
6576,959
6577,615
6578,678
6579,602
6580,963
6581,734
6582,629
6583,848
6584,833
6585,705
6586,500
6587,624
6588,1006
6589,491
6590,650
6591,621
6592,553
6593,554
6594,620
6595,733
6596,882
6597,452
6598,511
6599,607
6600,8539
6601,956
6602,730
6603,833
6604,656
6605,758
6606,887
6607,618
6608,547
6609,567
6610,1271
6611,1333
6612,684
6613,1125
6614,664
6615,689
6616,613
6617,610
6618,631
6619,561
6620,1140
6621,684
6622,909
6623,577
6624,674
6625,748
6626,627
6627,606
6628,512
6629,530
6630,951
6631,653
6632,3305
6633,1237
6634,549
6635,650
6636,750
6637,632
6638,596
6639,539
6640,1240
6641,658
6642,713
6643,807
6644,635
6645,934
6646,701
6647,579
6648,563
6649,596
6650,1229
6651,873
6652,624
6653,613
6654,546
6655,789
6656,771
6657,867
6658,602
6659,576
6660,1001
6661,666
6662,1323
6663,899
6664,745
6665,805
6666,2598
6667,1842
6668,688
6669,686
6670,884
6671,812
6672,1098
6673,866
6674,572
6675,628
6676,1027
6677,721
6678,642
6679,497
6680,1253
6681,588
6682,581
6683,530
6684,804
6685,545
6686,727
6687,585
6688,720
6689,538
6690,747
6691,602
6692,535
6693,475
6694,667
6695,641
6696,655
6697,672
6698,684
6699,737
6700,6221
6701,1383
6702,727
6703,580
6704,606
6705,714
6706,566
6707,763
6708,786
6709,635
6710,872
6711,722
6712,1042
6713,715
6714,550
6715,754
6716,716
6717,667
6718,597
6719,592
6720,1344
6721,638
6722,796
6723,871
6724,733
6725,765
6726,694
6727,791
6728,582
6729,747
6730,789
6731,772
6732,544
6733,650
6734,682
6735,779
6736,29537
6737,568
6738,624
6739,528
6740,791
6741,531
6742,1190
6743,634
6744,794
6745,698
6746,500
6747,589
6748,653
6749,1284
6750,2133
6751,1110
6752,895
6753,552
6754,534
6755,727
6756,488
6757,854
6758,610
6759,470
6760,814
6761,508
6762,590
6763,638
6764,455
6765,999
6766,582
6767,879
6768,673
6769,835
6770,990
6771,657
6772,671
6773,1397
6774,541
6775,622
6776,699
6777,1371
6778,599
6779,619
6780,908
6781,655
6782,705
6783,523
6784,551
6785,825
6786,521
6787,639
6788,519
6789,1493
6790,813
6791,811
6792,559
6793,616
6794,437
6795,544
6796,537
6797,596
6798,499
6799,605
6800,8958
6801,1108
6802,703
6803,2618
6804,645
6805,862
6806,633
6807,722
6808,723
6809,1527
6810,1076
6811,882
6812,563
6813,576
6814,834
6815,710
6816,547
6817,525
6818,657
6819,740
6820,1253
6821,570
6822,2290
6823,932
6824,625
6825,810
6826,814
6827,518
6828,501
6829,604
6830,819
6831,854
6832,644
6833,667
6834,1043
6835,640
6836,554
6837,636
6838,652
6839,454
6840,941
6841,689
6842,709
6843,545
6844,554
6845,937
6846,569
6847,688
6848,611
6849,446
6850,1226
6851,1755
6852,550
6853,695
6854,920
6855,740
6856,545
6857,494
6858,585
6859,577
6860,744
6861,586
6862,492
6863,460
6864,699
6865,606
6866,726
6867,468
6868,1518
6869,646
6870,919
6871,1048
6872,1036
6873,574
6874,656
6875,1268
6876,614
6877,685
6878,590
6879,1115
6880,1142
6881,851
6882,1506
6883,613
6884,721
6885,1018
6886,569
6887,627
6888,1145
6889,535
6890,1610
6891,755
6892,720
6893,565
6894,537
6895,552
6896,539
6897,719
6898,515
6899,600
6900,4004
6901,1141
6902,700
6903,663
6904,680
6905,639
6906,672
6907,617
6908,489
6909,890
6910,988
6911,881
6912,758
6913,617
6914,602
6915,1070
6916,652
6917,735
6918,791
6919,579
6920,1414
6921,628
6922,821
6923,632
6924,1138
6925,757
6926,518
6927,528
6928,553
6929,712
6930,845
6931,553
6932,504
6933,586
6934,727
6935,627
6936,612
6937,673
6938,585
6939,1057
6940,813
6941,1645
6942,567
6943,468
6944,707
6945,572
6946,1513
6947,1019
6948,472
6949,599
6950,1135
6951,647
6952,509
6953,459
6954,645
6955,734
6956,513
6957,534
6958,540
6959,670
6960,1192
6961,614
6962,704
6963,3183
6964,532
6965,555
6966,442
6967,443
6968,2462
6969,790
6970,921
6971,644
6972,716
6973,576
6974,602
6975,791
6976,1556
6977,594
6978,573
6979,809
6980,953
6981,956
6982,617
6983,663
6984,630
6985,583
6986,513
6987,499
6988,773
6989,1071
6990,999
6991,579
6992,786
6993,582
6994,516
6995,982
6996,758
6997,563
6998,674
6999,1145
7000,100626
7001,2823
7002,2095
7003,1302
7004,1710
7005,1325
7006,2818
7007,2569
7008,1058
7009,1179
7010,2496
7011,1501
7012,1558
7013,876
7014,938
7015,2316
7016,741
7017,1268
7018,1584
7019,761
7020,2027
7021,1220
7022,1082
7023,1047
7024,846
7025,963
7026,695
7027,1110
7028,906
7029,894
7030,1883
7031,811
7032,677
7033,754
7034,1143
7035,921
7036,1049
7037,1429
7038,590
7039,580
7040,1257
7041,768
7042,846
7043,933
7044,1390
7045,612
7046,624
7047,614
7048,591
7049,748
7050,1846
7051,686
7052,839
7053,701
7054,790
7055,848
7056,732
7057,759
7058,723
7059,774
7060,1231
7061,1020
7062,711
7063,710
7064,664
7065,854
7066,737
7067,552
7068,667
7069,908
7070,2040
7071,1382
7072,760
7073,639
7074,965
7075,4037
7076,773
7077,1004
7078,845
7079,781
7080,1394
7081,765
7082,1534
7083,1074
7084,667
7085,987
7086,639
7087,488
7088,591
7089,655
7090,2423
7091,912
7092,681
7093,599
7094,1541
7095,659
7096,652
7097,548
7098,509
7099,1003
7100,6025
7101,1227
7102,1452
7103,1047
7104,764
7105,806
7106,1105
7107,774
7108,779
7109,1068
7110,2203
7111,1391
7112,876
7113,804
7114,818
7115,691
7116,569
7117,884
7118,637
7119,1000
7120,2362
7121,1057
7122,828
7123,925
7124,791
7125,1185
7126,1133
7127,585
7128,693
7129,738
7130,1157
7131,789
7132,614
7133,734
7134,1271
7135,903
7136,1062
7137,742
7138,621
7139,1040
7140,935
7141,1114
7142,698
7143,735
7144,572
7145,838
7146,1531
7147,460
7148,948
7149,542
7150,4310
7151,815
7152,752
7153,1121
7154,653
7155,845
7156,1097
7157,525
7158,680
7159,589
7160,1398
7161,1041
7162,646
7163,1965
7164,1121
7165,854
7166,821
7167,1722
7168,682
7169,604
7170,809
7171,1180
7172,795
7173,605
7174,759
7175,818
7176,1227
7177,832
7178,688
7179,546
7180,920
7181,967
7182,752
7183,839
7184,654
7185,934
7186,675
7187,536
7188,1123
7189,857
7190,1887
7191,1134
7192,691
7193,704
7194,596
7195,1101
7196,877
7197,643
7198,538
7199,638
7200,12731
7201,1600
7202,972
7203,1404
7204,767
7205,975
7206,1036
7207,1116
7208,848
7209,714
7210,1017
7211,910
7212,847
7213,779
7214,768
7215,839
7216,1360
7217,615
7218,793
7219,871
7220,1040
7221,801
7222,914
7223,879
7224,676
7225,936
7226,772
7227,950
7228,683
7229,656
7230,1001
7231,801
7232,832
7233,3222
7234,980
7235,783
7236,637
7237,781
7238,641
7239,653
7240,1246
7241,936
7242,820
7243,1061
7244,901
7245,1109
7246,855
7247,817
7248,921
7249,597
7250,1732
7251,1350
7252,899
7253,609
7254,710
7255,675
7256,1559
7257,599
7258,1053
7259,3467
7260,987
7261,621
7262,909
7263,697
7264,684
7265,759
7266,638
7267,685
7268,523
7269,630
7270,949
7271,633
7272,1090
7273,1095
7274,720
7275,1240
7276,660
7277,1258
7278,744
7279,741
7280,1023
7281,728
7282,614
7283,813
7284,685
7285,661
7286,554
7287,806
7288,831
7289,1351
7290,918
7291,912
7292,1056
7293,960
7294,580
7295,583
7296,502
7297,683
7298,613
7299,611
7300,7112
7301,1024
7302,833
7303,912
7304,811
7305,916
7306,712
7307,702
7308,756
7309,559
7310,932
7311,987
7312,716
7313,681
7314,1329
7315,788
7316,725
7317,739
7318,882
7319,880
7320,1264
7321,922
7322,884
7323,939
7324,668
7325,1201
7326,6133
7327,595
7328,591
7329,609
7330,986
7331,1098
7332,692
7333,1244
7334,885
7335,758
7336,744
7337,945
7338,579
7339,627
7340,1332
7341,634
7342,616
7343,658
7344,632
7345,760
7346,583
7347,783
7348,862
7349,542
7350,1258
7351,822
7352,618
7353,724
7354,573
7355,789
7356,680
7357,587
7358,822
7359,545
7360,1241
7361,566
7362,652
7363,805
7364,773
7365,624
7366,717
7367,750
7368,686
7369,736
7370,1021
7371,594
7372,728
7373,1012
7374,772
7375,745
7376,573
7377,766
7378,1469
7379,659
7380,858
7381,727
7382,865
7383,625
7384,627
7385,1179
7386,1208
7387,914
7388,824
7389,613
7390,737
7391,1196
7392,564
7393,536
7394,533
7395,512
7396,624
7397,593
7398,572
7399,602
7400,5889
7401,1207
7402,1817
7403,875
7404,1129
7405,1015
7406,604
7407,923
7408,1160
7409,796
7410,1386
7411,1014
7412,916
7413,775
7414,1386
7415,799
7416,551
7417,767
7418,609
7419,587
7420,1130
7421,809
7422,701
7423,623
7424,775
7425,1869
7426,616
7427,681
7428,449
7429,775
7430,1018
7431,690
7432,1866
7433,792
7434,724
7435,1189
7436,549
7437,595
7438,538
7439,902
7440,1450
7441,1011
7442,567
7443,736
7444,832
7445,920
7446,657
7447,1129
7448,876
7449,627
7450,1247
7451,640
7452,519
7453,826
7454,804
7455,706
7456,1304
7457,542
7458,912
7459,633
7460,791
7461,542
7462,491
7463,702
7464,507
7465,660
7466,553
7467,568
7468,586
7469,740
7470,829
7471,666
7472,655
7473,594
7474,929
7475,1352
7476,667
7477,675
7478,615
7479,591
7480,801
7481,710
7482,554
7483,589
7484,796
7485,561
7486,1366
7487,597
7488,636
7489,857
7490,912
7491,966
7492,669
7493,603
7494,647
7495,698
7496,475
7497,528
7498,954
7499,807
7500,32543
7501,1227
7502,643
7503,993
7504,653
7505,871
7506,1529
7507,677
7508,559
7509,1441
7510,1097
7511,884
7512,675
7513,706
7514,624
7515,1010
7516,781
7517,726
7518,680
7519,1230
7520,1845
7521,868
7522,674
7523,563
7524,1318
7525,2054
7526,750
7527,571
7528,683
7529,706
7530,818
7531,634
7532,608
7533,750
7534,661
7535,926
7536,462
7537,1074
7538,843
7539,604
7540,902
7541,936
7542,673
7543,944
7544,499
7545,663
7546,2189
7547,880
7548,534
7549,569
7550,1391
7551,898
7552,619
7553,705
7554,3120
7555,1161
7556,803
7557,1074
7558,608
7559,632
7560,819
7561,554
7562,559
7563,623
7564,477
7565,598
7566,831
7567,613
7568,505
7569,518
7570,798
7571,574
7572,463
7573,420
7574,492
7575,1215
7576,604
7577,617
7578,580
7579,518
7580,1392
7581,544
7582,584
7583,531
7584,457
7585,1070
7586,564
7587,793
7588,504
7589,777
7590,862
7591,898
7592,375
7593,599
7594,487
7595,582
7596,458
7597,424
7598,652
7599,769
7600,7146
7601,924
7602,834
7603,1586
7604,693
7605,541
7606,1471
7607,1025
7608,661
7609,584
7610,2807
7611,1030
7612,611
7613,2776
7614,859
7615,611
7616,616
7617,638
7618,849
7619,1147
7620,984
7621,684
7622,613
7623,805
7624,806
7625,1133
7626,610
7627,718
7628,665
7629,526
7630,921
7631,555
7632,3227
7633,611
7634,965
7635,702
7636,718
7637,889
7638,574
7639,482
7640,724
7641,827
7642,463
7643,1095
7644,521
7645,924
7646,568
7647,576
7648,738
7649,457
7650,1456
7651,565
7652,1092
7653,608
7654,748
7655,518
7656,1008
7657,649
7658,775
7659,503
7660,822
7661,1132
7662,583
7663,578
7664,561
7665,529
7666,742
7667,725
7668,551
7669,870
7670,581
7671,1294
7672,474
7673,510
7674,527
7675,530
7676,796
7677,648
7678,574
7679,789
7680,1542
7681,669
7682,582
7683,577
7684,410
7685,472
7686,533
7687,1009
7688,621
7689,473
7690,605
7691,511
7692,1101
7693,458
7694,393
7695,633
7696,653
7697,528
7698,425
7699,474
7700,7319
7701,2354
7702,1347
7703,716
7704,718
7705,636
7706,458
7707,615
7708,483
7709,562
7710,1727
7711,930
7712,615
7713,677
7714,822
7715,701
7716,510
7717,1953
7718,469
7719,469
7720,806
7721,2432
7722,879
7723,528
7724,692
7725,667
7726,716
7727,684
7728,560
7729,646
7730,975
7731,539
7732,677
7733,664
7734,3960
7735,1482
7736,665
7737,908
7738,492
7739,471
7740,827
7741,572
7742,681
7743,727
7744,636
7745,634
7746,620
7747,548
7748,1097
7749,541
7750,1677
7751,475
7752,547
7753,707
7754,454
7755,797
7756,425
7757,810
7758,538
7759,813
7760,741
7761,471
7762,594
7763,560
7764,559
7765,661
7766,692
7767,461
7768,408
7769,409
7770,815
7771,890
7772,485
7773,511
7774,551
7775,574
7776,692
7777,2938
7778,1096
7779,642
7780,767
7781,561
7782,679
7783,538
7784,489
7785,569
7786,1266
7787,594
7788,944
7789,580
7790,647
7791,478
7792,429
7793,1196
7794,452
7795,691
7796,501
7797,454
7798,421
7799,1452
7800,7149
7801,784
7802,643
7803,1068
7804,510
7805,2882
7806,813
7807,362
7808,623
7809,510
7810,875
7811,714
7812,1298
7813,502
7814,581
7815,674
7816,1105
7817,1277
7818,688
7819,886
7820,683
7821,721
7822,606
7823,391
7824,816
7825,698
7826,556
7827,1301
7828,569
7829,454
7830,613
7831,593
7832,548
7833,576
7834,414
7835,513
7836,1445
7837,964
7838,554
7839,472
7840,819
7841,501
7842,531
7843,766
7844,1327
7845,557
7846,494
7847,519
7848,700
7849,387
7850,1040
7851,546
7852,506
7853,510
7854,879
7855,619
7856,398
7857,417
7858,598
7859,386
7860,962
7861,658
7862,595
7863,633
7864,2316
7865,468
7866,578
7867,999
7868,739
7869,591
7870,776
7871,534
7872,693
7873,682
7874,695
7875,529
7876,709
7877,599
7878,743
7879,804
7880,686
7881,726
7882,646
7883,397
7884,506
7885,558
7886,413
7887,595
7888,1646
7889,507
7890,1775
7891,461
7892,516
7893,557
7894,775
7895,478
7896,419
7897,457
7898,459
7899,511
7900,5400
7901,2477
7902,617
7903,943
7904,431
7905,720
7906,507
7907,511
7908,538
7909,1202
7910,1534
7911,563
7912,537
7913,703
7914,2051
7915,1178
7916,701
7917,1015
7918,522
7919,505
7920,1231
7921,576
7922,848
7923,1073
7924,593
7925,880
7926,513
7927,444
7928,423
7929,397
7930,822
7931,512
7932,451
7933,519
7934,382
7935,449
7936,650
7937,496
7938,476
7939,477
7940,958
7941,567
7942,1259
7943,414
7944,466
7945,426
7946,457
7947,374
7948,390
7949,452
7950,1277
7951,447
7952,556
7953,321
7954,698
7955,471
7956,416
7957,497
7958,424
7959,420
7960,764
7961,494
7962,520
7963,511
7964,379
7965,501
7966,488
7967,1895
7968,491
7969,439
7970,974
7971,497
7972,445
7973,476
7974,654
7975,418
7976,734
7977,1339
7978,417
7979,682
7980,912
7981,509
7982,382
7983,526
7984,372
7985,497
7986,376
7987,392
7988,384
7989,373
7990,709
7991,502
7992,523
7993,530
7994,471
7995,580
7996,403
7997,384
7998,1102
7999,830
8000,108042
8001,2301
8002,1273
8003,1168
8004,1174
8005,1009
8006,1280
8007,933
8008,3261
8009,1010
8010,2425
8011,1058
8012,776
8013,813
8014,2546
8015,765
8016,683
8017,710
8018,3149
8019,590
8020,3055
8021,1331
8022,799
8023,648
8024,589
8025,930
8026,501
8027,1097
8028,2444
8029,426
8030,925
8031,1129
8032,2036
8033,782
8034,605
8035,753
8036,712
8037,573
8038,912
8039,695
8040,1139
8041,692
8042,771
8043,516
8044,824
8045,625
8046,504
8047,2577
8048,1021
8049,1227
8050,2724
8051,7931
8052,1375
8053,892
8054,629
8055,755
8056,463
8057,794
8058,976
8059,547
8060,970
8061,1686
8062,689
8063,1117
8064,557
8065,972
8066,627
8067,473
8068,642
8069,1050
8070,1279
8071,1330
8072,467
8073,406
8074,479
8075,1340
8076,442
8077,572
8078,2181
8079,463
8080,11391
8081,1882
8082,818
8083,823
8084,570
8085,3167
8086,7472
8087,1088
8088,4383
8089,613
8090,1538
8091,1251
8092,668
8093,874
8094,576
8095,659
8096,678
8097,414
8098,585
8099,514
8100,4962
8101,1334
8102,1003
8103,1220
8104,946
8105,617
8106,620
8107,487
8108,1679
8109,1243
8110,1194
8111,1178
8112,718
8113,935
8114,668
8115,725
8116,524
8117,1133
8118,880
8119,938
8120,913
8121,618
8122,1563
8123,737
8124,703
8125,1189
8126,1009
8127,490
8128,863
8129,1001
8130,1587
8131,1307
8132,674
8133,1417
8134,467
8135,1460
8136,502
8137,3281
8138,902
8139,1056
8140,1501
8141,735
8142,588
8143,864
8144,564
8145,485
8146,1282
8147,1538
8148,440
8149,525
8150,1131
8151,525
8152,657
8153,1350
8154,501
8155,697
8156,1027
8157,596
8158,492
8159,594
8160,1829
8161,614
8162,518
8163,498
8164,457
8165,898
8166,1372
8167,834
8168,553
8169,361
8170,510
8171,703
8172,694
8173,759
8174,523
8175,664
8176,650
8177,836
8178,620
8179,733
8180,904
8181,859
8182,683
8183,510
8184,579
8185,690
8186,595
8187,408
8188,612
8189,468
8190,588
8191,977
8192,4315
8193,640
8194,506
8195,715
8196,502
8197,364
8198,516
8199,438
8200,6904
8201,1008
8202,680
8203,1130
8204,991
8205,967
8206,906
8207,537
8208,838
8209,457
8210,1324
8211,2266
8212,2881
8213,822
8214,673
8215,577
8216,1906
8217,23509
8218,882
8219,437
8220,10004
8221,10224
8222,838
8223,2120
8224,561
8225,790
8226,1738
8227,692
8228,2211
8229,703
8230,3984
8231,592
8232,802
8233,771
8234,550
8235,670
8236,467
8237,601
8238,697
8239,697
8240,1269
8241,507
8242,681
8243,555
8244,537
8245,778
8246,486
8247,1114
8248,1603
8249,754
8250,1585
8251,640
8252,748
8253,778
8254,711
8255,12331
8256,600
8257,634
8258,941
8259,769
8260,1022
8261,695
8262,892
8263,889
8264,1568
8265,614
8266,879
8267,455
8268,459
8269,422
8270,783
8271,508
8272,484
8273,569
8274,591
8275,681
8276,758
8277,462
8278,1169
8279,849
8280,867
8281,593
8282,823
8283,1672
8284,603
8285,454
8286,1310
8287,550
8288,896
8289,534
8290,1239
8291,419
8292,599
8293,525
8294,487
8295,663
8296,475
8297,549
8298,533
8299,450
8300,5528
8301,1636
8302,686
8303,710
8304,494
8305,741
8306,716
8307,551
8308,890
8309,530
8310,791
8311,721
8312,1385
8313,624
8314,547
8315,515
8316,469
8317,793
8318,540
8319,468
8320,845
8321,587
8322,633
8323,620
8324,527
8325,1008
8326,589
8327,499
8328,409
8329,628
8330,1134
8331,659
8332,990
8333,1635
8334,553
8335,509
8336,606
8337,483
8338,503
8339,1204
8340,625
8341,707
8342,493
8343,656
8344,620
8345,457
8346,484
8347,504
8348,523
8349,505
8350,1053
8351,551
8352,491
8353,635
8354,335
8355,422
8356,806
8357,394
8358,531
8359,456
8360,637
8361,645
8362,474
8363,374
8364,543
8365,545
8366,463
8367,443
8368,457
8369,709
8370,595
8371,842
8372,483
8373,815
8374,454
8375,610
8376,521
8377,621
8378,473
8379,696
8380,742
8381,389
8382,529
8383,611
8384,512
8385,662
8386,645
8387,971
8388,553
8389,578
8390,800
8391,546
8392,555
8393,454
8394,367
8395,468
8396,449
8397,424
8398,577
8399,461
8400,5073
8401,1054
8402,654
8403,574
8404,639
8405,501
8406,605
8407,388
8408,463
8409,434
8410,847
8411,719
8412,521
8413,567
8414,862
8415,738
8416,519
8417,463
8418,570
8419,543
8420,816
8421,632
8422,494
8423,607
8424,1192
8425,613
8426,466
8427,500
8428,500
8429,428
8430,710
8431,527
8432,615
8433,463
8434,414
8435,456
8436,458
8437,489
8438,424
8439,464
8440,686
8441,462
8442,582
8443,861
8444,838
8445,478
8446,600
8447,437
8448,546
8449,395
8450,762
8451,695
8452,611
8453,866
8454,666
8455,574
8456,510
8457,920
8458,314
8459,496
8460,621
8461,610
8462,524
8463,719
8464,389
8465,408
8466,511
8467,516
8468,352
8469,585
8470,535
8471,597
8472,639
8473,377
8474,389
8475,461
8476,1007
8477,799
8478,664
8479,429
8480,649
8481,441
8482,631
8483,554
8484,904
8485,736
8486,876
8487,543
8488,481
8489,380
8490,523
8491,590
8492,401
8493,1532
8494,368
8495,441
8496,363
8497,398
8498,399
8499,509
8500,13534
8501,1782
8502,1244
8503,670
8504,692
8505,827
8506,679
8507,672
8508,480
8509,487
8510,1590
8511,927
8512,598
8513,414
8514,829
8515,661
8516,578
8517,498
8518,414
8519,748
8520,992
8521,457
8522,547
8523,472
8524,820
8525,875
8526,477
8527,666
8528,514
8529,567
8530,844
8531,593
8532,548
8533,480
8534,450
8535,757
8536,451
8537,418
8538,421
8539,401
8540,998
8541,679
8542,618
8543,740
8544,768
8545,624
8546,488
8547,482
8548,362
8549,526
8550,1254
8551,649
8552,535
8553,486
8554,416
8555,913
8556,427
8557,359
8558,710
8559,355
8560,608
8561,430
8562,401
8563,415
8564,432
8565,544
8566,393
8567,479
8568,410
8569,354
8570,1364
8571,807
8572,477
8573,1055
8574,503
8575,570
8576,401
8577,716
8578,416
8579,630
8580,1034
8581,446
8582,814
8583,674
8584,373
8585,1011
8586,678
8587,813
8588,495
8589,531
8590,634
8591,531
8592,459
8593,384
8594,542
8595,559
8596,433
8597,397
8598,384
8599,1012
8600,4819
8601,3476
8602,564
8603,784
8604,611
8605,454
8606,1769
8607,438
8608,461
8609,442
8610,998
8611,794
8612,547
8613,359
8614,396
8615,784
8616,471
8617,529
8618,428
8619,451
8620,1125
8621,1238
8622,595
8623,412
8624,1552
8625,807
8626,393
8627,422
8628,1132
8629,440
8630,574
8631,440
8632,545
8633,488
8634,399
8635,459
8636,368
8637,342
8638,448
8639,489
8640,965
8641,390
8642,425
8643,432
8644,837
8645,338
8646,336
8647,327
8648,482
8649,1052
8650,810
8651,403
8652,507
8653,369
8654,363
8655,775
8656,436
8657,451
8658,495
8659,420
8660,612
8661,447
8662,410
8663,402
8664,504
8665,610
8666,693
8667,495
8668,480
8669,1315
8670,633
8671,489
8672,377
8673,425
8674,11690
8675,455
8676,441
8677,624
8678,334
8679,362
8680,579
8681,482
8682,609
8683,660
8684,339
8685,603
8686,805
8687,737
8688,895
8689,353
8690,657
8691,432
8692,473
8693,358
8694,449
8695,493
8696,426
8697,401
8698,366
8699,385
8700,4603
8701,825
8702,533
8703,1008
8704,467
8705,569
8706,426
8707,434
8708,493
8709,586
8710,925
8711,894
8712,490
8713,308
8714,417
8715,396
8716,929
8717,403
8718,426
8719,507
8720,551
8721,1037
8722,866
8723,602
8724,511
8725,527
8726,370
8727,530
8728,359
8729,352
8730,581
8731,544
8732,379
8733,772
8734,450
8735,389
8736,407
8737,548
8738,367
8739,571
8740,528
8741,1348
8742,673
8743,373
8744,442
8745,435
8746,493
8747,810
8748,419
8749,1120
8750,1338
8751,533
8752,490
8753,440
8754,391
8755,600
8756,616
8757,373
8758,334
8759,284
8760,2078
8761,353
8762,540
8763,371
8764,288
8765,611
8766,450
8767,566
8768,403
8769,308
8770,573
8771,367
8772,395
8773,396
8774,407
8775,480
8776,1032
8777,787
8778,422
8779,321
8780,392
8781,322
8782,424
8783,366
8784,420
8785,348
8786,368
8787,866
8788,630
8789,417
8790,625
8791,514
8792,430
8793,378
8794,790
8795,432
8796,300
8797,485
8798,354
8799,1770
8800,8612
8801,1058
8802,2140
8803,578
8804,562
8805,499
8806,427
8807,546
8808,547
8809,707
8810,817
8811,757
8812,742
8813,475
8814,648
8815,505
8816,508
8817,1083
8818,540
8819,404
8820,939
8821,611
8822,848
8823,427
8824,634
8825,655
8826,456
8827,360
8828,511
8829,1056
8830,591
8831,390
8832,1733
8833,959
8834,356
8835,456
8836,408
8837,472
8838,454
8839,698
8840,694
8841,480
8842,482
8843,841
8844,717
8845,470
8846,492
8847,484
8848,1506
8849,579
8850,4003
8851,526
8852,351
8853,509
8854,1130
8855,641
8856,419
8857,794
8858,593
8859,6320
8860,774
8861,470
8862,578
8863,1071
8864,327
8865,697
8866,541
8867,453
8868,442
8869,1065
8870,696
8871,428
8872,551
8873,594
8874,397
8875,496
8876,487
8877,693
8878,813
8879,1049
8880,1173
8881,556
8882,422
8883,549
8884,541
8885,614
8886,540
8887,497
8888,4315
8889,1045
8890,713
8891,561
8892,457
8893,538
8894,356
8895,460
8896,391
8897,412
8898,529
8899,514
8900,2984
8901,1272
8902,527
8903,826
8904,466
8905,476
8906,318
8907,406
8908,359
8909,440
8910,1321
8911,648
8912,494
8913,507
8914,373
8915,437
8916,403
8917,617
8918,406
8919,539
8920,602
8921,348
8922,503
8923,500
8924,918
8925,384
8926,329
8927,366
8928,335
8929,381
8930,571
8931,652
8932,410
8933,452
8934,373
8935,424
8936,405
8937,369
8938,3643
8939,485
8940,863
8941,549
8942,386
8943,360
8944,399
8945,383
8946,367
8947,412
8948,300
8949,2144
8950,698
8951,473
8952,519
8953,347
8954,364
8955,460
8956,400
8957,378
8958,531
8959,532
8960,709
8961,407
8962,1099
8963,307
8964,409
8965,732
8966,573
8967,288
8968,322
8969,461
8970,423
8971,414
8972,556
8973,440
8974,422
8975,437
8976,365
8977,788
8978,349
8979,384
8980,576
8981,845
8982,321
8983,444
8984,697
8985,494
8986,1286
8987,387
8988,476
8989,607
8990,819
8991,406
8992,515
8993,4105
8994,490
8995,635
8996,467
8997,398
8998,688
8999,886
9000,76560
9001,40670
9002,2570
9003,2377
9004,1941
9005,1430
9006,1762
9007,1468
9008,865
9009,1173
9010,2238
9011,940
9012,836
9013,664
9014,636
9015,650
9016,577
9017,518
9018,639
9019,554
9020,928
9021,616
9022,716
9023,584
9024,640
9025,645
9026,819
9027,735
9028,415
9029,544
9030,861
9031,610
9032,600
9033,479
9034,516
9035,652
9036,546
9037,507
9038,529
9039,444
9040,943
9041,558
9042,506
9043,427
9044,423
9045,533
9046,484
9047,484
9048,522
9049,421
9050,1137
9051,530
9052,653
9053,474
9054,743
9055,687
9056,459
9057,419
9058,503
9059,443
9060,747
9061,521
9062,509
9063,634
9064,491
9065,489
9066,7818
9067,469
9068,679
9069,499
9070,811
9071,894
9072,644
9073,478
9074,376
9075,801
9076,396
9077,422
9078,387
9079,394
9080,759
9081,790
9082,469
9083,439
9084,713
9085,915
9086,418
9087,426
9088,463
9089,919
9090,1868
9091,866
9092,703
9093,635
9094,439
9095,584
9096,530
9097,558
9098,509
9099,592
9100,4244
9101,2667
9102,873
9103,671
9104,664
9105,484
9106,611
9107,489
9108,462
9109,443
9110,891
9111,1202
9112,515
9113,525
9114,661
9115,588
9116,483
9117,449
9118,523
9119,557
9120,954
9121,516
9122,552
9123,524
9124,501
9125,809
9126,1085
9127,479
9128,460
9129,386
9130,656
9131,745
9132,631
9133,510
9134,533
9135,607
9136,701
9137,808
9138,438
9139,670
9140,833
9141,762
9142,601
9143,422
9144,1661
9145,574
9146,391
9147,631
9148,496
9149,1968
9150,1515
9151,606
9152,454
9153,469
9154,466
9155,1602
9156,467
9157,350
9158,410
9159,467
9160,613
9161,466
9162,487
9163,488
9164,396
9165,742
9166,534
9167,807
9168,473
9169,563
9170,602
9171,1474
9172,492
9173,513
9174,400
9175,567
9176,410
9177,460
9178,416
9179,421
9180,553
9181,484
9182,472
9183,427
9184,505
9185,577
9186,436
9187,484
9188,508
9189,413
9190,665
9191,692
9192,625
9193,526
9194,466
9195,467
9196,405
9197,458
9198,529
9199,589
9200,4494
9201,973
9202,818
9203,2654
9204,459
9205,591
9206,459
9207,455
9208,653
9209,444
9210,819
9211,834
9212,955
9213,543
9214,470
9215,570
9216,838
9217,675
9218,465
9219,560
9220,857
9221,637
9222,723
9223,550
9224,626
9225,822
9226,516
9227,734
9228,442
9229,511
9230,1101
9231,648
9232,501
9233,449
9234,451
9235,671
9236,584
9237,456
9238,463
9239,483
9240,734
9241,1878
9242,545
9243,535
9244,507
9245,493
9246,401
9247,551
9248,550
9249,409
9250,1150
9251,567
9252,539
9253,500
9254,411
9255,723
9256,467
9257,494
9258,820
9259,427
9260,694
9261,440
9262,814
9263,433
9264,450
9265,448
9266,508
9267,419
9268,738
9269,440
9270,701
9271,648
9272,699
9273,433
9274,465
9275,659
9276,931
9277,478
9278,404
9279,449
9280,1870
9281,465
9282,585
9283,582
9284,438
9285,477
9286,432
9287,405
9288,464
9289,396
9290,1453
9291,600
9292,977
9293,548
9294,494
9295,849
9296,518
9297,597
9298,422
9299,585
9300,4036
9301,681
9302,618
9303,720
9304,468
9305,563
9306,527
9307,406
9308,534
9309,600
9310,1235
9311,909
9312,507
9313,616
9314,738
9315,498
9316,390
9317,457
9318,378
9319,431
9320,750
9321,494
9322,563
9323,427
9324,415
9325,663
9326,2204
9327,498
9328,620
9329,454
9330,609
9331,625
9332,478
9333,782
9334,436
9335,671
9336,617
9337,523
9338,665
9339,551
9340,792
9341,583
9342,435
9343,2138
9344,656
9345,629
9346,540
9347,530
9348,364
9349,568
9350,1242
9351,754
9352,595
9353,395
9354,374
9355,915
9356,437
9357,402
9358,510
9359,409
9360,738
9361,471
9362,706
9363,468
9364,492
9365,425
9366,342
9367,680
9368,397
9369,410
9370,567
9371,511
9372,493
9373,416
9374,403
9375,1207
9376,491
9377,491
9378,1348
9379,335
9380,548
9381,721
9382,523
9383,518
9384,1386
9385,565
9386,442
9387,464
9388,472
9389,453
9390,454
9391,559
9392,422
9393,780
9394,865
9395,502
9396,444
9397,471
9398,353
9399,521
9400,3748
9401,773
9402,572
9403,698
9404,616
9405,494
9406,547
9407,529
9408,451
9409,475
9410,1149
9411,735
9412,489
9413,562
9414,558
9415,644
9416,542
9417,592
9418,439
9419,519
9420,507
9421,467
9422,1354
9423,433
9424,541
9425,494
9426,426
9427,476
9428,481
9429,527
9430,656
9431,423
9432,426
9433,479
9434,432
9435,499
9436,447
9437,455
9438,494
9439,387
9440,2040
9441,521
9442,432
9443,407
9444,690
9445,761
9446,365
9447,339
9448,457
9449,397
9450,1079
9451,511
9452,969
9453,809
9454,600
9455,467
9456,374
9457,640
9458,373
9459,377
9460,473
9461,441
9462,546
9463,630
9464,557
9465,926
9466,447
9467,369
9468,336
9469,395
9470,479
9471,396
9472,384
9473,534
9474,801
9475,523
9476,408
9477,626
9478,422
9479,433
9480,514
9481,437
9482,373
9483,350
9484,393
9485,506
9486,470
9487,547
9488,414
9489,410
9490,509
9491,513
9492,452
9493,473
9494,604
9495,502
9496,470
9497,416
9498,363
9499,473
9500,11087
9501,1122
9502,704
9503,673
9504,537
9505,717
9506,530
9507,697
9508,590
9509,526
9510,594
9511,568
9512,457
9513,764
9514,580
9515,418
9516,559
9517,436
9518,402
9519,394
9520,615
9521,460
9522,529
9523,665
9524,480
9525,2527
9526,396
9527,915
9528,654
9529,784
9530,581
9531,599
9532,460
9533,455
9534,520
9535,423
9536,4250
9537,428
9538,381
9539,439
9540,604
9541,467
9542,550
9543,490
9544,477
9545,548
9546,379
9547,483
9548,468
9549,305
9550,888
9551,446
9552,499
9553,423
9554,366
9555,1028
9556,428
9557,467
9558,462
9559,448
9560,674
9561,499
9562,442
9563,573
9564,465
9565,414
9566,1017
9567,415
9568,3714
9569,364
9570,465
9571,477
9572,617
9573,464
9574,343
9575,664
9576,341
9577,402
9578,399
9579,357
9580,600
9581,355
9582,381
9583,394
9584,503
9585,497
9586,357
9587,329
9588,422
9589,401
9590,630
9591,450
9592,657
9593,392
9594,444
9595,720
9596,553
9597,417
9598,419
9599,525
9600,10600
9601,1025
9602,597
9603,541
9604,986
9605,587
9606,731
9607,680
9608,607
9609,494
9610,1247
9611,595
9612,1084
9613,660
9614,506
9615,619
9616,411
9617,401
9618,446
9619,412
9620,717
9621,465
9622,1214
9623,472
9624,493
9625,636
9626,619
9627,388
9628,406
9629,546
9630,644
9631,399
9632,454
9633,451
9634,337
9635,442
9636,451
9637,424
9638,335
9639,407
9640,531
9641,449
9642,601
9643,345
9644,467
9645,559
9646,464
9647,756
9648,351
9649,399
9650,803
9651,423
9652,380
9653,527
9654,397
9655,526
9656,443
9657,439
9658,1070
9659,493
9660,2309
9661,627
9662,809
9663,571
9664,421
9665,491
9666,440
9667,435
9668,378
9669,505
9670,512
9671,423
9672,504
9673,931
9674,403
9675,791
9676,316
9677,525
9678,556
9679,468
9680,521
9681,766
9682,415
9683,362
9684,476
9685,555
9686,1046
9687,321
9688,451
9689,499
9690,561
9691,359
9692,347
9693,403
9694,455
9695,407
9696,642
9697,922
9698,427
9699,472
9700,4750
9701,839
9702,554
9703,503
9704,608
9705,531
9706,468
9707,466
9708,462
9709,506
9710,2525
9711,561
9712,816
9713,514
9714,467
9715,453
9716,612
9717,376
9718,362
9719,417
9720,593
9721,632
9722,505
9723,407
9724,320
9725,361
9726,933
9727,389
9728,470
9729,448
9730,551
9731,379
9732,359
9733,417
9734,609
9735,563
9736,441
9737,428
9738,390
9739,339
9740,464
9741,574
9742,462
9743,456
9744,426
9745,541
9746,382
9747,496
9748,406
9749,311
9750,998
9751,380
9752,438
9753,368
9754,385
9755,479
9756,380
9757,417
9758,417
9759,315
9760,552
9761,411
9762,368
9763,444
9764,343
9765,464
9766,458
9767,397
9768,351
9769,435
9770,591
9771,412
9772,439
9773,400
9774,440
9775,523
9776,468
9777,749
9778,549
9779,441
9780,556
9781,684
9782,364
9783,392
9784,382
9785,648
9786,432
9787,407
9788,385
9789,414
9790,585
9791,456
9792,591
9793,463
9794,348
9795,406
9796,535
9797,737
9798,782
9799,502
9800,4080
9801,936
9802,727
9803,526
9804,499
9805,493
9806,539
9807,400
9808,541
9809,623
9810,840
9811,470
9812,543
9813,468
9814,420
9815,472
9816,392
9817,500
9818,428
9819,425
9820,598
9821,651
9822,2778
9823,510
9824,472
9825,476
9826,509
9827,481
9828,514
9829,462
9830,696
9831,470
9832,522
9833,519
9834,430
9835,630
9836,490
9837,325
9838,577
9839,464
9840,878
9841,463
9842,670
9843,632
9844,379
9845,661
9846,426
9847,356
9848,349
9849,374
9850,759
9851,426
9852,432
9853,387
9854,384
9855,389
9856,420
9857,396
9858,430
9859,869
9860,540
9861,1878
9862,271
9863,332
9864,345
9865,361
9866,371
9867,388
9868,765
9869,458
9870,426
9871,376
9872,347
9873,471
9874,319
9875,511
9876,657
9877,611
9878,394
9879,365
9880,676
9881,365
9882,362
9883,373
9884,366
9885,514
9886,346
9887,811
9888,659
9889,434
9890,497
9891,424
9892,278
9893,358
9894,378
9895,397
9896,780
9897,335
9898,636
9899,773
9900,3213
9901,722
9902,526
9903,519
9904,790
9905,483
9906,509
9907,418
9908,524
9909,527
9910,600
9911,710
9912,699
9913,677
9914,446
9915,447
9916,393
9917,437
9918,392
9919,481
9920,606
9921,1086
9922,593
9923,425
9924,404
9925,512
9926,458
9927,302
9928,302
9929,443
9930,649
9931,362
9932,352
9933,417
9934,323
9935,428
9936,393
9937,378
9938,456
9939,517
9940,523
9941,443
9942,415
9943,318
9944,508
9945,554
9946,553
9947,442
9948,383
9949,521
9950,775
9951,416
9952,390
9953,453
9954,358
9955,614
9956,414
9957,463
9958,377
9959,392
9960,1027
9961,513
9962,438
9963,499
9964,1013
9965,2295
9966,974
9967,395
9968,375
9969,855
9970,467
9971,783
9972,587
9973,658
9974,483
9975,869
9976,400
9977,524
9978,425
9979,518
9980,722
9981,1517
9982,566
9983,456
9984,655
9985,718
9986,569
9987,754
9988,1164
9989,564
9990,1122
9991,1000
9992,742
9993,1523
9994,1222
9995,3090
9996,1145
9997,1347
9998,1453
9999,16081
10000,56377
