number,count
0,64683476
1,94067387
2,74262725
3,59621050
4,45597259
5,51790873
6,33398810
7,27110731
8,26938541
9,21285143
10,42319111
11,15407516
12,21075521
13,11831031
14,12351477
15,18991554
16,12006867
17,9840666
18,12364636
19,12776302
20,23122319
21,8318535
22,8125607
23,7003376
24,10706668
25,13561321
26,6393181
27,6067782
28,6438780
29,5362916
30,19891158
31,4929765
32,4229430
33,3649156
34,3416673
35,5555041
36,3722715
37,3242365
38,3013982
39,2738850
40,11242853
41,2504729
42,2952718
43,2520430
44,2719140
45,4955096
46,2365937
47,2252426
48,3139549
49,2151526
50,15405275
51,2104195
52,2284694
53,1948862
54,2055736
55,2983821
56,1976583
57,1785841
58,1799556
59,1702575
60,8362208
61,1587919
62,1794784
63,1648453
64,2175052
65,3508113
66,1731377
67,1615096
68,1573002
69,1373382
70,5775609
71,1406279
72,1991255
73,1384820
74,1406833
75,4137750
76,1355818
77,1368932
78,1386219
79,1224825
80,6430363
81,1264178
82,1309462
83,1311164
84,1352758
85,2294694
86,1271155
87,1203739
88,1308183
89,1178181
90,5984207
91,1189991
92,1271405
93,1234293
94,1204538
95,3837959
96,1435824
97,1255749
98,1394292
99,2224657
100,15649611
101,1078277
102,711043
103,633802
104,751713
105,799146
106,688020
107,572261
108,656315
109,542034
110,1159649
111,572010
112,574288
113,471523
114,479707
115,625025
116,507272
117,447422
118,452024
119,439677
120,2017133
121,444526
122,447155
123,449461
124,453720
125,985720
126,449839
127,463283
128,530541
129,379902
130,1115085
131,434128
132,402300
133,388790
134,359931
135,546520
136,349934
137,375613
138,350580
139,342267
140,1076468
141,334206
142,328781
143,322820
144,384991
145,439452
146,310662
147,323846
148,302027
149,305734
150,3170766
151,304127
152,313178
153,297526
154,289146
155,393505
156,292069
157,298749
158,271614
159,272880
160,982327
161,284579
162,283934
163,281276
164,277101
165,411221
166,264644
167,279044
168,379924
169,268829
170,627867
171,303371
172,271875
173,253098
174,244523
175,492031
176,255655
177,260102
178,239754
179,248910
180,1146220
181,247509
182,244356
183,264107
184,282052
185,332358
186,241056
187,246707
188,266891
189,242250
190,443592
191,235321
192,316846
193,246724
194,209299
195,286297
196,214012
197,215360
198,206291
199,282745
200,6386916
201,321769
202,324748
203,266864
204,259305
205,296402
206,301993
207,234746
208,248815
209,224325
210,442403
211,246097
212,294768
213,219760
214,273033
215,293501
216,225753
217,215076
218,203466
219,195673
220,618774
221,226890
222,249164
223,216304
224,212026
225,383437
226,200595
227,201969
228,191090
229,182823
230,469964
231,227918
232,217409
233,200959
234,185484
235,263021
236,176235
237,183174
238,196127
239,188511
240,592123
241,187466
242,182548
243,186281
244,169763
245,218017
246,168282
247,181359
248,175533
249,175185
250,2353436
251,181307
252,184092
253,178869
254,184105
255,286974
256,310801
257,172728
258,155871
259,156472
260,391356
261,166422
262,171874
263,167700
264,199003
265,212651
266,155896
267,166836
268,155822
269,161014
270,387012
271,166284
272,170276
273,198581
274,155755
275,289604
276,160456
277,174381
278,155478
279,161087
280,403783
281,165070
282,156708
283,157333
284,147920
285,202308
286,149565
287,169186
288,165876
289,153098
290,243594
291,145298
292,140435
293,166052
294,134382
295,178596
296,138005
297,142431
298,137223
299,164549
300,4513635
301,252633
302,202567
303,207912
304,201538
305,210003
306,167330
307,159526
308,171260
309,151204
310,271737
311,178502
312,187530
313,165940
314,154221
315,200741
316,163681
317,145578
318,146021
319,147023
320,384915
321,158598
322,155028
323,162824
324,143784
325,275999
326,136381
327,141404
328,141877
329,130243
330,326317
331,140477
332,135149
333,179330
334,126923
335,164345
336,139037
337,138339
338,131950
339,122938
340,278498
341,134516
342,129904
343,134653
344,125927
345,162996
346,117283
347,131916
348,120110
349,121757
350,1092096
351,139256
352,129254
353,127394
354,129353
355,150583
356,130675
357,133060
358,115623
359,120002
360,774389
361,131026
362,118470
363,127831
364,123632
365,410101
366,123267
367,119825
368,114887
369,114051
370,245882
371,119776
372,113523
373,120568
374,103384
375,260630
376,107528
377,127599
378,110556
379,109765
380,245068
381,117666
382,105399
383,110923
384,138188
385,143272
386,113557
387,115276
388,98906
389,103645
390,177652
391,103643
392,102151
393,108608
394,94228
395,136794
396,92838
397,102371
398,90947
399,117009
400,3554153
401,550917
402,138407
403,158414
404,184907
405,163074
406,122605
407,121179
408,118508
409,110675
410,216836
411,125668
412,119899
413,109525
414,107337
415,160393
416,124020
417,111534
418,97189
419,102828
420,247538
421,108656
422,109162
423,103501
424,105516
425,176714
426,99875
427,108008
428,98097
429,104535
430,207604
431,106847
432,119765
433,106696
434,92493
435,142603
436,92408
437,96177
438,93558
439,87793
440,227147
441,98529
442,91133
443,106692
444,103726
445,110715
446,82267
447,97964
448,87960
449,88310
450,714440
451,130916
452,87638
453,93084
454,110690
455,116321
456,92886
457,108838
458,90625
459,84433
460,187924
461,89999
462,83920
463,88792
464,82958
465,109223
466,79739
467,86296
468,84962
469,85100
470,164471
471,89217
472,80822
473,86275
474,74670
475,132035
476,91866
477,82677
478,76840
479,83540
480,249386
481,81499
482,79021
483,90464
484,79045
485,116276
486,99483
487,79912
488,112613
489,78151
490,139786
491,80718
492,77884
493,80996
494,72053
495,107405
496,77252
497,81160
498,72157
499,106659
500,7303522
501,222636
502,114098
503,110695
504,177212
505,120865
506,93159
507,90202
508,117196
509,100306
510,179509
511,97375
512,164020
513,82604
514,86423
515,106159
516,81867
517,82140
518,83610
519,77665
520,187856
521,108767
522,84939
523,82180
524,77916
525,135853
526,77851
527,85760
528,92652
529,180121
530,158803
531,77330
532,84196
533,78689
534,71448
535,99905
536,81603
537,76560
538,76684
539,77081
540,178733
541,84541
542,73272
543,77642
544,73443
545,86453
546,68829
547,72203
548,64859
549,71045
550,388111
551,78152
552,71750
553,72510
554,64317
555,117347
556,66757
557,69115
558,62002
559,66656
560,169217
561,72987
562,71606
563,71563
564,65089
565,84980
566,61096
567,70624
568,68799
569,62858
570,137341
571,71260
572,63341
573,70002
574,61110
575,100505
576,71470
577,67085
578,57951
579,67046
580,146421
581,75019
582,63109
583,65201
584,62925
585,83333
586,73089
587,70944
588,59821
589,66393
590,108190
591,62003
592,59100
593,62665
594,63233
595,75850
596,55567
597,65678
598,57080
599,68416
600,2533469
601,93061
602,87121
603,79480
604,84760
605,85494
606,79168
607,70428
608,74457
609,78808
610,132135
611,67544
612,76691
613,80136
614,67685
615,81192
616,65076
617,82090
618,86988
619,63588
620,148850
621,68978
622,69720
623,64507
624,65053
625,137114
626,63975
627,63350
628,61244
629,60524
630,139691
631,66976
632,71626
633,69137
634,59100
635,78505
636,61918
637,58695
638,58904
639,61810
640,175446
641,62618
642,65704
643,60722
644,58139
645,75612
646,59437
647,64295
648,56247
649,58364
650,412995
651,64938
652,57584
653,56003
654,54936
655,70907
656,63876
657,57088
658,53917
659,53731
660,147089
661,61424
662,57544
663,57483
664,57429
665,63353
666,72815
667,68441
668,56631
669,56074
670,115692
671,57837
672,56354
673,56930
674,57490
675,90271
676,54915
677,59149
678,54072
679,56094
680,136184
681,54803
682,51507
683,53487
684,54300
685,67059
686,50101
687,57682
688,54065
689,51912
690,92515
691,58243
692,49191
693,51701
694,46518
695,67241
696,47319
697,48730
698,45924
699,55612
700,1728832
701,79725
702,79093
703,73568
704,70207
705,75884
706,64590
707,81155
708,58156
709,62362
710,99923
711,71195
712,61461
713,60424
714,62159
715,72959
716,57811
717,61215
718,63961
719,52129
720,156942
721,58715
722,61598
723,52351
724,52455
725,81909
726,52574
727,67491
728,53037
729,52853
730,106304
731,56908
732,61226
733,56430
734,50201
735,65780
736,49303
737,106865
738,46790
739,50059
740,107410
741,57327
742,49783
743,51834
744,53996
745,63165
746,47204
747,119634
748,48041
749,51005
750,636566
751,55343
752,51796
753,53468
754,50732
755,61320
756,49751
757,63786
758,44086
759,45768
760,121368
761,49064
762,48851
763,50721
764,44955
765,64728
766,45257
767,65005
768,67575
769,45015
770,105085
771,50132
772,52537
773,49979
774,51173
775,75267
776,52937
777,94353
778,46407
779,45160
780,111179
781,50813
782,44728
783,48732
784,46769
785,60798
786,49277
787,98676
788,44282
789,47679
790,73517
791,44554
792,49298
793,47323
794,48534
795,58351
796,43486
797,47306
798,43480
799,52614
800,2386487
801,77350
802,247718
803,56194
804,58125
805,64732
806,52564
807,48655
808,73258
809,47817
810,89309
811,60538
812,56706
813,53015
814,52391
815,62243
816,49923
817,49942
818,49000
819,44514
820,94870
821,49518
822,47984
823,47375
824,48286
825,70880
826,47830
827,48272
828,50514
829,49991
830,93694
831,46650
832,47821
833,57840
834,42070
835,52294
836,43662
837,44781
838,41619
839,42381
840,100822
841,46689
842,47865
843,54551
844,52927
845,63676
846,42991
847,49351
848,45472
849,41856
850,304286
851,43977
852,47594
853,46296
854,41991
855,65083
856,44230
857,44791
858,45487
859,43487
860,92414
861,44091
862,42125
863,46560
864,52373
865,53163
866,79043
867,45212
868,42069
869,42816
870,89867
871,45042
872,43304
873,41043
874,40606
875,78071
876,42442
877,83683
878,39074
879,40913
880,99517
881,40678
882,43537
883,43507
884,40388
885,49356
886,41583
887,41940
888,113211
889,41173
890,67323
891,40990
892,37738
893,42137
894,36357
895,51516
896,39954
897,39388
898,37355
899,43927
900,1050626
901,58693
902,51629
903,47310
904,50832
905,52867
906,46668
907,61875
908,44219
909,47749
910,75128
911,359187
912,53137
913,43589
914,51107
915,53134
916,47030
917,47934
918,46507
919,46414
920,86197
921,45485
922,44009
923,39810
924,42928
925,68576
926,39598
927,40984
928,44478
929,42985
930,79591
931,40126
932,39486
933,41203
934,37586
935,48072
936,40921
937,43122
938,37465
939,38949
940,77463
941,48112
942,39053
943,38447
944,43714
945,47362
946,37603
947,36556
948,34419
949,39440
950,170968
951,41071
952,37841
953,39362
954,41457
955,44612
956,38642
957,37544
958,34352
959,41389
960,109011
961,38773
962,40755
963,41989
964,36143
965,48210
966,38133
967,39930
968,38969
969,41092
970,77446
971,40189
972,44651
973,49225
974,36983
975,57245
976,40106
977,39657
978,463909
979,36764
980,83320
981,39598
982,36157
983,37169
984,37973
985,46525
986,35477
987,41056
988,44751
989,40764
990,94066
991,38205
992,37312
993,38501
994,36883
995,59876
996,44177
997,43530
998,42571
999,176058
1000,1748003
1001,117115
1002,255266
1003,29937
1004,26767
1005,28769
1006,59061
1007,310839
1008,24244
1009,22899
1010,61585
1011,41511
1012,37208
1013,29214
1014,31670
1015,34798
1016,999467
1017,62610
1018,29240
1019,22136
1020,40657
1021,85413
1022,22433
1023,51326
1024,78091
1025,26430
1026,18913
1027,22890
1028,18799
1029,52861
1030,36134
1031,47978
1032,17876
1033,28850
1034,21858
1035,24235
1036,16131
1037,60943
1038,301787
1039,29168
1040,83472
1041,20055
1042,25734
1043,18601
1044,17711
1045,22485
1046,61971
1047,17066
1048,16852
1049,18992
1050,52340
1051,22542
1052,16387
1053,30843
1054,28537
1055,31411
1056,53028
1057,20151
1058,16394
1059,17098
1060,26261
1061,19561
1062,15445
1063,28523
1064,21513
1065,21927
1066,70677
1067,23276
1068,17750
1069,18168
1070,41573
1071,25259
1072,16788
1073,119600
1074,60382
1075,22462
1076,17008
1077,19741
1078,24614
1079,19883
1080,173168
1081,20053
1082,14241
1083,26974
1084,25610
1085,21133
1086,73365
1087,20063
1088,40509
1089,40920
1090,23702
1091,20572
1092,16497
1093,222699
1094,21580
1095,35277
1096,28200
1097,135680
1098,48706
1099,104416
1100,169709
1101,61175
1102,22609
1103,31359
1104,30030
1105,31407
1106,18709
1107,23152
1108,23834
1109,41215
1110,28368
1111,300900
1112,19797
1113,23486
1114,16758
1115,27139
1116,18464
1117,18831
1118,20048
1119,21505
1120,31324
1121,21967
1122,19685
1123,20536
1124,21916
1125,24147
1126,91508
1127,21963
1128,90898
1129,16655
1130,34638
1131,17642
1132,15254
1133,16875
1134,16290
1135,24250
1136,86664
1137,18050
1138,17320
1139,24758
1140,24009
1141,17804
1142,17643
1143,17763
1144,16415
1145,26789
1146,40663
1147,20204
1148,18562
1149,17749
1150,44440
1151,17859
1152,36767
1153,19702
1154,20676
1155,38849
1156,15319
1157,18034
1158,41832
1159,36337
1160,24355
1161,46147
1162,21075
1163,20057
1164,21469
1165,19328
1166,17236
1167,22785
1168,13444
1169,17556
1170,28146
1171,17948
1172,27505
1173,19168
1174,15295
1175,30296
1176,24509
1177,92329
1178,14130
1179,20654
1180,26678
1181,17256
1182,31246
1183,19693
1184,15427
1185,27497
1186,179440
1187,20926
1188,15162
1189,24961
1190,23776
1191,21373
1192,24407
1193,16264
1194,20180
1195,16691
1196,15864
1197,16908
1198,19468
1199,24642
1200,383419
1201,28351
1202,25547
1203,22722
1204,32792
1205,20706
1206,23873
1207,26150
1208,17696
1209,20873
1210,43511
1211,21531
1212,33105
1213,26272
1214,21700
1215,43321
1216,24968
1217,20371
1218,18050
1219,20384
1220,32789
1221,22223
1222,35203
1223,20461
1224,17090
1225,28031
1226,19680
1227,21727
1228,16841
1229,18070
1230,29259
1231,19329
1232,16470
1233,16464
1234,31999
1235,21207
1236,17508
1237,16348
1238,16567
1239,15796
1240,29640
1241,22049
1242,28047
1243,17397
1244,20199
1245,22064
1246,16596
1247,17271
1248,20559
1249,21054
1250,75583
1251,17653
1252,17937
1253,20438
1254,19622
1255,18524
1256,18117
1257,18882
1258,21966
1259,16798
1260,35704
1261,20218
1262,14909
1263,17547
1264,16508
1265,20777
1266,17173
1267,17845
1268,15315
1269,14781
1270,26116
1271,21368
1272,20728
1273,25072
1274,22269
1275,24732
1276,15482
1277,18021
1278,15447
1279,30731
1280,36871
1281,16467
1282,17900
1283,16005
1284,18191
1285,18879
1286,14423
1287,16961
1288,14640
1289,19767
1290,28967
1291,25111
1292,18378
1293,15827
1294,17722
1295,22309
1296,22594
1297,20437
1298,17016
1299,18785
1300,197473
1301,27341
1302,23166
1303,21193
1304,20683
1305,22076
1306,20744
1307,25794
1308,20570
1309,19969
1310,26487
1311,19858
1312,20213
1313,20032
1314,22077
1315,21453
1316,19623
1317,18433
1318,16408
1319,15471
1320,30668
1321,19984
1322,18479
1323,18029
1324,18316
1325,43432
1326,18057
1327,25507
1328,18770
1329,15528
1330,28578
1331,18535
1332,19420
1333,24040
1334,15757
1335,17770
1336,17942
1337,21091
1338,15286
1339,15612
1340,26459
1341,17218
1342,16111
1343,16425
1344,15855
1345,20502
1346,21004
1347,22124
1348,27245
1349,22668
1350,55470
1351,19938
1352,14979
1353,21160
1354,14982
1355,16958
1356,16002
1357,16603
1358,14593
1359,15605
1360,26073
1361,17016
1362,15288
1363,15722
1364,19544
1365,91158
1366,16681
1367,16753
1368,33923
1369,17071
1370,23792
1371,158208
1372,14064
1373,19426
1374,14287
1375,20396
1376,13761
1377,25971
1378,22453
1379,16620
1380,26163
1381,20950
1382,16859
1383,15604
1384,14875
1385,21273
1386,19372
1387,16338
1388,16074
1389,18659
1390,22584
1391,17072
1392,19924
1393,14826
1394,22815
1395,16625
1396,15648
1397,17973
1398,16944
1399,26309
1400,188911
1401,25789
1402,20717
1403,19423
1404,18095
1405,22038
1406,19121
1407,16514
1408,16882
1409,16780
1410,23883
1411,17719
1412,17478
1413,19049
1414,19597
1415,31890
1416,17150
1417,17885
1418,15632
1419,17734
1420,32808
1421,18599
1422,18801
1423,16556
1424,15699
1425,21841
1426,12844
1427,15435
1428,17111
1429,17678
1430,26692
1431,21808
1432,18763
1433,18444
1434,15629
1435,18848
1436,16271
1437,16220
1438,16853
1439,20899
1440,43650
1441,18635
1442,16296
1443,15203
1444,17243
1445,19284
1446,16152
1447,16636
1448,14419
1449,16333
1450,64008
1451,19516
1452,21899
1453,41367
1454,14364
1455,23045
1456,16452
1457,17139
1458,15574
1459,16908
1460,32913
1461,22777
1462,20413
1463,16621
1464,18725
1465,18520
1466,16154
1467,29246
1468,21127
1469,33448
1470,29516
1471,81944
1472,27874
1473,18995
1474,18300
1475,38616
1476,23527
1477,23262
1478,22568
1479,20447
1480,29498
1481,17399
1482,19492
1483,31406
1484,18752
1485,35754
1486,18006
1487,18733
1488,19130
1489,17777
1490,26918
1491,21864
1492,83427
1493,32334
1494,28060
1495,24395
1496,18644
1497,27957
1498,27645
1499,24777
1500,551400
1501,33580
1502,33593
1503,32691
1504,28392
1505,28689
1506,27422
1507,23382
1508,25990
1509,32185
1510,34592
1511,26747
1512,29373
1513,36924
1514,26305
1515,39654
1516,35461
1517,44863
1518,25300
1519,42812
1520,54682
1521,48300
1522,29870
1523,50394
1524,33839
1525,45555
1526,37903
1527,33163
1528,31501
1529,33583
1530,53067
1531,28759
1532,34692
1533,35962
1534,41677
1535,44742
1536,51546
1537,30760
1538,34939
1539,38107
1540,63313
1541,39195
1542,47636
1543,35417
1544,25324
1545,35449
1546,31430
1547,41065
1548,26231
1549,34399
1550,73171
1551,27422
1552,32454
1553,38703
1554,28311
1555,36949
1556,33044
1557,31259
1558,41360
1559,40041
1560,47573
1561,30947
1562,30218
1563,32219
1564,42811
1565,40813
1566,31969
1567,31313
1568,31937
1569,30242
1570,44497
1571,37169
1572,40410
1573,29486
1574,30619
1575,32843
1576,29078
1577,31150
1578,28709
1579,27833
1580,47249
1581,29236
1582,39627
1583,30524
1584,33435
1585,38393
1586,32554
1587,34692
1588,42918
1589,30350
1590,51008
1591,31925
1592,39072
1593,34858
1594,32100
1595,35258
1596,39499
1597,34677
1598,45262
1599,40349
1600,308633
1601,43524
1602,40720
1603,76659
1604,46057
1605,50888
1606,45378
1607,53911
1608,44800
1609,58023
1610,64445
1611,51937
1612,44014
1613,39366
1614,39214
1615,39709
1616,50668
1617,35639
1618,41822
1619,58644
1620,73161
1621,53948
1622,39557
1623,49236
1624,40634
1625,48893
1626,38303
1627,34684
1628,40471
1629,40035
1630,64075
1631,39526
1632,47843
1633,41079
1634,42740
1635,48249
1636,41648
1637,44399
1638,49377
1639,40203
1640,95306
1641,47629
1642,65243
1643,47724
1644,68993
1645,47809
1646,38671
1647,38686
1648,61600
1649,51150
1650,91782
1651,44999
1652,41416
1653,39725
1654,40518
1655,41181
1656,41678
1657,35796
1658,39873
1659,38537
1660,92425
1661,46785
1662,52539
1663,41694
1664,45113
1665,53819
1666,54517
1667,46231
1668,35951
1669,38906
1670,55613
1671,35618
1672,44463
1673,39063
1674,37903
1675,50073
1676,40823
1677,37473
1678,37425
1679,38811
1680,62077
1681,40027
1682,44891
1683,45844
1684,36957
1685,57979
1686,37627
1687,41663
1688,65083
1689,61833
1690,57859
1691,36780
1692,48168
1693,37037
1694,39307
1695,38433
1696,35762
1697,41062
1698,35770
1699,42404
1700,242462
1701,51548
1702,43510
1703,46702
1704,44702
1705,40936
1706,39508
1707,57072
1708,40169
1709,41958
1710,57569
1711,43935
1712,43761
1713,46620
1714,52552
1715,60267
1716,42353
1717,48973
1718,46107
1719,40913
1720,67306
1721,43204
1722,45315
1723,47025
1724,43454
1725,50048
1726,41312
1727,48707
1728,45298
1729,45371
1730,64748
1731,41152
1732,48365
1733,46740
1734,42188
1735,49543
1736,45346
1737,46942
1738,46182
1739,46984
1740,73674
1741,54097
1742,53816
1743,52944
1744,50748
1745,68768
1746,55100
1747,47975
1748,61873
1749,59116
1750,143414
1751,56347
1752,60529
1753,61991
1754,69019
1755,87353
1756,69306
1757,62911
1758,76494
1759,73269
1760,95386
1761,59656
1762,67484
1763,97792
1764,69769
1765,81900
1766,64268
1767,67000
1768,74080
1769,83373
1770,115504
1771,66434
1772,80208
1773,84096
1774,106716
1775,173992
1776,250842
1777,126253
1778,108000
1779,93063
1780,134477
1781,107915
1782,97764
1783,134651
1784,106061
1785,101549
1786,92676
1787,150806
1788,126479
1789,204250
1790,180102
1791,139903
1792,145373
1793,138996
1794,122601
1795,132874
1796,121361
1797,121792
1798,139078
1799,126470
1800,541467
1801,144505
1802,124274
1803,145787
1804,148962
1805,135236
1806,136820
1807,129118
1808,127675
1809,139754
1810,160023
1811,133334
1812,315002
1813,150519
1814,174990
1815,208879
1816,151564
1817,147690
1818,168782
1819,163476
1820,242956
1821,175804
1822,147018
1823,138396
1824,165718
1825,179919
1826,151284
1827,148735
1828,167006
1829,163136
1830,299736
1831,192873
1832,212957
1833,186124
1834,190081
1835,217609
1836,225436
1837,238603
1838,205448
1839,212860
1840,313441
1841,212486
1842,207069
1843,195105
1844,215447
1845,233105
1846,237321
1847,230436
1848,344729
1849,249137
1850,457494
1851,276526
1852,232325
1853,234113
1854,265150
1855,257072
1856,259383
1857,289254
1858,257567
1859,292756
1860,447705
1861,460585
1862,416866
1863,412495
1864,392676
1865,456464
1866,289221
1867,317151
1868,312916
1869,291919
1870,459182
1871,325890
1872,294977
1873,282210
1874,269530
1875,292011
1876,307866
1877,275607
1878,280818
1879,284020
1880,454740
1881,325634
1882,315051
1883,298948
1884,298605
1885,334155
1886,320966
1887,312438
1888,331265
1889,349021
1890,494035
1891,329512
1892,330858
1893,358503
1894,320797
1895,382871
1896,380620
1897,342731
1898,396633
1899,359352
1900,864787
1901,455192
1902,405499
1903,425084
1904,423993
1905,492467
1906,467721
1907,448529
1908,472232
1909,440777
1910,657475
1911,551177
1912,581931
1913,558134
1914,782593
1915,604091
1916,586202
1917,740780
1918,822543
1919,636982
1920,842310
1921,510814
1922,512972
1923,487201
1924,488019
1925,519029
1926,488451
1927,498394
1928,519638
1929,643715
1930,800853
1931,493293
1932,525708
1933,647734
1934,543527
1935,586809
1936,633822
1937,628084
1938,655283
1939,840633
1940,959468
1941,824560
1942,809037
1943,723823
1944,858206
1945,1219733
1946,697338
1947,766954
1948,885139
1949,694835
1950,1082499
1951,608030
1952,621614
1953,655345
1954,676061
1955,684053
1956,717943
1957,710971
1958,703067
1959,725249
1960,1242664
1961,831757
1962,862183
1963,919562
1964,1024916
1965,1049283
1966,890229
1967,1084235
1968,1165516
1969,1060281
1970,1497330
1971,1034089
1972,1120185
1973,1116012
1974,1044193
1975,1162760
1976,1126597
1977,1038449
1978,1112494
1979,1262683
1980,1788334
1981,1193939
1982,1258234
1983,1244515
1984,1396981
1985,1444101
1986,1544411
1987,1537010
1988,1666436
1989,1939302
1990,2750806
1991,2229048
1992,2380503
1993,2361418
1994,2663547
1995,2879496
1996,3051908
1997,3220766
1998,3522699
1999,3821605
2000,6152481
2001,4786573
2002,4755942
2003,5192939
2004,5598096
2005,6292568
2006,6555698
2007,7279275
2008,8278375
2009,8235399
2010,9518682
2011,9038121
2012,9337298
2013,8403464
2014,7868835
2015,7747577
2016,7092024
2017,6210444
2018,5386498
2019,4277453
2020,5216570
2021,2365338
2022,1345235
2023,572751
2024,236701
2025,508028
2026,112433
2027,72823
2028,62157
2029,40397
2030,991752
2031,30375
2032,28730
2033,21840
2034,18953
2035,125850
2036,21640
2037,14756
2038,13431
2039,10600
2040,161348
2041,16887
2042,12578
2043,9252
2044,9776
2045,41003
2046,9566
2047,11995
2048,31505
2049,12227
2050,632958
2051,9364
2052,9175
2053,6835
2054,6567
2055,11884
2056,7171
2057,6010
2058,5911
2059,6752
2060,44867
2061,12105
2062,5964
2063,15789
2064,5710
2065,10310
2066,5498
2067,6350
2068,5780
2069,6093
2070,22900
2071,7593
2072,5504
2073,5189
2074,4901
2075,8971
2076,5948
2077,5684
2078,5595
2079,5395
2080,21256
2081,6073
2082,4486
2083,5065
2084,4808
2085,6811
2086,4627
2087,4894
2088,5083
2089,4439
2090,9295
2091,4717
2092,4834
2093,4706
2094,5417
2095,6327
2096,4087
2097,4384
2098,4247
2099,8891
2100,173608
2101,9329
2102,6986
2103,7629
2104,7497
2105,23901
2106,9466
2107,5876
2108,5811
2109,6231
2110,10211
2111,7577
2112,8826
2113,6351
2114,7034
2115,9564
2116,5469
2117,8265
2118,9802
2119,5582
2120,8634
2121,7938
2122,5825
2123,5247
2124,4395
2125,7875
2126,5554
2127,4558
2128,5449
2129,4980
2130,8028
2131,5365
2132,4327
2133,7345
2134,6460
2135,6652
2136,4904
2137,4200
2138,5663
2139,7124
2140,9693
2141,7426
2142,4560
2143,5027
2144,4588
2145,4974
2146,4058
2147,8995
2148,7793
2149,4267
2150,11798
2151,4993
2152,4343
2153,4388
2154,4512
2155,5670
2156,4936
2157,4472
2158,4013
2159,4655
2160,12519
2161,4887
2162,3640
2163,4524
2164,13018
2165,10587
2166,4476
2167,4438
2168,4066
2169,4819
2170,5939
2171,3946
2172,3863
2173,4094
2174,13333
2175,4745
2176,3495
2177,3882
2178,4277
2179,3498
2180,6969
2181,5161
2182,3653
2183,3600
2184,3946
2185,4120
2186,3275
2187,4009
2188,3741
2189,4015
2190,5814
2191,5045
2192,3984
2193,4353
2194,3877
2195,4412
2196,6147
2197,4469
2198,3242
2199,5442
2200,68396
2201,7412
2202,6557
2203,5172
2204,5162
2205,6956
2206,6027
2207,4870
2208,4281
2209,4503
2210,7547
2211,6076
2212,5732
2213,4619
2214,6426
2215,7066
2216,4860
2217,6891
2218,4775
2219,4375
2220,7323
2221,5166
2222,11928
2223,6164
2224,5538
2225,5544
2226,3935
2227,5941
2228,3841
2229,6823
2230,6941
2231,5293
2232,4038
2233,5377
2234,3687
2235,4303
2236,4534
2237,4403
2238,3721
2239,3629
2240,6611
2241,4379
2242,4340
2243,3962
2244,4487
2245,4316
2246,3777
2247,3855
2248,3418
2249,5459
2250,15339
2251,5247
2252,3911
2253,4294
2254,4741
2255,5324
2256,4224
2257,4164
2258,3498
2259,3759
2260,5047
2261,4750
2262,3603
2263,3694
2264,4334
2265,5039
2266,3529
2267,4389
2268,3408
2269,3208
2270,5105
2271,4059
2272,4465
2273,4319
2274,3201
2275,4467
2276,3445
2277,4626
2278,3573
2279,3875
2280,4880
2281,5964
2282,3583
2283,3827
2284,3433
2285,4003
2286,3788
2287,4168
2288,5285
2289,3212
2290,5411
2291,3379
2292,3341
2293,3553
2294,2979
2295,3810
2296,4420
2297,3076
2298,3095
2299,3866
2300,58558
2301,7255
2302,4956
2303,4394
2304,5227
2305,5240
2306,4018
2307,41454
2308,4209
2309,4062
2310,7110
2311,5211
2312,5078
2313,4405
2314,3942
2315,4523
2316,3615
2317,3832
2318,3752
2319,4187
2320,5845
2321,4423
2322,4517
2323,5473
2324,3730
2325,4822
2326,3863
2327,3774
2328,3435
2329,3864
2330,6103
2331,4327
2332,3826
2333,5254
2334,8383
2335,4151
2336,3542
2337,16223
2338,2923
2339,3243
2340,6204
2341,3864
2342,3554
2343,3578
2344,3093
2345,9444
2346,3304
2347,3705
2348,3884
2349,4358
2350,10414
2351,3815
2352,3811
2353,4869
2354,3513
2355,3707
2356,3192
2357,4182
2358,3518
2359,4620
2360,5514
2361,3510
2362,4052
2363,3303
2364,2798
2365,3771
2366,3551
2367,3336
2368,3619
2369,3695
2370,4469
2371,3609
2372,3656
2373,3452
2374,2966
2375,4705
2376,3273
2377,3904
2378,3327
2379,3472
2380,4303
2381,3654
2382,3110
2383,3788
2384,2781
2385,3433
2386,2819
2387,2979
2388,2944
2389,3155
2390,3547
2391,3229
2392,3395
2393,3975
2394,2779
2395,3750
2396,3106
2397,3332
2398,2966
2399,3746
2400,74121
2401,6574
2402,4404
2403,4412
2404,3534
2405,3950
2406,3114
2407,6038
2408,3379
2409,3563
2410,4673
2411,4031
2412,4106
2413,3764
2414,3598
2415,3975
2416,2945
2417,3639
2418,3066
2419,4003
2420,4824
2421,3596
2422,4667
2423,3453
2424,4308
2425,5223
2426,3032
2427,4590
2428,2997
2429,2879
2430,4284
2431,3606
2432,2946
2433,4109
2434,3176
2435,4032
2436,3312
2437,3333
2438,3431
2439,2995
2440,5088
2441,3883
2442,3186
2443,3668
2444,3664
2445,3615
2446,2780
2447,2962
2448,4525
2449,3186
2450,8567
2451,3388
2452,2861
2453,2972
2454,4699
2455,3965
2456,3545
2457,3806
2458,9346
2459,2823
2460,6413
2461,3578
2462,3046
2463,3095
2464,2672
2465,3693
2466,4615
2467,3347
2468,3179
2469,3469
2470,3831
2471,5154
2472,3127
2473,3766
2474,4855
2475,4259
2476,2755
2477,4358
2478,4857
2479,2753
2480,3833
2481,3237
2482,2834
2483,3458
2484,3025
2485,3265
2486,4974
2487,3000
2488,2940
2489,3252
2490,3746
2491,3503
2492,2827
2493,2920
2494,3179
2495,3427
2496,2827
2497,3452
2498,3649
2499,4505
2500,226869
2501,6249
2502,3841
2503,4239
2504,3896
2505,3962
2506,3786
2507,3776
2508,3995
2509,3804
2510,5520
2511,4625
2512,3930
2513,3554
2514,3841
2515,3647
2516,3709
2517,3378
2518,3708
2519,3636
2520,6287
2521,4353
2522,4376
2523,3222
2524,3299
2525,5706
2526,3700
2527,4647
2528,3247
2529,3099
2530,4489
2531,3326
2532,3434
2533,3299
2534,2883
2535,3640
2536,3753
2537,3421
2538,2520
2539,2717
2540,4804
2541,3535
2542,2951
2543,3420
2544,2990
2545,3550
2546,2621
2547,2951
2548,2832
2549,2731
2550,7691
2551,3588
2552,3063
2553,5215
2554,2694
2555,5184
2556,2674
2557,3985
2558,3044
2559,4158
2560,12232
2561,2804
2562,3000
2563,3210
2564,2912
2565,3139
2566,2864
2567,3669
2568,2514
2569,2742
2570,3361
2571,2758
2572,2920
2573,2461
2574,2340
2575,3946
2576,2589
2577,2999
2578,2938
2579,2558
2580,3763
2581,3381
2582,2332
2583,3430
2584,2788
2585,3793
2586,2483
2587,2877
2588,2678
2589,2881
2590,3713
2591,3240
2592,3132
2593,2829
2594,2510
2595,2638
2596,3336
2597,2877
2598,2376
2599,2965
2600,59927
2601,5255
2602,3080
2603,3188
2604,3105
2605,3774
2606,3037
2607,3081
2608,2761
2609,2619
2610,4356
2611,4395
2612,3092
2613,3531
2614,2729
2615,3127
2616,3292
2617,2761
2618,3142
2619,2739
2620,4384
2621,3475
2622,2623
2623,2900
2624,2447
2625,4184
2626,3477
2627,3280
2628,2840
2629,2424
2630,4566
2631,3324
2632,2649
2633,3019
2634,2719
2635,3316
2636,2494
2637,3144
2638,2226
2639,2752
2640,4657
2641,2720
2642,2965
2643,2782
2644,2624
2645,2793
2646,2907
2647,2822
2648,5379
2649,2583
2650,7165
2651,2747
2652,3005
2653,2700
2654,2398
2655,2952
2656,3409
2657,2380
2658,2311
2659,2611
2660,3561
2661,2632
2662,2206
2663,2608
2664,4104
2665,3117
2666,5755
2667,3422
2668,2157
2669,2569
2670,3626
2671,2545
2672,4341
2673,2727
2674,2173
2675,2953
2676,2180
2677,2890
2678,2280
2679,2367
2680,3719
2681,2561
2682,2259
2683,2959
2684,2158
2685,2435
2686,3339
2687,2222
2688,3535
2689,2237
2690,3647
2691,2585
2692,2375
2693,2773
2694,2178
2695,2933
2696,2064
2697,4398
2698,2589
2699,3925
2700,42918
2701,4583
2702,4403
2703,3741
2704,2835
2705,3235
2706,2780
2707,3134
2708,2707
2709,3005
2710,3961
2711,3077
2712,3273
2713,2670
2714,2604
2715,3076
2716,2759
2717,2955
2718,2419
2719,2641
2720,3775
2721,2773
2722,2955
2723,3006
2724,2310
2725,3983
2726,2282
2727,3776
2728,3063
2729,3007
2730,3708
2731,3735
2732,2562
2733,2586
2734,2198
2735,2852
2736,3347
2737,4448
2738,2180
2739,3373
2740,3237
2741,3666
2742,2048
2743,2768
2744,3171
2745,3819
2746,2607
2747,2741
2748,2061
2749,2914
2750,8308
2751,2704
2752,2794
2753,3207
2754,2034
2755,2841
2756,2244
2757,3222
2758,2504
2759,2220
2760,3736
2761,2634
2762,2147
2763,2191
2764,2507
2765,4987
2766,2448
2767,3108
2768,2166
2769,2104
2770,2980
2771,2298
2772,3107
2773,2152
2774,2067
2775,2820
2776,2260
2777,2809
2778,2713
2779,2244
2780,3270
2781,2177
2782,2356
2783,2739
2784,2075
2785,2368
2786,2109
2787,3361
2788,2446
2789,2401
2790,2735
2791,2289
2792,1946
2793,2072
2794,1967
2795,2957
2796,3233
2797,2666
2798,1811
2799,2506
2800,42634
2801,4463
2802,2784
2803,2731
2804,2561
2805,2990
2806,2350
2807,2768
2808,2906
2809,2503
2810,3575
2811,2649
2812,2503
2813,2504
2814,2318
2815,2605
2816,2882
2817,2679
2818,2684
2819,2081
2820,3336
2821,2580
2822,2796
2823,2505
2824,2620
2825,3079
2826,2648
2827,2314
2828,2724
2829,2655
2830,3283
2831,2504
2832,2604
2833,2448
2834,2236
2835,2707
2836,5198
2837,2199
2838,2439
2839,2422
2840,3617
2841,2639
2842,2202
2843,2168
2844,2055
2845,2519
2846,1991
2847,2856
2848,2783
2849,2251
2850,7063
2851,2329
2852,2314
2853,2208
2854,2116
2855,2489
2856,2270
2857,2712
2858,2026
2859,3363
2860,3307
2861,2137
2862,1965
2863,2415
2864,2164
2865,2976
2866,5100
2867,2730
2868,2250
2869,2630
2870,2699
2871,2071
2872,2089
2873,2763
2874,2120
2875,8518
2876,2155
2877,2031
2878,2098
2879,2323
2880,5450
2881,2383
2882,2289
2883,2325
2884,1901
2885,2544
2886,2151
2887,2115
2888,2555
2889,2310
2890,2979
2891,3228
2892,2215
2893,2683
2894,1920
2895,2390
2896,2630
2897,2098
2898,2084
2899,2075
2900,21318
2901,3908
2902,2390
2903,4023
2904,2389
2905,2769
2906,2493
2907,2630
2908,2045
2909,4968
2910,3323
2911,3039
2912,3040
2913,2447
2914,2444
2915,3483
2916,2608
2917,2561
2918,2882
2919,2282
2920,7274
2921,2856
2922,2269
2923,3809
2924,2306
2925,2891
2926,2073
2927,2487
2928,2073
2929,3558
2930,3500
2931,2398
2932,2019
2933,2774
2934,1931
2935,2156
2936,2357
2937,2168
2938,1974
2939,1953
2940,3463
2941,2218
2942,1840
2943,2250
2944,2079
2945,2257
2946,2059
2947,2765
2948,2609
2949,1840
2950,4831
2951,1964
2952,3066
2953,2150
2954,1961
2955,2407
2956,1625
2957,2219
2958,10065
2959,2176
2960,3524
2961,2161
2962,1925
2963,2231
2964,1652
2965,2093
2966,2490
2967,3142
2968,1786
2969,1972
2970,2583
2971,2007
2972,1874
2973,2640
2974,1739
2975,2276
2976,1610
2977,2074
2978,1759
2979,2234
2980,2763
2981,2340
2982,3065
2983,1964
2984,1806
2985,2131
2986,1580
2987,2298
2988,1855
2989,2445
2990,3112
2991,2694
2992,2414
2993,1986
2994,1884
2995,3421
2996,2227
2997,2502
2998,2233
2999,4985
3000,467868
3001,8355
3002,4565
3003,5931
3004,4258
3005,3833
3006,3502
3007,3177
3008,3900
3009,3349
3010,6720
3011,3897
3012,4160
3013,2999
3014,2735
3015,3648
3016,5347
3017,2954
3018,2845
3019,3189
3020,6012
3021,3495
3022,2676
3023,3258
3024,3192
3025,3517
3026,2367
3027,2401
3028,2312
3029,2324
3030,5895
3031,3028
3032,2562
3033,3185
3034,2867
3035,2993
3036,2401
3037,2244
3038,2587
3039,2157
3040,6154
3041,2289
3042,2512
3043,2454
3044,2170
3045,2793
3046,2262
3047,2043
3048,3795
3049,2164
3050,6058
3051,2751
3052,2494
3053,2555
3054,3295
3055,2597
3056,1978
3057,3103
3058,1797
3059,2632
3060,4171
3061,2268
3062,1807
3063,2159
3064,1727
3065,2644
3066,2351
3067,2126
3068,2062
3069,2014
3070,3368
3071,2042
3072,3418
3073,2416
3074,2049
3075,2372
3076,1667
3077,3328
3078,1799
3079,2076
3080,4185
3081,2357
3082,1649
3083,2894
3084,1830
3085,2265
3086,2299
3087,1965
3088,2267
3089,2041
3090,3478
3091,2390
3092,1774
3093,1895
3094,1836
3095,2395
3096,1844
3097,1824
3098,1791
3099,5665
3100,28425
3101,5876
3102,6170
3103,2794
3104,2829
3105,3850
3106,2807
3107,2596
3108,2670
3109,17871
3110,4513
3111,3697
3112,2872
3113,3084
3114,3897
3115,3565
3116,2264
3117,2463
3118,1920
3119,2209
3120,3913
3121,4339
3122,2833
3123,2328
3124,2314
3125,5271
3126,2269
3127,2577
3128,2300
3129,1886
3130,4582
3131,3560
3132,2798
3133,2809
3134,2091
3135,2299
3136,2084
3137,1971
3138,2413
3139,1972
3140,3421
3141,2748
3142,2537
3143,2576
3144,1947
3145,2566
3146,2260
3147,2854
3148,2160
3149,1943
3150,6516
3151,2200
3152,1897
3153,1978
3154,1731
3155,2400
3156,5644
3157,2007
3158,1635
3159,1902
3160,2971
3161,2426
3162,2429
3163,1909
3164,2375
3165,1900
3166,7708
3167,2324
3168,4737
3169,1754
3170,2628
3171,4678
3172,1742
3173,1826
3174,2565
3175,2421
3176,1641
3177,2219
3178,1603
3179,1871
3180,2833
3181,2568
3182,2091
3183,2041
3184,1842
3185,2123
3186,1884
3187,1996
3188,1944
3189,2667
3190,2490
3191,2047
3192,1907
3193,1668
3194,1863
3195,2268
3196,1748
3197,1836
3198,1766
3199,2097
3200,52954
3201,8703
3202,2474
3203,2648
3204,2178
3205,3839
3206,2002
3207,3339
3208,1918
3209,2328
3210,4033
3211,2827
3212,2607
3213,2672
3214,2115
3215,2588
3216,1929
3217,2068
3218,2520
3219,2196
3220,3498
3221,2759
3222,2810
3223,4272
3224,2596
3225,2723
3226,2108
3227,2265
3228,2010
3229,1901
3230,2800
3231,2703
3232,2811
3233,5789
3234,2110
3235,2282
3236,2066
3237,1994
3238,2174
3239,1936
3240,3448
3241,1923
3242,2168
3243,2909
3244,1905
3245,2138
3246,3711
3247,1852
3248,1726
3249,1838
3250,5642
3251,2113
3252,1678
3253,1780
3254,1801
3255,2121
3256,2024
3257,1962
3258,1673
3259,1832
3260,2956
3261,2602
3262,1803
3263,1932
3264,2189
3265,1663
3266,1843
3267,1752
3268,1906
3269,1784
3270,4533
3271,1614
3272,2087
3273,1942
3274,1948
3275,2021
3276,1858
3277,1757
3278,1952
3279,1774
3280,3229
3281,2181
3282,2206
3283,1773
3284,1794
3285,1973
3286,1901
3287,1761
3288,1658
3289,1898
3290,2364
3291,1625
3292,1572
3293,1879
3294,1761
3295,1870
3296,2190
3297,1953
3298,1532
3299,2343
3300,28071
3301,5552
3302,3172
3303,3410
3304,2344
3305,4652
3306,3846
3307,2500
3308,2061
3309,2503
3310,5760
3311,3302
3312,2410
3313,2889
3314,2597
3315,2572
3316,2250
3317,1964
3318,1985
3319,2108
3320,3540
3321,2845
3322,4040
3323,2371
3324,3387
3325,2746
3326,1840
3327,2258
3328,2095
3329,2059
3330,3844
3331,2482
3332,1918
3333,8105
3334,2573
3335,2355
3336,2276
3337,2004
3338,2084
3339,1962
3340,3459
3341,2266
3342,2615
3343,2296
3344,2324
3345,2455
3346,2218
3347,1899
3348,1795
3349,1868
3350,9085
3351,2302
3352,1965
3353,2011
3354,6891
3355,2346
3356,2023
3357,2037
3358,1596
3359,1809
3360,3333
3361,1886
3362,3306
3363,1828
3364,1747
3365,1999
3366,2272
3367,1537
3368,1954
3369,1756
3370,2836
3371,2224
3372,1949
3373,2086
3374,1638
3375,2370
3376,1797
3377,2000
3378,1647
3379,2472
3380,2465
3381,2008
3382,2381
3383,1751
3384,1656
3385,1769
3386,1992
3387,1548
3388,1910
3389,44667
3390,28858
3391,1933
3392,1565
3393,2136
3394,1540
3395,2098
3396,1620
3397,1650
3398,1765
3399,2639
3400,22930
3401,3622
3402,6095
3403,2192
3404,2070
3405,2182
3406,2598
3407,3067
3408,1824
3409,1614
3410,3409
3411,2301
3412,2639
3413,2171
3414,2076
3415,2271
3416,1516
3417,1933
3418,1948
3419,1569
3420,3215
3421,2308
3422,2192
3423,1858
3424,1754
3425,2060
3426,1760
3427,1657
3428,1469
3429,1560
3430,2381
3431,1936
3432,1869
3433,1840
3434,2146
3435,2724
3436,1605
3437,1667
3438,1723
3439,1762
3440,2832
3441,1899
3442,1822
3443,1865
3444,2084
3445,1983
3446,1566
3447,1630
3448,2142
3449,1794
3450,4396
3451,1719
3452,1603
3453,1482
3454,1763
3455,1719
3456,3604
3457,1482
3458,1635
3459,1616
3460,2435
3461,1690
3462,1460
3463,1715
3464,1590
3465,1638
3466,1553
3467,1674
3468,1952
3469,1506
3470,2444
3471,1698
3472,2349
3473,1550
3474,1941
3475,2506
3476,2728
3477,1595
3478,1520
3479,1515
3480,2300
3481,1690
3482,1698
3483,1701
3484,1569
3485,1717
3486,1286
3487,1474
3488,1549
3489,1444
3490,1962
3491,1538
3492,1695
3493,1511
3494,1424
3495,3603
3496,1411
3497,1650
3498,1515
3499,1592
3500,106812
3501,3864
3502,2445
3503,2015
3504,1970
3505,2644
3506,2166
3507,1735
3508,2140
3509,1606
3510,2844
3511,2100
3512,2152
3513,1974
3514,1776
3515,1803
3516,1815
3517,1512
3518,2420
3519,1719
3520,5102
3521,2117
3522,2668
3523,1725
3524,1533
3525,2224
3526,1368
3527,1513
3528,1766
3529,1566
3530,2180
3531,1945
3532,1510
3533,1753
3534,1527
3535,2877
3536,1622
3537,1756
3538,1532
3539,1585
3540,2634
3541,1745
3542,1755
3543,1864
3544,1500
3545,1755
3546,1484
3547,1641
3548,1653
3549,1504
3550,4563
3551,1944
3552,1511
3553,2905
3554,1510
3555,2360
3556,1693
3557,1638
3558,1610
3559,1461
3560,2584
3561,1684
3562,1530
3563,1652
3564,1351
3565,1670
3566,1508
3567,1545
3568,1907
3569,1397
3570,2376
3571,1791
3572,1482
3573,1497
3574,1529
3575,1897
3576,1575
3577,1517
3578,1460
3579,1374
3580,2151
3581,1460
3582,1785
3583,1706
3584,1912
3585,1623
3586,1416
3587,1495
3588,1632
3589,1494
3590,2974
3591,1446
3592,1572
3593,1376
3594,1372
3595,1487
3596,1324
3597,1658
3598,1341
3599,1489
3600,40779
3601,2838
3602,2118
3603,2708
3604,2256
3605,1878
3606,1807
3607,1686
3608,1584
3609,1554
3610,2580
3611,1855
3612,1471
3613,1652
3614,1423
3615,1919
3616,1620
3617,1591
3618,1384
3619,1519
3620,2486
3621,1894
3622,1600
3623,1856
3624,1660
3625,1862
3626,1322
3627,2156
3628,2042
3629,1494
3630,2386
3631,1545
3632,1731
3633,1817
3634,1497
3635,1770
3636,2226
3637,1627
3638,1447
3639,2037
3640,2377
3641,1710
3642,2176
3643,1516
3644,1356
3645,1540
3646,1788
3647,1583
3648,1889
3649,1285
3650,5026
3651,1697
3652,1338
3653,1493
3654,1410
3655,1884
3656,1401
3657,1582
3658,1525
3659,1554
3660,2502
3661,1477
3662,1423
3663,2005
3664,1494
3665,1432
3666,1836
3667,1528
3668,1373
3669,1249
3670,1886
3671,1424
3672,1394
3673,1490
3674,1732
3675,1765
3676,2506
3677,1565
3678,1350
3679,1433
3680,2112
3681,1431
3682,1313
3683,1375
3684,1444
3685,1556
3686,1356
3687,1358
3688,1371
3689,1342
3690,1861
3691,1333
3692,1361
3693,1328
3694,1206
3695,1486
3696,1417
3697,1488
3698,1203
3699,1614
3700,19424
3701,3169
3702,1869
3703,2296
3704,1570
3705,1693
3706,1294
3707,1563
3708,1698
3709,1207
3710,2446
3711,2142
3712,1583
3713,1824
3714,1485
3715,1621
3716,1257
3717,1524
3718,1796
3719,1344
3720,2575
3721,1742
3722,1545
3723,1523
3724,1793
3725,1659
3726,1394
3727,2492
3728,1253
3729,2063
3730,4261
3731,1510
3732,2511
3733,2731
3734,1336
3735,1600
3736,1329
3737,2411
3738,1564
3739,1412
3740,1995
3741,1592
3742,2701
3743,1568
3744,1743
3745,2752
3746,1611
3747,1404
3748,3800
3749,1358
3750,6420
3751,1806
3752,1521
3753,1645
3754,1533
3755,1809
3756,1608
3757,1511
3758,5259
3759,1263
3760,2853
3761,1651
3762,1399
3763,1511
3764,1286
3765,1706
3766,1560
3767,1464
3768,1503
3769,1232
3770,2092
3771,1506
3772,1409
3773,1866
3774,1205
3775,1601
3776,1509
3777,1646
3778,1246
3779,1331
3780,2187
3781,1596
3782,1616
3783,1344
3784,1212
3785,1539
3786,1327
3787,1361
3788,1390
3789,1210
3790,1584
3791,3395
3792,1263
3793,1342
3794,1164
3795,1612
3796,1176
3797,2692
3798,1329
3799,1433
3800,22013
3801,2813
3802,1595
3803,1663
3804,1505
3805,1715
3806,1821
3807,1366
3808,1556
3809,1679
3810,2757
3811,1744
3812,1676
3813,1509
3814,1366
3815,1679
3816,1761
3817,1416
3818,1212
3819,1315
3820,2679
3821,1627
3822,1591
3823,1422
3824,1770
3825,1754
3826,1421
3827,1353
3828,1443
3829,1342
3830,1909
3831,1366
3832,1270
3833,1660
3834,1527
3835,2483
3836,1135
3837,1358
3838,2193
3839,1648
3840,6210
3841,1965
3842,1667
3843,1373
3844,1694
3845,1693
3846,1398
3847,1656
3848,1448
3849,1480
3850,3760
3851,1649
3852,1753
3853,1278
3854,1168
3855,1469
3856,1202
3857,1454
3858,1412
3859,1652
3860,1958
3861,1604
3862,1165
3863,1450
3864,1510
3865,1458
3866,1169
3867,1461
3868,1538
3869,1249
3870,1787
3871,1351
3872,1522
3873,1192
3874,1100
3875,1500
3876,1175
3877,1323
3878,1246
3879,1245
3880,2194
3881,1304
3882,1079
3883,1618
3884,1231
3885,1451
3886,1354
3887,1140
3888,2147
3889,1406
3890,1603
3891,1305
3892,4027
3893,1192
3894,1429
3895,1344
3896,1279
3897,1945
3898,1119
3899,2099
3900,13061
3901,2238
3902,1620
3903,1867
3904,1581
3905,1657
3906,1677
3907,1572
3908,1940
3909,1444
3910,1906
3911,1750
3912,1352
3913,1464
3914,1228
3915,1634
3916,1578
3917,1408
3918,1170
3919,1281
3920,2253
3921,1716
3922,2010
3923,2000
3924,1629
3925,1503
3926,1344
3927,1291
3928,2318
3929,1338
3930,1775
3931,1647
3932,2384
3933,1335
3934,1347
3935,1293
3936,1239
3937,3601
3938,1142
3939,2099
3940,4493
3941,1440
3942,1257
3943,1199
3944,1285
3945,6314
3946,1334
3947,1211
3948,1091
3949,1542
3950,2701
3951,1234
3952,1370
3953,1161
3954,1459
3955,1550
3956,2116
3957,981
3958,1188
3959,4364
3960,2070
3961,1334
3962,2194
3963,1474
3964,1205
3965,1405
3966,1226
3967,1223
3968,1136
3969,1939
3970,1768
3971,1385
3972,1202
3973,1114
3974,1198
3975,1497
3976,1264
3977,1320
3978,1611
3979,1466
3980,1585
3981,1189
3982,1145
3983,1295
3984,1158
3985,1584
3986,1332
3987,1333
3988,1636
3989,1447
3990,2005
3991,2012
3992,1489
3993,1328
3994,1039
3995,1758
3996,1548
3997,1288
3998,1683
3999,3413
4000,296533
4001,5617
4002,2938
4003,2688
4004,10319
4005,2819
4006,2248
4007,2038
4008,2451
4009,1968
4010,4553
4011,2953
4012,2360
4013,2168
4014,2632
4015,2341
4016,2018
4017,3681
4018,2256
4019,1543
4020,5863
4021,2296
4022,1932
4023,1816
4024,1719
4025,2095
4026,1524
4027,1849
4028,1687
4029,1770
4030,2526
4031,2144
4032,2180
4033,5517
4034,1563
4035,1574
4036,1336
4037,1500
4038,2295
4039,2933
4040,4053
4041,1882
4042,1743
4043,1899
4044,1555
4045,1739
4046,1970
4047,2019
4048,1411
4049,11626
4050,4756
4051,4050
4052,1687
4053,1987
4054,1534
4055,1864
4056,1648
4057,1553
4058,1427
4059,1487
4060,3589
4061,1968
4062,1450
4063,1243
4064,1477
4065,2336
4066,1816
4067,2211
4068,1285
4069,1377
4070,2419
4071,1286
4072,1709
4073,1489
4074,1337
4075,1654
4076,1372
4077,1492
4078,1171
4079,1447
4080,2777
4081,2024
4082,1378
4083,1433
4084,1211
4085,1797
4086,1334
4087,1348
4088,3429
4089,1454
4090,2061
4091,1381
4092,1526
4093,1544
4094,1901
4095,3103
4096,18354
4097,1447
4098,1364
4099,1417
4100,13090
4101,2891
4102,3711
4103,8571
4104,1965
4105,1764
4106,1737
4107,1606
4108,1589
4109,1457
4110,2426
4111,2352
4112,2063
4113,1469
4114,1780
4115,1862
4116,1742
4117,1541
4118,1404
4119,1256
4120,2881
4121,1945
4122,1611
4123,1718
4124,1397
4125,1870
4126,1361
4127,1515
4128,1596
4129,1897
4130,4590
4131,1665
4132,1359
4133,1563
4134,1285
4135,2431
4136,1434
4137,1985
4138,1241
4139,1257
4140,4491
4141,3432
4142,2233
4143,1499
4144,1497
4145,1602
4146,1310
4147,1119
4148,1388
4149,1645
4150,3934
4151,2234
4152,1262
4153,1299
4154,1194
4155,1725
4156,1418
4157,1534
4158,1467
4159,5675
4160,3175
4161,7352
4162,1300
4163,1239
4164,1189
4165,2050
4166,1466
4167,1926
4168,1233
4169,1520
4170,1657
4171,1415
4172,3253
4173,1482
4174,1288
4175,1706
4176,1039
4177,1395
4178,1154
4179,2264
4180,2176
4181,1397
4182,1101
4183,1160
4184,1755
4185,1302
4186,1362
4187,1326
4188,1187
4189,1133
4190,1556
4191,1498
4192,1176
4193,1293
4194,1219
4195,1315
4196,1205
4197,1188
4198,1013
4199,1285
4200,21012
4201,2456
4202,2070
4203,2023
4204,1607
4205,1980
4206,1260
4207,1506
4208,1446
4209,1490
4210,2645
4211,1810
4212,1935
4213,1716
4214,1878
4215,1721
4216,1363
4217,3260
4218,1328
4219,1274
4220,2420
4221,2006
4222,1860
4223,1376
4224,1388
4225,1907
4226,1404
4227,2839
4228,1282
4229,1233
4230,1923
4231,1528
4232,1531
4233,1413
4234,1319
4235,1281
4236,3805
4237,1247
4238,1501
4239,1168
4240,2301
4241,1792
4242,2118
4243,1523
4244,1884
4245,1584
4246,1204
4247,1502
4248,1672
4249,1417
4250,3606
4251,1640
4252,1319
4253,1400
4254,1404
4255,1456
4256,1364
4257,1802
4258,1898
4259,1467
4260,2703
4261,1822
4262,1489
4263,1425
4264,1159
4265,1367
4266,1289
4267,1416
4268,1296
4269,3373
4270,1524
4271,2559
4272,1403
4273,1270
4274,1592
4275,1460
4276,1451
4277,1161
4278,1696
4279,1280
4280,1536
4281,1184
4282,1116
4283,1267
4284,1038
4285,1462
4286,1398
4287,1786
4288,1392
4289,1122
4290,1618
4291,1443
4292,1345
4293,1118
4294,1170
4295,2177
4296,1164
4297,1169
4298,1122
4299,1120
4300,13880
4301,3230
4302,2311
4303,1731
4304,1571
4305,2147
4306,1448
4307,1478
4308,1265
4309,1258
4310,2616
4311,1915
4312,1744
4313,1484
4314,2009
4315,2088
4316,1325
4317,1439
4318,1509
4319,5569
4320,4646
4321,4062
4322,1532
4323,1542
4324,2895
4325,2210
4326,2457
4327,1334
4328,2159
4329,1311
4330,2275
4331,4208
4332,1843
4333,1966
4334,1527
4335,1688
4336,1301
4337,1806
4338,1932
4339,1054
4340,3545
4341,1468
4342,1468
4343,1911
4344,1557
4345,1789
4346,1150
4347,1736
4348,1207
4349,1286
4350,3544
4351,1468
4352,1389
4353,1290
4354,1289
4355,1803
4356,4393
4357,4610
4358,1288
4359,1016
4360,3171
4361,1347
4362,1426
4363,1631
4364,1530
4365,1551
4366,1294
4367,1014
4368,1377
4369,1040
4370,1951
4371,1397
4372,1198
4373,1298
4374,1259
4375,2136
4376,1010
4377,1553
4378,961
4379,1061
4380,1896
4381,1614
4382,1132
4383,1087
4384,1395
4385,1291
4386,1135
4387,1099
4388,2334
4389,1185
4390,1737
4391,1576
4392,1090
4393,1049
4394,1012
4395,1238
4396,1079
4397,1061
4398,1439
4399,1427
4400,14203
4401,2762
4402,2111
4403,1742
4404,2063
4405,1627
4406,2379
4407,1699
4408,1334
4409,1490
4410,2186
4411,2198
4412,1501
4413,1295
4414,1871
4415,1552
4416,1267
4417,1217
4418,1141
4419,2321
4420,1918
4421,1460
4422,4764
4423,1566
4424,1415
4425,1705
4426,1246
4427,1103
4428,1027
4429,1453
4430,2238
4431,1281
4432,1251
4433,1475
4434,1251
4435,4152
4436,1052
4437,2065
4438,1700
4439,1280
4440,2026
4441,1547
4442,1414
4443,1790
4444,5660
4445,1616
4446,1324
4447,1357
4448,1379
4449,2093
4450,2569
4451,1244
4452,1463
4453,2167
4454,1235
4455,1777
4456,1076
4457,1438
4458,1271
4459,1041
4460,1628
4461,1267
4462,1465
4463,1257
4464,1597
4465,1594
4466,1270
4467,964
4468,1213
4469,1294
4470,1870
4471,1243
4472,1761
4473,1815
4474,1137
4475,1290
4476,958
4477,1466
4478,1035
4479,1075
4480,1726
4481,1178
4482,1312
4483,1156
4484,2410
4485,1353
4486,1210
4487,1080
4488,1441
4489,1291
4490,2073
4491,1926
4492,1067
4493,1097
4494,1100
4495,1234
4496,1133
4497,988
4498,1247
4499,1578
4500,56929
4501,2609
4502,1515
4503,1788
4504,1189
4505,2091
4506,3216
4507,1434
4508,1098
4509,1414
4510,2686
4511,2581
4512,1430
4513,1624
4514,1263
4515,1582
4516,1478
4517,1015
4518,980
4519,1069
4520,2109
4521,1362
4522,3848
4523,1262
4524,1126
4525,1611
4526,1130
4527,1252
4528,1204
4529,1122
4530,2250
4531,1517
4532,1183
4533,1275
4534,1156
4535,1249
4536,1318
4537,1410
4538,1178
4539,1258
4540,1685
4541,1340
4542,1055
4543,1224
4544,1239
4545,2330
4546,1221
4547,1509
4548,1496
4549,1014
4550,2780
4551,1412
4552,1175
4553,1180
4554,1301
4555,1794
4556,1046
4557,1480
4558,1316
4559,1301
4560,2116
4561,1174
4562,1850
4563,1079
4564,1147
4565,1805
4566,1266
4567,2764
4568,1162
4569,1345
4570,1542
4571,1574
4572,1310
4573,1042
4574,1082
4575,1488
4576,1347
4577,1151
4578,944
4579,1599
4580,2039
4581,1151
4582,1000
4583,2432
4584,1074
4585,1179
4586,1207
4587,988
4588,965
4589,985
4590,1731
4591,905
4592,1717
4593,1170
4594,1055
4595,1082
4596,1036
4597,1010
4598,2219
4599,1185
4600,13071
4601,2140
4602,1379
4603,1827
4604,1244
4605,1458
4606,1147
4607,1199
4608,2161
4609,1263
4610,2801
4611,1482
4612,1273
4613,1460
4614,1975
4615,1700
4616,1092
4617,1078
4618,1002
4619,961
4620,1961
4621,1192
4622,1479
4623,1413
4624,1258
4625,1660
4626,1198
4627,1242
4628,1198
4629,1036
4630,1712
4631,1492
4632,1504
4633,1236
4634,1758
4635,1300
4636,4115
4637,1466
4638,1039
4639,1342
4640,1646
4641,1340
4642,1638
4643,1062
4644,1163
4645,1270
4646,1678
4647,2221
4648,1318
4649,1458
4650,2585
4651,1228
4652,1429
4653,1261
4654,1057
4655,1459
4656,1152
4657,1076
4658,2616
4659,839
4660,1658
4661,1295
4662,1103
4663,1529
4664,999
4665,1246
4666,1465
4667,1217
4668,1056
4669,1096
4670,1367
4671,971
4672,1050
4673,4996
4674,1076
4675,1029
4676,1173
4677,1050
4678,988
4679,1466
4680,3683
4681,1279
4682,1333
4683,1035
4684,1827
4685,1198
4686,1262
4687,1365
4688,1119
4689,932
4690,2813
4691,1274
4692,1152
4693,1021
4694,1787
4695,1273
4696,1298
4697,1044
4698,961
4699,1024
4700,12806
4701,1646
4702,1200
4703,1537
4704,1261
4705,1390
4706,1149
4707,1289
4708,1150
4709,1173
4710,2128
4711,1962
4712,1309
4713,1804
4714,1639
4715,1782
4716,932
4717,1082
4718,1147
4719,1059
4720,2233
4721,1155
4722,1225
4723,1303
4724,1335
4725,1927
4726,1074
4727,1247
4728,1306
4729,1096
4730,1505
4731,1310
4732,1142
4733,1675
4734,954
4735,1284
4736,1294
4737,1119
4738,1024
4739,1074
4740,1227
4741,1211
4742,1227
4743,982
4744,1018
4745,1062
4746,1056
4747,2122
4748,1092
4749,1137
4750,3031
4751,1315
4752,1217
4753,1233
4754,1445
4755,1807
4756,1054
4757,1354
4758,2011
4759,1069
4760,1712
4761,1405
4762,1047
4763,898
4764,873
4765,1042
4766,1207
4767,974
4768,885
4769,1276
4770,1773
4771,1233
4772,1285
4773,1850
4774,1275
4775,1386
4776,911
4777,1552
4778,1016
4779,832
4780,1313
4781,1464
4782,1034
4783,1095
4784,859
4785,977
4786,1019
4787,1085
4788,946
4789,1123
4790,1332
4791,1821
4792,1035
4793,1177
4794,743
4795,952
4796,948
4797,1641
4798,1010
4799,1040
4800,21437
4801,2560
4802,1156
4803,1222
4804,1209
4805,1477
4806,1177
4807,1098
4808,1079
4809,1105
4810,1865
4811,1652
4812,1107
4813,954
4814,1172
4815,1123
4816,980
4817,1171
4818,1463
4819,5772
4820,1451
4821,1075
4822,1340
4823,1005
4824,1142
4825,1215
4826,1039
4827,2167
4828,1098
4829,883
4830,1322
4831,1173
4832,1402
4833,1487
4834,880
4835,1568
4836,1144
4837,1017
4838,1399
4839,975
4840,1724
4841,1168
4842,1022
4843,1018
4844,1134
4845,1162
4846,899
4847,853
4848,1495
4849,1272
4850,2753
4851,1088
4852,1698
4853,1263
4854,892
4855,1070
4856,988
4857,1102
4858,863
4859,1034
4860,1816
4861,1209
4862,1077
4863,956
4864,1257
4865,949
4866,968
4867,1147
4868,2919
4869,1106
4870,1493
4871,1011
4872,2066
4873,933
4874,903
4875,1201
4876,1980
4877,1213
4878,1235
4879,892
4880,1840
4881,958
4882,1439
4883,1012
4884,1236
4885,1129
4886,1163
4887,1622
4888,1192
4889,1949
4890,1139
4891,911
4892,1078
4893,819
4894,1040
4895,987
4896,814
4897,817
4898,971
4899,1250
4900,8037
4901,1908
4902,1118
4903,1102
4904,1009
4905,1422
4906,1376
4907,1044
4908,991
4909,1182
4910,1721
4911,1620
4912,1222
4913,1061
4914,1180
4915,1194
4916,995
4917,1055
4918,933
4919,1057
4920,1555
4921,1383
4922,1713
4923,932
4924,1005
4925,1174
4926,1030
4927,1123
4928,962
4929,968
4930,1415
4931,1032
4932,995
4933,1405
4934,1485
4935,900
4936,966
4937,1089
4938,775
4939,1633
4940,1569
4941,1205
4942,1011
4943,1078
4944,1248
4945,2433
4946,894
4947,1077
4948,1026
4949,1555
4950,2546
4951,1187
4952,1061
4953,1050
4954,933
4955,1565
4956,903
4957,922
4958,1222
4959,1273
4960,1590
4961,976
4962,930
4963,864
4964,800
4965,1070
4966,1106
4967,1179
4968,878
4969,932
4970,1748
4971,964
4972,957
4973,938
4974,970
4975,2848
4976,807
4977,1082
4978,854
4979,923
4980,1540
4981,782
4982,1028
4983,1508
4984,948
4985,1094
4986,931
4987,959
4988,799
4989,1334
4990,1801
4991,1392
4992,1028
4993,1303
4994,1104
4995,1509
4996,1024
4997,1212
4998,1065
4999,2651
5000,413746
5001,5761
5002,2792
5003,2372
5004,1984
5005,3104
5006,1743
5007,2342
5008,1873
5009,1587
5010,4207
5011,2026
5012,1582
5013,1960
5014,1940
5015,2149
5016,1252
5017,1526
5018,1340
5019,1132
5020,3045
5021,1588
5022,1551
5023,1580
5024,1272
5025,1650
5026,1378
5027,1425
5028,994
5029,1152
5030,2625
5031,1301
5032,1214
5033,1608
5034,1231
5035,1427
5036,1095
5037,1269
5038,1084
5039,1041
5040,3217
5041,1213
5042,1092
5043,994
5044,1201
5045,1292
5046,1146
5047,1227
5048,1124
5049,1132
5050,6398
5051,1534
5052,2691
5053,1976
5054,1165
5055,2196
5056,1532
5057,1246
5058,1030
5059,1011
5060,2869
5061,1773
5062,1144
5063,1042
5064,1143
5065,1303
5066,1738
5067,1818
5068,1051
5069,1702
5070,2272
5071,1122
5072,1496
5073,1049
5074,1165
5075,1446
5076,975
5077,1019
5078,1046
5079,1078
5080,1763
5081,1036
5082,1106
5083,1880
5084,914
5085,2062
5086,1129
5087,1025
5088,1232
5089,1039
5090,1831
5091,964
5092,758
5093,1018
5094,1145
5095,1266
5096,1154
5097,839
5098,830
5099,1233
5100,11781
5101,2439
5102,1752
5103,1732
5104,1545
5105,1726
5106,1318
5107,1688
5108,1472
5109,1161
5110,2816
5111,2246
5112,1653
5113,1448
5114,1686
5115,1578
5116,1811
5117,1266
5118,1240
5119,1288
5120,3278
5121,2122
5122,1716
5123,1438
5124,1382
5125,1760
5126,1338
5127,1050
5128,1729
5129,1080
5130,1737
5131,1734
5132,1330
5133,1098
5134,1082
5135,1194
5136,903
5137,1131
5138,1179
5139,1270
5140,1780
5141,1332
5142,1042
5143,1066
5144,1015
5145,1523
5146,977
5147,1057
5148,1076
5149,1080
5150,5508
5151,2008
5152,1432
5153,1290
5154,980
5155,1401
5156,1096
5157,972
5158,951
5159,862
5160,2301
5161,1319
5162,967
5163,1036
5164,961
5165,1222
5166,1223
5167,1182
5168,858
5169,1069
5170,1466
5171,1441
5172,1740
5173,1240
5174,881
5175,1157
5176,1139
5177,1036
5178,922
5179,1005
5180,1504
5181,1061
5182,1110
5183,1144
5184,1415
5185,1035
5186,1041
5187,949
5188,1180
5189,1135
5190,1422
5191,1176
5192,975
5193,2620
5194,25853
5195,1813
5196,934
5197,1002
5198,1236
5199,1379
5200,15254
5201,1964
5202,1450
5203,1141
5204,1728
5205,1541
5206,1509
5207,1289
5208,1058
5209,1249
5210,2891
5211,1603
5212,1319
5213,1376
5214,1439
5215,1245
5216,1408
5217,2410
5218,1340
5219,1018
5220,2402
5221,1306
5222,1591
5223,1719
5224,1080
5225,1809
5226,1061
5227,1362
5228,1115
5229,989
5230,1573
5231,1246
5232,1093
5233,1276
5234,1074
5235,1266
5236,1309
5237,1166
5238,1064
5239,1020
5240,1589
5241,1111
5242,1120
5243,1153
5244,917
5245,1485
5246,1155
5247,1194
5248,1190
5249,1108
5250,4145
5251,1313
5252,1953
5253,1418
5254,1077
5255,1459
5256,1040
5257,1210
5258,1054
5259,1395
5260,1484
5261,1547
5262,1042
5263,1184
5264,895
5265,913
5266,1729
5267,1381
5268,994
5269,1090
5270,1431
5271,1638
5272,1175
5273,1353
5274,1534
5275,1265
5276,952
5277,996
5278,1063
5279,859
5280,4927
5281,2970
5282,934
5283,1389
5284,1126
5285,1226
5286,1660
5287,934
5288,1108
5289,902
5290,1209
5291,1187
5292,1051
5293,1176
5294,1058
5295,852
5296,989
5297,1438
5298,881
5299,1198
5300,11643
5301,2624
5302,1841
5303,1514
5304,1466
5305,1787
5306,1865
5307,1635
5308,1119
5309,1679
5310,2413
5311,1814
5312,1563
5313,1394
5314,1188
5315,1260
5316,1373
5317,1237
5318,1226
5319,1074
5320,2268
5321,2128
5322,1671
5323,1726
5324,1246
5325,1710
5326,1270
5327,1158
5328,1338
5329,1949
5330,1742
5331,1703
5332,1191
5333,1743
5334,2098
5335,1251
5336,1035
5337,1149
5338,1343
5339,1150
5340,1769
5341,1315
5342,910
5343,1084
5344,1207
5345,1167
5346,1077
5347,3271
5348,1190
5349,1113
5350,2210
5351,1317
5352,1151
5353,1388
5354,1126
5355,1286
5356,1443
5357,1077
5358,1040
5359,1015
5360,1415
5361,1148
5362,1225
5363,1183
5364,1127
5365,1061
5366,1227
5367,1064
5368,1176
5369,962
5370,1557
5371,1212
5372,986
5373,2220
5374,1209
5375,1118
5376,1025
5377,1272
5378,1152
5379,925
5380,1743
5381,2445
5382,1153
5383,1203
5384,825
5385,1102
5386,959
5387,865
5388,907
5389,1117
5390,1170
5391,1438
5392,1071
5393,984
5394,1081
5395,1297
5396,909
5397,911
5398,1166
5399,1045
5400,14183
5401,2278
5402,1816
5403,1669
5404,1181
5405,2015
5406,1718
5407,1111
5408,1238
5409,987
5410,1760
5411,1566
5412,1187
5413,1096
5414,1340
5415,4305
5416,1176
5417,842
5418,1236
5419,1014
5420,1555
5421,1137
5422,1654
5423,1158
5424,1204
5425,1331
5426,1142
5427,978
5428,1295
5429,1076
5430,1794
5431,1019
5432,1664
5433,1385
5434,810
5435,1163
5436,979
5437,1855
5438,930
5439,1501
5440,1711
5441,1234
5442,1264
5443,1060
5444,1220
5445,1328
5446,1220
5447,940
5448,1107
5449,982
5450,2161
5451,1095
5452,1028
5453,1191
5454,1796
5455,1593
5456,1136
5457,986
5458,1140
5459,994
5460,1484
5461,2225
5462,980
5463,1769
5464,1029
5465,2344
5466,1102
5467,1258
5468,996
5469,752
5470,1259
5471,2209
5472,13999
5473,851
5474,1118
5475,1129
5476,1008
5477,1018
5478,844
5479,1157
5480,1343
5481,939
5482,969
5483,1268
5484,877
5485,1005
5486,1047
5487,1022
5488,1173
5489,1055
5490,1254
5491,2264
5492,1026
5493,934
5494,1060
5495,903
5496,870
5497,887
5498,1649
5499,1153
5500,36822
5501,2116
5502,1287
5503,1256
5504,1087
5505,1620
5506,1359
5507,1553
5508,1571
5509,1444
5510,1970
5511,1761
5512,1534
5513,1336
5514,1160
5515,1474
5516,1158
5517,1126
5518,963
5519,1000
5520,2024
5521,1564
5522,1282
5523,1023
5524,1115
5525,1570
5526,969
5527,1073
5528,979
5529,1038
5530,1526
5531,1060
5532,1248
5533,1598
5534,1739
5535,1299
5536,1020
5537,1383
5538,973
5539,1636
5540,1432
5541,1003
5542,859
5543,1080
5544,1324
5545,1363
5546,819
5547,1161
5548,1473
5549,910
5550,2349
5551,1581
5552,1152
5553,997
5554,1161
5555,5419
5556,1446
5557,1216
5558,1139
5559,1021
5560,1554
5561,1155
5562,969
5563,925
5564,1297
5565,1696
5566,1278
5567,1003
5568,1245
5569,945
5570,1352
5571,941
5572,990
5573,1026
5574,937
5575,1054
5576,1097
5577,1074
5578,1552
5579,792
5580,1375
5581,968
5582,1128
5583,967
5584,1170
5585,1189
5586,1001
5587,891
5588,1447
5589,887
5590,1450
5591,1063
5592,936
5593,875
5594,883
5595,1106
5596,899
5597,1076
5598,955
5599,1097
5600,12992
5601,1660
5602,1015
5603,1234
5604,1105
5605,1084
5606,1232
5607,1018
5608,897
5609,1030
5610,1720
5611,1191
5612,962
5613,881
5614,1065
5615,1026
5616,1076
5617,799
5618,1319
5619,965
5620,1473
5621,1074
5622,973
5623,1092
5624,1010
5625,2329
5626,1171
5627,1193
5628,913
5629,1061
5630,1431
5631,1015
5632,1180
5633,988
5634,1187
5635,1157
5636,1006
5637,2186
5638,969
5639,1015
5640,1303
5641,1038
5642,1011
5643,1140
5644,1035
5645,965
5646,2170
5647,917
5648,1061
5649,868
5650,4037
5651,1491
5652,1167
5653,971
5654,910
5655,1117
5656,1290
5657,1244
5658,1126
5659,1139
5660,1695
5661,1220
5662,960
5663,1199
5664,1305
5665,1686
5666,1143
5667,1113
5668,937
5669,965
5670,2172
5671,1166
5672,1260
5673,983
5674,1055
5675,1137
5676,1615
5677,1036
5678,2820
5679,984
5680,1176
5681,965
5682,899
5683,966
5684,884
5685,988
5686,880
5687,1327
5688,1326
5689,1026
5690,1118
5691,1095
5692,920
5693,839
5694,1250
5695,2253
5696,928
5697,857
5698,1018
5699,1499
5700,10541
5701,3617
5702,1500
5703,1679
5704,1059
5705,1388
5706,929
5707,1107
5708,1468
5709,1064
5710,1556
5711,1502
5712,1324
5713,1400
5714,1100
5715,1231
5716,859
5717,1083
5718,1053
5719,913
5720,1702
5721,1243
5722,1291
5723,1581
5724,1017
5725,1452
5726,853
5727,2067
5728,1977
5729,974
5730,2934
5731,1038
5732,1212
5733,1333
5734,1617
5735,1215
5736,1075
5737,1409
5738,813
5739,945
5740,1460
5741,1455
5742,1057
5743,930
5744,958
5745,940
5746,1135
5747,984
5748,1291
5749,1176
5750,2624
5751,3473
5752,1127
5753,1156
5754,1524
5755,1403
5756,1169
5757,1703
5758,1345
5759,1396
5760,2878
5761,1739
5762,1883
5763,1574
5764,1534
5765,2095
5766,1499
5767,1645
5768,3179
5769,1569
5770,2110
5771,1945
5772,2762
5773,2007
5774,1978
5775,2113
5776,1780
5777,2361
5778,2554
5779,1289
5780,1912
5781,1184
5782,1211
5783,864
5784,931
5785,832
5786,766
5787,741
5788,781
5789,1177
5790,1212
5791,856
5792,1082
5793,5190
5794,676
5795,927
5796,772
5797,837
5798,725
5799,857
5800,10494
5801,2408
5802,1125
5803,957
5804,1020
5805,1060
5806,1095
5807,1650
5808,1183
5809,977
5810,1630
5811,1187
5812,1539
5813,919
5814,950
5815,918
5816,873
5817,869
5818,926
5819,826
5820,1418
5821,900
5822,2368
5823,966
5824,980
5825,909
5826,1008
5827,1017
5828,892
5829,1041
5830,1306
5831,819
5832,1069
5833,1303
5834,930
5835,971
5836,671
5837,1190
5838,723
5839,1484
5840,1702
5841,1031
5842,892
5843,820
5844,790
5845,1100
5846,1196
5847,882
5848,883
5849,2234
5850,1997
5851,853
5852,840
5853,926
5854,764
5855,906
5856,909
5857,929
5858,1387
5859,925
5860,1323
5861,917
5862,740
5863,728
5864,1026
5865,899
5866,1373
5867,998
5868,2569
5869,777
5870,1442
5871,846
5872,693
5873,796
5874,814
5875,1120
5876,2087
5877,1180
5878,792
5879,933
5880,1433
5881,1027
5882,842
5883,977
5884,993
5885,1239
5886,779
5887,854
5888,1361
5889,776
5890,1869
5891,777
5892,933
5893,882
5894,814
5895,1316
5896,725
5897,2173
5898,942
5899,799
5900,6104
5901,1545
5902,915
5903,1002
5904,937
5905,1243
5906,884
5907,1230
5908,2436
5909,877
5910,1487
5911,1129
5912,811
5913,725
5914,919
5915,959
5916,949
5917,864
5918,914
5919,839
5920,1137
5921,807
5922,898
5923,1128
5924,848
5925,1060
5926,839
5927,875
5928,867
5929,754
5930,1664
5931,1134
5932,797
5933,828
5934,823
5935,1025
5936,745
5937,1177
5938,656
5939,828
5940,1355
5941,854
5942,753
5943,736
5944,969
5945,793
5946,772
5947,731
5948,666
5949,987
5950,1863
5951,1264
5952,894
5953,864
5954,794
5955,1403
5956,1007
5957,759
5958,1099
5959,1226
5960,1442
5961,887
5962,1097
5963,931
5964,979
5965,1011
5966,1021
5967,901
5968,701
5969,810
5970,1362
5971,845
5972,743
5973,1285
5974,738
5975,1242
5976,843
5977,855
5978,1146
5979,1034
5980,1296
5981,877
5982,746
5983,818
5984,828
5985,873
5986,717
5987,839
5988,797
5989,739
5990,2030
5991,921
5992,1018
5993,943
5994,1000
5995,1211
5996,970
5997,825
5998,938
5999,1405
6000,189517
6001,4231
6002,2720
6003,1693
6004,1668
6005,1591
6006,1633
6007,1261
6008,1624
6009,1664
6010,3541
6011,2271
6012,1588
6013,2297
6014,1163
6015,1865
6016,1221
6017,1058
6018,1252
6019,918
6020,2450
6021,1931
6022,1243
6023,977
6024,1070
6025,1423
6026,972
6027,1025
6028,1172
6029,830
6030,1993
6031,1131
6032,1022
6033,1069
6034,887
6035,1078
6036,916
6037,909
6038,889
6039,832
6040,1797
6041,1127
6042,940
6043,840
6044,953
6045,1050
6046,887
6047,912
6048,1033
6049,1115
6050,3038
6051,1237
6052,1176
6053,935
6054,900
6055,1586
6056,1019
6057,794
6058,818
6059,860
6060,2570
6061,7871
6062,1226
6063,2574
6064,844
6065,986
6066,1214
6067,1092
6068,1031
6069,909
6070,1709
6071,868
6072,804
6073,898
6074,823
6075,1174
6076,1051
6077,932
6078,809
6079,824
6080,1795
6081,819
6082,1318
6083,954
6084,1438
6085,914
6086,1244
6087,822
6088,847
6089,770
6090,1705
6091,1027
6092,857
6093,987
6094,811
6095,901
6096,992
6097,919
6098,753
6099,1033
6100,8630
6101,2530
6102,2601
6103,1774
6104,1100
6105,2065
6106,1352
6107,1182
6108,1652
6109,2010
6110,2236
6111,2209
6112,1164
6113,1162
6114,1115
6115,1356
6116,1031
6117,916
6118,1018
6119,950
6120,2179
6121,1430
6122,1160
6123,2005
6124,1297
6125,1266
6126,1306
6127,1022
6128,1348
6129,821
6130,1945
6131,1269
6132,1531
6133,1046
6134,753
6135,977
6136,1028
6137,851
6138,958
6139,1109
6140,1396
6141,1042
6142,835
6143,1777
6144,1410
6145,991
6146,1035
6147,1233
6148,1440
6149,710
6150,2822
6151,1129
6152,927
6153,952
6154,892
6155,941
6156,861
6157,932
6158,764
6159,747
6160,1423
6161,1485
6162,1191
6163,1104
6164,1067
6165,907
6166,1571
6167,858
6168,731
6169,800
6170,1192
6171,1015
6172,907
6173,865
6174,1182
6175,957
6176,997
6177,891
6178,815
6179,731
6180,1639
6181,1186
6182,864
6183,796
6184,1116
6185,994
6186,796
6187,658
6188,1235
6189,837
6190,1045
6191,860
6192,788
6193,860
6194,770
6195,945
6196,1008
6197,669
6198,798
6199,1368
6200,9796
6201,1853
6202,2108
6203,2075
6204,1098
6205,1531
6206,1409
6207,1874
6208,884
6209,938
6210,2277
6211,1195
6212,1123
6213,1061
6214,995
6215,2370
6216,986
6217,1124
6218,844
6219,714
6220,2185
6221,1508
6222,1456
6223,1256
6224,947
6225,1171
6226,1237
6227,972
6228,872
6229,934
6230,1889
6231,1285
6232,1180
6233,1055
6234,908
6235,1178
6236,1070
6237,1950
6238,1058
6239,1176
6240,2164
6241,1136
6242,1216
6243,821
6244,899
6245,1102
6246,844
6247,870
6248,881
6249,815
6250,3376
6251,1822
6252,1612
6253,831
6254,1124
6255,1036
6256,1219
6257,1052
6258,1028
6259,906
6260,1161
6261,1463
6262,1340
6263,1164
6264,1523
6265,1229
6266,934
6267,765
6268,811
6269,1146
6270,1239
6271,913
6272,1073
6273,4928
6274,921
6275,1120
6276,707
6277,1007
6278,938
6279,875
6280,1165
6281,859
6282,864
6283,788
6284,783
6285,1343
6286,716
6287,904
6288,1046
6289,746
6290,891
6291,998
6292,674
6293,699
6294,851
6295,958
6296,1172
6297,738
6298,835
6299,1201
6300,9338
6301,2174
6302,1607
6303,1158
6304,1066
6305,1216
6306,944
6307,824
6308,894
6309,1050
6310,1814
6311,1331
6312,1021
6313,998
6314,908
6315,996
6316,1248
6317,887
6318,817
6319,821
6320,1505
6321,1317
6322,1009
6323,1280
6324,1085
6325,1239
6326,886
6327,961
6328,1128
6329,942
6330,1643
6331,1194
6332,1301
6333,1589
6334,1386
6335,994
6336,1494
6337,991
6338,819
6339,909
6340,1313
6341,899
6342,858
6343,876
6344,880
6345,1073
6346,854
6347,876
6348,995
6349,862
6350,1966
6351,1126
6352,972
6353,886
6354,770
6355,1004
6356,890
6357,1349
6358,753
6359,717
6360,1207
6361,2876
6362,1144
6363,1850
6364,957
6365,817
6366,1011
6367,1093
6368,784
6369,816
6370,1187
6371,1460
6372,878
6373,827
6374,1169
6375,1001
6376,817
6377,1053
6378,1438
6379,1420
6380,1384
6381,827
6382,1031
6383,876
6384,837
6385,891
6386,902
6387,825
6388,890
6389,651
6390,1306
6391,803
6392,863
6393,900
6394,755
6395,902
6396,648
6397,1174
6398,785
6399,859
6400,16489
6401,1649
6402,1616
6403,1020
6404,986
6405,1648
6406,864
6407,913
6408,883
6409,1418
6410,1957
6411,1309
6412,845
6413,795
6414,892
6415,876
6416,904
6417,741
6418,816
6419,1007
6420,1805
6421,897
6422,887
6423,802
6424,827
6425,1446
6426,998
6427,781
6428,870
6429,906
6430,1126
6431,886
6432,777
6433,989
6434,827
6435,907
6436,720
6437,828
6438,1271
6439,680
6440,1302
6441,914
6442,766
6443,908
6444,1091
6445,1000
6446,1097
6447,644
6448,957
6449,615
6450,2306
6451,827
6452,714
6453,1041
6454,1416
6455,983
6456,745
6457,815
6458,1068
6459,834
6460,1229
6461,815
6462,655
6463,868
6464,1167
6465,1176
6466,1182
6467,672
6468,834
6469,942
6470,1104
6471,917
6472,911
6473,721
6474,765
6475,1704
6476,655
6477,773
6478,674
6479,709
6480,1524
6481,776
6482,808
6483,1027
6484,800
6485,648
6486,787
6487,752
6488,817
6489,808
6490,1034
6491,713
6492,656
6493,738
6494,1517
6495,776
6496,796
6497,886
6498,686
6499,744
6500,31916
6501,2303
6502,12117
6503,1268
6504,988
6505,1300
6506,973
6507,1093
6508,1003
6509,975
6510,2419
6511,1672
6512,948
6513,1085
6514,905
6515,1034
6516,955
6517,761
6518,889
6519,873
6520,2750
6521,813
6522,1141
6523,1233
6524,851
6525,1073
6526,821
6527,850
6528,730
6529,816
6530,1591
6531,1069
6532,1093
6533,812
6534,1251
6535,1325
6536,883
6537,857
6538,1418
6539,710
6540,1527
6541,914
6542,866
6543,1321
6544,811
6545,904
6546,583
6547,772
6548,755
6549,676
6550,2060
6551,912
6552,904
6553,1092
6554,806
6555,1167
6556,861
6557,688
6558,571
6559,809
6560,1417
6561,1214
6562,894
6563,905
6564,756
6565,1177
6566,1113
6567,792
6568,886
6569,818
6570,1478
6571,648
6572,750
6573,718
6574,859
6575,798
6576,1176
6577,734
6578,815
6579,725
6580,1146
6581,909
6582,770
6583,1042
6584,990
6585,854
6586,601
6587,755
6588,1181
6589,609
6590,804
6591,763
6592,680
6593,679
6594,753
6595,893
6596,1078
6597,548
6598,625
6599,753
6600,10286
6601,1180
6602,886
6603,992
6604,791
6605,916
6606,1114
6607,740
6608,683
6609,689
6610,1565
6611,1681
6612,851
6613,1366
6614,811
6615,850
6616,745
6617,745
6618,761
6619,676
6620,1384
6621,840
6622,1102
6623,684
6624,826
6625,911
6626,760
6627,750
6628,631
6629,638
6630,1116
6631,793
6632,4008
6633,1501
6634,663
6635,776
6636,911
6637,795
6638,713
6639,643
6640,1498
6641,785
6642,851
6643,968
6644,781
6645,1147
6646,837
6647,700
6648,680
6649,728
6650,1473
6651,1052
6652,752
6653,736
6654,637
6655,945
6656,961
6657,1019
6658,723
6659,703
6660,1219
6661,815
6662,1548
6663,1091
6664,900
6665,980
6666,3149
6667,2243
6668,840
6669,818
6670,1094
6671,987
6672,1359
6673,1048
6674,664
6675,771
6676,1216
6677,859
6678,772
6679,587
6680,1524
6681,715
6682,704
6683,639
6684,951
6685,648
6686,874
6687,689
6688,877
6689,640
6690,892
6691,756
6692,633
6693,568
6694,801
6695,788
6696,798
6697,816
6698,843
6699,913
6700,7574
6701,1699
6702,873
6703,686
6704,737
6705,878
6706,704
6707,916
6708,949
6709,782
6710,1058
6711,868
6712,1275
6713,860
6714,673
6715,932
6716,852
6717,816
6718,726
6719,721
6720,1640
6721,773
6722,976
6723,1041
6724,884
6725,925
6726,839
6727,958
6728,689
6729,904
6730,941
6731,890
6732,665
6733,773
6734,823
6735,962
6736,35701
6737,683
6738,755
6739,632
6740,964
6741,670
6742,1424
6743,754
6744,949
6745,848
6746,603
6747,712
6748,796
6749,1529
6750,2605
6751,1349
6752,1089
6753,671
6754,636
6755,896
6756,583
6757,1016
6758,732
6759,557
6760,978
6761,611
6762,721
6763,768
6764,541
6765,1193
6766,716
6767,1059
6768,812
6769,1007
6770,1205
6771,771
6772,818
6773,1725
6774,664
6775,747
6776,854
6777,1667
6778,709
6779,758
6780,1113
6781,791
6782,815
6783,644
6784,680
6785,986
6786,639
6787,781
6788,621
6789,1837
6790,992
6791,995
6792,656
6793,745
6794,530
6795,657
6796,666
6797,712
6798,614
6799,734
6800,10861
6801,1333
6802,840
6803,3164
6804,784
6805,1031
6806,742
6807,868
6808,874
6809,1876
6810,1308
6811,1040
6812,673
6813,730
6814,1016
6815,881
6816,660
6817,637
6818,792
6819,885
6820,1489
6821,711
6822,2808
6823,1151
6824,768
6825,979
6826,994
6827,640
6828,618
6829,732
6830,1009
6831,1019
6832,762
6833,801
6834,1259
6835,767
6836,659
6837,760
6838,790
6839,535
6840,1129
6841,832
6842,840
6843,642
6844,664
6845,1106
6846,699
6847,818
6848,752
6849,536
6850,1498
6851,2130
6852,663
6853,821
6854,1111
6855,897
6856,659
6857,603
6858,711
6859,679
6860,903
6861,708
6862,586
6863,556
6864,858
6865,716
6866,853
6867,563
6868,1832
6869,796
6870,1092
6871,1248
6872,1264
6873,697
6874,798
6875,1528
6876,747
6877,821
6878,724
6879,1340
6880,1378
6881,1068
6882,1803
6883,755
6884,862
6885,1260
6886,679
6887,758
6888,1400
6889,638
6890,1938
6891,874
6892,857
6893,694
6894,647
6895,658
6896,662
6897,899
6898,625
6899,728
6900,4818
6901,1345
6902,859
6903,793
6904,797
6905,777
6906,802
6907,751
6908,590
6909,1066
6910,1182
6911,1055
6912,918
6913,742
6914,724
6915,1372
6916,786
6917,892
6918,942
6919,701
6920,1736
6921,761
6922,983
6923,791
6924,1357
6925,914
6926,632
6927,634
6928,672
6929,849
6930,1033
6931,669
6932,605
6933,692
6934,874
6935,749
6936,740
6937,821
6938,699
6939,1260
6940,980
6941,1959
6942,692
6943,573
6944,853
6945,676
6946,1825
6947,1217
6948,568
6949,724
6950,1375
6951,796
6952,619
6953,549
6954,763
6955,863
6956,617
6957,648
6958,656
6959,806
6960,1474
6961,740
6962,848
6963,3836
6964,639
6965,671
6966,550
6967,535
6968,2990
6969,950
6970,1112
6971,791
6972,867
6973,715
6974,746
6975,976
6976,1883
6977,706
6978,701
6979,995
6980,1158
6981,1168
6982,735
6983,812
6984,765
6985,717
6986,626
6987,617
6988,943
6989,1265
6990,1194
6991,712
6992,955
6993,713
6994,631
6995,1203
6996,922
6997,698
6998,814
6999,1380
7000,121651
7001,3388
7002,2570
7003,1579
7004,2121
7005,1592
7006,3387
7007,3102
7008,1273
7009,1439
7010,3022
7011,1824
7012,1902
7013,1049
7014,1155
7015,2828
7016,905
7017,1533
7018,1899
7019,939
7020,2466
7021,1484
7022,1320
7023,1275
7024,1046
7025,1181
7026,822
7027,1312
7028,1093
7029,1070
7030,2246
7031,981
7032,809
7033,910
7034,1393
7035,1104
7036,1259
7037,1723
7038,715
7039,706
7040,1514
7041,916
7042,984
7043,1147
7044,1680
7045,732
7046,757
7047,743
7048,697
7049,926
7050,2230
7051,809
7052,1023
7053,876
7054,952
7055,1032
7056,880
7057,913
7058,864
7059,933
7060,1466
7061,1251
7062,858
7063,875
7064,811
7065,1026
7066,895
7067,665
7068,803
7069,1116
7070,2458
7071,1680
7072,930
7073,768
7074,1162
7075,4879
7076,914
7077,1189
7078,1038
7079,952
7080,1673
7081,924
7082,1860
7083,1294
7084,795
7085,1166
7086,772
7087,589
7088,708
7089,834
7090,2919
7091,1103
7092,808
7093,715
7094,1831
7095,768
7096,791
7097,679
7098,607
7099,1207
7100,7273
7101,1495
7102,1747
7103,1261
7104,903
7105,970
7106,1333
7107,926
7108,948
7109,1299
7110,2664
7111,1704
7112,1048
7113,966
7114,993
7115,844
7116,676
7117,1092
7118,783
7119,1184
7120,2914
7121,1272
7122,1003
7123,1142
7124,963
7125,1434
7126,1363
7127,706
7128,847
7129,898
7130,1410
7131,952
7132,741
7133,907
7134,1575
7135,1078
7136,1263
7137,886
7138,759
7139,1261
7140,1120
7141,1350
7142,847
7143,861
7144,687
7145,1029
7146,1851
7147,559
7148,1135
7149,651
7150,5198
7151,988
7152,921
7153,1362
7154,787
7155,1034
7156,1301
7157,650
7158,836
7159,704
7160,1676
7161,1259
7162,784
7163,2422
7164,1375
7165,1040
7166,985
7167,2033
7168,800
7169,727
7170,987
7171,1432
7172,957
7173,721
7174,907
7175,982
7176,1479
7177,1003
7178,816
7179,655
7180,1128
7181,1166
7182,912
7183,1003
7184,800
7185,1125
7186,837
7187,649
7188,1334
7189,1045
7190,2271
7191,1344
7192,839
7193,857
7194,726
7195,1349
7196,1051
7197,775
7198,663
7199,784
7200,15357
7201,1920
7202,1144
7203,1713
7204,936
7205,1164
7206,1231
7207,1350
7208,1032
7209,861
7210,1207
7211,1093
7212,1043
7213,956
7214,930
7215,1010
7216,1621
7217,754
7218,953
7219,1047
7220,1245
7221,978
7222,1074
7223,1068
7224,808
7225,1142
7226,982
7227,1159
7228,821
7229,817
7230,1205
7231,967
7232,998
7233,3919
7234,1189
7235,957
7236,756
7237,933
7238,780
7239,767
7240,1518
7241,1127
7242,979
7243,1273
7244,1094
7245,1358
7246,1010
7247,993
7248,1140
7249,749
7250,2109
7251,1613
7252,1081
7253,720
7254,870
7255,804
7256,1897
7257,696
7258,1252
7259,4204
7260,1203
7261,740
7262,1090
7263,838
7264,818
7265,908
7266,785
7267,824
7268,632
7269,747
7270,1140
7271,775
7272,1309
7273,1353
7274,880
7275,1514
7276,802
7277,1534
7278,918
7279,881
7280,1224
7281,911
7282,746
7283,987
7284,811
7285,775
7286,662
7287,976
7288,998
7289,1585
7290,1121
7291,1078
7292,1262
7293,1152
7294,695
7295,702
7296,606
7297,828
7298,741
7299,736
7300,8549
7301,1238
7302,1027
7303,1101
7304,958
7305,1092
7306,846
7307,855
7308,898
7309,661
7310,1139
7311,1203
7312,865
7313,841
7314,1624
7315,959
7316,880
7317,883
7318,1067
7319,1063
7320,1520
7321,1151
7322,1066
7323,1148
7324,793
7325,1461
7326,7455
7327,720
7328,710
7329,736
7330,1178
7331,1338
7332,862
7333,1535
7334,1055
7335,922
7336,885
7337,1160
7338,695
7339,766
7340,1577
7341,785
7342,747
7343,806
7344,762
7345,909
7346,705
7347,937
7348,1042
7349,639
7350,1530
7351,1010
7352,746
7353,891
7354,682
7355,969
7356,831
7357,715
7358,991
7359,677
7360,1489
7361,689
7362,783
7363,996
7364,921
7365,781
7366,854
7367,893
7368,816
7369,870
7370,1233
7371,714
7372,874
7373,1216
7374,954
7375,894
7376,685
7377,947
7378,1765
7379,801
7380,1026
7381,867
7382,1053
7383,749
7384,754
7385,1424
7386,1444
7387,1101
7388,986
7389,736
7390,913
7391,1412
7392,682
7393,639
7394,629
7395,643
7396,748
7397,721
7398,691
7399,700
7400,7054
7401,1440
7402,2208
7403,1050
7404,1368
7405,1217
7406,716
7407,1124
7408,1366
7409,955
7410,1692
7411,1229
7412,1095
7413,940
7414,1679
7415,953
7416,687
7417,959
7418,717
7419,710
7420,1375
7421,969
7422,861
7423,752
7424,922
7425,2260
7426,752
7427,833
7428,539
7429,960
7430,1236
7431,816
7432,2235
7433,945
7434,872
7435,1441
7436,649
7437,721
7438,653
7439,1101
7440,1782
7441,1218
7442,690
7443,859
7444,1001
7445,1090
7446,791
7447,1346
7448,1084
7449,745
7450,1528
7451,772
7452,633
7453,962
7454,962
7455,871
7456,1559
7457,646
7458,1138
7459,765
7460,944
7461,685
7462,601
7463,857
7464,604
7465,790
7466,665
7467,689
7468,720
7469,909
7470,1003
7471,794
7472,794
7473,711
7474,1125
7475,1663
7476,816
7477,807
7478,750
7479,698
7480,961
7481,869
7482,668
7483,705
7484,966
7485,685
7486,1623
7487,719
7488,786
7489,1035
7490,1103
7491,1144
7492,811
7493,740
7494,772
7495,824
7496,571
7497,627
7498,1181
7499,960
7500,39278
7501,1491
7502,792
7503,1204
7504,785
7505,1037
7506,1823
7507,803
7508,687
7509,1745
7510,1373
7511,1065
7512,841
7513,826
7514,777
7515,1224
7516,958
7517,859
7518,791
7519,1493
7520,2262
7521,1028
7522,820
7523,675
7524,1624
7525,2494
7526,893
7527,684
7528,817
7529,859
7530,988
7531,777
7532,726
7533,892
7534,782
7535,1127
7536,557
7537,1293
7538,1007
7539,734
7540,1102
7541,1141
7542,786
7543,1131
7544,612
7545,798
7546,2656
7547,1062
7548,658
7549,689
7550,1698
7551,1088
7552,745
7553,852
7554,3799
7555,1413
7556,995
7557,1289
7558,761
7559,764
7560,979
7561,682
7562,673
7563,750
7564,559
7565,724
7566,1014
7567,731
7568,623
7569,637
7570,964
7571,701
7572,548
7573,510
7574,614
7575,1443
7576,732
7577,733
7578,691
7579,620
7580,1706
7581,639
7582,728
7583,646
7584,552
7585,1265
7586,686
7587,973
7588,629
7589,928
7590,1023
7591,1090
7592,465
7593,726
7594,593
7595,695
7596,543
7597,524
7598,794
7599,921
7600,8619
7601,1112
7602,1006
7603,1942
7604,837
7605,664
7606,1776
7607,1261
7608,819
7609,710
7610,3424
7611,1233
7612,747
7613,3338
7614,1032
7615,753
7616,761
7617,763
7618,1023
7619,1378
7620,1211
7621,821
7622,738
7623,969
7624,982
7625,1366
7626,745
7627,875
7628,813
7629,639
7630,1155
7631,689
7632,3906
7633,743
7634,1159
7635,854
7636,866
7637,1078
7638,695
7639,587
7640,876
7641,996
7642,551
7643,1344
7644,627
7645,1189
7646,678
7647,713
7648,904
7649,562
7650,1796
7651,677
7652,1305
7653,740
7654,892
7655,612
7656,1226
7657,774
7658,946
7659,607
7660,996
7661,1367
7662,689
7663,691
7664,689
7665,631
7666,917
7667,892
7668,676
7669,1055
7670,701
7671,1545
7672,583
7673,617
7674,616
7675,627
7676,972
7677,776
7678,683
7679,933
7680,1847
7681,804
7682,683
7683,694
7684,491
7685,567
7686,647
7687,1205
7688,769
7689,594
7690,738
7691,613
7692,1299
7693,565
7694,472
7695,796
7696,784
7697,647
7698,513
7699,570
7700,8798
7701,2849
7702,1639
7703,839
7704,844
7705,753
7706,562
7707,730
7708,584
7709,675
7710,2104
7711,1116
7712,751
7713,813
7714,1002
7715,844
7716,595
7717,2374
7718,561
7719,562
7720,968
7721,2973
7722,1054
7723,653
7724,837
7725,814
7726,867
7727,854
7728,669
7729,788
7730,1186
7731,651
7732,812
7733,802
7734,4678
7735,1796
7736,807
7737,1091
7738,587
7739,556
7740,1001
7741,679
7742,825
7743,883
7744,782
7745,744
7746,741
7747,643
7748,1325
7749,656
7750,2050
7751,559
7752,660
7753,837
7754,541
7755,973
7756,495
7757,982
7758,652
7759,981
7760,877
7761,568
7762,720
7763,705
7764,675
7765,779
7766,845
7767,557
7768,496
7769,489
7770,977
7771,1090
7772,575
7773,607
7774,667
7775,688
7776,845
7777,3537
7778,1360
7779,806
7780,924
7781,686
7782,844
7783,656
7784,622
7785,688
7786,1544
7787,709
7788,1146
7789,708
7790,818
7791,554
7792,517
7793,1442
7794,563
7795,861
7796,605
7797,535
7798,512
7799,1781
7800,8722
7801,932
7802,782
7803,1277
7804,639
7805,3453
7806,989
7807,432
7808,762
7809,607
7810,1067
7811,876
7812,1603
7813,609
7814,711
7815,810
7816,1307
7817,1557
7818,835
7819,1058
7820,822
7821,865
7822,729
7823,468
7824,989
7825,865
7826,653
7827,1573
7828,689
7829,559
7830,728
7831,715
7832,679
7833,686
7834,507
7835,612
7836,1770
7837,1188
7838,681
7839,550
7840,982
7841,599
7842,633
7843,904
7844,1620
7845,676
7846,593
7847,650
7848,865
7849,457
7850,1278
7851,666
7852,615
7853,616
7854,1068
7855,752
7856,478
7857,506
7858,712
7859,466
7860,1170
7861,796
7862,706
7863,781
7864,2801
7865,554
7866,722
7867,1188
7868,899
7869,712
7870,941
7871,637
7872,838
7873,845
7874,826
7875,643
7876,857
7877,718
7878,920
7879,963
7880,805
7881,869
7882,805
7883,470
7884,618
7885,687
7886,502
7887,713
7888,2011
7889,616
7890,2168
7891,581
7892,637
7893,676
7894,936
7895,595
7896,517
7897,560
7898,551
7899,621
7900,6505
7901,2927
7902,735
7903,1137
7904,509
7905,862
7906,619
7907,629
7908,650
7909,1405
7910,1880
7911,686
7912,646
7913,850
7914,2432
7915,1407
7916,831
7917,1228
7918,631
7919,601
7920,1497
7921,701
7922,1028
7923,1319
7924,761
7925,1087
7926,632
7927,533
7928,522
7929,478
7930,995
7931,604
7932,554
7933,631
7934,465
7935,546
7936,782
7937,604
7938,570
7939,566
7940,1149
7941,709
7942,1525
7943,505
7944,563
7945,527
7946,549
7947,454
7948,474
7949,565
7950,1551
7951,544
7952,675
7953,382
7954,846
7955,566
7956,519
7957,596
7958,491
7959,495
7960,947
7961,615
7962,634
7963,620
7964,453
7965,623
7966,574
7967,2247
7968,593
7969,523
7970,1171
7971,598
7972,541
7973,569
7974,784
7975,508
7976,894
7977,1601
7978,497
7979,827
7980,1123
7981,627
7982,453
7983,648
7984,459
7985,601
7986,445
7987,472
7988,478
7989,455
7990,843
7991,596
7992,626
7993,645
7994,558
7995,692
7996,488
7997,484
7998,1338
7999,994
8000,130876
8001,2789
8002,1540
8003,1403
8004,1412
8005,1200
8006,1529
8007,1115
8008,3938
8009,1228
8010,2924
8011,1281
8012,954
8013,975
8014,3068
8015,907
8016,810
8017,842
8018,3808
8019,732
8020,3706
8021,1595
8022,984
8023,793
8024,711
8025,1130
8026,601
8027,1325
8028,2946
8029,516
8030,1140
8031,1349
8032,2469
8033,952
8034,734
8035,901
8036,861
8037,687
8038,1113
8039,822
8040,1363
8041,861
8042,945
8043,620
8044,1023
8045,753
8046,608
8047,3135
8048,1226
8049,1478
8050,3238
8051,9509
8052,1673
8053,1084
8054,776
8055,931
8056,567
8057,986
8058,1173
8059,659
8060,1157
8061,2039
8062,837
8063,1372
8064,687
8065,1194
8066,763
8067,569
8068,778
8069,1279
8070,1536
8071,1626
8072,562
8073,503
8074,567
8075,1612
8076,536
8077,690
8078,2632
8079,571
8080,13852
8081,2266
8082,964
8083,1023
8084,694
8085,3814
8086,9100
8087,1293
8088,5326
8089,742
8090,1846
8091,1515
8092,828
8093,1058
8094,694
8095,816
8096,821
8097,481
8098,710
8099,623
8100,5938
8101,1623
8102,1218
8103,1479
8104,1143
8105,753
8106,774
8107,591
8108,2056
8109,1537
8110,1407
8111,1452
8112,844
8113,1131
8114,832
8115,909
8116,640
8117,1370
8118,1072
8119,1122
8120,1110
8121,747
8122,1889
8123,887
8124,846
8125,1431
8126,1221
8127,583
8128,1073
8129,1199
8130,1963
8131,1600
8132,798
8133,1703
8134,577
8135,1756
8136,608
8137,3982
8138,1100
8139,1270
8140,1834
8141,878
8142,721
8143,1035
8144,709
8145,584
8146,1601
8147,1878
8148,528
8149,635
8150,1331
8151,629
8152,775
8153,1636
8154,612
8155,843
8156,1260
8157,729
8158,600
8159,717
8160,2212
8161,736
8162,633
8163,612
8164,555
8165,1096
8166,1640
8167,984
8168,656
8169,424
8170,608
8171,877
8172,849
8173,926
8174,646
8175,820
8176,789
8177,1016
8178,752
8179,884
8180,1081
8181,1033
8182,809
8183,616
8184,684
8185,832
8186,708
8187,490
8188,782
8189,566
8190,701
8191,1169
8192,5224
8193,783
8194,610
8195,890
8196,608
8197,439
8198,611
8199,520
8200,8358
8201,1257
8202,809
8203,1370
8204,1202
8205,1205
8206,1092
8207,650
8208,1040
8209,553
8210,1609
8211,2775
8212,3574
8213,1008
8214,841
8215,702
8216,2309
8217,28505
8218,1046
8219,508
8220,12191
8221,12464
8222,993
8223,2571
8224,658
8225,943
8226,2153
8227,834
8228,2702
8229,826
8230,4828
8231,715
8232,949
8233,924
8234,662
8235,781
8236,561
8237,750
8238,855
8239,834
8240,1556
8241,635
8242,820
8243,667
8244,642
8245,930
8246,607
8247,1320
8248,1946
8249,913
8250,1894
8251,759
8252,908
8253,941
8254,844
8255,14880
8256,713
8257,751
8258,1148
8259,909
8260,1222
8261,838
8262,1138
8263,1096
8264,1881
8265,750
8266,1098
8267,561
8268,537
8269,496
8270,938
8271,621
8272,581
8273,702
8274,740
8275,832
8276,900
8277,563
8278,1410
8279,1018
8280,1058
8281,742
8282,973
8283,2086
8284,721
8285,558
8286,1627
8287,675
8288,1092
8289,634
8290,1509
8291,506
8292,722
8293,648
8294,600
8295,808
8296,582
8297,651
8298,653
8299,550
8300,6628
8301,1920
8302,836
8303,867
8304,605
8305,874
8306,853
8307,712
8308,1088
8309,656
8310,959
8311,851
8312,1676
8313,750
8314,656
8315,611
8316,557
8317,958
8318,667
8319,571
8320,1028
8321,698
8322,766
8323,779
8324,627
8325,1242
8326,716
8327,595
8328,492
8329,771
8330,1383
8331,799
8332,1180
8333,1998
8334,677
8335,613
8336,743
8337,577
8338,605
8339,1471
8340,761
8341,837
8342,601
8343,811
8344,757
8345,550
8346,600
8347,623
8348,623
8349,600
8350,1263
8351,657
8352,591
8353,768
8354,404
8355,500
8356,957
8357,488
8358,654
8359,556
8360,765
8361,795
8362,549
8363,453
8364,677
8365,645
8366,559
8367,513
8368,555
8369,863
8370,707
8371,1016
8372,579
8373,973
8374,542
8375,735
8376,643
8377,758
8378,587
8379,866
8380,890
8381,474
8382,619
8383,755
8384,630
8385,805
8386,776
8387,1159
8388,681
8389,700
8390,978
8391,667
8392,664
8393,532
8394,445
8395,546
8396,539
8397,511
8398,684
8399,547
8400,6117
8401,1263
8402,785
8403,702
8404,754
8405,618
8406,729
8407,455
8408,555
8409,520
8410,1017
8411,847
8412,616
8413,688
8414,1022
8415,881
8416,619
8417,553
8418,689
8419,657
8420,1008
8421,755
8422,594
8423,736
8424,1451
8425,740
8426,560
8427,643
8428,618
8429,501
8430,848
8431,641
8432,747
8433,561
8434,495
8435,552
8436,571
8437,588
8438,509
8439,559
8440,839
8441,578
8442,699
8443,1056
8444,1032
8445,572
8446,729
8447,547
8448,661
8449,469
8450,906
8451,836
8452,753
8453,1064
8454,800
8455,679
8456,619
8457,1118
8458,388
8459,605
8460,754
8461,743
8462,640
8463,860
8464,475
8465,496
8466,624
8467,624
8468,426
8469,717
8470,634
8471,720
8472,773
8473,468
8474,483
8475,563
8476,1198
8477,951
8478,799
8479,510
8480,795
8481,539
8482,782
8483,656
8484,1091
8485,899
8486,1085
8487,637
8488,577
8489,466
8490,643
8491,699
8492,477
8493,1848
8494,457
8495,534
8496,440
8497,481
8498,489
8499,619
8500,16353
8501,2153
8502,1517
8503,826
8504,845
8505,1020
8506,816
8507,799
8508,595
8509,590
8510,1906
8511,1119
8512,738
8513,496
8514,1010
8515,810
8516,700
8517,607
8518,494
8519,907
8520,1194
8521,553
8522,649
8523,576
8524,953
8525,1046
8526,579
8527,813
8528,651
8529,691
8530,1014
8531,746
8532,651
8533,568
8534,528
8535,901
8536,565
8537,504
8538,527
8539,494
8540,1220
8541,809
8542,759
8543,895
8544,917
8545,757
8546,596
8547,580
8548,449
8549,679
8550,1543
8551,784
8552,643
8553,578
8554,482
8555,1063
8556,522
8557,444
8558,855
8559,426
8560,738
8561,513
8562,493
8563,498
8564,514
8565,649
8566,492
8567,571
8568,508
8569,423
8570,1645
8571,976
8572,580
8573,1220
8574,587
8575,700
8576,497
8577,850
8578,510
8579,779
8580,1256
8581,537
8582,962
8583,808
8584,454
8585,1212
8586,826
8587,998
8588,598
8589,651
8590,772
8591,642
8592,539
8593,463
8594,650
8595,686
8596,529
8597,483
8598,473
8599,1229
8600,5773
8601,4248
8602,705
8603,933
8604,760
8605,559
8606,2096
8607,552
8608,554
8609,519
8610,1194
8611,946
8612,664
8613,439
8614,484
8615,969
8616,581
8617,636
8618,526
8619,527
8620,1333
8621,1499
8622,714
8623,489
8624,1876
8625,966
8626,475
8627,506
8628,1381
8629,522
8630,688
8631,526
8632,655
8633,589
8634,499
8635,563
8636,446
8637,413
8638,521
8639,591
8640,1190
8641,477
8642,506
8643,512
8644,981
8645,399
8646,393
8647,392
8648,599
8649,1268
8650,983
8651,501
8652,617
8653,449
8654,437
8655,950
8656,519
8657,558
8658,591
8659,505
8660,745
8661,524
8662,509
8663,488
8664,628
8665,743
8666,847
8667,625
8668,598
8669,1569
8670,755
8671,605
8672,460
8673,521
8674,14041
8675,550
8676,540
8677,748
8678,408
8679,448
8680,708
8681,588
8682,753
8683,785
8684,414
8685,695
8686,983
8687,880
8688,1058
8689,430
8690,805
8691,522
8692,572
8693,436
8694,543
8695,592
8696,523
8697,483
8698,422
8699,458
8700,5586
8701,979
8702,635
8703,1207
8704,565
8705,709
8706,511
8707,528
8708,607
8709,693
8710,1129
8711,1105
8712,593
8713,366
8714,515
8715,480
8716,1124
8717,486
8718,525
8719,620
8720,665
8721,1248
8722,1034
8723,721
8724,613
8725,638
8726,442
8727,660
8728,442
8729,429
8730,715
8731,660
8732,455
8733,914
8734,543
8735,480
8736,505
8737,665
8738,446
8739,686
8740,658
8741,1593
8742,823
8743,461
8744,533
8745,537
8746,602
8747,987
8748,505
8749,1347
8750,1616
8751,655
8752,623
8753,522
8754,483
8755,718
8756,743
8757,442
8758,397
8759,344
8760,2539
8761,420
8762,638
8763,457
8764,349
8765,734
8766,541
8767,676
8768,476
8769,376
8770,681
8771,432
8772,485
8773,482
8774,488
8775,618
8776,1268
8777,950
8778,511
8779,394
8780,469
8781,377
8782,496
8783,446
8784,503
8785,420
8786,435
8787,1058
8788,749
8789,506
8790,760
8791,627
8792,520
8793,457
8794,968
8795,521
8796,369
8797,588
8798,432
8799,2157
8800,10388
8801,1263
8802,2574
8803,717
8804,700
8805,618
8806,510
8807,668
8808,621
8809,845
8810,959
8811,895
8812,889
8813,572
8814,765
8815,621
8816,599
8817,1315
8818,642
8819,478
8820,1097
8821,777
8822,1043
8823,516
8824,756
8825,811
8826,543
8827,429
8828,621
8829,1286
8830,713
8831,470
8832,2049
8833,1145
8834,422
8835,544
8836,501
8837,590
8838,555
8839,840
8840,856
8841,568
8842,587
8843,1031
8844,878
8845,577
8846,600
8847,600
8848,1829
8849,688
8850,4842
8851,633
8852,428
8853,614
8854,1368
8855,773
8856,516
8857,1013
8858,740
8859,7602
8860,929
8861,585
8862,688
8863,1323
8864,390
8865,848
8866,658
8867,544
8868,521
8869,1266
8870,844
8871,513
8872,668
8873,722
8874,485
8875,616
8876,598
8877,835
8878,962
8879,1300
8880,1428
8881,675
8882,496
8883,669
8884,666
8885,751
8886,675
8887,594
8888,5196
8889,1302
8890,881
8891,686
8892,545
8893,666
8894,429
8895,551
8896,477
8897,494
8898,633
8899,614
8900,3620
8901,1564
8902,670
8903,1023
8904,566
8905,585
8906,371
8907,483
8908,419
8909,559
8910,1609
8911,778
8912,595
8913,617
8914,457
8915,536
8916,474
8917,731
8918,493
8919,641
8920,709
8921,409
8922,608
8923,593
8924,1110
8925,474
8926,398
8927,439
8928,391
8929,450
8930,701
8931,788
8932,494
8933,529
8934,455
8935,522
8936,491
8937,445
8938,4364
8939,592
8940,1076
8941,641
8942,465
8943,442
8944,469
8945,460
8946,439
8947,505
8948,366
8949,2533
8950,826
8951,572
8952,610
8953,426
8954,446
8955,572
8956,483
8957,449
8958,627
8959,627
8960,867
8961,487
8962,1298
8963,361
8964,502
8965,922
8966,700
8967,344
8968,406
8969,570
8970,523
8971,482
8972,656
8973,524
8974,500
8975,522
8976,433
8977,959
8978,433
8979,452
8980,688
8981,1019
8982,389
8983,562
8984,858
8985,589
8986,1595
8987,455
8988,597
8989,744
8990,998
8991,503
8992,608
8993,4952
8994,591
8995,745
8996,575
8997,485
8998,823
8999,1083
9000,92634
9001,49096
9002,3070
9003,2878
9004,2348
9005,1746
9006,2125
9007,1793
9008,1049
9009,1433
9010,2712
9011,1149
9012,1014
9013,819
9014,766
9015,790
9016,705
9017,624
9018,788
9019,657
9020,1138
9021,744
9022,862
9023,700
9024,760
9025,769
9026,1005
9027,913
9028,506
9029,648
9030,1041
9031,746
9032,728
9033,585
9034,626
9035,799
9036,659
9037,619
9038,640
9039,528
9040,1129
9041,675
9042,606
9043,520
9044,515
9045,645
9046,580
9047,579
9048,638
9049,523
9050,1344
9051,642
9052,803
9053,575
9054,906
9055,837
9056,561
9057,513
9058,595
9059,549
9060,897
9061,650
9062,604
9063,757
9064,595
9065,574
9066,9443
9067,583
9068,817
9069,594
9070,981
9071,1055
9072,758
9073,568
9074,444
9075,955
9076,474
9077,498
9078,467
9079,462
9080,911
9081,965
9082,553
9083,530
9084,854
9085,1072
9086,491
9087,514
9088,567
9089,1124
9090,2285
9091,1090
9092,822
9093,776
9094,515
9095,694
9096,627
9097,674
9098,602
9099,729
9100,5127
9101,3201
9102,1048
9103,810
9104,803
9105,572
9106,744
9107,593
9108,553
9109,554
9110,1080
9111,1461
9112,628
9113,639
9114,779
9115,714
9116,593
9117,528
9118,648
9119,696
9120,1143
9121,637
9122,687
9123,635
9124,600
9125,983
9126,1307
9127,575
9128,572
9129,473
9130,788
9131,899
9132,759
9133,642
9134,654
9135,741
9136,849
9137,965
9138,537
9139,792
9140,998
9141,949
9142,734
9143,522
9144,2013
9145,705
9146,476
9147,753
9148,595
9149,2374
9150,1832
9151,754
9152,561
9153,555
9154,572
9155,1942
9156,570
9157,425
9158,504
9159,564
9160,751
9161,575
9162,604
9163,590
9164,477
9165,894
9166,645
9167,999
9168,578
9169,670
9170,725
9171,1753
9172,589
9173,625
9174,499
9175,683
9176,496
9177,554
9178,500
9179,505
9180,684
9181,588
9182,569
9183,513
9184,631
9185,724
9186,529
9187,588
9188,602
9189,503
9190,791
9191,851
9192,750
9193,634
9194,569
9195,554
9196,496
9197,543
9198,644
9199,709
9200,5398
9201,1174
9202,1042
9203,3192
9204,555
9205,709
9206,551
9207,541
9208,769
9209,536
9210,987
9211,1010
9212,1119
9213,642
9214,586
9215,685
9216,1007
9217,813
9218,560
9219,672
9220,1056
9221,755
9222,871
9223,671
9224,744
9225,963
9226,636
9227,890
9228,516
9229,635
9230,1348
9231,782
9232,604
9233,535
9234,564
9235,792
9236,687
9237,547
9238,562
9239,595
9240,887
9241,2279
9242,645
9243,641
9244,621
9245,595
9246,491
9247,663
9248,647
9249,512
9250,1360
9251,683
9252,663
9253,614
9254,513
9255,873
9256,570
9257,600
9258,1004
9259,514
9260,854
9261,531
9262,991
9263,509
9264,546
9265,551
9266,623
9267,505
9268,875
9269,525
9270,853
9271,783
9272,879
9273,527
9274,570
9275,795
9276,1131
9277,584
9278,488
9279,525
9280,2253
9281,567
9282,674
9283,698
9284,534
9285,566
9286,518
9287,491
9288,567
9289,491
9290,1745
9291,705
9292,1195
9293,653
9294,605
9295,1020
9296,624
9297,728
9298,518
9299,712
9300,4922
9301,809
9302,726
9303,878
9304,550
9305,678
9306,640
9307,497
9308,638
9309,723
9310,1499
9311,1053
9312,605
9313,744
9314,886
9315,586
9316,460
9317,555
9318,454
9319,531
9320,879
9321,601
9322,677
9323,541
9324,496
9325,789
9326,2659
9327,599
9328,734
9329,553
9330,725
9331,750
9332,581
9333,941
9334,528
9335,822
9336,748
9337,645
9338,802
9339,657
9340,934
9341,707
9342,520
9343,2583
9344,812
9345,758
9346,640
9347,639
9348,453
9349,687
9350,1482
9351,919
9352,711
9353,468
9354,454
9355,1090
9356,554
9357,490
9358,606
9359,486
9360,863
9361,574
9362,861
9363,560
9364,615
9365,527
9366,409
9367,839
9368,470
9369,491
9370,699
9371,617
9372,584
9373,491
9374,486
9375,1437
9376,591
9377,601
9378,1628
9379,405
9380,669
9381,881
9382,657
9383,624
9384,1665
9385,679
9386,544
9387,571
9388,573
9389,535
9390,539
9391,679
9392,520
9393,933
9394,1042
9395,592
9396,534
9397,549
9398,420
9399,617
9400,4535
9401,937
9402,684
9403,844
9404,744
9405,594
9406,669
9407,647
9408,549
9409,570
9410,1397
9411,879
9412,584
9413,682
9414,680
9415,772
9416,668
9417,725
9418,536
9419,632
9420,607
9421,578
9422,1608
9423,525
9424,644
9425,592
9426,507
9427,588
9428,586
9429,625
9430,777
9431,521
9432,504
9433,590
9434,537
9435,603
9436,542
9437,556
9438,604
9439,468
9440,2453
9441,632
9442,515
9443,503
9444,838
9445,917
9446,442
9447,414
9448,550
9449,482
9450,1318
9451,622
9452,1158
9453,966
9454,714
9455,569
9456,444
9457,771
9458,449
9459,462
9460,580
9461,525
9462,635
9463,751
9464,688
9465,1109
9466,538
9467,446
9468,399
9469,490
9470,572
9471,493
9472,471
9473,653
9474,987
9475,644
9476,492
9477,777
9478,517
9479,518
9480,621
9481,523
9482,448
9483,411
9484,470
9485,625
9486,570
9487,669
9488,496
9489,481
9490,607
9491,618
9492,536
9493,567
9494,715
9495,615
9496,572
9497,498
9498,438
9499,554
9500,13511
9501,1346
9502,877
9503,813
9504,637
9505,863
9506,640
9507,817
9508,738
9509,633
9510,726
9511,692
9512,539
9513,927
9514,708
9515,488
9516,667
9517,514
9518,482
9519,488
9520,769
9521,549
9522,629
9523,806
9524,582
9525,3019
9526,489
9527,1107
9528,781
9529,951
9530,701
9531,732
9532,547
9533,570
9534,633
9535,524
9536,5114
9537,529
9538,469
9539,530
9540,720
9541,578
9542,674
9543,593
9544,582
9545,669
9546,451
9547,567
9548,571
9549,375
9550,1038
9551,553
9552,613
9553,512
9554,445
9555,1288
9556,519
9557,569
9558,562
9559,549
9560,823
9561,611
9562,553
9563,699
9564,553
9565,513
9566,1236
9567,484
9568,4461
9569,451
9570,577
9571,585
9572,729
9573,593
9574,424
9575,799
9576,414
9577,493
9578,475
9579,426
9580,736
9581,408
9582,450
9583,474
9584,615
9585,601
9586,432
9587,396
9588,514
9589,472
9590,764
9591,551
9592,804
9593,480
9594,539
9595,868
9596,676
9597,496
9598,493
9599,642
9600,12878
9601,1248
9602,726
9603,649
9604,1223
9605,697
9606,896
9607,807
9608,731
9609,591
9610,1520
9611,713
9612,1288
9613,799
9614,597
9615,743
9616,494
9617,486
9618,553
9619,511
9620,870
9621,544
9622,1462
9623,551
9624,594
9625,779
9626,745
9627,485
9628,482
9629,643
9630,772
9631,491
9632,553
9633,548
9634,400
9635,522
9636,547
9637,503
9638,398
9639,501
9640,649
9641,527
9642,726
9643,414
9644,567
9645,670
9646,545
9647,929
9648,418
9649,490
9650,980
9651,515
9652,478
9653,637
9654,494
9655,638
9656,539
9657,528
9658,1310
9659,635
9660,2770
9661,774
9662,986
9663,682
9664,502
9665,585
9666,545
9667,524
9668,450
9669,621
9670,610
9671,506
9672,597
9673,1126
9674,501
9675,943
9676,369
9677,635
9678,676
9679,551
9680,614
9681,908
9682,493
9683,436
9684,572
9685,656
9686,1244
9687,395
9688,530
9689,628
9690,685
9691,446
9692,426
9693,483
9694,557
9695,477
9696,790
9697,1103
9698,512
9699,571
9700,5765
9701,1001
9702,653
9703,611
9704,756
9705,614
9706,568
9707,556
9708,578
9709,606
9710,3047
9711,673
9712,982
9713,614
9714,557
9715,549
9716,754
9717,458
9718,427
9719,486
9720,716
9721,755
9722,609
9723,485
9724,383
9725,433
9726,1113
9727,459
9728,557
9729,531
9730,676
9731,446
9732,439
9733,510
9734,741
9735,650
9736,527
9737,523
9738,472
9739,405
9740,559
9741,702
9742,561
9743,562
9744,513
9745,657
9746,469
9747,597
9748,490
9749,381
9750,1190
9751,443
9752,538
9753,436
9754,461
9755,574
9756,465
9757,508
9758,494
9759,375
9760,656
9761,500
9762,445
9763,529
9764,418
9765,554
9766,547
9767,471
9768,424
9769,519
9770,712
9771,502
9772,526
9773,474
9774,541
9775,623
9776,558
9777,897
9778,663
9779,537
9780,686
9781,835
9782,438
9783,469
9784,464
9785,728
9786,530
9787,482
9788,458
9789,503
9790,706
9791,566
9792,714
9793,569
9794,418
9795,490
9796,666
9797,893
9798,934
9799,614
9800,4879
9801,1153
9802,876
9803,640
9804,614
9805,609
9806,638
9807,476
9808,644
9809,749
9810,990
9811,550
9812,668
9813,566
9814,500
9815,557
9816,474
9817,606
9818,519
9819,532
9820,711
9821,811
9822,3341
9823,614
9824,575
9825,552
9826,617
9827,556
9828,600
9829,548
9830,858
9831,563
9832,622
9833,631
9834,524
9835,757
9836,590
9837,397
9838,692
9839,591
9840,1058
9841,554
9842,812
9843,777
9844,446
9845,860
9846,544
9847,419
9848,429
9849,456
9850,897
9851,523
9852,528
9853,464
9854,470
9855,469
9856,507
9857,484
9858,523
9859,1059
9860,648
9861,2274
9862,324
9863,402
9864,409
9865,435
9866,439
9867,465
9868,920
9869,557
9870,521
9871,458
9872,420
9873,559
9874,389
9875,616
9876,781
9877,770
9878,478
9879,429
9880,813
9881,449
9882,447
9883,446
9884,437
9885,631
9886,420
9887,961
9888,784
9889,514
9890,600
9891,522
9892,338
9893,439
9894,450
9895,475
9896,951
9897,407
9898,781
9899,932
9900,3896
9901,874
9902,653
9903,625
9904,974
9905,595
9906,608
9907,544
9908,664
9909,633
9910,708
9911,870
9912,823
9913,817
9914,541
9915,541
9916,483
9917,537
9918,480
9919,579
9920,720
9921,1319
9922,723
9923,511
9924,499
9925,625
9926,560
9927,362
9928,361
9929,519
9930,780
9931,434
9932,434
9933,503
9934,382
9935,520
9936,470
9937,461
9938,555
9939,657
9940,612
9941,527
9942,484
9943,380
9944,609
9945,682
9946,653
9947,521
9948,468
9949,631
9950,938
9951,496
9952,465
9953,561
9954,432
9955,752
9956,513
9957,563
9958,443
9959,465
9960,1230
9961,613
9962,551
9963,599
9964,1239
9965,2812
9966,1199
9967,485
9968,460
9969,1013
9970,577
9971,949
9972,706
9973,819
9974,581
9975,1052
9976,493
9977,637
9978,520
9979,622
9980,871
9981,1821
9982,695
9983,550
9984,792
9985,864
9986,675
9987,903
9988,1396
9989,659
9990,1370
9991,1211
9992,905
9993,1864
9994,1490
9995,3734
9996,1441
9997,1685
9998,1772
9999,19402
10000,68306
