number,count
0,76181442
1,133698781
2,104633560
3,78443571
4,60500905
5,61331639
6,40626064
7,34562046
8,33903108
9,28083626
10,44955748
11,22538039
12,25425807
13,16308295
14,15130455
15,20242812
16,14608265
17,12443498
18,13839271
19,12676121
20,23101797
21,10637468
22,10212112
23,9156387
24,11116877
25,13141323
26,7215786
27,7039343
28,7214896
29,6417996
30,18409632
31,5540702
32,4790577
33,3867828
34,3580131
35,5166477
36,3681517
37,3320404
38,3238513
39,3591769
40,9186272
41,2803281
42,3121562
43,2758481
44,2963689
45,4880358
46,2599374
47,2661580
48,3224068
49,2624864
50,13145733
51,2500766
52,2585143
53,2270302
54,2310053
55,3022277
56,2280329
57,2118659
58,2157982
59,2148374
60,6270216
61,1216323
62,1320331
63,1264375
64,2132181
65,2215127
66,1315018
67,1243174
68,1192302
69,1134864
70,4089704
71,1068145
72,1476712
73,1066905
74,1044806
75,3078584
76,1041401
77,1059209
78,1064731
79,980313
80,4774672
81,985650
82,988528
83,1027657
84,1019800
85,1663648
86,997454
87,934187
88,1058721
89,980653
90,4710433
91,975722
92,1059059
93,1026499
94,934150
95,2529695
96,1106120
97,1053178
98,1258218
99,3222948
100,14170281
101,1086121
102,554051
103,521103
104,548323
105,642988
106,499268
107,462969
108,488138
109,445152
110,932267
111,513149
112,456898
113,395158
114,390595
115,517846
116,379741
117,385308
118,366835
119,370510
120,1530270
121,375737
122,358589
123,499871
124,338827
125,777707
126,334029
127,397776
128,601712
129,323779
130,790195
131,307541
132,316674
133,315061
134,283569
135,440512
136,281111
137,302169
138,279600
139,282276
140,781159
141,271867
142,261301
143,268093
144,335540
145,357650
146,267851
147,273775
148,252043
149,270982
150,2287145
151,260168
152,250332
153,245428
154,234367
155,317920
156,238516
157,238595
158,223249
159,225933
160,802038
161,234235
162,240280
163,228465
164,221929
165,320283
166,215769
167,227872
168,281321
169,224048
170,469689
171,211629
172,229976
173,207800
174,203882
175,397521
176,214849
177,211914
178,199016
179,210364
180,975527
181,197612
182,214437
183,218148
184,192800
185,270829
186,195817
187,208652
188,188804
189,196893
190,347416
191,191135
192,277302
193,186801
194,169159
195,236017
196,177485
197,176399
198,175578
199,244755
200,4843870
201,272628
202,282204
203,223978
204,209747
205,249517
206,215301
207,198750
208,211997
209,187069
210,348600
211,192145
212,262788
213,183294
214,189546
215,250705
216,192562
217,177624
218,173731
219,167414
220,449019
221,186893
222,212622
223,205197
224,204766
225,329569
226,163672
227,165803
228,168994
229,161076
230,357650
231,180109
232,192447
233,183264
234,171304
235,223280
236,150088
237,161175
238,170009
239,172848
240,483448
241,156812
242,156061
243,160894
244,146714
245,190135
246,150075
247,156198
248,157960
249,159882
250,1813838
251,152832
252,186486
253,150733
254,161334
255,561455
256,442442
257,136026
258,127041
259,127370
260,292043
261,132170
262,143560
263,133444
264,191227
265,172768
266,127851
267,130244
268,124206
269,131875
270,311391
271,129605
272,140787
273,151389
274,123143
275,229836
276,130654
277,133082
278,120766
279,126991
280,300845
281,132723
282,121521
283,122518
284,120011
285,159524
286,125136
287,127115
288,139692
289,122788
290,188617
291,109534
292,114969
293,124011
294,110918
295,145662
296,112723
297,113300
298,116222
299,168094
300,3305573
301,213173
302,166416
303,183568
304,158075
305,171076
306,130510
307,130044
308,157443
309,117496
310,215181
311,141422
312,154883
313,129513
314,122711
315,168986
316,122787
317,120231
318,120127
319,119627
320,323090
321,129909
322,120948
323,133874
324,113806
325,223283
326,105630
327,110980
328,110793
329,104535
330,258882
331,109985
332,106006
333,189007
334,104856
335,127779
336,118092
337,107274
338,109500
339,95799
340,199678
341,102252
342,101883
343,115808
344,101264
345,136401
346,93657
347,106150
348,95032
349,106947
350,854617
351,110437
352,111278
353,102728
354,100548
355,120840
356,102209
357,130293
358,98127
359,98976
360,1012927
361,98544
362,89621
363,94972
364,104725
365,444250
366,101663
367,92460
368,94605
369,87397
370,191301
371,96633
372,90303
373,93326
374,82766
375,241391
376,86174
377,148532
378,87479
379,86837
380,193426
381,87495
382,82799
383,89595
384,118435
385,112735
386,102044
387,90405
388,83094
389,84536
390,140974
391,83120
392,84957
393,84626
394,77228
395,108017
396,79007
397,80879
398,75257
399,120912
400,2683061
401,352599
402,101985
403,148298
404,245760
405,135761
406,95555
407,100982
408,105160
409,93024
410,169644
411,113247
412,99604
413,88069
414,92306
415,134925
416,108155
417,89099
418,77361
419,90238
420,202524
421,87275
422,91564
423,85997
424,83509
425,163689
426,84237
427,87907
428,78899
429,90268
430,148966
431,81744
432,101305
433,90626
434,78137
435,111253
436,74325
437,77806
438,77034
439,71664
440,175657
441,79218
442,76265
443,114910
444,104324
445,89409
446,70641
447,79607
448,76144
449,77898
450,514836
451,108433
452,71605
453,73273
454,92656
455,95081
456,96763
457,84425
458,82167
459,71078
460,142121
461,70740
462,70219
463,71213
464,71974
465,88284
466,70059
467,71107
468,72331
469,71222
470,126865
471,75231
472,68034
473,68429
474,65146
475,106279
476,78224
477,67301
478,66248
479,71417
480,241548
481,67266
482,64128
483,76005
484,68420
485,90225
486,93797
487,65115
488,83439
489,64523
490,105350
491,62694
492,62983
493,63538
494,62171
495,94090
496,66975
497,64499
498,61803
499,115408
500,5414405
501,180543
502,92649
503,100619
504,108308
505,99472
506,73490
507,73314
508,91545
509,89826
510,144721
511,78392
512,239767
513,71530
514,76561
515,82897
516,70346
517,68625
518,69729
519,66455
520,146726
521,86931
522,68013
523,68897
524,65393
525,107718
526,62529
527,71207
528,74383
529,111798
530,151383
531,66175
532,67855
533,68352
534,61343
535,84383
536,68822
537,65834
538,69685
539,62587
540,139231
541,69227
542,61980
543,64358
544,63758
545,73167
546,59206
547,59180
548,54335
549,63022
550,294250
551,62407
552,61851
553,59790
554,56018
555,137707
556,60011
557,54969
558,55328
559,57932
560,133729
561,65941
562,60891
563,58156
564,56811
565,68333
566,51161
567,62006
568,56019
569,53139
570,106891
571,61734
572,53401
573,59071
574,54853
575,82687
576,66288
577,57773
578,49541
579,55252
580,113762
581,61571
582,53539
583,55297
584,52454
585,69528
586,63101
587,63836
588,54078
589,54328
590,85402
591,51833
592,52739
593,51570
594,52748
595,66610
596,48759
597,54038
598,50648
599,78613
600,1736925
601,82800
602,73292
603,77357
604,77698
605,68914
606,65044
607,61697
608,64339
609,65575
610,108466
611,56120
612,73090
613,70686
614,57857
615,73745
616,77346
617,78549
618,72304
619,62445
620,116430
621,56109
622,59742
623,55353
624,58746
625,121907
626,62851
627,53564
628,52017
629,51368
630,116487
631,60146
632,62583
633,56217
634,49858
635,62891
636,56635
637,50503
638,50773
639,62123
640,159167
641,52258
642,60746
643,50364
644,58316
645,64073
646,57510
647,57735
648,51400
649,56425
650,306958
651,59618
652,48816
653,47811
654,48791
655,58050
656,54902
657,48936
658,44957
659,46959
660,113427
661,55315
662,50299
663,47280
664,50666
665,54223
666,140040
667,67303
668,49533
669,47601
670,87014
671,48459
672,50044
673,49581
674,49777
675,73592
676,47452
677,50309
678,54554
679,49852
680,107495
681,46244
682,47150
683,46818
684,47877
685,53332
686,48539
687,49974
688,48662
689,45223
690,73553
691,48265
692,44301
693,43975
694,42307
695,55292
696,44671
697,42663
698,41769
699,61052
700,1212014
701,71761
702,75860
703,69132
704,63151
705,62006
706,57019
707,76172
708,52384
709,53274
710,83031
711,62251
712,52922
713,59943
714,63397
715,60058
716,55594
717,56791
718,64191
719,47673
720,168957
721,53319
722,54616
723,45050
724,48298
725,69057
726,45257
727,66636
728,52776
729,47467
730,84292
731,52057
732,59355
733,48344
734,48142
735,52980
736,43545
737,115788
738,43118
739,41697
740,82410
741,50195
742,44216
743,44199
744,49740
745,54846
746,42752
747,114935
748,43712
749,46586
750,482381
751,48191
752,47276
753,47944
754,51617
755,68266
756,46315
757,71228
758,38927
759,41468
760,97527
761,42350
762,43926
763,45799
764,39947
765,57765
766,42114
767,64810
768,80438
769,42950
770,93089
771,44847
772,44967
773,52210
774,43989
775,70318
776,48308
777,131928
778,45955
779,39571
780,95282
781,48797
782,42387
783,44024
784,44580
785,52503
786,47678
787,88691
788,42167
789,49062
790,60936
791,40475
792,46694
793,41897
794,40851
795,49257
796,38068
797,39358
798,37593
799,53972
800,1904181
801,72418
802,211222
803,47780
804,47632
805,57123
806,41600
807,39186
808,79999
809,39663
810,75234
811,45112
812,48229
813,48230
814,43346
815,59341
816,42310
817,43637
818,51294
819,38250
820,77668
821,41392
822,47851
823,38889
824,39959
825,57914
826,38945
827,38167
828,44017
829,39642
830,70374
831,40757
832,42280
833,52817
834,33812
835,45551
836,36574
837,35225
838,34321
839,34371
840,81041
841,43532
842,37829
843,46663
844,56511
845,63969
846,39315
847,52274
848,38743
849,37028
850,223569
851,35817
852,42269
853,37338
854,38949
855,76430
856,39630
857,35805
858,41561
859,37001
860,71401
861,35769
862,34859
863,37762
864,45491
865,45581
866,99684
867,37832
868,35960
869,34462
870,74198
871,39243
872,36515
873,34937
874,34435
875,74528
876,37161
877,99780
878,33226
879,33744
880,77207
881,34424
882,35734
883,36659
884,32369
885,40385
886,35856
887,34184
888,175763
889,36766
890,52553
891,34103
892,32333
893,35689
894,31657
895,42742
896,34509
897,33016
898,32755
899,45068
900,751681
901,55043
902,42972
903,40484
904,44206
905,52162
906,38414
907,53969
908,40341
909,49022
910,61131
911,516771
912,45435
913,40313
914,48818
915,44415
916,47086
917,44332
918,43218
919,47987
920,108389
921,36716
922,42767
923,34221
924,44977
925,68507
926,34871
927,33595
928,45730
929,36241
930,67286
931,35329
932,35509
933,35832
934,30999
935,40439
936,36996
937,38085
938,32118
939,36055
940,60241
941,40299
942,31239
943,32021
944,37827
945,39516
946,31955
947,30348
948,30406
949,43130
950,137403
951,37764
952,37047
953,32643
954,44047
955,38351
956,33380
957,32259
958,27757
959,34015
960,100398
961,33600
962,34635
963,34518
964,31348
965,39917
966,33532
967,34761
968,32638
969,34594
970,68233
971,37638
972,45415
973,41538
974,32446
975,47450
976,39243
977,33330
978,362347
979,32597
980,72780
981,34581
982,32593
983,33639
984,33280
985,39109
986,31259
987,36870
988,34318
989,43131
990,79674
991,34571
992,34186
993,34742
994,33464
995,63022
996,40428
997,41934
998,42311
999,260095
1000,2053461
1001,98300
1002,116276
1003,27686
1004,24237
1005,23722
1006,37071
1007,141785
1008,20405
1009,18193
1010,52747
1011,34977
1012,30574
1013,24383
1014,24267
1015,28503
1016,394686
1017,37105
1018,21693
1019,17696
1020,42487
1021,61626
1022,18250
1023,41115
1024,199022
1025,23161
1026,15558
1027,16420
1028,14882
1029,28343
1030,31520
1031,34369
1032,14952
1033,21691
1034,15541
1035,19189
1036,13398
1037,29712
1038,172034
1039,21952
1040,53824
1041,15289
1042,18484
1043,13262
1044,13644
1045,16762
1046,30884
1047,12939
1048,13730
1049,14274
1050,51221
1051,17529
1052,12844
1053,17045
1054,19958
1055,19813
1056,23886
1057,14065
1058,12394
1059,12159
1060,28589
1061,13225
1062,13381
1063,22413
1064,15844
1065,15327
1066,46822
1067,15057
1068,13582
1069,12708
1070,45314
1071,16810
1072,13038
1073,72323
1074,33773
1075,16892
1076,12469
1077,14584
1078,14989
1079,14033
1080,130474
1081,14211
1082,11061
1083,17804
1084,16151
1085,14358
1086,38129
1087,13675
1088,26754
1089,21046
1090,19378
1091,14538
1092,11901
1093,99655
1094,13458
1095,24180
1096,18486
1097,45192
1098,36466
1099,75066
1100,149906
1101,48518
1102,15813
1103,33220
1104,18597
1105,22759
1106,13482
1107,16481
1108,14637
1109,38469
1110,25630
1111,146562
1112,17131
1113,17381
1114,13889
1115,17583
1116,13311
1117,15773
1118,14096
1119,14959
1120,22765
1121,14657
1122,15591
1123,13684
1124,14604
1125,19046
1126,71718
1127,14940
1128,42074
1129,11720
1130,24744
1131,12199
1132,11524
1133,12490
1134,11939
1135,15269
1136,35654
1137,14007
1138,16723
1139,14957
1140,18127
1141,11856
1142,13094
1143,12504
1144,13216
1145,21702
1146,27500
1147,12526
1148,11064
1149,12110
1150,33295
1151,12756
1152,21851
1153,12525
1154,13053
1155,21667
1156,12212
1157,11688
1158,21294
1159,18993
1160,16184
1161,20034
1162,13747
1163,12451
1164,11947
1165,12414
1166,11649
1167,14143
1168,9828
1169,11472
1170,18935
1171,11951
1172,15573
1173,11649
1174,10191
1175,17369
1176,14991
1177,34203
1178,10907
1179,12301
1180,19055
1181,11192
1182,15781
1183,12408
1184,11126
1185,17140
1186,88421
1187,13167
1188,10740
1189,15076
1190,16767
1191,13091
1192,14348
1193,10764
1194,14289
1195,11355
1196,11782
1197,10993
1198,13061
1199,18127
1200,363365
1201,22746
1202,19290
1203,15813
1204,23081
1205,15253
1206,17769
1207,16751
1208,12798
1209,14280
1210,25562
1211,17636
1212,25427
1213,16300
1214,16700
1215,27986
1216,15736
1217,12876
1218,11967
1219,12731
1220,20607
1221,14576
1222,16331
1223,15563
1224,12871
1225,19367
1226,12175
1227,15207
1228,11269
1229,12404
1230,21607
1231,13666
1232,11862
1233,11916
1234,74599
1235,14781
1236,11981
1237,12313
1238,10843
1239,10988
1240,20212
1241,13745
1242,20061
1243,11624
1244,13662
1245,13955
1246,11054
1247,11292
1248,12698
1249,12311
1250,65869
1251,17337
1252,17683
1253,13315
1254,13059
1255,14055
1256,14544
1257,13021
1258,14793
1259,10971
1260,28578
1261,13110
1262,10274
1263,11283
1264,11053
1265,13616
1266,11218
1267,11155
1268,10342
1269,9744
1270,17618
1271,15709
1272,12934
1273,15203
1274,13934
1275,16782
1276,10754
1277,11572
1278,10715
1279,18665
1280,54024
1281,10997
1282,13573
1283,10361
1284,12457
1285,13054
1286,9181
1287,10773
1288,10000
1289,10825
1290,20744
1291,15158
1292,11976
1293,10597
1294,11447
1295,16467
1296,14162
1297,11795
1298,10724
1299,14246
1300,178463
1301,21714
1302,14895
1303,14281
1304,13355
1305,15130
1306,13229
1307,20218
1308,13152
1309,12554
1310,18353
1311,13706
1312,15072
1313,17562
1314,15594
1315,15994
1316,12768
1317,12354
1318,10585
1319,10606
1320,22052
1321,13319
1322,11665
1323,12711
1324,13218
1325,20227
1326,13612
1327,15774
1328,12540
1329,10183
1330,19357
1331,12680
1332,13614
1333,19199
1334,11280
1335,12426
1336,12171
1337,27843
1338,10060
1339,9721
1340,18853
1341,12294
1342,10694
1343,11255
1344,12376
1345,13122
1346,14031
1347,14899
1348,16674
1349,14362
1350,40845
1351,14169
1352,10315
1353,13297
1354,10212
1355,11532
1356,11166
1357,11037
1358,9634
1359,10389
1360,17080
1361,11229
1362,10201
1363,10394
1364,14549
1365,39629
1366,16947
1367,11840
1368,20752
1369,10750
1370,15278
1371,76252
1372,10733
1373,11583
1374,9802
1375,13879
1376,9480
1377,14286
1378,11789
1379,9342
1380,17486
1381,12670
1382,11394
1383,8985
1384,9610
1385,12723
1386,11601
1387,10659
1388,10765
1389,13612
1390,14781
1391,10976
1392,13497
1393,9091
1394,17018
1395,11465
1396,11376
1397,11433
1398,11228
1399,14973
1400,166501
1401,18251
1402,14008
1403,13102
1404,12679
1405,14381
1406,12291
1407,10660
1408,13762
1409,11102
1410,16110
1411,11726
1412,11816
1413,11451
1414,12879
1415,21556
1416,13407
1417,11546
1418,10528
1419,10958
1420,21232
1421,12289
1422,13295
1423,10357
1424,11922
1425,13682
1426,8156
1427,9573
1428,10569
1429,11426
1430,18397
1431,12789
1432,12719
1433,14672
1434,10943
1435,12046
1436,10497
1437,10556
1438,11191
1439,12404
1440,41726
1441,15712
1442,10539
1443,10213
1444,12012
1445,11121
1446,9863
1447,9954
1448,9059
1449,10783
1450,41186
1451,11493
1452,13378
1453,28934
1454,9341
1455,14275
1456,10432
1457,9807
1458,9747
1459,10444
1460,19989
1461,13991
1462,12131
1463,10642
1464,10596
1465,10849
1466,9741
1467,15158
1468,11756
1469,17942
1470,18223
1471,47155
1472,14308
1473,11901
1474,11065
1475,18795
1476,14004
1477,13145
1478,12492
1479,11593
1480,18604
1481,10724
1482,11753
1483,17274
1484,11250
1485,19328
1486,10892
1487,10724
1488,11918
1489,10781
1490,15859
1491,14347
1492,55648
1493,18771
1494,16622
1495,14170
1496,10594
1497,14661
1498,15330
1499,16192
1500,506017
1501,21437
1502,19962
1503,19687
1504,16087
1505,16560
1506,16466
1507,13738
1508,13877
1509,18915
1510,19946
1511,16714
1512,18044
1513,18290
1514,14539
1515,21830
1516,19917
1517,25870
1518,16121
1519,24691
1520,37953
1521,27923
1522,16528
1523,23311
1524,17763
1525,25774
1526,20171
1527,17627
1528,14838
1529,17689
1530,28893
1531,14746
1532,16624
1533,18319
1534,22150
1535,21177
1536,29563
1537,14988
1538,16301
1539,16363
1540,29874
1541,21271
1542,21436
1543,20099
1544,12585
1545,18430
1546,15466
1547,18950
1548,12533
1549,17326
1550,41880
1551,13634
1552,15051
1553,18450
1554,14079
1555,20155
1556,17566
1557,14668
1558,21431
1559,20760
1560,24796
1561,15298
1562,15277
1563,15089
1564,21618
1565,18503
1566,15819
1567,15195
1568,15811
1569,14852
1570,22064
1571,18671
1572,19522
1573,15028
1574,14106
1575,16816
1576,13880
1577,16679
1578,13886
1579,13188
1580,23740
1581,14877
1582,21953
1583,14519
1584,16034
1585,17984
1586,14622
1587,17891
1588,22589
1589,14524
1590,25267
1591,15927
1592,18547
1593,16169
1594,14856
1595,16999
1596,19365
1597,16038
1598,21721
1599,20086
1600,257367
1601,22503
1602,22619
1603,38798
1604,23791
1605,26075
1606,21347
1607,26072
1608,21804
1609,29349
1610,33592
1611,28079
1612,20008
1613,17952
1614,17088
1615,19399
1616,24192
1617,15954
1618,22526
1619,28000
1620,38306
1621,22915
1622,17474
1623,23382
1624,17340
1625,23305
1626,16471
1627,16092
1628,18368
1629,16842
1630,31075
1631,17186
1632,23344
1633,18597
1634,18966
1635,20421
1636,18461
1637,19310
1638,20316
1639,16926
1640,40101
1641,20245
1642,32467
1643,20824
1644,32942
1645,23279
1646,17895
1647,17058
1648,32175
1649,24548
1650,53951
1651,20519
1652,17550
1653,17094
1654,17820
1655,18243
1656,18531
1657,15742
1658,19083
1659,16842
1660,44537
1661,20308
1662,22206
1663,17878
1664,20606
1665,24341
1666,26557
1667,21679
1668,16523
1669,17216
1670,24457
1671,15116
1672,19292
1673,15853
1674,17353
1675,21220
1676,16948
1677,15335
1678,16286
1679,16110
1680,32315
1681,16900
1682,18200
1683,21043
1684,15507
1685,23438
1686,15258
1687,19014
1688,31618
1689,29308
1690,25891
1691,15395
1692,23433
1693,15064
1694,17564
1695,16090
1696,14244
1697,17559
1698,14692
1699,18741
1700,163292
1701,32815
1702,19837
1703,20968
1704,21489
1705,18278
1706,18379
1707,30584
1708,17566
1709,20282
1710,24750
1711,20238
1712,19558
1713,20036
1714,22820
1715,26874
1716,17720
1717,21906
1718,21177
1719,19175
1720,30763
1721,19697
1722,20693
1723,20445
1724,17976
1725,21847
1726,16922
1727,21588
1728,20247
1729,19520
1730,28233
1731,16371
1732,19574
1733,19142
1734,16589
1735,21151
1736,19083
1737,20021
1738,18683
1739,19054
1740,31373
1741,21932
1742,21564
1743,21966
1744,21306
1745,28352
1746,21412
1747,19783
1748,25940
1749,23532
1750,77545
1751,22474
1752,27130
1753,24011
1754,25742
1755,34599
1756,28266
1757,26271
1758,32376
1759,29144
1760,41101
1761,22459
1762,25410
1763,43269
1764,27610
1765,34563
1766,25704
1767,26430
1768,27890
1769,31286
1770,49362
1771,24148
1772,31972
1773,34079
1774,43250
1775,74524
1776,133848
1777,47133
1778,41963
1779,33122
1780,53799
1781,43374
1782,37447
1783,57116
1784,37903
1785,38418
1786,34201
1787,75385
1788,52102
1789,113528
1790,109072
1791,63446
1792,63006
1793,59651
1794,48873
1795,53134
1796,47333
1797,47481
1798,60337
1799,52589
1800,369431
1801,64904
1802,49619
1803,61197
1804,60808
1805,52457
1806,52539
1807,51190
1808,51352
1809,56828
1810,62483
1811,51986
1812,140277
1813,54463
1814,69844
1815,93446
1816,56248
1817,51172
1818,59850
1819,61830
1820,95943
1821,66876
1822,53643
1823,48974
1824,62476
1825,64095
1826,51835
1827,48865
1828,65506
1829,55372
1830,118136
1831,66710
1832,76432
1833,64029
1834,64143
1835,73400
1836,74255
1837,80791
1838,67743
1839,71591
1840,114588
1841,69976
1842,70072
1843,65372
1844,77200
1845,81989
1846,80751
1847,76819
1848,140957
1849,84468
1850,186204
1851,89943
1852,74831
1853,74101
1854,87853
1855,81311
1856,88810
1857,102966
1858,86669
1859,106010
1860,182453
1861,167135
1862,132050
1863,133829
1864,125096
1865,168936
1866,102077
1867,118016
1868,114942
1869,99658
1870,177373
1871,128545
1872,102145
1873,99888
1874,90846
1875,107241
1876,112257
1877,100823
1878,99999
1879,102546
1880,178873
1881,117360
1882,112477
1883,105337
1884,108102
1885,119933
1886,114742
1887,109904
1888,122084
1889,126077
1890,191172
1891,115960
1892,120462
1893,128665
1894,117190
1895,147920
1896,149671
1897,131255
1898,157275
1899,137676
1900,444973
1901,179538
1902,152762
1903,166367
1904,162156
1905,206133
1906,179704
1907,166339
1908,185134
1909,165132
1910,263118
1911,252706
1912,241342
1913,304303
1914,351311
1915,234031
1916,227786
1917,336591
1918,357286
1919,277194
1920,445459
1921,221391
1922,221884
1923,209712
1924,208633
1925,217805
1926,199000
1927,211431
1928,225373
1929,305685
1930,483196
1931,230628
1932,259935
1933,347991
1934,261006
1935,284081
1936,305491
1937,290550
1938,321086
1939,426865
1940,626425
1941,422760
1942,380962
1943,333566
1944,406488
1945,648371
1946,333686
1947,399671
1948,468321
1949,353560
1950,636106
1951,299743
1952,326284
1953,356677
1954,354549
1955,355205
1956,379273
1957,376591
1958,379466
1959,393869
1960,752591
1961,446059
1962,479290
1963,505695
1964,576119
1965,571226
1966,514659
1967,656608
1968,711598
1969,664963
1970,956302
1971,635561
1972,687529
1973,704679
1974,651598
1975,712962
1976,691528
1977,660510
1978,700433
1979,841565
1980,1190903
1981,749148
1982,806800
1983,791242
1984,966477
1985,887852
1986,949047
1987,926807
1988,996823
1989,1162608
1990,1546655
1991,1309959
1992,1382917
1993,1355549
1994,1539704
1995,1633929
1996,1742245
1997,1788817
1998,2014242
1999,2467445
2000,4058756
2001,3061204
2002,2979652
2003,3520754
2004,3980585
2005,4767399
2006,5389437
2007,6247483
2008,7950516
2009,7631401
2010,8385953
2011,8696255
2012,9683261
2013,8683052
2014,7218077
2015,6129738
2016,6177647
2017,5444567
2018,4818561
2019,3873955
2020,3971823
2021,2322435
2022,1249648
2023,167834
2024,107520
2025,174032
2026,51670
2027,35531
2028,30220
2029,24241
2030,256221
2031,16327
2032,16549
2033,18605
2034,12707
2035,42711
2036,14962
2037,11022
2038,12981
2039,8715
2040,58946
2041,12052
2042,11667
2043,7101
2044,9533
2045,21870
2046,10458
2047,11512
2048,68769
2049,20939
2050,204796
2051,6816
2052,9328
2053,6095
2054,6483
2055,9095
2056,6373
2057,6014
2058,6407
2059,5620
2060,26535
2061,8172
2062,5512
2063,7626
2064,5629
2065,7463
2066,5422
2067,5684
2068,5611
2069,5403
2070,19610
2071,6032
2072,6769
2073,5748
2074,5751
2075,9073
2076,6052
2077,18782
2078,4910
2079,5147
2080,24488
2081,5337
2082,4463
2083,5475
2084,6155
2085,5466
2086,4391
2087,4888
2088,4663
2089,4788
2090,7566
2091,4416
2092,4239
2093,4612
2094,4534
2095,5619
2096,4454
2097,4622
2098,3969
2099,15805
2100,119785
2101,8312
2102,7125
2103,7144
2104,7427
2105,17616
2106,7466
2107,6359
2108,6005
2109,6577
2110,13258
2111,10949
2112,12038
2113,10284
2114,5359
2115,7571
2116,5497
2117,5779
2118,6726
2119,6342
2120,7833
2121,8623
2122,8172
2123,6567
2124,5297
2125,6826
2126,5775
2127,4245
2128,5097
2129,4338
2130,8314
2131,6988
2132,4569
2133,7641
2134,5753
2135,5125
2136,4330
2137,4434
2138,6435
2139,6975
2140,9330
2141,5767
2142,7310
2143,5134
2144,5043
2145,5009
2146,3677
2147,5646
2148,8019
2149,4676
2150,13441
2151,6538
2152,5543
2153,5451
2154,7321
2155,6312
2156,5000
2157,4416
2158,3883
2159,4392
2160,16648
2161,5241
2162,3905
2163,4258
2164,11625
2165,6156
2166,4235
2167,4637
2168,3766
2169,4226
2170,6225
2171,3863
2172,3881
2173,3687
2174,9151
2175,5361
2176,3615
2177,3365
2178,3546
2179,3820
2180,6904
2181,6179
2182,3852
2183,3685
2184,3707
2185,3984
2186,3496
2187,4812
2188,3387
2189,3662
2190,4888
2191,4115
2192,3963
2193,3976
2194,3278
2195,4379
2196,5015
2197,4069
2198,3869
2199,7648
2200,69491
2201,7764
2202,6886
2203,5123
2204,5194
2205,6906
2206,5115
2207,4824
2208,5018
2209,4174
2210,7817
2211,7352
2212,6348
2213,4346
2214,4450
2215,6485
2216,4549
2217,5269
2218,4497
2219,3978
2220,6842
2221,5189
2222,17794
2223,5934
2224,6885
2225,8998
2226,4210
2227,5002
2228,4466
2229,6017
2230,7416
2231,5982
2232,3933
2233,5520
2234,4096
2235,4054
2236,4428
2237,4179
2238,3532
2239,3653
2240,6984
2241,5204
2242,4415
2243,3949
2244,5052
2245,5069
2246,3902
2247,3791
2248,4001
2249,4100
2250,15758
2251,5493
2252,4182
2253,4782
2254,9542
2255,11933
2256,4728
2257,7474
2258,4781
2259,4861
2260,5659
2261,4764
2262,3904
2263,3763
2264,4206
2265,4943
2266,5729
2267,6999
2268,5547
2269,4663
2270,5844
2271,3770
2272,3942
2273,4637
2274,3264
2275,4244
2276,3496
2277,5367
2278,3874
2279,5498
2280,6035
2281,5101
2282,3452
2283,3331
2284,3563
2285,4382
2286,3828
2287,4713
2288,4451
2289,3462
2290,4775
2291,3087
2292,3222
2293,4789
2294,2999
2295,3989
2296,3567
2297,3053
2298,3146
2299,4179
2300,56073
2301,6384
2302,4542
2303,4101
2304,6068
2305,5742
2306,3910
2307,28571
2308,4020
2309,4303
2310,6753
2311,5706
2312,6463
2313,4131
2314,5119
2315,4579
2316,3475
2317,4122
2318,3452
2319,6185
2320,5814
2321,4292
2322,4904
2323,5394
2324,4493
2325,8228
2326,4299
2327,4569
2328,3973
2329,3792
2330,8077
2331,4065
2332,4080
2333,5838
2334,5420
2335,3854
2336,3582
2337,8542
2338,3161
2339,3436
2340,8244
2341,3938
2342,3845
2343,3695
2344,3725
2345,11979
2346,3657
2347,4096
2348,3892
2349,3625
2350,9993
2351,3766
2352,3884
2353,4694
2354,3589
2355,4736
2356,3748
2357,4172
2358,3497
2359,3855
2360,4824
2361,3584
2362,3648
2363,3376
2364,5588
2365,4982
2366,5802
2367,5544
2368,6029
2369,6963
2370,7880
2371,7790
2372,6936
2373,7875
2374,6619
2375,8898
2376,6045
2377,5088
2378,4547
2379,4876
2380,5584
2381,6072
2382,4068
2383,4007
2384,3513
2385,4054
2386,3136
2387,3529
2388,3624
2389,3130
2390,3967
2391,3194
2392,3993
2393,3048
2394,2905
2395,3482
2396,4153
2397,3110
2398,2899
2399,3934
2400,80309
2401,7196
2402,4283
2403,4378
2404,4059
2405,4026
2406,3501
2407,4967
2408,3610
2409,4529
2410,5749
2411,4345
2412,4839
2413,3581
2414,3262
2415,4039
2416,3204
2417,3445
2418,3006
2419,3758
2420,4865
2421,3601
2422,4952
2423,3887
2424,5266
2425,5682
2426,4845
2427,4196
2428,3189
2429,3107
2430,4732
2431,3564
2432,3005
2433,3557
2434,2845
2435,3922
2436,3302
2437,3076
2438,3285
2439,2890
2440,5138
2441,3684
2442,3712
2443,3518
2444,3677
2445,3807
2446,3027
2447,2863
2448,4555
2449,3150
2450,8490
2451,4653
2452,2867
2453,3116
2454,3698
2455,3942
2456,3304
2457,3175
2458,4165
2459,3047
2460,5298
2461,3541
2462,3088
2463,2964
2464,2911
2465,3377
2466,3415
2467,3225
2468,3740
2469,3175
2470,3797
2471,3171
2472,3360
2473,2981
2474,3364
2475,4061
2476,3527
2477,3577
2478,4066
2479,2830
2480,4419
2481,3268
2482,3077
2483,2982
2484,2951
2485,3207
2486,3224
2487,2855
2488,3401
2489,3125
2490,3771
2491,3329
2492,2975
2493,2586
2494,3274
2495,3736
2496,3422
2497,3122
2498,3081
2499,5199
2500,228451
2501,6973
2502,4157
2503,3870
2504,3626
2505,4376
2506,3812
2507,3289
2508,3580
2509,3557
2510,6773
2511,5422
2512,4098
2513,3184
2514,3616
2515,3605
2516,3437
2517,3397
2518,4254
2519,3104
2520,9495
2521,5095
2522,4024
2523,3236
2524,3220
2525,9392
2526,4545
2527,5278
2528,4214
2529,4021
2530,4463
2531,4106
2532,3598
2533,3239
2534,3115
2535,4189
2536,3424
2537,3424
2538,2955
2539,2936
2540,4737
2541,3381
2542,2956
2543,3148
2544,3229
2545,3301
2546,2629
2547,3023
2548,3134
2549,2996
2550,9699
2551,3646
2552,5240
2553,4975
2554,3541
2555,5301
2556,3148
2557,3952
2558,4706
2559,3443
2560,18197
2561,3046
2562,3520
2563,3272
2564,2895
2565,3117
2566,3067
2567,3550
2568,3146
2569,2437
2570,3521
2571,2832
2572,2568
2573,2613
2574,3270
2575,3940
2576,3106
2577,3171
2578,2773
2579,2770
2580,4187
2581,3249
2582,2666
2583,3523
2584,2806
2585,3238
2586,2592
2587,2575
2588,3209
2589,2953
2590,3481
2591,2714
2592,3456
2593,2641
2594,2429
2595,3039
2596,2989
2597,2784
2598,2847
2599,3129
2600,91998
2601,5453
2602,3543
2603,3475
2604,3286
2605,3763
2606,3510
2607,3809
2608,2958
2609,3092
2610,4912
2611,4297
2612,2932
2613,3006
2614,2672
2615,3123
2616,5501
2617,2911
2618,2946
2619,2683
2620,4566
2621,3217
2622,2896
2623,2919
2624,2857
2625,4121
2626,3898
2627,3501
2628,4572
2629,3216
2630,4795
2631,3074
2632,3052
2633,2852
2634,2462
2635,3134
2636,2611
2637,3041
2638,2503
2639,2629
2640,5420
2641,2718
2642,3262
2643,2616
2644,2595
2645,3045
2646,2900
2647,2740
2648,3008
2649,2548
2650,7524
2651,2991
2652,2849
2653,3177
2654,2733
2655,2930
2656,2925
2657,2515
2658,2489
2659,2311
2660,4177
2661,2944
2662,2542
2663,3068
2664,3299
2665,3215
2666,6870
2667,3736
2668,2450
2669,2556
2670,3815
2671,2679
2672,3110
2673,2696
2674,2407
2675,3439
2676,2807
2677,2723
2678,2394
2679,2901
2680,4294
2681,2629
2682,2431
2683,2597
2684,2356
2685,2323
2686,3002
2687,2397
2688,3031
2689,2079
2690,3369
2691,2596
2692,2591
2693,3090
2694,1995
2695,2804
2696,2405
2697,3251
2698,2603
2699,4224
2700,42135
2701,5109
2702,4017
2703,4377
2704,3705
2705,3740
2706,2893
2707,3422
2708,2568
2709,3955
2710,4141
2711,3691
2712,3101
2713,2820
2714,2654
2715,2991
2716,2995
2717,2591
2718,2524
2719,2620
2720,4237
2721,2990
2722,2890
2723,2856
2724,2445
2725,3093
2726,2711
2727,4336
2728,3176
2729,4217
2730,4412
2731,2870
2732,2970
2733,2803
2734,2443
2735,2533
2736,3013
2737,3553
2738,2486
2739,2859
2740,3130
2741,3297
2742,2285
2743,3089
2744,3143
2745,3029
2746,2427
2747,2702
2748,2190
2749,2475
2750,9548
2751,2728
2752,2660
2753,2634
2754,2250
2755,2922
2756,2318
2757,2307
2758,2681
2759,2401
2760,4050
2761,2634
2762,2585
2763,2713
2764,2925
2765,4923
2766,2472
2767,2876
2768,2164
2769,2182
2770,3911
2771,2988
2772,3016
2773,2174
2774,2214
2775,3490
2776,2331
2777,3428
2778,2755
2779,2514
2780,3282
2781,3310
2782,2758
2783,3036
2784,2290
2785,2667
2786,2427
2787,3587
2788,2569
2789,2960
2790,3154
2791,2395
2792,2389
2793,2364
2794,2176
2795,2760
2796,2972
2797,2354
2798,1957
2799,3519
2800,43323
2801,4918
2802,3288
2803,3116
2804,2805
2805,3158
2806,2799
2807,2797
2808,3510
2809,2714
2810,3776
2811,3473
2812,3017
2813,2729
2814,3319
2815,2949
2816,2931
2817,3136
2818,2910
2819,2313
2820,4077
2821,3406
2822,4386
2823,2459
2824,3039
2825,3027
2826,2570
2827,2691
2828,3501
2829,3188
2830,4740
2831,3161
2832,3272
2833,2968
2834,2439
2835,3380
2836,4674
2837,2458
2838,2479
2839,2241
2840,3619
2841,2820
2842,2265
2843,2230
2844,2520
2845,2583
2846,1972
2847,2419
2848,2856
2849,2440
2850,6380
2851,3091
2852,2640
2853,2173
2854,2209
2855,2681
2856,2379
2857,2963
2858,2151
2859,2837
2860,3518
2861,2400
2862,2362
2863,2317
2864,2348
2865,2713
2866,11453
2867,2288
2868,2132
2869,2305
2870,2993
2871,2686
2872,2482
2873,2355
2874,2381
2875,3872
2876,1985
2877,2128
2878,2243
2879,2244
2880,7671
2881,2544
2882,2866
2883,2331
2884,1901
2885,2911
2886,2313
2887,2271
2888,3087
2889,2687
2890,3313
2891,3232
2892,2329
2893,2501
2894,2025
2895,2263
2896,2554
2897,2033
2898,2205
2899,2369
2900,21923
2901,3991
2902,2640
2903,3704
2904,2781
2905,2997
2906,2556
2907,2874
2908,2529
2909,3949
2910,3707
2911,3720
2912,3225
2913,2594
2914,2405
2915,3008
2916,2684
2917,2618
2918,2403
2919,2634
2920,6307
2921,2755
2922,2565
2923,2955
2924,2590
2925,3002
2926,2181
2927,2240
2928,2102
2929,4474
2930,3974
2931,3828
2932,2470
2933,5277
2934,2451
2935,2370
2936,2326
2937,2096
2938,1887
2939,2185
2940,3398
2941,3403
2942,2082
2943,2538
2944,2346
2945,2537
2946,2132
2947,2296
2948,2353
2949,2202
2950,6961
2951,2342
2952,2707
2953,2214
2954,2282
2955,2391
2956,1842
2957,2301
2958,6313
2959,2092
2960,4241
2961,2004
2962,1972
2963,2178
2964,2182
2965,2538
2966,2905
2967,2260
2968,2064
2969,1962
2970,3224
2971,2198
2972,2144
2973,2098
2974,1868
2975,2596
2976,2128
2977,2570
2978,2034
2979,2254
2980,3347
2981,2078
2982,2285
2983,1963
2984,1999
2985,2476
2986,1924
2987,2313
2988,2276
2989,2192
2990,3275
2991,3478
2992,2498
2993,2274
2994,2168
2995,3431
2996,2257
2997,3111
2998,2178
2999,6754
3000,530914
3001,12451
3002,6158
3003,6789
3004,4865
3005,4498
3006,4812
3007,3926
3008,5640
3009,3990
3010,7564
3011,4253
3012,5014
3013,3713
3014,3130
3015,4483
3016,3351
3017,3366
3018,3585
3019,4458
3020,7403
3021,3545
3022,3130
3023,2881
3024,3788
3025,5205
3026,2607
3027,2587
3028,2948
3029,2510
3030,9872
3031,3855
3032,4098
3033,3945
3034,3467
3035,3339
3036,2710
3037,2459
3038,2557
3039,3217
3040,5672
3041,2593
3042,2736
3043,2422
3044,2400
3045,3043
3046,2207
3047,2496
3048,4002
3049,2636
3050,8142
3051,2970
3052,3179
3053,2708
3054,2824
3055,3961
3056,2640
3057,2918
3058,2516
3059,2818
3060,8220
3061,2568
3062,2689
3063,2221
3064,2199
3065,2945
3066,2893
3067,3476
3068,2860
3069,2314
3070,7784
3071,2553
3072,6437
3073,2158
3074,2693
3075,3091
3076,2768
3077,3241
3078,1998
3079,2588
3080,10958
3081,2886
3082,2117
3083,2554
3084,2056
3085,3186
3086,2272
3087,2368
3088,2551
3089,2188
3090,7458
3091,2176
3092,2103
3093,2166
3094,1897
3095,2484
3096,2168
3097,1999
3098,2129
3099,3041
3100,27650
3101,5410
3102,4804
3103,2919
3104,3067
3105,3318
3106,2862
3107,2973
3108,2727
3109,7835
3110,4647
3111,4467
3112,3377
3113,3451
3114,4079
3115,3391
3116,2676
3117,2650
3118,2640
3119,2491
3120,4562
3121,6453
3122,2805
3123,3246
3124,2753
3125,9479
3126,2498
3127,2529
3128,4377
3129,2371
3130,4592
3131,3886
3132,3002
3133,4026
3134,2964
3135,3462
3136,2616
3137,2524
3138,2609
3139,2355
3140,3135
3141,3148
3142,3026
3143,2635
3144,2380
3145,4209
3146,2269
3147,2532
3148,2168
3149,2056
3150,6749
3151,2661
3152,2200
3153,2227
3154,1993
3155,2451
3156,2650
3157,2258
3158,1895
3159,1964
3160,2876
3161,3308
3162,2522
3163,2293
3164,2211
3165,2258
3166,10048
3167,2376
3168,3263
3169,1938
3170,2660
3171,2894
3172,2018
3173,2138
3174,2304
3175,2483
3176,1818
3177,2102
3178,1738
3179,1977
3180,2940
3181,2640
3182,2240
3183,1974
3184,1949
3185,2117
3186,1875
3187,1894
3188,2169
3189,2209
3190,2569
3191,2202
3192,2112
3193,1736
3194,2395
3195,2461
3196,2004
3197,2052
3198,1913
3199,2387
3200,60440
3201,5787
3202,3032
3203,2764
3204,2622
3205,3505
3206,2429
3207,2888
3208,2351
3209,2299
3210,4817
3211,3894
3212,2838
3213,2896
3214,2586
3215,2708
3216,2438
3217,2386
3218,2256
3219,2504
3220,3909
3221,3023
3222,2643
3223,3455
3224,2592
3225,2947
3226,2356
3227,2428
3228,2174
3229,2004
3230,2960
3231,2495
3232,3909
3233,3770
3234,3495
3235,2902
3236,2195
3237,2266
3238,1905
3239,2181
3240,3345
3241,2207
3242,2184
3243,2303
3244,2413
3245,2322
3246,2553
3247,2075
3248,1867
3249,2110
3250,6424
3251,2194
3252,2205
3253,1825
3254,1844
3255,2424
3256,2169
3257,1922
3258,1916
3259,1881
3260,3780
3261,3061
3262,2086
3263,2092
3264,2817
3265,2178
3266,1940
3267,1931
3268,2133
3269,2063
3270,5383
3271,1866
3272,1900
3273,1832
3274,1997
3275,2230
3276,2264
3277,2053
3278,2346
3279,1908
3280,3696
3281,2153
3282,2537
3283,1935
3284,1975
3285,2275
3286,1890
3287,2020
3288,2031
3289,1987
3290,2680
3291,1890
3292,1799
3293,2019
3294,1789
3295,1928
3296,1805
3297,1925
3298,1672
3299,3374
3300,29541
3301,7363
3302,4124
3303,5421
3304,3781
3305,4320
3306,13010
3307,3479
3308,2458
3309,2830
3310,7802
3311,3902
3312,2719
3313,2450
3314,2389
3315,2623
3316,2115
3317,2057
3318,2027
3319,2228
3320,3467
3321,2913
3322,3514
3323,2289
3324,2685
3325,2826
3326,2570
3327,2382
3328,2248
3329,2022
3330,4336
3331,2832
3332,2537
3333,18943
3334,3030
3335,3841
3336,3075
3337,2449
3338,2520
3339,2953
3340,3234
3341,2260
3342,2433
3343,2646
3344,2977
3345,2369
3346,2098
3347,1883
3348,2061
3349,1955
3350,6326
3351,2286
3352,2661
3353,2259
3354,3449
3355,2703
3356,2064
3357,1814
3358,1771
3359,2008
3360,3651
3361,2070
3362,2192
3363,2032
3364,2055
3365,2055
3366,4452
3367,2005
3368,1945
3369,1787
3370,2744
3371,2386
3372,2017
3373,1835
3374,1860
3375,3014
3376,1936
3377,2245
3378,1939
3379,2242
3380,2687
3381,1928
3382,1988
3383,1993
3384,1831
3385,1930
3386,10337
3387,1607
3388,2135
3389,19384
3390,25469
3391,2036
3392,1813
3393,2888
3394,1836
3395,2097
3396,1734
3397,1908
3398,1736
3399,5476
3400,24924
3401,3843
3402,3655
3403,2533
3404,2553
3405,2727
3406,2782
3407,3443
3408,2116
3409,2396
3410,3356
3411,2926
3412,3070
3413,2119
3414,2169
3415,2242
3416,1868
3417,2250
3418,1904
3419,1735
3420,3759
3421,2668
3422,2082
3423,2218
3424,2031
3425,2412
3426,1822
3427,2056
3428,1701
3429,1950
3430,2612
3431,2028
3432,2437
3433,2399
3434,2914
3435,2841
3436,3839
3437,2267
3438,2261
3439,1939
3440,4099
3441,2182
3442,1917
3443,2206
3444,2612
3445,2502
3446,1884
3447,2012
3448,2086
3449,1932
3450,5237
3451,1973
3452,1845
3453,1879
3454,1979
3455,2039
3456,5983
3457,1968
3458,1950
3459,1709
3460,2388
3461,1807
3462,1568
3463,1924
3464,1848
3465,1990
3466,1884
3467,1899
3468,2377
3469,1616
3470,2807
3471,1774
3472,2618
3473,1648
3474,2210
3475,2458
3476,2186
3477,2042
3478,2231
3479,1768
3480,2992
3481,1855
3482,1859
3483,1725
3484,1640
3485,1786
3486,1802
3487,1531
3488,1898
3489,1598
3490,2681
3491,1652
3492,1746
3493,1548
3494,1562
3495,3398
3496,1552
3497,1738
3498,1966
3499,2297
3500,108565
3501,4671
3502,2568
3503,2329
3504,2430
3505,2637
3506,2631
3507,1936
3508,2258
3509,2127
3510,3050
3511,2627
3512,2463
3513,2064
3514,4133
3515,2200
3516,2101
3517,1685
3518,1651
3519,1775
3520,3872
3521,2351
3522,1947
3523,2027
3524,2074
3525,2365
3526,1772
3527,1814
3528,2532
3529,1731
3530,2461
3531,1893
3532,1875
3533,1829
3534,1757
3535,3452
3536,2119
3537,2955
3538,2036
3539,1924
3540,3028
3541,1997
3542,2048
3543,1766
3544,1804
3545,1884
3546,1725
3547,1602
3548,1813
3549,1684
3550,5471
3551,2307
3552,1791
3553,7879
3554,1625
3555,2946
3556,1725
3557,1531
3558,1655
3559,1776
3560,3096
3561,1722
3562,1651
3563,1586
3564,1624
3565,2166
3566,1808
3567,1760
3568,2192
3569,1655
3570,2702
3571,2016
3572,1598
3573,1548
3574,1508
3575,2334
3576,1747
3577,1748
3578,1678
3579,1680
3580,2418
3581,1629
3582,2941
3583,2222
3584,3166
3585,2032
3586,1553
3587,1581
3588,2348
3589,1569
3590,3201
3591,1728
3592,1768
3593,1714
3594,1547
3595,1869
3596,1574
3597,1675
3598,1529
3599,2090
3600,63934
3601,3547
3602,2281
3603,2598
3604,2873
3605,2479
3606,1980
3607,1772
3608,1895
3609,1948
3610,3432
3611,2296
3612,1902
3613,1780
3614,1733
3615,2110
3616,1929
3617,1731
3618,1475
3619,1697
3620,2572
3621,2107
3622,1817
3623,1738
3624,2060
3625,1990
3626,1784
3627,2071
3628,1828
3629,1803
3630,3033
3631,1940
3632,2019
3633,1999
3634,1709
3635,1718
3636,3289
3637,1975
3638,2742
3639,2407
3640,2948
3641,2209
3642,2383
3643,2054
3644,1573
3645,1702
3646,1890
3647,2046
3648,2001
3649,1572
3650,6474
3651,2017
3652,1569
3653,1865
3654,1721
3655,1906
3656,1654
3657,1544
3658,1790
3659,1656
3660,2664
3661,1833
3662,1521
3663,2552
3664,2143
3665,1683
3666,2007
3667,1982
3668,1927
3669,1586
3670,2009
3671,1732
3672,1732
3673,1676
3674,1503
3675,1919
3676,2684
3677,1810
3678,1658
3679,1427
3680,2446
3681,1684
3682,1447
3683,1484
3684,1665
3685,1613
3686,1812
3687,1620
3688,1518
3689,1578
3690,2467
3691,1515
3692,1426
3693,1460
3694,1288
3695,1628
3696,1894
3697,1592
3698,1659
3699,1888
3700,19078
3701,3776
3702,2634
3703,2115
3704,2068
3705,2249
3706,2100
3707,2076
3708,1892
3709,1634
3710,2515
3711,2893
3712,2057
3713,1940
3714,1622
3715,2029
3716,1696
3717,1947
3718,1709
3719,1851
3720,2535
3721,2077
3722,1890
3723,1761
3724,2505
3725,2043
3726,1511
3727,2518
3728,1777
3729,2551
3730,3756
3731,2222
3732,2422
3733,2663
3734,1437
3735,1945
3736,1664
3737,2665
3738,1907
3739,2806
3740,3206
3741,1730
3742,3266
3743,1753
3744,1932
3745,2355
3746,1551
3747,1577
3748,2779
3749,1750
3750,8205
3751,1823
3752,1569
3753,1937
3754,1790
3755,2296
3756,1661
3757,1630
3758,3460
3759,1401
3760,2642
3761,1769
3762,1813
3763,1426
3764,1705
3765,1792
3766,1620
3767,1528
3768,1367
3769,1789
3770,3358
3771,2143
3772,1982
3773,2301
3774,1915
3775,1920
3776,1812
3777,2169
3778,1582
3779,1573
3780,2356
3781,1764
3782,1540
3783,1647
3784,1613
3785,1873
3786,1524
3787,1581
3788,1641
3789,1544
3790,2246
3791,3282
3792,1498
3793,1492
3794,1372
3795,1521
3796,1384
3797,2112
3798,1310
3799,1696
3800,24744
3801,3342
3802,2120
3803,2062
3804,1884
3805,1945
3806,2217
3807,1626
3808,2331
3809,1813
3810,2697
3811,2266
3812,2096
3813,1579
3814,1574
3815,1745
3816,1815
3817,1621
3818,1314
3819,1464
3820,3448
3821,1739
3822,1657
3823,1629
3824,10853
3825,2398
3826,1443
3827,1519
3828,1778
3829,1463
3830,2268
3831,1572
3832,1623
3833,2135
3834,1513
3835,2190
3836,1436
3837,1547
3838,2502
3839,2077
3840,10587
3841,2553
3842,1939
3843,1651
3844,2125
3845,2074
3846,1663
3847,2471
3848,1834
3849,1474
3850,5254
3851,1605
3852,1743
3853,1421
3854,1317
3855,1877
3856,1594
3857,3040
3858,1626
3859,1855
3860,1910
3861,1681
3862,1495
3863,1620
3864,1576
3865,3404
3866,1823
3867,1560
3868,1563
3869,1362
3870,4949
3871,1674
3872,2873
3873,1391
3874,1450
3875,1941
3876,1511
3877,1407
3878,1543
3879,1370
3880,2762
3881,1668
3882,1409
3883,1680
3884,1234
3885,1773
3886,1854
3887,1432
3888,2781
3889,1614
3890,2074
3891,1515
3892,1965
3893,1443
3894,1403
3895,1493
3896,1402
3897,2267
3898,1409
3899,1830
3900,13792
3901,2635
3902,1872
3903,2371
3904,1980
3905,2492
3906,2323
3907,1713
3908,1922
3909,2089
3910,2697
3911,2000
3912,1829
3913,1652
3914,1500
3915,1941
3916,1634
3917,1632
3918,1348
3919,1536
3920,2508
3921,1770
3922,2153
3923,1774
3924,1490
3925,1798
3926,1503
3927,2290
3928,1819
3929,1660
3930,2152
3931,1884
3932,1893
3933,1784
3934,4775
3935,1583
3936,1500
3937,2703
3938,1335
3939,2498
3940,3353
3941,2642
3942,1647
3943,1635
3944,1469
3945,3562
3946,1602
3947,1821
3948,1392
3949,2002
3950,3219
3951,1767
3952,1766
3953,1351
3954,1516
3955,1670
3956,2063
3957,1349
3958,1441
3959,2529
3960,2600
3961,1698
3962,1983
3963,1868
3964,1547
3965,1632
3966,1947
3967,1594
3968,1520
3969,1576
3970,1967
3971,1542
3972,1538
3973,1428
3974,1414
3975,1987
3976,1679
3977,1463
3978,2105
3979,1820
3980,1823
3981,1428
3982,1511
3983,1385
3984,1476
3985,1702
3986,2986
3987,1901
3988,1456
3989,1712
3990,2189
3991,1733
3992,1521
3993,1709
3994,1451
3995,2158
3996,1851
3997,1543
3998,1768
3999,4126
4000,302490
4001,8035
4002,4017
4003,3777
4004,10620
4005,4151
4006,3172
4007,3256
4008,2944
4009,2713
4010,4682
4011,3470
4012,3108
4013,2370
4014,2657
4015,3305
4016,2485
4017,3420
4018,5850
4019,2001
4020,6194
4021,2330
4022,2260
4023,1930
4024,1950
4025,2508
4026,1952
4027,2010
4028,2021
4029,1818
4030,2977
4031,2242
4032,2974
4033,13757
4034,1712
4035,2065
4036,1837
4037,2023
4038,2119
4039,2863
4040,6139
4041,2549
4042,2769
4043,2272
4044,2297
4045,2165
4046,2133
4047,2017
4048,1752
4049,4289
4050,4952
4051,4379
4052,1698
4053,1975
4054,1787
4055,2015
4056,1991
4057,1751
4058,1562
4059,1684
4060,3409
4061,1973
4062,1745
4063,1518
4064,2183
4065,2027
4066,2117
4067,1964
4068,1671
4069,1708
4070,2615
4071,1585
4072,1998
4073,1720
4074,1743
4075,1924
4076,1437
4077,2501
4078,1630
4079,1755
4080,4219
4081,2572
4082,1662
4083,1662
4084,1556
4085,1832
4086,1841
4087,1699
4088,2599
4089,1453
4090,3130
4091,1909
4092,1850
4093,1713
4094,2285
4095,5273
4096,57491
4097,2082
4098,1861
4099,3579
4100,16821
4101,3885
4102,3351
4103,5772
4104,2592
4105,2500
4106,2030
4107,2095
4108,1858
4109,2331
4110,3221
4111,3525
4112,2523
4113,1906
4114,2298
4115,2104
4116,2089
4117,1816
4118,1757
4119,1933
4120,3205
4121,3229
4122,2570
4123,2365
4124,1818
4125,2352
4126,1910
4127,2111
4128,2037
4129,1995
4130,4917
4131,2073
4132,1639
4133,1763
4134,1695
4135,2592
4136,1666
4137,1788
4138,1662
4139,1600
4140,4001
4141,3281
4142,2485
4143,2787
4144,2224
4145,1845
4146,1484
4147,1604
4148,1721
4149,1502
4150,4228
4151,2523
4152,1564
4153,1668
4154,1444
4155,2029
4156,1567
4157,2057
4158,1437
4159,3094
4160,3794
4161,4787
4162,1496
4163,1582
4164,1486
4165,2299
4166,2025
4167,2696
4168,1348
4169,1919
4170,2213
4171,1853
4172,2462
4173,1577
4174,1441
4175,1815
4176,1325
4177,1553
4178,1403
4179,1847
4180,2532
4181,1882
4182,1305
4183,1500
4184,1747
4185,1500
4186,1668
4187,1672
4188,1416
4189,1386
4190,1875
4191,1717
4192,1398
4193,1422
4194,1601
4195,1447
4196,1442
4197,1466
4198,1529
4199,1712
4200,25990
4201,3078
4202,2628
4203,1989
4204,1974
4205,2281
4206,1732
4207,1976
4208,2285
4209,1836
4210,3229
4211,2587
4212,2305
4213,2050
4214,1985
4215,3361
4216,1504
4217,3843
4218,1762
4219,1578
4220,2554
4221,1973
4222,2688
4223,1556
4224,2095
4225,3679
4226,1941
4227,2073
4228,1541
4229,1752
4230,2552
4231,2402
4232,1752
4233,1983
4234,1484
4235,1574
4236,6106
4237,1470
4238,1463
4239,1303
4240,2624
4241,1943
4242,3664
4243,2049
4244,3705
4245,2357
4246,1638
4247,1911
4248,2040
4249,2116
4250,4422
4251,1828
4252,1498
4253,1895
4254,1553
4255,1755
4256,1589
4257,1791
4258,1897
4259,1413
4260,2222
4261,2158
4262,1707
4263,1546
4264,1359
4265,1457
4266,1656
4267,1806
4268,1532
4269,2799
4270,1796
4271,1880
4272,1700
4273,1778
4274,1694
4275,1727
4276,1448
4277,1873
4278,1531
4279,1605
4280,2076
4281,1566
4282,1465
4283,1458
4284,1361
4285,1837
4286,1850
4287,1815
4288,1696
4289,1323
4290,1857
4291,1554
4292,1743
4293,1360
4294,1506
4295,1998
4296,1674
4297,1521
4298,1476
4299,1748
4300,15272
4301,3205
4302,2474
4303,2490
4304,1916
4305,2097
4306,1866
4307,1767
4308,1730
4309,1579
4310,2810
4311,2453
4312,2484
4313,1656
4314,1866
4315,1872
4316,1521
4317,1622
4318,1509
4319,3609
4320,4638
4321,5600
4322,2451
4323,1638
4324,3013
4325,2194
4326,7645
4327,1851
4328,2162
4329,1465
4330,2605
4331,2774
4332,2215
4333,3177
4334,2140
4335,1701
4336,1808
4337,1644
4338,1797
4339,1567
4340,3481
4341,1673
4342,1461
4343,2609
4344,1912
4345,2573
4346,1823
4347,1710
4348,1512
4349,1577
4350,4295
4351,1600
4352,2250
4353,1635
4354,1404
4355,1865
4356,2216
4357,4423
4358,1639
4359,1400
4360,3028
4361,1647
4362,2026
4363,1796
4364,1530
4365,1575
4366,1776
4367,1333
4368,1659
4369,1388
4370,1933
4371,1641
4372,1542
4373,1706
4374,1401
4375,4157
4376,1294
4377,1650
4378,1142
4379,1204
4380,2187
4381,1627
4382,1434
4383,1281
4384,1515
4385,1348
4386,1314
4387,1284
4388,2037
4389,1450
4390,1643
4391,2024
4392,1262
4393,1182
4394,1585
4395,1498
4396,1142
4397,1232
4398,1583
4399,1737
4400,20801
4401,2981
4402,2197
4403,1946
4404,2215
4405,2317
4406,2062
4407,1744
4408,1865
4409,2250
4410,2598
4411,2863
4412,2347
4413,1600
4414,2176
4415,1775
4416,2091
4417,1472
4418,1632
4419,2292
4420,2491
4421,1782
4422,3363
4423,2062
4424,1855
4425,2220
4426,1511
4427,1584
4428,1631
4429,1403
4430,2842
4431,1489
4432,1556
4433,2533
4434,1769
4435,2379
4436,1579
4437,2257
4438,1778
4439,1395
4440,3279
4441,2259
4442,1743
4443,2068
4444,12333
4445,2345
4446,2474
4447,1994
4448,1887
4449,2015
4450,2900
4451,1754
4452,1474
4453,2174
4454,1615
4455,2500
4456,1520
4457,1671
4458,1576
4459,1305
4460,2336
4461,1485
4462,1509
4463,1515
4464,1908
4465,1740
4466,2186
4467,1422
4468,1588
4469,1526
4470,2470
4471,1569
4472,1996
4473,5792
4474,1493
4475,1616
4476,1498
4477,2074
4478,1416
4479,1309
4480,2286
4481,1476
4482,1524
4483,1556
4484,2674
4485,1541
4486,1992
4487,1330
4488,2273
4489,1350
4490,1980
4491,1917
4492,1220
4493,1473
4494,1358
4495,1537
4496,1313
4497,1301
4498,1291
4499,1916
4500,59845
4501,3063
4502,2551
4503,2566
4504,2054
4505,2636
4506,2963
4507,1729
4508,1571
4509,1669
4510,2774
4511,2884
4512,1837
4513,1822
4514,1886
4515,1880
4516,1816
4517,1374
4518,1487
4519,1492
4520,2608
4521,1793
4522,2538
4523,1449
4524,1419
4525,1910
4526,1569
4527,1548
4528,1454
4529,1746
4530,2571
4531,1477
4532,1899
4533,1504
4534,1314
4535,1809
4536,1704
4537,1503
4538,1355
4539,1427
4540,1937
4541,1516
4542,1471
4543,1539
4544,1485
4545,3625
4546,1548
4547,2230
4548,1755
4549,1429
4550,3377
4551,1658
4552,1499
4553,1503
4554,1505
4555,2422
4556,1860
4557,1870
4558,1771
4559,1323
4560,2392
4561,1447
4562,1972
4563,1384
4564,1461
4565,2173
4566,1710
4567,6434
4568,1452
4569,1594
4570,2256
4571,1758
4572,1490
4573,1253
4574,1117
4575,1896
4576,1638
4577,1409
4578,1388
4579,1590
4580,1854
4581,1266
4582,1233
4583,1460
4584,1124
4585,1277
4586,1315
4587,1239
4588,1351
4589,1273
4590,2311
4591,1085
4592,1586
4593,1338
4594,1316
4595,1320
4596,1176
4597,1200
4598,2015
4599,1452
4600,15093
4601,2374
4602,1792
4603,1662
4604,1439
4605,1809
4606,1623
4607,1587
4608,2825
4609,1517
4610,2911
4611,1710
4612,1617
4613,1552
4614,1921
4615,1784
4616,1469
4617,1327
4618,1276
4619,1323
4620,2064
4621,1477
4622,1637
4623,1427
4624,1582
4625,2143
4626,1466
4627,1694
4628,1328
4629,1196
4630,2165
4631,1453
4632,1452
4633,1464
4634,1867
4635,1335
4636,3401
4637,1476
4638,1464
4639,1464
4640,1921
4641,1469
4642,1799
4643,1279
4644,1540
4645,1533
4646,2203
4647,1993
4648,2586
4649,1988
4650,3440
4651,1650
4652,1464
4653,1579
4654,1543
4655,1723
4656,1462
4657,1346
4658,2191
4659,1118
4660,2042
4661,1376
4662,1399
4663,1594
4664,1526
4665,1604
4666,2617
4667,1730
4668,1390
4669,1641
4670,2886
4671,1791
4672,1280
4673,3382
4674,1283
4675,1342
4676,1546
4677,1381
4678,1408
4679,1403
4680,3019
4681,1629
4682,1666
4683,1288
4684,1664
4685,1444
4686,1521
4687,1742
4688,1824
4689,1351
4690,2587
4691,1304
4692,1291
4693,1071
4694,1494
4695,1411
4696,1550
4697,1281
4698,1227
4699,1371
4700,13586
4701,2311
4702,1870
4703,1640
4704,1900
4705,1897
4706,1439
4707,2362
4708,1741
4709,1605
4710,2572
4711,4360
4712,2171
4713,2535
4714,1737
4715,2140
4716,1426
4717,1417
4718,1433
4719,1272
4720,2332
4721,1526
4722,1659
4723,1653
4724,1508
4725,2015
4726,1339
4727,1551
4728,1354
4729,1526
4730,1917
4731,1772
4732,1625
4733,1514
4734,1180
4735,1268
4736,1616
4737,1374
4738,1289
4739,1342
4740,2014
4741,1505
4742,1308
4743,1289
4744,1471
4745,1259
4746,1205
4747,2358
4748,1398
4749,2067
4750,3843
4751,1892
4752,1397
4753,1470
4754,1459
4755,2248
4756,1511
4757,1658
4758,1653
4759,1352
4760,2228
4761,1413
4762,1439
4763,1222
4764,1080
4765,1276
4766,1514
4767,1359
4768,1206
4769,1357
4770,3821
4771,1561
4772,1602
4773,1905
4774,1377
4775,1436
4776,1336
4777,1998
4778,1281
4779,1282
4780,1623
4781,1467
4782,1351
4783,1440
4784,1188
4785,1276
4786,1318
4787,1165
4788,1207
4789,1284
4790,2104
4791,1287
4792,1201
4793,1250
4794,1032
4795,1185
4796,1341
4797,1573
4798,1183
4799,1461
4800,25636
4801,2293
4802,1613
4803,1559
4804,1605
4805,1993
4806,1486
4807,1431
4808,1441
4809,1953
4810,2557
4811,2148
4812,1618
4813,1229
4814,1454
4815,1482
4816,1396
4817,1321
4818,1586
4819,2387
4820,1675
4821,1369
4822,1885
4823,1224
4824,1179
4825,1608
4826,1328
4827,1861
4828,1371
4829,1164
4830,2570
4831,1426
4832,1276
4833,1732
4834,1076
4835,1441
4836,1227
4837,1168
4838,1390
4839,1262
4840,2048
4841,1310
4842,1428
4843,1304
4844,1345
4845,5174
4846,1687
4847,1237
4848,2547
4849,1801
4850,7137
4851,1488
4852,1811
4853,1318
4854,1271
4855,1313
4856,1275
4857,1281
4858,1157
4859,1120
4860,2561
4861,1484
4862,1471
4863,1153
4864,1454
4865,1284
4866,1198
4867,1315
4868,2058
4869,1609
4870,5085
4871,1796
4872,1927
4873,1271
4874,1140
4875,1512
4876,1350
4877,1345
4878,1645
4879,1165
4880,2344
4881,1197
4882,1195
4883,1326
4884,1441
4885,1543
4886,1269
4887,1466
4888,1881
4889,1980
4890,2647
4891,1166
4892,1152
4893,1114
4894,1242
4895,1605
4896,1424
4897,1186
4898,1148
4899,1506
4900,9279
4901,2438
4902,1498
4903,1416
4904,1486
4905,1755
4906,1535
4907,1509
4908,1117
4909,1638
4910,1880
4911,1833
4912,1552
4913,1453
4914,1354
4915,2194
4916,1149
4917,1307
4918,1383
4919,1451
4920,1863
4921,1568
4922,1622
4923,1246
4924,1619
4925,1483
4926,1198
4927,1132
4928,1335
4929,1453
4930,1788
4931,1247
4932,1635
4933,1493
4934,1395
4935,1345
4936,1274
4937,1051
4938,1093
4939,1627
4940,1935
4941,1618
4942,1205
4943,1445
4944,1640
4945,2237
4946,1160
4947,1281
4948,1569
4949,2080
4950,3280
4951,2120
4952,1658
4953,1280
4954,1238
4955,1368
4956,1326
4957,1195
4958,1173
4959,1468
4960,1842
4961,1295
4962,1222
4963,1206
4964,1102
4965,1411
4966,1305
4967,1217
4968,1288
4969,1176
4970,1660
4971,1410
4972,1374
4973,1270
4974,1205
4975,2230
4976,1167
4977,1572
4978,1305
4979,1168
4980,1631
4981,1206
4982,1200
4983,1523
4984,1226
4985,1319
4986,1123
4987,1229
4988,1204
4989,1447
4990,2131
4991,1431
4992,1427
4993,1519
4994,1584
4995,2000
4996,1457
4997,1390
4998,1396
4999,4644
5000,479853
5001,8604
5002,3777
5003,3082
5004,2811
5005,4662
5006,2328
5007,2867
5008,2776
5009,1845
5010,4843
5011,2884
5012,2162
5013,1929
5014,1640
5015,2351
5016,1730
5017,1769
5018,1598
5019,1443
5020,3581
5021,1800
5022,1796
5023,1568
5024,1565
5025,1705
5026,1709
5027,1745
5028,1493
5029,1395
5030,2932
5031,1594
5032,1518
5033,1567
5034,1453
5035,1487
5036,1664
5037,1533
5038,1326
5039,1514
5040,4413
5041,1574
5042,1575
5043,1358
5044,1639
5045,1984
5046,1220
5047,1232
5048,1419
5049,1307
5050,9225
5051,2612
5052,3386
5053,2054
5054,1765
5055,2299
5056,1747
5057,1323
5058,1302
5059,1442
5060,4595
5061,3074
5062,1564
5063,1356
5064,1317
5065,1422
5066,1737
5067,1415
5068,1266
5069,1527
5070,2568
5071,1228
5072,1512
5073,1222
5074,1386
5075,2003
5076,1213
5077,1299
5078,1287
5079,1179
5080,2389
5081,1502
5082,1381
5083,1748
5084,1237
5085,1659
5086,1224
5087,1261
5088,1666
5089,1282
5090,2166
5091,1166
5092,1288
5093,1139
5094,1116
5095,1312
5096,1268
5097,1095
5098,1069
5099,1446
5100,15819
5101,3331
5102,2238
5103,2361
5104,1925
5105,2707
5106,1529
5107,1812
5108,1701
5109,1404
5110,3415
5111,2898
5112,2361
5113,1732
5114,1869
5115,1966
5116,1743
5117,1392
5118,1391
5119,1649
5120,4952
5121,1923
5122,1927
5123,1774
5124,1623
5125,2317
5126,1443
5127,1196
5128,1769
5129,1258
5130,2003
5131,1605
5132,1288
5133,1347
5134,1222
5135,1624
5136,1132
5137,1305
5138,1198
5139,1272
5140,2180
5141,1394
5142,1276
5143,1384
5144,1604
5145,1598
5146,1333
5147,1208
5148,1211
5149,1236
5150,10624
5151,3052
5152,1569
5153,2148
5154,1661
5155,1688
5156,1492
5157,1329
5158,1135
5159,1212
5160,3066
5161,1807
5162,1285
5163,1122
5164,1159
5165,1298
5166,1353
5167,1712
5168,1140
5169,1278
5170,1777
5171,1672
5172,1470
5173,1318
5174,1034
5175,1412
5176,1276
5177,1182
5178,1113
5179,1099
5180,1664
5181,1329
5182,1102
5183,1345
5184,1616
5185,1354
5186,1075
5187,1137
5188,1249
5189,1175
5190,1647
5191,1628
5192,1921
5193,2142
5194,7920
5195,1624
5196,1387
5197,1115
5198,1285
5199,1517
5200,25040
5201,2531
5202,1797
5203,1542
5204,1680
5205,1591
5206,1363
5207,1480
5208,1633
5209,1422
5210,2692
5211,1932
5212,1585
5213,1241
5214,1355
5215,2016
5216,1266
5217,1302
5218,1388
5219,1174
5220,3066
5221,1648
5222,2572
5223,1722
5224,1424
5225,2748
5226,1335
5227,1617
5228,1424
5229,1268
5230,2465
5231,1391
5232,1389
5233,1589
5234,1548
5235,1615
5236,1357
5237,1260
5238,1077
5239,1024
5240,1984
5241,1420
5242,1296
5243,1079
5244,1231
5245,1636
5246,1555
5247,1336
5248,1324
5249,1139
5250,5419
5251,1666
5252,2650
5253,1593
5254,1859
5255,2179
5256,1334
5257,1248
5258,1235
5259,1174
5260,1663
5261,1198
5262,1253
5263,1573
5264,1090
5265,1175
5266,1473
5267,1174
5268,1239
5269,1268
5270,1604
5271,1360
5272,1315
5273,1358
5274,1484
5275,1443
5276,1126
5277,1177
5278,1372
5279,1106
5280,6739
5281,2878
5282,1320
5283,1440
5284,1011
5285,1688
5286,1158
5287,1189
5288,1163
5289,1042
5290,1531
5291,1733
5292,1512
5293,1252
5294,1127
5295,1119
5296,1277
5297,1331
5298,1038
5299,1190
5300,14039
5301,2610
5302,1830
5303,1708
5304,1589
5305,1626
5306,1583
5307,2007
5308,1494
5309,3141
5310,2409
5311,1730
5312,1641
5313,1465
5314,1066
5315,1721
5316,1602
5317,1253
5318,1127
5319,1172
5320,2341
5321,2070
5322,2254
5323,1674
5324,1500
5325,1794
5326,1351
5327,1635
5328,1965
5329,1609
5330,1918
5331,1591
5332,1329
5333,2432
5334,1445
5335,2108
5336,1230
5337,1156
5338,1127
5339,1362
5340,1741
5341,1556
5342,1088
5343,1471
5344,1333
5345,1614
5346,1417
5347,2559
5348,1129
5349,1085
5350,2502
5351,1289
5352,1277
5353,2540
5354,1377
5355,2199
5356,1831
5357,1402
5358,1332
5359,1214
5360,1589
5361,1139
5362,1100
5363,1283
5364,1201
5365,1263
5366,1095
5367,1057
5368,1137
5369,1110
5370,1520
5371,1470
5372,1063
5373,1399
5374,1273
5375,2061
5376,1219
5377,1198
5378,971
5379,949
5380,1845
5381,1832
5382,1200
5383,1406
5384,1041
5385,1479
5386,1380
5387,1273
5388,1109
5389,1270
5390,1462
5391,1226
5392,1030
5393,1084
5394,942
5395,1211
5396,1009
5397,1010
5398,1018
5399,1280
5400,18753
5401,2563
5402,1708
5403,1631
5404,1402
5405,1828
5406,1648
5407,1324
5408,1617
5409,1271
5410,1878
5411,1944
5412,1790
5413,1216
5414,1421
5415,1974
5416,1291
5417,1212
5418,1309
5419,1116
5420,1942
5421,1210
5422,1687
5423,1438
5424,1535
5425,1518
5426,1062
5427,1053
5428,1188
5429,1007
5430,1845
5431,1169
5432,8010
5433,2472
5434,1287
5435,1249
5436,1175
5437,1793
5438,1157
5439,1503
5440,1768
5441,1421
5442,1441
5443,1513
5444,1655
5445,1899
5446,1519
5447,1215
5448,1328
5449,1202
5450,2869
5451,1228
5452,1191
5453,1286
5454,2074
5455,1886
5456,2094
5457,1429
5458,1267
5459,1191
5460,1808
5461,1837
5462,1096
5463,1565
5464,1173
5465,1579
5466,1310
5467,1221
5468,1286
5469,1222
5470,1723
5471,1895
5472,7156
5473,982
5474,1130
5475,1230
5476,1146
5477,1218
5478,1205
5479,1248
5480,1523
5481,1208
5482,1244
5483,1425
5484,1077
5485,1103
5486,1144
5487,1177
5488,3060
5489,1112
5490,1588
5491,1459
5492,1056
5493,1071
5494,1363
5495,1382
5496,1051
5497,978
5498,1458
5499,1286
5500,38687
5501,2577
5502,1658
5503,1516
5504,1524
5505,2772
5506,2098
5507,1474
5508,1646
5509,1527
5510,2795
5511,2411
5512,1877
5513,1615
5514,1370
5515,3850
5516,1197
5517,1636
5518,1223
5519,1138
5520,2746
5521,1890
5522,1760
5523,1446
5524,1508
5525,1876
5526,1260
5527,1265
5528,1155
5529,1167
5530,2762
5531,1235
5532,1701
5533,1819
5534,1177
5535,1506
5536,1238
5537,1424
5538,1139
5539,1701
5540,1561
5541,1290
5542,1294
5543,1138
5544,1744
5545,1581
5546,1137
5547,1240
5548,1542
5549,983
5550,3396
5551,2133
5552,1600
5553,1397
5554,1795
5555,13840
5556,2402
5557,2021
5558,1725
5559,1443
5560,1925
5561,1361
5562,1080
5563,1283
5564,1251
5565,1717
5566,2085
5567,1147
5568,1322
5569,1162
5570,2172
5571,1139
5572,1082
5573,1192
5574,1125
5575,1485
5576,1479
5577,1710
5578,1186
5579,1097
5580,1828
5581,1073
5582,1204
5583,919
5584,1660
5585,1445
5586,1105
5587,1094
5588,1650
5589,1130
5590,1537
5591,1162
5592,1285
5593,1108
5594,1116
5595,1667
5596,1004
5597,1163
5598,1213
5599,1443
5600,16663
5601,2871
5602,1434
5603,1481
5604,1437
5605,1405
5606,1575
5607,1654
5608,1201
5609,1299
5610,2334
5611,1678
5612,1472
5613,1267
5614,1171
5615,1304
5616,1332
5617,1091
5618,1304
5619,1191
5620,2023
5621,1192
5622,2714
5623,3780
5624,1147
5625,4097
5626,1412
5627,1060
5628,976
5629,1069
5630,1731
5631,1403
5632,1549
5633,1293
5634,1998
5635,1202
5636,1198
5637,1437
5638,1183
5639,1181
5640,1654
5641,1554
5642,1125
5643,1209
5644,1233
5645,1155
5646,2326
5647,1073
5648,1118
5649,1006
5650,2583
5651,1421
5652,1338
5653,990
5654,1103
5655,1573
5656,1671
5657,1407
5658,1771
5659,1292
5660,1785
5661,1230
5662,1289
5663,1378
5664,1406
5665,1571
5666,1640
5667,1535
5668,1311
5669,1141
5670,2790
5671,1314
5672,2377
5673,1328
5674,1146
5675,1422
5676,1354
5677,1281
5678,6459
5679,1145
5680,1846
5681,1156
5682,1005
5683,1403
5684,1055
5685,1030
5686,993
5687,1544
5688,1432
5689,1345
5690,1296
5691,1018
5692,1158
5693,1018
5694,1280
5695,1390
5696,1139
5697,1410
5698,1046
5699,1427
5700,14502
5701,2708
5702,1603
5703,1679
5704,1232
5705,1565
5706,1178
5707,1410
5708,1830
5709,1238
5710,1814
5711,2005
5712,1640
5713,1177
5714,1407
5715,1406
5716,1126
5717,1368
5718,1550
5719,1234
5720,1799
5721,1420
5722,1327
5723,1395
5724,1173
5725,1722
5726,1029
5727,2226
5728,1541
5729,1071
5730,3193
5731,1268
5732,1079
5733,1594
5734,1223
5735,1755
5736,1196
5737,2347
5738,991
5739,1099
5740,1579
5741,1615
5742,1256
5743,1072
5744,1342
5745,1252
5746,1193
5747,1209
5748,1223
5749,1244
5750,3533
5751,2205
5752,1336
5753,1671
5754,1721
5755,1810
5756,1525
5757,2786
5758,2564
5759,3094
5760,5405
5761,3069
5762,2985
5763,3348
5764,3188
5765,3238
5766,3200
5767,2974
5768,3382
5769,2988
5770,6268
5771,3589
5772,7199
5773,4068
5774,4411
5775,4385
5776,3689
5777,3963
5778,4440
5779,2221
5780,2357
5781,1728
5782,1490
5783,1247
5784,1068
5785,1042
5786,990
5787,899
5788,1103
5789,1449
5790,1299
5791,975
5792,1078
5793,3433
5794,853
5795,1213
5796,937
5797,1024
5798,945
5799,1114
5800,15089
5801,2261
5802,1578
5803,1478
5804,1273
5805,1705
5806,1169
5807,1730
5808,1475
5809,1215
5810,1796
5811,1456
5812,1863
5813,1278
5814,1198
5815,1220
5816,1030
5817,1046
5818,1169
5819,1168
5820,1711
5821,1142
5822,1865
5823,1162
5824,1209
5825,1438
5826,981
5827,1293
5828,1368
5829,1230
5830,1719
5831,969
5832,1274
5833,1726
5834,1055
5835,1047
5836,927
5837,1030
5838,1037
5839,1156
5840,1854
5841,1231
5842,1085
5843,1165
5844,1292
5845,1773
5846,1058
5847,1006
5848,1018
5849,1566
5850,4295
5851,1155
5852,1219
5853,977
5854,941
5855,1347
5856,1227
5857,1054
5858,1865
5859,1239
5860,1976
5861,2117
5862,978
5863,955
5864,1030
5865,1080
5866,1462
5867,1183
5868,1636
5869,1157
5870,4799
5871,1225
5872,1015
5873,953
5874,1090
5875,1417
5876,1605
5877,1045
5878,954
5879,931
5880,1891
5881,1536
5882,1123
5883,1079
5884,1170
5885,1359
5886,1085
5887,1249
5888,1539
5889,1360
5890,1772
5891,1151
5892,1058
5893,896
5894,914
5895,1425
5896,823
5897,1268
5898,978
5899,1090
5900,9536
5901,2736
5902,1350
5903,1315
5904,1173
5905,1574
5906,1361
5907,1440
5908,1300
5909,1512
5910,1587
5911,1519
5912,1149
5913,927
5914,1302
5915,1132
5916,954
5917,1278
5918,1096
5919,1140
5920,1633
5921,1062
5922,1181
5923,1422
5924,1053
5925,1272
5926,1003
5927,1117
5928,1077
5929,959
5930,2052
5931,1291
5932,1086
5933,968
5934,861
5935,1143
5936,1070
5937,1140
5938,1066
5939,1052
5940,1472
5941,1067
5942,1048
5943,915
5944,995
5945,1193
5946,1140
5947,943
5948,929
5949,1204
5950,2476
5951,1180
5952,1113
5953,959
5954,955
5955,1484
5956,1111
5957,944
5958,1077
5959,1730
5960,1617
5961,1497
5962,1486
5963,1229
5964,1082
5965,1236
5966,979
5967,1228
5968,1143
5969,946
5970,3009
5971,1068
5972,1078
5973,1222
5974,943
5975,1622
5976,900
5977,1038
5978,1090
5979,1042
5980,1326
5981,1010
5982,882
5983,881
5984,1728
5985,1309
5986,1041
5987,1058
5988,1133
5989,1009
5990,1490
5991,1195
5992,1233
5993,988
5994,1068
5995,1517
5996,1143
5997,988
5998,1229
5999,2463
6000,203587
6001,5747
6002,3181
6003,2277
6004,2112
6005,2467
6006,2686
6007,1572
6008,2163
6009,1931
6010,3449
6011,2736
6012,2540
6013,1924
6014,1363
6015,1850
6016,1635
6017,1228
6018,1484
6019,1366
6020,2838
6021,2084
6022,1644
6023,1286
6024,1310
6025,1749
6026,1163
6027,1154
6028,1483
6029,1265
6030,2176
6031,1246
6032,1361
6033,1634
6034,1167
6035,1405
6036,1113
6037,1106
6038,996
6039,1108
6040,2312
6041,1251
6042,1477
6043,1034
6044,1085
6045,1344
6046,1018
6047,946
6048,1226
6049,1230
6050,4591
6051,1250
6052,1183
6053,1363
6054,975
6055,1662
6056,1338
6057,998
6058,1049
6059,1139
6060,4309
6061,8478
6062,1895
6063,2518
6064,1231
6065,1285
6066,1731
6067,1274
6068,1208
6069,979
6070,2126
6071,1021
6072,1191
6073,1081
6074,950
6075,1332
6076,1232
6077,1068
6078,1093
6079,1384
6080,2773
6081,1121
6082,1629
6083,1146
6084,2246
6085,1426
6086,1232
6087,985
6088,1138
6089,1039
6090,2067
6091,1179
6092,1209
6093,1128
6094,1077
6095,1099
6096,1301
6097,1178
6098,1016
6099,1132
6100,11492
6101,2657
6102,3020
6103,2510
6104,1422
6105,2271
6106,1850
6107,2105
6108,1645
6109,1852
6110,2433
6111,2899
6112,1629
6113,1110
6114,1349
6115,2080
6116,1575
6117,1225
6118,1250
6119,1105
6120,3166
6121,1675
6122,1264
6123,1719
6124,1387
6125,1814
6126,1204
6127,1084
6128,2469
6129,1015
6130,2582
6131,1993
6132,1431
6133,1521
6134,929
6135,1413
6136,1234
6137,1019
6138,1205
6139,3629
6140,1610
6141,1257
6142,1035
6143,1351
6144,2302
6145,1501
6146,1201
6147,1095
6148,1348
6149,998
6150,3679
6151,1648
6152,1182
6153,1100
6154,1267
6155,1304
6156,1136
6157,1086
6158,857
6159,848
6160,1829
6161,2009
6162,1500
6163,1708
6164,1377
6165,1404
6166,1860
6167,1354
6168,1104
6169,997
6170,1344
6171,1192
6172,1076
6173,1125
6174,1757
6175,1390
6176,1468
6177,1024
6178,859
6179,1108
6180,2160
6181,1125
6182,1052
6183,942
6184,931
6185,1066
6186,864
6187,839
6188,1078
6189,933
6190,1284
6191,1199
6192,981
6193,935
6194,938
6195,900
6196,1072
6197,941
6198,869
6199,1243
6200,13100
6201,2051
6202,1450
6203,2685
6204,1530
6205,1741
6206,1215
6207,1605
6208,1196
6209,1139
6210,2365
6211,1645
6212,4043
6213,1227
6214,1269
6215,1648
6216,1069
6217,1121
6218,1033
6219,915
6220,1877
6221,2394
6222,1823
6223,1667
6224,1190
6225,1412
6226,1505
6227,1153
6228,1140
6229,1174
6230,2426
6231,1206
6232,1177
6233,1500
6234,1464
6235,1433
6236,1177
6237,1484
6238,1201
6239,1295
6240,2139
6241,1194
6242,1334
6243,987
6244,1211
6245,1092
6246,984
6247,1153
6248,1039
6249,1114
6250,4922
6251,1834
6252,1314
6253,1244
6254,1263
6255,1312
6256,1565
6257,1121
6258,1442
6259,991
6260,1617
6261,1432
6262,1776
6263,1450
6264,2011
6265,1445
6266,1299
6267,1111
6268,1267
6269,1289
6270,1898
6271,1404
6272,1335
6273,5135
6274,1094
6275,1240
6276,1215
6277,1850
6278,1400
6279,1190
6280,1682
6281,1158
6282,1160
6283,1116
6284,1150
6285,1368
6286,1010
6287,1125
6288,1386
6289,947
6290,1190
6291,1152
6292,1108
6293,796
6294,853
6295,1016
6296,1096
6297,887
6298,959
6299,1090
6300,12888
6301,2185
6302,1513
6303,1527
6304,1395
6305,1237
6306,1151
6307,990
6308,1207
6309,1645
6310,1982
6311,1743
6312,1399
6313,1171
6314,1058
6315,1167
6316,1014
6317,1247
6318,969
6319,928
6320,1681
6321,1460
6322,1184
6323,1133
6324,1228
6325,1208
6326,1122
6327,1006
6328,1169
6329,1194
6330,1933
6331,1621
6332,1313
6333,2275
6334,1298
6335,1166
6336,1432
6337,1287
6338,1137
6339,1179
6340,1382
6341,988
6342,1014
6343,1109
6344,1060
6345,1102
6346,1141
6347,1097
6348,2312
6349,970
6350,2466
6351,1262
6352,1201
6353,1012
6354,872
6355,1476
6356,1110
6357,1377
6358,828
6359,855
6360,1597
6361,3460
6362,1240
6363,2014
6364,1258
6365,1538
6366,1410
6367,1388
6368,1082
6369,1142
6370,1417
6371,2096
6372,1096
6373,1216
6374,1342
6375,1473
6376,913
6377,1037
6378,1882
6379,4758
6380,1514
6381,982
6382,959
6383,986
6384,1048
6385,969
6386,1055
6387,869
6388,1102
6389,987
6390,1065
6391,1053
6392,974
6393,1081
6394,927
6395,1253
6396,926
6397,1992
6398,1038
6399,1222
6400,21348
6401,1897
6402,1546
6403,1175
6404,1244
6405,1411
6406,1156
6407,1103
6408,1126
6409,1264
6410,1916
6411,1579
6412,1251
6413,963
6414,956
6415,1094
6416,1160
6417,1110
6418,982
6419,1058
6420,1834
6421,1197
6422,1274
6423,1056
6424,1095
6425,1434
6426,1083
6427,935
6428,961
6429,1317
6430,1295
6431,1069
6432,1312
6433,1195
6434,1066
6435,1262
6436,910
6437,1076
6438,1285
6439,771
6440,1640
6441,1275
6442,1087
6443,1688
6444,1298
6445,1108
6446,1262
6447,958
6448,984
6449,905
6450,2440
6451,866
6452,944
6453,1142
6454,1179
6455,1359
6456,1011
6457,1080
6458,1102
6459,999
6460,1468
6461,1084
6462,1065
6463,1189
6464,1672
6465,1398
6466,1532
6467,1067
6468,1280
6469,1154
6470,1186
6471,1000
6472,1023
6473,1064
6474,1246
6475,1638
6476,881
6477,1013
6478,1437
6479,798
6480,1582
6481,874
6482,1040
6483,1097
6484,1455
6485,939
6486,811
6487,914
6488,1090
6489,1084
6490,1548
6491,925
6492,1038
6493,850
6494,1383
6495,1054
6496,985
6497,957
6498,928
6499,970
6500,33445
6501,2176
6502,42048
6503,1395
6504,1255
6505,2077
6506,1124
6507,1350
6508,1187
6509,1491
6510,3244
6511,2485
6512,1810
6513,1198
6514,1130
6515,1333
6516,1194
6517,899
6518,1124
6519,1814
6520,2437
6521,1006
6522,1749
6523,948
6524,954
6525,1414
6526,1264
6527,851
6528,1065
6529,896
6530,1549
6531,1218
6532,1304
6533,1045
6534,1328
6535,1407
6536,1296
6537,837
6538,1218
6539,918
6540,1190
6541,1037
6542,1082
6543,1830
6544,1035
6545,1243
6546,912
6547,970
6548,909
6549,868
6550,3854
6551,1380
6552,1088
6553,1284
6554,940
6555,1816
6556,1382
6557,928
6558,839
6559,922
6560,1827
6561,1859
6562,1076
6563,1036
6564,916
6565,1750
6566,1456
6567,1370
6568,1078
6569,1162
6570,1695
6571,972
6572,932
6573,1469
6574,821
6575,1046
6576,1148
6577,914
6578,931
6579,815
6580,1301
6581,1547
6582,996
6583,1291
6584,1173
6585,1157
6586,706
6587,882
6588,920
6589,754
6590,1017
6591,829
6592,844
6593,858
6594,781
6595,1001
6596,1269
6597,876
6598,736
6599,882
6600,16656
6601,1672
6602,1299
6603,1339
6604,1260
6605,1328
6606,1581
6607,1008
6608,1155
6609,888
6610,1733
6611,2028
6612,1110
6613,1380
6614,949
6615,1222
6616,1130
6617,965
6618,814
6619,883
6620,1609
6621,1232
6622,1256
6623,858
6624,1000
6625,1063
6626,949
6627,881
6628,885
6629,896
6630,1684
6631,975
6632,2813
6633,2648
6634,911
6635,918
6636,1318
6637,900
6638,891
6639,885
6640,1379
6641,1001
6642,1228
6643,1128
6644,1182
6645,1120
6646,1032
6647,854
6648,936
6649,1011
6650,1932
6651,1285
6652,935
6653,1177
6654,1014
6655,1799
6656,1186
6657,916
6658,770
6659,970
6660,1526
6661,1119
6662,1596
6663,1161
6664,1318
6665,1406
6666,7639
6667,6006
6668,1596
6669,1420
6670,2185
6671,1174
6672,1604
6673,1221
6674,1105
6675,1032
6676,1286
6677,1495
6678,1068
6679,866
6680,1697
6681,943
6682,1037
6683,1007
6684,998
6685,903
6686,1006
6687,834
6688,1417
6689,858
6690,1229
6691,990
6692,858
6693,705
6694,1232
6695,930
6696,985
6697,1249
6698,874
6699,3355
6700,10106
6701,1766
6702,1270
6703,1115
6704,1191
6705,1130
6706,1195
6707,1169
6708,1325
6709,1101
6710,1565
6711,1141
6712,1194
6713,1058
6714,1018
6715,1019
6716,1299
6717,1053
6718,916
6719,956
6720,1850
6721,963
6722,1006
6723,1048
6724,955
6725,1161
6726,1035
6727,964
6728,938
6729,943
6730,1176
6731,1301
6732,1019
6733,973
6734,954
6735,1204
6736,9548
6737,955
6738,886
6739,912
6740,1266
6741,911
6742,1012
6743,960
6744,1008
6745,1058
6746,760
6747,2145
6748,876
6749,1316
6750,3363
6751,1264
6752,1346
6753,949
6754,798
6755,1143
6756,772
6757,1079
6758,1099
6759,840
6760,1246
6761,865
6762,1045
6763,1062
6764,944
6765,1308
6766,933
6767,1628
6768,1089
6769,1441
6770,2075
6771,1019
6772,1089
6773,1116
6774,956
6775,1085
6776,1110
6777,1644
6778,1000
6779,1061
6780,1321
6781,939
6782,905
6783,788
6784,891
6785,1170
6786,856
6787,1134
6788,993
6789,7539
6790,1444
6791,1229
6792,816
6793,944
6794,747
6795,891
6796,821
6797,948
6798,858
6799,906
6800,17581
6801,1798
6802,1258
6803,2988
6804,1388
6805,1244
6806,1064
6807,1138
6808,1202
6809,3562
6810,3991
6811,1568
6812,1085
6813,956
6814,1171
6815,919
6816,910
6817,1050
6818,916
6819,1093
6820,1769
6821,997
6822,2094
6823,1026
6824,1132
6825,1223
6826,1052
6827,802
6828,790
6829,791
6830,1619
6831,1136
6832,938
6833,1251
6834,1181
6835,824
6836,935
6837,864
6838,932
6839,851
6840,1402
6841,950
6842,932
6843,834
6844,967
6845,1440
6846,1431
6847,995
6848,955
6849,749
6850,3463
6851,1658
6852,900
6853,880
6854,1120
6855,994
6856,891
6857,829
6858,946
6859,844
6860,1133
6861,995
6862,861
6863,778
6864,979
6865,1481
6866,887
6867,893
6868,1803
6869,1195
6870,3668
6871,969
6872,2012
6873,887
6874,940
6875,3259
6876,962
6877,1080
6878,1103
6879,1196
6880,1501
6881,1278
6882,1256
6883,980
6884,1004
6885,944
6886,921
6887,903
6888,1797
6889,1073
6890,1630
6891,894
6892,1409
6893,714
6894,875
6895,960
6896,884
6897,1147
6898,869
6899,955
6900,8710
6901,1703
6902,1395
6903,1336
6904,1079
6905,1151
6906,1327
6907,891
6908,879
6909,1111
6910,1310
6911,1382
6912,1398
6913,831
6914,1557
6915,1214
6916,846
6917,928
6918,907
6919,840
6920,1757
6921,885
6922,2073
6923,904
6924,1162
6925,1021
6926,747
6927,763
6928,1218
6929,930
6930,1477
6931,922
6932,827
6933,1106
6934,875
6935,1221
6936,876
6937,924
6938,846
6939,1279
6940,1220
6941,1070
6942,874
6943,747
6944,937
6945,902
6946,1556
6947,1092
6948,786
6949,748
6950,3246
6951,917
6952,828
6953,721
6954,845
6955,1193
6956,701
6957,781
6958,901
6959,885
6960,1270
6961,988
6962,1017
6963,1289
6964,877
6965,1034
6966,879
6967,780
6968,1934
6969,2308
6970,2814
6971,1215
6972,1085
6973,1025
6974,894
6975,1093
6976,1580
6977,1039
6978,878
6979,1156
6980,1341
6981,1114
6982,949
6983,816
6984,1008
6985,1026
6986,822
6987,776
6988,1046
6989,1348
6990,4085
6991,979
6992,1017
6993,900
6994,753
6995,1308
6996,1288
6997,866
6998,894
6999,1913
7000,115082
7001,4881
7002,2648
7003,2167
7004,2078
7005,2319
7006,2470
7007,4079
7008,1706
7009,1692
7010,3072
7011,2078
7012,1847
7013,1583
7014,1363
7015,2296
7016,1352
7017,1463
7018,1863
7019,1168
7020,2819
7021,1528
7022,1385
7023,1214
7024,1269
7025,1575
7026,1073
7027,1485
7028,1231
7029,1128
7030,2731
7031,1452
7032,1028
7033,1101
7034,1301
7035,1183
7036,1328
7037,1389
7038,848
7039,988
7040,1975
7041,1165
7042,1369
7043,1423
7044,1308
7045,1060
7046,1048
7047,984
7048,1118
7049,1035
7050,2676
7051,1095
7052,1080
7053,934
7054,1160
7055,1331
7056,1170
7057,893
7058,972
7059,1009
7060,1768
7061,1089
7062,858
7063,1038
7064,1019
7065,1147
7066,1067
7067,886
7068,959
7069,1109
7070,3365
7071,2772
7072,1529
7073,1218
7074,1038
7075,5202
7076,1091
7077,1632
7078,1087
7079,1112
7080,2183
7081,927
7082,1345
7083,1282
7084,900
7085,1102
7086,871
7087,969
7088,990
7089,1064
7090,2549
7091,1089
7092,948
7093,858
7094,1893
7095,1204
7096,1051
7097,789
7098,781
7099,1399
7100,10290
7101,2015
7102,1982
7103,1687
7104,1332
7105,1365
7106,1422
7107,1322
7108,1159
7109,1209
7110,2849
7111,2405
7112,1469
7113,1058
7114,1160
7115,974
7116,1144
7117,1442
7118,963
7119,1318
7120,2537
7121,1507
7122,1391
7123,1333
7124,957
7125,1514
7126,1181
7127,1086
7128,978
7129,1426
7130,1761
7131,1276
7132,892
7133,1432
7134,1161
7135,1331
7136,1526
7137,1002
7138,889
7139,1045
7140,1473
7141,1629
7142,1215
7143,1237
7144,937
7145,1042
7146,1523
7147,816
7148,952
7149,771
7150,3294
7151,1109
7152,1318
7153,1133
7154,1137
7155,1193
7156,940
7157,833
7158,958
7159,931
7160,1584
7161,1063
7162,851
7163,1735
7164,1098
7165,1298
7166,982
7167,3069
7168,1165
7169,958
7170,1429
7171,1877
7172,1377
7173,1185
7174,1091
7175,1106
7176,1446
7177,1164
7178,1051
7179,796
7180,1372
7181,1251
7182,1029
7183,1438
7184,985
7185,1214
7186,1179
7187,855
7188,1357
7189,924
7190,1830
7191,1053
7192,921
7193,1052
7194,877
7195,1267
7196,853
7197,777
7198,848
7199,1225
7200,27394
7201,2746
7202,1902
7203,1957
7204,1341
7205,1607
7206,2470
7207,1403
7208,1208
7209,1138
7210,1921
7211,1440
7212,1454
7213,1111
7214,1047
7215,1144
7216,1739
7217,925
7218,1090
7219,1353
7220,1751
7221,1222
7222,2052
7223,1411
7224,1190
7225,1468
7226,1073
7227,1360
7228,1101
7229,1047
7230,1533
7231,1450
7232,1108
7233,2548
7234,1443
7235,1084
7236,1006
7237,1085
7238,899
7239,983
7240,1445
7241,979
7242,1129
7243,1413
7244,1030
7245,1234
7246,1143
7247,913
7248,968
7249,925
7250,2813
7251,1081
7252,1206
7253,1040
7254,913
7255,1061
7256,1345
7257,887
7258,1165
7259,755
7260,1822
7261,951
7262,1316
7263,1018
7264,995
7265,969
7266,987
7267,985
7268,825
7269,881
7270,1262
7271,839
7272,1875
7273,1309
7274,1415
7275,5172
7276,1019
7277,1655
7278,1183
7279,882
7280,2000
7281,1084
7282,1101
7283,1099
7284,1044
7285,1044
7286,878
7287,1222
7288,1115
7289,1468
7290,1555
7291,1039
7292,1050
7293,1021
7294,869
7295,989
7296,867
7297,2340
7298,820
7299,989
7300,9908
7301,1587
7302,1385
7303,1296
7304,1267
7305,1508
7306,1285
7307,1185
7308,1228
7309,987
7310,1791
7311,1449
7312,1110
7313,967
7314,815
7315,994
7316,978
7317,942
7318,869
7319,1097
7320,1758
7321,1204
7322,1126
7323,1329
7324,1342
7325,1455
7326,2317
7327,854
7328,1082
7329,900
7330,3890
7331,1361
7332,965
7333,1985
7334,1206
7335,1102
7336,1065
7337,1252
7338,833
7339,793
7340,3169
7341,884
7342,783
7343,837
7344,892
7345,1086
7346,758
7347,927
7348,959
7349,739
7350,1751
7351,1035
7352,1094
7353,990
7354,803
7355,1256
7356,1106
7357,1080
7358,931
7359,836
7360,1729
7361,967
7362,1111
7363,869
7364,960
7365,877
7366,1179
7367,894
7368,1118
7369,1036
7370,1661
7371,1048
7372,964
7373,1767
7374,1159
7375,1402
7376,1012
7377,1261
7378,1559
7379,907
7380,1347
7381,1130
7382,1154
7383,993
7384,929
7385,1059
7386,1235
7387,1409
7388,1194
7389,859
7390,1407
7391,1140
7392,915
7393,1441
7394,922
7395,930
7396,821
7397,722
7398,756
7399,1207
7400,9282
7401,1885
7402,1752
7403,1371
7404,1888
7405,1671
7406,955
7407,1292
7408,1476
7409,940
7410,1943
7411,1815
7412,1224
7413,980
7414,1162
7415,961
7416,882
7417,985
7418,834
7419,848
7420,2005
7421,1388
7422,1259
7423,1247
7424,1220
7425,1740
7426,998
7427,1030
7428,930
7429,1056
7430,1387
7431,1154
7432,2080
7433,1248
7434,1476
7435,1158
7436,950
7437,877
7438,828
7439,1167
7440,2746
7441,1034
7442,1031
7443,973
7444,1665
7445,1598
7446,1154
7447,1662
7448,944
7449,715
7450,2058
7451,1114
7452,969
7453,1002
7454,854
7455,1132
7456,1398
7457,932
7458,1363
7459,913
7460,1095
7461,857
7462,862
7463,1213
7464,1085
7465,932
7466,989
7467,1761
7468,1008
7469,1216
7470,1406
7471,912
7472,946
7473,985
7474,1845
7475,1713
7476,1110
7477,1021
7478,989
7479,879
7480,1281
7481,1034
7482,955
7483,925
7484,1484
7485,1326
7486,1423
7487,1026
7488,1003
7489,1071
7490,1561
7491,1192
7492,934
7493,914
7494,1071
7495,1112
7496,894
7497,839
7498,2103
7499,1451
7500,45045
7501,1958
7502,1382
7503,1569
7504,1050
7505,1591
7506,2772
7507,1019
7508,988
7509,1356
7510,1951
7511,1565
7512,1365
7513,1104
7514,1225
7515,1259
7516,1058
7517,1049
7518,1077
7519,1273
7520,2484
7521,1086
7522,1136
7523,954
7524,1176
7525,1725
7526,1107
7527,909
7528,1020
7529,1279
7530,1246
7531,1156
7532,876
7533,1048
7534,999
7535,1114
7536,814
7537,935
7538,998
7539,878
7540,1340
7541,949
7542,1206
7543,1142
7544,1043
7545,1194
7546,1927
7547,952
7548,1044
7549,891
7550,2054
7551,2032
7552,934
7553,1146
7554,5289
7555,1775
7556,1151
7557,1287
7558,842
7559,1320
7560,1372
7561,894
7562,905
7563,823
7564,725
7565,1033
7566,1635
7567,1600
7568,845
7569,941
7570,1150
7571,879
7572,791
7573,735
7574,704
7575,2275
7576,1029
7577,1342
7578,972
7579,773
7580,1810
7581,922
7582,6069
7583,1026
7584,990
7585,1030
7586,746
7587,1006
7588,833
7589,1009
7590,1480
7591,1059
7592,904
7593,907
7594,1018
7595,1042
7596,827
7597,712
7598,940
7599,990
7600,11703
7601,2725
7602,1369
7603,1525
7604,1007
7605,1139
7606,1376
7607,1345
7608,1173
7609,926
7610,3341
7611,1378
7612,977
7613,2330
7614,1183
7615,1052
7616,984
7617,751
7618,809
7619,1249
7620,1381
7621,1017
7622,1061
7623,1086
7624,1062
7625,1316
7626,837
7627,989
7628,950
7629,969
7630,1114
7631,981
7632,1468
7633,931
7634,1249
7635,879
7636,1266
7637,1590
7638,926
7639,910
7640,1057
7641,1208
7642,891
7643,1323
7644,989
7645,1830
7646,917
7647,1375
7648,894
7649,775
7650,2183
7651,727
7652,1250
7653,1561
7654,1572
7655,997
7656,1328
7657,918
7658,899
7659,1109
7660,1265
7661,1258
7662,874
7663,1158
7664,1248
7665,1122
7666,1086
7667,1542
7668,868
7669,1193
7670,1158
7671,1333
7672,756
7673,874
7674,879
7675,1019
7676,1621
7677,1133
7678,1304
7679,1359
7680,2555
7681,1197
7682,799
7683,834
7684,755
7685,840
7686,777
7687,1229
7688,955
7689,796
7690,868
7691,775
7692,1165
7693,821
7694,714
7695,1106
7696,841
7697,707
7698,841
7699,839
7700,9849
7701,3045
7702,2107
7703,1217
7704,1180
7705,1282
7706,997
7707,1057
7708,1011
7709,914
7710,2077
7711,1761
7712,1294
7713,1103
7714,1547
7715,1218
7716,1015
7717,3720
7718,971
7719,834
7720,1666
7721,1772
7722,2044
7723,1067
7724,932
7725,1311
7726,1404
7727,1232
7728,1095
7729,968
7730,2117
7731,1023
7732,1002
7733,1438
7734,2241
7735,1320
7736,1065
7737,1408
7738,965
7739,966
7740,1391
7741,892
7742,1098
7743,979
7744,1147
7745,1217
7746,867
7747,1554
7748,1423
7749,914
7750,3807
7751,1297
7752,994
7753,1514
7754,798
7755,1283
7756,773
7757,1304
7758,998
7759,1285
7760,1401
7761,920
7762,835
7763,865
7764,1007
7765,987
7766,1430
7767,1164
7768,901
7769,911
7770,2892
7771,1418
7772,1026
7773,1018
7774,1107
7775,1208
7776,1885
7777,10197
7778,1893
7779,1599
7780,1455
7781,983
7782,1308
7783,1046
7784,873
7785,946
7786,1659
7787,1186
7788,1894
7789,1184
7790,1810
7791,893
7792,912
7793,1223
7794,804
7795,1008
7796,874
7797,1112
7798,825
7799,1915
7800,16014
7801,1477
7802,1246
7803,1605
7804,952
7805,5092
7806,1112
7807,973
7808,1238
7809,1121
7810,1648
7811,1238
7812,2242
7813,934
7814,966
7815,1064
7816,1442
7817,1941
7818,1027
7819,911
7820,1347
7821,1189
7822,1195
7823,903
7824,979
7825,1371
7826,841
7827,1600
7828,1010
7829,693
7830,974
7831,1230
7832,840
7833,1321
7834,937
7835,833
7836,1596
7837,952
7838,845
7839,960
7840,1200
7841,937
7842,768
7843,1053
7844,1063
7845,894
7846,774
7847,836
7848,1203
7849,817
7850,3974
7851,1386
7852,862
7853,919
7854,1427
7855,1214
7856,764
7857,861
7858,974
7859,669
7860,1364
7861,1142
7862,856
7863,1210
7864,2086
7865,768
7866,1207
7867,1892
7868,1169
7869,4658
7870,3841
7871,988
7872,1143
7873,1155
7874,1136
7875,1905
7876,1189
7877,1006
7878,1656
7879,1147
7880,1525
7881,1198
7882,1132
7883,796
7884,934
7885,1246
7886,913
7887,1407
7888,2043
7889,922
7890,3981
7891,937
7892,899
7893,781
7894,1061
7895,777
7896,906
7897,821
7898,915
7899,1060
7900,8874
7901,2513
7902,1155
7903,1469
7904,1093
7905,1227
7906,1181
7907,1018
7908,1004
7909,1229
7910,1647
7911,1228
7912,1199
7913,966
7914,1615
7915,1672
7916,1004
7917,1208
7918,765
7919,1038
7920,1998
7921,1035
7922,1111
7923,1673
7924,889
7925,1188
7926,1103
7927,878
7928,1015
7929,763
7930,1493
7931,993
7932,866
7933,807
7934,714
7935,927
7936,1078
7937,984
7938,868
7939,944
7940,1374
7941,1034
7942,1281
7943,824
7944,888
7945,767
7946,1044
7947,883
7948,727
7949,870
7950,5062
7951,790
7952,747
7953,765
7954,770
7955,926
7956,926
7957,971
7958,864
7959,791
7960,1672
7961,889
7962,835
7963,626
7964,662
7965,727
7966,1172
7967,1236
7968,933
7969,833
7970,6666
7971,943
7972,800
7973,1355
7974,1281
7975,793
7976,1208
7977,1356
7978,815
7979,1549
7980,1587
7981,1143
7982,806
7983,758
7984,832
7985,867
7986,861
7987,683
7988,753
7989,809
7990,2567
7991,820
7992,815
7993,835
7994,862
7995,1132
7996,620
7997,885
7998,1824
7999,1873
8000,156590
8001,6653
8002,3492
8003,2589
8004,2011
8005,2325
8006,2270
8007,1929
8008,5882
8009,2272
8010,3541
8011,2264
8012,1472
8013,1076
8014,2548
8015,1268
8016,1100
8017,1003
8018,3541
8019,1085
8020,3751
8021,2302
8022,1921
8023,1166
8024,1007
8025,1441
8026,849
8027,1300
8028,1900
8029,1027
8030,1634
8031,1495
8032,2003
8033,1365
8034,1086
8035,1233
8036,1106
8037,1118
8038,1292
8039,980
8040,2158
8041,1159
8042,1371
8043,1116
8044,1089
8045,900
8046,888
8047,2321
8048,1648
8049,1142
8050,4091
8051,9384
8052,2052
8053,1861
8054,918
8055,1384
8056,840
8057,1271
8058,1280
8059,947
8060,1992
8061,1566
8062,1006
8063,831
8064,1094
8065,1343
8066,876
8067,799
8068,1073
8069,1481
8070,1900
8071,1246
8072,917
8073,877
8074,733
8075,2260
8076,868
8077,1163
8078,1537
8079,896
8080,64632
8081,6811
8082,3315
8083,2248
8084,1567
8085,5485
8086,14808
8087,2768
8088,9936
8089,1593
8090,3421
8091,1772
8092,1493
8093,1082
8094,939
8095,935
8096,1404
8097,992
8098,927
8099,1266
8100,9551
8101,1984
8102,1545
8103,1356
8104,1243
8105,1096
8106,1072
8107,987
8108,1967
8109,1419
8110,2243
8111,2438
8112,1376
8113,1300
8114,1027
8115,1012
8116,864
8117,1107
8118,1892
8119,1257
8120,2808
8121,1034
8122,1676
8123,1719
8124,1073
8125,3596
8126,1332
8127,885
8128,1592
8129,1314
8130,2085
8131,1329
8132,887
8133,1731
8134,822
8135,1440
8136,928
8137,2431
8138,1124
8139,1266
8140,1679
8141,918
8142,1076
8143,959
8144,1021
8145,802
8146,1046
8147,1291
8148,776
8149,716
8150,2962
8151,1183
8152,10465
8153,1658
8154,813
8155,1035
8156,1027
8157,1015
8158,748
8159,824
8160,2380
8161,1096
8162,992
8163,855
8164,703
8165,1157
8166,1664
8167,1148
8168,1026
8169,836
8170,1118
8171,1002
8172,1043
8173,966
8174,815
8175,929
8176,1223
8177,1044
8178,840
8179,1006
8180,1661
8181,2381
8182,1232
8183,1101
8184,1355
8185,908
8186,930
8187,762
8188,1115
8189,896
8190,1183
8191,2081
8192,40706
8193,1253
8194,975
8195,1090
8196,974
8197,838
8198,723
8199,830
8200,11347
8201,2099
8202,1690
8203,4387
8204,1370
8205,1760
8206,1379
8207,1117
8208,1247
8209,1469
8210,2036
8211,14246
8212,20039
8213,1553
8214,983
8215,1008
8216,8754
8217,135842
8218,1568
8219,1174
8220,40104
8221,41304
8222,1840
8223,1916
8224,1207
8225,1282
8226,4843
8227,951
8228,2093
8229,944
8230,11368
8231,1025
8232,1801
8233,1242
8234,1245
8235,1062
8236,853
8237,1141
8238,975
8239,1121
8240,1538
8241,847
8242,1236
8243,1232
8244,932
8245,927
8246,800
8247,1848
8248,1589
8249,1049
8250,3419
8251,1031
8252,1152
8253,1335
8254,1251
8255,15900
8256,1093
8257,817
8258,994
8259,1599
8260,1827
8261,837
8262,1127
8263,1135
8264,1372
8265,1079
8266,1361
8267,1655
8268,737
8269,720
8270,1173
8271,959
8272,891
8273,920
8274,902
8275,1052
8276,893
8277,905
8278,1026
8279,1012
8280,1391
8281,1042
8282,1912
8283,1967
8284,1336
8285,968
8286,1340
8287,819
8288,1396
8289,893
8290,1366
8291,814
8292,895
8293,875
8294,893
8295,948
8296,803
8297,921
8298,758
8299,951
8300,8735
8301,2736
8302,1183
8303,1418
8304,937
8305,1092
8306,1158
8307,926
8308,1079
8309,911
8310,2146
8311,1381
8312,1886
8313,1264
8314,1004
8315,984
8316,831
8317,977
8318,787
8319,704
8320,2386
8321,1034
8322,1184
8323,988
8324,1034
8325,1337
8326,984
8327,801
8328,813
8329,912
8330,2365
8331,1137
8332,1546
8333,3769
8334,829
8335,892
8336,1082
8337,983
8338,956
8339,1120
8340,1071
8341,895
8342,886
8343,795
8344,1128
8345,864
8346,997
8347,800
8348,988
8349,728
8350,4234
8351,879
8352,896
8353,979
8354,693
8355,947
8356,1049
8357,701
8358,759
8359,884
8360,1169
8361,926
8362,836
8363,763
8364,1331
8365,743
8366,851
8367,680
8368,757
8369,907
8370,1182
8371,1041
8372,792
8373,1161
8374,832
8375,1048
8376,882
8377,946
8378,1140
8379,906
8380,1145
8381,701
8382,927
8383,1360
8384,939
8385,1298
8386,925
8387,935
8388,1077
8389,974
8390,1354
8391,845
8392,994
8393,705
8394,744
8395,731
8396,793
8397,619
8398,709
8399,812
8400,9715
8401,1503
8402,1030
8403,962
8404,1101
8405,968
8406,833
8407,833
8408,988
8409,720
8410,1233
8411,1182
8412,1179
8413,860
8414,998
8415,944
8416,1474
8417,1502
8418,797
8419,870
8420,1194
8421,1025
8422,1018
8423,1038
8424,2389
8425,997
8426,753
8427,781
8428,866
8429,745
8430,1078
8431,904
8432,1010
8433,894
8434,765
8435,776
8436,881
8437,892
8438,656
8439,893
8440,1122
8441,829
8442,925
8443,4573
8444,1606
8445,873
8446,932
8447,807
8448,1084
8449,703
8450,1522
8451,1099
8452,1129
8453,1110
8454,989
8455,950
8456,1146
8457,1581
8458,735
8459,699
8460,1034
8461,871
8462,929
8463,1011
8464,749
8465,784
8466,807
8467,872
8468,646
8469,794
8470,882
8471,875
8472,4953
8473,833
8474,803
8475,817
8476,902
8477,3910
8478,1024
8479,744
8480,1006
8481,786
8482,1339
8483,691
8484,1538
8485,1087
8486,1249
8487,933
8488,970
8489,656
8490,815
8491,821
8492,708
8493,2219
8494,669
8495,898
8496,682
8497,995
8498,755
8499,1031
8500,21772
8501,2948
8502,1648
8503,881
8504,887
8505,1275
8506,891
8507,939
8508,798
8509,818
8510,1608
8511,1383
8512,1191
8513,786
8514,1146
8515,1119
8516,870
8517,794
8518,709
8519,843
8520,2950
8521,923
8522,889
8523,819
8524,942
8525,2103
8526,942
8527,989
8528,819
8529,1054
8530,1967
8531,836
8532,936
8533,858
8534,808
8535,970
8536,815
8537,689
8538,642
8539,809
8540,1770
8541,981
8542,1305
8543,924
8544,1300
8545,1589
8546,819
8547,759
8548,711
8549,753
8550,1806
8551,923
8552,788
8553,831
8554,830
8555,1613
8556,828
8557,779
8558,3489
8559,728
8560,1343
8561,1018
8562,720
8563,1021
8564,719
8565,782
8566,838
8567,818
8568,862
8569,704
8570,1381
8571,1248
8572,919
8573,1705
8574,792
8575,1095
8576,660
8577,1006
8578,796
8579,793
8580,1532
8581,833
8582,1038
8583,1126
8584,765
8585,1667
8586,893
8587,1103
8588,1000
8589,736
8590,1024
8591,807
8592,970
8593,831
8594,1229
8595,1020
8596,788
8597,777
8598,708
8599,2827
8600,10953
8601,10450
8602,981
8603,948
8604,1209
8605,1152
8606,2111
8607,828
8608,956
8609,837
8610,1758
8611,1428
8612,1060
8613,757
8614,775
8615,970
8616,1031
8617,1568
8618,732
8619,716
8620,1509
8621,1210
8622,905
8623,792
8624,1149
8625,1201
8626,802
8627,725
8628,1132
8629,700
8630,1052
8631,678
8632,893
8633,855
8634,715
8635,781
8636,918
8637,663
8638,793
8639,796
8640,1574
8641,766
8642,779
8643,819
8644,1168
8645,811
8646,745
8647,676
8648,1024
8649,1407
8650,1444
8651,921
8652,1034
8653,582
8654,778
8655,1224
8656,716
8657,738
8658,722
8659,745
8660,1280
8661,804
8662,847
8663,738
8664,992
8665,973
8666,1143
8667,1243
8668,868
8669,1249
8670,953
8671,737
8672,828
8673,702
8674,9034
8675,1217
8676,817
8677,824
8678,649
8679,645
8680,1092
8681,800
8682,855
8683,1120
8684,835
8685,1084
8686,1548
8687,1052
8688,1396
8689,883
8690,1006
8691,802
8692,1111
8693,678
8694,725
8695,736
8696,825
8697,653
8698,606
8699,806
8700,7440
8701,1549
8702,937
8703,1070
8704,1006
8705,1052
8706,899
8707,912
8708,1037
8709,888
8710,1258
8711,1471
8712,1066
8713,721
8714,716
8715,867
8716,905
8717,677
8718,644
8719,874
8720,1051
8721,1355
8722,1402
8723,810
8724,958
8725,944
8726,753
8727,837
8728,677
8729,735
8730,1346
8731,874
8732,965
8733,1153
8734,969
8735,806
8736,902
8737,1264
8738,782
8739,882
8740,1054
8741,1190
8742,1027
8743,643
8744,784
8745,898
8746,1067
8747,1122
8748,738
8749,978
8750,2640
8751,837
8752,769
8753,882
8754,661
8755,997
8756,897
8757,718
8758,696
8759,615
8760,2820
8761,932
8762,916
8763,634
8764,745
8765,1684
8766,1001
8767,2325
8768,698
8769,624
8770,1076
8771,756
8772,823
8773,752
8774,778
8775,1269
8776,1527
8777,1696
8778,863
8779,671
8780,978
8781,774
8782,786
8783,823
8784,641
8785,693
8786,705
8787,2136
8788,1079
8789,1110
8790,1041
8791,895
8792,725
8793,667
8794,1218
8795,663
8796,718
8797,963
8798,739
8799,2278
8800,19957
8801,2419
8802,1907
8803,1175
8804,1198
8805,1214
8806,865
8807,1080
8808,1295
8809,999
8810,1462
8811,1571
8812,1105
8813,755
8814,763
8815,889
8816,1167
8817,1290
8818,993
8819,810
8820,1831
8821,1025
8822,1588
8823,867
8824,1049
8825,1175
8826,850
8827,811
8828,970
8829,837
8830,1891
8831,932
8832,1506
8833,1872
8834,700
8835,818
8836,665
8837,873
8838,923
8839,767
8840,1314
8841,721
8842,740
8843,1060
8844,1430
8845,847
8846,776
8847,654
8848,1667
8849,941
8850,7053
8851,775
8852,777
8853,846
8854,1344
8855,1397
8856,844
8857,966
8858,1037
8859,28679
8860,1394
8861,864
8862,774
8863,969
8864,762
8865,939
8866,1229
8867,628
8868,795
8869,1128
8870,1204
8871,838
8872,889
8873,968
8874,668
8875,989
8876,795
8877,1281
8878,1013
8879,2131
8880,2226
8881,1196
8882,1035
8883,1666
8884,1135
8885,1181
8886,1095
8887,1207
8888,14754
8889,2193
8890,2155
8891,1407
8892,862
8893,719
8894,702
8895,1135
8896,653
8897,786
8898,913
8899,1436
8900,7545
8901,2091
8902,938
8903,1499
8904,847
8905,813
8906,734
8907,772
8908,832
8909,855
8910,2414
8911,1111
8912,1058
8913,684
8914,690
8915,901
8916,745
8917,792
8918,692
8919,789
8920,1123
8921,782
8922,803
8923,827
8924,1359
8925,806
8926,664
8927,693
8928,626
8929,720
8930,1171
8931,867
8932,697
8933,691
8934,607
8935,747
8936,682
8937,702
8938,1898
8939,767
8940,1008
8941,745
8942,758
8943,642
8944,905
8945,903
8946,668
8947,901
8948,702
8949,1622
8950,1287
8951,717
8952,733
8953,594
8954,658
8955,741
8956,733
8957,573
8958,614
8959,684
8960,1128
8961,716
8962,968
8963,686
8964,980
8965,818
8966,892
8967,591
8968,604
8969,944
8970,919
8971,736
8972,873
8973,740
8974,640
8975,690
8976,778
8977,1234
8978,732
8979,735
8980,961
8981,925
8982,651
8983,1604
8984,1493
8985,760
8986,1123
8987,805
8988,1043
8989,1563
8990,1176
8991,1122
8992,857
8993,2288
8994,1072
8995,1013
8996,761
8997,869
8998,1227
8999,2013
9000,108457
9001,31214
9002,3816
9003,2437
9004,2112
9005,2133
9006,2107
9007,2326
9008,1483
9009,2454
9010,2758
9011,1688
9012,1506
9013,969
9014,1086
9015,1167
9016,1076
9017,924
9018,963
9019,738
9020,1821
9021,1067
9022,952
9023,922
9024,903
9025,1229
9026,767
9027,798
9028,792
9029,696
9030,1468
9031,946
9032,1027
9033,884
9034,713
9035,932
9036,945
9037,863
9038,909
9039,1245
9040,1559
9041,1040
9042,1391
9043,762
9044,658
9045,1133
9046,727
9047,902
9048,944
9049,713
9050,2395
9051,1059
9052,946
9053,794
9054,920
9055,1034
9056,1798
9057,653
9058,1330
9059,695
9060,1487
9061,668
9062,702
9063,785
9064,919
9065,748
9066,3994
9067,659
9068,925
9069,785
9070,1475
9071,985
9072,829
9073,732
9074,700
9075,1176
9076,747
9077,942
9078,922
9079,659
9080,1816
9081,1093
9082,734
9083,842
9084,1022
9085,906
9086,557
9087,767
9088,807
9089,1016
9090,5864
9091,2075
9092,2755
9093,1232
9094,750
9095,1000
9096,849
9097,1190
9098,909
9099,1350
9100,8233
9101,2990
9102,1227
9103,1089
9104,1010
9105,1006
9106,899
9107,757
9108,795
9109,807
9110,1554
9111,2151
9112,1133
9113,790
9114,929
9115,1077
9116,989
9117,852
9118,895
9119,1135
9120,1601
9121,925
9122,1048
9123,1092
9124,721
9125,1318
9126,987
9127,709
9128,869
9129,707
9130,1231
9131,1314
9132,710
9133,873
9134,809
9135,743
9136,913
9137,670
9138,764
9139,901
9140,1220
9141,1010
9142,781
9143,784
9144,1760
9145,750
9146,814
9147,683
9148,782
9149,1076
9150,2412
9151,818
9152,839
9153,747
9154,609
9155,1300
9156,554
9157,684
9158,661
9159,649
9160,1265
9161,804
9162,969
9163,705
9164,732
9165,1019
9166,934
9167,1433
9168,734
9169,621
9170,964
9171,2888
9172,679
9173,779
9174,668
9175,809
9176,629
9177,691
9178,703
9179,687
9180,1035
9181,801
9182,707
9183,697
9184,806
9185,789
9186,670
9187,739
9188,829
9189,729
9190,1029
9191,1681
9192,968
9193,1222
9194,812
9195,843
9196,683
9197,745
9198,785
9199,1030
9200,11821
9201,1463
9202,1026
9203,1674
9204,791
9205,1373
9206,826
9207,807
9208,918
9209,818
9210,1590
9211,1668
9212,1116
9213,749
9214,724
9215,877
9216,1521
9217,745
9218,734
9219,788
9220,1220
9221,1035
9222,1643
9223,974
9224,905
9225,1120
9226,726
9227,881
9228,779
9229,1103
9230,1618
9231,1148
9232,994
9233,850
9234,782
9235,1139
9236,685
9237,801
9238,656
9239,744
9240,1102
9241,1452
9242,822
9243,914
9244,777
9245,713
9246,611
9247,777
9248,728
9249,704
9250,2488
9251,817
9252,933
9253,734
9254,686
9255,1056
9256,665
9257,675
9258,1079
9259,734
9260,1253
9261,866
9262,1074
9263,716
9264,757
9265,877
9266,859
9267,802
9268,1220
9269,715
9270,1246
9271,740
9272,964
9273,819
9274,635
9275,898
9276,768
9277,738
9278,744
9279,672
9280,1943
9281,746
9282,958
9283,933
9284,720
9285,739
9286,785
9287,719
9288,838
9289,705
9290,1478
9291,822
9292,1947
9293,880
9294,837
9295,940
9296,801
9297,888
9298,717
9299,1087
9300,8979
9301,1360
9302,792
9303,1109
9304,834
9305,958
9306,905
9307,655
9308,797
9309,791
9310,1458
9311,1214
9312,1033
9313,862
9314,677
9315,942
9316,741
9317,860
9318,631
9319,706
9320,1707
9321,984
9322,884
9323,691
9324,604
9325,2053
9326,1483
9327,752
9328,866
9329,768
9330,1288
9331,931
9332,807
9333,1920
9334,639
9335,1061
9336,746
9337,752
9338,760
9339,1079
9340,1076
9341,1018
9342,623
9343,1377
9344,972
9345,861
9346,921
9347,783
9348,804
9349,681
9350,1598
9351,1161
9352,847
9353,1000
9354,768
9355,1432
9356,696
9357,663
9358,705
9359,636
9360,2002
9361,795
9362,874
9363,751
9364,802
9365,791
9366,713
9367,755
9368,798
9369,796
9370,1427
9371,878
9372,956
9373,743
9374,667
9375,4638
9376,1225
9377,906
9378,1130
9379,587
9380,1264
9381,1201
9382,983
9383,781
9384,1219
9385,897
9386,707
9387,743
9388,894
9389,812
9390,904
9391,805
9392,685
9393,1425
9394,1012
9395,927
9396,797
9397,796
9398,723
9399,908
9400,6377
9401,1205
9402,888
9403,945
9404,926
9405,870
9406,721
9407,798
9408,963
9409,1338
9410,1340
9411,1367
9412,915
9413,919
9414,863
9415,981
9416,775
9417,946
9418,923
9419,772
9420,1014
9421,867
9422,1472
9423,677
9424,1006
9425,942
9426,639
9427,701
9428,809
9429,771
9430,838
9431,653
9432,714
9433,743
9434,911
9435,783
9436,635
9437,691
9438,893
9439,672
9440,1678
9441,754
9442,732
9443,1509
9444,1389
9445,812
9446,630
9447,730
9448,761
9449,852
9450,1441
9451,716
9452,999
9453,902
9454,770
9455,853
9456,723
9457,777
9458,611
9459,696
9460,870
9461,625
9462,731
9463,1001
9464,697
9465,1012
9466,694
9467,740
9468,716
9469,642
9470,744
9471,722
9472,719
9473,838
9474,1013
9475,838
9476,618
9477,968
9478,640
9479,684
9480,837
9481,821
9482,608
9483,555
9484,679
9485,691
9486,711
9487,653
9488,754
9489,693
9490,842
9491,685
9492,758
9493,671
9494,1083
9495,998
9496,869
9497,782
9498,609
9499,921
9500,16828
9501,1342
9502,1118
9503,1007
9504,955
9505,1280
9506,818
9507,823
9508,853
9509,826
9510,1261
9511,1059
9512,1005
9513,890
9514,779
9515,890
9516,1056
9517,903
9518,735
9519,631
9520,984
9521,938
9522,963
9523,751
9524,737
9525,3695
9526,670
9527,1031
9528,688
9529,1062
9530,1625
9531,799
9532,658
9533,948
9534,693
9535,756
9536,1593
9537,630
9538,578
9539,611
9540,1074
9541,947
9542,751
9543,735
9544,850
9545,1247
9546,913
9547,728
9548,857
9549,631
9550,2694
9551,831
9552,916
9553,706
9554,746
9555,2077
9556,916
9557,768
9558,783
9559,995
9560,1375
9561,770
9562,695
9563,620
9564,742
9565,903
9566,882
9567,964
9568,2029
9569,628
9570,1205
9571,707
9572,828
9573,1087
9574,1182
9575,1069
9576,857
9577,850
9578,677
9579,618
9580,1163
9581,660
9582,630
9583,673
9584,991
9585,823
9586,565
9587,616
9588,717
9589,548
9590,1587
9591,710
9592,1021
9593,663
9594,666
9595,2091
9596,960
9597,789
9598,798
9599,1135
9600,26862
9601,1449
9602,1050
9603,925
9604,1251
9605,915
9606,2454
9607,831
9608,940
9609,720
9610,1221
9611,1129
9612,1115
9613,758
9614,693
9615,865
9616,689
9617,726
9618,654
9619,781
9620,973
9621,809
9622,1334
9623,1023
9624,733
9625,888
9626,1066
9627,534
9628,580
9629,860
9630,1838
9631,717
9632,1008
9633,801
9634,563
9635,758
9636,722
9637,1002
9638,564
9639,836
9640,925
9641,756
9642,1285
9643,652
9644,692
9645,942
9646,876
9647,785
9648,748
9649,597
9650,2676
9651,712
9652,612
9653,737
9654,869
9655,793
9656,672
9657,543
9658,1164
9659,722
9660,4012
9661,887
9662,2447
9663,1209
9664,714
9665,766
9666,958
9667,977
9668,643
9669,847
9670,3108
9671,675
9672,751
9673,1112
9674,725
9675,959
9676,578
9677,744
9678,657
9679,1122
9680,750
9681,695
9682,711
9683,602
9684,590
9685,708
9686,1322
9687,681
9688,1106
9689,705
9690,908
9691,587
9692,560
9693,601
9694,617
9695,731
9696,1627
9697,1116
9698,828
9699,909
9700,16613
9701,1187
9702,1031
9703,831
9704,865
9705,956
9706,1029
9707,1099
9708,884
9709,905
9710,1174
9711,1132
9712,980
9713,708
9714,816
9715,731
9716,876
9717,900
9718,549
9719,607
9720,1135
9721,929
9722,831
9723,807
9724,641
9725,782
9726,1061
9727,861
9728,816
9729,881
9730,762
9731,564
9732,674
9733,1192
9734,785
9735,687
9736,897
9737,756
9738,728
9739,630
9740,757
9741,669
9742,715
9743,1033
9744,836
9745,759
9746,621
9747,868
9748,691
9749,588
9750,1748
9751,712
9752,759
9753,672
9754,659
9755,1063
9756,614
9757,631
9758,891
9759,536
9760,1109
9761,684
9762,608
9763,739
9764,650
9765,684
9766,918
9767,696
9768,598
9769,734
9770,1169
9771,695
9772,663
9773,638
9774,676
9775,764
9776,838
9777,1454
9778,790
9779,748
9780,2576
9781,875
9782,502
9783,680
9784,513
9785,804
9786,768
9787,741
9788,751
9789,1046
9790,1805
9791,640
9792,911
9793,739
9794,541
9795,681
9796,1008
9797,1441
9798,866
9799,971
9800,13901
9801,2151
9802,1236
9803,907
9804,808
9805,976
9806,811
9807,812
9808,1017
9809,863
9810,2906
9811,961
9812,933
9813,769
9814,742
9815,797
9816,679
9817,738
9818,722
9819,814
9820,1392
9821,958
9822,2871
9823,673
9824,807
9825,1113
9826,635
9827,724
9828,838
9829,913
9830,1118
9831,831
9832,924
9833,1065
9834,1991
9835,913
9836,722
9837,697
9838,634
9839,671
9840,1029
9841,975
9842,815
9843,763
9844,651
9845,1055
9846,618
9847,607
9848,686
9849,684
9850,2354
9851,693
9852,713
9853,574
9854,551
9855,788
9856,725
9857,771
9858,578
9859,675
9860,1715
9861,1516
9862,1218
9863,616
9864,660
9865,775
9866,711
9867,644
9868,912
9869,4659
9870,969
9871,655
9872,704
9873,840
9874,638
9875,897
9876,2480
9877,996
9878,759
9879,629
9880,1120
9881,638
9882,690
9883,639
9884,591
9885,786
9886,701
9887,1124
9888,1443
9889,860
9890,920
9891,745
9892,553
9893,726
9894,704
9895,1038
9896,859
9897,697
9898,1410
9899,2385
9900,14108
9901,1704
9902,1034
9903,1071
9904,1282
9905,1059
9906,950
9907,808
9908,928
9909,981
9910,1409
9911,1355
9912,1128
9913,1147
9914,775
9915,706
9916,659
9917,680
9918,837
9919,848
9920,953
9921,958
9922,1040
9923,1241
9924,785
9925,1136
9926,1076
9927,628
9928,678
9929,920
9930,2677
9931,700
9932,556
9933,2186
9934,698
9935,692
9936,750
9937,681
9938,890
9939,1166
9940,1138
9941,844
9942,623
9943,685
9944,978
9945,1142
9946,681
9947,779
9948,658
9949,902
9950,1771
9951,752
9952,736
9953,776
9954,849
9955,1319
9956,675
9957,688
9958,760
9959,763
9960,1612
9961,779
9962,582
9963,762
9964,906
9965,1975
9966,2424
9967,714
9968,719
9969,967
9970,882
9971,1098
9972,777
9973,1002
9974,879
9975,1135
9976,807
9977,1013
9978,780
9979,995
9980,1196
9981,1842
9982,1215
9983,858
9984,1164
9985,1203
9986,980
9987,5628
9988,1766
9989,938
9990,2242
9991,1509
9992,1195
9993,1896
9994,1916
9995,3236
9996,1895
9997,2690
9998,3259
9999,50244
10000,165092
