number,count
0,171644842
1,187283155
2,132413974
3,86433651
4,65775237
5,69213116
6,44186056
7,37437160
8,37620222
9,29214499
10,49751328
11,21585567
12,26660844
13,14916009
14,15221977
15,21430096
16,15660461
17,12231164
18,14018071
19,14763352
20,24588629
21,10663143
22,10186381
23,9036218
24,12833708
25,14828143
26,7644664
27,7446170
28,7783877
29,6755049
30,21841750
31,6756390
32,6264351
33,4563008
34,4252873
35,6004094
36,4358558
37,3841185
38,3649682
39,4307012
40,10284815
41,3160893
42,3656530
43,3041077
44,3282863
45,5732287
46,2846931
47,2810620
48,3833859
49,2949308
50,15303655
51,2735646
52,2962034
53,2501724
54,2596314
55,3450273
56,2543972
57,2277243
58,2414295
59,2443211
60,7507086
61,1738616
62,1841427
63,1797000
64,3183166
65,2916373
66,1828827
67,1714706
68,1667284
69,1575741
70,4788183
71,1504353
72,2072997
73,1503156
74,1497042
75,4066416
76,1474313
77,1453810
78,1466645
79,1367608
80,5524756
81,1394903
82,1414761
83,1417894
84,1438371
85,2164338
86,1356907
87,1310465
88,1483382
89,1364190
90,5320709
91,1332032
92,1377213
93,1505264
94,1310131
95,3595163
96,1596529
97,1437311
98,1588311
99,3819765
100,17695086
101,1313502
102,794459
103,686798
104,729997
105,873407
106,683525
107,612837
108,658509
109,580414
110,1255301
111,773850
112,653585
113,513750
114,582224
115,703276
116,567229
117,504849
118,497416
119,494353
120,1983466
121,520769
122,516781
123,778374
124,482598
125,1065198
126,460981
127,834534
128,1050452
129,434262
130,1014999
131,417306
132,449331
133,405365
134,382554
135,576474
136,386487
137,379279
138,378328
139,371436
140,973887
141,367665
142,355438
143,360378
144,446318
145,480880
146,338417
147,347134
148,330283
149,368011
150,2828962
151,347447
152,353380
153,336173
154,319433
155,416504
156,328288
157,314140
158,300992
159,302610
160,1159910
161,313162
162,323230
163,305830
164,303862
165,424225
166,288493
167,293151
168,591339
169,311978
170,645933
171,283550
172,460412
173,275912
174,279127
175,540463
176,295456
177,286235
178,271085
179,284295
180,1284789
181,263081
182,296180
183,333635
184,268770
185,371201
186,252778
187,264757
188,261658
189,267371
190,478972
191,279499
192,633341
193,255172
194,235995
195,333334
196,249983
197,244550
198,243764
199,342613
200,6330008
201,447920
202,401194
203,324163
204,356035
205,363074
206,313140
207,289601
208,315928
209,256740
210,507729
211,290480
212,350640
213,253600
214,268422
215,349636
216,280205
217,247029
218,242204
219,232943
220,633124
221,260091
222,330337
223,269612
224,340230
225,467667
226,236985
227,239117
228,254272
229,239256
230,493219
231,275813
232,271058
233,283310
234,249625
235,296582
236,214436
237,216837
238,223174
239,223366
240,670370
241,220611
242,229841
243,239344
244,222651
245,277213
246,218629
247,223855
248,226840
249,232445
250,2275430
251,217502
252,268929
253,211952
254,271132
255,1823008
256,747279
257,186587
258,171704
259,169132
260,390287
261,174324
262,194309
263,176725
264,238962
265,234229
266,171479
267,174829
268,163931
269,172459
270,414279
271,166731
272,181538
273,190851
274,164078
275,306977
276,166222
277,167170
278,159230
279,165941
280,391318
281,168372
282,157332
283,156311
284,154038
285,213103
286,155929
287,161189
288,186673
289,159952
290,255950
291,144814
292,151817
293,169633
294,146393
295,203295
296,150258
297,151596
298,156573
299,231714
300,3974733
301,305666
302,250781
303,247706
304,246259
305,232860
306,183454
307,174494
308,214677
309,160037
310,318847
311,195642
312,213063
313,172008
314,175670
315,233164
316,173232
317,160525
318,155108
319,158562
320,445561
321,185307
322,169427
323,174542
324,158842
325,288723
326,145806
327,152813
328,148070
329,142070
330,351750
331,147330
332,144355
333,289948
334,142637
335,184868
336,164533
337,141535
338,140798
339,131391
340,274715
341,144028
342,141525
343,152579
344,140402
345,193182
346,131970
347,139694
348,127787
349,144560
350,1097488
351,146106
352,151617
353,139786
354,132976
355,167680
356,137374
357,154343
358,129808
359,127128
360,1170746
361,133141
362,124093
363,130647
364,133702
365,716687
366,135049
367,124073
368,123901
369,118864
370,229818
371,123365
372,122083
373,125970
374,113205
375,330041
376,124545
377,390892
378,114489
379,114382
380,249725
381,114261
382,112108
383,118610
384,159534
385,148357
386,125716
387,114351
388,110080
389,114492
390,185875
391,110964
392,114359
393,106160
394,99837
395,145856
396,106317
397,107033
398,101964
399,164343
400,3260416
401,394422
402,151479
403,243934
404,505394
405,194302
406,142743
407,135400
408,142163
409,130992
410,231382
411,141701
412,144066
413,120749
414,131528
415,170083
416,148509
417,119772
418,110114
419,120216
420,274175
421,120028
422,141280
423,116341
424,116567
425,214870
426,106256
427,112053
428,104798
429,125257
430,198351
431,107913
432,126330
433,111909
434,102783
435,141184
436,99491
437,99316
438,103110
439,95406
440,227877
441,106385
442,104547
443,193480
444,146896
445,120011
446,92088
447,98028
448,109235
449,105964
450,673315
451,121773
452,96663
453,96278
454,111984
455,125310
456,145523
457,108765
458,105734
459,92024
460,192243
461,97438
462,96096
463,92973
464,98241
465,119809
466,90743
467,92047
468,97085
469,93565
470,163554
471,95650
472,92567
473,93640
474,87558
475,151003
476,94878
477,92872
478,88633
479,95172
480,305231
481,87476
482,89411
483,95105
484,91710
485,129344
486,102600
487,86548
488,125813
489,86342
490,145872
491,84460
492,85260
493,83404
494,84491
495,139274
496,88680
497,87352
498,88984
499,168568
500,6475856
501,296109
502,139643
503,147797
504,152309
505,142073
506,108363
507,100260
508,130869
509,117767
510,195376
511,114369
512,419793
513,97786
514,102012
515,118255
516,97197
517,92248
518,96201
519,91730
520,196168
521,98091
522,93966
523,90145
524,88657
525,145006
526,85275
527,88164
528,91597
529,119501
530,173516
531,85840
532,98899
533,89016
534,84120
535,106417
536,87038
537,134752
538,82515
539,79605
540,187092
541,94986
542,81513
543,83362
544,83955
545,97965
546,81532
547,77481
548,76379
549,85859
550,389174
551,81867
552,86434
553,79280
554,76822
555,173095
556,85182
557,74482
558,73068
559,76771
560,185393
561,89540
562,84263
563,77267
564,75253
565,90568
566,72641
567,82679
568,77479
569,71837
570,144878
571,83906
572,71812
573,79526
574,76156
575,119199
576,87536
577,76690
578,67955
579,71865
580,157550
581,74869
582,69400
583,72677
584,69375
585,94319
586,77598
587,82970
588,72496
589,69671
590,114805
591,67830
592,69462
593,68527
594,72193
595,95701
596,66594
597,68454
598,68418
599,108104
600,2141285
601,116533
602,101114
603,95893
604,101397
605,98223
606,89393
607,79607
608,89855
609,86616
610,148664
611,79087
612,96923
613,92318
614,81014
615,103046
616,89576
617,102839
618,87282
619,80237
620,156231
621,78231
622,78248
623,74121
624,80973
625,185734
626,83151
627,70318
628,71217
629,68188
630,154487
631,78250
632,78786
633,78082
634,67108
635,85289
636,79275
637,67323
638,66840
639,74630
640,224155
641,71107
642,85139
643,69572
644,92779
645,88587
646,77713
647,77422
648,71283
649,78279
650,403716
651,79874
652,68228
653,63849
654,65361
655,77407
656,72416
657,65160
658,62392
659,63914
660,147843
661,70283
662,74003
663,64127
664,68124
665,77154
666,149080
667,89443
668,66714
669,62178
670,112350
671,62830
672,68712
673,63938
674,61349
675,105186
676,64141
677,66046
678,74752
679,72199
680,135614
681,60041
682,62558
683,62390
684,62407
685,72429
686,64877
687,64875
688,66772
689,60262
690,98729
691,61572
692,61380
693,60658
694,58020
695,79011
696,61068
697,57880
698,57891
699,88278
700,1467678
701,96869
702,98457
703,90349
704,86960
705,85341
706,77510
707,96910
708,73872
709,69744
710,116936
711,77176
712,72309
713,75744
714,80650
715,83202
716,71439
717,77263
718,88306
719,67068
720,215363
721,69432
722,76112
723,61842
724,68004
725,96124
726,60706
727,82055
728,70916
729,64483
730,112565
731,64311
732,77314
733,65262
734,66002
735,72443
736,60045
737,137361
738,56908
739,55856
740,114569
741,61005
742,60419
743,58728
744,66557
745,79953
746,57732
747,108542
748,63356
749,64202
750,608063
751,64133
752,62170
753,60606
754,66191
755,100874
756,59197
757,78681
758,55028
759,52970
760,123573
761,57834
762,60343
763,59600
764,57345
765,79136
766,57300
767,78324
768,121106
769,56519
770,115238
771,59120
772,62172
773,67784
774,58992
775,94572
776,61686
777,188461
778,60701
779,54350
780,120831
781,64877
782,57715
783,55499
784,65803
785,70991
786,62585
787,101602
788,57481
789,71388
790,84277
791,53304
792,59645
793,52766
794,52358
795,70335
796,52114
797,54478
798,52867
799,82868
800,2181059
801,102150
802,239135
803,71499
804,70788
805,83016
806,62607
807,59692
808,105165
809,57409
810,107469
811,65403
812,72469
813,65925
814,62575
815,77531
816,65827
817,63404
818,67296
819,55772
820,112228
821,61522
822,60767
823,56669
824,58460
825,86263
826,57156
827,54241
828,67563
829,57633
830,101713
831,59797
832,64897
833,79945
834,52597
835,68741
836,53464
837,53511
838,53438
839,51781
840,119529
841,57038
842,56402
843,65988
844,82002
845,96189
846,54931
847,66233
848,57114
849,53716
850,291421
851,54128
852,62504
853,54662
854,55280
855,107742
856,60998
857,54084
858,61533
859,55658
860,104530
861,51693
862,51079
863,55535
864,66728
865,71342
866,139426
867,53614
868,54871
869,49381
870,99622
871,56370
872,53414
873,51184
874,50571
875,112493
876,54297
877,129230
878,49615
879,48983
880,106709
881,50211
882,52600
883,54522
884,50313
885,63109
886,54488
887,51002
888,264937
889,52506
890,77644
891,51331
892,49810
893,51327
894,46382
895,64759
896,54522
897,47598
898,50197
899,69504
900,968512
901,83946
902,67237
903,59299
904,65698
905,74686
906,57517
907,62990
908,60294
909,65212
910,88337
911,394718
912,66136
913,56032
914,63261
915,65965
916,67593
917,63944
918,62689
919,69668
920,120673
921,54020
922,57878
923,53058
924,59242
925,94725
926,49874
927,48717
928,61903
929,53666
930,89543
931,53666
932,50190
933,52124
934,48111
935,59641
936,52731
937,56412
938,48837
939,50695
940,85016
941,58870
942,49410
943,47217
944,55350
945,60331
946,47180
947,47289
948,45891
949,61475
950,196646
951,55717
952,54233
953,48185
954,58684
955,56266
956,48950
957,48191
958,43630
959,48126
960,125248
961,47559
962,50309
963,50407
964,48351
965,57787
966,48132
967,47301
968,50151
969,49651
970,94706
971,53563
972,62287
973,61511
974,47865
975,72307
976,49753
977,48966
978,208066
979,47674
980,103234
981,47309
982,45666
983,45217
984,48656
985,58993
986,46307
987,54003
988,52405
989,53928
990,139966
991,55213
992,54940
993,53361
994,49073
995,105956
996,61442
997,65089
998,65849
999,427980
1000,2827763
1001,131008
1002,102295
1003,41570
1004,35832
1005,37209
1006,35537
1007,115954
1008,31352
1009,26838
1010,72862
1011,42794
1012,35717
1013,29396
1014,29494
1015,34234
1016,226414
1017,35119
1018,27619
1019,23753
1020,54557
1021,43328
1022,25780
1023,44647
1024,426675
1025,31554
1026,22557
1027,21799
1028,20495
1029,33713
1030,41878
1031,40184
1032,21767
1033,27252
1034,19435
1035,25113
1036,18612
1037,24740
1038,79386
1039,21787
1040,59289
1041,20995
1042,21718
1043,19461
1044,21286
1045,25547
1046,25130
1047,18645
1048,20248
1049,20181
1050,70197
1051,22106
1052,20615
1053,21903
1054,24438
1055,26218
1056,26307
1057,19077
1058,17079
1059,18069
1060,40985
1061,19000
1062,18296
1063,23437
1064,25961
1065,22111
1066,36978
1067,20571
1068,19744
1069,17283
1070,42546
1071,19070
1072,22439
1073,32996
1074,25104
1075,21952
1076,17297
1077,21784
1078,18272
1079,18141
1080,171952
1081,19284
1082,17571
1083,20330
1084,18790
1085,21726
1086,31238
1087,18520
1088,34801
1089,22843
1090,29196
1091,17369
1092,16876
1093,56905
1094,18113
1095,28725
1096,19991
1097,39749
1098,27632
1099,71122
1100,193418
1101,51842
1102,25355
1103,32160
1104,23019
1105,25410
1106,19967
1107,22506
1108,21385
1109,40534
1110,37037
1111,129223
1112,23973
1113,20961
1114,18605
1115,25261
1116,18226
1117,20062
1118,19457
1119,17767
1120,34773
1121,20170
1122,23096
1123,19750
1124,18162
1125,25225
1126,29315
1127,17630
1128,31136
1129,16299
1130,31457
1131,17529
1132,17092
1133,17385
1134,16146
1135,18833
1136,29652
1137,19137
1138,16811
1139,16130
1140,25841
1141,16239
1142,18982
1143,16148
1144,16224
1145,47536
1146,20570
1147,15604
1148,15333
1149,18574
1150,43850
1151,18029
1152,25240
1153,15940
1154,15563
1155,28112
1156,16291
1157,15758
1158,18906
1159,19072
1160,22922
1161,20370
1162,16197
1163,15270
1164,16124
1165,16098
1166,14789
1167,18480
1168,13942
1169,14551
1170,25855
1171,15973
1172,18621
1173,15904
1174,13973
1175,22945
1176,17329
1177,35293
1178,13647
1179,15961
1180,23391
1181,15318
1182,17026
1183,14635
1184,14875
1185,18737
1186,55459
1187,15445
1188,16360
1189,16630
1190,21426
1191,15841
1192,17518
1193,14114
1194,16893
1195,15615
1196,13975
1197,14835
1198,16301
1199,24315
1200,418064
1201,29823
1202,26285
1203,19431
1204,24391
1205,20570
1206,21209
1207,19958
1208,18527
1209,17848
1210,29836
1211,20821
1212,29095
1213,19572
1214,19170
1215,26774
1216,20141
1217,15817
1218,15884
1219,16755
1220,28868
1221,19959
1222,21920
1223,21061
1224,18033
1225,24526
1226,16763
1227,17869
1228,16198
1229,15763
1230,30193
1231,19621
1232,18144
1233,16238
1234,142852
1235,20972
1236,15940
1237,15363
1238,14841
1239,15173
1240,26310
1241,16942
1242,19542
1243,17081
1244,18568
1245,20942
1246,15916
1247,14386
1248,16616
1249,16051
1250,72900
1251,18150
1252,31146
1253,17155
1254,17689
1255,17436
1256,17102
1257,16612
1258,16524
1259,16162
1260,32809
1261,16182
1262,13135
1263,14088
1264,14511
1265,16257
1266,14265
1267,14925
1268,14425
1269,12694
1270,23597
1271,16575
1272,15894
1273,22532
1274,16672
1275,21207
1276,14086
1277,14310
1278,14335
1279,17849
1280,75396
1281,14229
1282,14289
1283,14519
1284,16059
1285,16240
1286,12863
1287,14139
1288,13575
1289,13685
1290,23464
1291,17771
1292,16076
1293,13718
1294,13697
1295,18622
1296,20105
1297,14406
1298,14617
1299,18920
1300,202360
1301,50817
1302,20786
1303,18555
1304,18819
1305,20387
1306,17559
1307,35824
1308,16790
1309,16465
1310,25355
1311,17683
1312,18315
1313,20687
1314,17276
1315,18983
1316,15345
1317,15419
1318,13699
1319,13550
1320,28790
1321,16513
1322,15688
1323,16061
1324,16202
1325,25668
1326,15985
1327,16778
1328,14818
1329,13975
1330,25564
1331,17491
1332,22934
1333,22910
1334,15616
1335,16559
1336,14394
1337,36086
1338,13871
1339,12924
1340,22938
1341,14759
1342,14961
1343,15308
1344,18043
1345,17765
1346,15021
1347,15460
1348,16647
1349,15632
1350,45035
1351,14873
1352,12916
1353,15101
1354,12808
1355,15107
1356,13588
1357,13826
1358,12536
1359,13316
1360,21472
1361,14531
1362,12899
1363,13236
1364,15597
1365,27036
1366,22781
1367,14918
1368,18420
1369,13155
1370,19227
1371,58791
1372,15432
1373,15709
1374,12239
1375,16798
1376,13253
1377,15866
1378,13037
1379,12597
1380,21145
1381,14419
1382,14319
1383,13672
1384,13147
1385,15461
1386,14637
1387,13470
1388,13332
1389,14040
1390,17095
1391,13016
1392,16455
1393,12406
1394,19880
1395,15999
1396,12797
1397,13796
1398,13635
1399,18315
1400,175109
1401,23545
1402,18340
1403,16737
1404,19171
1405,19542
1406,15686
1407,14926
1408,17261
1409,14612
1410,22988
1411,15962
1412,15798
1413,13705
1414,16878
1415,23414
1416,15125
1417,13307
1418,13346
1419,13528
1420,25222
1421,14764
1422,15300
1423,14478
1424,14283
1425,17242
1426,11659
1427,13066
1428,13730
1429,14492
1430,24160
1431,15262
1432,14457
1433,19418
1434,13923
1435,18339
1436,13102
1437,13736
1438,13472
1439,13619
1440,60173
1441,20009
1442,13889
1443,12974
1444,15326
1445,15268
1446,13392
1447,12666
1448,11930
1449,12822
1450,44408
1451,14553
1452,15460
1453,20820
1454,12133
1455,17988
1456,13414
1457,11881
1458,12289
1459,12502
1460,22612
1461,15392
1462,13179
1463,13056
1464,12852
1465,12931
1466,11913
1467,14150
1468,12904
1469,15307
1470,18792
1471,25517
1472,16239
1473,14644
1474,12422
1475,18877
1476,13707
1477,13412
1478,13098
1479,12553
1480,21292
1481,11802
1482,14475
1483,18906
1484,13774
1485,18374
1486,12652
1487,12157
1488,13570
1489,12368
1490,18190
1491,14456
1492,31882
1493,16330
1494,16057
1495,15638
1496,11617
1497,14196
1498,14376
1499,18555
1500,564424
1501,27253
1502,22300
1503,19849
1504,18974
1505,19791
1506,17857
1507,16263
1508,16642
1509,18868
1510,24325
1511,20176
1512,19028
1513,17341
1514,15538
1515,24921
1516,18752
1517,19562
1518,19028
1519,19777
1520,40965
1521,25632
1522,17576
1523,17990
1524,18233
1525,24127
1526,17708
1527,16900
1528,15614
1529,15720
1530,30528
1531,16060
1532,16507
1533,16949
1534,17649
1535,22366
1536,32509
1537,15674
1538,18401
1539,17464
1540,30476
1541,18473
1542,18820
1543,17337
1544,14522
1545,19110
1546,15303
1547,18512
1548,15305
1549,17347
1550,46060
1551,17016
1552,16579
1553,18747
1554,14812
1555,20536
1556,16222
1557,16523
1558,19728
1559,20582
1560,26218
1561,15442
1562,16979
1563,16068
1564,19122
1565,19104
1566,15998
1567,15806
1568,16501
1569,15094
1570,22606
1571,17475
1572,17574
1573,16088
1574,14055
1575,19935
1576,15346
1577,15141
1578,14316
1579,14136
1580,24408
1581,15778
1582,18981
1583,15906
1584,17024
1585,18084
1586,15973
1587,16559
1588,19751
1589,15176
1590,24325
1591,19178
1592,18418
1593,15806
1594,16400
1595,17744
1596,17145
1597,16560
1598,19522
1599,21258
1600,257989
1601,28154
1602,23916
1603,35603
1604,26930
1605,26359
1606,22998
1607,26864
1608,22776
1609,25801
1610,32557
1611,26072
1612,22540
1613,19209
1614,18163
1615,20595
1616,23437
1617,17768
1618,20636
1619,25463
1620,36813
1621,22284
1622,19078
1623,21765
1624,19032
1625,25486
1626,18324
1627,16377
1628,19524
1629,18138
1630,32102
1631,18380
1632,21384
1633,19661
1634,20819
1635,21952
1636,19786
1637,19707
1638,21865
1639,19088
1640,57612
1641,20796
1642,27342
1643,20173
1644,26752
1645,21553
1646,23726
1647,17241
1648,24816
1649,21450
1650,57924
1651,20090
1652,18266
1653,18363
1654,18570
1655,20254
1656,19429
1657,16582
1658,18000
1659,17218
1660,44643
1661,20868
1662,21133
1663,18240
1664,21079
1665,23773
1666,24640
1667,22668
1668,17207
1669,17142
1670,25804
1671,16448
1672,19590
1673,17045
1674,17603
1675,22003
1676,17440
1677,16620
1678,17448
1679,16352
1680,34180
1681,18273
1682,18716
1683,19563
1684,17315
1685,23742
1686,17295
1687,18242
1688,26820
1689,24265
1690,26156
1691,17272
1692,22254
1693,17312
1694,17442
1695,19656
1696,17462
1697,18408
1698,17133
1699,20458
1700,157825
1701,33003
1702,24637
1703,26090
1704,23628
1705,21983
1706,23080
1707,26992
1708,22610
1709,25934
1710,30711
1711,24511
1712,21106
1713,19689
1714,22462
1715,26969
1716,19729
1717,22892
1718,21344
1719,19084
1720,33779
1721,20681
1722,22542
1723,21697
1724,20150
1725,24587
1726,20475
1727,22433
1728,24800
1729,20043
1730,33294
1731,19966
1732,21937
1733,22328
1734,21956
1735,23256
1736,20097
1737,21282
1738,21120
1739,19922
1740,33116
1741,22890
1742,22624
1743,22847
1744,22150
1745,29313
1746,23455
1747,21659
1748,24593
1749,24229
1750,70626
1751,23370
1752,26480
1753,26067
1754,26393
1755,33676
1756,27382
1757,29152
1758,31459
1759,28150
1760,40247
1761,24429
1762,25772
1763,34308
1764,27136
1765,30108
1766,26990
1767,26638
1768,28305
1769,30199
1770,45044
1771,27390
1772,31655
1773,30647
1774,36861
1775,57933
1776,82388
1777,42394
1778,36611
1779,33007
1780,50390
1781,36425
1782,37528
1783,45173
1784,37347
1785,37370
1786,34385
1787,50189
1788,45661
1789,70692
1790,61728
1791,47883
1792,55415
1793,50471
1794,44613
1795,47052
1796,43713
1797,43592
1798,50593
1799,48049
1800,357777
1801,58835
1802,49968
1803,63774
1804,55762
1805,52626
1806,54457
1807,48188
1808,49610
1809,60372
1810,65055
1811,50671
1812,103405
1813,52735
1814,59009
1815,75975
1816,52278
1817,51847
1818,59129
1819,57808
1820,86600
1821,61802
1822,53714
1823,51372
1824,60070
1825,65731
1826,53856
1827,53729
1828,59202
1829,58001
1830,108075
1831,65171
1832,73274
1833,65830
1834,66797
1835,74969
1836,77186
1837,81088
1838,70642
1839,73385
1840,117277
1841,77407
1842,73735
1843,74049
1844,77451
1845,84248
1846,82669
1847,83494
1848,109606
1849,86979
1850,171213
1851,101515
1852,82983
1853,82859
1854,91453
1855,92671
1856,92303
1857,100312
1858,93088
1859,99252
1860,165714
1861,155547
1862,140632
1863,137743
1864,138959
1865,158598
1866,103839
1867,112859
1868,111043
1869,104731
1870,163441
1871,120780
1872,111080
1873,104712
1874,101076
1875,123191
1876,114193
1877,102650
1878,105137
1879,109062
1880,183370
1881,130515
1882,125815
1883,121975
1884,118953
1885,130669
1886,126108
1887,126263
1888,135108
1889,136965
1890,191083
1891,139531
1892,134831
1893,138678
1894,130066
1895,154790
1896,146482
1897,139521
1898,152809
1899,153441
1900,414179
1901,205711
1902,169239
1903,180994
1904,179717
1905,200049
1906,186516
1907,181370
1908,200689
1909,188921
1910,269315
1911,257484
1912,235461
1913,221224
1914,303860
1915,245593
1916,240087
1917,294673
1918,320181
1919,263281
1920,431740
1921,219608
1922,227563
1923,217443
1924,216001
1925,231397
1926,223248
1927,225742
1928,236129
1929,271926
1930,365362
1931,227032
1932,241681
1933,295624
1934,261952
1935,268627
1936,282993
1937,279083
1938,291855
1939,370350
1940,433051
1941,351700
1942,344365
1943,314183
1944,363640
1945,511434
1946,339031
1947,367613
1948,403197
1949,347170
1950,547466
1951,316236
1952,335244
1953,347865
1954,356665
1955,370995
1956,388475
1957,387609
1958,389046
1959,403353
1960,639996
1961,447373
1962,476140
1963,494163
1964,549516
1965,558760
1966,530190
1967,614179
1968,656487
1969,650993
1970,889849
1971,634739
1972,685892
1973,680506
1974,670479
1975,722245
1976,713925
1977,696311
1978,741991
1979,810676
1980,1078449
1981,789441
1982,842178
1983,860772
1984,978406
1985,968474
1986,1022473
1987,1015578
1988,1088757
1989,1205818
1990,1541198
1991,1329885
1992,1450162
1993,1459417
1994,1614819
1995,1758766
1996,1881312
1997,1976961
1998,2176804
1999,2577904
2000,4317186
2001,3113583
2002,3094493
2003,3514500
2004,3811387
2005,4317100
2006,4845876
2007,5756175
2008,6947559
2009,6534779
2010,7589667
2011,7591356
2012,8681075
2013,8707741
2014,8762694
2015,8920791
2016,9577483
2017,9990782
2018,10490926
2019,9820072
2020,10160649
2021,7129778
2022,4408428
2023,812853
2024,272592
2025,306580
2026,121854
2027,86456
2028,68218
2029,37280
2030,383662
2031,31558
2032,27466
2033,20683
2034,15728
2035,53539
2036,17912
2037,13808
2038,14735
2039,11699
2040,71474
2041,15053
2042,17864
2043,9933
2044,10803
2045,23304
2046,11437
2047,15789
2048,124380
2049,22749
2050,198872
2051,9901
2052,11106
2053,8309
2054,7939
2055,10775
2056,9313
2057,7359
2058,10704
2059,7870
2060,31207
2061,9083
2062,7672
2063,10612
2064,8354
2065,9613
2066,7972
2067,7991
2068,7605
2069,7549
2070,25197
2071,9099
2072,8823
2073,7727
2074,8986
2075,9923
2076,8212
2077,31229
2078,7806
2079,7436
2080,30101
2081,7647
2082,6262
2083,7115
2084,7247
2085,7342
2086,6217
2087,6922
2088,6938
2089,6693
2090,10302
2091,6439
2092,6482
2093,6275
2094,6282
2095,7439
2096,6237
2097,6543
2098,6061
2099,15676
2100,116577
2101,14610
2102,12666
2103,11444
2104,11954
2105,16099
2106,11859
2107,9976
2108,10752
2109,9520
2110,40948
2111,32795
2112,17451
2113,9928
2114,8879
2115,11196
2116,9163
2117,7616
2118,9211
2119,7973
2120,13055
2121,14421
2122,9512
2123,7766
2124,7137
2125,9685
2126,7525
2127,5964
2128,6740
2129,6347
2130,12164
2131,8189
2132,6471
2133,10257
2134,8153
2135,7567
2136,6686
2137,8588
2138,8532
2139,11081
2140,11684
2141,8286
2142,8703
2143,7623
2144,6696
2145,7684
2146,6011
2147,8038
2148,6825
2149,6718
2150,17175
2151,7736
2152,7194
2153,6497
2154,7019
2155,9244
2156,6410
2157,6372
2158,6014
2159,5740
2160,25393
2161,6919
2162,5886
2163,5849
2164,7521
2165,7426
2166,6855
2167,6127
2168,5556
2169,6130
2170,8360
2171,6457
2172,6423
2173,5471
2174,7528
2175,7698
2176,6328
2177,5611
2178,5789
2179,5476
2180,8562
2181,14879
2182,5897
2183,5767
2184,5784
2185,5767
2186,5136
2187,6575
2188,5429
2189,5220
2190,7318
2191,6705
2192,6282
2193,6402
2194,5559
2195,7226
2196,6954
2197,6136
2198,5106
2199,8573
2200,86222
2201,16640
2202,13481
2203,11839
2204,11444
2205,14122
2206,8497
2207,7132
2208,8140
2209,6786
2210,11391
2211,10049
2212,12375
2213,6546
2214,7128
2215,10932
2216,7451
2217,7300
2218,6601
2219,6640
2220,11202
2221,8319
2222,29036
2223,8587
2224,8220
2225,9638
2226,6141
2227,6924
2228,6865
2229,6952
2230,10743
2231,8424
2232,7074
2233,8431
2234,6234
2235,6628
2236,6713
2237,6334
2238,5367
2239,5695
2240,10658
2241,8274
2242,6522
2243,6995
2244,8293
2245,7127
2246,5959
2247,5857
2248,5575
2249,6432
2250,21060
2251,7599
2252,6528
2253,7008
2254,11836
2255,15302
2256,6387
2257,7076
2258,5481
2259,5778
2260,8318
2261,6784
2262,5733
2263,5778
2264,6336
2265,6497
2266,6003
2267,6302
2268,5703
2269,5462
2270,7155
2271,5312
2272,7110
2273,7035
2274,5157
2275,6523
2276,5227
2277,7243
2278,6019
2279,5308
2280,10750
2281,6895
2282,5673
2283,5405
2284,5949
2285,5765
2286,5275
2287,6206
2288,6465
2289,5176
2290,8226
2291,5235
2292,5378
2293,5250
2294,4834
2295,6041
2296,5345
2297,5115
2298,5087
2299,6685
2300,66355
2301,10545
2302,7428
2303,7025
2304,10895
2305,8109
2306,5952
2307,13920
2308,6585
2309,6068
2310,10431
2311,8014
2312,8750
2313,6713
2314,6695
2315,6971
2316,6131
2317,7148
2318,5862
2319,7058
2320,9854
2321,6708
2322,7363
2323,9445
2324,6888
2325,7390
2326,6014
2327,5888
2328,5646
2329,5511
2330,9346
2331,6066
2332,6354
2333,8327
2334,7027
2335,5971
2336,5854
2337,7821
2338,5213
2339,5846
2340,19859
2341,6594
2342,6448
2343,5943
2344,6626
2345,17034
2346,5795
2347,6485
2348,5360
2349,5652
2350,12898
2351,6010
2352,6123
2353,5539
2354,5186
2355,6237
2356,6372
2357,6048
2358,5011
2359,6842
2360,7592
2361,5418
2362,5226
2363,5271
2364,5492
2365,5663
2366,6049
2367,5596
2368,6448
2369,5725
2370,7022
2371,5732
2372,5560
2373,5583
2374,5194
2375,8791
2376,6808
2377,5750
2378,5128
2379,9777
2380,9960
2381,6095
2382,5113
2383,5300
2384,4769
2385,5312
2386,4959
2387,4861
2388,5195
2389,4921
2390,5855
2391,6213
2392,5968
2393,4821
2394,4944
2395,6298
2396,5129
2397,4796
2398,4612
2399,6143
2400,96295
2401,10375
2402,7133
2403,7291
2404,6253
2405,6738
2406,5575
2407,6502
2408,6289
2409,5557
2410,8166
2411,6318
2412,9083
2413,5955
2414,5930
2415,6690
2416,5401
2417,5430
2418,4831
2419,5733
2420,8708
2421,5715
2422,7062
2423,5650
2424,8436
2425,7566
2426,5286
2427,5358
2428,5245
2429,5463
2430,7088
2431,5942
2432,5338
2433,5566
2434,5378
2435,5870
2436,5528
2437,4928
2438,5362
2439,4762
2440,8110
2441,5717
2442,5508
2443,5375
2444,5653
2445,5872
2446,4873
2447,5166
2448,7194
2449,5265
2450,12796
2451,6263
2452,5316
2453,5083
2454,6233
2455,6402
2456,5516
2457,5582
2458,5682
2459,4625
2460,8731
2461,5092
2462,5082
2463,4531
2464,5130
2465,5540
2466,5102
2467,5034
2468,6018
2469,4825
2470,6172
2471,5280
2472,5511
2473,4744
2474,5189
2475,6082
2476,5950
2477,5374
2478,5832
2479,4620
2480,7400
2481,5111
2482,5075
2483,4656
2484,4629
2485,4951
2486,4811
2487,4574
2488,4798
2489,5368
2490,6242
2491,4775
2492,4490
2493,4689
2494,4862
2495,5856
2496,5498
2497,4679
2498,4590
2499,8149
2500,267081
2501,10314
2502,6307
2503,6076
2504,5843
2505,6794
2506,5422
2507,5499
2508,5476
2509,5518
2510,9343
2511,6762
2512,5872
2513,5131
2514,5501
2515,6243
2516,5459
2517,5167
2518,6023
2519,5696
2520,18553
2521,5829
2522,6861
2523,5354
2524,5529
2525,11491
2526,6500
2527,5491
2528,5171
2529,5316
2530,7103
2531,5651
2532,6594
2533,4952
2534,4713
2535,6236
2536,5790
2537,5156
2538,4765
2539,4748
2540,7865
2541,5377
2542,4561
2543,5127
2544,4962
2545,5544
2546,4454
2547,4904
2548,5243
2549,4831
2550,12946
2551,6173
2552,6050
2553,6238
2554,5204
2555,7318
2556,5112
2557,5327
2558,4916
2559,5633
2560,29126
2561,5358
2562,5665
2563,5528
2564,5234
2565,5464
2566,4327
2567,4769
2568,5295
2569,3958
2570,5782
2571,4677
2572,4132
2573,4119
2574,11602
2575,5758
2576,4414
2577,4877
2578,4657
2579,4611
2580,6834
2581,5141
2582,4796
2583,4769
2584,4719
2585,4724
2586,4269
2587,4344
2588,5020
2589,4171
2590,5814
2591,4671
2592,6363
2593,4519
2594,4280
2595,5176
2596,4692
2597,4567
2598,4180
2599,4940
2600,81115
2601,9228
2602,5394
2603,5375
2604,5578
2605,5961
2606,6937
2607,5286
2608,4655
2609,5043
2610,8336
2611,5991
2612,5327
2613,4733
2614,4611
2615,5663
2616,6658
2617,5168
2618,4929
2619,4574
2620,8309
2621,5010
2622,5155
2623,5695
2624,4384
2625,6561
2626,6099
2627,5231
2628,5022
2629,4022
2630,7405
2631,4861
2632,4858
2633,4822
2634,4395
2635,5320
2636,4464
2637,4831
2638,4230
2639,4732
2640,10043
2641,4252
2642,7246
2643,4408
2644,4044
2645,4732
2646,4885
2647,4178
2648,4687
2649,4015
2650,11831
2651,4989
2652,4466
2653,4448
2654,4115
2655,5284
2656,4580
2657,3991
2658,3833
2659,4141
2660,6425
2661,4948
2662,4376
2663,4617
2664,4880
2665,5661
2666,8896
2667,5835
2668,4156
2669,4140
2670,5821
2671,4549
2672,4766
2673,5006
2674,4069
2675,4796
2676,3863
2677,4754
2678,4357
2679,4116
2680,6629
2681,4168
2682,4065
2683,4237
2684,3723
2685,4429
2686,4290
2687,3835
2688,5522
2689,3900
2690,5791
2691,4277
2692,3999
2693,4337
2694,3675
2695,5463
2696,4095
2697,4375
2698,4139
2699,5474
2700,50576
2701,7663
2702,5555
2703,6052
2704,6204
2705,5693
2706,4796
2707,5119
2708,4965
2709,4852
2710,7257
2711,5975
2712,4819
2713,5009
2714,4725
2715,5117
2716,4893
2717,4514
2718,4427
2719,4472
2720,8304
2721,5107
2722,4856
2723,4681
2724,4183
2725,5101
2726,4336
2727,6812
2728,5019
2729,4542
2730,6752
2731,4371
2732,5095
2733,4616
2734,4003
2735,4429
2736,5221
2737,4803
2738,4359
2739,4530
2740,5343
2741,4655
2742,4064
2743,5212
2744,4950
2745,5097
2746,4077
2747,4307
2748,3826
2749,3840
2750,13387
2751,4379
2752,4147
2753,4282
2754,3917
2755,4999
2756,4043
2757,4263
2758,3822
2759,3957
2760,7081
2761,4144
2762,4004
2763,4023
2764,4816
2765,4763
2766,4097
2767,4738
2768,4338
2769,3800
2770,5462
2771,3922
2772,4842
2773,3976
2774,4518
2775,5415
2776,3949
2777,5512
2778,5096
2779,3725
2780,5520
2781,4581
2782,4291
2783,4219
2784,4042
2785,4986
2786,3774
2787,6404
2788,4212
2789,4627
2790,5114
2791,3986
2792,3827
2793,3828
2794,3526
2795,4587
2796,4872
2797,3800
2798,3903
2799,7282
2800,55568
2801,7479
2802,5330
2803,5026
2804,4392
2805,5194
2806,4353
2807,4630
2808,5850
2809,4556
2810,6350
2811,5574
2812,4926
2813,4236
2814,4590
2815,4930
2816,5233
2817,4551
2818,4732
2819,3859
2820,6428
2821,5032
2822,5582
2823,4114
2824,6448
2825,5356
2826,3841
2827,6443
2828,5640
2829,4474
2830,5581
2831,4392
2832,4396
2833,4695
2834,4004
2835,5188
2836,5251
2837,3829
2838,4086
2839,4040
2840,6913
2841,4520
2842,3902
2843,3866
2844,4181
2845,4390
2846,3672
2847,4363
2848,5072
2849,3799
2850,9956
2851,4321
2852,5135
2853,3978
2854,3741
2855,4863
2856,4406
2857,4776
2858,4016
2859,3855
2860,6017
2861,4260
2862,3461
2863,3933
2864,4087
2865,4583
2866,8958
2867,3834
2868,4008
2869,3892
2870,4653
2871,4070
2872,3777
2873,3849
2874,3974
2875,5398
2876,3763
2877,3689
2878,3734
2879,3595
2880,12154
2881,4261
2882,4276
2883,4721
2884,3570
2885,5458
2886,4066
2887,4249
2888,5459
2889,3901
2890,5207
2891,5076
2892,4964
2893,4100
2894,3566
2895,4270
2896,3931
2897,3545
2898,3756
2899,4238
2900,31333
2901,6927
2902,4848
2903,5763
2904,4689
2905,4654
2906,4170
2907,4471
2908,4481
2909,4656
2910,6555
2911,6065
2912,4815
2913,4567
2914,4320
2915,5243
2916,4321
2917,4582
2918,4430
2919,4791
2920,8926
2921,4842
2922,4156
2923,4742
2924,5058
2925,5844
2926,3848
2927,4080
2928,4406
2929,7303
2930,6488
2931,4290
2932,4123
2933,5275
2934,3939
2935,4141
2936,4317
2937,3555
2938,3740
2939,3721
2940,5804
2941,4565
2942,3905
2943,3915
2944,4067
2945,4201
2946,3621
2947,3811
2948,3692
2949,4067
2950,9603
2951,3927
2952,3715
2953,3883
2954,3627
2955,4297
2956,3497
2957,3682
2958,4761
2959,3776
2960,7309
2961,3634
2962,3840
2963,3594
2964,3685
2965,3945
2966,3775
2967,3850
2968,3374
2969,3702
2970,4858
2971,3568
2972,3487
2973,3657
2974,4228
2975,4409
2976,3988
2977,3855
2978,3497
2979,3529
2980,4958
2981,3456
2982,3476
2983,3533
2984,3673
2985,3826
2986,3450
2987,4119
2988,3884
2989,3636
2990,5275
2991,4279
2992,4408
2993,3683
2994,3721
2995,4864
2996,3808
2997,4222
2998,4340
2999,10072
3000,667878
3001,27896
3002,11723
3003,11614
3004,8949
3005,7948
3006,7928
3007,6615
3008,11603
3009,6673
3010,11655
3011,6667
3012,6860
3013,5861
3014,5413
3015,6846
3016,5624
3017,4783
3018,5250
3019,5675
3020,10548
3021,6558
3022,5165
3023,4756
3024,6084
3025,6998
3026,4817
3027,4571
3028,4162
3029,5195
3030,14996
3031,6193
3032,5038
3033,5432
3034,4803
3035,5742
3036,4373
3037,4065
3038,4792
3039,4595
3040,8999
3041,4645
3042,4754
3043,4325
3044,4386
3045,5213
3046,4195
3047,4154
3048,6302
3049,4535
3050,13880
3051,4660
3052,4968
3053,4778
3054,4032
3055,5341
3056,4561
3057,4219
3058,3883
3059,4041
3060,15507
3061,4073
3062,4005
3063,3713
3064,3754
3065,4870
3066,4338
3067,4250
3068,4077
3069,3462
3070,13856
3071,4757
3072,11788
3073,3863
3074,4064
3075,4829
3076,3879
3077,4818
3078,3552
3079,4142
3080,20611
3081,4819
3082,3709
3083,3896
3084,3784
3085,4702
3086,3787
3087,3747
3088,4252
3089,3710
3090,14681
3091,3810
3092,3596
3093,3427
3094,3778
3095,4426
3096,3916
3097,3695
3098,3546
3099,4960
3100,39142
3101,9234
3102,6226
3103,5130
3104,5153
3105,5547
3106,4797
3107,4486
3108,4923
3109,8097
3110,7631
3111,7690
3112,5853
3113,4931
3114,5175
3115,6271
3116,4255
3117,4387
3118,3936
3119,4200
3120,8831
3121,7432
3122,4674
3123,4950
3124,4815
3125,29214
3126,4133
3127,4445
3128,7764
3129,4105
3130,6840
3131,7020
3132,5088
3133,5243
3134,4032
3135,5814
3136,4873
3137,4094
3138,3987
3139,3673
3140,5520
3141,5389
3142,5480
3143,4125
3144,4512
3145,4983
3146,4116
3147,4053
3148,3701
3149,3824
3150,10238
3151,4426
3152,3931
3153,4026
3154,3549
3155,4314
3156,4306
3157,4674
3158,3489
3159,4144
3160,5631
3161,4858
3162,4503
3163,4800
3164,3792
3165,4277
3166,12306
3167,3992
3168,4765
3169,3495
3170,4630
3171,4645
3172,3428
3173,3562
3174,4173
3175,4808
3176,3407
3177,3961
3178,3201
3179,3491
3180,4923
3181,4231
3182,3643
3183,3482
3184,3545
3185,3853
3186,3719
3187,3855
3188,3814
3189,3632
3190,4537
3191,3786
3192,3922
3193,3163
3194,4501
3195,4066
3196,3464
3197,3240
3198,3577
3199,4390
3200,77221
3201,9873
3202,6078
3203,5087
3204,4718
3205,6016
3206,4210
3207,4507
3208,4626
3209,4151
3210,8146
3211,6522
3212,4929
3213,4571
3214,4435
3215,4751
3216,4656
3217,3922
3218,3896
3219,3943
3220,6923
3221,4787
3222,4482
3223,4552
3224,4450
3225,4822
3226,4107
3227,4205
3228,3629
3229,3903
3230,5387
3231,4410
3232,5789
3233,6159
3234,3952
3235,5246
3236,3504
3237,3396
3238,3296
3239,4710
3240,6150
3241,4085
3242,3933
3243,3838
3244,3538
3245,4223
3246,3749
3247,3529
3248,3516
3249,3242
3250,10158
3251,4279
3252,3976
3253,3519
3254,3392
3255,4643
3256,3678
3257,3439
3258,3314
3259,3388
3260,5837
3261,4040
3262,3685
3263,3453
3264,5421
3265,3879
3266,3475
3267,3629
3268,3539
3269,3400
3270,6149
3271,3476
3272,3492
3273,3306
3274,3233
3275,4084
3276,3851
3277,3587
3278,3865
3279,3245
3280,5218
3281,3587
3282,4454
3283,3151
3284,3154
3285,4007
3286,3945
3287,3155
3288,3520
3289,3396
3290,4100
3291,3220
3292,3215
3293,3239
3294,3441
3295,3589
3296,3229
3297,3047
3298,2900
3299,4441
3300,39829
3301,8982
3302,5098
3303,6200
3304,4854
3305,4883
3306,36296
3307,5616
3308,4443
3309,4420
3310,12170
3311,6182
3312,4658
3313,4490
3314,3850
3315,4480
3316,3731
3317,3747
3318,3776
3319,3603
3320,6174
3321,4819
3322,5703
3323,3957
3324,4370
3325,6019
3326,4069
3327,3696
3328,4511
3329,3549
3330,7367
3331,4791
3332,4360
3333,32736
3334,5077
3335,4799
3336,3875
3337,4221
3338,3632
3339,6227
3340,5605
3341,3838
3342,3969
3343,3898
3344,4792
3345,4411
3346,3682
3347,3430
3348,3376
3349,3019
3350,10064
3351,3992
3352,3562
3353,3920
3354,4127
3355,4726
3356,3324
3357,3275
3358,3225
3359,4291
3360,6062
3361,3733
3362,3774
3363,3512
3364,3345
3365,3772
3366,5409
3367,3186
3368,3544
3369,3658
3370,4746
3371,4053
3372,3333
3373,3611
3374,3155
3375,5690
3376,3661
3377,3982
3378,3279
3379,3749
3380,4549
3381,3343
3382,3260
3383,3185
3384,3425
3385,3965
3386,5014
3387,3025
3388,3563
3389,19700
3390,20319
3391,3448
3392,3208
3393,3882
3394,3147
3395,3679
3396,4070
3397,3365
3398,2912
3399,5117
3400,34438
3401,8085
3402,9527
3403,6321
3404,4896
3405,4728
3406,4573
3407,4573
3408,3794
3409,3857
3410,5512
3411,4750
3412,5208
3413,3613
3414,3705
3415,3923
3416,3469
3417,3658
3418,3237
3419,3140
3420,6712
3421,4048
3422,3721
3423,4552
3424,3764
3425,3866
3426,3359
3427,3173
3428,3097
3429,3174
3430,4465
3431,3937
3432,4539
3433,3633
3434,4720
3435,4284
3436,3261
3437,2961
3438,3217
3439,3099
3440,7252
3441,3394
3442,3497
3443,3587
3444,4693
3445,3827
3446,3074
3447,3172
3448,3632
3449,3510
3450,8553
3451,3630
3452,3322
3453,3219
3454,3672
3455,3829
3456,11656
3457,3897
3458,3216
3459,2960
3460,4057
3461,3215
3462,4059
3463,3361
3464,3357
3465,3442
3466,3072
3467,3179
3468,3403
3469,2905
3470,4577
3471,4861
3472,3067
3473,2901
3474,3807
3475,4226
3476,3296
3477,3026
3478,4208
3479,2888
3480,4519
3481,3160
3482,2945
3483,2980
3484,2860
3485,3026
3486,2723
3487,2802
3488,3473
3489,2771
3490,4130
3491,3020
3492,2890
3493,2977
3494,2769
3495,3820
3496,2652
3497,3667
3498,2959
3499,4191
3500,128968
3501,7016
3502,4275
3503,3622
3504,4354
3505,4600
3506,3860
3507,3764
3508,4066
3509,3678
3510,5604
3511,4467
3512,3705
3513,3072
3514,3767
3515,4965
3516,4046
3517,3468
3518,3090
3519,3219
3520,7707
3521,4755
3522,3517
3523,3200
3524,3392
3525,4329
3526,3282
3527,3291
3528,3984
3529,3519
3530,4374
3531,3922
3532,3321
3533,3257
3534,2975
3535,5351
3536,3794
3537,3364
3538,4291
3539,3026
3540,5293
3541,3454
3542,3543
3543,3230
3544,3387
3545,3649
3546,2848
3547,3014
3548,3382
3549,3035
3550,8570
3551,3783
3552,3490
3553,7451
3554,2975
3555,4870
3556,3275
3557,3038
3558,2863
3559,2932
3560,5057
3561,3397
3562,2828
3563,2748
3564,3072
3565,3487
3566,2903
3567,3295
3568,3165
3569,2666
3570,4421
3571,3449
3572,3341
3573,2958
3574,2761
3575,3804
3576,3082
3577,2981
3578,4266
3579,3175
3580,4112
3581,3056
3582,3828
3583,4128
3584,4634
3585,3493
3586,3047
3587,2681
3588,5082
3589,2959
3590,4628
3591,3061
3592,3143
3593,3251
3594,2636
3595,3160
3596,2641
3597,3020
3598,2782
3599,4418
3600,122312
3601,6079
3602,3966
3603,4320
3604,4663
3605,3765
3606,3388
3607,3381
3608,3482
3609,3347
3610,5605
3611,3776
3612,3463
3613,3217
3614,2998
3615,3885
3616,3333
3617,3163
3618,3028
3619,3178
3620,4621
3621,3707
3622,3663
3623,3001
3624,3926
3625,3977
3626,4236
3627,3750
3628,3195
3629,2883
3630,5229
3631,3233
3632,3498
3633,3761
3634,3179
3635,3198
3636,4878
3637,3235
3638,3236
3639,3344
3640,4567
3641,3398
3642,3076
3643,2841
3644,2880
3645,3137
3646,3039
3647,3402
3648,3986
3649,2643
3650,9959
3651,3488
3652,2953
3653,3000
3654,2898
3655,3406
3656,2895
3657,3081
3658,4040
3659,2956
3660,4605
3661,3272
3662,2933
3663,4093
3664,3311
3665,3319
3666,3339
3667,3655
3668,2955
3669,2648
3670,3590
3671,3017
3672,3088
3673,2965
3674,2848
3675,3461
3676,3288
3677,3180
3678,2871
3679,2712
3680,4154
3681,2893
3682,2704
3683,3578
3684,2803
3685,2922
3686,3732
3687,2757
3688,2878
3689,2777
3690,4280
3691,2840
3692,2645
3693,2664
3694,2392
3695,2982
3696,3434
3697,2712
3698,2517
3699,3158
3700,28816
3701,5608
3702,3789
3703,3641
3704,3484
3705,4000
3706,3117
3707,3137
3708,3657
3709,2978
3710,4441
3711,4285
3712,3362
3713,3088
3714,3085
3715,3235
3716,2963
3717,3375
3718,3200
3719,3381
3720,4928
3721,3529
3722,3025
3723,2990
3724,3245
3725,3330
3726,3080
3727,4414
3728,3399
3729,4988
3730,6259
3731,3353
3732,3255
3733,4507
3734,2710
3735,3174
3736,2816
3737,4253
3738,2975
3739,3290
3740,3979
3741,3091
3742,3619
3743,3836
3744,3694
3745,4170
3746,2838
3747,3367
3748,3392
3749,3051
3750,11802
3751,3240
3752,3150
3753,2594
3754,3125
3755,4188
3756,3015
3757,2790
3758,3505
3759,2658
3760,4021
3761,3113
3762,3116
3763,2641
3764,2688
3765,3016
3766,2839
3767,3058
3768,2588
3769,2611
3770,7348
3771,2958
3772,3277
3773,3318
3774,3094
3775,3637
3776,3359
3777,4031
3778,2809
3779,2772
3780,4205
3781,2953
3782,3170
3783,3177
3784,2909
3785,3170
3786,3305
3787,2741
3788,3025
3789,3105
3790,7345
3791,3356
3792,2609
3793,2757
3794,2465
3795,2955
3796,2597
3797,2995
3798,2520
3799,3076
3800,34391
3801,5788
3802,3314
3803,3431
3804,3085
3805,3543
3806,3093
3807,2888
3808,3867
3809,4213
3810,4282
3811,3420
3812,3190
3813,3041
3814,2933
3815,3065
3816,2827
3817,2751
3818,2948
3819,2706
3820,4849
3821,3341
3822,2918
3823,3097
3824,3486
3825,3583
3826,2740
3827,2779
3828,2895
3829,2968
3830,4149
3831,2962
3832,2789
3833,4084
3834,3151
3835,3462
3836,2712
3837,2841
3838,4465
3839,3255
3840,16989
3841,3595
3842,3220
3843,2771
3844,3563
3845,3143
3846,3810
3847,3886
3848,3054
3849,2957
3850,7897
3851,2891
3852,2793
3853,2701
3854,2381
3855,3558
3856,2671
3857,7080
3858,2776
3859,3058
3860,3825
3861,3033
3862,2932
3863,3065
3864,3169
3865,3817
3866,2738
3867,2841
3868,2880
3869,2718
3870,4807
3871,2987
3872,7624
3873,2658
3874,2431
3875,3441
3876,2924
3877,2782
3878,2447
3879,2453
3880,4615
3881,2912
3882,2448
3883,2921
3884,2519
3885,2887
3886,2904
3887,2650
3888,5851
3889,3029
3890,3414
3891,2885
3892,3387
3893,2749
3894,2539
3895,2901
3896,2484
3897,2928
3898,2551
3899,3164
3900,22616
3901,4522
3902,3336
3903,3591
3904,4608
3905,3684
3906,4228
3907,2915
3908,3389
3909,3261
3910,3775
3911,3896
3912,3145
3913,2932
3914,2658
3915,3619
3916,2845
3917,3047
3918,2551
3919,2823
3920,4309
3921,3379
3922,3592
3923,3109
3924,2954
3925,3191
3926,2965
3927,4822
3928,3542
3929,2962
3930,3720
3931,3172
3932,2934
3933,3418
3934,20261
3935,2851
3936,2738
3937,3486
3938,2653
3939,4113
3940,4692
3941,3478
3942,3167
3943,2730
3944,2792
3945,5241
3946,2959
3947,2730
3948,2561
3949,2988
3950,5579
3951,2535
3952,3103
3953,2745
3954,2458
3955,2903
3956,2864
3957,2594
3958,2488
3959,3539
3960,4231
3961,2613
3962,2973
3963,2500
3964,2350
3965,2725
3966,2950
3967,2560
3968,3053
3969,3505
3970,3564
3971,2898
3972,2655
3973,2450
3974,2760
3975,3175
3976,2508
3977,2526
3978,3085
3979,2693
3980,3520
3981,2686
3982,2648
3983,2484
3984,2561
3985,2821
3986,4351
3987,4303
3988,2860
3989,2661
3990,3630
3991,2720
3992,2626
3993,2925
3994,2742
3995,3374
3996,2984
3997,2733
3998,2965
3999,6887
4000,404137
4001,15365
4002,7448
4003,6140
4004,8713
4005,6505
4006,5474
4007,4899
4008,5117
4009,4504
4010,8330
4011,5572
4012,4882
4013,4783
4014,5413
4015,4386
4016,4187
4017,4531
4018,4221
4019,3509
4020,8157
4021,4101
4022,4303
4023,3616
4024,3845
4025,4522
4026,3581
4027,3266
4028,3451
4029,3247
4030,5240
4031,4180
4032,5045
4033,15939
4034,3363
4035,3891
4036,3136
4037,3215
4038,3793
4039,3494
4040,10009
4041,4233
4042,3430
4043,3649
4044,4584
4045,4168
4046,3725
4047,3277
4048,3647
4049,4836
4050,8635
4051,5142
4052,3543
4053,3615
4054,3191
4055,3765
4056,3563
4057,3207
4058,3103
4059,2977
4060,5557
4061,3665
4062,3277
4063,3096
4064,4001
4065,3540
4066,3381
4067,3483
4068,3182
4069,3298
4070,5097
4071,3117
4072,3663
4073,3053
4074,3210
4075,3969
4076,3331
4077,3396
4078,2935
4079,2769
4080,8016
4081,3297
4082,2876
4083,2862
4084,2982
4085,3106
4086,2878
4087,2611
4088,3758
4089,2874
4090,7009
4091,3396
4092,3295
4093,2968
4094,3736
4095,11035
4096,114251
4097,5360
4098,3717
4099,4107
4100,25704
4101,7077
4102,5416
4103,8897
4104,4913
4105,4234
4106,3612
4107,3476
4108,3668
4109,3443
4110,5415
4111,6115
4112,4274
4113,3423
4114,4027
4115,3967
4116,3696
4117,3200
4118,3213
4119,3043
4120,5449
4121,4158
4122,4668
4123,4843
4124,3453
4125,4455
4126,3108
4127,3748
4128,4560
4129,3178
4130,8233
4131,3525
4132,3250
4133,3212
4134,3039
4135,7878
4136,2961
4137,2940
4138,2889
4139,2821
4140,7309
4141,5654
4142,4976
4143,3388
4144,3233
4145,3123
4146,2929
4147,3632
4148,2644
4149,2875
4150,7279
4151,4737
4152,3135
4153,3032
4154,2652
4155,3624
4156,2963
4157,3032
4158,2806
4159,3299
4160,5960
4161,4357
4162,2808
4163,3160
4164,2810
4165,3280
4166,3150
4167,3827
4168,2718
4169,3020
4170,3717
4171,3292
4172,4256
4173,2892
4174,2749
4175,3254
4176,2841
4177,2747
4178,2568
4179,2862
4180,4231
4181,3435
4182,2460
4183,3926
4184,2984
4185,2794
4186,2691
4187,2804
4188,2616
4189,2751
4190,3253
4191,3247
4192,3010
4193,2952
4194,2769
4195,2672
4196,2695
4197,2722
4198,2789
4199,3103
4200,44177
4201,5775
4202,4490
4203,3798
4204,3333
4205,3754
4206,3122
4207,3237
4208,3582
4209,3226
4210,5187
4211,4223
4212,4011
4213,3876
4214,3941
4215,3782
4216,3285
4217,6186
4218,3372
4219,2985
4220,4660
4221,3736
4222,5478
4223,3178
4224,4015
4225,4152
4226,3183
4227,4287
4228,3127
4229,3028
4230,4732
4231,5731
4232,3493
4233,3357
4234,2864
4235,3180
4236,7969
4237,2788
4238,2754
4239,2670
4240,5577
4241,3187
4242,8161
4243,3602
4244,4427
4245,3732
4246,2707
4247,3049
4248,2839
4249,2587
4250,8083
4251,3583
4252,2846
4253,3006
4254,3000
4255,3134
4256,2819
4257,2935
4258,3727
4259,2608
4260,4888
4261,3282
4262,2924
4263,2849
4264,2607
4265,2901
4266,2979
4267,3699
4268,2538
4269,3165
4270,3181
4271,5166
4272,2930
4273,4461
4274,3070
4275,3424
4276,2796
4277,2779
4278,3101
4279,2609
4280,4784
4281,2562
4282,2971
4283,2610
4284,2696
4285,3088
4286,3102
4287,2994
4288,2931
4289,2569
4290,3503
4291,2753
4292,2813
4293,2500
4294,2457
4295,2986
4296,3225
4297,2756
4298,2404
4299,2896
4300,23072
4301,5713
4302,3948
4303,3553
4304,3404
4305,3982
4306,3212
4307,3086
4308,2912
4309,2756
4310,4882
4311,3797
4312,4306
4313,2914
4314,3294
4315,3492
4316,2655
4317,3061
4318,2907
4319,3297
4320,6698
4321,10215
4322,4139
4323,3066
4324,4902
4325,3553
4326,20291
4327,2727
4328,3038
4329,2540
4330,4612
4331,3723
4332,3479
4333,4490
4334,3124
4335,3301
4336,2908
4337,3021
4338,2838
4339,2699
4340,5550
4341,2957
4342,2758
4343,4639
4344,3080
4345,3206
4346,2702
4347,2652
4348,2874
4349,2703
4350,7279
4351,2816
4352,3687
4353,3076
4354,2824
4355,3637
4356,3479
4357,6763
4358,2902
4359,2474
4360,4043
4361,2922
4362,2710
4363,3574
4364,2846
4365,3007
4366,2693
4367,2616
4368,3892
4369,2806
4370,3500
4371,2633
4372,2482
4373,2603
4374,2641
4375,11137
4376,2562
4377,2871
4378,2191
4379,2390
4380,3728
4381,2705
4382,2643
4383,2314
4384,2539
4385,2460
4386,2640
4387,2509
4388,3186
4389,3601
4390,3019
4391,2706
4392,2523
4393,2488
4394,2294
4395,3123
4396,2348
4397,2533
4398,2395
4399,3463
4400,28592
4401,5522
4402,3726
4403,3057
4404,3751
4405,3276
4406,3167
4407,2747
4408,3220
4409,2958
4410,4625
4411,4586
4412,3829
4413,2826
4414,3386
4415,3351
4416,3724
4417,2901
4418,3054
4419,3712
4420,4041
4421,3715
4422,4306
4423,3724
4424,2967
4425,3323
4426,2566
4427,2753
4428,2813
4429,2824
4430,5200
4431,2973
4432,2967
4433,4092
4434,3064
4435,3505
4436,2516
4437,2760
4438,3100
4439,2506
4440,4933
4441,3525
4442,2974
4443,4421
4444,21151
4445,4318
4446,2831
4447,3125
4448,3179
4449,3921
4450,5197
4451,3276
4452,2863
4453,3039
4454,2662
4455,4692
4456,2790
4457,3069
4458,2631
4459,2754
4460,3953
4461,2711
4462,3049
4463,2722
4464,3155
4465,3697
4466,3283
4467,2712
4468,2510
4469,2622
4470,3801
4471,3448
4472,4913
4473,4646
4474,2886
4475,2794
4476,2679
4477,3679
4478,2518
4479,2629
4480,3872
4481,2915
4482,2564
4483,2927
4484,3036
4485,3159
4486,2712
4487,2793
4488,3493
4489,2518
4490,3232
4491,2749
4492,2528
4493,2464
4494,2586
4495,2904
4496,2662
4497,2449
4498,2262
4499,3600
4500,76729
4501,6115
4502,5791
4503,4815
4504,2998
4505,5080
4506,4931
4507,3073
4508,2947
4509,3591
4510,4822
4511,4528
4512,3666
4513,3064
4514,3059
4515,3965
4516,2969
4517,2523
4518,2441
4519,2603
4520,4725
4521,3048
4522,3249
4523,2730
4524,2793
4525,3598
4526,2844
4527,2567
4528,2609
4529,3039
4530,4101
4531,2657
4532,2883
4533,2713
4534,2708
4535,2988
4536,2968
4537,2602
4538,2475
4539,2497
4540,3329
4541,2909
4542,2782
4543,2547
4544,3073
4545,5760
4546,3201
4547,2931
4548,2803
4549,2895
4550,5689
4551,3255
4552,2763
4553,2493
4554,3029
4555,3749
4556,2819
4557,2847
4558,2688
4559,2668
4560,4261
4561,2823
4562,3472
4563,2701
4564,2826
4565,3120
4566,3779
4567,11515
4568,2963
4569,3103
4570,4130
4571,2978
4572,2626
4573,2569
4574,2397
4575,3270
4576,2776
4577,3197
4578,2423
4579,2549
4580,3029
4581,2548
4582,2331
4583,2745
4584,2346
4585,2489
4586,2248
4587,2352
4588,2481
4589,2304
4590,3845
4591,2458
4592,2715
4593,3058
4594,2375
4595,2357
4596,2172
4597,2279
4598,2359
4599,2738
4600,23049
4601,4253
4602,2933
4603,2753
4604,2462
4605,3096
4606,3186
4607,2601
4608,4468
4609,3182
4610,4024
4611,2967
4612,2853
4613,2806
4614,3167
4615,3845
4616,3053
4617,2610
4618,2616
4619,2426
4620,4187
4621,2725
4622,3057
4623,2522
4624,3213
4625,4120
4626,2856
4627,2992
4628,2585
4629,2363
4630,3958
4631,3383
4632,2628
4633,2676
4634,2823
4635,2818
4636,5246
4637,2580
4638,2808
4639,2617
4640,3725
4641,2739
4642,2646
4643,2471
4644,2555
4645,2745
4646,3810
4647,3121
4648,3200
4649,3054
4650,6038
4651,3088
4652,2574
4653,2970
4654,2608
4655,3093
4656,2745
4657,2900
4658,2815
4659,2226
4660,3831
4661,2590
4662,2591
4663,2911
4664,3212
4665,2869
4666,2966
4667,3177
4668,2568
4669,2236
4670,4297
4671,2546
4672,2549
4673,4241
4674,2290
4675,2700
4676,2398
4677,2552
4678,2583
4679,2437
4680,5383
4681,2759
4682,2213
4683,2296
4684,2698
4685,2574
4686,3965
4687,2642
4688,4665
4689,2512
4690,3462
4691,2439
4692,2791
4693,2310
4694,2259
4695,2382
4696,2718
4697,2582
4698,2370
4699,2610
4700,20439
4701,4097
4702,2890
4703,3100
4704,3794
4705,3062
4706,2573
4707,2992
4708,2769
4709,2405
4710,3786
4711,6693
4712,3217
4713,3103
4714,2843
4715,3499
4716,2650
4717,2767
4718,2375
4719,2638
4720,4061
4721,2719
4722,2910
4723,3668
4724,2816
4725,3909
4726,2573
4727,2799
4728,3140
4729,2888
4730,3782
4731,2774
4732,3094
4733,2632
4734,2280
4735,2586
4736,3049
4737,2629
4738,2424
4739,2537
4740,3592
4741,2707
4742,2337
4743,2312
4744,2799
4745,2687
4746,2545
4747,4041
4748,2605
4749,2218
4750,6252
4751,2888
4752,2980
4753,2340
4754,2627
4755,3223
4756,3067
4757,2870
4758,3087
4759,2539
4760,3299
4761,2481
4762,2440
4763,2116
4764,2248
4765,2473
4766,2511
4767,2173
4768,2316
4769,3031
4770,4718
4771,2740
4772,2467
4773,2366
4774,2476
4775,2753
4776,2566
4777,3286
4778,2131
4779,2278
4780,3098
4781,2416
4782,2508
4783,2403
4784,2318
4785,2361
4786,2723
4787,2306
4788,2582
4789,2721
4790,3665
4791,2291
4792,2257
4793,2136
4794,2045
4795,2300
4796,2455
4797,2859
4798,2216
4799,2719
4800,36921
4801,4502
4802,3159
4803,2755
4804,2695
4805,3170
4806,2546
4807,2444
4808,2720
4809,8646
4810,4490
4811,3187
4812,2912
4813,2364
4814,2491
4815,2868
4816,2562
4817,2502
4818,2561
4819,3300
4820,3386
4821,2627
4822,3408
4823,2274
4824,2605
4825,2986
4826,2540
4827,2711
4828,2345
4829,2079
4830,10315
4831,2626
4832,2435
4833,3024
4834,2133
4835,2685
4836,2337
4837,2076
4838,2362
4839,2387
4840,3361
4841,2776
4842,2675
4843,2293
4844,3056
4845,3070
4846,2024
4847,2351
4848,3911
4849,2781
4850,6505
4851,2703
4852,2628
4853,2439
4854,2138
4855,2425
4856,2488
4857,2184
4858,2404
4859,2322
4860,3876
4861,3179
4862,2401
4863,2321
4864,2809
4865,2414
4866,2634
4867,2511
4868,3684
4869,2391
4870,5562
4871,2608
4872,2810
4873,2616
4874,2427
4875,3046
4876,2481
4877,3086
4878,2787
4879,2599
4880,3699
4881,2413
4882,2452
4883,2595
4884,2652
4885,2540
4886,2137
4887,2371
4888,3121
4889,2728
4890,3223
4891,2172
4892,2247
4893,2130
4894,2211
4895,2757
4896,3026
4897,2144
4898,2329
4899,2734
4900,15284
4901,4047
4902,2681
4903,2788
4904,2611
4905,2945
4906,2484
4907,2503
4908,2370
4909,2735
4910,3713
4911,3398
4912,2856
4913,2476
4914,3101
4915,3115
4916,2419
4917,2266
4918,2563
4919,2480
4920,3474
4921,2992
4922,2836
4923,2522
4924,2503
4925,2897
4926,2625
4927,2367
4928,2599
4929,2532
4930,3077
4931,2610
4932,2872
4933,2800
4934,2269
4935,2288
4936,2704
4937,2365
4938,2286
4939,2912
4940,3209
4941,2564
4942,2296
4943,2343
4944,2750
4945,4026
4946,2522
4947,2344
4948,2579
4949,3659
4950,5648
4951,2623
4952,2547
4953,2225
4954,2442
4955,2472
4956,2385
4957,2551
4958,2732
4959,3436
4960,3517
4961,2482
4962,2566
4963,2290
4964,2380
4965,2517
4966,2423
4967,2374
4968,2555
4969,2370
4970,3137
4971,2359
4972,2391
4973,2150
4974,2226
4975,3526
4976,2166
4977,2534
4978,2276
4979,2268
4980,3305
4981,2271
4982,2275
4983,2249
4984,2456
4985,2450
4986,2326
4987,2091
4988,2241
4989,2398
4990,3659
4991,2406
4992,3081
4993,2665
4994,2487
4995,3381
4996,3413
4997,2577
4998,2577
4999,7521
5000,644933
5001,20075
5002,7810
5003,5666
5004,4964
5005,8491
5006,4333
5007,7907
5008,6200
5009,3740
5010,8516
5011,4324
5012,3553
5013,3064
5014,3138
5015,4356
5016,3137
5017,3086
5018,3202
5019,2759
5020,5964
5021,3318
5022,3570
5023,3114
5024,2821
5025,3430
5026,2557
5027,2656
5028,2295
5029,2826
5030,4546
5031,2775
5032,2758
5033,3096
5034,2479
5035,2860
5036,2544
5037,3293
5038,2564
5039,3287
5040,7071
5041,2893
5042,2574
5043,2704
5044,3194
5045,2948
5046,2390
5047,2358
5048,2484
5049,2454
5050,15004
5051,4144
5052,4577
5053,2880
5054,2771
5055,4343
5056,2680
5057,2352
5058,2216
5059,2630
5060,6874
5061,4890
5062,2672
5063,2590
5064,2320
5065,2993
5066,2803
5067,2773
5068,2227
5069,2387
5070,4090
5071,2324
5072,2426
5073,2453
5074,2012
5075,3075
5076,2338
5077,2241
5078,2425
5079,2066
5080,4509
5081,2338
5082,2162
5083,3329
5084,2121
5085,2640
5086,2414
5087,1977
5088,2641
5089,2249
5090,3160
5091,2181
5092,2188
5093,1984
5094,1971
5095,2229
5096,2431
5097,2189
5098,2092
5099,2495
5100,25092
5101,5365
5102,4023
5103,3470
5104,3067
5105,9430
5106,2763
5107,2847
5108,2642
5109,2305
5110,5310
5111,4527
5112,3154
5113,2634
5114,3510
5115,3252
5116,2521
5117,2404
5118,2571
5119,2687
5120,8533
5121,3544
5122,3095
5123,3085
5124,2474
5125,3324
5126,2630
5127,2208
5128,3227
5129,2172
5130,3764
5131,2850
5132,2468
5133,2308
5134,2367
5135,2747
5136,2216
5137,2274
5138,1889
5139,2158
5140,3755
5141,2459
5142,2277
5143,2163
5144,2170
5145,2494
5146,2415
5147,2127
5148,2139
5149,2278
5150,11092
5151,4437
5152,2960
5153,2649
5154,2206
5155,2730
5156,2434
5157,2117
5158,2179
5159,2104
5160,4790
5161,2639
5162,2292
5163,1962
5164,2192
5165,2275
5166,2145
5167,2933
5168,2478
5169,2375
5170,3492
5171,2379
5172,2974
5173,2072
5174,1932
5175,2530
5176,2502
5177,1992
5178,1755
5179,2007
5180,2885
5181,2031
5182,2509
5183,2187
5184,2780
5185,2386
5186,1912
5187,1832
5188,2146
5189,1919
5190,2646
5191,2449
5192,2103
5193,2099
5194,12653
5195,2886
5196,2081
5197,2179
5198,2076
5199,2233
5200,32237
5201,4499
5202,3008
5203,2788
5204,3129
5205,2935
5206,2449
5207,2471
5208,2674
5209,2296
5210,4325
5211,3307
5212,2605
5213,2342
5214,2338
5215,2654
5216,2602
5217,3427
5218,2278
5219,2103
5220,4521
5221,3099
5222,4520
5223,2824
5224,2315
5225,3616
5226,2463
5227,2528
5228,2384
5229,2011
5230,4035
5231,2481
5232,2537
5233,2899
5234,2345
5235,2666
5236,2659
5237,2363
5238,2450
5239,1883
5240,3252
5241,2233
5242,2340
5243,2081
5244,2204
5245,2477
5246,2255
5247,2137
5248,2070
5249,2024
5250,8732
5251,2786
5252,3582
5253,2920
5254,2450
5255,3511
5256,2340
5257,2303
5258,2216
5259,2072
5260,2906
5261,2363
5262,2247
5263,2452
5264,2052
5265,1954
5266,2339
5267,2130
5268,1805
5269,2094
5270,2912
5271,2201
5272,2221
5273,2367
5274,1975
5275,2514
5276,1913
5277,2204
5278,2126
5279,2214
5280,8310
5281,9447
5282,2109
5283,2267
5284,1977
5285,2485
5286,2031
5287,1951
5288,2085
5289,1999
5290,2656
5291,2356
5292,2563
5293,1870
5294,1807
5295,1994
5296,2059
5297,1995
5298,1668
5299,2247
5300,20331
5301,4440
5302,2952
5303,3048
5304,2933
5305,2994
5306,2571
5307,2884
5308,2377
5309,3239
5310,4778
5311,3253
5312,3002
5313,2477
5314,2011
5315,2683
5316,2326
5317,2270
5318,2156
5319,1929
5320,3811
5321,2952
5322,3114
5323,2824
5324,2498
5325,2696
5326,2190
5327,2055
5328,2217
5329,2495
5330,3595
5331,2373
5332,2331
5333,3870
5334,2716
5335,2743
5336,2143
5337,2143
5338,1933
5339,2125
5340,2968
5341,2310
5342,2176
5343,2385
5344,2290
5345,2297
5346,2115
5347,2457
5348,2535
5349,2066
5350,4145
5351,2349
5352,2090
5353,3937
5354,2299
5355,2818
5356,2741
5357,2302
5358,2075
5359,2096
5360,2643
5361,2129
5362,1929
5363,2116
5364,1918
5365,2064
5366,1874
5367,2015
5368,2003
5369,1831
5370,2731
5371,2156
5372,1930
5373,2296
5374,1734
5375,2354
5376,2686
5377,2232
5378,2024
5379,1899
5380,2801
5381,2984
5382,1877
5383,2002
5384,1869
5385,2070
5386,1997
5387,2067
5388,1840
5389,1889
5390,2196
5391,2055
5392,1694
5393,1767
5394,1718
5395,2226
5396,1907
5397,1751
5398,1669
5399,2063
5400,26131
5401,4459
5402,2881
5403,2660
5404,2298
5405,3128
5406,3151
5407,2522
5408,2657
5409,2059
5410,3047
5411,3228
5412,2862
5413,2148
5414,2190
5415,2965
5416,2396
5417,2396
5418,2329
5419,1964
5420,3416
5421,2342
5422,2922
5423,2275
5424,2748
5425,2706
5426,1850
5427,1986
5428,2262
5429,2025
5430,3221
5431,2382
5432,27043
5433,4073
5434,2380
5435,2367
5436,1965
5437,2904
5438,2104
5439,2443
5440,3315
5441,2483
5442,2307
5443,2631
5444,2988
5445,2758
5446,2294
5447,2044
5448,2226
5449,2063
5450,4648
5451,2182
5452,2191
5453,2560
5454,3795
5455,3023
5456,2467
5457,2216
5458,1900
5459,1905
5460,3006
5461,3322
5462,1898
5463,2317
5464,2254
5465,2598
5466,2205
5467,2052
5468,2139
5469,2358
5470,2816
5471,2853
5472,4208
5473,1777
5474,1987
5475,2238
5476,1957
5477,2042
5478,2135
5479,2355
5480,2993
5481,2138
5482,2003
5483,2031
5484,1970
5485,2090
5486,1940
5487,1913
5488,2172
5489,1942
5490,2874
5491,2346
5492,1816
5493,1742
5494,1910
5495,2541
5496,1682
5497,1581
5498,2566
5499,2456
5500,54895
5501,4274
5502,2814
5503,2408
5504,2457
5505,3966
5506,2828
5507,2356
5508,2581
5509,2489
5510,4650
5511,3826
5512,3278
5513,2781
5514,2290
5515,3219
5516,2224
5517,2756
5518,2321
5519,1975
5520,4819
5521,2737
5522,2685
5523,3424
5524,2691
5525,3730
5526,2180
5527,2218
5528,1961
5529,2067
5530,4153
5531,2294
5532,2732
5533,2918
5534,2050
5535,2761
5536,2312
5537,2237
5538,2065
5539,2356
5540,3255
5541,2195
5542,2596
5543,1941
5544,2911
5545,2689
5546,2060
5547,2416
5548,3252
5549,1828
5550,5707
5551,2730
5552,2524
5553,2451
5554,3792
5555,22900
5556,4354
5557,2806
5558,2564
5559,2506
5560,3176
5561,2355
5562,1915
5563,2003
5564,2112
5565,2506
5566,3181
5567,2412
5568,2339
5569,1940
5570,3312
5571,2191
5572,2040
5573,1819
5574,1785
5575,2733
5576,1896
5577,2977
5578,1815
5579,1833
5580,3039
5581,2073
5582,1984
5583,1867
5584,1915
5585,2391
5586,2005
5587,2225
5588,2469
5589,1834
5590,2835
5591,1841
5592,1831
5593,1997
5594,1717
5595,1996
5596,1718
5597,1831
5598,1787
5599,2445
5600,23981
5601,5546
5602,2396
5603,3273
5604,2074
5605,2472
5606,2144
5607,2072
5608,1932
5609,2094
5610,4831
5611,2594
5612,2344
5613,2071
5614,1811
5615,2190
5616,2364
5617,1797
5618,1909
5619,1933
5620,3102
5621,2116
5622,2306
5623,2169
5624,1966
5625,11479
5626,2119
5627,2064
5628,1899
5629,1886
5630,2815
5631,2123
5632,2968
5633,2107
5634,2191
5635,2598
5636,1913
5637,3164
5638,1923
5639,2025
5640,2909
5641,2075
5642,2003
5643,2146
5644,1972
5645,2384
5646,2468
5647,1862
5648,1691
5649,1698
5650,4156
5651,2236
5652,2409
5653,1794
5654,1989
5655,2697
5656,3276
5657,2136
5658,1971
5659,1680
5660,2911
5661,1973
5662,2282
5663,2057
5664,2244
5665,2401
5666,2535
5667,2448
5668,1819
5669,1889
5670,3545
5671,2888
5672,7587
5673,2128
5674,1775
5675,2252
5676,2244
5677,1948
5678,11845
5679,1921
5680,2625
5681,2741
5682,2069
5683,2321
5684,2141
5685,1793
5686,1671
5687,2261
5688,2009
5689,1814
5690,2227
5691,1752
5692,1748
5693,1622
5694,1816
5695,2108
5696,1986
5697,1651
5698,1915
5699,2050
5700,21625
5701,5821
5702,2534
5703,2663
5704,1919
5705,2361
5706,1887
5707,2177
5708,2752
5709,2663
5710,2839
5711,3573
5712,2402
5713,2239
5714,2430
5715,2503
5716,2066
5717,2509
5718,2040
5719,2128
5720,3061
5721,2317
5722,2274
5723,1979
5724,2189
5725,2907
5726,1679
5727,2139
5728,2195
5729,1838
5730,3904
5731,1951
5732,1946
5733,2309
5734,2233
5735,2531
5736,1919
5737,2074
5738,1819
5739,1934
5740,2892
5741,2412
5742,2033
5743,1976
5744,2105
5745,2390
5746,1990
5747,2109
5748,2122
5749,1949
5750,5638
5751,2655
5752,1989
5753,2629
5754,2568
5755,3003
5756,1982
5757,2877
5758,2179
5759,2394
5760,5406
5761,1990
5762,2074
5763,2085
5764,1889
5765,2497
5766,2265
5767,2220
5768,2344
5769,2223
5770,4763
5771,2534
5772,4426
5773,2420
5774,3210
5775,3558
5776,2463
5777,3914
5778,2826
5779,2371
5780,3129
5781,2459
5782,2734
5783,1898
5784,1610
5785,1817
5786,1740
5787,2051
5788,2189
5789,2048
5790,2098
5791,1897
5792,2012
5793,2386
5794,1557
5795,1969
5796,1543
5797,2235
5798,1771
5799,1715
5800,21729
5801,3505
5802,2322
5803,1970
5804,1994
5805,2319
5806,1896
5807,2059
5808,2424
5809,1775
5810,3048
5811,2521
5812,3168
5813,2059
5814,1942
5815,2211
5816,1961
5817,2026
5818,1794
5819,1902
5820,3151
5821,2036
5822,2261
5823,1901
5824,1982
5825,2499
5826,1708
5827,1841
5828,2021
5829,1943
5830,2767
5831,1867
5832,2375
5833,2754
5834,1613
5835,2031
5836,1664
5837,1971
5838,1806
5839,2211
5840,2810
5841,2231
5842,1732
5843,2172
5844,1810
5845,2263
5846,2020
5847,1722
5848,1890
5849,2032
5850,5309
5851,2197
5852,2044
5853,1886
5854,1738
5855,2526
5856,2296
5857,1991
5858,3292
5859,2318
5860,2540
5861,2247
5862,1752
5863,1748
5864,1695
5865,2001
5866,1973
5867,1870
5868,1818
5869,1869
5870,4520
5871,1844
5872,1727
5873,1554
5874,1685
5875,3138
5876,2547
5877,1861
5878,1675
5879,1703
5880,3133
5881,2087
5882,2064
5883,1888
5884,1828
5885,2098
5886,1628
5887,2034
5888,2870
5889,2020
5890,2837
5891,1924
5892,1716
5893,1693
5894,1467
5895,2167
5896,1823
5897,1975
5898,1680
5899,1889
5900,13812
5901,3636
5902,2298
5903,2003
5904,2136
5905,2635
5906,2193
5907,2363
5908,2041
5909,1948
5910,2473
5911,2167
5912,1988
5913,1599
5914,1837
5915,2131
5916,1707
5917,1803
5918,1521
5919,1870
5920,2769
5921,1838
5922,1948
5923,2192
5924,1615
5925,2228
5926,1501
5927,1760
5928,1553
5929,1780
5930,3297
5931,1903
5932,1658
5933,1728
5934,1654
5935,2254
5936,1631
5937,1963
5938,1756
5939,1723
5940,2549
5941,1849
5942,1660
5943,1599
5944,1833
5945,1789
5946,1603
5947,1652
5948,1521
5949,1754
5950,4036
5951,1761
5952,2068
5953,1693
5954,1579
5955,2114
5956,1639
5957,1621
5958,1725
5959,2926
5960,2749
5961,1733
5962,1949
5963,1778
5964,1503
5965,2110
5966,1670
5967,1944
5968,1838
5969,1574
5970,3382
5971,1676
5972,1925
5973,2168
5974,1600
5975,2403
5976,1915
5977,1683
5978,1586
5979,1701
5980,2501
5981,1856
5982,1652
5983,1786
5984,4019
5985,2591
5986,2347
5987,1751
5988,2013
5989,1766
5990,2855
5991,1820
5992,1815
5993,1704
5994,1744
5995,2568
5996,1855
5997,1715
5998,2098
5999,4284
6000,225293
6001,10806
6002,5813
6003,3834
6004,3562
6005,4311
6006,5448
6007,3212
6008,3363
6009,3557
6010,5795
6011,4684
6012,3613
6013,3100
6014,2515
6015,3774
6016,3161
6017,2258
6018,2294
6019,2404
6020,4649
6021,3041
6022,2712
6023,2262
6024,2263
6025,2642
6026,2143
6027,2207
6028,2357
6029,1977
6030,3856
6031,2277
6032,2364
6033,2748
6034,2122
6035,2594
6036,2041
6037,2157
6038,1945
6039,1903
6040,4059
6041,2297
6042,2187
6043,1944
6044,2017
6045,2596
6046,1858
6047,1834
6048,2261
6049,2266
6050,5289
6051,2459
6052,2389
6053,1996
6054,1848
6055,3274
6056,2390
6057,1815
6058,1767
6059,1981
6060,11126
6061,14006
6062,2445
6063,4002
6064,2177
6065,2351
6066,2663
6067,2174
6068,2382
6069,2081
6070,3419
6071,2045
6072,2209
6073,2083
6074,1850
6075,2386
6076,1955
6077,2030
6078,1860
6079,1933
6080,4503
6081,2265
6082,3115
6083,1925
6084,4179
6085,2305
6086,2065
6087,1907
6088,2018
6089,1711
6090,3266
6091,2182
6092,1826
6093,2064
6094,1901
6095,1915
6096,2547
6097,1732
6098,1722
6099,2024
6100,18649
6101,4410
6102,3487
6103,4250
6104,2556
6105,3616
6106,2917
6107,2416
6108,2694
6109,2530
6110,4223
6111,4627
6112,2852
6113,2229
6114,2581
6115,2732
6116,2448
6117,2122
6118,2165
6119,2395
6120,4802
6121,2976
6122,2455
6123,2659
6124,2112
6125,3047
6126,2375
6127,2080
6128,2557
6129,1778
6130,3066
6131,2944
6132,1998
6133,2416
6134,1770
6135,1873
6136,2032
6137,1649
6138,1947
6139,2023
6140,2884
6141,2290
6142,2032
6143,2084
6144,5007
6145,2191
6146,2119
6147,1975
6148,2169
6149,1727
6150,5275
6151,2849
6152,2208
6153,2177
6154,2157
6155,2209
6156,2154
6157,1848
6158,1729
6159,1753
6160,3569
6161,3378
6162,2309
6163,1999
6164,1999
6165,2015
6166,2991
6167,2283
6168,2051
6169,1683
6170,2361
6171,2073
6172,2023
6173,1938
6174,1976
6175,1957
6176,1988
6177,1701
6178,1528
6179,4026
6180,3375
6181,2075
6182,2279
6183,1903
6184,1441
6185,1931
6186,1579
6187,1604
6188,1880
6189,1791
6190,2314
6191,1787
6192,1715
6193,1559
6194,1523
6195,1844
6196,1784
6197,1542
6198,1598
6199,2017
6200,19685
6201,3805
6202,2649
6203,3030
6204,2593
6205,3107
6206,2233
6207,2477
6208,2427
6209,2112
6210,4452
6211,3340
6212,2689
6213,2232
6214,1980
6215,2473
6216,2025
6217,2007
6218,1928
6219,1659
6220,3506
6221,3683
6222,3347
6223,2447
6224,2145
6225,2516
6226,2547
6227,2154
6228,1821
6229,2144
6230,4015
6231,2469
6232,2417
6233,2669
6234,2259
6235,2318
6236,1900
6237,2098
6238,2311
6239,2634
6240,3930
6241,2270
6242,2363
6243,1787
6244,1935
6245,2129
6246,1966
6247,1989
6248,2027
6249,1673
6250,10008
6251,2483
6252,2204
6253,2165
6254,2016
6255,2299
6256,2121
6257,1767
6258,1878
6259,1781
6260,2674
6261,2212
6262,3146
6263,2606
6264,2582
6265,2333
6266,2096
6267,1734
6268,1753
6269,2122
6270,2707
6271,2210
6272,2435
6273,2786
6274,1857
6275,2271
6276,1728
6277,2496
6278,1964
6279,1965
6280,2753
6281,1935
6282,1774
6283,2327
6284,1939
6285,2091
6286,1624
6287,1836
6288,1900
6289,1861
6290,2206
6291,1782
6292,1762
6293,1553
6294,1631
6295,1847
6296,1598
6297,1628
6298,1615
6299,2076
6300,21853
6301,3992
6302,2930
6303,2717
6304,2471
6305,2356
6306,2062
6307,2207
6308,1903
6309,2483
6310,3439
6311,2640
6312,2186
6313,1977
6314,1606
6315,2054
6316,1892
6317,1780
6318,1881
6319,1736
6320,3354
6321,2445
6322,2225
6323,2276
6324,2076
6325,2386
6326,2128
6327,1836
6328,2105
6329,1832
6330,3845
6331,2270
6332,2444
6333,3699
6334,2211
6335,1872
6336,2350
6337,1974
6338,1928
6339,1755
6340,2669
6341,1995
6342,1878
6343,1984
6344,1784
6345,1977
6346,1812
6347,2040
6348,2234
6349,1538
6350,3897
6351,2781
6352,1964
6353,1892
6354,1762
6355,3039
6356,1665
6357,1902
6358,1659
6359,1838
6360,3056
6361,3150
6362,2042
6363,4100
6364,2416
6365,2367
6366,1860
6367,1954
6368,1765
6369,1769
6370,2186
6371,3556
6372,1906
6373,1908
6374,1778
6375,2212
6376,1742
6377,1869
6378,2504
6379,22069
6380,3299
6381,2026
6382,1824
6383,1758
6384,1736
6385,1923
6386,1654
6387,1579
6388,2209
6389,1837
6390,2025
6391,1770
6392,1607
6393,1723
6394,1443
6395,1717
6396,1578
6397,3047
6398,1667
6399,1995
6400,28657
6401,3367
6402,2599
6403,2036
6404,2112
6405,2568
6406,1944
6407,1871
6408,1962
6409,1878
6410,2802
6411,2422
6412,1954
6413,1864
6414,1852
6415,2052
6416,1993
6417,1738
6418,1594
6419,1783
6420,2900
6421,1952
6422,2106
6423,1905
6424,1867
6425,2671
6426,1849
6427,1718
6428,1789
6429,1764
6430,2439
6431,2127
6432,2448
6433,1931
6434,2075
6435,2320
6436,1531
6437,1869
6438,2019
6439,1493
6440,2850
6441,2259
6442,1909
6443,5837
6444,2332
6445,2077
6446,1927
6447,1641
6448,1650
6449,1962
6450,4320
6451,1958
6452,1863
6453,1850
6454,1953
6455,2550
6456,1786
6457,1921
6458,1631
6459,1627
6460,2451
6461,2035
6462,1621
6463,2021
6464,3063
6465,2005
6466,1866
6467,1719
6468,2200
6469,1622
6470,2175
6471,1852
6472,1677
6473,1771
6474,1624
6475,2463
6476,1438
6477,1857
6478,1558
6479,1648
6480,2821
6481,1727
6482,1743
6483,1820
6484,2021
6485,1658
6486,1401
6487,1786
6488,1984
6489,1731
6490,2393
6491,1568
6492,1709
6493,1419
6494,1814
6495,2026
6496,1618
6497,1858
6498,1668
6499,1950
6500,46191
6501,4099
6502,9924
6503,2279
6504,1875
6505,2851
6506,1957
6507,1996
6508,2047
6509,2265
6510,3846
6511,3229
6512,3130
6513,2039
6514,2244
6515,2257
6516,2069
6517,1858
6518,1840
6519,1651
6520,3776
6521,1925
6522,2319
6523,1731
6524,1715
6525,2466
6526,1587
6527,1717
6528,1910
6529,1771
6530,2708
6531,2083
6532,2141
6533,2117
6534,1734
6535,2196
6536,1816
6537,1599
6538,2356
6539,1559
6540,2202
6541,1989
6542,1996
6543,3023
6544,1916
6545,2186
6546,1623
6547,1578
6548,2107
6549,1551
6550,4723
6551,2020
6552,2305
6553,2359
6554,1598
6555,2963
6556,1866
6557,1774
6558,1552
6559,1662
6560,2997
6561,2673
6562,1942
6563,2296
6564,1645
6565,3135
6566,2094
6567,1840
6568,1687
6569,2158
6570,2633
6571,1780
6572,1850
6573,1574
6574,1563
6575,2028
6576,1756
6577,1669
6578,1523
6579,1624
6580,2372
6581,2052
6582,1741
6583,2445
6584,2393
6585,2113
6586,1378
6587,1462
6588,1636
6589,1547
6590,1870
6591,1712
6592,1605
6593,1526
6594,1518
6595,1672
6596,2345
6597,1440
6598,1475
6599,1715
6600,23943
6601,3213
6602,2593
6603,2229
6604,2168
6605,2140
6606,2148
6607,1746
6608,1850
6609,1977
6610,3002
6611,3491
6612,1927
6613,2078
6614,1911
6615,2160
6616,1894
6617,1562
6618,1459
6619,1556
6620,2928
6621,2235
6622,2326
6623,1572
6624,1934
6625,2589
6626,1772
6627,1723
6628,1508
6629,1559
6630,2796
6631,1907
6632,2201
6633,3448
6634,1658
6635,1726
6636,1992
6637,1669
6638,1472
6639,1598
6640,2301
6641,2093
6642,1914
6643,1793
6644,1991
6645,1821
6646,1661
6647,1470
6648,1601
6649,1629
6650,3722
6651,2398
6652,1829
6653,2205
6654,2020
6655,2579
6656,2223
6657,1980
6658,1494
6659,1704
6660,2615
6661,2057
6662,2831
6663,1762
6664,2029
6665,2054
6666,10225
6667,9566
6668,1979
6669,1895
6670,3153
6671,1954
6672,2052
6673,1851
6674,1421
6675,1902
6676,1643
6677,2525
6678,2264
6679,1496
6680,3079
6681,2208
6682,1881
6683,1717
6684,1882
6685,1823
6686,1851
6687,1661
6688,2561
6689,1679
6690,2049
6691,1537
6692,1487
6693,1585
6694,1899
6695,1590
6696,1864
6697,1920
6698,2076
6699,3569
6700,17489
6701,3218
6702,2122
6703,1837
6704,1667
6705,1853
6706,1721
6707,2252
6708,2444
6709,1664
6710,2284
6711,1999
6712,1954
6713,1784
6714,1570
6715,2187
6716,2411
6717,2198
6718,1531
6719,1594
6720,3110
6721,1810
6722,2224
6723,2036
6724,1738
6725,2198
6726,1553
6727,1667
6728,1928
6729,1531
6730,2155
6731,2982
6732,1789
6733,1932
6734,1677
6735,1915
6736,7111
6737,1751
6738,1611
6739,1507
6740,1988
6741,1942
6742,2070
6743,1638
6744,1693
6745,1965
6746,1361
6747,1685
6748,1559
6749,2080
6750,4988
6751,2152
6752,2669
6753,1716
6754,1528
6755,1801
6756,1448
6757,1668
6758,1917
6759,1567
6760,2220
6761,1650
6762,1813
6763,1697
6764,1461
6765,2132
6766,1860
6767,2676
6768,1818
6769,1593
6770,2819
6771,1691
6772,1756
6773,1886
6774,1505
6775,1829
6776,2087
6777,2908
6778,1528
6779,1673
6780,2063
6781,1670
6782,1479
6783,1584
6784,1765
6785,1648
6786,1422
6787,2176
6788,1609
6789,6999
6790,2296
6791,2362
6792,1627
6793,1511
6794,1449
6795,1543
6796,1361
6797,1520
6798,1377
6799,1745
6800,22920
6801,3004
6802,1992
6803,4023
6804,1911
6805,2025
6806,1538
6807,1743
6808,1717
6809,3203
6810,2808
6811,3672
6812,1926
6813,1745
6814,1882
6815,1789
6816,1500
6817,1680
6818,1553
6819,2092
6820,2640
6821,1801
6822,2723
6823,2056
6824,1802
6825,2542
6826,1603
6827,1718
6828,1677
6829,1479
6830,2659
6831,2193
6832,1840
6833,2167
6834,1895
6835,1693
6836,1676
6837,1740
6838,1480
6839,1420
6840,2601
6841,1720
6842,2012
6843,1826
6844,1544
6845,1932
6846,1734
6847,1603
6848,1715
6849,1349
6850,4052
6851,2200
6852,1654
6853,1715
6854,2361
6855,1591
6856,1399
6857,1495
6858,1424
6859,1431
6860,2013
6861,1708
6862,1452
6863,1623
6864,1546
6865,1593
6866,1625
6867,1366
6868,2793
6869,1632
6870,3707
6871,1641
6872,1739
6873,1468
6874,1415
6875,9086
6876,1849
6877,1850
6878,1545
6879,1665
6880,2894
6881,2134
6882,1772
6883,1638
6884,1534
6885,1732
6886,1718
6887,1641
6888,2970
6889,1766
6890,2908
6891,1409
6892,1594
6893,1366
6894,1468
6895,1595
6896,1464
6897,1661
6898,1305
6899,1768
6900,12831
6901,3448
6902,2439
6903,1831
6904,1727
6905,1902
6906,1673
6907,1636
6908,1493
6909,1800
6910,2643
6911,2227
6912,2299
6913,1640
6914,1494
6915,1879
6916,1546
6917,1635
6918,1390
6919,1603
6920,2899
6921,1707
6922,2080
6923,1774
6924,1725
6925,1925
6926,1415
6927,1459
6928,1472
6929,1533
6930,2253
6931,1662
6932,1444
6933,2080
6934,1518
6935,1555
6936,1479
6937,1657
6938,1498
6939,1788
6940,2353
6941,1722
6942,1459
6943,1417
6944,1628
6945,1658
6946,2966
6947,1567
6948,1503
6949,1629
6950,4169
6951,1773
6952,1306
6953,1523
6954,1360
6955,2224
6956,1326
6957,1364
6958,1519
6959,1550
6960,2421
6961,1630
6962,1710
6963,2244
6964,1502
6965,1634
6966,1830
6967,1611
6968,2099
6969,3679
6970,2989
6971,1694
6972,1564
6973,1523
6974,1314
6975,1921
6976,1948
6977,1732
6978,1781
6979,1640
6980,2551
6981,1901
6982,1322
6983,1475
6984,1379
6985,1477
6986,1272
6987,1349
6988,2373
6989,1608
6990,12293
6991,1631
6992,1578
6993,1503
6994,1297
6995,1938
6996,1685
6997,1509
6998,1614
6999,3331
7000,140053
7001,9233
7002,5987
7003,4432
7004,4489
7005,3953
7006,3259
7007,3719
7008,2578
7009,2770
7010,5534
7011,3101
7012,3031
7013,3068
7014,2627
7015,3356
7016,2451
7017,2339
7018,2760
7019,3321
7020,5764
7021,2350
7022,2302
7023,2569
7024,2087
7025,2718
7026,1916
7027,2614
7028,1744
7029,1934
7030,4245
7031,2951
7032,1830
7033,2030
7034,1868
7035,2243
7036,1913
7037,1924
7038,1575
7039,1757
7040,3558
7041,2188
7042,2333
7043,2453
7044,2531
7045,1954
7046,1792
7047,2050
7048,1662
7049,1791
7050,5767
7051,2938
7052,2038
7053,1969
7054,2417
7055,2618
7056,1957
7057,2031
7058,1601
7059,1851
7060,2924
7061,2001
7062,1665
7063,1645
7064,1695
7065,2411
7066,1768
7067,2024
7068,1751
7069,1901
7070,5649
7071,5619
7072,2072
7073,1994
7074,2011
7075,7889
7076,1778
7077,3274
7078,2031
7079,2173
7080,4168
7081,2080
7082,2693
7083,2032
7084,1634
7085,2063
7086,1675
7087,1977
7088,1645
7089,1775
7090,2980
7091,1830
7092,1561
7093,1616
7094,2258
7095,2030
7096,1663
7097,1993
7098,1478
7099,1971
7100,18073
7101,3304
7102,3096
7103,2889
7104,2084
7105,2393
7106,3044
7107,2273
7108,1844
7109,1957
7110,3776
7111,3925
7112,2215
7113,1873
7114,2511
7115,2117
7116,2581
7117,2344
7118,1690
7119,1793
7120,4199
7121,2468
7122,2239
7123,2277
7124,1788
7125,2800
7126,1982
7127,1764
7128,1948
7129,2137
7130,2697
7131,1998
7132,1979
7133,1747
7134,1842
7135,2441
7136,1850
7137,1647
7138,1477
7139,1594
7140,2380
7141,2234
7142,2023
7143,2063
7144,1668
7145,1678
7146,1679
7147,1558
7148,1711
7149,1489
7150,4044
7151,1942
7152,2490
7153,1883
7154,1801
7155,2355
7156,1432
7157,1427
7158,1540
7159,1692
7160,2921
7161,1824
7162,1470
7163,1879
7164,1730
7165,1706
7166,1624
7167,2042
7168,2399
7169,1732
7170,2241
7171,3041
7172,2098
7173,1600
7174,1604
7175,1892
7176,2176
7177,1852
7178,1619
7179,1702
7180,2438
7181,1991
7182,1799
7183,1990
7184,1627
7185,1980
7186,1593
7187,1586
7188,2209
7189,1587
7190,2018
7191,1819
7192,1662
7193,1553
7194,1369
7195,2017
7196,1371
7197,1490
7198,1371
7199,2196
7200,35132
7201,3898
7202,3344
7203,2927
7204,1998
7205,2530
7206,2555
7207,2031
7208,2252
7209,1772
7210,3287
7211,2859
7212,2340
7213,2110
7214,1704
7215,2184
7216,1921
7217,1728
7218,1938
7219,2530
7220,3130
7221,2178
7222,2916
7223,2741
7224,3374
7225,2518
7226,1880
7227,2522
7228,1802
7229,1656
7230,2934
7231,2836
7232,2207
7233,3945
7234,2272
7235,2020
7236,1654
7237,1875
7238,1783
7239,1842
7240,2580
7241,1843
7242,1830
7243,2513
7244,1815
7245,2473
7246,1767
7247,1760
7248,1598
7249,1577
7250,4890
7251,1988
7252,1990
7253,1835
7254,1617
7255,1936
7256,2047
7257,1779
7258,1886
7259,1492
7260,3344
7261,1934
7262,1904
7263,1752
7264,1860
7265,2277
7266,1840
7267,2052
7268,1378
7269,1998
7270,2154
7271,1717
7272,3048
7273,2213
7274,1940
7275,2926
7276,1626
7277,2320
7278,1821
7279,1671
7280,2544
7281,1807
7282,1650
7283,1680
7284,1631
7285,1718
7286,1463
7287,1851
7288,1899
7289,1806
7290,2518
7291,1917
7292,1718
7293,1727
7294,1393
7295,1587
7296,1731
7297,1747
7298,1380
7299,1676
7300,15330
7301,2559
7302,2325
7303,1999
7304,2128
7305,2408
7306,2238
7307,2087
7308,1826
7309,1726
7310,2606
7311,2298
7312,1749
7313,1733
7314,1717
7315,2141
7316,1647
7317,1694
7318,1691
7319,1697
7320,2876
7321,2878
7322,1777
7323,2438
7324,2186
7325,2366
7326,2736
7327,1520
7328,1881
7329,1525
7330,2507
7331,2244
7332,1931
7333,3103
7334,2173
7335,1880
7336,1675
7337,1995
7338,1495
7339,1433
7340,2329
7341,1511
7342,1521
7343,1598
7344,1698
7345,1865
7346,1351
7347,1845
7348,1627
7349,1412
7350,3450
7351,1850
7352,2261
7353,1758
7354,1634
7355,1935
7356,1652
7357,2207
7358,1609
7359,1506
7360,2688
7361,1653
7362,1421
7363,1528
7364,1498
7365,1489
7366,1642
7367,1693
7368,2135
7369,1642
7370,2152
7371,1713
7372,1651
7373,2836
7374,1758
7375,2237
7376,1525
7377,1999
7378,2243
7379,1717
7380,2301
7381,1678
7382,1621
7383,1615
7384,1605
7385,1739
7386,1865
7387,2295
7388,1694
7389,1515
7390,2656
7391,1797
7392,1740
7393,1758
7394,1411
7395,1578
7396,1496
7397,1624
7398,1376
7399,4215
7400,13571
7401,3044
7402,3399
7403,2077
7404,3174
7405,2782
7406,1623
7407,2139
7408,2159
7409,1698
7410,3164
7411,3473
7412,2027
7413,2106
7414,1720
7415,1939
7416,1656
7417,1681
7418,1434
7419,1643
7420,3356
7421,1948
7422,2188
7423,2099
7424,2329
7425,2190
7426,1647
7427,1804
7428,1522
7429,1752
7430,2684
7431,1828
7432,2156
7433,2406
7434,1869
7435,1951
7436,1714
7437,1628
7438,1497
7439,1619
7440,2985
7441,1874
7442,1723
7443,2186
7444,2276
7445,2282
7446,1795
7447,2075
7448,1561
7449,1535
7450,3570
7451,1694
7452,1655
7453,1490
7454,1549
7455,1939
7456,1827
7457,1531
7458,1945
7459,1547
7460,2111
7461,1562
7462,1524
7463,1940
7464,1611
7465,1886
7466,1596
7467,1745
7468,1564
7469,3203
7470,2221
7471,1591
7472,1658
7473,1731
7474,3790
7475,2372
7476,1658
7477,1713
7478,1501
7479,1522
7480,2404
7481,1725
7482,1752
7483,1686
7484,1505
7485,1681
7486,1731
7487,1532
7488,1717
7489,1532
7490,2591
7491,1764
7492,1421
7493,1544
7494,1724
7495,1774
7496,1403
7497,1394
7498,2285
7499,2256
7500,56687
7501,3389
7502,2227
7503,2383
7504,1706
7505,2716
7506,2810
7507,1795
7508,1683
7509,1679
7510,3172
7511,2215
7512,1978
7513,2122
7514,1748
7515,2400
7516,1880
7517,1853
7518,1712
7519,2123
7520,3821
7521,2003
7522,2462
7523,1717
7524,1621
7525,2861
7526,1628
7527,1601
7528,1670
7529,2683
7530,2492
7531,1962
7532,1540
7533,1775
7534,1685
7535,2075
7536,1493
7537,1789
7538,1737
7539,1636
7540,2420
7541,1913
7542,1538
7543,1570
7544,1619
7545,2525
7546,2041
7547,1811
7548,1617
7549,1597
7550,3406
7551,1805
7552,1750
7553,1652
7554,4168
7555,2826
7556,1695
7557,2090
7558,1425
7559,2076
7560,2375
7561,1565
7562,1551
7563,1488
7564,1457
7565,1880
7566,1997
7567,1831
7568,1553
7569,1780
7570,2172
7571,1385
7572,1415
7573,1433
7574,1317
7575,3148
7576,1714
7577,1967
7578,1342
7579,1423
7580,2232
7581,1665
7582,1825
7583,1515
7584,1910
7585,2003
7586,1406
7587,1608
7588,1529
7589,1655
7590,2896
7591,1768
7592,1641
7593,1573
7594,1492
7595,1740
7596,1338
7597,1422
7598,1502
7599,1659
7600,16902
7601,6033
7602,2256
7603,1986
7604,1787
7605,1718
7606,2107
7607,1969
7608,1635
7609,1605
7610,4244
7611,2334
7612,2090
7613,1955
7614,1702
7615,1612
7616,1790
7617,1616
7618,1389
7619,1858
7620,3231
7621,1805
7622,1589
7623,2561
7624,1737
7625,2500
7626,1652
7627,1518
7628,1632
7629,1632
7630,2235
7631,2121
7632,2189
7633,1583
7634,1383
7635,1604
7636,1818
7637,1718
7638,1561
7639,1488
7640,2029
7641,1858
7642,1647
7643,1792
7644,1758
7645,2320
7646,1619
7647,1663
7648,1420
7649,1404
7650,3490
7651,1508
7652,1869
7653,1858
7654,2594
7655,1808
7656,1803
7657,1497
7658,1317
7659,1642
7660,2299
7661,1761
7662,1683
7663,1921
7664,1690
7665,2017
7666,2053
7667,2261
7668,1456
7669,2132
7670,1909
7671,2247
7672,1470
7673,1609
7674,1512
7675,1949
7676,2978
7677,1824
7678,1600
7679,1877
7680,4016
7681,1975
7682,1499
7683,1557
7684,1453
7685,1418
7686,1478
7687,2525
7688,1751
7689,1323
7690,1634
7691,1466
7692,1950
7693,1359
7694,1214
7695,2261
7696,1536
7697,1398
7698,1752
7699,1733
7700,16163
7701,4729
7702,2982
7703,2373
7704,1818
7705,1853
7706,2419
7707,1791
7708,1645
7709,1518
7710,3540
7711,3176
7712,1989
7713,1841
7714,5593
7715,2154
7716,1558
7717,3360
7718,1602
7719,1644
7720,3142
7721,4285
7722,2469
7723,1817
7724,1804
7725,2411
7726,2054
7727,2237
7728,1964
7729,1825
7730,2938
7731,1777
7732,1759
7733,2336
7734,2898
7735,2012
7736,1891
7737,1931
7738,1667
7739,1917
7740,2951
7741,1806
7742,1942
7743,1742
7744,1979
7745,1790
7746,1649
7747,2810
7748,1942
7749,1616
7750,7242
7751,2420
7752,1692
7753,2262
7754,1472
7755,2175
7756,1588
7757,1953
7758,1505
7759,1810
7760,2648
7761,1835
7762,1577
7763,2005
7764,2182
7765,1741
7766,2360
7767,1906
7768,1903
7769,1783
7770,3820
7771,2961
7772,2110
7773,1951
7774,2057
7775,2255
7776,2541
7777,14943
7778,2799
7779,2288
7780,2427
7781,1489
7782,1783
7783,1585
7784,1455
7785,1770
7786,2094
7787,2012
7788,2914
7789,2334
7790,2669
7791,1774
7792,1657
7793,2258
7794,1532
7795,1850
7796,1546
7797,1907
7798,1561
7799,2761
7800,18700
7801,2776
7802,2156
7803,2342
7804,1633
7805,3824
7806,1721
7807,1766
7808,1960
7809,1841
7810,2472
7811,2094
7812,4142
7813,1915
7814,1662
7815,1924
7816,2602
7817,2038
7818,1754
7819,1596
7820,2200
7821,1867
7822,1670
7823,1627
7824,1735
7825,2666
7826,1509
7827,2300
7828,1687
7829,1493
7830,1902
7831,2093
7832,1567
7833,2454
7834,2186
7835,1650
7836,2501
7837,1652
7838,1480
7839,2513
7840,2602
7841,2103
7842,1530
7843,2580
7844,1686
7845,2124
7846,1395
7847,1666
7848,1799
7849,1757
7850,4663
7851,1834
7852,1646
7853,1663
7854,2070
7855,2294
7856,1378
7857,1662
7858,1588
7859,1536
7860,2492
7861,1664
7862,1466
7863,1678
7864,2069
7865,1540
7866,2192
7867,2856
7868,1673
7869,2556
7870,4191
7871,2133
7872,1885
7873,2407
7874,1771
7875,2510
7876,1855
7877,1820
7878,2769
7879,2200
7880,2545
7881,1848
7882,1666
7883,1584
7884,1785
7885,2355
7886,1499
7887,2266
7888,3065
7889,1952
7890,5919
7891,1974
7892,1426
7893,1528
7894,1535
7895,1567
7896,1632
7897,1625
7898,1689
7899,2162
7900,13448
7901,5560
7902,2109
7903,1924
7904,2197
7905,1971
7906,1485
7907,1865
7908,1852
7909,2271
7910,2934
7911,2112
7912,1721
7913,1723
7914,1870
7915,1908
7916,1615
7917,2203
7918,1527
7919,2311
7920,3152
7921,2582
7922,1969
7923,1790
7924,1702
7925,2069
7926,1477
7927,1646
7928,1809
7929,1551
7930,2391
7931,1774
7932,1708
7933,1542
7934,1421
7935,1722
7936,2582
7937,1584
7938,1514
7939,1877
7940,2529
7941,1859
7942,2340
7943,1514
7944,1958
7945,1548
7946,1981
7947,1643
7948,1449
7949,1794
7950,5384
7951,1764
7952,1626
7953,1349
7954,1295
7955,1807
7956,1830
7957,1700
7958,1639
7959,1412
7960,2849
7961,1747
7962,1590
7963,1419
7964,1194
7965,1482
7966,1895
7967,1846
7968,1859
7969,1741
7970,5686
7971,1880
7972,1363
7973,2533
7974,2209
7975,1679
7976,1964
7977,2246
7978,1403
7979,2488
7980,2238
7981,1629
7982,1331
7983,1544
7984,1529
7985,1774
7986,1353
7987,1273
7988,1423
7989,1791
7990,2831
7991,1408
7992,1371
7993,1433
7994,1279
7995,1855
7996,1402
7997,1601
7998,2234
7999,3708
8000,245931
8001,15420
8002,7085
8003,4817
8004,3902
8005,4283
8006,3949
8007,3143
8008,6762
8009,4063
8010,6244
8011,3632
8012,2938
8013,2449
8014,2716
8015,2396
8016,2356
8017,1985
8018,2632
8019,2019
8020,7452
8021,2934
8022,2979
8023,2297
8024,2075
8025,3126
8026,1944
8027,1869
8028,2529
8029,1844
8030,3253
8031,2545
8032,2871
8033,2350
8034,2232
8035,2370
8036,1955
8037,1900
8038,1857
8039,1884
8040,3933
8041,2057
8042,2556
8043,2012
8044,1949
8045,1987
8046,1660
8047,2501
8048,2454
8049,1758
8050,5027
8051,8385
8052,2513
8053,2352
8054,1903
8055,2299
8056,1659
8057,2054
8058,1952
8059,1694
8060,3417
8061,2326
8062,1714
8063,1706
8064,2037
8065,2226
8066,1683
8067,1699
8068,1779
8069,2493
8070,3036
8071,2114
8072,1988
8073,1686
8074,1370
8075,2240
8076,1562
8077,1998
8078,2050
8079,1784
8080,270540
8081,24098
8082,8674
8083,5329
8084,3292
8085,6091
8086,14395
8087,4257
8088,9639
8089,3684
8090,9092
8091,4260
8092,3114
8093,2418
8094,2178
8095,2060
8096,2556
8097,1753
8098,2190
8099,2585
8100,18691
8101,3683
8102,2479
8103,2278
8104,2059
8105,2005
8106,1954
8107,1839
8108,2157
8109,2201
8110,4288
8111,5115
8112,2273
8113,2021
8114,1817
8115,2206
8116,1829
8117,1906
8118,2677
8119,1832
8120,4012
8121,1946
8122,2220
8123,4405
8124,2050
8125,10702
8126,2352
8127,1950
8128,1986
8129,2028
8130,3232
8131,2459
8132,1630
8133,1953
8134,1488
8135,2596
8136,1487
8137,1885
8138,1738
8139,2183
8140,3084
8141,1835
8142,1770
8143,1688
8144,1981
8145,1717
8146,1494
8147,1655
8148,1490
8149,1370
8150,3874
8151,2072
8152,1833
8153,1742
8154,1416
8155,1895
8156,1548
8157,1533
8158,1431
8159,1582
8160,2997
8161,2026
8162,1632
8163,1611
8164,1486
8165,1843
8166,1851
8167,1990
8168,1966
8169,1601
8170,1913
8171,2252
8172,1818
8173,1520
8174,1516
8175,1775
8176,1708
8177,1653
8178,1562
8179,1556
8180,3205
8181,5341
8182,2731
8183,1749
8184,1791
8185,1741
8186,1519
8187,1611
8188,2447
8189,1739
8190,2335
8191,5430
8192,40868
8193,2359
8194,1856
8195,2617
8196,1838
8197,1637
8198,1559
8199,1878
8200,18749
8201,3682
8202,3278
8203,17196
8204,2423
8205,3256
8206,2201
8207,2096
8208,2855
8209,3193
8210,3649
8211,22163
8212,15129
8213,2626
8214,1815
8215,2059
8216,8562
8217,96816
8218,2196
8219,1540
8220,31500
8221,40559
8222,3905
8223,2285
8224,2484
8225,2480
8226,16364
8227,1812
8228,2419
8229,1742
8230,10694
8231,1918
8232,2349
8233,2013
8234,1946
8235,1845
8236,1677
8237,1667
8238,1414
8239,2028
8240,2633
8241,1618
8242,2019
8243,2209
8244,1603
8245,1896
8246,1697
8247,1816
8248,1727
8249,1870
8250,5217
8251,1947
8252,1832
8253,1905
8254,1915
8255,9368
8256,2022
8257,1473
8258,1684
8259,1951
8260,3073
8261,1703
8262,1660
8263,1756
8264,1549
8265,2175
8266,2313
8267,2024
8268,1393
8269,1473
8270,2186
8271,1604
8272,1687
8273,1602
8274,1628
8275,2048
8276,1679
8277,1529
8278,1589
8279,1935
8280,2714
8281,2180
8282,3255
8283,3088
8284,2070
8285,1617
8286,1729
8287,1683
8288,2475
8289,1627
8290,2017
8291,1578
8292,1636
8293,1558
8294,1612
8295,1684
8296,1530
8297,2366
8298,1336
8299,1595
8300,14499
8301,4011
8302,2482
8303,2673
8304,1722
8305,1817
8306,1700
8307,1580
8308,1694
8309,1617
8310,3506
8311,2128
8312,1781
8313,1976
8314,1654
8315,1722
8316,1567
8317,1520
8318,1522
8319,1597
8320,3631
8321,1807
8322,1815
8323,1574
8324,1839
8325,2274
8326,1644
8327,1559
8328,1386
8329,1682
8330,3587
8331,1882
8332,2549
8333,8328
8334,1812
8335,1689
8336,1794
8337,1604
8338,1565
8339,2041
8340,2227
8341,1720
8342,1484
8343,1526
8344,1776
8345,1687
8346,1511
8347,1534
8348,1506
8349,1417
8350,4936
8351,1695
8352,1644
8353,1713
8354,1383
8355,1646
8356,1595
8357,1373
8358,1877
8359,1504
8360,2104
8361,1654
8362,1456
8363,1518
8364,2479
8365,1505
8366,1830
8367,1612
8368,1463
8369,1723
8370,1833
8371,1766
8372,1644
8373,1497
8374,1365
8375,1938
8376,1837
8377,2163
8378,1508
8379,1611
8380,2122
8381,1564
8382,1532
8383,2477
8384,1769
8385,1586
8386,1404
8387,1825
8388,1831
8389,1683
8390,1885
8391,1390
8392,1593
8393,1377
8394,1349
8395,1474
8396,1435
8397,1403
8398,1675
8399,1604
8400,15057
8401,2935
8402,2040
8403,1570
8404,1812
8405,1622
8406,1563
8407,1645
8408,1676
8409,1501
8410,2037
8411,2335
8412,1699
8413,1648
8414,1735
8415,2001
8416,1556
8417,1756
8418,1645
8419,1647
8420,1957
8421,1887
8422,1683
8423,1556
8424,2171
8425,1904
8426,1404
8427,1523
8428,1542
8429,1523
8430,1879
8431,1782
8432,1736
8433,1744
8434,1575
8435,1613
8436,1417
8437,1412
8438,1431
8439,1616
8440,2163
8441,1536
8442,1725
8443,15629
8444,3232
8445,1928
8446,1891
8447,1548
8448,2390
8449,1598
8450,2984
8451,2182
8452,1887
8453,2037
8454,1800
8455,1790
8456,2232
8457,2696
8458,1566
8459,1611
8460,1835
8461,1623
8462,1810
8463,1776
8464,1580
8465,1453
8466,1573
8467,1703
8468,1307
8469,1423
8470,1969
8471,1706
8472,2494
8473,1623
8474,1474
8475,1640
8476,1473
8477,9553
8478,1667
8479,1468
8480,2137
8481,1603
8482,2268
8483,1452
8484,2734
8485,2001
8486,1663
8487,1536
8488,1717
8489,1463
8490,1741
8491,1449
8492,1346
8493,1649
8494,1378
8495,1620
8496,1679
8497,1420
8498,1793
8499,2322
8500,32622
8501,4812
8502,2617
8503,1922
8504,1985
8505,2464
8506,1644
8507,1916
8508,1656
8509,1504
8510,2429
8511,2218
8512,2004
8513,1441
8514,1664
8515,2057
8516,1789
8517,1701
8518,1498
8519,1466
8520,4712
8521,1811
8522,1734
8523,1590
8524,1452
8525,2863
8526,1800
8527,1800
8528,1697
8529,2157
8530,3091
8531,1749
8532,1628
8533,1696
8534,1715
8535,1911
8536,1883
8537,1465
8538,1434
8539,1491
8540,3474
8541,1870
8542,2572
8543,1933
8544,2370
8545,4219
8546,1976
8547,1627
8548,1383
8549,1526
8550,3596
8551,1848
8552,1658
8553,1503
8554,2077
8555,2958
8556,1669
8557,1522
8558,1848
8559,1384
8560,2344
8561,1525
8562,1484
8563,1487
8564,1610
8565,1582
8566,1549
8567,1528
8568,1650
8569,1269
8570,2625
8571,2085
8572,1694
8573,1787
8574,1366
8575,1946
8576,1488
8577,1759
8578,1288
8579,1588
8580,2253
8581,1735
8582,1903
8583,2140
8584,1649
8585,3166
8586,1924
8587,1642
8588,1857
8589,1469
8590,1705
8591,1661
8592,2305
8593,1971
8594,3774
8595,1992
8596,1576
8597,1333
8598,1451
8599,1667
8600,24958
8601,19573
8602,1742
8603,1791
8604,1631
8605,1871
8606,3111
8607,1505
8608,1645
8609,1554
8610,3346
8611,2249
8612,1518
8613,1476
8614,1363
8615,1768
8616,2229
8617,1650
8618,12318
8619,1515
8620,2791
8621,2143
8622,1684
8623,2105
8624,1798
8625,2375
8626,1376
8627,1534
8628,1762
8629,1622
8630,1908
8631,1698
8632,1491
8633,1915
8634,1339
8635,1529
8636,1479
8637,1402
8638,1469
8639,1779
8640,2942
8641,1507
8642,1520
8643,1485
8644,2197
8645,1469
8646,1351
8647,1488
8648,1738
8649,1605
8650,2438
8651,1476
8652,1419
8653,1403
8654,1486
8655,1970
8656,1647
8657,1561
8658,1795
8659,1395
8660,2174
8661,1828
8662,1676
8663,1687
8664,2700
8665,1782
8666,1962
8667,2165
8668,1610
8669,1868
8670,1863
8671,1507
8672,1575
8673,1394
8674,3014
8675,1749
8676,1448
8677,1585
8678,1459
8679,1408
8680,2070
8681,1807
8682,1512
8683,2007
8684,1399
8685,1521
8686,2605
8687,2096
8688,2115
8689,1369
8690,1656
8691,1580
8692,1419
8693,1622
8694,1268
8695,1564
8696,1598
8697,1476
8698,1335
8699,1631
8700,12631
8701,2963
8702,1595
8703,1564
8704,1994
8705,2353
8706,1718
8707,1771
8708,1951
8709,1465
8710,2384
8711,2516
8712,1839
8713,1463
8714,1392
8715,1597
8716,1563
8717,1525
8718,1417
8719,1631
8720,2307
8721,2087
8722,2539
8723,1585
8724,1553
8725,1978
8726,1553
8727,1658
8728,1481
8729,1514
8730,2256
8731,1645
8732,1995
8733,2173
8734,1734
8735,1580
8736,1722
8737,1642
8738,1420
8739,1636
8740,2332
8741,1853
8742,1793
8743,1741
8744,1663
8745,1728
8746,2328
8747,1978
8748,1491
8749,1717
8750,4103
8751,1642
8752,1558
8753,1748
8754,1339
8755,1915
8756,1522
8757,1506
8758,1411
8759,1370
8760,3799
8761,2723
8762,1673
8763,1339
8764,1464
8765,3113
8766,1674
8767,3313
8768,1391
8769,1311
8770,2005
8771,1588
8772,1570
8773,1699
8774,1627
8775,2289
8776,2704
8777,2677
8778,1786
8779,1465
8780,1883
8781,1455
8782,1586
8783,1497
8784,1616
8785,1447
8786,1869
8787,3677
8788,2093
8789,1655
8790,1952
8791,1367
8792,1511
8793,1319
8794,1621
8795,1485
8796,1238
8797,1475
8798,1320
8799,3108
8800,22983
8801,3326
8802,2733
8803,1853
8804,2327
8805,2228
8806,1784
8807,2070
8808,2051
8809,2021
8810,2497
8811,2749
8812,1845
8813,1489
8814,1498
8815,1846
8816,1844
8817,1960
8818,1777
8819,1576
8820,2942
8821,2003
8822,2635
8823,1741
8824,1829
8825,2083
8826,1547
8827,1550
8828,1780
8829,1695
8830,2862
8831,1718
8832,1985
8833,2547
8834,1719
8835,1726
8836,1575
8837,1473
8838,1580
8839,1619
8840,2027
8841,1667
8842,1452
8843,1784
8844,2377
8845,1600
8846,1441
8847,1326
8848,3587
8849,1616
8850,3669
8851,1582
8852,1452
8853,1708
8854,2182
8855,2295
8856,1947
8857,1712
8858,1728
8859,37708
8860,2229
8861,1789
8862,1533
8863,1862
8864,1404
8865,2056
8866,2069
8867,1495
8868,1650
8869,1712
8870,1868
8871,1617
8872,1563
8873,1825
8874,1309
8875,1991
8876,1658
8877,2201
8878,1829
8879,1968
8880,3474
8881,2433
8882,1958
8883,3244
8884,2104
8885,1855
8886,1887
8887,2352
8888,34299
8889,4519
8890,3131
8891,2135
8892,1468
8893,1417
8894,1294
8895,2337
8896,1494
8897,1436
8898,1737
8899,2904
8900,11657
8901,4250
8902,1744
8903,1749
8904,1681
8905,1515
8906,1592
8907,1328
8908,1548
8909,1605
8910,3204
8911,1873
8912,1690
8913,1468
8914,1388
8915,1599
8916,1496
8917,1570
8918,1476
8919,1384
8920,2083
8921,1552
8922,1566
8923,1463
8924,1626
8925,1613
8926,1359
8927,1288
8928,1487
8929,1437
8930,1975
8931,2203
8932,1332
8933,1442
8934,1344
8935,1434
8936,1463
8937,1447
8938,2762
8939,1451
8940,1941
8941,1489
8942,1385
8943,1432
8944,1555
8945,1491
8946,1423
8947,1481
8948,1280
8949,2558
8950,2424
8951,1434
8952,1458
8953,1372
8954,1408
8955,1605
8956,1300
8957,1287
8958,1603
8959,1492
8960,2191
8961,1467
8962,1825
8963,1432
8964,2419
8965,1569
8966,1464
8967,1180
8968,1462
8969,2434
8970,1604
8971,1699
8972,1459
8973,1481
8974,1392
8975,1503
8976,1471
8977,1571
8978,1400
8979,1421
8980,1867
8981,1683
8982,1421
8983,3704
8984,2321
8985,1563
8986,1436
8987,1354
8988,1713
8989,3391
8990,2426
8991,1481
8992,1517
8993,1999
8994,1549
8995,2026
8996,1678
8997,1419
8998,1928
8999,4062
9000,143933
9001,91278
9002,8140
9003,5546
9004,4100
9005,4270
9006,3795
9007,3033
9008,2680
9009,4261
9010,5467
9011,2896
9012,3213
9013,1926
9014,1891
9015,2570
9016,2007
9017,1901
9018,1939
9019,1774
9020,3593
9021,2079
9022,1960
9023,1841
9024,2193
9025,2317
9026,1616
9027,1896
9028,1508
9029,1481
9030,2726
9031,1879
9032,1771
9033,1878
9034,1412
9035,1768
9036,1587
9037,1532
9038,1477
9039,1637
9040,2474
9041,1759
9042,3184
9043,1434
9044,1501
9045,1663
9046,1574
9047,1324
9048,1435
9049,1384
9050,4146
9051,1899
9052,1716
9053,1527
9054,1614
9055,1888
9056,1407
9057,1413
9058,1360
9059,1565
9060,3391
9061,1512
9062,1524
9063,1566
9064,1471
9065,1426
9066,3604
9067,1480
9068,1497
9069,1537
9070,2262
9071,1856
9072,1633
9073,1417
9074,1297
9075,1940
9076,1328
9077,1896
9078,2272
9079,1358
9080,5708
9081,2010
9082,1739
9083,1914
9084,1477
9085,2062
9086,1226
9087,1512
9088,2003
9089,1699
9090,15393
9091,4535
9092,12654
9093,3710
9094,2280
9095,2022
9096,1638
9097,1636
9098,1553
9099,2514
9100,15368
9101,3867
9102,2468
9103,1860
9104,2074
9105,1903
9106,1633
9107,1478
9108,1605
9109,1551
9110,2949
9111,3364
9112,1727
9113,1791
9114,1798
9115,2042
9116,1614
9117,1581
9118,1457
9119,1848
9120,2689
9121,1826
9122,2349
9123,2222
9124,1432
9125,2432
9126,2189
9127,1566
9128,2322
9129,1283
9130,2169
9131,1965
9132,1589
9133,1524
9134,1278
9135,1525
9136,1460
9137,1549
9138,1272
9139,1383
9140,2329
9141,1992
9142,1568
9143,1420
9144,2707
9145,1650
9146,1256
9147,1335
9148,1343
9149,1849
9150,3305
9151,1661
9152,1339
9153,1893
9154,1148
9155,1999
9156,1207
9157,1220
9158,1262
9159,1240
9160,2452
9161,1498
9162,1359
9163,1276
9164,1320
9165,2171
9166,1539
9167,2190
9168,1372
9169,1225
9170,1727
9171,1769
9172,1304
9173,1472
9174,1289
9175,1555
9176,1396
9177,1450
9178,1328
9179,1364
9180,2078
9181,1711
9182,1475
9183,1374
9184,1770
9185,1568
9186,1308
9187,1484
9188,1407
9189,1339
9190,1835
9191,2771
9192,1643
9193,1647
9194,1371
9195,1508
9196,1462
9197,1279
9198,1378
9199,1891
9200,27081
9201,3120
9202,2002
9203,2220
9204,1726
9205,2055
9206,1554
9207,1494
9208,1835
9209,1527
9210,2273
9211,2318
9212,2653
9213,1648
9214,1350
9215,1635
9216,3108
9217,1578
9218,1347
9219,1511
9220,2602
9221,1856
9222,3533
9223,1741
9224,1549
9225,2181
9226,1413
9227,1850
9228,1532
9229,2282
9230,3021
9231,1923
9232,1781
9233,1663
9234,1534
9235,1397
9236,1263
9237,1412
9238,1352
9239,1475
9240,2198
9241,2413
9242,1481
9243,1631
9244,1463
9245,1509
9246,1415
9247,1530
9248,1548
9249,1386
9250,4180
9251,1823
9252,1616
9253,1366
9254,1214
9255,1824
9256,1348
9257,1495
9258,1582
9259,1237
9260,2139
9261,1794
9262,2003
9263,1519
9264,1341
9265,1516
9266,1654
9267,1449
9268,1605
9269,1349
9270,1568
9271,1485
9272,1624
9273,1407
9274,1442
9275,1568
9276,1401
9277,1599
9278,1445
9279,1321
9280,2051
9281,1582
9282,1624
9283,1678
9284,1484
9285,1473
9286,1428
9287,1329
9288,1530
9289,1262
9290,2150
9291,1501
9292,4453
9293,1594
9294,1552
9295,1828
9296,1339
9297,1576
9298,1388
9299,1679
9300,15896
9301,2374
9302,1744
9303,1834
9304,1447
9305,1679
9306,1490
9307,1325
9308,1491
9309,1435
9310,2540
9311,1979
9312,1814
9313,1475
9314,1435
9315,1658
9316,1379
9317,1286
9318,1297
9319,1501
9320,2477
9321,1624
9322,1525
9323,1442
9324,1512
9325,2287
9326,2271
9327,1707
9328,1658
9329,1368
9330,2325
9331,1632
9332,1535
9333,3615
9334,1396
9335,1753
9336,1906
9337,1575
9338,1370
9339,1575
9340,1881
9341,1526
9342,1340
9343,1995
9344,1831
9345,1614
9346,1450
9347,1369
9348,1325
9349,1513
9350,3160
9351,1912
9352,1336
9353,1420
9354,1326
9355,2173
9356,1334
9357,1345
9358,1282
9359,1349
9360,3091
9361,1663
9362,1634
9363,1353
9364,1347
9365,1517
9366,1247
9367,1414
9368,1282
9369,1465
9370,2467
9371,1527
9372,1450
9373,1389
9374,1306
9375,17742
9376,1494
9377,1633
9378,1774
9379,1120
9380,2332
9381,1757
9382,1345
9383,1620
9384,1692
9385,1617
9386,1214
9387,1400
9388,1528
9389,1329
9390,1586
9391,1409
9392,1393
9393,2309
9394,1683
9395,1432
9396,1278
9397,1759
9398,1197
9399,1683
9400,10415
9401,2238
9402,1773
9403,1907
9404,1687
9405,1577
9406,1557
9407,1326
9408,1739
9409,1582
9410,2211
9411,2888
9412,1628
9413,1353
9414,1418
9415,1859
9416,1388
9417,1702
9418,1494
9419,1563
9420,1883
9421,1541
9422,1618
9423,1298
9424,1445
9425,1653
9426,1115
9427,1327
9428,1322
9429,1451
9430,1909
9431,1402
9432,1572
9433,1635
9434,1362
9435,1505
9436,1332
9437,1390
9438,1357
9439,1331
9440,2211
9441,1598
9442,1476
9443,4106
9444,2232
9445,1792
9446,1429
9447,1302
9448,1354
9449,1505
9450,2560
9451,1527
9452,1548
9453,1593
9454,1269
9455,1606
9456,1225
9457,1344
9458,1204
9459,1210
9460,1563
9461,1431
9462,1245
9463,2019
9464,1561
9465,1749
9466,1393
9467,1270
9468,1299
9469,1311
9470,1604
9471,1299
9472,2075
9473,1896
9474,2060
9475,1439
9476,1242
9477,1507
9478,1248
9479,1482
9480,1717
9481,1417
9482,1231
9483,1250
9484,1447
9485,1480
9486,1270
9487,1355
9488,1405
9489,1288
9490,1635
9491,1285
9492,1397
9493,1264
9494,1931
9495,1540
9496,1457
9497,1267
9498,1215
9499,1649
9500,22690
9501,2812
9502,2085
9503,1912
9504,1866
9505,2300
9506,1554
9507,1468
9508,1537
9509,1482
9510,2151
9511,2263
9512,1453
9513,1649
9514,1541
9515,1899
9516,1486
9517,1270
9518,1537
9519,1285
9520,2177
9521,1642
9522,1438
9523,1449
9524,1618
9525,2928
9526,1367
9527,2085
9528,1468
9529,1403
9530,2223
9531,1719
9532,1369
9533,1478
9534,1290
9535,1498
9536,1769
9537,1456
9538,1315
9539,1260
9540,1827
9541,1823
9542,1475
9543,1379
9544,1314
9545,2212
9546,1346
9547,1235
9548,1178
9549,1264
9550,4050
9551,1683
9552,1729
9553,1471
9554,1236
9555,3142
9556,1387
9557,1447
9558,1372
9559,1965
9560,2593
9561,1367
9562,1229
9563,1290
9564,1360
9565,1545
9566,1594
9567,1511
9568,1835
9569,1342
9570,2178
9571,1298
9572,1421
9573,1214
9574,1098
9575,2082
9576,1202
9577,1386
9578,1289
9579,2134
9580,1867
9581,1280
9582,1178
9583,1396
9584,1267
9585,1534
9586,1332
9587,1254
9588,1234
9589,1237
9590,2093
9591,1333
9592,1405
9593,1379
9594,1223
9595,3077
9596,1552
9597,1353
9598,1464
9599,1744
9600,31652
9601,2749
9602,1706
9603,1976
9604,1858
9605,1865
9606,3604
9607,1991
9608,1926
9609,1515
9610,2124
9611,2321
9612,1559
9613,1700
9614,1374
9615,1667
9616,1330
9617,1568
9618,1446
9619,1356
9620,1911
9621,1395
9622,2183
9623,1447
9624,1364
9625,1766
9626,1556
9627,1262
9628,1134
9629,1350
9630,2343
9631,1664
9632,1732
9633,1615
9634,1210
9635,1377
9636,1348
9637,1335
9638,1277
9639,1385
9640,1519
9641,1401
9642,3556
9643,1289
9644,1423
9645,1654
9646,1387
9647,1344
9648,1355
9649,1312
9650,3856
9651,1580
9652,1382
9653,1410
9654,2335
9655,1587
9656,1557
9657,1325
9658,1899
9659,1356
9660,3715
9661,1690
9662,10215
9663,1706
9664,1625
9665,1588
9666,1500
9667,1754
9668,1718
9669,1557
9670,12595
9671,1294
9672,1423
9673,1498
9674,2182
9675,2142
9676,1329
9677,1339
9678,1420
9679,2172
9680,1542
9681,1369
9682,1263
9683,1352
9684,1249
9685,1490
9686,1493
9687,1321
9688,3804
9689,1330
9690,1763
9691,1172
9692,1300
9693,1357
9694,1204
9695,1457
9696,2411
9697,1678
9698,1323
9699,1589
9700,14531
9701,2346
9702,1591
9703,1373
9704,1453
9705,1630
9706,1737
9707,1753
9708,1490
9709,1707
9710,1992
9711,1942
9712,1656
9713,1283
9714,1661
9715,1332
9716,1306
9717,1224
9718,1151
9719,1290
9720,2090
9721,1565
9722,1562
9723,1326
9724,1457
9725,1705
9726,1453
9727,1389
9728,1768
9729,1585
9730,1522
9731,1219
9732,1286
9733,4121
9734,2292
9735,1801
9736,1262
9737,1422
9738,1221
9739,1311
9740,1507
9741,1493
9742,1338
9743,1441
9744,2096
9745,1608
9746,1292
9747,1487
9748,1351
9749,1309
9750,2954
9751,1391
9752,1289
9753,1346
9754,1294
9755,1545
9756,1556
9757,1305
9758,1359
9759,1183
9760,1546
9761,1411
9762,1237
9763,1475
9764,1265
9765,1275
9766,1574
9767,1441
9768,1138
9769,1248
9770,1840
9771,1353
9772,1375
9773,1254
9774,1204
9775,1598
9776,2246
9777,2282
9778,1455
9779,1580
9780,2742
9781,1346
9782,1093
9783,1278
9784,1429
9785,1540
9786,1434
9787,1442
9788,1349
9789,1370
9790,2118
9791,1346
9792,1834
9793,1866
9794,1363
9795,1466
9796,2992
9797,2142
9798,1556
9799,1746
9800,16781
9801,3524
9802,2121
9803,1653
9804,1553
9805,1801
9806,1498
9807,1566
9808,1642
9809,1391
9810,3820
9811,1800
9812,1372
9813,1365
9814,1231
9815,1596
9816,1359
9817,1456
9818,1427
9819,1277
9820,2553
9821,1508
9822,1801
9823,1279
9824,1451
9825,2076
9826,1366
9827,1520
9828,1395
9829,1573
9830,2057
9831,1309
9832,1684
9833,1888
9834,1499
9835,1769
9836,1332
9837,1315
9838,1422
9839,1476
9840,1950
9841,1645
9842,1466
9843,1516
9844,1590
9845,1744
9846,1312
9847,1320
9848,1347
9849,1208
9850,2918
9851,1542
9852,1442
9853,1468
9854,1243
9855,1693
9856,1648
9857,1628
9858,1311
9859,1445
9860,3485
9861,1631
9862,1257
9863,1295
9864,1408
9865,1607
9866,1338
9867,1468
9868,1860
9869,1381
9870,1679
9871,1614
9872,1525
9873,1502
9874,1423
9875,2007
9876,6369
9877,1881
9878,1410
9879,1534
9880,2099
9881,1376
9882,1384
9883,1325
9884,1245
9885,1396
9886,1280
9887,1813
9888,2691
9889,1944
9890,1767
9891,1359
9892,1161
9893,1226
9894,1145
9895,2178
9896,1269
9897,1382
9898,3285
9899,2588
9900,18482
9901,3156
9902,1806
9903,1896
9904,2044
9905,1790
9906,1548
9907,1539
9908,1710
9909,1716
9910,2139
9911,2219
9912,1748
9913,1664
9914,1369
9915,1524
9916,1404
9917,1506
9918,1448
9919,1592
9920,2269
9921,1688
9922,2070
9923,1588
9924,1289
9925,2030
9926,1812
9927,1364
9928,1276
9929,1516
9930,2857
9931,1485
9932,1551
9933,2410
9934,1594
9935,1522
9936,1400
9937,1377
9938,1567
9939,1925
9940,1759
9941,1487
9942,1390
9943,1322
9944,1972
9945,1672
9946,1298
9947,1789
9948,1302
9949,1592
9950,2733
9951,1570
9952,1398
9953,1529
9954,1481
9955,2069
9956,1367
9957,1354
9958,1485
9959,1673
9960,2836
9961,1799
9962,1403
9963,1456
9964,1526
9965,1868
9966,2248
9967,1682
9968,1488
9969,1648
9970,1739
9971,1739
9972,1627
9973,1925
9974,1407
9975,2262
9976,1545
9977,1931
9978,1699
9979,1593
9980,2471
9981,2369
9982,1783
9983,1996
9984,2600
9985,2136
9986,1969
9987,2431
9988,3460
9989,2840
9990,5495
9991,3593
9992,2874
9993,3156
9994,3238
9995,5097
9996,4137
9997,4568
9998,6844
9999,118651
10000,344584
