number,count
0,571200332
1,613408977
2,530983663
3,303408383
4,223316743
5,212907242
6,128331896
7,104838631
8,102587011
9,82194385
10,107231748
11,53541936
12,60931393
13,39329082
14,37130091
15,45464881
16,38320321
17,30390636
18,33417107
19,26955214
20,47019013
21,25860221
22,23153292
23,21238936
24,28956983
25,30340217
26,17545139
27,16954132
28,18952729
29,15579874
30,34779239
31,15330019
32,16086615
33,12757159
34,11552538
35,14452708
36,12502235
37,11813492
38,10354114
39,9937880
40,20177454
41,9349785
42,11602993
43,9048561
44,9390361
45,12922036
46,8297799
47,8410643
48,11384319
49,8160023
50,27813846
51,8157492
52,8248865
53,7446380
54,7785122
55,9166952
56,8300961
57,7038575
58,6907172
59,7199704
60,16328741
61,6189112
62,6223454
63,6485796
64,9079359
65,8222886
66,6298130
67,6277593
68,5958394
69,5431970
70,10437939
71,5576532
72,7388355
73,5457284
74,5290171
75,10008635
76,5425449
77,5407073
78,5502198
79,5043687
80,12123902
81,5325476
82,5153754
83,5263408
84,5517387
85,6544473
86,5045406
87,5001107
88,5412405
89,5041098
90,11512773
91,5352399
92,5225710
93,5133306
94,5155100
95,13284443
96,6495835
97,5381932
98,5688887
99,8054672
100,29438217
101,3613941
102,3202689
103,2828237
104,2968296
105,3099255
106,2732429
107,2368860
108,2721656
109,2686099
110,3799431
111,2819724
112,2642330
113,2154653
114,2225016
115,2308832
116,2133691
117,2093803
118,1963023
119,2219345
120,5422515
121,2121208
122,1990088
123,2561362
124,1860734
125,2946649
126,1971009
127,2406469
128,3137836
129,1703502
130,2689717
131,1667159
132,1852165
133,1642878
134,1495155
135,1894205
136,1625187
137,1543057
138,1438801
139,1397250
140,2590375
141,1415134
142,1379465
143,1546294
144,1753117
145,1591883
146,1272644
147,1398800
148,1293053
149,1323251
150,4965427
151,1368025
152,1416214
153,1474387
154,1323326
155,1475756
156,1368294
157,1276772
158,1207813
159,1177414
160,3035356
161,1255684
162,1327098
163,1199268
164,1164099
165,1479646
166,1146459
167,1186891
168,1846905
169,1158954
170,1700259
171,1314925
172,1233046
173,1127364
174,1103262
175,1535409
176,1316392
177,1154108
178,1100451
179,1142508
180,3034177
181,1056717
182,1120921
183,1083974
184,1027309
185,1172525
186,1041137
187,1067838
188,1029117
189,1072701
190,1421625
191,1032808
192,1936771
193,1030157
194,964292
195,1177963
196,1028625
197,997522
198,1034969
199,1071826
200,9625805
201,1582710
202,1347200
203,1227793
204,1308407
205,1236759
206,1094292
207,1113206
208,1246065
209,1047393
210,1714187
211,1112960
212,1167885
213,1029919
214,1015907
215,1096892
216,1132524
217,959921
218,955368
219,917607
220,1704473
221,1040859
222,1144604
223,1014575
224,1107492
225,1286714
226,896524
227,920091
228,949117
229,892513
230,1306419
231,1298131
232,964325
233,885216
234,956148
235,999371
236,868255
237,855743
238,901404
239,852079
240,1873862
241,896534
242,994458
243,946308
244,851757
245,1008655
246,836505
247,831662
248,926436
249,845082
250,3790938
251,905412
252,1079202
253,887622
254,943770
255,3250280
256,2070097
257,796707
258,740706
259,736944
260,1170890
261,779848
262,767550
263,798122
264,992013
265,870840
266,765830
267,750287
268,730771
269,736594
270,1214478
271,762230
272,833926
273,824589
274,717518
275,994634
276,741028
277,727221
278,715854
279,731699
280,1206988
281,752275
282,694674
283,700703
284,700939
285,807245
286,765059
287,734275
288,918365
289,697563
290,887008
291,699358
292,686976
293,854256
294,711330
295,764240
296,729522
297,744581
298,742940
299,767866
300,5836374
301,1136907
302,934279
303,909146
304,969365
305,861001
306,806213
307,777569
308,816164
309,711938
310,995626
311,778568
312,842599
313,739219
314,679886
315,908685
316,710082
317,743353
318,683302
319,709521
320,1312692
321,771334
322,747196
323,848493
324,763901
325,885501
326,668830
327,683168
328,679874
329,635058
330,1127054
331,695034
332,655855
333,916803
334,621177
335,702268
336,754334
337,671895
338,646871
339,644445
340,933793
341,690740
342,696696
343,717016
344,666929
345,755806
346,614437
347,642962
348,632270
349,649098
350,1665321
351,702305
352,690573
353,658950
354,596754
355,698371
356,606720
357,663815
358,576888
359,624351
360,1708031
361,638649
362,689461
363,692819
364,656071
365,1007644
366,632825
367,607682
368,607429
369,604891
370,790019
371,651560
372,631105
373,639569
374,592887
375,910653
376,593804
377,747133
378,620310
379,583236
380,831643
381,583853
382,555026
383,607293
384,799231
385,656865
386,681934
387,579962
388,598859
389,599511
390,733251
391,618947
392,634957
393,585168
394,553495
395,632599
396,687887
397,596694
398,558116
399,597471
400,4648010
401,974114
402,722713
403,855191
404,1231511
405,924717
406,624797
407,635923
408,697387
409,621997
410,788731
411,678997
412,627637
413,609381
414,646188
415,669494
416,659569
417,583021
418,568520
419,562004
420,907164
421,603584
422,601243
423,594218
424,622764
425,735194
426,560766
427,546353
428,542184
429,630127
430,699553
431,626682
432,689952
433,568004
434,549931
435,629470
436,593279
437,531703
438,552305
439,529958
440,816938
441,602630
442,535633
443,720233
444,641009
445,570284
446,523042
447,544092
448,599676
449,546371
450,1428207
451,576010
452,518886
453,526681
454,590449
455,715489
456,665199
457,557960
458,514587
459,526333
460,696164
461,560582
462,563628
463,527651
464,544656
465,579111
466,639424
467,541911
468,622660
469,537787
470,647834
471,553558
472,522284
473,593720
474,524965
475,697441
476,546540
477,712902
478,485559
479,490689
480,1010232
481,535269
482,501023
483,529715
484,549180
485,555069
486,543421
487,494207
488,784209
489,515032
490,688050
491,502439
492,498274
493,521453
494,500181
495,605961
496,505196
497,486693
498,499106
499,540719
500,8179666
501,812656
502,676214
503,645869
504,706969
505,618529
506,567377
507,568318
508,538012
509,546829
510,745897
511,605263
512,1241310
513,541902
514,521197
515,537069
516,496903
517,513530
518,473337
519,465923
520,699630
521,504280
522,548591
523,694517
524,504330
525,608176
526,484068
527,478702
528,514589
529,515372
530,659069
531,481336
532,534860
533,485498
534,468003
535,518630
536,481356
537,526187
538,489483
539,525362
540,691208
541,553888
542,476273
543,490756
544,517194
545,492770
546,497459
547,514934
548,458713
549,468362
550,912841
551,469546
552,549590
553,461565
554,429060
555,605775
556,500691
557,436928
558,427621
559,422896
560,690110
561,462734
562,434143
563,422797
564,463557
565,442129
566,395492
567,481058
568,441195
569,396675
570,580487
571,430577
572,425292
573,423263
574,431944
575,479759
576,524206
577,410481
578,382022
579,382374
580,513975
581,406405
582,397261
583,396385
584,399208
585,436235
586,417218
587,446760
588,413417
589,391139
590,481807
591,388835
592,405596
593,391813
594,440789
595,465722
596,397478
597,410064
598,382133
599,403333
600,3180689
601,486499
602,504017
603,433176
604,433437
605,498669
606,430483
607,417718
608,432027
609,461119
610,524696
611,443260
612,491064
613,405045
614,393680
615,448342
616,432985
617,416564
618,404816
619,403805
620,516349
621,410662
622,373959
623,389118
624,422986
625,628291
626,393358
627,387317
628,368041
629,367422
630,557989
631,406460
632,409492
633,406083
634,365977
635,423043
636,421854
637,415184
638,355570
639,385710
640,681891
641,397990
642,371918
643,377021
644,423898
645,410551
646,418477
647,422568
648,404211
649,353915
650,776787
651,378976
652,373018
653,354628
654,394228
655,384728
656,405498
657,366608
658,354695
659,378986
660,555686
661,373304
662,379979
663,358149
664,371210
665,394994
666,516643
667,478471
668,426598
669,353449
670,432619
671,352215
672,386462
673,355994
674,355116
675,460785
676,385770
677,350455
678,371490
679,348461
680,522047
681,364195
682,363187
683,358629
684,405528
685,367404
686,391829
687,373953
688,360408
689,350259
690,451575
691,374018
692,344057
693,366122
694,395134
695,353605
696,356991
697,355149
698,318459
699,356257
700,1890277
701,464669
702,470365
703,408465
704,478026
705,447942
706,454756
707,460798
708,392389
709,366202
710,476466
711,398769
712,372221
713,513207
714,400450
715,418796
716,349813
717,355258
718,346644
719,338540
720,697143
721,375125
722,385531
723,333795
724,333090
725,434654
726,363745
727,410663
728,341863
729,361287
730,414372
731,340636
732,372620
733,342234
734,327381
735,383704
736,343207
737,388794
738,374356
739,318894
740,413349
741,329186
742,326878
743,319383
744,345279
745,372752
746,322554
747,349458
748,322905
749,330991
750,1087689
751,340897
752,345076
753,331460
754,342066
755,401364
756,362259
757,332112
758,302165
759,315075
760,421936
761,327051
762,320569
763,323235
764,300998
765,357174
766,309329
767,335878
768,453832
769,311766
770,426463
771,309698
772,305650
773,323991
774,306553
775,374148
776,325637
777,462096
778,318959
779,294505
780,477141
781,329674
782,345074
783,320310
784,328601
785,329022
786,332245
787,324123
788,314809
789,335692
790,364884
791,308341
792,369029
793,300937
794,313710
795,316033
796,290684
797,292774
798,298043
799,315190
800,2587215
801,490260
802,677202
803,424334
804,369750
805,356155
806,347041
807,330770
808,366054
809,326610
810,451695
811,347334
812,357371
813,331247
814,323325
815,348057
816,338714
817,323600
818,325720
819,309493
820,406073
821,330856
822,318672
823,319768
824,326790
825,370472
826,310620
827,307135
828,313751
829,290810
830,385634
831,299863
832,363149
833,382419
834,300882
835,345474
836,308579
837,306935
838,298084
839,291404
840,474005
841,466712
842,305469
843,326517
844,325477
845,316384
846,353026
847,341184
848,304962
849,292948
850,613510
851,311825
852,289959
853,356441
854,295539
855,329560
856,309303
857,303037
858,303611
859,279866
860,367085
861,286260
862,276155
863,314799
864,343532
865,304839
866,342310
867,280973
868,289855
869,272566
870,360287
871,296824
872,291707
873,293768
874,273924
875,401000
876,295618
877,344832
878,276409
879,271885
880,383006
881,291366
882,284559
883,281493
884,279473
885,289167
886,297893
887,261107
888,451369
889,293397
890,321700
891,338730
892,282451
893,293896
894,273734
895,306966
896,300560
897,280896
898,258782
899,283927
900,1383833
901,384279
902,343437
903,340512
904,349125
905,340421
906,316311
907,331651
908,321431
909,303422
910,411179
911,612127
912,344971
913,290121
914,286556
915,303403
916,305398
917,309129
918,288712
919,284657
920,405301
921,319547
922,385517
923,286423
924,463233
925,323692
926,283344
927,285430
928,274584
929,290011
930,337686
931,321280
932,262631
933,273301
934,249994
935,281607
936,299102
937,270201
938,260946
939,266858
940,348964
941,277146
942,246189
943,270060
944,275301
945,299484
946,265192
947,250279
948,257274
949,252661
950,452340
951,268017
952,273187
953,282947
954,263001
955,274645
956,266354
957,257639
958,245765
959,246395
960,435356
961,263457
962,249555
963,252847
964,245572
965,277567
966,265985
967,267218
968,262168
969,319103
970,324671
971,260123
972,284972
973,278567
974,243228
975,302165
976,264556
977,258325
978,326533
979,250547
980,406427
981,260225
982,251595
983,257597
984,279961
985,280173
986,247491
987,256583
988,264576
989,259720
990,356431
991,269555
992,272617
993,266052
994,280053
995,310762
996,284168
997,279917
998,307119
999,841197
1000,5008797
1001,428219
1002,300876
1003,231065
1004,176938
1005,197540
1006,170515
1007,317660
1008,236432
1009,166625
1010,239489
1011,209328
1012,171126
1013,144172
1014,147623
1015,148523
1016,385486
1017,149266
1018,131606
1019,135324
1020,209129
1021,352343
1022,134748
1023,173309
1024,987576
1025,139164
1026,132952
1027,123830
1028,121797
1029,138572
1030,157259
1031,144709
1032,136116
1033,145345
1034,115917
1035,129834
1036,114891
1037,117935
1038,346785
1039,140205
1040,189273
1041,114811
1042,115928
1043,116935
1044,119278
1045,127906
1046,108104
1047,112606
1048,114831
1049,123750
1050,208578
1051,128280
1052,111943
1053,155148
1054,123705
1055,136715
1056,128511
1057,116545
1058,105471
1059,106590
1060,143099
1061,117024
1062,112103
1063,166599
1064,145155
1065,121185
1066,127879
1067,115457
1068,121390
1069,106569
1070,139792
1071,117174
1072,109719
1073,207208
1074,108420
1075,113503
1076,100186
1077,110505
1078,106647
1079,106716
1080,314632
1081,117478
1082,104665
1083,112719
1084,107153
1085,113677
1086,131345
1087,112018
1088,232602
1089,138491
1090,126199
1091,109455
1092,120900
1093,298964
1094,107624
1095,116922
1096,103576
1097,110881
1098,117772
1099,145918
1100,466315
1101,249047
1102,142590
1103,602736
1104,154914
1105,149712
1106,138825
1107,292544
1108,128068
1109,152321
1110,191803
1111,317890
1112,155361
1113,126703
1114,119618
1115,189973
1116,122277
1117,112276
1118,127878
1119,104462
1120,149640
1121,117546
1122,121587
1123,118018
1124,105453
1125,152692
1126,136261
1127,108838
1128,154174
1129,133377
1130,130709
1131,109891
1132,149902
1133,108304
1134,108929
1135,105117
1136,135946
1137,105103
1138,102307
1139,98045
1140,157591
1141,108786
1142,113228
1143,107533
1144,117518
1145,113679
1146,111524
1147,96327
1148,101065
1149,105857
1150,147039
1151,110301
1152,154086
1153,117609
1154,99231
1155,130194
1156,98747
1157,102080
1158,120799
1159,97641
1160,125699
1161,117805
1162,96696
1163,106857
1164,97404
1165,95006
1166,97124
1167,97648
1168,92908
1169,91620
1170,163767
1171,99913
1172,95969
1173,102837
1174,90622
1175,99723
1176,107836
1177,118846
1178,94664
1179,95842
1180,114732
1181,99270
1182,125337
1183,97965
1184,94784
1185,99426
1186,151056
1187,97684
1188,114509
1189,99250
1190,120544
1191,94374
1192,100319
1193,95909
1194,120097
1195,97058
1196,98990
1197,109813
1198,89795
1199,106737
1200,716971
1201,179300
1202,148831
1203,144243
1204,133679
1205,126552
1206,127745
1207,130370
1208,132104
1209,123070
1210,153307
1211,129314
1212,144804
1213,109840
1214,102597
1215,123091
1216,145686
1217,102564
1218,96519
1219,97656
1220,126413
1221,117185
1222,106649
1223,104447
1224,116243
1225,120063
1226,101519
1227,110368
1228,100719
1229,99657
1230,125959
1231,121165
1232,119490
1233,96020
1234,365328
1235,109421
1236,101533
1237,97838
1238,92844
1239,101728
1240,127969
1241,103430
1242,111524
1243,98348
1244,99367
1245,111271
1246,101721
1247,99678
1248,102679
1249,100080
1250,220388
1251,123108
1252,191935
1253,105534
1254,111985
1255,110144
1256,100056
1257,98239
1258,90058
1259,91482
1260,169352
1261,95354
1262,87291
1263,92203
1264,90713
1265,100759
1266,87990
1267,94125
1268,82051
1269,85391
1270,110457
1271,95947
1272,93211
1273,91574
1274,91382
1275,108893
1276,88824
1277,90894
1278,89756
1279,92076
1280,191396
1281,96473
1282,89919
1283,94338
1284,91983
1285,97349
1286,82348
1287,98929
1288,90640
1289,92980
1290,109083
1291,210237
1292,153579
1293,82572
1294,82410
1295,102850
1296,112636
1297,89349
1298,83953
1299,93132
1300,361778
1301,329089
1302,123447
1303,128369
1304,122510
1305,122466
1306,108628
1307,191281
1308,104729
1309,106210
1310,130050
1311,119806
1312,114565
1313,102277
1314,95411
1315,95039
1316,90992
1317,87635
1318,83298
1319,94391
1320,134600
1321,97557
1322,122647
1323,98990
1324,104882
1325,147742
1326,141956
1327,94507
1328,99388
1329,89324
1330,117318
1331,194541
1332,150433
1333,111291
1334,124738
1335,94721
1336,83614
1337,114741
1338,92543
1339,81925
1340,104639
1341,113860
1342,92498
1343,119803
1344,122766
1345,96549
1346,116436
1347,99266
1348,118799
1349,101525
1350,153263
1351,88921
1352,87550
1353,84485
1354,88396
1355,94159
1356,93612
1357,86046
1358,82714
1359,81630
1360,107293
1361,103334
1362,88099
1363,81538
1364,95571
1365,126483
1366,85485
1367,130258
1368,98669
1369,82304
1370,96382
1371,757341
1372,87258
1373,84608
1374,77898
1375,103025
1376,78830
1377,124169
1378,77054
1379,76979
1380,104620
1381,90799
1382,82595
1383,81456
1384,77263
1385,88591
1386,81277
1387,76415
1388,78364
1389,73739
1390,79313
1391,90722
1392,74134
1393,66576
1394,87434
1395,76212
1396,81989
1397,68374
1398,66901
1399,80311
1400,344788
1401,128615
1402,95022
1403,91509
1404,132917
1405,101359
1406,94923
1407,97924
1408,96320
1409,94596
1410,105751
1411,86834
1412,90946
1413,68997
1414,77407
1415,110801
1416,75480
1417,68172
1418,63617
1419,69729
1420,103199
1421,68928
1422,78305
1423,74429
1424,72548
1425,76645
1426,63568
1427,66379
1428,75805
1429,69181
1430,93477
1431,69655
1432,67442
1433,76515
1434,66862
1435,69824
1436,67589
1437,67430
1438,58040
1439,66172
1440,170858
1441,106280
1442,69165
1443,70888
1444,66467
1445,69096
1446,80582
1447,95161
1448,63722
1449,66227
1450,125704
1451,72693
1452,83902
1453,74382
1454,60641
1455,69020
1456,74576
1457,61935
1458,67266
1459,66037
1460,85771
1461,75069
1462,59941
1463,64871
1464,70407
1465,75547
1466,62560
1467,65364
1468,60705
1469,64551
1470,87678
1471,341877
1472,112734
1473,64221
1474,56253
1475,110119
1476,91083
1477,87975
1478,74169
1479,75916
1480,86860
1481,64139
1482,67858
1483,72354
1484,63101
1485,78598
1486,62236
1487,69029
1488,66351
1489,65179
1490,73142
1491,72716
1492,79545
1493,67097
1494,62779
1495,81147
1496,60986
1497,67153
1498,67978
1499,69446
1500,807946
1501,111414
1502,101985
1503,101286
1504,93748
1505,90329
1506,83269
1507,92072
1508,88905
1509,82176
1510,98427
1511,94153
1512,125853
1513,75032
1514,68349
1515,87337
1516,68480
1517,70331
1518,70542
1519,73532
1520,125112
1521,91783
1522,66874
1523,72392
1524,83348
1525,81527
1526,74878
1527,77405
1528,72843
1529,68876
1530,99923
1531,71816
1532,74921
1533,74073
1534,120184
1535,86167
1536,117076
1537,66292
1538,80879
1539,112899
1540,106394
1541,72627
1542,73327
1543,70581
1544,69574
1545,75445
1546,64459
1547,78943
1548,73343
1549,74441
1550,131409
1551,70134
1552,68004
1553,73056
1554,69124
1555,78655
1556,87918
1557,67360
1558,76191
1559,75702
1560,107194
1561,67519
1562,70480
1563,69834
1564,69579
1565,72609
1566,70162
1567,70092
1568,73923
1569,69951
1570,82365
1571,72849
1572,70710
1573,115425
1574,60045
1575,93522
1576,65179
1577,65133
1578,64134
1579,67666
1580,84114
1581,83214
1582,70391
1583,64539
1584,125556
1585,69503
1586,61784
1587,63912
1588,63209
1589,63899
1590,75780
1591,68780
1592,68249
1593,62402
1594,58057
1595,69384
1596,70126
1597,65809
1598,75694
1599,65445
1600,384530
1601,158699
1602,117487
1603,103064
1604,95932
1605,105183
1606,84771
1607,89201
1608,94205
1609,87758
1610,105299
1611,90088
1612,90800
1613,75168
1614,75351
1615,84508
1616,71993
1617,67690
1618,62805
1619,65737
1620,119578
1621,78798
1622,65465
1623,74824
1624,72332
1625,88389
1626,71019
1627,66931
1628,68944
1629,66079
1630,100049
1631,70447
1632,77216
1633,67697
1634,65735
1635,76248
1636,66610
1637,67522
1638,76925
1639,65093
1640,287148
1641,73258
1642,72631
1643,69892
1644,75764
1645,74375
1646,61906
1647,66436
1648,75258
1649,71557
1650,123456
1651,79125
1652,69931
1653,68690
1654,64911
1655,68164
1656,71466
1657,69264
1658,63180
1659,63345
1660,111074
1661,75627
1662,66618
1663,67867
1664,70172
1665,75990
1666,70228
1667,78768
1668,63387
1669,64508
1670,79968
1671,61528
1672,66322
1673,66104
1674,62478
1675,73012
1676,60637
1677,70533
1678,62744
1679,64640
1680,125808
1681,72645
1682,65875
1683,78117
1684,69869
1685,72105
1686,62187
1687,65472
1688,74126
1689,81469
1690,87708
1691,65973
1692,74573
1693,64788
1694,63658
1695,66422
1696,59654
1697,64605
1698,62412
1699,65541
1700,291033
1701,111506
1702,89159
1703,87673
1704,87714
1705,85125
1706,72867
1707,89001
1708,90247
1709,88403
1710,121727
1711,84932
1712,87906
1713,70138
1714,70381
1715,85852
1716,76608
1717,78071
1718,68012
1719,66456
1720,95212
1721,68921
1722,72827
1723,71161
1724,68734
1725,73606
1726,63044
1727,75049
1728,104655
1729,67141
1730,80568
1731,72461
1732,68115
1733,65685
1734,74130
1735,70184
1736,64736
1737,69615
1738,71482
1739,66211
1740,94990
1741,81548
1742,93541
1743,88728
1744,72475
1745,85689
1746,84839
1747,72230
1748,82302
1749,78973
1750,157311
1751,78055
1752,95176
1753,84835
1754,76479
1755,91558
1756,95811
1757,86770
1758,139225
1759,84076
1760,101956
1761,80424
1762,74864
1763,92388
1764,88532
1765,79899
1766,76471
1767,80704
1768,83139
1769,83353
1770,109430
1771,79562
1772,85941
1773,80897
1774,99111
1775,154486
1776,151134
1777,105567
1778,98210
1779,91430
1780,123377
1781,106094
1782,110380
1783,110885
1784,100132
1785,101527
1786,90461
1787,112144
1788,114213
1789,151919
1790,145001
1791,117407
1792,138675
1793,130573
1794,124663
1795,123073
1796,119167
1797,111358
1798,126980
1799,118523
1800,492295
1801,166583
1802,137305
1803,149507
1804,140656
1805,138186
1806,146193
1807,135591
1808,137161
1809,140194
1810,156397
1811,141859
1812,205799
1813,142486
1814,148679
1815,172661
1816,131302
1817,154441
1818,144643
1819,143209
1820,187952
1821,164670
1822,132693
1823,141489
1824,159413
1825,154357
1826,145369
1827,145504
1828,147665
1829,149846
1830,213745
1831,160255
1832,174048
1833,160581
1834,163121
1835,178816
1836,182889
1837,185382
1838,172128
1839,177307
1840,220556
1841,178332
1842,173576
1843,178537
1844,177985
1845,192634
1846,192974
1847,195909
1848,248546
1849,201237
1850,289359
1851,218955
1852,204125
1853,195536
1854,221088
1855,217304
1856,212105
1857,227551
1858,213996
1859,235542
1860,299978
1861,311492
1862,291797
1863,293238
1864,294761
1865,320948
1866,254414
1867,254544
1868,276526
1869,238061
1870,317653
1871,269036
1872,304638
1873,245256
1874,245789
1875,276951
1876,265016
1877,253199
1878,259297
1879,263915
1880,329162
1881,289089
1882,273468
1883,273542
1884,280176
1885,308783
1886,293317
1887,293378
1888,300918
1889,316908
1890,376277
1891,305943
1892,315524
1893,317887
1894,300704
1895,344066
1896,336162
1897,324187
1898,353559
1899,347646
1900,693242
1901,414093
1902,380978
1903,392574
1904,399693
1905,428277
1906,408221
1907,416355
1908,449470
1909,414675
1910,510064
1911,476757
1912,503916
1913,479143
1914,566785
1915,562207
1916,481319
1917,563394
1918,626257
1919,537893
1920,711717
1921,500315
1922,497380
1923,493659
1924,508850
1925,554049
1926,516318
1927,543032
1928,542499
1929,571483
1930,648217
1931,550010
1932,575727
1933,648745
1934,645548
1935,641372
1936,670383
1937,659130
1938,693337
1939,800421
1940,855093
1941,793422
1942,805700
1943,769297
1944,830561
1945,1027063
1946,800429
1947,855245
1948,905810
1949,842440
1950,1048870
1951,859971
1952,887057
1953,884467
1954,896185
1955,936446
1956,992672
1957,1009131
1958,1014017
1959,1023461
1960,1309456
1961,1153219
1962,1227984
1963,1279354
1964,1433487
1965,1402850
1966,1400035
1967,1581658
1968,1653534
1969,1646095
1970,2036190
1971,1784836
1972,1963000
1973,1999962
1974,2049131
1975,2204910
1976,2291254
1977,2213700
1978,2354810
1979,2489103
1980,2909102
1981,2703771
1982,2773396
1983,3466671
1984,3133982
1985,3180778
1986,3360922
1987,3247696
1988,3450547
1989,3549007
1990,4046165
1991,3949712
1992,4193353
1993,4281731
1994,4536574
1995,4800952
1996,5091835
1997,5144019
1998,5519371
1999,6184856
2000,9227002
2001,7511012
2002,6718604
2003,6984574
2004,7389452
2005,7941063
2006,8668262
2007,8979705
2008,10035767
2009,9952428
2010,11212328
2011,10892957
2012,11937338
2013,11628977
2014,11266002
2015,10932804
2016,10283362
2017,9682575
2018,8444211
2019,5635267
2020,2979034
2021,213083
2022,177922
2023,103665
2024,98114
2025,167021
2026,63875
2027,54152
2028,57631
2029,48186
2030,231399
2031,51467
2032,59277
2033,48429
2034,48600
2035,71084
2036,47837
2037,42802
2038,42066
2039,44149
2040,102757
2041,54746
2042,36009
2043,36714
2044,39640
2045,50304
2046,77623
2047,52965
2048,297057
2049,46022
2050,180283
2051,39071
2052,98712
2053,37971
2054,36462
2055,40689
2056,41674
2057,72160
2058,74673
2059,37308
2060,55211
2061,41333
2062,32468
2063,37542
2064,51150
2065,40074
2066,35592
2067,33169
2068,40883
2069,38828
2070,52067
2071,34445
2072,49557
2073,37898
2074,35840
2075,38611
2076,36577
2077,35663
2078,30594
2079,40161
2080,65561
2081,32476
2082,28760
2083,34648
2084,32115
2085,31809
2086,31487
2087,34332
2088,35940
2089,32150
2090,40193
2091,35328
2092,29059
2093,37218
2094,34067
2095,34150
2096,32449
2097,38286
2098,27947
2099,44015
2100,245952
2101,57290
2102,39941
2103,38866
2104,39566
2105,87173
2106,45615
2107,33787
2108,36004
2109,35283
2110,243319
2111,118369
2112,58167
2113,62090
2114,33098
2115,45110
2116,35202
2117,33781
2118,38997
2119,46769
2120,45953
2121,45042
2122,32036
2123,35947
2124,37299
2125,37922
2126,33196
2127,29637
2128,32891
2129,32213
2130,51013
2131,36772
2132,33790
2133,36596
2134,34255
2135,33088
2136,35025
2137,32906
2138,36981
2139,57580
2140,42263
2141,35241
2142,37235
2143,38441
2144,32063
2145,39429
2146,28510
2147,32222
2148,48242
2149,29254
2150,51041
2151,58784
2152,33086
2153,33046
2154,30279
2155,39981
2156,41527
2157,31890
2158,28784
2159,30896
2160,72521
2161,31612
2162,29263
2163,31544
2164,68784
2165,28964
2166,31834
2167,27606
2168,27689
2169,30018
2170,35745
2171,28741
2172,30984
2173,28743
2174,37659
2175,37454
2176,32453
2177,27253
2178,33061
2179,31093
2180,50063
2181,41858
2182,36095
2183,30140
2184,38567
2185,30388
2186,28763
2187,38331
2188,29223
2189,29590
2190,35756
2191,34595
2192,30572
2193,29234
2194,27726
2195,30790
2196,31876
2197,37118
2198,27473
2199,37939
2200,151933
2201,63947
2202,51395
2203,33505
2204,34306
2205,48361
2206,40120
2207,33754
2208,35907
2209,32638
2210,47147
2211,41464
2212,42977
2213,33610
2214,30175
2215,36423
2216,31132
2217,30580
2218,34237
2219,29120
2220,43049
2221,41475
2222,73061
2223,39329
2224,31361
2225,31963
2226,31406
2227,31061
2228,27469
2229,44890
2230,39034
2231,33863
2232,34156
2233,34514
2234,28918
2235,28879
2236,30247
2237,29905
2238,26683
2239,29746
2240,52350
2241,92838
2242,33613
2243,36017
2244,79680
2245,34048
2246,29492
2247,28498
2248,28664
2249,28431
2250,68306
2251,43691
2252,39665
2253,85743
2254,234353
2255,266088
2256,36120
2257,47438
2258,27967
2259,31457
2260,35358
2261,35835
2262,29721
2263,25512
2264,33869
2265,29292
2266,29709
2267,27820
2268,40869
2269,25642
2270,31014
2271,31178
2272,31549
2273,31017
2274,27597
2275,34627
2276,29374
2277,30228
2278,27996
2279,27000
2280,41958
2281,37075
2282,28160
2283,33507
2284,28899
2285,26684
2286,27030
2287,28405
2288,35374
2289,27143
2290,32331
2291,27608
2292,28237
2293,28637
2294,27549
2295,32291
2296,29156
2297,27922
2298,26436
2299,66451
2300,117477
2301,45634
2302,40112
2303,29723
2304,57861
2305,33427
2306,27048
2307,36839
2308,33162
2309,29323
2310,46233
2311,36273
2312,39116
2313,34064
2314,48152
2315,39277
2316,30188
2317,48949
2318,28044
2319,27713
2320,46938
2321,35977
2322,30872
2323,36817
2324,29991
2325,35978
2326,30960
2327,25602
2328,30518
2329,31354
2330,34206
2331,33260
2332,33891
2333,40392
2334,37845
2335,25928
2336,27969
2337,46266
2338,24125
2339,25711
2340,43723
2341,31546
2342,30888
2343,29385
2344,29632
2345,54707
2346,28019
2347,28087
2348,39005
2349,31009
2350,45350
2351,30428
2352,36524
2353,24978
2354,24553
2355,27982
2356,27646
2357,31506
2358,25132
2359,29083
2360,36130
2361,28482
2362,30668
2363,27279
2364,30983
2365,27330
2366,28396
2367,25216
2368,27433
2369,32114
2370,29796
2371,28629
2372,25905
2373,27165
2374,24423
2375,32697
2376,33314
2377,29824
2378,26199
2379,30832
2380,43153
2381,25914
2382,29632
2383,25909
2384,25244
2385,28033
2386,25694
2387,26352
2388,26734
2389,25087
2390,28852
2391,24884
2392,32982
2393,27502
2394,28187
2395,27827
2396,26401
2397,25826
2398,23485
2399,30773
2400,176552
2401,49398
2402,34189
2403,36890
2404,32491
2405,34075
2406,26633
2407,50829
2408,29665
2409,26864
2410,36780
2411,31744
2412,53376
2413,29043
2414,26659
2415,37943
2416,29708
2417,25875
2418,23832
2419,29809
2420,39202
2421,31651
2422,34417
2423,30495
2424,30748
2425,32626
2426,24263
2427,26273
2428,28205
2429,23144
2430,36293
2431,33284
2432,29529
2433,25616
2434,25457
2435,25422
2436,27734
2437,25091
2438,22856
2439,26019
2440,34317
2441,25419
2442,45475
2443,23552
2444,27778
2445,28199
2446,25300
2447,29419
2448,76597
2449,24873
2450,48228
2451,27543
2452,26483
2453,24627
2454,27195
2455,30425
2456,30694
2457,31232
2458,41022
2459,25090
2460,40572
2461,26663
2462,28925
2463,24301
2464,30409
2465,28168
2466,27088
2467,25864
2468,27051
2469,25239
2470,28032
2471,24838
2472,27547
2473,24778
2474,31752
2475,32898
2476,25409
2477,28982
2478,26363
2479,25174
2480,31813
2481,25939
2482,24559
2483,24194
2484,27780
2485,30536
2486,25172
2487,22810
2488,25439
2489,24381
2490,30128
2491,25172
2492,26098
2493,24728
2494,22216
2495,25597
2496,29864
2497,27494
2498,21968
2499,31894
2500,411562
2501,39155
2502,32158
2503,29500
2504,28235
2505,114137
2506,30289
2507,25794
2508,29265
2509,29988
2510,60834
2511,63357
2512,34850
2513,31992
2514,31852
2515,30514
2516,30181
2517,27943
2518,38686
2519,27261
2520,76997
2521,29144
2522,26454
2523,27652
2524,27708
2525,37104
2526,24642
2527,29891
2528,25202
2529,27230
2530,31319
2531,38752
2532,28520
2533,26750
2534,25034
2535,29173
2536,29678
2537,27020
2538,25015
2539,26185
2540,33493
2541,31729
2542,24893
2543,25662
2544,25243
2545,24233
2546,26830
2547,27040
2548,98775
2549,25883
2550,44093
2551,30186
2552,41842
2553,37429
2554,27749
2555,28542
2556,26820
2557,29816
2558,23175
2559,24668
2560,63791
2561,27463
2562,26409
2563,23864
2564,23565
2565,27681
2566,22162
2567,24038
2568,24095
2569,24064
2570,25396
2571,22123
2572,21531
2573,24372
2574,27944
2575,25852
2576,25767
2577,23011
2578,22988
2579,23076
2580,33108
2581,22282
2582,20243
2583,23418
2584,28899
2585,24795
2586,24572
2587,24935
2588,21564
2589,22435
2590,30222
2591,79886
2592,38480
2593,29392
2594,21956
2595,25266
2596,21402
2597,25148
2598,20297
2599,22570
2600,134724
2601,39006
2602,26339
2603,25167
2604,26572
2605,26941
2606,24322
2607,30710
2608,27102
2609,23130
2610,31768
2611,28538
2612,27700
2613,25052
2614,25031
2615,31386
2616,31432
2617,27964
2618,25665
2619,25338
2620,33161
2621,24768
2622,25509
2623,26112
2624,23812
2625,37353
2626,26377
2627,24574
2628,27372
2629,21899
2630,39485
2631,23445
2632,25113
2633,25710
2634,22046
2635,26424
2636,23796
2637,26642
2638,21554
2639,27148
2640,41565
2641,24226
2642,22168
2643,22757
2644,23232
2645,24199
2646,28962
2647,22890
2648,21346
2649,22175
2650,37606
2651,22355
2652,25613
2653,23243
2654,20452
2655,23022
2656,22778
2657,21480
2658,23045
2659,22642
2660,30514
2661,23976
2662,22035
2663,23587
2664,25782
2665,23425
2666,25233
2667,25874
2668,23141
2669,19835
2670,26815
2671,31804
2672,23879
2673,27268
2674,28668
2675,30931
2676,22495
2677,21605
2678,20437
2679,28210
2680,53593
2681,20663
2682,20799
2683,21480
2684,22774
2685,22530
2686,23177
2687,21996
2688,29804
2689,23927
2690,25758
2691,23485
2692,24670
2693,33631
2694,25280
2695,29921
2696,21080
2697,22934
2698,20678
2699,25142
2700,103870
2701,42644
2702,29924
2703,28442
2704,27865
2705,27375
2706,25987
2707,24710
2708,23926
2709,31315
2710,32267
2711,27287
2712,26086
2713,23249
2714,22256
2715,23688
2716,23708
2717,22918
2718,23562
2719,23792
2720,33631
2721,28079
2722,22415
2723,22261
2724,22065
2725,23547
2726,24875
2727,34542
2728,25226
2729,23709
2730,32662
2731,22977
2732,24302
2733,24838
2734,19800
2735,22399
2736,65206
2737,23508
2738,28654
2739,22227
2740,25672
2741,22301
2742,26957
2743,25250
2744,33366
2745,24598
2746,22028
2747,22332
2748,22727
2749,25771
2750,51437
2751,23322
2752,25571
2753,23540
2754,22468
2755,23864
2756,22448
2757,22189
2758,20719
2759,21165
2760,32358
2761,21035
2762,20078
2763,20917
2764,24159
2765,23149
2766,23380
2767,22881
2768,21692
2769,20017
2770,25545
2771,20521
2772,27254
2773,19515
2774,21224
2775,26132
2776,19074
2777,23537
2778,41524
2779,19144
2780,26701
2781,51615
2782,27566
2783,22764
2784,23354
2785,22819
2786,30652
2787,21066
2788,21368
2789,33802
2790,25366
2791,25070
2792,19566
2793,24784
2794,21293
2795,22333
2796,30280
2797,21404
2798,21779
2799,23800
2800,109627
2801,29992
2802,27150
2803,27002
2804,22231
2805,27061
2806,25296
2807,19806
2808,30683
2809,23447
2810,28203
2811,22468
2812,22356
2813,19020
2814,22584
2815,22678
2816,28974
2817,21379
2818,20836
2819,21371
2820,28243
2821,23950
2822,27149
2823,19066
2824,19280
2825,22387
2826,20290
2827,21812
2828,20904
2829,19391
2830,21894
2831,20220
2832,24027
2833,22182
2834,20030
2835,26600
2836,19668
2837,20406
2838,20193
2839,19262
2840,29881
2841,26291
2842,20673
2843,21446
2844,21747
2845,19455
2846,19496
2847,26761
2848,21830
2849,24318
2850,37494
2851,23249
2852,22919
2853,23570
2854,23095
2855,22323
2856,31752
2857,26378
2858,22050
2859,23768
2860,37777
2861,23568
2862,20085
2863,20959
2864,21852
2865,21246
2866,19941
2867,21625
2868,21272
2869,20945
2870,24834
2871,22176
2872,19996
2873,19553
2874,18868
2875,36006
2876,19422
2877,20759
2878,18690
2879,19162
2880,56234
2881,22152
2882,21190
2883,21671
2884,19977
2885,24722
2886,20785
2887,22485
2888,22035
2889,19011
2890,25540
2891,23862
2892,21307
2893,22594
2894,20598
2895,19285
2896,19569
2897,21855
2898,22848
2899,23764
2900,69342
2901,31772
2902,21411
2903,36398
2904,26397
2905,23940
2906,19868
2907,45844
2908,20950
2909,27119
2910,26489
2911,29149
2912,24758
2913,29629
2914,20672
2915,24027
2916,26042
2917,21243
2918,20402
2919,25625
2920,28886
2921,26977
2922,23230
2923,32965
2924,26821
2925,36442
2926,22770
2927,22916
2928,21977
2929,63517
2930,26632
2931,22592
2932,23295
2933,26747
2934,21658
2935,22436
2936,18380
2937,21938
2938,18024
2939,20858
2940,34834
2941,27791
2942,18790
2943,22283
2944,23692
2945,29349
2946,19679
2947,22172
2948,19420
2949,20265
2950,38626
2951,20053
2952,21835
2953,33444
2954,20678
2955,22073
2956,18973
2957,20101
2958,20790
2959,20462
2960,29648
2961,22312
2962,19391
2963,25904
2964,21217
2965,23086
2966,20578
2967,22747
2968,19383
2969,20880
2970,30914
2971,21339
2972,19548
2973,19653
2974,17998
2975,24556
2976,21200
2977,18658
2978,19051
2979,17603
2980,25683
2981,19910
2982,19666
2983,18649
2984,18657
2985,20244
2986,17040
2987,18842
2988,19041
2989,18188
2990,23007
2991,20146
2992,22076
2993,17576
2994,17890
2995,18363
2996,20692
2997,24279
2998,19025
2999,26796
3000,962582
3001,62662
3002,36097
3003,40408
3004,28616
3005,27181
3006,24417
3007,25145
3008,26532
3009,31166
3010,38186
3011,26920
3012,30554
3013,25537
3014,23671
3015,25021
3016,22505
3017,20085
3018,22759
3019,23456
3020,33365
3021,26109
3022,20798
3023,22249
3024,36530
3025,26771
3026,20149
3027,18732
3028,20535
3029,19125
3030,33203
3031,24331
3032,20323
3033,22396
3034,29965
3035,21554
3036,20689
3037,22204
3038,20986
3039,23638
3040,32421
3041,22392
3042,23852
3043,19882
3044,20550
3045,26123
3046,19940
3047,20647
3048,26830
3049,22878
3050,34165
3051,24044
3052,21953
3053,19799
3054,19223
3055,22106
3056,20165
3057,19502
3058,18235
3059,21971
3060,39761
3061,20752
3062,18125
3063,18492
3064,18688
3065,21263
3066,19746
3067,21169
3068,18830
3069,19881
3070,22549
3071,21570
3072,42326
3073,20390
3074,19394
3075,20795
3076,18779
3077,21552
3078,20597
3079,20220
3080,30373
3081,21954
3082,18306
3083,18825
3084,19414
3085,20784
3086,18401
3087,20550
3088,19120
3089,18741
3090,27640
3091,19533
3092,20212
3093,19698
3094,18234
3095,20073
3096,19619
3097,18357
3098,17927
3099,21383
3100,83862
3101,33780
3102,26243
3103,22298
3104,25453
3105,31253
3106,20929
3107,23059
3108,26054
3109,34262
3110,26798
3111,26268
3112,24687
3113,21862
3114,22004
3115,25234
3116,21566
3117,18293
3118,18549
3119,23610
3120,34282
3121,29880
3122,21402
3123,22828
3124,21876
3125,53989
3126,20281
3127,22492
3128,26280
3129,20732
3130,32060
3131,23330
3132,22629
3133,20305
3134,18416
3135,22505
3136,23487
3137,18978
3138,19703
3139,18378
3140,23825
3141,23522
3142,36087
3143,25746
3144,20635
3145,24456
3146,23702
3147,21315
3148,19724
3149,18650
3150,40816
3151,19195
3152,17943
3153,17497
3154,18809
3155,20811
3156,20910
3157,19175
3158,18096
3159,21111
3160,23709
3161,42238
3162,23947
3163,22370
3164,21280
3165,18995
3166,35040
3167,19070
3168,26757
3169,18068
3170,21301
3171,18361
3172,19274
3173,17698
3174,18864
3175,19871
3176,16594
3177,21111
3178,18589
3179,18856
3180,27160
3181,18519
3182,19634
3183,17504
3184,20253
3185,18998
3186,17681
3187,18983
3188,17308
3189,16111
3190,20769
3191,17397
3192,19917
3193,16883
3194,19136
3195,20309
3196,17865
3197,17532
3198,18846
3199,18082
3200,119447
3201,34713
3202,23860
3203,23282
3204,22683
3205,20009
3206,18547
3207,19307
3208,18824
3209,18266
3210,27937
3211,26994
3212,23505
3213,33959
3214,19283
3215,21656
3216,21944
3217,18484
3218,18631
3219,17934
3220,28593
3221,23079
3222,18299
3223,18466
3224,19722
3225,20402
3226,18055
3227,20577
3228,18618
3229,18930
3230,24223
3231,26814
3232,22286
3233,19449
3234,19430
3235,19745
3236,17367
3237,19837
3238,17544
3239,16877
3240,34498
3241,20110
3242,18248
3243,18674
3244,16672
3245,21871
3246,16930
3247,18208
3248,17981
3249,21417
3250,43394
3251,18697
3252,19638
3253,18364
3254,16952
3255,21881
3256,20160
3257,17682
3258,17424
3259,17016
3260,22485
3261,18903
3262,17395
3263,17150
3264,23216
3265,18085
3266,15710
3267,19842
3268,15742
3269,16501
3270,25505
3271,17336
3272,16072
3273,16529
3274,16044
3275,20618
3276,21711
3277,17108
3278,15826
3279,16227
3280,24971
3281,17996
3282,19360
3283,16479
3284,16324
3285,19355
3286,16231
3287,18167
3288,19397
3289,17036
3290,20590
3291,17967
3292,17702
3293,16221
3294,18969
3295,17083
3296,18678
3297,16692
3298,16057
3299,18720
3300,86488
3301,27887
3302,20565
3303,20508
3304,23930
3305,24633
3306,75058
3307,21719
3308,19191
3309,19904
3310,26888
3311,23151
3312,23876
3313,20467
3314,18217
3315,23876
3316,18397
3317,16368
3318,18920
3319,18635
3320,24548
3321,19957
3322,20096
3323,19093
3324,18207
3325,22214
3326,16974
3327,19506
3328,21467
3329,18324
3330,26428
3331,20711
3332,20560
3333,73986
3334,17815
3335,18835
3336,19250
3337,16375
3338,15462
3339,21646
3340,21779
3341,17510
3342,18493
3343,18450
3344,22111
3345,19552
3346,19021
3347,16638
3348,19925
3349,14890
3350,35463
3351,19017
3352,18683
3353,19055
3354,19069
3355,19928
3356,17728
3357,16633
3358,17892
3359,18131
3360,35715
3361,17759
3362,15727
3363,29995
3364,17373
3365,16691
3366,20936
3367,17373
3368,18737
3369,16560
3370,24445
3371,18963
3372,16914
3373,17332
3374,15674
3375,29895
3376,18389
3377,18845
3378,15777
3379,20229
3380,22287
3381,20093
3382,16288
3383,18299
3384,19593
3385,17015
3386,15672
3387,15967
3388,18845
3389,119316
3390,25947
3391,17178
3392,17020
3393,23023
3394,16253
3395,16519
3396,16377
3397,16944
3398,15859
3399,20620
3400,69467
3401,24523
3402,24689
3403,18006
3404,19844
3405,27797
3406,19098
3407,18550
3408,19231
3409,17678
3410,22692
3411,19523
3412,23585
3413,17967
3414,19787
3415,18701
3416,18259
3417,17352
3418,17411
3419,16241
3420,31773
3421,19559
3422,17534
3423,17768
3424,18748
3425,19814
3426,18578
3427,16431
3428,15999
3429,16936
3430,21733
3431,18032
3432,23698
3433,16625
3434,19005
3435,19365
3436,15246
3437,15003
3438,17112
3439,20939
3440,24694
3441,17295
3442,15426
3443,16691
3444,18862
3445,16735
3446,17092
3447,15642
3448,16984
3449,17799
3450,30750
3451,18963
3452,16084
3453,16077
3454,16213
3455,16242
3456,38617
3457,17972
3458,15903
3459,14957
3460,19508
3461,15586
3462,14574
3463,14516
3464,15865
3465,20657
3466,16793
3467,15900
3468,17062
3469,17026
3470,17869
3471,17273
3472,16928
3473,14234
3474,16365
3475,18792
3476,14727
3477,14256
3478,18030
3479,16974
3480,23713
3481,19001
3482,14059
3483,14357
3484,15293
3485,16573
3486,15955
3487,15151
3488,15748
3489,14497
3490,32910
3491,15121
3492,17192
3493,15333
3494,15045
3495,17499
3496,15513
3497,14988
3498,14828
3499,17422
3500,197382
3501,40338
3502,20049
3503,16830
3504,20264
3505,18836
3506,15962
3507,18085
3508,18257
3509,16634
3510,23833
3511,19725
3512,18333
3513,15754
3514,16032
3515,16800
3516,20142
3517,18836
3518,15288
3519,17855
3520,25996
3521,18111
3522,16469
3523,16240
3524,15459
3525,18979
3526,15637
3527,16100
3528,21804
3529,16558
3530,17881
3531,16422
3532,16358
3533,17905
3534,15410
3535,18241
3536,18254
3537,16764
3538,15083
3539,14357
3540,21983
3541,14259
3542,16861
3543,17293
3544,14739
3545,15822
3546,14486
3547,14337
3548,14022
3549,15801
3550,25405
3551,18203
3552,18994
3553,210696
3554,14938
3555,18867
3556,16251
3557,15623
3558,13770
3559,19186
3560,19628
3561,16406
3562,15296
3563,17733
3564,21918
3565,18938
3566,15197
3567,15573
3568,18040
3569,14134
3570,23484
3571,18502
3572,16877
3573,14185
3574,12873
3575,19431
3576,16947
3577,14478
3578,14949
3579,15991
3580,20430
3581,14947
3582,69751
3583,45576
3584,25545
3585,20269
3586,13776
3587,14765
3588,15782
3589,15103
3590,17869
3591,18729
3592,16572
3593,17537
3594,12783
3595,15385
3596,15989
3597,15226
3598,16584
3599,18200
3600,266978
3601,23808
3602,17284
3603,20701
3604,27143
3605,17320
3606,17891
3607,18866
3608,17765
3609,16149
3610,23827
3611,17123
3612,20722
3613,19566
3614,16661
3615,17825
3616,15849
3617,18383
3618,15501
3619,15565
3620,19448
3621,24538
3622,16647
3623,16317
3624,21818
3625,18752
3626,20322
3627,15831
3628,15965
3629,15250
3630,21191
3631,16195
3632,15152
3633,16612
3634,13999
3635,15446
3636,18529
3637,15156
3638,14327
3639,13977
3640,24342
3641,16256
3642,15413
3643,14167
3644,13586
3645,18115
3646,13715
3647,15325
3648,20668
3649,13888
3650,29058
3651,19561
3652,13891
3653,17197
3654,17265
3655,15222
3656,15043
3657,14411
3658,19004
3659,13870
3660,21031
3661,17051
3662,14644
3663,22628
3664,23819
3665,16219
3666,14419
3667,15494
3668,14048
3669,13614
3670,17017
3671,15595
3672,19333
3673,15410
3674,14734
3675,17989
3676,15010
3677,16486
3678,13662
3679,14964
3680,20541
3681,14273
3682,14247
3683,17874
3684,13506
3685,14351
3686,16520
3687,14115
3688,13800
3689,14841
3690,20789
3691,16435
3692,13261
3693,12856
3694,13194
3695,12623
3696,18228
3697,14859
3698,13233
3699,16254
3700,61208
3701,23980
3702,16586
3703,15576
3704,18223
3705,18396
3706,15309
3707,14559
3708,15372
3709,15331
3710,19792
3711,17211
3712,16725
3713,16133
3714,15242
3715,16692
3716,16125
3717,15669
3718,15505
3719,22378
3720,24478
3721,17056
3722,14406
3723,14752
3724,16327
3725,15800
3726,17785
3727,27960
3728,15291
3729,32414
3730,46476
3731,29314
3732,15546
3733,16192
3734,14923
3735,17746
3736,13693
3737,16161
3738,15360
3739,15650
3740,21403
3741,15037
3742,37517
3743,15878
3744,20446
3745,17101
3746,14347
3747,14815
3748,13892
3749,14841
3750,49322
3751,15180
3752,14971
3753,14074
3754,16005
3755,24564
3756,14876
3757,14988
3758,47365
3759,14977
3760,19962
3761,15041
3762,15274
3763,13198
3764,13754
3765,14534
3766,13688
3767,12603
3768,15391
3769,13286
3770,28014
3771,17281
3772,14050
3773,13911
3774,14752
3775,15391
3776,15398
3777,14832
3778,13316
3779,13599
3780,28463
3781,14425
3782,13171
3783,16789
3784,12824
3785,14709
3786,13027
3787,15302
3788,12782
3789,13486
3790,15636
3791,13099
3792,14822
3793,13255
3794,13387
3795,14551
3796,13028
3797,14363
3798,12389
3799,13628
3800,65412
3801,19444
3802,17686
3803,15052
3804,15364
3805,15403
3806,14960
3807,14461
3808,15800
3809,16195
3810,20017
3811,15909
3812,13688
3813,15056
3814,16075
3815,14632
3816,15472
3817,14049
3818,14972
3819,14218
3820,20470
3821,15823
3822,16450
3823,15253
3824,18249
3825,18794
3826,13297
3827,13883
3828,15289
3829,12935
3830,16235
3831,16146
3832,14068
3833,15393
3834,13962
3835,15031
3836,13466
3837,16109
3838,15590
3839,13415
3840,41806
3841,16620
3842,14821
3843,13970
3844,14846
3845,15368
3846,13469
3847,17794
3848,13914
3849,13909
3850,25867
3851,16902
3852,13924
3853,14340
3854,13113
3855,13494
3856,15029
3857,25228
3858,13371
3859,14207
3860,17120
3861,15814
3862,13262
3863,14421
3864,15772
3865,18788
3866,12438
3867,15886
3868,15204
3869,15213
3870,19374
3871,14893
3872,36536
3873,12987
3874,13620
3875,16878
3876,30243
3877,14807
3878,12612
3879,13261
3880,16842
3881,15043
3882,13655
3883,14723
3884,11351
3885,18723
3886,21799
3887,13860
3888,24892
3889,17456
3890,16296
3891,15313
3892,16971
3893,14342
3894,13997
3895,12712
3896,13409
3897,24778
3898,14067
3899,15032
3900,59944
3901,16913
3902,15645
3903,13259
3904,16137
3905,14595
3906,15679
3907,14181
3908,14585
3909,13269
3910,17714
3911,15878
3912,16120
3913,15651
3914,14305
3915,18209
3916,14597
3917,13696
3918,13068
3919,12580
3920,21429
3921,16610
3922,16087
3923,14709
3924,14879
3925,15371
3926,13439
3927,16344
3928,13244
3929,16350
3930,17218
3931,14884
3932,13945
3933,16936
3934,15005
3935,13902
3936,15400
3937,17111
3938,12886
3939,13369
3940,21715
3941,13216
3942,12705
3943,14145
3944,13601
3945,17830
3946,15759
3947,13941
3948,14602
3949,13864
3950,22085
3951,14353
3952,14707
3953,14157
3954,14768
3955,13745
3956,13558
3957,12012
3958,12533
3959,14474
3960,25253
3961,14390
3962,14469
3963,12535
3964,16578
3965,13964
3966,12606
3967,14699
3968,15253
3969,17569
3970,15120
3971,12998
3972,15334
3973,11859
3974,11912
3975,15462
3976,12486
3977,11987
3978,15075
3979,12190
3980,16118
3981,12796
3982,13649
3983,12144
3984,14179
3985,13792
3986,18804
3987,14806
3988,13676
3989,19152
3990,18440
3991,13215
3992,12640
3993,16386
3994,12921
3995,15308
3996,14158
3997,12555
3998,14132
3999,20674
4000,601856
4001,36577
4002,25006
4003,28039
4004,31406
4005,22720
4006,17295
4007,26313
4008,21434
4009,16341
4010,23612
4011,19807
4012,19181
4013,17975
4014,17189
4015,16791
4016,17182
4017,17376
4018,18106
4019,21526
4020,28917
4021,17356
4022,17224
4023,15519
4024,15623
4025,17972
4026,18138
4027,15815
4028,15674
4029,13687
4030,22009
4031,20739
4032,28431
4033,17937
4034,14301
4035,17168
4036,15201
4037,15002
4038,16960
4039,14367
4040,28485
4041,17897
4042,15630
4043,14907
4044,16755
4045,16378
4046,14726
4047,16099
4048,15383
4049,17385
4050,31492
4051,22902
4052,14919
4053,15768
4054,14748
4055,16575
4056,17003
4057,14453
4058,14453
4059,15289
4060,23964
4061,17108
4062,14354
4063,14806
4064,22917
4065,14780
4066,13527
4067,14497
4068,15667
4069,13373
4070,16912
4071,14468
4072,26863
4073,14206
4074,14522
4075,17975
4076,13549
4077,14076
4078,12633
4079,13268
4080,34835
4081,14346
4082,15164
4083,17321
4084,14018
4085,13474
4086,14630
4087,13687
4088,15314
4089,13868
4090,15225
4091,16314
4092,17791
4093,14549
4094,15408
4095,37962
4096,282275
4097,17744
4098,14643
4099,16473
4100,57109
4101,21533
4102,21411
4103,18544
4104,20935
4105,17172
4106,16080
4107,15635
4108,15866
4109,15591
4110,22207
4111,20811
4112,23160
4113,16624
4114,17412
4115,16868
4116,16666
4117,17335
4118,14992
4119,14309
4120,21708
4121,17789
4122,17535
4123,23749
4124,14933
4125,19017
4126,15850
4127,19590
4128,16853
4129,16026
4130,20989
4131,17831
4132,18824
4133,14542
4134,15789
4135,17741
4136,14713
4137,14159
4138,14265
4139,14451
4140,26475
4141,16608
4142,17230
4143,14369
4144,15227
4145,14350
4146,14621
4147,14657
4148,13049
4149,13811
4150,26776
4151,20853
4152,15142
4153,15209
4154,13372
4155,14121
4156,15010
4157,14584
4158,16361
4159,13686
4160,22938
4161,18472
4162,14203
4163,15646
4164,13915
4165,15819
4166,12925
4167,14445
4168,12772
4169,14363
4170,17608
4171,14168
4172,13324
4173,13085
4174,11838
4175,16946
4176,17748
4177,15082
4178,12375
4179,13728
4180,21266
4181,15755
4182,14678
4183,13381
4184,14564
4185,13994
4186,14048
4187,14504
4188,13251
4189,14626
4190,15991
4191,16037
4192,13823
4193,13527
4194,14077
4195,13788
4196,13398
4197,13962
4198,11954
4199,15063
4200,97205
4201,19708
4202,17262
4203,17618
4204,15216
4205,17617
4206,15486
4207,14652
4208,16935
4209,15236
4210,21132
4211,15828
4212,20987
4213,18106
4214,19063
4215,16657
4216,16096
4217,18839
4218,13642
4219,13525
4220,20417
4221,16519
4222,15025
4223,14290
4224,20782
4225,17951
4226,14765
4227,13816
4228,13163
4229,15232
4230,18909
4231,21133
4232,17780
4233,15351
4234,12557
4235,16469
4236,15638
4237,13315
4238,13962
4239,13517
4240,19714
4241,20092
4242,20625
4243,15243
4244,21909
4245,16564
4246,17025
4247,15930
4248,18373
4249,12763
4250,38289
4251,16774
4252,14876
4253,16766
4254,16403
4255,14017
4256,15104
4257,14858
4258,18281
4259,12964
4260,24928
4261,17085
4262,13111
4263,13854
4264,14380
4265,12609
4266,13014
4267,17373
4268,12621
4269,17951
4270,14381
4271,15335
4272,15184
4273,14786
4274,13327
4275,16625
4276,12326
4277,14876
4278,14031
4279,13072
4280,16691
4281,13856
4282,12057
4283,13934
4284,16987
4285,13250
4286,14584
4287,16588
4288,13113
4289,13790
4290,19056
4291,14761
4292,14368
4293,13733
4294,13796
4295,14289
4296,14452
4297,13439
4298,12781
4299,11575
4300,48873
4301,18066
4302,17935
4303,16800
4304,15104
4305,15741
4306,14888
4307,13766
4308,12613
4309,13190
4310,19739
4311,17916
4312,22309
4313,13759
4314,15053
4315,13590
4316,13993
4317,13232
4318,14939
4319,13421
4320,34382
4321,37728
4322,15180
4323,15375
4324,14953
4325,15839
4326,47720
4327,13218
4328,13310
4329,13556
4330,17351
4331,15692
4332,23319
4333,15595
4334,14611
4335,16101
4336,12102
4337,13945
4338,13347
4339,13147
4340,24287
4341,14403
4342,14241
4343,14815
4344,15195
4345,13615
4346,12703
4347,13877
4348,14537
4349,14307
4350,24895
4351,14049
4352,17492
4353,12926
4354,12928
4355,14575
4356,17775
4357,17183
4358,14209
4359,11076
4360,19915
4361,13668
4362,12036
4363,20823
4364,13273
4365,15053
4366,11898
4367,12679
4368,16724
4369,12005
4370,19643
4371,13807
4372,12599
4373,12932
4374,13256
4375,25788
4376,16972
4377,11403
4378,11783
4379,12276
4380,18836
4381,13310
4382,11717
4383,11384
4384,11623
4385,11616
4386,11707
4387,13106
4388,15190
4389,13783
4390,14119
4391,12191
4392,13862
4393,12864
4394,11528
4395,14713
4396,12894
4397,12170
4398,11290
4399,12211
4400,53713
4401,17092
4402,15686
4403,14879
4404,15140
4405,14285
4406,14097
4407,15053
4408,12833
4409,14368
4410,21668
4411,15851
4412,15534
4413,14862
4414,14405
4415,14990
4416,15526
4417,14600
4418,15498
4419,13441
4420,18275
4421,15768
4422,16678
4423,13303
4424,14749
4425,16895
4426,11950
4427,12117
4428,14360
4429,13585
4430,18789
4431,14908
4432,13474
4433,16024
4434,13681
4435,14158
4436,11474
4437,12426
4438,14792
4439,11666
4440,20711
4441,13823
4442,11423
4443,13561
4444,41582
4445,13877
4446,13381
4447,12842
4448,13201
4449,16951
4450,21021
4451,12940
4452,14176
4453,12798
4454,12854
4455,17305
4456,12991
4457,13555
4458,13470
4459,12352
4460,14597
4461,12477
4462,12211
4463,11325
4464,15467
4465,14160
4466,13565
4467,13107
4468,11198
4469,11251
4470,20145
4471,17181
4472,17342
4473,17887
4474,11330
4475,12455
4476,12556
4477,13909
4478,12171
4479,12154
4480,18645
4481,14451
4482,11560
4483,12853
4484,16394
4485,13616
4486,12575
4487,12115
4488,13818
4489,12607
4490,16811
4491,12956
4492,12706
4493,11463
4494,11406
4495,12536
4496,12242
4497,11650
4498,10563
4499,13373
4500,127716
4501,18088
4502,14445
4503,14944
4504,13907
4505,16477
4506,14981
4507,14874
4508,13318
4509,13387
4510,21501
4511,23000
4512,18389
4513,16296
4514,14362
4515,15572
4516,13452
4517,13039
4518,13229
4519,11671
4520,17390
4521,13295
4522,14521
4523,12362
4524,12621
4525,13153
4526,13283
4527,12606
4528,11939
4529,11629
4530,16234
4531,12480
4532,12981
4533,11657
4534,11398
4535,14367
4536,19015
4537,11305
4538,12017
4539,12825
4540,15228
4541,12868
4542,13027
4543,11292
4544,12104
4545,16269
4546,11750
4547,12406
4548,11387
4549,14406
4550,21998
4551,13439
4552,14129
4553,13063
4554,12667
4555,12966
4556,14432
4557,11359
4558,12732
4559,13631
4560,20677
4561,12959
4562,10946
4563,12169
4564,12753
4565,14557
4566,12278
4567,27084
4568,11408
4569,13180
4570,14943
4571,14245
4572,12723
4573,11714
4574,30108
4575,12582
4576,12652
4577,10965
4578,11985
4579,12277
4580,15228
4581,13192
4582,10661
4583,13039
4584,11550
4585,10600
4586,9609
4587,10791
4588,11381
4589,11026
4590,17012
4591,12008
4592,13134
4593,13005
4594,11922
4595,10921
4596,12193
4597,11944
4598,20302
4599,12254
4600,45720
4601,18636
4602,13088
4603,13144
4604,12975
4605,13356
4606,11440
4607,12413
4608,22591
4609,11660
4610,15386
4611,14874
4612,12800
4613,12552
4614,12329
4615,13705
4616,11368
4617,14607
4618,11688
4619,12387
4620,20565
4621,12901
4622,13195
4623,12465
4624,14362
4625,14989
4626,13358
4627,14239
4628,12673
4629,10942
4630,15172
4631,14904
4632,11699
4633,11114
4634,13183
4635,12761
4636,14488
4637,10690
4638,14160
4639,13287
4640,17760
4641,13785
4642,11175
4643,12417
4644,11793
4645,12274
4646,12439
4647,11591
4648,13810
4649,15229
4650,21962
4651,13848
4652,11323
4653,12487
4654,12202
4655,14023
4656,13787
4657,11587
4658,12239
4659,10788
4660,18230
4661,12225
4662,13436
4663,12404
4664,11511
4665,12102
4666,11884
4667,12072
4668,18626
4669,11741
4670,14816
4671,10799
4672,11742
4673,13516
4674,10858
4675,12690
4676,11789
4677,9763
4678,10807
4679,11130
4680,20354
4681,11920
4682,14635
4683,10852
4684,11180
4685,12304
4686,23858
4687,11543
4688,12443
4689,10884
4690,23974
4691,12375
4692,11231
4693,12227
4694,9373
4695,12968
4696,10568
4697,12791
4698,14202
4699,10637
4700,43903
4701,14366
4702,11533
4703,12890
4704,16695
4705,13813
4706,11908
4707,12300
4708,12567
4709,11736
4710,17428
4711,17128
4712,13424
4713,13990
4714,13791
4715,16384
4716,13186
4717,12579
4718,12110
4719,11272
4720,16972
4721,12739
4722,11739
4723,12886
4724,13504
4725,16278
4726,9796
4727,12623
4728,12202
4729,11523
4730,14273
4731,13298
4732,12727
4733,11251
4734,10890
4735,10984
4736,13497
4737,11191
4738,10216
4739,10997
4740,15961
4741,11357
4742,11581
4743,19008
4744,12638
4745,13312
4746,11448
4747,13048
4748,10366
4749,11904
4750,30358
4751,12034
4752,16711
4753,11584
4754,10404
4755,13709
4756,11775
4757,12330
4758,12533
4759,10651
4760,20342
4761,12226
4762,10488
4763,11248
4764,10969
4765,10768
4766,9356
4767,10454
4768,10223
4769,10082
4770,15237
4771,11088
4772,11139
4773,10851
4774,10626
4775,10972
4776,11654
4777,11369
4778,9543
4779,11649
4780,15188
4781,10719
4782,10362
4783,11554
4784,11530
4785,11662
4786,11442
4787,11237
4788,12376
4789,11444
4790,13376
4791,10273
4792,10379
4793,10163
4794,11519
4795,10180
4796,10646
4797,12271
4798,9301
4799,10913
4800,81771
4801,15554
4802,13021
4803,10948
4804,11068
4805,12616
4806,10113
4807,11358
4808,10729
4809,11332
4810,14137
4811,13910
4812,12744
4813,10765
4814,11640
4815,12700
4816,12263
4817,10821
4818,10634
4819,11008
4820,13528
4821,10670
4822,11545
4823,11601
4824,12146
4825,11867
4826,11181
4827,10112
4828,10833
4829,11652
4830,14509
4831,11395
4832,11592
4833,14370
4834,10639
4835,10483
4836,12436
4837,10496
4838,10021
4839,11513
4840,15790
4841,12734
4842,10907
4843,10913
4844,10281
4845,23734
4846,9109
4847,11035
4848,13512
4849,11414
4850,22045
4851,13189
4852,12508
4853,12515
4854,10281
4855,11651
4856,10781
4857,12030
4858,10563
4859,12444
4860,21296
4861,15715
4862,12584
4863,9802
4864,15020
4865,10705
4866,11534
4867,11314
4868,12457
4869,9713
4870,16555
4871,11029
4872,12486
4873,11436
4874,10582
4875,14081
4876,10702
4877,10941
4878,9404
4879,9858
4880,18239
4881,10732
4882,10190
4883,11558
4884,12082
4885,15688
4886,11115
4887,10174
4888,11576
4889,12394
4890,13777
4891,10476
4892,10081
4893,9509
4894,9912
4895,11603
4896,15414
4897,10119
4898,11261
4899,11656
4900,37491
4901,12872
4902,12318
4903,12293
4904,11870
4905,12150
4906,10884
4907,10034
4908,11265
4909,11515
4910,13728
4911,11751
4912,12775
4913,11402
4914,12602
4915,15745
4916,12694
4917,10355
4918,12767
4919,10532
4920,16425
4921,12463
4922,12426
4923,11724
4924,11924
4925,11977
4926,10673
4927,10067
4928,12390
4929,10105
4930,13935
4931,11566
4932,11848
4933,10585
4934,11001
4935,11249
4936,10221
4937,11788
4938,11005
4939,11061
4940,15083
4941,11387
4942,10051
4943,11381
4944,11025
4945,18340
4946,10130
4947,11331
4948,9938
4949,10348
4950,22716
4951,11825
4952,11119
4953,10711
4954,9717
4955,10250
4956,11294
4957,11073
4958,11201
4959,20591
4960,14964
4961,11202
4962,9996
4963,11016
4964,9450
4965,12187
4966,9740
4967,12032
4968,12545
4969,10171
4970,14304
4971,10456
4972,10531
4973,10839
4974,10389
4975,13754
4976,9787
4977,11704
4978,11243
4979,9532
4980,14370
4981,11071
4982,9672
4983,9520
4984,12279
4985,10294
4986,13049
4987,11115
4988,10782
4989,10100
4990,12467
4991,14195
4992,13176
4993,10979
4994,11094
4995,13805
4996,14842
4997,10414
4998,12861
4999,19316
5000,986848
5001,50658
5002,23637
5003,23169
5004,18429
5005,26115
5006,15298
5007,46817
5008,17500
5009,13371
5010,25658
5011,17644
5012,15133
5013,13716
5014,13627
5015,16831
5016,15682
5017,15024
5018,13958
5019,12601
5020,20204
5021,14538
5022,14690
5023,14471
5024,12389
5025,14550
5026,12994
5027,12517
5028,13151
5029,10729
5030,15628
5031,13567
5032,16031
5033,13052
5034,11983
5035,12231
5036,11772
5037,13237
5038,12483
5039,15621
5040,40432
5041,14152
5042,11754
5043,11868
5044,14248
5045,11320
5046,11696
5047,11187
5048,12474
5049,12731
5050,27755
5051,13784
5052,13452
5053,14220
5054,13447
5055,15396
5056,12405
5057,10971
5058,11334
5059,12593
5060,21321
5061,35075
5062,10531
5063,11762
5064,12060
5065,12095
5066,11420
5067,11665
5068,10364
5069,14970
5070,15351
5071,11400
5072,10521
5073,10703
5074,10807
5075,18658
5076,15456
5077,11410
5078,10121
5079,10312
5080,16859
5081,12444
5082,13463
5083,11767
5084,11446
5085,11355
5086,9956
5087,11824
5088,12932
5089,11795
5090,13140
5091,10203
5092,9684
5093,11721
5094,11708
5095,10667
5096,13155
5097,10142
5098,10933
5099,12378
5100,59028
5101,19140
5102,18603
5103,25713
5104,16174
5105,14081
5106,14291
5107,24451
5108,14092
5109,12030
5110,18877
5111,14809
5112,16842
5113,12961
5114,13443
5115,13529
5116,12554
5117,13567
5118,11971
5119,11371
5120,27789
5121,14192
5122,13429
5123,14603
5124,12712
5125,16501
5126,15487
5127,11134
5128,18155
5129,11453
5130,16883
5131,10957
5132,12290
5133,11987
5134,10710
5135,13010
5136,11350
5137,11079
5138,11738
5139,11731
5140,15154
5141,13755
5142,12444
5143,12650
5144,11429
5145,12850
5146,11489
5147,11056
5148,12337
5149,10912
5150,25580
5151,12954
5152,12766
5153,12187
5154,12435
5155,11007
5156,11728
5157,10326
5158,10180
5159,11234
5160,17926
5161,13359
5162,11386
5163,11220
5164,10304
5165,11301
5166,10856
5167,12090
5168,14801
5169,11631
5170,15174
5171,11520
5172,11518
5173,10011
5174,11848
5175,13188
5176,11085
5177,10603
5178,9596
5179,10569
5180,16150
5181,11400
5182,10178
5183,10718
5184,19536
5185,10488
5186,9257
5187,10690
5188,13421
5189,10412
5190,13055
5191,10392
5192,10985
5193,9957
5194,15002
5195,14454
5196,10449
5197,10594
5198,12309
5199,11231
5200,65717
5201,14935
5202,13519
5203,12204
5204,11555
5205,12715
5206,12197
5207,10484
5208,15473
5209,11963
5210,15078
5211,12891
5212,11770
5213,10819
5214,11735
5215,13187
5216,12060
5217,11276
5218,10995
5219,13324
5220,18351
5221,13433
5222,13439
5223,12716
5224,12078
5225,13095
5226,13233
5227,11246
5228,9861
5229,10864
5230,14513
5231,12458
5232,12843
5233,11018
5234,11505
5235,11378
5236,13214
5237,11854
5238,10843
5239,11579
5240,15549
5241,50811
5242,10990
5243,12724
5244,10809
5245,10904
5246,13013
5247,11468
5248,12982
5249,11684
5250,34501
5251,14175
5252,12028
5253,14176
5254,11664
5255,13238
5256,21294
5257,13543
5258,11584
5259,9674
5260,15466
5261,12297
5262,10659
5263,11629
5264,11448
5265,11903
5266,10406
5267,9412
5268,10035
5269,11468
5270,13707
5271,11823
5272,11846
5273,11858
5274,10758
5275,11135
5276,9604
5277,9326
5278,11350
5279,11453
5280,24700
5281,25481
5282,9816
5283,10248
5284,10064
5285,10053
5286,10100
5287,9423
5288,9810
5289,11723
5290,13369
5291,11540
5292,13526
5293,12079
5294,9317
5295,10309
5296,10561
5297,11001
5298,10570
5299,10331
5300,39548
5301,20779
5302,11880
5303,12341
5304,14931
5305,11198
5306,10969
5307,13692
5308,10880
5309,12270
5310,17282
5311,13126
5312,13680
5313,15419
5314,11049
5315,12727
5316,12798
5317,11389
5318,10328
5319,9977
5320,15639
5321,13729
5322,40015
5323,11855
5324,16841
5325,12713
5326,10706
5327,11035
5328,15929
5329,11407
5330,13868
5331,10454
5332,10780
5333,13351
5334,12704
5335,11190
5336,10443
5337,10859
5338,10384
5339,10509
5340,14384
5341,10213
5342,9366
5343,11234
5344,10574
5345,10810
5346,10398
5347,9908
5348,9614
5349,10539
5350,15655
5351,10552
5352,13328
5353,12531
5354,10320
5355,12709
5356,10783
5357,9587
5358,9263
5359,9374
5360,13124
5361,9692
5362,9376
5363,9900
5364,10478
5365,8939
5366,9646
5367,8890
5368,9659
5369,8858
5370,11722
5371,9792
5372,10649
5373,10369
5374,9156
5375,13320
5376,13555
5377,10427
5378,8761
5379,9254
5380,12446
5381,11220
5382,11526
5383,9151
5384,10206
5385,10317
5386,9332
5387,10040
5388,9986
5389,10275
5390,11817
5391,8962
5392,9195
5393,9898
5394,9614
5395,10048
5396,9082
5397,10667
5398,8844
5399,9794
5400,57871
5401,13562
5402,12430
5403,9843
5404,10812
5405,12715
5406,13312
5407,10045
5408,13967
5409,8704
5410,13528
5411,12450
5412,13175
5413,10406
5414,10026
5415,11101
5416,9514
5417,12990
5418,13264
5419,10124
5420,13647
5421,13167
5422,10389
5423,10857
5424,12604
5425,11523
5426,9959
5427,9610
5428,10595
5429,9577
5430,12874
5431,10576
5432,40312
5433,11381
5434,11381
5435,11121
5436,10010
5437,10300
5438,9904
5439,11790
5440,13951
5441,11334
5442,9310
5443,11279
5444,9560
5445,14386
5446,10294
5447,10051
5448,10892
5449,9912
5450,15295
5451,11251
5452,10454
5453,12158
5454,11807
5455,10458
5456,9851
5457,10420
5458,8568
5459,8924
5460,18530
5461,14974
5462,8994
5463,9782
5464,9159
5465,9240
5466,10028
5467,10895
5468,13891
5469,9860
5470,11151
5471,10895
5472,13770
5473,10538
5474,9614
5475,10997
5476,9637
5477,9342
5478,9685
5479,9281
5480,12262
5481,10107
5482,9253
5483,9738
5484,8671
5485,9826
5486,8312
5487,9741
5488,12143
5489,8851
5490,12475
5491,10654
5492,9455
5493,8625
5494,8759
5495,10547
5496,9820
5497,8629
5498,9137
5499,9461
5500,96335
5501,13177
5502,10960
5503,11503
5504,10496
5505,12503
5506,11327
5507,10878
5508,12413
5509,8736
5510,16090
5511,12519
5512,11738
5513,10927
5514,9562
5515,12993
5516,10257
5517,10964
5518,9500
5519,11185
5520,18283
5521,11012
5522,10538
5523,9981
5524,14042
5525,13090
5526,10838
5527,11100
5528,11157
5529,9075
5530,12277
5531,10704
5532,10001
5533,9784
5534,9802
5535,12078
5536,11597
5537,9263
5538,10462
5539,9235
5540,11998
5541,9772
5542,10495
5543,9768
5544,12724
5545,10670
5546,8942
5547,9866
5548,14956
5549,8507
5550,17127
5551,10086
5552,10642
5553,8967
5554,12217
5555,36458
5556,12589
5557,10639
5558,8800
5559,9146
5560,12254
5561,10064
5562,9208
5563,9690
5564,9175
5565,9613
5566,10573
5567,8480
5568,11192
5569,8952
5570,10998
5571,9944
5572,9325
5573,8721
5574,8634
5575,9340
5576,10800
5577,11215
5578,8338
5579,8053
5580,13805
5581,9360
5582,9484
5583,9141
5584,9676
5585,8566
5586,9240
5587,9118
5588,9221
5589,8952
5590,12768
5591,9269
5592,9041
5593,8331
5594,8615
5595,8794
5596,9065
5597,8645
5598,8134
5599,8522
5600,47387
5601,13792
5602,9688
5603,9422
5604,10086
5605,10966
5606,9604
5607,8841
5608,8959
5609,8943
5610,14111
5611,10821
5612,9880
5613,8584
5614,9735
5615,10789
5616,13457
5617,8979
5618,9146
5619,8773
5620,17888
5621,10998
5622,9868
5623,10476
5624,10095
5625,27717
5626,9200
5627,8537
5628,11066
5629,8388
5630,11243
5631,10203
5632,11855
5633,9744
5634,11120
5635,9987
5636,8160
5637,22036
5638,9049
5639,9094
5640,14754
5641,9146
5642,9097
5643,16701
5644,8986
5645,9188
5646,9041
5647,9006
5648,9900
5649,9231
5650,15170
5651,10143
5652,9215
5653,9425
5654,9230
5655,9208
5656,10460
5657,9333
5658,8384
5659,9013
5660,11656
5661,9449
5662,8193
5663,7706
5664,10185
5665,8670
5666,10771
5667,9128
5668,8551
5669,8405
5670,14277
5671,11668
5672,14364
5673,9050
5674,7990
5675,8976
5676,9776
5677,9678
5678,29426
5679,8607
5680,11954
5681,9377
5682,10273
5683,9274
5684,9354
5685,8975
5686,7982
5687,8735
5688,9444
5689,9258
5690,9774
5691,7967
5692,7652
5693,8049
5694,8303
5695,9427
5696,9828
5697,8854
5698,9106
5699,7811
5700,38754
5701,17846
5702,9579
5703,9541
5704,10273
5705,10615
5706,8619
5707,8971
5708,12745
5709,9229
5710,11667
5711,11088
5712,12455
5713,10095
5714,12177
5715,11425
5716,8373
5717,9952
5718,8874
5719,9503
5720,14982
5721,10213
5722,9287
5723,9254
5724,9805
5725,10773
5726,8770
5727,9433
5728,9988
5729,9208
5730,11450
5731,8948
5732,7820
5733,9990
5734,10649
5735,9059
5736,10641
5737,10084
5738,8242
5739,8427
5740,11929
5741,10250
5742,9591
5743,8925
5744,8520
5745,9513
5746,10196
5747,9246
5748,9067
5749,8674
5750,18767
5751,10824
5752,8482
5753,9121
5754,10778
5755,10070
5756,8073
5757,9483
5758,7373
5759,8272
5760,23202
5761,8872
5762,8542
5763,9115
5764,9378
5765,9432
5766,8403
5767,8778
5768,10336
5769,8407
5770,12539
5771,10096
5772,12479
5773,9617
5774,10397
5775,12396
5776,10251
5777,10718
5778,10261
5779,9070
5780,14713
5781,9552
5782,8715
5783,147069
5784,8595
5785,8939
5786,8521
5787,19313
5788,9150
5789,10114
5790,9923
5791,8855
5792,9411
5793,9160
5794,7219
5795,9533
5796,10260
5797,10453
5798,8208
5799,7940
5800,44276
5801,12705
5802,9674
5803,10640
5804,8760
5805,13026
5806,9141
5807,10185
5808,12664
5809,8651
5810,12432
5811,10074
5812,11519
5813,10126
5814,15676
5815,9985
5816,9243
5817,9092
5818,8101
5819,9425
5820,12762
5821,11319
5822,9504
5823,8921
5824,12618
5825,10212
5826,9445
5827,9374
5828,9015
5829,10001
5830,12613
5831,8958
5832,13332
5833,10773
5834,7635
5835,10446
5836,8586
5837,9620
5838,9079
5839,8993
5840,20277
5841,10719
5842,8671
5843,8417
5844,8742
5845,13798
5846,9623
5847,9194
5848,8865
5849,9294
5850,19153
5851,13854
5852,9469
5853,9764
5854,8894
5855,8473
5856,11542
5857,8277
5858,10658
5859,8808
5860,12105
5861,17573
5862,8908
5863,7945
5864,8354
5865,9672
5866,9895
5867,8483
5868,9993
5869,8228
5870,12459
5871,9845
5872,8587
5873,7697
5874,8353
5875,12288
5876,22281
5877,7841
5878,8429
5879,8448
5880,16891
5881,9078
5882,9577
5883,8430
5884,8604
5885,9676
5886,10141
5887,9357
5888,11970
5889,8886
5890,13573
5891,10381
5892,9099
5893,9760
5894,8304
5895,10365
5896,9182
5897,9440
5898,7567
5899,8775
5900,32620
5901,12131
5902,9025
5903,10127
5904,12352
5905,9985
5906,8543
5907,9345
5908,11353
5909,8456
5910,11301
5911,9374
5912,9280
5913,9327
5914,8481
5915,9828
5916,9284
5917,8373
5918,8308
5919,8031
5920,15044
5921,9060
5922,8809
5923,9047
5924,8093
5925,10204
5926,8664
5927,9073
5928,9859
5929,10527
5930,10865
5931,9283
5932,8867
5933,9401
5934,10257
5935,7973
5936,8812
5937,9636
5938,8499
5939,8132
5940,14888
5941,8293
5942,8563
5943,8174
5944,7815
5945,9022
5946,8497
5947,8049
5948,7404
5949,8317
5950,14678
5951,8990
5952,11002
5953,8668
5954,7409
5955,7945
5956,10468
5957,7514
5958,7884
5959,8679
5960,12196
5961,7476
5962,7670
5963,11634
5964,8194
5965,8317
5966,8055
5967,8249
5968,7992
5969,7992
5970,11838
5971,8760
5972,8886
5973,10096
5974,8099
5975,11181
5976,9536
5977,7509
5978,8069
5979,7306
5980,11235
5981,9144
5982,7794
5983,7201
5984,13684
5985,10171
5986,9456
5987,8181
5988,8661
5989,7724
5990,9683
5991,7967
5992,8799
5993,7544
5994,8286
5995,8602
5996,8614
5997,7809
5998,7970
5999,10391
6000,337091
6001,26038
6002,16554
6003,11532
6004,12482
6005,10964
6006,15645
6007,11016
6008,10392
6009,11487
6010,15175
6011,12586
6012,12478
6013,16685
6014,9478
6015,34332
6016,10692
6017,8374
6018,10028
6019,10037
6020,17923
6021,10710
6022,8983
6023,9586
6024,9410
6025,9571
6026,8127
6027,8998
6028,9128
6029,8488
6030,13318
6031,8645
6032,9639
6033,9276
6034,8826
6035,10250
6036,7870
6037,8464
6038,8549
6039,9079
6040,12260
6041,9323
6042,8413
6043,8143
6044,7550
6045,9334
6046,8116
6047,9441
6048,14350
6049,8279
6050,20838
6051,9084
6052,8069
6053,9117
6054,8242
6055,10064
6056,8604
6057,8530
6058,8247
6059,8835
6060,17288
6061,15891
6062,8453
6063,10470
6064,8737
6065,9452
6066,8589
6067,8683
6068,9388
6069,8265
6070,10911
6071,8892
6072,10160
6073,8259
6074,7851
6075,10959
6076,8621
6077,9843
6078,8256
6079,8691
6080,14724
6081,8812
6082,10803
6083,9275
6084,35860
6085,8369
6086,8985
6087,8484
6088,8322
6089,7877
6090,12104
6091,8937
6092,7854
6093,8938
6094,7552
6095,7558
6096,12650
6097,8847
6098,7584
6099,8143
6100,38180
6101,13046
6102,12220
6103,21839
6104,11257
6105,14838
6106,12175
6107,9770
6108,10993
6109,9660
6110,19745
6111,14784
6112,10658
6113,9254
6114,9389
6115,8776
6116,9452
6117,8688
6118,8609
6119,10542
6120,21076
6121,10970
6122,9000
6123,10540
6124,9879
6125,12484
6126,9632
6127,9495
6128,9709
6129,8289
6130,11053
6131,9674
6132,9670
6133,9054
6134,8297
6135,8652
6136,9084
6137,8627
6138,10681
6139,8876
6140,11194
6141,9354
6142,9759
6143,13781
6144,21889
6145,8988
6146,9135
6147,9253
6148,12810
6149,9461
6150,19398
6151,10197
6152,9638
6153,8980
6154,9427
6155,8671
6156,9877
6157,8319
6158,8393
6159,7504
6160,13332
6161,9930
6162,9172
6163,8215
6164,7894
6165,9912
6166,9528
6167,8992
6168,8310
6169,8056
6170,9523
6171,9810
6172,9030
6173,9825
6174,10037
6175,9242
6176,11514
6177,8542
6178,7619
6179,8287
6180,18222
6181,7938
6182,6644
6183,7127
6184,7212
6185,7604
6186,8497
6187,6809
6188,8210
6189,7323
6190,9788
6191,8148
6192,8703
6193,9062
6194,7788
6195,9802
6196,8638
6197,7389
6198,7731
6199,8255
6200,42705
6201,13063
6202,8980
6203,11328
6204,9967
6205,10509
6206,7994
6207,9447
6208,8433
6209,8704
6210,13377
6211,12997
6212,13317
6213,15104
6214,10715
6215,12383
6216,9580
6217,8995
6218,8619
6219,7347
6220,11717
6221,12373
6222,9455
6223,9835
6224,10199
6225,9278
6226,11104
6227,8218
6228,8612
6229,11591
6230,13564
6231,13969
6232,8804
6233,8540
6234,8168
6235,9490
6236,7317
6237,10113
6238,8483
6239,8168
6240,19230
6241,9180
6242,7413
6243,8485
6244,8715
6245,8934
6246,8428
6247,8987
6248,8322
6249,7503
6250,32152
6251,10371
6252,11997
6253,8675
6254,11516
6255,8985
6256,9311
6257,8499
6258,9366
6259,10213
6260,11612
6261,7980
6262,8296
6263,7855
6264,9627
6265,9249
6266,9379
6267,7893
6268,6734
6269,10382
6270,12520
6271,8570
6272,11077
6273,9472
6274,7817
6275,9049
6276,7824
6277,8256
6278,7319
6279,8576
6280,10233
6281,8983
6282,7562
6283,8301
6284,7782
6285,8566
6286,7566
6287,7622
6288,9294
6289,7871
6290,9128
6291,7411
6292,10024
6293,7159
6294,7719
6295,7974
6296,7532
6297,7690
6298,7934
6299,8618
6300,58810
6301,14770
6302,11938
6303,12445
6304,11417
6305,9327
6306,8587
6307,8351
6308,8595
6309,8652
6310,12068
6311,10550
6312,11998
6313,8297
6314,8632
6315,8622
6316,8951
6317,9589
6318,9503
6319,8562
6320,21190
6321,14662
6322,10408
6323,17280
6324,10534
6325,10327
6326,8763
6327,8019
6328,8595
6329,7989
6330,38752
6331,13414
6332,9861
6333,9329
6334,11554
6335,9126
6336,14464
6337,8828
6338,8127
6339,7930
6340,10354
6341,8604
6342,9194
6343,9413
6344,8568
6345,8887
6346,8065
6347,7993
6348,8441
6349,7711
6350,14125
6351,10412
6352,8497
6353,9257
6354,8203
6355,12560
6356,7962
6357,8362
6358,8034
6359,7600
6360,13468
6361,13637
6362,8804
6363,9862
6364,10572
6365,7525
6366,8027
6367,7141
6368,7365
6369,7090
6370,9272
6371,11262
6372,8303
6373,8342
6374,7898
6375,9892
6376,7343
6377,9290
6378,8724
6379,27377
6380,12423
6381,7514
6382,9027
6383,7680
6384,9539
6385,7686
6386,6695
6387,6791
6388,11003
6389,8016
6390,10144
6391,7587
6392,7013
6393,6755
6394,6852
6395,7046
6396,8446
6397,12517
6398,6736
6399,8251
6400,58151
6401,10640
6402,12663
6403,7562
6404,13191
6405,9885
6406,7396
6407,7741
6408,8293
6409,7108
6410,12167
6411,8562
6412,9822
6413,7971
6414,8844
6415,7889
6416,8891
6417,7620
6418,7002
6419,7625
6420,11591
6421,8979
6422,9073
6423,8040
6424,7735
6425,8123
6426,8511
6427,7240
6428,7302
6429,7955
6430,9222
6431,7643
6432,10333
6433,7211
6434,7940
6435,10921
6436,7470
6437,7185
6438,8429
6439,7710
6440,12810
6441,10255
6442,6772
6443,9975
6444,7919
6445,7176
6446,6969
6447,6910
6448,8076
6449,8231
6450,13716
6451,8038
6452,7198
6453,7621
6454,7409
6455,9395
6456,8520
6457,7336
6458,6917
6459,7928
6460,12272
6461,7298
6462,7154
6463,8055
6464,9294
6465,7480
6466,7046
6467,6859
6468,8656
6469,7641
6470,9373
6471,8233
6472,7743
6473,6727
6474,7529
6475,11461
6476,5709
6477,6944
6478,6887
6479,7373
6480,18333
6481,7925
6482,10028
6483,7544
6484,7013
6485,7549
6486,7036
6487,7230
6488,7801
6489,7730
6490,10132
6491,8797
6492,7516
6493,6948
6494,7298
6495,7673
6496,8643
6497,9631
6498,7863
6499,7487
6500,63463
6501,18774
6502,23594
6503,11176
6504,8367
6505,8784
6506,7013
6507,7230
6508,8501
6509,7331
6510,13158
6511,18053
6512,16607
6513,8353
6514,7685
6515,8079
6516,8752
6517,9166
6518,7432
6519,7555
6520,14742
6521,8335
6522,8846
6523,7397
6524,7574
6525,10246
6526,7058
6527,7536
6528,10790
6529,7128
6530,11533
6531,9800
6532,10626
6533,7798
6534,9843
6535,8396
6536,7322
6537,7237
6538,10182
6539,6229
6540,11396
6541,8480
6542,7133
6543,9657
6544,9435
6545,9400
6546,6978
6547,8188
6548,13481
6549,7228
6550,16036
6551,7896
6552,10883
6553,9328
6554,7824
6555,8578
6556,8012
6557,6914
6558,6682
6559,7221
6560,11307
6561,13004
6562,9503
6563,11544
6564,7698
6565,8450
6566,9036
6567,6598
6568,6507
6569,8189
6570,10844
6571,8370
6572,8026
6573,6684
6574,7116
6575,7936
6576,8064
6577,6942
6578,7498
6579,7979
6580,10777
6581,8011
6582,7177
6583,15508
6584,14020
6585,7666
6586,7310
6587,7469
6588,7768
6589,6311
6590,8805
6591,7652
6592,6937
6593,6237
6594,7087
6595,7213
6596,9845
6597,6798
6598,7014
6599,7228
6600,47840
6601,13107
6602,8212
6603,8565
6604,15095
6605,8537
6606,9055
6607,7780
6608,9198
6609,6938
6610,9760
6611,10600
6612,9249
6613,7662
6614,8142
6615,9453
6616,7198
6617,8474
6618,6921
6619,7201
6620,11459
6621,14811
6622,8272
6623,7279
6624,10484
6625,10283
6626,7201
6627,7361
6628,6910
6629,8173
6630,10323
6631,7458
6632,7641
6633,12388
6634,6512
6635,7408
6636,7679
6637,7296
6638,7536
6639,6642
6640,10209
6641,6970
6642,7895
6643,10777
6644,7219
6645,7595
6646,6439
6647,7246
6648,6870
6649,7192
6650,13206
6651,31032
6652,7541
6653,15945
6654,14868
6655,9354
6656,9726
6657,6471
6658,6053
6659,9788
6660,12105
6661,11525
6662,43018
6663,9658
6664,16394
6665,8351
6666,22392
6667,34202
6668,7305
6669,7786
6670,11270
6671,8831
6672,21974
6673,14247
6674,6175
6675,8295
6676,6087
6677,7556
6678,11769
6679,7879
6680,9539
6681,6422
6682,6695
6683,6954
6684,7201
6685,6846
6686,5945
6687,7494
6688,7988
6689,6563
6690,8386
6691,7105
6692,6676
6693,6171
6694,10557
6695,6938
6696,8281
6697,7802
6698,6798
6699,10515
6700,33397
6701,10307
6702,10301
6703,8529
6704,7264
6705,8352
6706,6385
6707,9118
6708,21816
6709,7766
6710,9577
6711,8088
6712,8081
6713,7743
6714,7347
6715,8786
6716,13590
6717,11999
6718,7444
6719,7218
6720,22261
6721,8310
6722,8344
6723,8027
6724,7850
6725,9084
6726,7457
6727,7947
6728,7438
6729,6098
6730,9861
6731,16187
6732,8694
6733,8377
6734,7579
6735,6879
6736,8972
6737,6878
6738,6432
6739,7936
6740,9549
6741,8260
6742,6671
6743,7187
6744,7274
6745,7495
6746,6323
6747,7119
6748,6864
6749,7429
6750,29519
6751,9558
6752,12124
6753,6466
6754,6454
6755,6883
6756,6608
6757,8865
6758,7343
6759,6816
6760,11054
6761,7123
6762,7101
6763,7079
6764,7815
6765,7742
6766,6627
6767,7457
6768,8498
6769,6410
6770,8358
6771,6707
6772,6757
6773,6475
6774,6848
6775,7366
6776,8729
6777,6881
6778,6558
6779,6840
6780,9920
6781,7682
6782,6342
6783,6645
6784,7257
6785,8218
6786,6893
6787,6465
6788,7134
6789,15515
6790,9142
6791,10800
6792,7894
6793,8296
6794,6575
6795,7206
6796,6725
6797,7475
6798,6364
6799,7125
6800,43272
6801,9897
6802,8133
6803,21335
6804,9972
6805,8535
6806,6686
6807,11067
6808,8117
6809,9540
6810,11518
6811,9911
6812,7531
6813,6753
6814,7264
6815,7069
6816,8076
6817,6869
6818,7264
6819,8468
6820,10631
6821,6849
6822,11661
6823,8553
6824,6504
6825,9030
6826,6693
6827,7168
6828,6704
6829,6947
6830,9125
6831,9483
6832,8035
6833,7354
6834,9894
6835,7273
6836,6648
6837,6561
6838,7149
6839,6116
6840,12835
6841,6968
6842,7023
6843,6306
6844,7080
6845,7929
6846,6742
6847,6689
6848,7467
6849,6470
6850,12907
6851,8553
6852,6648
6853,6750
6854,6688
6855,7158
6856,7333
6857,7963
6858,7160
6859,7491
6860,9902
6861,7975
6862,6338
6863,7359
6864,8292
6865,6924
6866,6676
6867,6517
6868,7477
6869,7210
6870,10114
6871,6908
6872,7183
6873,6943
6874,7313
6875,15283
6876,7043
6877,6943
6878,6446
6879,6011
6880,10446
6881,7562
6882,13682
6883,6904
6884,7178
6885,7192
6886,6109
6887,6273
6888,9141
6889,7249
6890,14520
6891,7873
6892,6948
6893,6021
6894,6715
6895,6780
6896,7054
6897,7462
6898,5585
6899,7379
6900,23709
6901,12578
6902,8604
6903,8438
6904,6707
6905,7363
6906,5931
6907,6617
6908,6165
6909,6783
6910,10205
6911,8340
6912,15117
6913,7014
6914,7009
6915,7102
6916,7600
6917,7028
6918,6396
6919,7437
6920,12644
6921,7451
6922,6510
6923,7423
6924,8115
6925,7963
6926,6610
6927,6527
6928,9078
6929,6598
6930,11530
6931,7302
6932,6332
6933,6590
6934,6478
6935,6922
6936,7244
6937,6733
6938,6087
6939,7456
6940,8632
6941,7323
6942,6716
6943,6349
6944,7869
6945,6352
6946,12755
6947,10671
6948,6753
6949,6321
6950,12727
6951,7310
6952,8266
6953,7113
6954,7852
6955,8959
6956,6460
6957,6775
6958,6742
6959,6594
6960,11799
6961,7323
6962,6733
6963,14716
6964,6181
6965,7019
6966,11804
6967,6686
6968,6061
6969,9290
6970,9691
6971,6717
6972,11586
6973,6505
6974,6915
6975,7571
6976,8419
6977,6613
6978,6396
6979,7539
6980,10190
6981,10069
6982,6050
6983,6737
6984,7016
6985,7130
6986,6266
6987,5962
6988,5697
6989,6177
6990,9872
6991,6513
6992,7822
6993,6656
6994,5991
6995,6835
6996,7697
6997,8018
6998,6287
6999,9592
7000,196247
7001,24585
7002,16031
7003,12435
7004,14117
7005,9930
7006,9003
7007,12943
7008,10533
7009,9146
7010,12156
7011,9535
7012,13025
7013,9672
7014,9139
7015,15316
7016,8050
7017,10367
7018,8264
7019,8057
7020,16591
7021,8350
7022,9682
7023,9662
7024,7878
7025,8987
7026,8122
7027,9078
7028,7164
7029,7660
7030,11394
7031,10764
7032,7724
7033,7096
7034,6777
7035,8912
7036,7499
7037,8025
7038,7946
7039,7080
7040,12971
7041,8850
7042,7303
7043,7323
7044,7917
7045,8009
7046,6486
7047,6712
7048,7592
7049,8110
7050,15857
7051,9833
7052,19049
7053,7413
7054,9511
7055,8665
7056,18771
7057,7834
7058,6403
7059,8448
7060,10657
7061,8030
7062,8082
7063,7085
7064,7578
7065,11292
7066,6662
7067,6943
7068,7842
7069,7389
7070,14043
7071,14386
7072,8526
7073,6777
7074,10863
7075,13820
7076,8615
7077,9425
7078,7101
7079,8623
7080,12535
7081,7523
7082,17767
7083,7813
7084,7767
7085,8771
7086,6534
7087,6442
7088,6904
7089,7649
7090,9404
7091,6333
7092,6948
7093,6454
7094,7172
7095,8588
7096,6657
7097,6764
7098,7244
7099,7340
7100,30002
7101,12268
7102,11528
7103,11443
7104,13208
7105,12137
7106,11367
7107,9667
7108,9404
7109,9249
7110,11849
7111,10229
7112,12525
7113,9824
7114,9529
7115,7714
7116,9424
7117,8176
7118,7292
7119,7406
7120,18804
7121,11483
7122,11803
7123,8934
7124,8664
7125,10086
7126,7799
7127,7073
7128,9335
7129,8433
7130,10349
7131,7705
7132,7362
7133,7116
7134,7511
7135,8044
7136,7973
7137,6805
7138,6901
7139,6405
7140,12748
7141,7231
7142,9325
7143,9244
7144,8002
7145,6908
7146,7119
7147,6013
7148,6885
7149,6752
7150,12714
7151,7723
7152,9791
7153,7171
7154,7215
7155,9489
7156,6767
7157,6355
7158,7259
7159,7903
7160,9900
7161,8813
7162,6668
7163,6404
7164,7863
7165,8238
7166,6146
7167,7732
7168,8885
7169,7475
7170,8861
7171,7859
7172,9071
7173,7034
7174,6833
7175,7861
7176,7743
7177,7490
7178,6123
7179,6336
7180,9887
7181,6829
7182,7419
7183,8041
7184,7815
7185,6418
7186,6935
7187,6908
7188,8794
7189,6537
7190,7768
7191,7590
7192,7437
7193,7320
7194,6680
7195,6938
7196,7025
7197,7149
7198,5747
7199,7476
7200,105667
7201,16712
7202,9822
7203,12362
7204,6559
7205,7881
7206,17465
7207,8319
7208,6753
7209,6736
7210,10043
7211,8892
7212,10291
7213,9285
7214,9555
7215,8290
7216,7815
7217,8080
7218,7559
7219,7547
7220,9835
7221,8499
7222,8784
7223,7857
7224,8565
7225,8724
7226,6451
7227,7698
7228,7092
7229,7131
7230,11640
7231,10188
7232,7456
7233,7573
7234,6822
7235,17314
7236,6952
7237,8063
7238,6864
7239,5794
7240,8945
7241,7904
7242,7021
7243,8306
7244,6589
7245,8491
7246,6668
7247,6749
7248,7412
7249,6315
7250,14458
7251,7518
7252,11831
7253,6386
7254,7271
7255,7651
7256,6595
7257,5839
7258,5787
7259,6280
7260,12855
7261,9063
7262,6432
7263,6733
7264,7248
7265,7246
7266,9939
7267,6896
7268,6537
7269,5998
7270,7646
7271,6751
7272,9517
7273,7319
7274,6363
7275,7827
7276,7022
7277,6792
7278,6265
7279,6541
7280,11737
7281,6636
7282,5871
7283,7159
7284,6054
7285,7092
7286,6445
7287,6124
7288,7968
7289,6702
7290,9136
7291,8067
7292,11499
7293,7823
7294,6052
7295,6300
7296,8076
7297,6845
7298,6476
7299,6446
7300,38878
7301,9291
7302,8419
7303,8151
7304,7415
7305,6997
7306,6720
7307,7869
7308,8006
7309,7123
7310,9636
7311,8346
7312,8015
7313,6621
7314,7117
7315,9284
7316,6913
7317,7508
7318,6883
7319,8349
7320,12752
7321,10867
7322,6258
7323,8393
7324,7774
7325,7683
7326,7816
7327,6395
7328,6809
7329,7251
7330,10575
7331,9287
7332,8623
7333,8693
7334,7262
7335,7456
7336,6970
7337,6534
7338,5584
7339,5965
7340,10098
7341,6753
7342,6333
7343,6487
7344,10156
7345,7271
7346,7350
7347,6725
7348,6412
7349,6642
7350,12910
7351,7652
7352,8085
7353,6721
7354,6392
7355,6721
7356,7307
7357,6020
7358,6055
7359,6382
7360,10795
7361,8953
7362,43822
7363,5692
7364,7127
7365,6250
7366,6438
7367,6323
7368,7207
7369,6881
7370,8687
7371,7236
7372,6357
7373,7930
7374,6447
7375,7686
7376,6811
7377,7154
7378,7642
7379,5734
7380,11835
7381,6544
7382,7030
7383,6707
7384,6486
7385,6305
7386,6574
7387,6824
7388,6039
7389,6093
7390,7412
7391,7222
7392,9254
7393,6700
7394,5078
7395,7198
7396,7408
7397,6308
7398,6525
7399,6395
7400,30140
7401,12944
7402,21664
7403,9907
7404,9613
7405,11875
7406,6493
7407,8531
7408,7424
7409,7119
7410,13600
7411,8177
7412,10231
7413,9300
7414,7038
7415,6787
7416,7009
7417,7376
7418,6246
7419,6205
7420,11050
7421,11429
7422,13611
7423,6761
7424,9350
7425,10044
7426,10149
7427,6658
7428,8945
7429,9158
7430,20207
7431,9081
7432,8541
7433,12557
7434,7342
7435,6501
7436,7873
7437,5808
7438,6440
7439,6960
7440,11959
7441,7221
7442,7032
7443,6680
7444,7070
7445,6345
7446,6594
7447,6999
7448,7591
7449,5433
7450,11522
7451,7977
7452,7244
7453,6541
7454,7233
7455,8018
7456,6747
7457,7252
7458,6773
7459,7619
7460,8731
7461,6458
7462,6938
7463,12699
7464,6462
7465,6565
7466,7370
7467,5954
7468,6285
7469,11075
7470,8899
7471,7270
7472,6951
7473,6050
7474,10214
7475,8288
7476,7118
7477,6779
7478,5645
7479,7543
7480,9343
7481,7260
7482,10226
7483,6689
7484,6024
7485,6544
7486,6020
7487,5947
7488,10986
7489,6743
7490,8280
7491,21734
7492,6638
7493,7064
7494,5793
7495,6322
7496,6522
7497,6568
7498,6411
7499,7680
7500,121517
7501,11683
7502,12198
7503,7659
7504,6680
7505,7298
7506,7449
7507,6654
7508,7652
7509,6610
7510,9529
7511,10774
7512,10464
7513,9989
7514,6795
7515,7767
7516,16968
7517,6797
7518,6522
7519,6984
7520,12070
7521,10734
7522,7908
7523,6663
7524,8117
7525,9726
7526,6566
7527,6476
7528,6473
7529,7191
7530,8547
7531,7766
7532,7257
7533,6870
7534,6964
7535,6460
7536,6607
7537,6766
7538,8116
7539,6831
7540,12561
7541,9061
7542,6581
7543,6132
7544,6201
7545,8014
7546,6536
7547,7194
7548,6925
7549,6213
7550,11509
7551,7374
7552,7049
7553,6443
7554,262487
7555,6735
7556,6038
7557,6483
7558,6539
7559,6831
7560,15613
7561,6563
7562,6369
7563,5754
7564,6129
7565,6126
7566,9060
7567,6375
7568,7197
7569,6551
7570,8537
7571,6039
7572,6142
7573,6540
7574,6068
7575,8509
7576,7361
7577,6320
7578,6008
7579,5591
7580,9843
7581,6773
7582,6733
7583,6575
7584,6952
7585,6356
7586,6989
7587,5776
7588,5947
7589,6931
7590,9223
7591,6302
7592,6524
7593,6035
7594,5809
7595,6753
7596,6955
7597,5969
7598,6514
7599,6875
7600,35417
7601,13363
7602,12463
7603,9995
7604,10877
7605,8226
7606,6175
7607,9475
7608,6673
7609,9986
7610,9438
7611,9377
7612,7678
7613,7108
7614,6787
7615,6530
7616,7005
7617,6077
7618,6005
7619,7010
7620,10493
7621,6757
7622,7247
7623,11507
7624,6876
7625,8153
7626,6836
7627,7674
7628,5348
7629,5785
7630,8933
7631,6612
7632,7635
7633,6416
7634,6198
7635,6286
7636,6455
7637,5764
7638,6272
7639,6063
7640,9680
7641,6586
7642,5767
7643,6315
7644,7485
7645,7017
7646,6125
7647,6172
7648,6715
7649,5957
7650,14219
7651,6260
7652,5823
7653,6585
7654,8542
7655,6739
7656,7273
7657,6343
7658,10890
7659,5445
7660,9150
7661,6327
7662,6483
7663,5638
7664,6169
7665,6924
7666,5691
7667,7793
7668,6226
7669,6849
7670,7881
7671,5952
7672,6455
7673,6078
7674,7357
7675,6032
7676,7104
7677,5573
7678,6156
7679,6427
7680,14665
7681,7516
7682,6933
7683,6335
7684,6769
7685,6408
7686,7700
7687,7339
7688,6521
7689,5898
7690,7849
7691,6885
7692,7307
7693,5963
7694,5758
7695,6658
7696,7240
7697,7094
7698,7681
7699,7738
7700,32089
7701,18665
7702,15275
7703,24989
7704,7750
7705,6465
7706,6872
7707,6333
7708,6211
7709,6110
7710,9587
7711,7862
7712,8300
7713,7041
7714,8237
7715,7614
7716,8084
7717,71397
7718,6061
7719,5917
7720,9535
7721,34879
7722,7750
7723,6804
7724,6252
7725,7684
7726,6101
7727,7579
7728,7928
7729,6013
7730,8670
7731,6105
7732,8127
7733,7083
7734,7018
7735,8013
7736,6648
7737,7122
7738,6608
7739,6225
7740,10676
7741,7153
7742,6928
7743,7157
7744,7859
7745,6439
7746,6847
7747,7551
7748,6357
7749,6498
7750,14892
7751,7736
7752,11090
7753,5988
7754,5681
7755,7541
7756,5918
7757,7921
7758,6538
7759,5961
7760,8680
7761,7223
7762,6096
7763,6109
7764,6482
7765,6613
7766,7316
7767,6278
7768,6377
7769,5913
7770,10638
7771,8082
7772,6896
7773,6635
7774,8716
7775,7272
7776,10935
7777,23050
7778,7964
7779,6231
7780,8629
7781,6235
7782,7159
7783,6441
7784,6002
7785,7145
7786,5682
7787,6086
7788,8500
7789,8314
7790,9096
7791,6496
7792,6447
7793,7883
7794,6059
7795,6073
7796,5675
7797,6143
7798,6457
7799,7004
7800,34014
7801,7869
7802,9704
7803,8894
7804,7089
7805,10253
7806,7701
7807,5708
7808,6504
7809,6099
7810,9374
7811,7453
7812,10166
7813,7707
7814,6721
7815,7357
7816,9620
7817,6878
7818,6331
7819,12049
7820,9646
7821,7477
7822,7093
7823,6177
7824,6840
7825,7484
7826,6427
7827,11862
7828,6726
7829,5915
7830,8764
7831,7058
7832,7337
7833,6602
7834,5550
7835,6076
7836,5897
7837,5671
7838,5435
7839,7611
7840,10409
7841,7292
7842,5701
7843,7216
7844,6474
7845,6613
7846,5815
7847,5643
7848,6240
7849,6462
7850,11938
7851,7472
7852,6437
7853,6310
7854,10251
7855,5873
7856,6441
7857,6172
7858,5346
7859,5680
7860,9877
7861,6678
7862,6019
7863,6244
7864,6708
7865,6815
7866,6292
7867,6706
7868,6025
7869,6043
7870,9493
7871,6572
7872,7548
7873,6249
7874,6455
7875,9786
7876,6736
7877,6068
7878,7518
7879,6325
7880,8892
7881,6462
7882,5893
7883,7832
7884,6782
7885,5969
7886,6051
7887,5745
7888,6610
7889,5957
7890,16412
7891,6711
7892,6382
7893,5900
7894,5791
7895,6559
7896,7613
7897,6432
7898,6120
7899,6401
7900,30772
7901,34582
7902,7045
7903,6680
7904,7000
7905,6807
7906,6521
7907,7128
7908,6855
7909,7579
7910,11990
7911,6565
7912,7127
7913,7270
7914,6650
7915,7587
7916,6575
7917,7348
7918,5651
7919,6787
7920,15269
7921,7453
7922,7327
7923,6660
7924,6244
7925,7802
7926,5663
7927,6329
7928,6350
7929,5779
7930,8231
7931,6318
7932,6776
7933,6032
7934,5950
7935,6805
7936,7816
7937,6538
7938,7286
7939,6667
7940,8542
7941,6504
7942,11691
7943,5558
7944,6408
7945,5577
7946,5726
7947,5401
7948,5767
7949,6678
7950,13086
7951,7042
7952,6952
7953,5917
7954,6501
7955,6130
7956,6590
7957,6012
7958,5652
7959,5945
7960,8864
7961,6210
7962,6148
7963,5757
7964,5656
7965,6579
7966,5994
7967,5537
7968,6694
7969,5894
7970,11480
7971,5603
7972,5594
7973,6298
7974,6571
7975,6535
7976,5422
7977,6039
7978,5599
7979,7232
7980,11427
7981,5721
7982,5656
7983,6154
7984,5640
7985,5849
7986,6072
7987,5797
7988,5443
7989,5413
7990,9735
7991,5876
7992,6464
7993,6278
7994,5985
7995,6577
7996,6185
7997,6913
7998,7355
7999,8449
8000,384421
8001,29771
8002,20589
8003,10896
8004,13240
8005,12032
8006,10683
8007,9180
8008,14059
8009,14238
8010,17137
8011,9340
8012,9051
8013,13814
8014,8057
8015,8276
8016,8046
8017,7713
8018,7312
8019,8743
8020,16130
8021,8011
8022,8453
8023,8519
8024,8556
8025,9706
8026,7224
8027,7686
8028,9639
8029,6182
8030,9381
8031,8093
8032,8835
8033,6641
8034,8040
8035,6980
8036,6902
8037,7256
8038,6218
8039,7284
8040,13140
8041,6773
8042,8765
8043,6366
8044,6317
8045,7246
8046,6946
8047,6654
8048,7468
8049,6777
8050,13740
8051,12663
8052,8867
8053,6757
8054,6920
8055,7405
8056,6493
8057,8927
8058,6447
8059,6372
8060,11043
8061,6355
8062,6586
8063,6430
8064,11209
8065,7264
8066,6854
8067,7347
8068,5821
8069,12341
8070,9654
8071,7384
8072,6562
8073,6638
8074,5931
8075,7433
8076,6110
8077,6293
8078,7169
8079,6135
8080,301956
8081,36777
8082,14519
8083,11828
8084,9008
8085,12073
8086,25411
8087,9618
8088,17662
8089,8166
8090,19122
8091,8922
8092,10666
8093,8946
8094,6618
8095,6885
8096,8723
8097,5801
8098,7522
8099,7122
8100,38782
8101,11176
8102,9027
8103,9300
8104,10159
8105,7954
8106,8050
8107,6993
8108,6856
8109,7001
8110,11282
8111,9959
8112,9992
8113,12039
8114,6581
8115,9328
8116,6889
8117,6634
8118,9651
8119,7355
8120,10835
8121,8976
8122,7695
8123,9303
8124,8043
8125,16613
8126,7196
8127,7806
8128,11375
8129,6537
8130,9498
8131,7271
8132,6443
8133,6848
8134,6021
8135,6392
8136,7046
8137,6256
8138,6090
8139,7727
8140,10764
8141,6557
8142,6552
8143,6549
8144,7067
8145,6877
8146,6359
8147,6802
8148,6689
8149,5744
8150,12688
8151,8001
8152,8761
8153,6168
8154,6970
8155,6697
8156,6436
8157,5926
8158,6210
8159,6157
8160,12595
8161,7652
8162,6635
8163,6246
8164,5919
8165,6943
8166,8156
8167,6442
8168,8250
8169,6177
8170,8233
8171,7004
8172,8347
8173,5887
8174,5708
8175,6404
8176,7296
8177,6221
8178,5966
8179,6429
8180,10777
8181,11419
8182,7592
8183,6088
8184,6824
8185,6857
8186,6479
8187,5965
8188,6721
8189,6696
8190,11969
8191,13548
8192,94973
8193,11390
8194,6883
8195,7326
8196,7611
8197,6044
8198,6105
8199,6361
8200,35546
8201,9072
8202,7377
8203,41453
8204,7379
8205,10250
8206,6831
8207,6549
8208,9264
8209,7908
8210,9205
8211,24234
8212,22784
8213,8002
8214,7439
8215,6482
8216,14856
8217,97979
8218,7630
8219,6801
8220,45830
8221,40964
8222,8797
8223,6059
8224,7846
8225,7347
8226,22250
8227,6044
8228,7048
8229,5491
8230,25829
8231,6497
8232,8751
8233,6957
8234,6105
8235,7704
8236,6313
8237,7734
8238,5665
8239,6294
8240,10206
8241,7132
8242,8273
8243,7099
8244,6273
8245,6714
8246,6504
8247,6151
8248,6102
8249,6875
8250,16843
8251,6225
8252,6347
8253,6824
8254,7127
8255,11938
8256,7320
8257,5743
8258,5761
8259,6600
8260,10410
8261,6804
8262,7899
8263,7712
8264,6254
8265,6705
8266,6328
8267,5453
8268,6817
8269,6691
8270,7313
8271,6247
8272,7249
8273,5941
8274,6532
8275,7051
8276,5946
8277,5531
8278,5442
8279,6833
8280,11786
8281,7282
8282,6697
8283,8282
8284,6430
8285,7100
8286,7019
8287,6495
8288,7004
8289,6359
8290,7778
8291,6132
8292,5778
8293,5816
8294,5330
8295,5704
8296,5599
8297,7726
8298,5571
8299,5586
8300,23755
8301,12655
8302,7056
8303,6637
8304,7199
8305,6301
8306,7544
8307,7004
8308,5946
8309,6802
8310,9450
8311,7075
8312,7140
8313,6746
8314,8697
8315,6396
8316,8089
8317,6337
8318,5548
8319,6922
8320,10608
8321,7345
8322,6181
8323,6075
8324,6757
8325,11817
8326,5963
8327,6490
8328,6917
8329,6101
8330,10234
8331,6715
8332,8937
8333,20745
8334,6929
8335,6105
8336,6432
8337,6342
8338,5888
8339,7122
8340,8646
8341,6781
8342,6421
8343,5918
8344,5968
8345,6261
8346,5724
8347,6672
8348,6023
8349,5962
8350,11111
8351,6368
8352,7867
8353,6143
8354,5097
8355,5686
8356,5466
8357,6080
8358,6096
8359,6811
8360,10083
8361,5908
8362,5545
8363,5557
8364,8473
8365,5947
8366,7148
8367,5435
8368,7162
8369,5087
8370,7776
8371,9073
8372,6014
8373,5264
8374,5385
8375,6595
8376,5684
8377,6241
8378,5463
8379,5500
8380,8724
8381,6153
8382,6492
8383,7297
8384,6119
8385,5752
8386,5215
8387,5988
8388,6561
8389,6002
8390,9122
8391,5422
8392,5970
8393,5760
8394,5444
8395,5528
8396,5614
8397,5202
8398,6147
8399,7002
8400,38787
8401,7554
8402,6414
8403,5473
8404,5869
8405,5966
8406,5952
8407,5694
8408,5784
8409,5141
8410,8028
8411,7963
8412,7128
8413,6577
8414,6426
8415,7195
8416,6157
8417,6283
8418,6033
8419,6669
8420,8261
8421,6958
8422,6789
8423,5832
8424,7728
8425,6554
8426,5187
8427,5371
8428,6251
8429,5870
8430,8773
8431,7310
8432,6886
8433,5454
8434,5766
8435,5509
8436,6431
8437,5614
8438,5904
8439,5741
8440,8816
8441,5991
8442,6260
8443,26607
8444,6697
8445,6127
8446,8257
8447,5713
8448,8180
8449,5805
8450,9951
8451,6230
8452,6219
8453,7829
8454,7235
8455,6305
8456,6714
8457,6013
8458,5522
8459,5726
8460,9005
8461,6902
8462,6254
8463,6635
8464,6747
8465,6434
8466,6698
8467,6017
8468,5798
8469,5516
8470,8176
8471,7243
8472,8329
8473,6851
8474,5295
8475,6478
8476,5684
8477,11268
8478,5717
8479,5907
8480,9515
8481,6002
8482,8013
8483,5988
8484,7318
8485,6249
8486,5779
8487,5618
8488,5786
8489,5473
8490,7653
8491,6090
8492,5748
8493,4969
8494,5630
8495,5569
8496,8090
8497,6109
8498,7974
8499,7167
8500,55361
8501,12297
8502,11599
8503,5764
8504,6619
8505,7819
8506,6287
8507,5851
8508,6678
8509,6518
8510,9385
8511,6695
8512,8126
8513,5985
8514,6447
8515,7018
8516,6044
8517,5847
8518,5824
8519,6164
8520,11117
8521,7742
8522,7510
8523,6127
8524,6212
8525,7110
8526,7223
8527,5525
8528,6279
8529,6210
8530,8347
8531,6100
8532,6219
8533,6111
8534,5632
8535,5799
8536,7217
8537,5826
8538,6042
8539,5489
8540,11530
8541,7154
8542,11962
8543,6663
8544,12310
8545,9322
8546,6284
8547,6237
8548,5665
8549,5683
8550,12095
8551,7631
8552,5867
8553,6420
8554,6450
8555,8114
8556,6124
8557,4941
8558,6059
8559,5425
8560,8775
8561,5690
8562,6424
8563,6041
8564,5196
8565,5443
8566,4999
8567,6065
8568,7331
8569,6206
8570,8438
8571,9450
8572,6670
8573,6149
8574,5001
8575,6306
8576,5948
8577,7551
8578,6226
8579,5836
8580,10383
8581,6701
8582,6206
8583,6744
8584,5281
8585,8675
8586,5732
8587,5442
8588,7255
8589,5513
8590,6205
8591,5430
8592,7011
8593,5846
8594,7746
8595,6724
8596,5375
8597,5551
8598,5120
8599,6573
8600,31135
8601,34144
8602,8444
8603,6140
8604,6254
8605,6307
8606,5685
8607,5472
8608,6130
8609,5373
8610,9935
8611,6254
8612,6346
8613,6461
8614,5772
8615,5946
8616,5754
8617,6131
8618,6941
8619,5743
8620,7968
8621,6826
8622,5434
8623,5941
8624,7970
8625,7936
8626,5874
8627,6191
8628,6788
8629,6161
8630,6778
8631,7009
8632,5537
8633,5853
8634,5341
8635,5475
8636,5818
8637,6778
8638,6146
8639,5807
8640,15901
8641,6555
8642,5689
8643,5720
8644,13109
8645,6384
8646,5466
8647,5686
8648,5721
8649,6140
8650,9767
8651,5661
8652,6054
8653,5523
8654,5642
8655,6310
8656,6601
8657,5957
8658,6281
8659,5487
8660,9158
8661,6513
8662,6925
8663,5746
8664,6808
8665,5702
8666,6511
8667,7123
8668,5209
8669,5781
8670,7773
8671,5927
8672,5720
8673,5938
8674,5748
8675,5715
8676,5745
8677,5240
8678,5443
8679,5478
8680,8440
8681,5979
8682,5246
8683,6308
8684,5580
8685,5693
8686,6545
8687,6295
8688,6503
8689,5394
8690,7168
8691,5690
8692,5190
8693,5536
8694,6305
8695,5997
8696,6167
8697,5294
8698,5436
8699,6185
8700,21464
8701,7274
8702,5375
8703,5020
8704,6988
8705,5954
8706,5709
8707,5890
8708,6146
8709,6370
8710,8100
8711,8028
8712,8915
8713,5835
8714,5558
8715,6141
8716,5530
8717,5440
8718,5114
8719,6229
8720,8768
8721,6849
8722,9801
8723,5777
8724,5584
8725,6313
8726,5326
8727,5643
8728,5064
8729,5791
8730,9452
8731,5519
8732,7056
8733,6476
8734,6218
8735,5785
8736,7407
8737,5327
8738,5071
8739,6943
8740,8906
8741,6414
8742,5962
8743,5308
8744,5836
8745,6688
8746,6480
8747,5869
8748,7094
8749,5700
8750,14275
8751,6018
8752,6102
8753,6260
8754,5011
8755,5619
8756,5342
8757,4945
8758,5078
8759,5140
8760,11483
8761,7342
8762,6272
8763,4710
8764,5613
8765,7848
8766,4991
8767,5783
8768,5712
8769,4791
8770,7390
8771,6478
8772,6049
8773,6103
8774,6011
8775,6747
8776,8632
8777,5664
8778,7235
8779,5919
8780,7502
8781,5393
8782,5978
8783,5338
8784,6532
8785,5304
8786,5339
8787,7896
8788,6726
8789,6221
8790,6629
8791,5896
8792,4852
8793,4815
8794,8892
8795,5452
8796,7770
8797,5463
8798,5180
8799,10548
8800,40832
8801,9439
8802,8268
8803,5970
8804,6865
8805,6492
8806,5535
8807,5729
8808,5723
8809,5283
8810,8042
8811,7581
8812,6184
8813,5753
8814,5972
8815,5960
8816,6692
8817,5380
8818,5685
8819,5646
8820,11442
8821,6174
8822,6344
8823,6161
8824,6233
8825,6130
8826,5996
8827,5390
8828,6122
8829,5785
8830,6770
8831,5552
8832,7090
8833,6474
8834,5615
8835,6022
8836,6360
8837,5726
8838,5578
8839,6311
8840,8403
8841,5622
8842,5040
8843,5352
8844,6883
8845,5361
8846,5372
8847,4827
8848,6720
8849,5870
8850,10443
8851,5323
8852,4742
8853,6422
8854,8290
8855,7291
8856,7268
8857,6429
8858,5413
8859,152334
8860,8032
8861,5815
8862,5709
8863,6773
8864,5622
8865,5590
8866,5894
8867,5979
8868,6498
8869,5564
8870,6349
8871,5215
8872,5202
8873,4913
8874,5217
8875,6800
8876,5234
8877,5930
8878,5438
8879,7300
8880,11405
8881,6001
8882,5558
8883,6712
8884,5322
8885,5446
8886,5091
8887,6175
8888,52715
8889,8773
8890,8844
8891,6453
8892,5598
8893,5466
8894,5434
8895,6227
8896,5763
8897,6055
8898,5370
8899,8272
8900,20399
8901,8945
8902,7098
8903,5526
8904,6275
8905,5772
8906,5275
8907,5236
8908,5012
8909,5435
8910,11969
8911,6408
8912,6196
8913,5443
8914,6957
8915,5365
8916,5398
8917,5062
8918,5320
8919,5247
8920,7901
8921,5169
8922,4909
8923,6157
8924,5476
8925,6265
8926,4954
8927,4735
8928,6889
8929,5145
8930,7078
8931,5682
8932,5832
8933,5831
8934,4806
8935,5460
8936,5075
8937,5369
8938,5723
8939,4621
8940,8496
8941,6084
8942,5244
8943,5217
8944,6378
8945,5198
8946,5319
8947,5617
8948,4611
8949,5695
8950,8448
8951,5453
8952,5879
8953,5040
8954,5649
8955,5811
8956,4752
8957,4441
8958,5382
8959,5421
8960,9678
8961,5484
8962,5534
8963,5563
8964,5950
8965,4867
8966,5129
8967,5086
8968,5764
8969,5263
8970,7880
8971,6297
8972,5007
8973,5167
8974,4800
8975,5285
8976,6671
8977,6817
8978,5977
8979,4805
8980,7270
8981,5807
8982,5496
8983,9998
8984,13747
8985,5005
8986,4836
8987,4833
8988,6411
8989,6798
8990,6799
8991,5228
8992,6351
8993,6187
8994,5309
8995,5608
8996,5376
8997,5345
8998,5639
8999,8327
9000,201679
9001,49947
9002,15398
9003,9629
9004,7831
9005,8495
9006,16303
9007,6892
9008,6829
9009,9911
9010,12109
9011,22429
9012,8755
9013,7355
9014,12597
9015,7365
9016,6851
9017,6781
9018,7047
9019,9864
9020,10953
9021,8880
9022,6287
9023,8710
9024,11312
9025,7176
9026,6405
9027,8940
9028,5229
9029,6660
9030,8216
9031,6058
9032,5907
9033,6764
9034,5535
9035,5740
9036,5836
9037,6967
9038,5585
9039,5719
9040,8436
9041,6014
9042,8904
9043,5720
9044,5803
9045,5823
9046,5166
9047,5608
9048,6411
9049,5649
9050,12649
9051,6621
9052,6358
9053,6137
9054,5976
9055,5784
9056,7649
9057,10469
9058,5732
9059,5669
9060,8239
9061,6649
9062,5636
9063,6036
9064,5270
9065,5275
9066,7455
9067,5228
9068,5495
9069,5752
9070,6771
9071,6038
9072,10640
9073,5763
9074,5173
9075,6728
9076,4927
9077,5192
9078,5782
9079,5085
9080,12189
9081,8144
9082,6156
9083,5399
9084,5073
9085,5747
9086,5203
9087,4962
9088,5523
9089,5328
9090,22354
9091,9280
9092,17413
9093,6624
9094,5595
9095,5706
9096,6020
9097,5403
9098,5429
9099,6339
9100,27935
9101,10599
9102,10444
9103,6976
9104,7551
9105,6496
9106,6773
9107,6259
9108,8115
9109,6674
9110,9350
9111,7706
9112,5891
9113,6053
9114,6326
9115,5898
9116,6313
9117,5934
9118,5517
9119,6388
9120,11200
9121,6466
9122,6722
9123,6478
9124,5850
9125,7133
9126,6744
9127,6198
9128,6148
9129,5584
9130,7157
9131,6977
9132,5944
9133,5801
9134,5502
9135,6479
9136,5692
9137,5130
9138,5424
9139,7179
9140,8209
9141,6362
9142,6069
9143,5589
9144,8290
9145,6620
9146,5081
9147,5870
9148,5639
9149,5013
9150,10265
9151,6400
9152,6393
9153,7087
9154,5010
9155,6233
9156,5316
9157,5630
9158,5441
9159,5135
9160,8838
9161,5540
9162,4995
9163,5976
9164,4954
9165,5698
9166,8161
9167,6985
9168,5818
9169,4665
9170,6508
9171,5818
9172,5219
9173,6486
9174,5213
9175,5185
9176,5183
9177,5185
9178,5018
9179,4999
9180,10165
9181,6520
9182,5532
9183,5737
9184,6043
9185,6248
9186,4775
9187,5343
9188,5810
9189,5083
9190,6168
9191,6243
9192,5499
9193,4993
9194,5151
9195,5163
9196,5815
9197,5589
9198,5739
9199,5763
9200,54518
9201,7603
9202,6434
9203,6524
9204,5977
9205,6651
9206,6261
9207,5973
9208,5020
9209,5476
9210,8204
9211,7670
9212,7491
9213,6700
9214,5554
9215,6384
9216,13731
9217,5711
9218,5097
9219,5080
9220,8137
9221,6086
9222,8042
9223,5457
9224,5721
9225,7457
9226,7559
9227,5699
9228,5613
9229,6256
9230,6805
9231,5907
9232,5956
9233,4918
9234,6955
9235,5460
9236,5363
9237,5316
9238,5382
9239,5906
9240,11989
9241,6674
9242,5251
9243,5263
9244,4864
9245,5349
9246,5033
9247,4593
9248,6395
9249,4894
9250,13403
9251,6437
9252,7483
9253,5218
9254,4877
9255,7106
9256,4974
9257,4846
9258,5756
9259,5403
9260,7352
9261,5670
9262,5243
9263,5262
9264,5807
9265,5275
9266,4617
9267,5715
9268,5163
9269,5141
9270,6696
9271,7483
9272,9709
9273,4788
9274,5620
9275,5972
9276,5804
9277,4805
9278,4854
9279,4637
9280,7981
9281,5202
9282,6802
9283,5328
9284,4958
9285,5003
9286,6231
9287,4719
9288,5888
9289,4729
9290,7256
9291,5412
9292,7537
9293,5274
9294,5148
9295,5796
9296,5760
9297,4885
9298,6569
9299,5571
9300,172827
9301,7020
9302,6262
9303,5663
9304,6660
9305,5613
9306,6895
9307,5571
9308,5749
9309,4841
9310,7805
9311,9701
9312,8118
9313,6365
9314,6134
9315,6340
9316,5929
9317,6030
9318,5560
9319,5791
9320,8178
9321,5394
9322,5124
9323,5873
9324,6177
9325,8310
9326,6040
9327,4832
9328,5245
9329,5167
9330,7180
9331,5982
9332,5299
9333,7466
9334,4830
9335,5167
9336,5980
9337,5797
9338,5012
9339,4766
9340,7737
9341,6226
9342,5412
9343,5966
9344,5858
9345,5450
9346,4822
9347,4870
9348,5976
9349,4657
9350,9303
9351,5151
9352,6669
9353,5591
9354,5191
9355,5787
9356,4610
9357,5065
9358,4503
9359,4974
9360,11518
9361,5748
9362,5135
9363,4493
9364,4790
9365,5147
9366,4909
9367,5194
9368,5336
9369,5501
9370,6630
9371,5573
9372,5733
9373,4972
9374,4660
9375,21583
9376,6302
9377,5567
9378,5193
9379,5017
9380,8024
9381,14405
9382,4604
9383,5973
9384,7070
9385,5733
9386,5060
9387,4758
9388,4924
9389,4738
9390,6080
9391,5912
9392,5093
9393,5430
9394,5446
9395,4856
9396,5942
9397,8027
9398,5330
9399,4783
9400,23897
9401,6482
9402,6770
9403,5863
9404,5846
9405,6517
9406,4993
9407,4732
9408,7645
9409,5656
9410,9058
9411,8281
9412,7095
9413,5759
9414,6016
9415,6051
9416,5313
9417,5224
9418,5306
9419,5637
9420,7965
9421,5883
9422,5868
9423,5195
9424,5942
9425,5752
9426,5298
9427,5065
9428,5077
9429,5246
9430,6408
9431,5442
9432,5764
9433,4830
9434,4803
9435,5649
9436,4729
9437,4749
9438,5188
9439,4938
9440,8927
9441,5281
9442,5268
9443,7914
9444,5866
9445,4918
9446,5650
9447,6278
9448,5037
9449,5249
9450,10444
9451,6550
9452,5563
9453,6035
9454,4892
9455,5375
9456,5539
9457,4675
9458,5090
9459,4639
9460,8148
9461,4938
9462,5236
9463,5380
9464,5817
9465,4919
9466,11879
9467,5032
9468,5255
9469,5080
9470,6441
9471,5741
9472,6380
9473,5276
9474,11941
9475,5349
9476,4959
9477,5443
9478,4797
9479,4807
9480,8741
9481,5783
9482,4817
9483,4758
9484,5224
9485,4977
9486,5160
9487,5068
9488,5246
9489,4497
9490,6699
9491,5219
9492,6394
9493,6010
9494,5405
9495,4927
9496,5485
9497,5901
9498,4553
9499,5729
9500,117580
9501,7666
9502,6409
9503,6226
9504,9049
9505,6947
9506,6193
9507,5875
9508,6065
9509,5456
9510,8451
9511,6913
9512,7127
9513,6855
9514,5673
9515,6324
9516,5896
9517,5660
9518,4903
9519,5137
9520,11573
9521,5922
9522,6006
9523,5634
9524,6146
9525,7487
9526,5002
9527,5710
9528,5614
9529,17776
9530,7580
9531,6727
9532,7481
9533,5140
9534,4822
9535,4992
9536,5328
9537,5493
9538,4939
9539,5022
9540,8674
9541,12301
9542,7327
9543,9727
9544,6302
9545,22603
9546,9678
9547,5361
9548,5221
9549,5026
9550,11054
9551,6052
9552,6208
9553,5548
9554,4862
9555,6675
9556,5384
9557,5282
9558,5672
9559,5864
9560,9149
9561,5599
9562,5932
9563,5427
9564,5724
9565,5829
9566,5356
9567,4962
9568,6074
9569,5047
9570,8037
9571,5704
9572,5520
9573,6029
9574,5363
9575,5824
9576,6650
9577,5091
9578,5218
9579,5391
9580,7183
9581,5402
9582,5347
9583,5202
9584,5648
9585,5979
9586,5180
9587,4859
9588,5103
9589,4537
9590,7330
9591,5278
9592,5045
9593,4419
9594,6087
9595,6480
9596,5004
9597,4406
9598,4479
9599,5568
9600,152140
9601,18684
9602,5863
9603,6324
9604,9526
9605,7921
9606,9959
9607,22922
9608,6543
9609,6086
9610,8170
9611,7478
9612,7487
9613,13889
9614,18956
9615,7139
9616,5594
9617,5614
9618,5610
9619,5690
9620,9929
9621,5730
9622,6466
9623,5284
9624,5562
9625,7394
9626,4583
9627,4863
9628,6867
9629,5123
9630,7721
9631,6092
9632,6376
9633,5785
9634,4959
9635,5633
9636,5601
9637,4701
9638,5198
9639,5105
9640,7526
9641,5448
9642,5395
9643,5051
9644,5350
9645,5481
9646,5278
9647,4957
9648,6367
9649,5602
9650,9186
9651,5562
9652,5770
9653,5218
9654,6107
9655,5396
9656,5225
9657,5295
9658,7491
9659,5258
9660,13602
9661,8301
9662,7063
9663,4886
9664,6787
9665,6904
9666,5464
9667,6325
9668,5275
9669,5023
9670,17853
9671,4739
9672,5679
9673,5140
9674,5100
9675,6774
9676,4969
9677,5613
9678,5067
9679,6273
9680,8110
9681,5327
9682,4898
9683,4739
9684,5285
9685,5386
9686,6031
9687,4795
9688,7699
9689,6332
9690,8732
9691,4769
9692,4922
9693,5279
9694,4804
9695,5601
9696,6182
9697,5453
9698,4631
9699,5265
9700,91252
9701,9289
9702,6604
9703,6044
9704,6178
9705,5892
9706,7307
9707,5318
9708,6161
9709,15715
9710,7525
9711,11911
9712,8666
9713,5608
9714,7428
9715,5523
9716,7329
9717,5170
9718,7200
9719,5139
9720,10156
9721,8887
9722,6286
9723,5095
9724,5490
9725,5936
9726,5976
9727,5344
9728,6799
9729,5546
9730,6825
9731,5310
9732,5596
9733,7910
9734,5993
9735,5652
9736,4825
9737,5502
9738,5267
9739,4916
9740,7191
9741,5337
9742,4999
9743,4827
9744,6699
9745,6431
9746,5481
9747,6238
9748,4694
9749,5680
9750,11056
9751,5817
9752,5297
9753,4664
9754,5375
9755,5461
9756,5987
9757,4717
9758,4941
9759,4768
9760,8697
9761,5286
9762,4822
9763,5308
9764,5452
9765,6684
9766,5373
9767,5546
9768,5448
9769,4706
9770,6361
9771,5905
9772,5787
9773,5178
9774,5329
9775,5532
9776,6843
9777,5408
9778,5199
9779,4930
9780,8324
9781,8026
9782,4647
9783,4877
9784,4894
9785,5615
9786,5109
9787,5456
9788,4946
9789,4451
9790,8388
9791,5796
9792,8989
9793,5115
9794,5330
9795,6592
9796,5656
9797,7377
9798,6363
9799,9194
9800,101201
9801,10903
9802,7635
9803,6019
9804,7999
9805,6642
9806,5716
9807,6300
9808,6392
9809,5875
9810,10762
9811,6881
9812,7302
9813,5810
9814,4853
9815,5630
9816,6846
9817,5378
9818,5250
9819,4857
9820,8567
9821,5787
9822,5453
9823,5138
9824,6109
9825,5732
9826,5927
9827,6066
9828,6598
9829,6421
9830,7877
9831,5241
9832,5398
9833,6356
9834,6269
9835,5705
9836,5438
9837,5099
9838,4929
9839,5183
9840,9186
9841,5583
9842,5263
9843,5048
9844,6228
9845,5115
9846,4620
9847,4888
9848,5669
9849,4893
9850,10578
9851,5358
9852,5189
9853,5224
9854,4929
9855,5681
9856,6755
9857,5494
9858,5057
9859,4945
9860,7973
9861,6630
9862,4852
9863,5005
9864,5798
9865,4668
9866,5690
9867,5158
9868,5074
9869,4493
9870,7185
9871,5648
9872,5477
9873,5036
9874,4793
9875,6301
9876,15340
9877,6055
9878,5678
9879,5041
9880,8035
9881,5166
9882,5398
9883,5240
9884,5041
9885,4897
9886,5039
9887,5638
9888,6332
9889,5753
9890,7119
9891,5774
9892,5296
9893,5547
9894,5245
9895,5097
9896,5159
9897,5849
9898,7050
9899,8612
9900,73188
9901,9341
9902,7587
9903,6398
9904,7918
9905,6355
9906,8329
9907,6563
9908,6324
9909,7484
9910,9540
9911,7719
9912,8249
9913,6222
9914,6203
9915,5687
9916,5554
9917,6071
9918,5761
9919,5684
9920,9776
9921,12953
9922,6815
9923,5689
9924,7302
9925,6089
9926,6056
9927,5204
9928,5370
9929,5583
9930,9408
9931,5970
9932,5979
9933,6615
9934,4923
9935,5422
9936,7079
9937,5148
9938,5383
9939,6265
9940,8393
9941,6484
9942,5713
9943,5768
9944,6749
9945,7168
9946,5537
9947,6459
9948,5873
9949,6935
9950,9804
9951,6278
9952,6538
9953,5787
9954,6527
9955,6355
9956,7052
9957,5897
9958,5942
9959,5869
9960,9973
9961,6689
9962,6447
9963,6969
9964,6432
9965,6230
9966,10891
9967,6455
9968,6698
9969,5778
9970,8121
9971,7318
9972,7904
9973,7082
9974,6764
9975,8091
9976,7340
9977,8990
9978,6988
9979,6413
9980,10750
9981,8085
9982,8234
9983,7304
9984,9454
9985,7722
9986,7954
9987,9357
9988,9490
9989,8707
9990,16900
9991,12431
9992,11475
9993,10439
9994,14487
9995,15026
9996,16125
9997,17401
9998,22123
9999,190311
10000,1009060
