number,count
0,81728676
1,156270260
2,122912848
3,91729332
4,69176784
5,67693966
6,45459972
7,36623119
8,35949555
9,28460938
10,49778927
11,21089361
12,25291476
13,16324674
14,15752136
15,20189958
16,15083705
17,12233370
18,13435715
19,12915367
20,23020310
21,10180275
22,9856200
23,9123922
24,11231572
25,13945831
26,7692810
27,7507417
28,7596522
29,6939924
30,17625230
31,5851178
32,5767047
33,4495225
34,4095304
35,5717401
36,4266093
37,3746117
38,3603752
39,3439082
40,10389223
41,3107643
42,3486669
43,3078720
44,3223904
45,5126815
46,2870831
47,2805418
48,3419648
49,2709467
50,13747167
51,2563837
52,2571557
53,2369119
54,2417988
55,3232714
56,2425161
57,2172462
58,2132720
59,2095392
60,7741770
61,1731395
62,1838339
63,1826277
64,2793164
65,3189891
66,1827677
67,1736557
68,1689729
69,1499425
70,5227574
71,1524674
72,1947278
73,1494080
74,1471857
75,3779728
76,1430657
77,1461552
78,1488447
79,1368080
80,5807253
81,1425690
82,1352105
83,1392021
84,1378333
85,2198284
86,1364821
87,1269560
88,1361302
89,1262136
90,5843072
91,1280989
92,1311255
93,1284070
94,1200887
95,2742439
96,1431084
97,1387075
98,1568290
99,2730470
100,15906960
101,1399067
102,842870
103,821048
104,871948
105,970725
106,818853
107,754960
108,811328
109,772403
110,1274754
111,776281
112,687582
113,627181
114,596393
115,763021
116,580952
117,630117
118,581658
119,550403
120,2173479
121,593239
122,562746
123,716875
124,517861
125,1073275
126,530822
127,610528
128,929339
129,514422
130,1164203
131,523735
132,503213
133,521454
134,450300
135,667781
136,456097
137,531060
138,448761
139,443777
140,1092040
141,440617
142,416827
143,431612
144,508847
145,542481
146,436692
147,440203
148,393711
149,402491
150,3083955
151,398508
152,391324
153,393954
154,372635
155,465433
156,368271
157,384279
158,345550
159,365099
160,1160715
161,384734
162,349308
163,367894
164,363760
165,483953
166,330602
167,379994
168,403535
169,355444
170,647332
171,329287
172,316411
173,329457
174,303299
175,525911
176,324280
177,334922
178,303437
179,313259
180,1439112
181,312632
182,295767
183,327743
184,308937
185,389340
186,338409
187,308062
188,283144
189,302314
190,483172
191,295579
192,388706
193,311215
194,266779
195,349325
196,287853
197,279878
198,269144
199,295802
200,6235223
201,383201
202,399381
203,327692
204,291459
205,340261
206,349034
207,300464
208,310751
209,278573
210,482607
211,295221
212,378100
213,274505
214,264105
215,329497
216,296987
217,274761
218,259898
219,245790
220,678858
221,315135
222,282031
223,277311
224,282133
225,422137
226,273669
227,251352
228,237055
229,232185
230,524413
231,270365
232,330544
233,284458
234,258751
235,437347
236,216661
237,232532
238,347760
239,286619
240,681638
241,257420
242,224407
243,247889
244,218902
245,256589
246,213059
247,225171
248,230554
249,214438
250,2092310
251,239409
252,234360
253,244025
254,239263
255,586489
256,683795
257,210189
258,185888
259,193143
260,438274
261,206522
262,239014
263,205856
264,246491
265,253463
266,186635
267,201451
268,193913
269,200809
270,464261
271,202451
272,225122
273,310823
274,187128
275,317226
276,188572
277,204582
278,179850
279,189631
280,464609
281,202084
282,186839
283,189689
284,193356
285,226142
286,195769
287,205563
288,200664
289,182189
290,271393
291,166707
292,175102
293,193121
294,170869
295,204909
296,174196
297,179777
298,183034
299,218875
300,4481070
301,275513
302,199669
303,245105
304,215145
305,249400
306,197693
307,188942
308,183140
309,178124
310,283433
311,194911
312,224945
313,213569
314,180626
315,236982
316,179024
317,191042
318,178567
319,200082
320,421736
321,202659
322,203130
323,236312
324,179620
325,298990
326,159090
327,164676
328,168290
329,153356
330,395211
331,177786
332,171576
333,253199
334,170865
335,187225
336,174825
337,173748
338,164051
339,145466
340,293481
341,151462
342,156884
343,168869
344,145497
345,195048
346,133741
347,161125
348,135944
349,138430
350,912454
351,148962
352,149053
353,148902
354,178911
355,177050
356,157721
357,154305
358,143757
359,149982
360,900379
361,152915
362,130480
363,153871
364,149322
365,490734
366,155197
367,146491
368,129516
369,125693
370,289283
371,144017
372,128266
373,138423
374,116612
375,257417
376,125228
377,147012
378,132559
379,130862
380,287862
381,133985
382,116071
383,130986
384,189980
385,173953
386,148401
387,166766
388,110030
389,116672
390,208892
391,123754
392,122015
393,148402
394,115830
395,168946
396,112059
397,119550
398,100082
399,135766
400,3504147
401,181617
402,131208
403,148028
404,189514
405,173670
406,138045
407,130886
408,137020
409,126063
410,244348
411,137106
412,129898
413,125434
414,125173
415,220426
416,129780
417,121419
418,107751
419,116385
420,262779
421,123336
422,122586
423,121771
424,118045
425,186831
426,110854
427,122579
428,114282
429,125723
430,244376
431,136272
432,151509
433,130015
434,107111
435,177026
436,104920
437,131064
438,121634
439,104198
440,283839
441,109259
442,102133
443,143998
444,133848
445,127388
446,98263
447,116312
448,99135
449,107323
450,710505
451,150092
452,101848
453,115246
454,126627
455,131704
456,132640
457,114947
458,116890
459,108693
460,220132
461,101725
462,92741
463,100382
464,94761
465,132744
466,91414
467,97658
468,94128
469,95223
470,196045
471,135830
472,92064
473,97109
474,87223
475,141306
476,151614
477,92541
478,85282
479,111911
480,338621
481,99400
482,84965
483,123253
484,92005
485,124434
486,148664
487,84206
488,101403
489,85736
490,160882
491,89342
492,87353
493,95393
494,88647
495,118201
496,99156
497,84514
498,80497
499,107292
500,6188621
501,138772
502,98835
503,107169
504,149763
505,120935
506,86715
507,96480
508,116019
509,128595
510,164318
511,110465
512,284598
513,92517
514,86566
515,113166
516,85847
517,93191
518,89068
519,86578
520,220187
521,235964
522,88845
523,108405
524,101248
525,159755
526,80196
527,105922
528,87498
529,95453
530,193842
531,88566
532,88909
533,96710
534,96067
535,122627
536,113742
537,87217
538,106476
539,101389
540,243417
541,100011
542,93002
543,93522
544,88232
545,96441
546,82076
547,83803
548,66866
549,76330
550,427385
551,95476
552,76248
553,81328
554,72042
555,173288
556,75115
557,75697
558,73790
559,77395
560,181488
561,81141
562,78944
563,82833
564,68161
565,104807
566,63051
567,87773
568,78056
569,71668
570,163753
571,78196
572,68771
573,75466
574,66538
575,102756
576,94943
577,78279
578,65256
579,69277
580,138712
581,117791
582,75068
583,69644
584,72132
585,99255
586,100817
587,89181
588,70004
589,86501
590,115431
591,67774
592,70776
593,69871
594,63551
595,81798
596,62853
597,82608
598,66018
599,79338
600,2491847
601,90090
602,96486
603,86704
604,91398
605,88381
606,71876
607,75731
608,74501
609,87075
610,145605
611,70066
612,91143
613,91028
614,76779
615,86821
616,77855
617,105430
618,145254
619,66407
620,150321
621,77438
622,95177
623,70859
624,78086
625,168382
626,83221
627,77513
628,77211
629,70071
630,146283
631,94873
632,111744
633,78267
634,70521
635,86354
636,74512
637,73338
638,67677
639,121609
640,211718
641,76571
642,92308
643,68903
644,76005
645,80433
646,67280
647,74841
648,70225
649,62988
650,417787
651,72102
652,60452
653,60295
654,61324
655,72342
656,82868
657,61929
658,56066
659,57079
660,165591
661,81745
662,60122
663,62526
664,70137
665,65460
666,102132
667,87155
668,72989
669,61952
670,126014
671,69973
672,65506
673,64184
674,86645
675,88563
676,57520
677,57910
678,63518
679,62312
680,140804
681,67133
682,52814
683,66140
684,68875
685,73318
686,61755
687,70154
688,62360
689,56408
690,93075
691,89958
692,53327
693,56629
694,48360
695,65571
696,51520
697,54551
698,50484
699,54461
700,1702415
701,88049
702,73033
703,87048
704,80473
705,88401
706,61324
707,97043
708,58044
709,69312
710,105892
711,94376
712,68866
713,66153
714,63712
715,77634
716,62121
717,71748
718,71243
719,54149
720,185168
721,66879
722,76436
723,58971
724,55329
725,88351
726,56093
727,76572
728,61845
729,61338
730,118155
731,68272
732,82363
733,58139
734,56296
735,73635
736,51380
737,94801
738,52375
739,49799
740,109632
741,75753
742,57006
743,53288
744,59565
745,67497
746,56844
747,138931
748,51477
749,53474
750,596402
751,63275
752,59925
753,76220
754,90630
755,80400
756,65239
757,69323
758,44555
759,50920
760,148890
761,52452
762,53896
763,59383
764,50030
765,72755
766,50874
767,72853
768,100842
769,54947
770,129932
771,61386
772,57486
773,56927
774,59204
775,86981
776,69201
777,103418
778,67729
779,46785
780,132825
781,57195
782,52949
783,52784
784,57130
785,69165
786,59545
787,86755
788,50059
789,59128
790,76747
791,53915
792,79210
793,57714
794,66716
795,59761
796,49073
797,48786
798,47235
799,51255
800,2357313
801,82943
802,382054
803,58047
804,55695
805,66389
806,54236
807,56534
808,78763
809,51498
810,88714
811,56274
812,55293
813,62981
814,74313
815,61502
816,52746
817,53930
818,67738
819,49946
820,98394
821,52639
822,57318
823,49037
824,56538
825,74183
826,48159
827,53710
828,56116
829,46989
830,92900
831,49125
832,51989
833,68636
834,41703
835,58251
836,57039
837,44920
838,43597
839,45409
840,111480
841,51963
842,55838
843,67320
844,61439
845,68389
846,47697
847,60573
848,50825
849,44762
850,295506
851,47296
852,58908
853,51419
854,52201
855,91022
856,47305
857,46931
858,52531
859,50884
860,99062
861,46179
862,45918
863,53329
864,64786
865,64376
866,96709
867,55026
868,47401
869,49456
870,102919
871,55258
872,48188
873,45428
874,48072
875,80548
876,52289
877,96162
878,46430
879,46141
880,108843
881,44533
882,51718
883,52132
884,45658
885,55603
886,48482
887,46875
888,150742
889,45778
890,73218
891,46282
892,44600
893,50726
894,42634
895,49087
896,44243
897,43511
898,42045
899,49891
900,1122127
901,55632
902,51129
903,46992
904,48003
905,58956
906,51020
907,113177
908,44693
909,56015
910,81400
911,271787
912,62784
913,46150
914,89994
915,57013
916,51596
917,50291
918,50588
919,53709
920,87843
921,47896
922,48486
923,44323
924,45887
925,74820
926,44051
927,46986
928,47682
929,46042
930,89906
931,48595
932,53665
933,45621
934,42867
935,54607
936,56990
937,48734
938,44619
939,47867
940,78221
941,45813
942,39892
943,40160
944,43222
945,55509
946,42169
947,40677
948,39530
949,46975
950,181233
951,50464
952,43603
953,45124
954,50509
955,53528
956,41868
957,42949
958,36747
959,49763
960,151350
961,50304
962,56929
963,50558
964,41087
965,62519
966,47459
967,56719
968,47382
969,53508
970,82073
971,45468
972,54781
973,57135
974,40660
975,66552
976,51401
977,44215
978,1706470
979,45892
980,100471
981,54075
982,48282
983,53054
984,48278
985,53358
986,40801
987,54145
988,46731
989,47379
990,76882
991,43795
992,43396
993,40866
994,43929
995,60758
996,47429
997,52097
998,52855
999,238998
1000,2715981
1001,146307
1002,292755
1003,43583
1004,34759
1005,34293
1006,77947
1007,408987
1008,28415
1009,30361
1010,116726
1011,87131
1012,82255
1013,59356
1014,62263
1015,69008
1016,1066946
1017,129930
1018,62054
1019,41218
1020,60674
1021,144939
1022,43276
1023,125126
1024,280715
1025,49103
1026,31541
1027,35232
1028,29289
1029,89014
1030,53426
1031,35683
1032,25591
1033,34325
1034,30305
1035,40565
1036,24972
1037,112099
1038,582378
1039,47087
1040,59299
1041,22818
1042,37505
1043,23796
1044,27424
1045,29346
1046,84805
1047,22213
1048,24636
1049,23988
1050,86903
1051,44781
1052,24401
1053,31024
1054,61650
1055,39383
1056,50849
1057,28322
1058,22156
1059,22945
1060,33392
1061,23986
1062,18566
1063,54545
1064,28419
1065,24717
1066,174029
1067,28035
1068,27496
1069,27270
1070,43843
1071,45689
1072,23657
1073,217919
1074,41201
1075,34621
1076,25406
1077,28112
1078,24650
1079,26813
1080,215695
1081,28109
1082,17647
1083,31564
1084,25887
1085,33237
1086,165359
1087,30377
1088,76316
1089,40920
1090,35062
1091,26165
1092,22789
1093,240512
1094,23898
1095,60406
1096,47577
1097,90491
1098,134403
1099,57411
1100,290641
1101,88997
1102,27206
1103,114146
1104,30047
1105,44802
1106,22967
1107,27825
1108,24187
1109,73777
1110,48628
1111,428207
1112,25335
1113,29946
1114,20137
1115,31868
1116,19178
1117,24348
1118,27394
1119,31762
1120,37046
1121,27227
1122,33685
1123,23652
1124,24688
1125,39556
1126,299951
1127,36543
1128,75593
1129,18980
1130,59520
1131,20429
1132,18903
1133,19795
1134,21623
1135,37039
1136,74956
1137,29487
1138,24657
1139,37844
1140,35045
1141,23128
1142,27771
1143,24267
1144,27327
1145,51714
1146,88326
1147,32037
1148,20070
1149,21573
1150,75789
1151,20956
1152,41733
1153,26580
1154,36174
1155,43657
1156,22151
1157,25022
1158,26524
1159,41059
1160,32736
1161,35292
1162,35173
1163,32625
1164,23513
1165,23047
1166,22615
1167,26509
1168,17149
1169,25131
1170,43310
1171,26402
1172,27613
1173,24756
1174,21901
1175,44312
1176,30189
1177,104532
1178,21552
1179,28478
1180,48210
1181,21651
1182,25885
1183,23843
1184,23904
1185,52882
1186,140755
1187,37459
1188,18237
1189,40805
1190,38908
1191,30369
1192,36929
1193,22417
1194,29561
1195,21487
1196,20527
1197,21379
1198,31401
1199,32818
1200,571153
1201,32272
1202,38803
1203,29952
1204,73794
1205,27602
1206,49694
1207,34632
1208,23897
1209,30693
1210,44244
1211,39206
1212,46857
1213,33358
1214,40565
1215,89251
1216,43138
1217,29030
1218,24083
1219,28329
1220,45060
1221,29565
1222,30294
1223,31337
1224,24655
1225,49068
1226,25694
1227,38538
1228,21483
1229,26829
1230,40526
1231,26742
1232,24605
1233,20139
1234,95096
1235,34469
1236,26537
1237,26203
1238,25475
1239,19470
1240,46186
1241,38432
1242,46170
1243,23238
1244,23632
1245,23634
1246,22021
1247,22503
1248,27617
1249,23804
1250,140731
1251,34090
1252,34564
1253,28104
1254,31656
1255,27888
1256,32752
1257,30409
1258,46879
1259,26551
1260,62995
1261,34397
1262,20233
1263,23914
1264,26558
1265,34532
1266,26464
1267,24143
1268,23665
1269,19749
1270,43105
1271,47288
1272,31246
1273,28757
1274,41389
1275,40289
1276,23915
1277,29118
1278,22453
1279,72009
1280,59604
1281,26091
1282,39570
1283,23312
1284,29594
1285,28651
1286,20163
1287,24082
1288,20978
1289,23997
1290,52514
1291,40500
1292,30692
1293,22804
1294,31022
1295,33937
1296,34399
1297,30547
1298,25693
1299,30938
1300,358649
1301,36046
1302,30635
1303,30200
1304,31702
1305,33625
1306,29369
1307,43251
1308,30788
1309,27280
1310,36222
1311,27115
1312,32576
1313,26371
1314,35987
1315,34191
1316,28781
1317,24590
1318,21676
1319,19358
1320,45128
1321,28953
1322,24744
1323,27220
1324,29767
1325,47553
1326,26533
1327,38273
1328,33541
1329,20533
1330,40052
1331,25052
1332,26197
1333,41080
1334,22949
1335,26411
1336,35295
1337,46014
1338,22864
1339,21906
1340,42861
1341,23128
1342,23466
1343,21393
1344,21604
1345,28411
1346,42248
1347,46316
1348,55555
1349,36510
1350,111611
1351,41162
1352,23743
1353,41417
1354,22386
1355,25329
1356,29254
1357,24460
1358,21761
1359,18801
1360,41265
1361,24331
1362,23451
1363,21801
1364,38777
1365,113856
1366,24177
1367,26577
1368,87093
1369,26183
1370,40380
1371,196992
1372,20102
1373,20009
1374,22062
1375,35662
1376,19527
1377,42893
1378,32979
1379,18655
1380,44565
1381,34285
1382,27585
1383,17424
1384,20451
1385,30356
1386,31459
1387,26670
1388,24871
1389,36834
1390,35841
1391,26257
1392,41519
1393,19536
1394,35557
1395,22471
1396,23606
1397,27090
1398,27193
1399,36401
1400,345848
1401,42294
1402,33565
1403,29405
1404,25836
1405,36300
1406,29147
1407,22639
1408,21019
1409,23956
1410,37264
1411,23150
1412,24874
1413,30028
1414,27801
1415,67044
1416,32117
1417,28215
1418,23755
1419,27815
1420,57399
1421,30454
1422,34412
1423,21847
1424,24852
1425,34627
1426,15447
1427,21498
1428,25517
1429,31247
1430,42180
1431,32924
1432,26643
1433,30679
1434,26306
1435,29750
1436,25908
1437,22511
1438,29991
1439,32755
1440,69081
1441,24137
1442,21330
1443,24166
1444,28698
1445,25806
1446,28136
1447,23778
1448,22343
1449,26251
1450,142377
1451,35400
1452,44706
1453,131062
1454,24499
1455,41849
1456,26596
1457,25402
1458,26435
1459,26166
1460,55671
1461,44538
1462,30363
1463,26906
1464,26805
1465,25581
1466,26134
1467,52110
1468,35735
1469,69280
1470,60545
1471,88273
1472,34662
1473,36073
1474,33604
1475,56455
1476,36153
1477,36910
1478,39064
1479,33380
1480,54360
1481,32758
1482,35259
1483,55447
1484,30264
1485,74767
1486,33252
1487,31208
1488,31841
1489,29290
1490,47296
1491,41906
1492,253516
1493,76896
1494,65000
1495,42962
1496,33027
1497,56818
1498,59216
1499,45447
1500,889576
1501,56990
1502,65899
1503,58104
1504,48095
1505,47048
1506,54042
1507,38986
1508,44655
1509,64889
1510,57601
1511,50490
1512,58449
1513,69421
1514,47868
1515,65532
1516,70351
1517,94433
1518,44068
1519,107127
1520,113716
1521,114407
1522,53029
1523,67196
1524,61452
1525,89565
1526,88569
1527,66524
1528,53649
1529,58606
1530,90748
1531,48143
1532,60043
1533,69226
1534,82447
1535,69775
1536,99335
1537,51896
1538,55233
1539,58842
1540,106817
1541,69995
1542,84885
1543,84407
1544,38004
1545,61701
1546,51554
1547,77789
1548,39081
1549,49783
1550,142519
1551,39112
1552,48436
1553,65049
1554,46190
1555,66865
1556,63009
1557,45165
1558,87121
1559,64983
1560,77647
1561,50233
1562,50253
1563,48405
1564,90516
1565,70269
1566,55391
1567,52880
1568,56922
1569,57621
1570,80402
1571,69849
1572,76137
1573,52165
1574,43473
1575,47817
1576,49857
1577,48547
1578,49976
1579,44210
1580,87038
1581,48808
1582,87161
1583,49839
1584,54908
1585,69778
1586,48634
1587,64181
1588,91266
1589,51497
1590,85231
1591,49106
1592,72036
1593,55561
1594,51229
1595,62048
1596,75136
1597,57033
1598,91520
1599,66032
1600,589550
1601,70984
1602,59559
1603,163213
1604,79507
1605,91412
1606,77503
1607,107530
1608,78939
1609,122817
1610,131426
1611,82809
1612,68139
1613,63301
1614,61288
1615,65341
1616,88762
1617,53451
1618,85589
1619,101317
1620,150404
1621,88690
1622,60590
1623,81033
1624,59948
1625,83700
1626,56427
1627,60888
1628,65781
1629,67671
1630,111989
1631,55542
1632,91596
1633,60010
1634,60150
1635,72107
1636,65624
1637,73401
1638,78471
1639,57837
1640,121941
1641,78636
1642,148380
1643,85845
1644,153357
1645,84421
1646,60021
1647,59966
1648,143343
1649,108574
1650,176503
1651,75193
1652,62030
1653,60788
1654,65719
1655,67660
1656,65974
1657,55120
1658,68478
1659,59428
1660,169353
1661,75767
1662,79276
1663,65184
1664,72547
1665,100103
1666,93699
1667,76164
1668,57128
1669,60245
1670,92751
1671,53685
1672,73266
1673,55116
1674,56284
1675,81115
1676,66453
1677,47483
1678,52049
1679,56814
1680,106020
1681,55343
1682,69823
1683,75422
1684,54090
1685,90286
1686,54094
1687,77564
1688,125023
1689,125357
1690,97026
1691,55004
1692,78442
1693,47579
1694,61580
1695,50214
1696,48764
1697,64715
1698,50244
1699,67175
1700,447743
1701,88973
1702,63828
1703,65118
1704,75001
1705,58770
1706,58395
1707,125709
1708,55742
1709,58496
1710,77718
1711,63700
1712,69075
1713,81509
1714,87896
1715,102309
1716,61512
1717,68215
1718,75626
1719,59840
1720,105552
1721,68613
1722,69371
1723,64616
1724,61761
1725,71195
1726,56819
1727,80939
1728,67019
1729,68131
1730,91326
1731,54046
1732,68338
1733,67847
1734,52153
1735,71062
1736,67799
1737,62327
1738,63553
1739,71824
1740,119967
1741,76478
1742,71999
1743,71604
1744,77498
1745,101713
1746,73001
1747,63941
1748,97993
1749,82072
1750,292145
1751,79626
1752,94157
1753,85186
1754,106894
1755,132064
1756,109017
1757,100701
1758,153655
1759,112317
1760,166656
1761,86304
1762,100482
1763,235234
1764,113880
1765,156436
1766,108378
1767,106422
1768,112592
1769,126913
1770,200172
1771,86129
1772,131211
1773,145401
1774,203960
1775,352860
1776,510142
1777,204265
1778,188073
1779,139761
1780,223676
1781,206695
1782,142248
1783,282985
1784,158516
1785,150748
1786,136491
1787,329017
1788,221114
1789,475250
1790,703191
1791,274221
1792,262345
1793,263634
1794,207864
1795,230556
1796,195741
1797,188761
1798,248054
1799,216472
1800,969556
1801,266332
1802,191656
1803,250662
1804,259977
1805,197614
1806,213822
1807,219929
1808,213143
1809,227426
1810,236901
1811,196200
1812,620451
1813,225617
1814,313801
1815,431865
1816,230691
1817,204957
1818,231272
1819,246767
1820,393795
1821,286781
1822,214268
1823,185395
1824,263923
1825,249766
1826,195122
1827,183360
1828,259862
1829,219384
1830,471194
1831,273559
1832,316101
1833,251627
1834,255816
1835,278446
1836,295965
1837,324634
1838,262297
1839,290789
1840,442162
1841,255372
1842,267864
1843,241509
1844,283254
1845,321502
1846,339627
1847,294509
1848,624948
1849,325173
1850,730091
1851,328730
1852,279793
1853,281178
1854,357514
1855,302146
1856,342405
1857,405869
1858,335417
1859,430404
1860,715485
1861,738119
1862,568997
1863,561375
1864,509419
1865,698570
1866,398228
1867,487937
1868,456699
1869,382839
1870,665504
1871,479591
1872,357713
1873,356471
1874,322546
1875,356163
1876,416620
1877,390742
1878,359512
1879,379387
1880,591770
1881,393748
1882,396325
1883,362022
1884,379282
1885,419134
1886,372120
1887,357509
1888,381797
1889,423408
1890,657198
1891,365432
1892,376695
1893,432988
1894,392808
1895,494455
1896,525449
1897,433481
1898,569838
1899,448502
1900,1339263
1901,598401
1902,498231
1903,520238
1904,515844
1905,713901
1906,596004
1907,529097
1908,587635
1909,506414
1910,797826
1911,733791
1912,773931
1913,975836
1914,1241773
1915,766079
1916,751701
1917,1150712
1918,1386064
1919,944454
1920,1224733
1921,686937
1922,667016
1923,609781
1924,606797
1925,598397
1926,515357
1927,548129
1928,594799
1929,806243
1930,1817704
1931,622827
1932,678765
1933,965313
1934,659700
1935,917453
1936,827397
1937,783846
1938,849286
1939,1287296
1940,2783944
1941,1334582
1942,1139143
1943,1013823
1944,1217796
1945,2029569
1946,823066
1947,982540
1948,1110429
1949,872834
1950,1372719
1951,670265
1952,725818
1953,780316
1954,752265
1955,738308
1956,824636
1957,814562
1958,817729
1959,830021
1960,1514426
1961,1004656
1962,990909
1963,1020769
1964,1156299
1965,1154676
1966,936103
1967,1162792
1968,1270414
1969,1204831
1970,1681489
1971,1152499
1972,1272831
1973,1271653
1974,1159753
1975,1329281
1976,1236915
1977,1134901
1978,1198788
1979,1480177
1980,1951139
1981,1296241
1982,1355012
1983,1333988
1984,1450722
1985,1494817
1986,1648877
1987,1600758
1988,1729332
1989,2074710
1990,2874025
1991,2399682
1992,2405687
1993,2303759
1994,2676437
1995,2832956
1996,3014167
1997,3212975
1998,3544863
1999,3734155
2000,6040957
2001,4542750
2002,4322149
2003,4863484
2004,5207164
2005,5875955
2006,6062425
2007,6940527
2008,7465725
2009,7174298
2010,7833745
2011,7803651
2012,8109970
2013,7595445
2014,6900371
2015,6332352
2016,5751067
2017,5310935
2018,4391418
2019,3448632
2020,3483097
2021,1828824
2022,850651
2023,85989
2024,84639
2025,230419
2026,40325
2027,31875
2028,32513
2029,36404
2030,522362
2031,17980
2032,17067
2033,16204
2034,15318
2035,68850
2036,22251
2037,12637
2038,17398
2039,9948
2040,105724
2041,21420
2042,10008
2043,7376
2044,10938
2045,32805
2046,11075
2047,15338
2048,74031
2049,12020
2050,595237
2051,10068
2052,11526
2053,7536
2054,7899
2055,14216
2056,7132
2057,6907
2058,6432
2059,6734
2060,44065
2061,21504
2062,6394
2063,9594
2064,5819
2065,11876
2066,6223
2067,6343
2068,8618
2069,8169
2070,34319
2071,8410
2072,6773
2073,5571
2074,5471
2075,12317
2076,6843
2077,7348
2078,5516
2079,6080
2080,31836
2081,8992
2082,4719
2083,6410
2084,5576
2085,7308
2086,4673
2087,5278
2088,5256
2089,5324
2090,13607
2091,5212
2092,4602
2093,5475
2094,5757
2095,7957
2096,5692
2097,4835
2098,5346
2099,13620
2100,318395
2101,8245
2102,6534
2103,7789
2104,7582
2105,16851
2106,7197
2107,6107
2108,6842
2109,6978
2110,10124
2111,8228
2112,12650
2113,15583
2114,5488
2115,9345
2116,6695
2117,10775
2118,6352
2119,6185
2120,7873
2121,6922
2122,13976
2123,8054
2124,6979
2125,8722
2126,7457
2127,5615
2128,9008
2129,5025
2130,9710
2131,13574
2132,4748
2133,8718
2134,8266
2135,7477
2136,5585
2137,5418
2138,10489
2139,7999
2140,10714
2141,6871
2142,5651
2143,6216
2144,5594
2145,5440
2146,4416
2147,10708
2148,16795
2149,5021
2150,20140
2151,7762
2152,8101
2153,7138
2154,8969
2155,6778
2156,7412
2157,5094
2158,4668
2159,4555
2160,17966
2161,6913
2162,4054
2163,5814
2164,12781
2165,9507
2166,5048
2167,5889
2168,4405
2169,5411
2170,7206
2171,3942
2172,5240
2173,4551
2174,18065
2175,6734
2176,4214
2177,4441
2178,3876
2179,3483
2180,8752
2181,9785
2182,5225
2183,4055
2184,4790
2185,4891
2186,4320
2187,5443
2188,4296
2189,4312
2190,6518
2191,4349
2192,5564
2193,5821
2194,4295
2195,5236
2196,5138
2197,4857
2198,3740
2199,10171
2200,102608
2201,6664
2202,7228
2203,6005
2204,6015
2205,8570
2206,4723
2207,6254
2208,4679
2209,4060
2210,7167
2211,6370
2212,6587
2213,5034
2214,6415
2215,7251
2216,4283
2217,7387
2218,7919
2219,4908
2220,8045
2221,5664
2222,16843
2223,8689
2224,7795
2225,8688
2226,4704
2227,5491
2228,5044
2229,7886
2230,8485
2231,5076
2232,4469
2233,5978
2234,4620
2235,4396
2236,7163
2237,5497
2238,4079
2239,3934
2240,10180
2241,4635
2242,4456
2243,4485
2244,5085
2245,5438
2246,5844
2247,4764
2248,4193
2249,5456
2250,22607
2251,7720
2252,4489
2253,4312
2254,6348
2255,6065
2256,6655
2257,5336
2258,5132
2259,6214
2260,7301
2261,5849
2262,3704
2263,3853
2264,5224
2265,5772
2266,5958
2267,8318
2268,7734
2269,5665
2270,7466
2271,4104
2272,4304
2273,6010
2274,3694
2275,5195
2276,4133
2277,5420
2278,4424
2279,13600
2280,5761
2281,5383
2282,4212
2283,4149
2284,4276
2285,5955
2286,4791
2287,6200
2288,4164
2289,3730
2290,4620
2291,4783
2292,4121
2293,5697
2294,3007
2295,4176
2296,4269
2297,3716
2298,4233
2299,4055
2300,90991
2301,6083
2302,4524
2303,4639
2304,6511
2305,10133
2306,4225
2307,163604
2308,4120
2309,4492
2310,7844
2311,8601
2312,6448
2313,4355
2314,4437
2315,4808
2316,3427
2317,4357
2318,3786
2319,12035
2320,6610
2321,4689
2322,6120
2323,5679
2324,4833
2325,15841
2326,5774
2327,4934
2328,5514
2329,4173
2330,10621
2331,4720
2332,4495
2333,8907
2334,9143
2335,4539
2336,4167
2337,10497
2338,4026
2339,3297
2340,8220
2341,4466
2342,4200
2343,4614
2344,4329
2345,19106
2346,4951
2347,6232
2348,5638
2349,5711
2350,17091
2351,4416
2352,4860
2353,4963
2354,4121
2355,4717
2356,4587
2357,4820
2358,3707
2359,4340
2360,5852
2361,4614
2362,4240
2363,3584
2364,5862
2365,5435
2366,5752
2367,6312
2368,6672
2369,9357
2370,9734
2371,9059
2372,8214
2373,8787
2374,6999
2375,9961
2376,6278
2377,5469
2378,5046
2379,4551
2380,5889
2381,4871
2382,3545
2383,4168
2384,3384
2385,4239
2386,3222
2387,3725
2388,3761
2389,3387
2390,4522
2391,3338
2392,4818
2393,3034
2394,2570
2395,3623
2396,4905
2397,4269
2398,3163
2399,4225
2400,105225
2401,6890
2402,4319
2403,5858
2404,4396
2405,3475
2406,3476
2407,4036
2408,3407
2409,4551
2410,4830
2411,3961
2412,5099
2413,4283
2414,3965
2415,4989
2416,3924
2417,3820
2418,3407
2419,4717
2420,5421
2421,4607
2422,12297
2423,3943
2424,5812
2425,12581
2426,5514
2427,5584
2428,3661
2429,3552
2430,5352
2431,3684
2432,3303
2433,4405
2434,3028
2435,6012
2436,3640
2437,3749
2438,4010
2439,3707
2440,6566
2441,3588
2442,3635
2443,3558
2444,4321
2445,4117
2446,3001
2447,3152
2448,4780
2449,3894
2450,13727
2451,8283
2452,2993
2453,3169
2454,3951
2455,4378
2456,3419
2457,3863
2458,6204
2459,3379
2460,7930
2461,4640
2462,3432
2463,3454
2464,3116
2465,5114
2466,5841
2467,3873
2468,4595
2469,3951
2470,4480
2471,4359
2472,3954
2473,3640
2474,3815
2475,6827
2476,3201
2477,4353
2478,5727
2479,2960
2480,5639
2481,3866
2482,3224
2483,3850
2484,4316
2485,3422
2486,5379
2487,3473
2488,3589
2489,3611
2490,5043
2491,3356
2492,3637
2493,2869
2494,5591
2495,3917
2496,3236
2497,4211
2498,3592
2499,4415
2500,312924
2501,7853
2502,3745
2503,3570
2504,3602
2505,3628
2506,5357
2507,3410
2508,4138
2509,3612
2510,7315
2511,4151
2512,4039
2513,4195
2514,5369
2515,3630
2516,3968
2517,3276
2518,3504
2519,3741
2520,9509
2521,7922
2522,4224
2523,3423
2524,3385
2525,8052
2526,4277
2527,6413
2528,4600
2529,3869
2530,4488
2531,3442
2532,4511
2533,3729
2534,3188
2535,4560
2536,3580
2537,4896
2538,2610
2539,2937
2540,6036
2541,4692
2542,2931
2543,3640
2544,3155
2545,3630
2546,2642
2547,4501
2548,4256
2549,2823
2550,11607
2551,4969
2552,5306
2553,5076
2554,4051
2555,4715
2556,3223
2557,3498
2558,7544
2559,3563
2560,15791
2561,3542
2562,3579
2563,3599
2564,3853
2565,3845
2566,4396
2567,4077
2568,2610
2569,2337
2570,4754
2571,3137
2572,2679
2573,3332
2574,2949
2575,7497
2576,3175
2577,2676
2578,2674
2579,2925
2580,4908
2581,3487
2582,2854
2583,4428
2584,3562
2585,4386
2586,2793
2587,2731
2588,3014
2589,5192
2590,3483
2591,3407
2592,3823
2593,3052
2594,2419
2595,3396
2596,2570
2597,4642
2598,3391
2599,4444
2600,90747
2601,5344
2602,4084
2603,3716
2604,2926
2605,3340
2606,3292
2607,3476
2608,3178
2609,3027
2610,4068
2611,4488
2612,2617
2613,6500
2614,3495
2615,3185
2616,6390
2617,3771
2618,3243
2619,2872
2620,4425
2621,3760
2622,2530
2623,3819
2624,2875
2625,5047
2626,4058
2627,3850
2628,4502
2629,5452
2630,8395
2631,3687
2632,2799
2633,2963
2634,2928
2635,3269
2636,2716
2637,4339
2638,2503
2639,2620
2640,5979
2641,2743
2642,3290
2643,2993
2644,2995
2645,3466
2646,3053
2647,3702
2648,3634
2649,3403
2650,11404
2651,3213
2652,3674
2653,2758
2654,2893
2655,2984
2656,5238
2657,2641
2658,2359
2659,2682
2660,5615
2661,3099
2662,2762
2663,3857
2664,5257
2665,3580
2666,5081
2667,4852
2668,2444
2669,2814
2670,4550
2671,3040
2672,4291
2673,3181
2674,2567
2675,4281
2676,2589
2677,3067
2678,2959
2679,3080
2680,5311
2681,2438
2682,2510
2683,3030
2684,2909
2685,2782
2686,8102
2687,2394
2688,3363
2689,2422
2690,4127
2691,2811
2692,2553
2693,5776
2694,2387
2695,2942
2696,2432
2697,5036
2698,4102
2699,6965
2700,68117
2701,4373
2702,3097
2703,3123
2704,3509
2705,3733
2706,2471
2707,4344
2708,2166
2709,3649
2710,3131
2711,3103
2712,3007
2713,2758
2714,2608
2715,2702
2716,3040
2717,2771
2718,2380
2719,2768
2720,4350
2721,2665
2722,3504
2723,2841
2724,2283
2725,3474
2726,2919
2727,5046
2728,3668
2729,4777
2730,4523
2731,3281
2732,3763
2733,3191
2734,2143
2735,2719
2736,3692
2737,4897
2738,2624
2739,2854
2740,3643
2741,5176
2742,2872
2743,2698
2744,6933
2745,4672
2746,2332
2747,2907
2748,2435
2749,2591
2750,13631
2751,2816
2752,3058
2753,4479
2754,2557
2755,3068
2756,2369
2757,2053
2758,3487
2759,2537
2760,3875
2761,3033
2762,2257
2763,2914
2764,2314
2765,4521
2766,2575
2767,2745
2768,2610
2769,2465
2770,4453
2771,5367
2772,3228
2773,2556
2774,2076
2775,4952
2776,2692
2777,3173
2778,2955
2779,2210
2780,3608
2781,2892
2782,2987
2783,2988
2784,2399
2785,2495
2786,2581
2787,3639
2788,2866
2789,2776
2790,3790
2791,2523
2792,2577
2793,2683
2794,2952
2795,2560
2796,3262
2797,2565
2798,1940
2799,2833
2800,63260
2801,4016
2802,2865
2803,2722
2804,2172
2805,3028
2806,3096
2807,3308
2808,5084
2809,2786
2810,3856
2811,3142
2812,3012
2813,3140
2814,2543
2815,2603
2816,2777
2817,3217
2818,3700
2819,2430
2820,4541
2821,3317
2822,5094
2823,2021
2824,2262
2825,2889
2826,2807
2827,2633
2828,3227
2829,3196
2830,5523
2831,3267
2832,4324
2833,3073
2834,2629
2835,3224
2836,7330
2837,2525
2838,2517
2839,2343
2840,3692
2841,4263
2842,2305
2843,2229
2844,3160
2845,2947
2846,1871
2847,2830
2848,2705
2849,2765
2850,8004
2851,2385
2852,3536
2853,2117
2854,2014
2855,2346
2856,2710
2857,3571
2858,2176
2859,3209
2860,3882
2861,2533
2862,2768
2863,2558
2864,2499
2865,3056
2866,2049
2867,3198
2868,2590
2869,3595
2870,3735
2871,2370
2872,3605
2873,3244
2874,2194
2875,6164
2876,1903
2877,2278
2878,2060
2879,3618
2880,9633
2881,2681
2882,2798
2883,2530
2884,2343
2885,3730
2886,2430
2887,2016
2888,2396
2889,2724
2890,5273
2891,3873
2892,2059
2893,2818
2894,2008
2895,2556
2896,3978
2897,2598
2898,2841
2899,2573
2900,35791
2901,3110
2902,2157
2903,3753
2904,2274
2905,2868
2906,2050
2907,3358
2908,2767
2909,8792
2910,3146
2911,3260
2912,3353
2913,3113
2914,2830
2915,3916
2916,3374
2917,2442
2918,2552
2919,2206
2920,8414
2921,3501
2922,2424
2923,2681
2924,2000
2925,3781
2926,2210
2927,2703
2928,2564
2929,3339
2930,3813
2931,4494
2932,2749
2933,4197
2934,2375
2935,2438
2936,2674
2937,2643
2938,2232
2939,2201
2940,3195
2941,3931
2942,2236
2943,2560
2944,3424
2945,2179
2946,2183
2947,2359
2948,2210
2949,1964
2950,6457
2951,2662
2952,2715
2953,2160
2954,2275
2955,2799
2956,1824
2957,2503
2958,9893
2959,2204
2960,4470
2961,2262
2962,1937
2963,2832
2964,2053
2965,2525
2966,8889
2967,2232
2968,1940
2969,2110
2970,2783
2971,2239
2972,2199
2973,2736
2974,2004
2975,2852
2976,2075
2977,2564
2978,1892
2979,2867
2980,3385
2981,2198
2982,2560
2983,2079
2984,2145
2985,2373
2986,2182
2987,2563
2988,2186
2989,2694
2990,3596
2991,2393
2992,2453
2993,2334
2994,2235
2995,3903
2996,2169
2997,3357
2998,2101
2999,7905
3000,682566
3001,9491
3002,5676
3003,5909
3004,4140
3005,3747
3006,4242
3007,3081
3008,4306
3009,3452
3010,6842
3011,3420
3012,3645
3013,3364
3014,2826
3015,3859
3016,3324
3017,3119
3018,4202
3019,5091
3020,5229
3021,3865
3022,3091
3023,3153
3024,3332
3025,4305
3026,2404
3027,2447
3028,2465
3029,2477
3030,6577
3031,3544
3032,5024
3033,3834
3034,3100
3035,3369
3036,2827
3037,2179
3038,2888
3039,3341
3040,5279
3041,2156
3042,2544
3043,3012
3044,2337
3045,2829
3046,2443
3047,2421
3048,8408
3049,2526
3050,7594
3051,2908
3052,2632
3053,2464
3054,3158
3055,3824
3056,2520
3057,2813
3058,2231
3059,2658
3060,3851
3061,2291
3062,2480
3063,1937
3064,1942
3065,2448
3066,3810
3067,2507
3068,3060
3069,2008
3070,3576
3071,2704
3072,7084
3073,2264
3074,2053
3075,2996
3076,2175
3077,5252
3078,1810
3079,3056
3080,4099
3081,2731
3082,2460
3083,3245
3084,2061
3085,2751
3086,2377
3087,2596
3088,2593
3089,2323
3090,4076
3091,2800
3092,2002
3093,2572
3094,1881
3095,3191
3096,2225
3097,1915
3098,1941
3099,5212
3100,49752
3101,4601
3102,9282
3103,3125
3104,3017
3105,3549
3106,2606
3107,2696
3108,3726
3109,13285
3110,4403
3111,3788
3112,3259
3113,5251
3114,9420
3115,4307
3116,2871
3117,2662
3118,2135
3119,2414
3120,4849
3121,4272
3122,3222
3123,3235
3124,2946
3125,10125
3126,2036
3127,2477
3128,4223
3129,2486
3130,4804
3131,3133
3132,3761
3133,4923
3134,3338
3135,2790
3136,3174
3137,2615
3138,4004
3139,2399
3140,3003
3141,4015
3142,3383
3143,2510
3144,2285
3145,3527
3146,2123
3147,4249
3148,2624
3149,1879
3150,11811
3151,2385
3152,2123
3153,2060
3154,1712
3155,2819
3156,3362
3157,1856
3158,1943
3159,2069
3160,2964
3161,3155
3162,3263
3163,2377
3164,2372
3165,2178
3166,20052
3167,2777
3168,5104
3169,2172
3170,2864
3171,4063
3172,2007
3173,2102
3174,2588
3175,2713
3176,1962
3177,2194
3178,1554
3179,2392
3180,3814
3181,2683
3182,3337
3183,2147
3184,2200
3185,2684
3186,1967
3187,1905
3188,1970
3189,2337
3190,2681
3191,2161
3192,2699
3193,1644
3194,1742
3195,2380
3196,1538
3197,2180
3198,2164
3199,2102
3200,84957
3201,11397
3202,2616
3203,2213
3204,2172
3205,3726
3206,2110
3207,4743
3208,2200
3209,2082
3210,4331
3211,4679
3212,2482
3213,3817
3214,2977
3215,2932
3216,2434
3217,2562
3218,4080
3219,2556
3220,3320
3221,2421
3222,2371
3223,4430
3224,2479
3225,3626
3226,2196
3227,3265
3228,2211
3229,1907
3230,3193
3231,2462
3232,3184
3233,7167
3234,3327
3235,2576
3236,2532
3237,1935
3238,2791
3239,2057
3240,3532
3241,2256
3242,2642
3243,2238
3244,2231
3245,2398
3246,2676
3247,1445
3248,2319
3249,2661
3250,7640
3251,1976
3252,2005
3253,1618
3254,2123
3255,2670
3256,2880
3257,2202
3258,2301
3259,2144
3260,4664
3261,2841
3262,1940
3263,2342
3264,2650
3265,2233
3266,2566
3267,2295
3268,2120
3269,1592
3270,7059
3271,1671
3272,1728
3273,1994
3274,1914
3275,2276
3276,2265
3277,2233
3278,2790
3279,1855
3280,4874
3281,2886
3282,2062
3283,1984
3284,1851
3285,2410
3286,2199
3287,2158
3288,1746
3289,2271
3290,2984
3291,2139
3292,1544
3293,3113
3294,1681
3295,2138
3296,2099
3297,2056
3298,1718
3299,2737
3300,48075
3301,4249
3302,2461
3303,3002
3304,2086
3305,4520
3306,6332
3307,2468
3308,1935
3309,2325
3310,4391
3311,3535
3312,2119
3313,2537
3314,2705
3315,2484
3316,1870
3317,1684
3318,1821
3319,2112
3320,2971
3321,2874
3322,4230
3323,2275
3324,3067
3325,2816
3326,2265
3327,3022
3328,2233
3329,1702
3330,4265
3331,2298
3332,2447
3333,21377
3334,3456
3335,4058
3336,4880
3337,2773
3338,2704
3339,3012
3340,4717
3341,1986
3342,1978
3343,2404
3344,3412
3345,2655
3346,2417
3347,1757
3348,1984
3349,2028
3350,8514
3351,2367
3352,2315
3353,2592
3354,8576
3355,2423
3356,2272
3357,2010
3358,1863
3359,2176
3360,5618
3361,2242
3362,2503
3363,1813
3364,1985
3365,2693
3366,3043
3367,2469
3368,2134
3369,1492
3370,3709
3371,2144
3372,3108
3373,2052
3374,1994
3375,2821
3376,2382
3377,2487
3378,2140
3379,2611
3380,2798
3381,2126
3382,2623
3383,1693
3384,1817
3385,1922
3386,4612
3387,1582
3388,2033
3389,40830
3390,47659
3391,2604
3392,1357
3393,4096
3394,1666
3395,2315
3396,1738
3397,1593
3398,2195
3399,2472
3400,34145
3401,2783
3402,4321
3403,1892
3404,2501
3405,2423
3406,3771
3407,2185
3408,1963
3409,2395
3410,3151
3411,2103
3412,3730
3413,2627
3414,2356
3415,2315
3416,1711
3417,2082
3418,2257
3419,2124
3420,4220
3421,2326
3422,2151
3423,1943
3424,1596
3425,2178
3426,1709
3427,1695
3428,2078
3429,2103
3430,3303
3431,2019
3432,2615
3433,2344
3434,2911
3435,4217
3436,3411
3437,2335
3438,2904
3439,2203
3440,3479
3441,2629
3442,2095
3443,2991
3444,2152
3445,3760
3446,1478
3447,2417
3448,2157
3449,1872
3450,5019
3451,1679
3452,1807
3453,1678
3454,2281
3455,2087
3456,7543
3457,1731
3458,2010
3459,1828
3460,2064
3461,1500
3462,1874
3463,1951
3464,2197
3465,2081
3466,1843
3467,1833
3468,2160
3469,1605
3470,3588
3471,1848
3472,7760
3473,1559
3474,2142
3475,2535
3476,3662
3477,2236
3478,1835
3479,1598
3480,3481
3481,2045
3482,1670
3483,1632
3484,2296
3485,2069
3486,1776
3487,1583
3488,2243
3489,1824
3490,3212
3491,1635
3492,1903
3493,1413
3494,1566
3495,4987
3496,1643
3497,1509
3498,1159
3499,1702
3500,154415
3501,3159
3502,1757
3503,2074
3504,1967
3505,2632
3506,2143
3507,1742
3508,2434
3509,1634
3510,2881
3511,2217
3512,2747
3513,2258
3514,15063
3515,2199
3516,2043
3517,1632
3518,1903
3519,1734
3520,3835
3521,2386
3522,1755
3523,1956
3524,1840
3525,2271
3526,1782
3527,2753
3528,2684
3529,1567
3530,2737
3531,2141
3532,2604
3533,1761
3534,2212
3535,2838
3536,2398
3537,3218
3538,2278
3539,1933
3540,2666
3541,1907
3542,2742
3543,1864
3544,1714
3545,2048
3546,1762
3547,2006
3548,1997
3549,1921
3550,5215
3551,2030
3552,1779
3553,2049
3554,1632
3555,2823
3556,1924
3557,1592
3558,2362
3559,1785
3560,2993
3561,1710
3562,1710
3563,1378
3564,1565
3565,1907
3566,2091
3567,1592
3568,3854
3569,1556
3570,2848
3571,2077
3572,1800
3573,1670
3574,1373
3575,1693
3576,2207
3577,1513
3578,1478
3579,1445
3580,2723
3581,1454
3582,1517
3583,2064
3584,3147
3585,1790
3586,1512
3587,1687
3588,2924
3589,1636
3590,2470
3591,2240
3592,1761
3593,1499
3594,1536
3595,1273
3596,1555
3597,2019
3598,1451
3599,1921
3600,91897
3601,2899
3602,2091
3603,4636
3604,2057
3605,1775
3606,1538
3607,1504
3608,1845
3609,1530
3610,2420
3611,2103
3612,1576
3613,1792
3614,1528
3615,2351
3616,1893
3617,1598
3618,1706
3619,1283
3620,2163
3621,2040
3622,1714
3623,2046
3624,2207
3625,1907
3626,1641
3627,3275
3628,2928
3629,1903
3630,2676
3631,2697
3632,2139
3633,2037
3634,1511
3635,1621
3636,3714
3637,1631
3638,2865
3639,2797
3640,2923
3641,3156
3642,7768
3643,1971
3644,1540
3645,1967
3646,1950
3647,1993
3648,2346
3649,1566
3650,6255
3651,2487
3652,1719
3653,1690
3654,1643
3655,2030
3656,1966
3657,1890
3658,2013
3659,1717
3660,2549
3661,1802
3662,1392
3663,1861
3664,2138
3665,1645
3666,2194
3667,2121
3668,1694
3669,1371
3670,2044
3671,1766
3672,1602
3673,1302
3674,1586
3675,3065
3676,2557
3677,1506
3678,1852
3679,1744
3680,2818
3681,1884
3682,1551
3683,1742
3684,1732
3685,1783
3686,1624
3687,1889
3688,1466
3689,1632
3690,2181
3691,1079
3692,1548
3693,1654
3694,1119
3695,1897
3696,1594
3697,1691
3698,1306
3699,1677
3700,25829
3701,2769
3702,2086
3703,2308
3704,1896
3705,2140
3706,2078
3707,1435
3708,1658
3709,1315
3710,3021
3711,2368
3712,1901
3713,1727
3714,1503
3715,1977
3716,1292
3717,2327
3718,2394
3719,2708
3720,2507
3721,2112
3722,2007
3723,1696
3724,2301
3725,1634
3726,1750
3727,3171
3728,1553
3729,2297
3730,3260
3731,1757
3732,6889
3733,3194
3734,1377
3735,2355
3736,1788
3737,2512
3738,2419
3739,2759
3740,4193
3741,1919
3742,1915
3743,1554
3744,2102
3745,2919
3746,1763
3747,2000
3748,3929
3749,1604
3750,8262
3751,1744
3752,1670
3753,4902
3754,3363
3755,2787
3756,1486
3757,1836
3758,10527
3759,1443
3760,4305
3761,3710
3762,1857
3763,1627
3764,1620
3765,1988
3766,1773
3767,1762
3768,1668
3769,1785
3770,2341
3771,3893
3772,1564
3773,3028
3774,1623
3775,2056
3776,1788
3777,2196
3778,1604
3779,1268
3780,2398
3781,1950
3782,1520
3783,1774
3784,1895
3785,2345
3786,1774
3787,1270
3788,1255
3789,1613
3790,2037
3791,4628
3792,1496
3793,1385
3794,1350
3795,1649
3796,1482
3797,2875
3798,1320
3799,1395
3800,28190
3801,3060
3802,1582
3803,1934
3804,1655
3805,1617
3806,2632
3807,1827
3808,1992
3809,1940
3810,3245
3811,1991
3812,1901
3813,1787
3814,1595
3815,1726
3816,1838
3817,1639
3818,1425
3819,2053
3820,6647
3821,1669
3822,1305
3823,1896
3824,1695
3825,2087
3826,1630
3827,2554
3828,2259
3829,1600
3830,2039
3831,1682
3832,1891
3833,2257
3834,1665
3835,2142
3836,1247
3837,1335
3838,1753
3839,1928
3840,8107
3841,3409
3842,2787
3843,1907
3844,2575
3845,2169
3846,2310
3847,8833
3848,1768
3849,1323
3850,5027
3851,1560
3852,3322
3853,1516
3854,1353
3855,1602
3856,1431
3857,3167
3858,1408
3859,2552
3860,1868
3861,1493
3862,1422
3863,1776
3864,1555
3865,1544
3866,1102
3867,1779
3868,1714
3869,1225
3870,3082
3871,1596
3872,2750
3873,1822
3874,1230
3875,2015
3876,1542
3877,1464
3878,1195
3879,1111
3880,2195
3881,2370
3882,1509
3883,1564
3884,1186
3885,2038
3886,1670
3887,1597
3888,3016
3889,1715
3890,2006
3891,1857
3892,2476
3893,1345
3894,1652
3895,1499
3896,1575
3897,4903
3898,1320
3899,2039
3900,16642
3901,2144
3902,1478
3903,1676
3904,1756
3905,1486
3906,1939
3907,1561
3908,1761
3909,1587
3910,2080
3911,1803
3912,1463
3913,1508
3914,1559
3915,1849
3916,1743
3917,1979
3918,1463
3919,1467
3920,2410
3921,1751
3922,1908
3923,2607
3924,1433
3925,1459
3926,1464
3927,2130
3928,2200
3929,1629
3930,1741
3931,3714
3932,3135
3933,2089
3934,1722
3935,1445
3936,1547
3937,5979
3938,1541
3939,2030
3940,3903
3941,2389
3942,1896
3943,1497
3944,1303
3945,7426
3946,1709
3947,1712
3948,1198
3949,2307
3950,3801
3951,1420
3952,1749
3953,1431
3954,1534
3955,1831
3956,2009
3957,1387
3958,1914
3959,3493
3960,3831
3961,1729
3962,1590
3963,2325
3964,1824
3965,1726
3966,1643
3967,1451
3968,1605
3969,1837
3970,1483
3971,1471
3972,2128
3973,1337
3974,1154
3975,2831
3976,1664
3977,1750
3978,2391
3979,2215
3980,1893
3981,1701
3982,2053
3983,1290
3984,1315
3985,1738
3986,4132
3987,2245
3988,1433
3989,1674
3990,2029
3991,1689
3992,2022
3993,1584
3994,1330
3995,1513
3996,2031
3997,1392
3998,2185
3999,4318
4000,431131
4001,5828
4002,3765
4003,2827
4004,34111
4005,3071
4006,2751
4007,3576
4008,4850
4009,2346
4010,3827
4011,3857
4012,2601
4013,2858
4014,3018
4015,2459
4016,3042
4017,4684
4018,9953
4019,1317
4020,18500
4021,2727
4022,2178
4023,1929
4024,1936
4025,2607
4026,1666
4027,5117
4028,1996
4029,2334
4030,3400
4031,2222
4032,2949
4033,2802
4034,1957
4035,1572
4036,1682
4037,1929
4038,3952
4039,7742
4040,6107
4041,2498
4042,3631
4043,2606
4044,2774
4045,2460
4046,3020
4047,2856
4048,1831
4049,4409
4050,4845
4051,15134
4052,1705
4053,2468
4054,1560
4055,1910
4056,1785
4057,2036
4058,2007
4059,1278
4060,3282
4061,1981
4062,1885
4063,1323
4064,1933
4065,2592
4066,2624
4067,4063
4068,1986
4069,1622
4070,2564
4071,1513
4072,2392
4073,1730
4074,1576
4075,2754
4076,1282
4077,1972
4078,1188
4079,3182
4080,2968
4081,6078
4082,1863
4083,1331
4084,1391
4085,2038
4086,1958
4087,2014
4088,4105
4089,1345
4090,2619
4091,1659
4092,2024
4093,1915
4094,3189
4095,7291
4096,68938
4097,2115
4098,3297
4099,2248
4100,16223
4101,3651
4102,3605
4103,11062
4104,2126
4105,2677
4106,1691
4107,2073
4108,1586
4109,1545
4110,2410
4111,3195
4112,1751
4113,1785
4114,1726
4115,2111
4116,2478
4117,1410
4118,1665
4119,1782
4120,3874
4121,5438
4122,3483
4123,2832
4124,1574
4125,2532
4126,1583
4127,2642
4128,2742
4129,4637
4130,3443
4131,1993
4132,2062
4133,1783
4134,1570
4135,3119
4136,1475
4137,1855
4138,1962
4139,2278
4140,4139
4141,2787
4142,4905
4143,3149
4144,2088
4145,1744
4146,1434
4147,1512
4148,1787
4149,1412
4150,3497
4151,4120
4152,1542
4153,1614
4154,1768
4155,1821
4156,1727
4157,2598
4158,1601
4159,3343
4160,7142
4161,8038
4162,1714
4163,1486
4164,1373
4165,2904
4166,2188
4167,3390
4168,1479
4169,3318
4170,1708
4171,2036
4172,2884
4173,1403
4174,1363
4175,2444
4176,1304
4177,1331
4178,3071
4179,4307
4180,3460
4181,2319
4182,1592
4183,1298
4184,2938
4185,2051
4186,3549
4187,1573
4188,1208
4189,1521
4190,1665
4191,2317
4192,1749
4193,1599
4194,1478
4195,1773
4196,1537
4197,2244
4198,1171
4199,1437
4200,31597
4201,2502
4202,3361
4203,1814
4204,1498
4205,2587
4206,1658
4207,1588
4208,1710
4209,1659
4210,2434
4211,1556
4212,1943
4213,1940
4214,3419
4215,2303
4216,1195
4217,6862
4218,1277
4219,1681
4220,2185
4221,2247
4222,2897
4223,1692
4224,1879
4225,2513
4226,2332
4227,1830
4228,1013
4229,1557
4230,2248
4231,2132
4232,1778
4233,1637
4234,1387
4235,1287
4236,9131
4237,1440
4238,1851
4239,1320
4240,2722
4241,1955
4242,3336
4243,1880
4244,4347
4245,2870
4246,1442
4247,1453
4248,1736
4249,6572
4250,4768
4251,2400
4252,1279
4253,1899
4254,1918
4255,1506
4256,1470
4257,1886
4258,4734
4259,1850
4260,2193
4261,3085
4262,1932
4263,1584
4264,1527
4265,1516
4266,1679
4267,2432
4268,1020
4269,4660
4270,2689
4271,2083
4272,1503
4273,1613
4274,1592
4275,1593
4276,1120
4277,2450
4278,1591
4279,1752
4280,1748
4281,1927
4282,1780
4283,1188
4284,1116
4285,1420
4286,2256
4287,1443
4288,1689
4289,1698
4290,1888
4291,2268
4292,3675
4293,1155
4294,1422
4295,2083
4296,1619
4297,922
4298,1605
4299,1446
4300,18413
4301,3632
4302,2932
4303,2111
4304,1509
4305,1779
4306,1494
4307,1692
4308,1423
4309,1117
4310,2415
4311,2116
4312,2586
4313,1400
4314,2257
4315,1916
4316,1123
4317,1712
4318,1286
4319,4909
4320,5233
4321,6757
4322,1996
4323,1564
4324,9763
4325,2386
4326,9036
4327,2907
4328,2570
4329,1582
4330,2145
4331,6086
4332,2527
4333,2323
4334,1725
4335,1529
4336,1667
4337,1882
4338,1956
4339,1538
4340,3387
4341,1625
4342,1939
4343,2197
4344,1823
4345,3133
4346,1786
4347,1432
4348,1485
4349,1337
4350,4305
4351,2055
4352,1666
4353,1102
4354,1314
4355,1294
4356,3382
4357,7383
4358,1611
4359,1204
4360,3704
4361,1885
4362,1581
4363,1756
4364,1446
4365,1907
4366,2502
4367,1379
4368,1642
4369,1491
4370,1511
4371,1870
4372,1733
4373,1279
4374,1789
4375,3326
4376,1075
4377,3074
4378,965
4379,1119
4380,2663
4381,3337
4382,1570
4383,1443
4384,1955
4385,1334
4386,1117
4387,1522
4388,3683
4389,1245
4390,1974
4391,2053
4392,1422
4393,1517
4394,1383
4395,2286
4396,1590
4397,1306
4398,3080
4399,1793
4400,19261
4401,2620
4402,2577
4403,2437
4404,2473
4405,2375
4406,3611
4407,1445
4408,1777
4409,1676
4410,2299
4411,3171
4412,1910
4413,1534
4414,3165
4415,1767
4416,1344
4417,1396
4418,1703
4419,5479
4420,2333
4421,1548
4422,5133
4423,1522
4424,1886
4425,1906
4426,2405
4427,1448
4428,1298
4429,1194
4430,2961
4431,1605
4432,1532
4433,2075
4434,1550
4435,3200
4436,2161
4437,1871
4438,2847
4439,1085
4440,2030
4441,1881
4442,1468
4443,3550
4444,8801
4445,2295
4446,2661
4447,1757
4448,2312
4449,2767
4450,3298
4451,1293
4452,1730
4453,2384
4454,1407
4455,2015
4456,1493
4457,1836
4458,1332
4459,1124
4460,1581
4461,1208
4462,1644
4463,1358
4464,1759
4465,1278
4466,1433
4467,1231
4468,1330
4469,1984
4470,2928
4471,1639
4472,2080
4473,1367
4474,1520
4475,1844
4476,1062
4477,1677
4478,1132
4479,1269
4480,2094
4481,1512
4482,1342
4483,1323
4484,3160
4485,1865
4486,1595
4487,1206
4488,2353
4489,1799
4490,2245
4491,1643
4492,1084
4493,2543
4494,1594
4495,1817
4496,1626
4497,1229
4498,1269
4499,1970
4500,84128
4501,2086
4502,1351
4503,1958
4504,1693
4505,1787
4506,1355
4507,1760
4508,1088
4509,1427
4510,2875
4511,2661
4512,1369
4513,2439
4514,4152
4515,1463
4516,2345
4517,1251
4518,1045
4519,1213
4520,2383
4521,1729
4522,3268
4523,1365
4524,1128
4525,1622
4526,2144
4527,1609
4528,1789
4529,1572
4530,2952
4531,1455
4532,1308
4533,1439
4534,1291
4535,1846
4536,2816
4537,1914
4538,1245
4539,1790
4540,1926
4541,1499
4542,1364
4543,2328
4544,1420
4545,3650
4546,1675
4547,2471
4548,1697
4549,1277
4550,3368
4551,1498
4552,1634
4553,1764
4554,1472
4555,2436
4556,1635
4557,2196
4558,2012
4559,1587
4560,3079
4561,1261
4562,1779
4563,1443
4564,1221
4565,4093
4566,1696
4567,8182
4568,1997
4569,1527
4570,2410
4571,2349
4572,1644
4573,1584
4574,1309
4575,1780
4576,2578
4577,1126
4578,1652
4579,2076
4580,1841
4581,1338
4582,1333
4583,1979
4584,918
4585,1769
4586,1411
4587,1251
4588,1334
4589,1443
4590,2414
4591,1013
4592,1407
4593,1614
4594,1922
4595,1258
4596,1210
4597,1203
4598,1764
4599,1382
4600,18198
4601,2155
4602,1766
4603,2262
4604,1057
4605,2004
4606,1272
4607,1617
4608,1986
4609,1244
4610,2469
4611,1427
4612,2401
4613,2321
4614,4070
4615,2616
4616,1589
4617,1505
4618,1279
4619,1186
4620,1987
4621,1251
4622,3086
4623,2215
4624,1571
4625,2165
4626,1384
4627,2377
4628,1381
4629,1383
4630,2172
4631,1787
4632,1909
4633,1322
4634,5809
4635,1331
4636,5835
4637,1653
4638,1180
4639,1413
4640,1669
4641,1762
4642,1959
4643,1135
4644,1244
4645,1136
4646,1959
4647,2734
4648,2762
4649,2456
4650,2866
4651,1981
4652,1288
4653,1200
4654,1553
4655,1887
4656,1441
4657,1282
4658,2356
4659,970
4660,2573
4661,1107
4662,1143
4663,1528
4664,1103
4665,1717
4666,3676
4667,1702
4668,1306
4669,1624
4670,1723
4671,1304
4672,1321
4673,6777
4674,1713
4675,2006
4676,1816
4677,1595
4678,1448
4679,1860
4680,2667
4681,1330
4682,2296
4683,1105
4684,2641
4685,1229
4686,1648
4687,4142
4688,1203
4689,1052
4690,2547
4691,1232
4692,1071
4693,1307
4694,1839
4695,1807
4696,2268
4697,1377
4698,1230
4699,1747
4700,17712
4701,2081
4702,1427
4703,2116
4704,1626
4705,1228
4706,1124
4707,1305
4708,1203
4709,2121
4710,1922
4711,2805
4712,2228
4713,5272
4714,2186
4715,2088
4716,1115
4717,1093
4718,1289
4719,1100
4720,1844
4721,1202
4722,1269
4723,1484
4724,1463
4725,2566
4726,1066
4727,1232
4728,1758
4729,1782
4730,1652
4731,1497
4732,1492
4733,1387
4734,1074
4735,1372
4736,1728
4737,1060
4738,1471
4739,1241
4740,1473
4741,1053
4742,1390
4743,1314
4744,1510
4745,1429
4746,1364
4747,2087
4748,976
4749,2131
4750,4387
4751,2031
4752,1637
4753,1591
4754,1771
4755,2588
4756,1531
4757,2509
4758,2384
4759,2068
4760,2766
4761,1528
4762,1543
4763,1116
4764,804
4765,1544
4766,1876
4767,1288
4768,971
4769,1765
4770,6952
4771,1878
4772,1671
4773,1798
4774,1507
4775,1359
4776,1248
4777,1623
4778,1235
4779,966
4780,2031
4781,1728
4782,1281
4783,1266
4784,1168
4785,1282
4786,1388
4787,1491
4788,1104
4789,1475
4790,1542
4791,1982
4792,1244
4793,1857
4794,948
4795,1225
4796,1185
4797,1265
4798,1113
4799,1533
4800,29637
4801,1713
4802,1152
4803,1172
4804,1366
4805,2067
4806,1240
4807,1364
4808,1079
4809,950
4810,2212
4811,1749
4812,1266
4813,952
4814,1397
4815,1200
4816,1176
4817,1307
4818,1200
4819,5377
4820,1654
4821,1262
4822,2168
4823,1292
4824,966
4825,1264
4826,1421
4827,2349
4828,1458
4829,1114
4830,1215
4831,1695
4832,1911
4833,1532
4834,961
4835,1880
4836,1162
4837,1303
4838,2023
4839,1290
4840,2402
4841,1178
4842,1635
4843,1093
4844,1264
4845,33377
4846,3542
4847,951
4848,1893
4849,1526
4850,4056
4851,1987
4852,1188
4853,1203
4854,1264
4855,1007
4856,909
4857,1141
4858,1125
4859,1179
4860,2730
4861,1600
4862,1897
4863,1294
4864,1476
4865,1235
4866,1469
4867,1285
4868,1106
4869,926
4870,1646
4871,1113
4872,2738
4873,1523
4874,1163
4875,1660
4876,1593
4877,1617
4878,1584
4879,1753
4880,2788
4881,1042
4882,1329
4883,1536
4884,1554
4885,3298
4886,1416
4887,2080
4888,1221
4889,3679
4890,1577
4891,863
4892,1195
4893,979
4894,1233
4895,1043
4896,1192
4897,1338
4898,1218
4899,2461
4900,10575
4901,1996
4902,1213
4903,1061
4904,1150
4905,1217
4906,1267
4907,1078
4908,921
4909,1485
4910,1779
4911,2404
4912,1310
4913,1110
4914,1014
4915,1722
4916,1335
4917,1326
4918,967
4919,1327
4920,1475
4921,2210
4922,1861
4923,1261
4924,1653
4925,1763
4926,1341
4927,1035
4928,1173
4929,1950
4930,1713
4931,1350
4932,2524
4933,1359
4934,1311
4935,926
4936,1697
4937,1144
4938,997
4939,2568
4940,1850
4941,1201
4942,1042
4943,913
4944,1255
4945,1740
4946,1115
4947,1641
4948,1311
4949,1742
4950,3312
4951,2400
4952,1832
4953,1277
4954,1285
4955,1448
4956,1671
4957,1112
4958,888
4959,1894
4960,1612
4961,1173
4962,1206
4963,1226
4964,1112
4965,916
4966,1338
4967,1115
4968,1549
4969,1212
4970,1924
4971,1407
4972,1079
4973,1063
4974,901
4975,1625
4976,912
4977,2179
4978,1568
4979,1058
4980,1522
4981,1158
4982,1118
4983,4926
4984,909
4985,1225
4986,1242
4987,1523
4988,1344
4989,1331
4990,2159
4991,1133
4992,1627
4993,4052
4994,1340
4995,1948
4996,1226
4997,1186
4998,1004
4999,3665
5000,534158
5001,6139
5002,3038
5003,2483
5004,2127
5005,4496
5006,2026
5007,2721
5008,1767
5009,1603
5010,3355
5011,4423
5012,1874
5013,1509
5014,1479
5015,1979
5016,1866
5017,2842
5018,1110
5019,1052
5020,2830
5021,1496
5022,1320
5023,1530
5024,1567
5025,1510
5026,2082
5027,2571
5028,1268
5029,1224
5030,4895
5031,1393
5032,1483
5033,1940
5034,1109
5035,1523
5036,1715
5037,1474
5038,1359
5039,1647
5040,6366
5041,1343
5042,1631
5043,968
5044,1366
5045,1523
5046,1526
5047,1726
5048,1328
5049,1190
5050,8413
5051,2443
5052,3393
5053,2573
5054,2070
5055,2543
5056,2032
5057,1270
5058,1188
5059,1165
5060,3867
5061,3152
5062,1956
5063,1687
5064,1107
5065,1110
5066,1488
5067,1689
5068,1620
5069,1494
5070,2402
5071,1112
5072,1380
5073,1188
5074,1420
5075,2594
5076,1463
5077,1240
5078,1497
5079,1078
5080,2049
5081,1410
5082,1163
5083,1627
5084,1501
5085,2109
5086,1200
5087,1055
5088,2008
5089,1582
5090,2967
5091,1123
5092,1020
5093,1306
5094,922
5095,1450
5096,1230
5097,1230
5098,1211
5099,1214
5100,24692
5101,1868
5102,2300
5103,1659
5104,1701
5105,1935
5106,1264
5107,1672
5108,1512
5109,1659
5110,2992
5111,2601
5112,1853
5113,1295
5114,2498
5115,1909
5116,1776
5117,1303
5118,1428
5119,1682
5120,5426
5121,1869
5122,1826
5123,1704
5124,1679
5125,2555
5126,1407
5127,1098
5128,3999
5129,1704
5130,1839
5131,1720
5132,1008
5133,1375
5134,1052
5135,1602
5136,979
5137,1167
5138,1972
5139,1560
5140,1853
5141,1466
5142,1245
5143,1415
5144,1448
5145,1872
5146,1227
5147,1273
5148,1204
5149,1250
5150,7548
5151,1899
5152,2137
5153,2330
5154,1641
5155,1859
5156,1138
5157,1466
5158,1360
5159,1212
5160,2706
5161,1481
5162,1265
5163,1266
5164,766
5165,1240
5166,1278
5167,1923
5168,958
5169,1151
5170,1247
5171,2263
5172,1329
5173,1872
5174,969
5175,1055
5176,1481
5177,1307
5178,1050
5179,1115
5180,1663
5181,1241
5182,1264
5183,1919
5184,2030
5185,1104
5186,1477
5187,1186
5188,1128
5189,1511
5190,1624
5191,1355
5192,8542
5193,5029
5194,11825
5195,3203
5196,988
5197,985
5198,1259
5199,1901
5200,20808
5201,2150
5202,1510
5203,1179
5204,1492
5205,1394
5206,1354
5207,1158
5208,1362
5209,1760
5210,2325
5211,1350
5212,1709
5213,1584
5214,1600
5215,1600
5216,1480
5217,1191
5218,1579
5219,875
5220,2853
5221,1394
5222,1659
5223,2108
5224,1350
5225,3891
5226,1095
5227,1445
5228,932
5229,1393
5230,1807
5231,1644
5232,1182
5233,1264
5234,1758
5235,1794
5236,1975
5237,1333
5238,1136
5239,1034
5240,2091
5241,2081
5242,1341
5243,1278
5244,989
5245,1510
5246,1638
5247,1528
5248,1840
5249,1235
5250,5640
5251,1721
5252,5435
5253,2297
5254,2032
5255,3353
5256,1327
5257,1266
5258,1550
5259,1368
5260,1732
5261,1613
5262,1661
5263,1425
5264,1108
5265,912
5266,2071
5267,1110
5268,1694
5269,1098
5270,1375
5271,1149
5272,1767
5273,1533
5274,2268
5275,1641
5276,917
5277,1119
5278,1551
5279,912
5280,14685
5281,2614
5282,1498
5283,1119
5284,915
5285,5155
5286,1092
5287,1233
5288,1234
5289,1013
5290,1740
5291,1824
5292,1484
5293,1373
5294,1742
5295,1266
5296,1539
5297,1082
5298,1235
5299,844
5300,16191
5301,2033
5302,1449
5303,1276
5304,1286
5305,1109
5306,1996
5307,1912
5308,1007
5309,2743
5310,1626
5311,1478
5312,1380
5313,1381
5314,1450
5315,1480
5316,1312
5317,1310
5318,1121
5319,1948
5320,2138
5321,2026
5322,1988
5323,1549
5324,1599
5325,2147
5326,1407
5327,1560
5328,1579
5329,1347
5330,1768
5331,1737
5332,1635
5333,2249
5334,2481
5335,1661
5336,1216
5337,1077
5338,1826
5339,1169
5340,1720
5341,2707
5342,1273
5343,1481
5344,1247
5345,2138
5346,1062
5347,7916
5348,1059
5349,1545
5350,2349
5351,1079
5352,1584
5353,2086
5354,1489
5355,2190
5356,2021
5357,1431
5358,1376
5359,1049
5360,1668
5361,1329
5362,1254
5363,1546
5364,1755
5365,1224
5366,1211
5367,1070
5368,1376
5369,1702
5370,1276
5371,2280
5372,1014
5373,1341
5374,1942
5375,1453
5376,1237
5377,1626
5378,992
5379,1019
5380,1728
5381,2819
5382,1397
5383,1377
5384,836
5385,1323
5386,1729
5387,1898
5388,1245
5389,2004
5390,1767
5391,1339
5392,1176
5393,1606
5394,1108
5395,1852
5396,1287
5397,1079
5398,1276
5399,1255
5400,19904
5401,2086
5402,2046
5403,1733
5404,1028
5405,1543
5406,1515
5407,1553
5408,2099
5409,1508
5410,1888
5411,1920
5412,1209
5413,1238
5414,1890
5415,2914
5416,1354
5417,1469
5418,1556
5419,1473
5420,1581
5421,1462
5422,2221
5423,2308
5424,1556
5425,1657
5426,1110
5427,1611
5428,1344
5429,1235
5430,2260
5431,1309
5432,3794
5433,1832
5434,1157
5435,1312
5436,1068
5437,3220
5438,1012
5439,2156
5440,1782
5441,1714
5442,1939
5443,2008
5444,1821
5445,1629
5446,1975
5447,1139
5448,1411
5449,1593
5450,2145
5451,1677
5452,1341
5453,1535
5454,2265
5455,2156
5456,2509
5457,1990
5458,1666
5459,1374
5460,1960
5461,2251
5462,1297
5463,2157
5464,1349
5465,2017
5466,1532
5467,1905
5468,1611
5469,1397
5470,1941
5471,1406
5472,5140
5473,1228
5474,1398
5475,1369
5476,1006
5477,1272
5478,1216
5479,2153
5480,1753
5481,1612
5482,1169
5483,1810
5484,786
5485,1409
5486,1967
5487,1213
5488,1385
5489,1164
5490,1427
5491,1651
5492,1323
5493,1613
5494,1584
5495,2025
5496,1224
5497,1451
5498,1088
5499,1365
5500,48965
5501,1904
5502,1402
5503,1645
5504,2303
5505,1894
5506,1246
5507,1866
5508,1625
5509,1786
5510,1943
5511,1570
5512,1730
5513,1425
5514,1392
5515,1968
5516,885
5517,1516
5518,1201
5519,1214
5520,3082
5521,2035
5522,1504
5523,1130
5524,963
5525,1754
5526,1249
5527,1630
5528,1166
5529,1477
5530,1630
5531,1363
5532,2150
5533,1468
5534,1280
5535,1825
5536,1300
5537,1484
5538,1127
5539,2683
5540,1376
5541,1143
5542,1093
5543,1253
5544,2033
5545,1906
5546,958
5547,1348
5548,2030
5549,1271
5550,3287
5551,4277
5552,1703
5553,1410
5554,1500
5555,9723
5556,2551
5557,2415
5558,1655
5559,1852
5560,2367
5561,2898
5562,1161
5563,1695
5564,1578
5565,2355
5566,2586
5567,1156
5568,2368
5569,1040
5570,1875
5571,1158
5572,1378
5573,1647
5574,1436
5575,1172
5576,1103
5577,2068
5578,1366
5579,1010
5580,2076
5581,1297
5582,1715
5583,1005
5584,1417
5585,1782
5586,1175
5587,1352
5588,1558
5589,1084
5590,1569
5591,1251
5592,1185
5593,1084
5594,1364
5595,3039
5596,1168
5597,1454
5598,2042
5599,1438
5600,19950
5601,2726
5602,1250
5603,1410
5604,1207
5605,1728
5606,1900
5607,1834
5608,1118
5609,1485
5610,1529
5611,1458
5612,2077
5613,987
5614,1474
5615,1139
5616,1275
5617,1258
5618,1519
5619,996
5620,1645
5621,1318
5622,1242
5623,1243
5624,1572
5625,5797
5626,1521
5627,1215
5628,903
5629,1017
5630,1651
5631,1412
5632,1682
5633,1481
5634,1267
5635,1481
5636,1582
5637,1493
5638,990
5639,1611
5640,1658
5641,3033
5642,1394
5643,1623
5644,1068
5645,1355
5646,6988
5647,1178
5648,897
5649,1156
5650,2720
5651,1255
5652,1522
5653,1151
5654,1398
5655,1728
5656,1534
5657,1303
5658,2455
5659,1396
5660,1825
5661,1295
5662,1185
5663,1322
5664,1847
5665,2178
5666,1296
5667,1499
5668,1644
5669,1586
5670,2694
5671,1480
5672,1591
5673,1268
5674,1582
5675,1700
5676,1502
5677,1442
5678,7881
5679,1311
5680,2156
5681,1168
5682,1777
5683,1486
5684,1196
5685,916
5686,1558
5687,1782
5688,1396
5689,1366
5690,1590
5691,1184
5692,1094
5693,1170
5694,1817
5695,1495
5696,1063
5697,3449
5698,1029
5699,2024
5700,15356
5701,2571
5702,2407
5703,1962
5704,1190
5705,1811
5706,857
5707,1687
5708,2829
5709,1253
5710,1758
5711,1239
5712,1972
5713,1434
5714,2139
5715,1393
5716,1578
5717,2205
5718,2542
5719,948
5720,1534
5721,1391
5722,1661
5723,1248
5724,1743
5725,2530
5726,961
5727,1961
5728,2127
5729,1707
5730,11640
5731,1507
5732,1088
5733,1507
5734,1955
5735,2002
5736,1310
5737,1334
5738,870
5739,1211
5740,2006
5741,2253
5742,1575
5743,1458
5744,1137
5745,1413
5746,1603
5747,1163
5748,1370
5749,1688
5750,3010
5751,3340
5752,1557
5753,2043
5754,1819
5755,2125
5756,1874
5757,3549
5758,2730
5759,2892
5760,6140
5761,3090
5762,2882
5763,3131
5764,3335
5765,4001
5766,2976
5767,3558
5768,4346
5769,3006
5770,4400
5771,3698
5772,16100
5773,3486
5774,4431
5775,4351
5776,3300
5777,4479
5778,5736
5779,3085
5780,4129
5781,2847
5782,1911
5783,1169
5784,1498
5785,1111
5786,1393
5787,1226
5788,1374
5789,2847
5790,1783
5791,1312
5792,1803
5793,5253
5794,1058
5795,1297
5796,1163
5797,1078
5798,1017
5799,1265
5800,15685
5801,4299
5802,1805
5803,1154
5804,1149
5805,1869
5806,1536
5807,2287
5808,1953
5809,1906
5810,1827
5811,1571
5812,1574
5813,1673
5814,1101
5815,1156
5816,1089
5817,1263
5818,1363
5819,1368
5820,1533
5821,1180
5822,2452
5823,1754
5824,1319
5825,1107
5826,1199
5827,1242
5828,1276
5829,1361
5830,1821
5831,1524
5832,1994
5833,2116
5834,1296
5835,1053
5836,801
5837,1033
5838,832
5839,1200
5840,3400
5841,1380
5842,1149
5843,1109
5844,1001
5845,1725
5846,1622
5847,1104
5848,1226
5849,2127
5850,2234
5851,1237
5852,1793
5853,1396
5854,1006
5855,1343
5856,1208
5857,1166
5858,1966
5859,1744
5860,2573
5861,1472
5862,1106
5863,831
5864,1512
5865,1092
5866,3447
5867,1604
5868,2251
5869,1354
5870,1890
5871,1234
5872,955
5873,996
5874,1401
5875,1564
5876,1516
5877,1294
5878,1227
5879,1111
5880,2324
5881,1326
5882,1464
5883,1197
5884,1492
5885,1136
5886,1051
5887,1345
5888,1809
5889,962
5890,2035
5891,1286
5892,1267
5893,1536
5894,1156
5895,1938
5896,993
5897,1973
5898,1134
5899,1194
5900,7917
5901,1777
5902,1214
5903,1472
5904,1125
5905,1810
5906,1658
5907,2702
5908,1112
5909,2195
5910,1506
5911,1599
5912,1100
5913,924
5914,1101
5915,1676
5916,1436
5917,1244
5918,1457
5919,1462
5920,1602
5921,1156
5922,1318
5923,1601
5924,1221
5925,1507
5926,1293
5927,1360
5928,1088
5929,1069
5930,2075
5931,2017
5932,1161
5933,817
5934,982
5935,1019
5936,1035
5937,1890
5938,1239
5939,1262
5940,2108
5941,1295
5942,1398
5943,1170
5944,1201
5945,932
5946,1894
5947,1261
5948,1128
5949,2199
5950,2014
5951,1576
5952,1282
5953,1253
5954,1353
5955,1776
5956,1274
5957,1059
5958,1131
5959,1924
5960,1432
5961,1781
5962,3034
5963,1334
5964,1650
5965,1235
5966,1093
5967,1465
5968,1496
5969,857
5970,2055
5971,1173
5972,1099
5973,1154
5974,1065
5975,1719
5976,1004
5977,1041
5978,1545
5979,1781
5980,1446
5981,1624
5982,1051
5983,1085
5984,1307
5985,1403
5986,952
5987,1657
5988,1326
5989,1055
5990,1597
5991,1476
5992,1574
5993,1183
5994,1118
5995,1209
5996,1560
5997,991
5998,992
5999,2060
6000,286054
6001,5704
6002,2390
6003,3094
6004,1705
6005,1786
6006,2523
6007,1372
6008,2271
6009,2062
6010,3044
6011,2763
6012,2313
6013,2341
6014,1278
6015,1547
6016,1847
6017,1307
6018,1319
6019,1353
6020,2862
6021,2326
6022,2920
6023,1385
6024,1229
6025,1789
6026,1239
6027,1251
6028,2104
6029,734
6030,1949
6031,1241
6032,1785
6033,1598
6034,1348
6035,1290
6036,1206
6037,1325
6038,722
6039,1210
6040,1756
6041,1356
6042,2456
6043,1085
6044,1171
6045,1705
6046,1082
6047,1245
6048,1755
6049,1534
6050,7730
6051,1677
6052,2484
6053,1444
6054,1221
6055,2224
6056,1551
6057,1199
6058,1163
6059,1204
6060,2850
6061,5943
6062,1980
6063,2334
6064,1212
6065,1242
6066,1474
6067,1377
6068,1002
6069,923
6070,1824
6071,1230
6072,1079
6073,1023
6074,986
6075,2046
6076,2285
6077,837
6078,1073
6079,1156
6080,3400
6081,904
6082,1262
6083,1251
6084,2187
6085,1372
6086,1230
6087,1182
6088,1387
6089,980
6090,1968
6091,1105
6092,1154
6093,2032
6094,1200
6095,1033
6096,1761
6097,1422
6098,865
6099,1545
6100,8941
6101,2408
6102,3193
6103,2217
6104,1162
6105,1512
6106,1542
6107,1470
6108,1294
6109,1627
6110,2057
6111,2762
6112,1328
6113,1149
6114,1228
6115,1524
6116,2016
6117,1226
6118,1567
6119,1074
6120,2306
6121,2059
6122,1207
6123,2498
6124,1746
6125,2319
6126,864
6127,1336
6128,3393
6129,1272
6130,1945
6131,1945
6132,1381
6133,1893
6134,1268
6135,1556
6136,1349
6137,1197
6138,1133
6139,1207
6140,1382
6141,1117
6142,865
6143,1714
6144,2167
6145,2068
6146,1058
6147,1123
6148,1612
6149,1140
6150,6081
6151,1514
6152,1456
6153,1131
6154,1771
6155,1323
6156,1706
6157,1184
6158,982
6159,891
6160,1954
6161,1262
6162,1590
6163,2297
6164,1877
6165,1613
6166,1975
6167,1198
6168,1064
6169,1555
6170,1451
6171,1002
6172,1149
6173,980
6174,3757
6175,1295
6176,1962
6177,1441
6178,960
6179,1047
6180,3086
6181,1253
6182,1646
6183,1080
6184,1167
6185,1248
6186,1330
6187,986
6188,1197
6189,1030
6190,1472
6191,1188
6192,1376
6193,1433
6194,1369
6195,1299
6196,1476
6197,1005
6198,1095
6199,1391
6200,11588
6201,1499
6202,1262
6203,4803
6204,1477
6205,1606
6206,1138
6207,1572
6208,1031
6209,1165
6210,2535
6211,1138
6212,1470
6213,1922
6214,2017
6215,1932
6216,1084
6217,1474
6218,991
6219,844
6220,2051
6221,3396
6222,1516
6223,2251
6224,1548
6225,1572
6226,1853
6227,1106
6228,1339
6229,1166
6230,2301
6231,1639
6232,1401
6233,1453
6234,1308
6235,1213
6236,1464
6237,3194
6238,1370
6239,850
6240,4551
6241,1581
6242,2342
6243,971
6244,1133
6245,989
6246,1533
6247,1177
6248,865
6249,1015
6250,4966
6251,2135
6252,1233
6253,1143
6254,1145
6255,921
6256,4623
6257,2123
6258,1457
6259,1223
6260,1551
6261,1532
6262,1834
6263,1191
6264,2420
6265,1795
6266,1384
6267,933
6268,1058
6269,1467
6270,1608
6271,1452
6272,2025
6273,5353
6274,1684
6275,1268
6276,1445
6277,1096
6278,2833
6279,1123
6280,1438
6281,1118
6282,1262
6283,1711
6284,1359
6285,1096
6286,885
6287,1082
6288,1315
6289,1082
6290,1065
6291,1643
6292,798
6293,946
6294,757
6295,853
6296,1155
6297,854
6298,1139
6299,1307
6300,11795
6301,1756
6302,2279
6303,1212
6304,1141
6305,1426
6306,1245
6307,697
6308,1081
6309,1395
6310,1571
6311,1237
6312,1357
6313,1056
6314,996
6315,1287
6316,892
6317,1166
6318,1099
6319,1048
6320,1603
6321,1500
6322,1039
6323,939
6324,1578
6325,1387
6326,1034
6327,963
6328,1397
6329,1014
6330,1382
6331,1453
6332,1493
6333,1733
6334,2265
6335,1371
6336,1412
6337,784
6338,835
6339,1533
6340,1396
6341,1152
6342,1095
6343,956
6344,1073
6345,1115
6346,1145
6347,1119
6348,10669
6349,1027
6350,2065
6351,1238
6352,1060
6353,976
6354,790
6355,1151
6356,1838
6357,3511
6358,977
6359,696
6360,1346
6361,16020
6362,1280
6363,1750
6364,966
6365,1896
6366,1843
6367,1799
6368,1134
6369,1403
6370,2714
6371,5962
6372,1161
6373,1346
6374,1575
6375,1500
6376,837
6377,1160
6378,5819
6379,1649
6380,1846
6381,749
6382,976
6383,1339
6384,1443
6385,813
6386,1311
6387,780
6388,1315
6389,913
6390,1111
6391,1026
6392,1309
6393,1106
6394,853
6395,1531
6396,1118
6397,4453
6398,1197
6399,1401
6400,23089
6401,1683
6402,1704
6403,1024
6404,1035
6405,1327
6406,1178
6407,1176
6408,1071
6409,3057
6410,2376
6411,1124
6412,1228
6413,982
6414,914
6415,1347
6416,1413
6417,1083
6418,1159
6419,1021
6420,1859
6421,1006
6422,1527
6423,1311
6424,1231
6425,1451
6426,1140
6427,699
6428,1141
6429,2824
6430,1460
6431,1243
6432,1194
6433,1770
6434,1410
6435,1363
6436,847
6437,967
6438,1044
6439,748
6440,1963
6441,1384
6442,942
6443,1300
6444,1224
6445,1330
6446,1300
6447,891
6448,1246
6449,1095
6450,2100
6451,839
6452,888
6453,1219
6454,1483
6455,1246
6456,1186
6457,884
6458,1044
6459,1217
6460,1538
6461,1209
6462,923
6463,1159
6464,1682
6465,1428
6466,1590
6467,1213
6468,932
6469,1129
6470,1012
6471,1689
6472,1149
6473,1121
6474,1143
6475,1296
6476,985
6477,1051
6478,1487
6479,641
6480,2061
6481,859
6482,883
6483,934
6484,1895
6485,818
6486,703
6487,1172
6488,1294
6489,1118
6490,1468
6491,1243
6492,797
6493,823
6494,2188
6495,1214
6496,1034
6497,1002
6498,1296
6499,783
6500,44008
6501,2450
6502,47928
6503,1250
6504,1529
6505,1865
6506,1371
6507,1929
6508,1157
6509,906
6510,3581
6511,2831
6512,1414
6513,1003
6514,1316
6515,1445
6516,1272
6517,787
6518,1245
6519,946
6520,2554
6521,748
6522,1856
6523,1239
6524,1002
6525,1404
6526,1292
6527,1121
6528,976
6529,939
6530,1581
6531,1177
6532,1501
6533,1103
6534,1292
6535,2095
6536,936
6537,1210
6538,1135
6539,718
6540,1191
6541,1058
6542,1231
6543,3139
6544,1026
6545,1419
6546,687
6547,738
6548,834
6549,833
6550,2577
6551,1023
6552,1134
6553,1134
6554,1114
6555,1782
6556,1312
6557,1022
6558,1000
6559,1267
6560,1620
6561,3079
6562,1637
6563,1828
6564,879
6565,1898
6566,1457
6567,1697
6568,1195
6569,1033
6570,1748
6571,819
6572,809
6573,1159
6574,1031
6575,1090
6576,1092
6577,919
6578,1953
6579,881
6580,1603
6581,1470
6582,845
6583,1916
6584,1343
6585,2070
6586,744
6587,909
6588,1111
6589,749
6590,1236
6591,860
6592,785
6593,813
6594,807
6595,710
6596,2056
6597,1033
6598,844
6599,947
6600,17736
6601,1304
6602,1059
6603,1243
6604,1330
6605,1493
6606,1190
6607,950
6608,916
6609,701
6610,1674
6611,2533
6612,1327
6613,3201
6614,1075
6615,798
6616,891
6617,893
6618,1063
6619,1240
6620,1800
6621,927
6622,1299
6623,1021
6624,1362
6625,1129
6626,866
6627,770
6628,618
6629,722
6630,1732
6631,832
6632,7424
6633,1438
6634,923
6635,911
6636,917
6637,659
6638,977
6639,849
6640,1345
6641,1161
6642,1863
6643,1374
6644,1136
6645,1145
6646,1170
6647,743
6648,1188
6649,1451
6650,1631
6651,921
6652,912
6653,1271
6654,751
6655,1945
6656,1395
6657,958
6658,712
6659,858
6660,1516
6661,1044
6662,940
6663,1325
6664,1155
6665,1425
6666,6012
6667,7776
6668,1608
6669,1143
6670,1602
6671,1770
6672,1260
6673,1935
6674,1291
6675,1022
6676,2007
6677,1437
6678,1329
6679,705
6680,2091
6681,865
6682,823
6683,694
6684,1085
6685,955
6686,1114
6687,894
6688,1021
6689,961
6690,1138
6691,899
6692,728
6693,899
6694,973
6695,903
6696,978
6697,1579
6698,881
6699,1434
6700,8305
6701,1362
6702,1022
6703,1009
6704,1599
6705,918
6706,881
6707,1630
6708,1496
6709,1845
6710,1828
6711,892
6712,1271
6713,976
6714,763
6715,1306
6716,901
6717,888
6718,1284
6719,969
6720,2231
6721,860
6722,1005
6723,1214
6724,1119
6725,1063
6726,2266
6727,1089
6728,804
6729,1366
6730,1598
6731,2290
6732,1042
6733,1070
6734,1246
6735,1435
6736,27617
6737,846
6738,1032
6739,781
6740,1210
6741,945
6742,1765
6743,980
6744,1704
6745,1516
6746,662
6747,2553
6748,1465
6749,2232
6750,3098
6751,2013
6752,2233
6753,899
6754,1103
6755,1176
6756,1024
6757,1620
6758,1103
6759,784
6760,1507
6761,963
6762,1081
6763,1826
6764,1048
6765,2049
6766,947
6767,1557
6768,1015
6769,1935
6770,1589
6771,1377
6772,1178
6773,1445
6774,1608
6775,985
6776,1214
6777,1509
6778,1109
6779,1630
6780,1108
6781,1122
6782,1362
6783,950
6784,1085
6785,1888
6786,1030
6787,1396
6788,734
6789,4527
6790,1234
6791,1651
6792,1034
6793,1077
6794,885
6795,1212
6796,738
6797,1104
6798,1043
6799,1100
6800,17775
6801,1666
6802,1202
6803,3504
6804,2046
6805,1276
6806,1371
6807,1025
6808,1394
6809,5638
6810,2655
6811,2311
6812,955
6813,1060
6814,1765
6815,937
6816,1004
6817,1585
6818,1061
6819,2354
6820,2003
6821,1170
6822,4682
6823,1615
6824,1070
6825,1677
6826,2005
6827,968
6828,762
6829,1134
6830,1305
6831,1125
6832,996
6833,1114
6834,1068
6835,859
6836,845
6837,1334
6838,894
6839,976
6840,1287
6841,1118
6842,1356
6843,890
6844,1154
6845,2111
6846,1294
6847,949
6848,1236
6849,833
6850,1985
6851,1943
6852,1123
6853,1015
6854,1770
6855,1480
6856,1104
6857,859
6858,985
6859,1558
6860,883
6861,1185
6862,687
6863,684
6864,1282
6865,958
6866,973
6867,669
6868,1998
6869,986
6870,1590
6871,894
6872,2801
6873,921
6874,956
6875,3423
6876,1035
6877,1322
6878,843
6879,2011
6880,1359
6881,1285
6882,1200
6883,1010
6884,1024
6885,1005
6886,1189
6887,1009
6888,2437
6889,1230
6890,1473
6891,1316
6892,1652
6893,838
6894,1822
6895,1149
6896,752
6897,822
6898,962
6899,769
6900,5625
6901,1301
6902,1258
6903,1077
6904,905
6905,1037
6906,1238
6907,1085
6908,491
6909,1484
6910,1832
6911,1441
6912,1220
6913,744
6914,1019
6915,1431
6916,1425
6917,1670
6918,1570
6919,804
6920,1748
6921,1009
6922,1492
6923,1013
6924,1864
6925,1199
6926,743
6927,990
6928,978
6929,938
6930,2015
6931,1310
6932,901
6933,1207
6934,1594
6935,1349
6936,973
6937,1123
6938,885
6939,2500
6940,1559
6941,2094
6942,1055
6943,773
6944,1150
6945,851
6946,3532
6947,1044
6948,817
6949,738
6950,1540
6951,1233
6952,921
6953,618
6954,1151
6955,1061
6956,854
6957,703
6958,840
6959,1145
6960,1903
6961,965
6962,955
6963,1079
6964,802
6965,1702
6966,751
6967,896
6968,2628
6969,1156
6970,1766
6971,1062
6972,1353
6973,1047
6974,995
6975,1030
6976,2377
6977,1389
6978,649
6979,1548
6980,1265
6981,1341
6982,1152
6983,1083
6984,1448
6985,1074
6986,960
6987,884
6988,956
6989,2861
6990,1380
6991,1062
6992,1581
6993,1027
6994,877
6995,2328
6996,1946
6997,852
6998,1163
6999,1571
7000,174558
7001,4327
7002,1991
7003,1462
7004,1650
7005,1753
7006,4385
7007,9924
7008,1860
7009,2287
7010,2530
7011,3687
7012,2057
7013,1053
7014,1274
7015,2811
7016,1088
7017,2238
7018,2500
7019,1028
7020,4517
7021,2027
7022,1984
7023,1905
7024,1618
7025,1609
7026,1787
7027,3274
7028,1399
7029,1436
7030,4011
7031,1443
7032,965
7033,965
7034,3713
7035,1119
7036,3198
7037,3041
7038,1146
7039,1261
7040,2689
7041,1643
7042,1639
7043,1609
7044,2423
7045,1238
7046,1131
7047,1076
7048,1075
7049,1387
7050,2253
7051,1291
7052,1751
7053,1273
7054,1341
7055,1622
7056,1409
7057,1297
7058,1531
7059,1284
7060,1620
7061,1370
7062,1251
7063,1926
7064,1372
7065,1165
7066,1083
7067,754
7068,1298
7069,1338
7070,3266
7071,5064
7072,1824
7073,1133
7074,1080
7075,4950
7076,1112
7077,2076
7078,1688
7079,1351
7080,2228
7081,1070
7082,1453
7083,2235
7084,1538
7085,1417
7086,702
7087,1063
7088,1236
7089,1219
7090,8061
7091,2110
7092,1403
7093,961
7094,6045
7095,1126
7096,1237
7097,872
7098,1135
7099,3064
7100,11399
7101,1713
7102,2252
7103,1810
7104,1649
7105,1304
7106,1658
7107,1309
7108,1438
7109,1226
7110,3419
7111,1816
7112,1478
7113,1378
7114,1036
7115,869
7116,1089
7117,1987
7118,869
7119,1439
7120,2760
7121,1704
7122,1282
7123,1878
7124,1274
7125,1431
7126,2682
7127,1008
7128,1241
7129,1321
7130,1362
7131,1808
7132,964
7133,1537
7134,2781
7135,1336
7136,4638
7137,1992
7138,868
7139,2388
7140,1518
7141,3787
7142,1555
7143,1635
7144,964
7145,1519
7146,5140
7147,845
7148,1677
7149,676
7150,2839
7151,1327
7152,1802
7153,2321
7154,1333
7155,1490
7156,1957
7157,802
7158,1123
7159,1302
7160,1630
7161,1112
7162,988
7163,1261
7164,1576
7165,1326
7166,1532
7167,18746
7168,1466
7169,930
7170,1454
7171,2300
7172,2058
7173,1494
7174,1500
7175,1003
7176,1954
7177,1218
7178,1450
7179,814
7180,1575
7181,1871
7182,1474
7183,1988
7184,900
7185,3227
7186,1697
7187,933
7188,1620
7189,1153
7190,5813
7191,978
7192,1198
7193,1158
7194,1104
7195,2523
7196,1117
7197,785
7198,1081
7199,1387
7200,22357
7201,1787
7202,1912
7203,1465
7204,2031
7205,1172
7206,2073
7207,1550
7208,1478
7209,1419
7210,1338
7211,1226
7212,970
7213,1029
7214,1754
7215,1419
7216,6736
7217,907
7218,1156
7219,1204
7220,1793
7221,1281
7222,1698
7223,1489
7224,1138
7225,1731
7226,954
7227,1436
7228,1259
7229,1011
7230,1812
7231,1705
7232,1411
7233,2435
7234,2071
7235,1434
7236,1458
7237,939
7238,1027
7239,863
7240,1348
7241,1185
7242,1283
7243,2060
7244,1531
7245,1336
7246,1600
7247,1121
7248,1142
7249,919
7250,2389
7251,968
7252,1845
7253,1051
7254,1067
7255,1131
7256,2081
7257,949
7258,1516
7259,689
7260,1490
7261,1452
7262,1428
7263,1320
7264,1149
7265,1154
7266,1392
7267,898
7268,968
7269,919
7270,1292
7271,955
7272,2594
7273,1415
7274,1377
7275,1432
7276,1789
7277,2199
7278,1054
7279,1113
7280,1904
7281,1169
7282,1191
7283,935
7284,1312
7285,1073
7286,917
7287,1046
7288,1418
7289,2945
7290,1733
7291,1090
7292,1348
7293,2281
7294,1088
7295,1704
7296,970
7297,1670
7298,1202
7299,934
7300,8073
7301,1668
7302,2567
7303,1464
7304,1226
7305,2254
7306,1254
7307,1507
7308,1081
7309,894
7310,1662
7311,1073
7312,1015
7313,665
7314,977
7315,1069
7316,1177
7317,1068
7318,848
7319,1897
7320,2996
7321,1345
7322,1490
7323,1556
7324,1190
7325,2221
7326,6401
7327,1281
7328,880
7329,1277
7330,1638
7331,2919
7332,739
7333,1990
7334,1868
7335,1269
7336,1132
7337,1529
7338,965
7339,886
7340,1907
7341,933
7342,871
7343,793
7344,1014
7345,1108
7346,1185
7347,1199
7348,1357
7349,829
7350,1811
7351,1252
7352,1041
7353,774
7354,912
7355,1308
7356,2067
7357,1340
7358,1220
7359,885
7360,2418
7361,1511
7362,906
7363,801
7364,1117
7365,1121
7366,1352
7367,1037
7368,1011
7369,1157
7370,1941
7371,1629
7372,1197
7373,1760
7374,1238
7375,1737
7376,996
7377,1394
7378,2267
7379,740
7380,1787
7381,2047
7382,2404
7383,887
7384,1456
7385,1356
7386,1329
7387,1638
7388,1503
7389,801
7390,1900
7391,3313
7392,1303
7393,2909
7394,1219
7395,852
7396,1312
7397,868
7398,785
7399,905
7400,11267
7401,1560
7402,1961
7403,1676
7404,2740
7405,1633
7406,1012
7407,1765
7408,3412
7409,1034
7410,1821
7411,1438
7412,1095
7413,1094
7414,1826
7415,870
7416,1098
7417,984
7418,703
7419,702
7420,1642
7421,2363
7422,1648
7423,907
7424,1589
7425,5596
7426,962
7427,1062
7428,583
7429,1746
7430,1386
7431,1314
7432,6011
7433,1331
7434,1543
7435,1212
7436,1282
7437,855
7438,944
7439,1949
7440,5810
7441,1089
7442,829
7443,770
7444,1346
7445,1096
7446,2345
7447,2235
7448,1288
7449,1030
7450,2026
7451,2164
7452,995
7453,1837
7454,1097
7455,1249
7456,3489
7457,1087
7458,3689
7459,1078
7460,1265
7461,822
7462,1209
7463,1608
7464,1013
7465,1134
7466,726
7467,931
7468,1111
7469,998
7470,1735
7471,1119
7472,1340
7473,851
7474,1847
7475,2640
7476,1432
7477,886
7478,1778
7479,1174
7480,1602
7481,1574
7482,969
7483,1028
7484,2508
7485,1287
7486,4101
7487,2285
7488,1513
7489,1493
7490,1744
7491,1347
7492,1204
7493,1070
7494,1042
7495,1111
7496,938
7497,970
7498,1430
7499,2121
7500,43501
7501,1394
7502,1231
7503,3949
7504,1170
7505,919
7506,8501
7507,1029
7508,551
7509,3650
7510,1288
7511,1488
7512,1175
7513,1936
7514,1431
7515,1092
7516,2416
7517,1058
7518,993
7519,2024
7520,1407
7521,1128
7522,1065
7523,965
7524,3613
7525,1775
7526,1103
7527,979
7528,1257
7529,979
7530,1374
7531,1224
7532,773
7533,1431
7534,1100
7535,1112
7536,1101
7537,1256
7538,2475
7539,858
7540,1577
7541,1106
7542,947
7543,1464
7544,872
7545,736
7546,6278
7547,859
7548,1005
7549,911
7550,1924
7551,1513
7552,1011
7553,1300
7554,12215
7555,1829
7556,867
7557,925
7558,751
7559,1092
7560,1253
7561,817
7562,1238
7563,715
7564,908
7565,1034
7566,2895
7567,1203
7568,937
7569,620
7570,1177
7571,945
7572,790
7573,666
7574,710
7575,2129
7576,869
7577,1318
7578,775
7579,1014
7580,3242
7581,844
7582,1014
7583,841
7584,730
7585,947
7586,882
7587,1360
7588,1176
7589,2112
7590,1565
7591,2317
7592,1251
7593,995
7594,1389
7595,916
7596,593
7597,799
7598,765
7599,1031
7600,11097
7601,1524
7602,1033
7603,3031
7604,1503
7605,996
7606,3182
7607,2685
7608,1256
7609,1076
7610,4401
7611,2150
7612,883
7613,7425
7614,3518
7615,974
7616,1120
7617,814
7618,1938
7619,3719
7620,1168
7621,1050
7622,1073
7623,1120
7624,1441
7625,1573
7626,972
7627,1160
7628,853
7629,838
7630,1017
7631,1122
7632,1976
7633,1010
7634,1943
7635,1793
7636,1081
7637,5682
7638,830
7639,1074
7640,1304
7641,2679
7642,726
7643,3917
7644,825
7645,2220
7646,1381
7647,1591
7648,1472
7649,975
7650,1821
7651,898
7652,1468
7653,1729
7654,1713
7655,689
7656,3027
7657,924
7658,1812
7659,983
7660,1520
7661,2496
7662,1188
7663,1070
7664,1893
7665,1046
7666,995
7667,2291
7668,1548
7669,1038
7670,847
7671,1900
7672,868
7673,821
7674,1676
7675,773
7676,1501
7677,1007
7678,1719
7679,2795
7680,3012
7681,1628
7682,844
7683,936
7684,815
7685,1070
7686,897
7687,2541
7688,910
7689,1139
7690,1242
7691,762
7692,3047
7693,736
7694,807
7695,2138
7696,1990
7697,812
7698,1169
7699,674
7700,9447
7701,2741
7702,1457
7703,678
7704,1074
7705,1147
7706,702
7707,1065
7708,1107
7709,1167
7710,2037
7711,1810
7712,1279
7713,1298
7714,1617
7715,1218
7716,1229
7717,14026
7718,854
7719,1120
7720,1208
7721,993
7722,2350
7723,1226
7724,872
7725,1218
7726,1325
7727,1397
7728,1030
7729,1176
7730,2120
7731,576
7732,1036
7733,1237
7734,3000
7735,3942
7736,964
7737,1196
7738,869
7739,734
7740,1228
7741,845
7742,1434
7743,1262
7744,982
7745,1673
7746,818
7747,1293
7748,3308
7749,1221
7750,1625
7751,791
7752,799
7753,1727
7754,746
7755,1384
7756,899
7757,1213
7758,1429
7759,1435
7760,1425
7761,925
7762,886
7763,681
7764,1295
7765,818
7766,1316
7767,993
7768,976
7769,780
7770,1406
7771,1332
7772,829
7773,907
7774,1065
7775,1045
7776,1933
7777,6914
7778,2012
7779,1388
7780,1214
7781,963
7782,2190
7783,1353
7784,812
7785,843
7786,1066
7787,1171
7788,1914
7789,1330
7790,1238
7791,1060
7792,750
7793,1661
7794,840
7795,1372
7796,743
7797,704
7798,598
7799,2213
7800,10832
7801,1122
7802,1260
7803,3245
7804,569
7805,10875
7806,1264
7807,629
7808,1455
7809,1030
7810,1810
7811,897
7812,3382
7813,996
7814,1292
7815,1042
7816,2035
7817,8431
7818,1698
7819,843
7820,940
7821,863
7822,1401
7823,601
7824,1520
7825,1987
7826,780
7827,1614
7828,796
7829,860
7830,786
7831,879
7832,665
7833,1316
7834,785
7835,905
7836,1566
7837,885
7838,891
7839,857
7840,1250
7841,736
7842,479
7843,945
7844,1780
7845,862
7846,604
7847,884
7848,1277
7849,579
7850,1919
7851,696
7852,778
7853,1269
7854,2775
7855,808
7856,651
7857,832
7858,1559
7859,586
7860,1492
7861,1772
7862,951
7863,1597
7864,6323
7865,943
7866,1569
7867,2184
7868,1325
7869,1835
7870,1128
7871,651
7872,1460
7873,955
7874,1257
7875,1065
7876,2591
7877,819
7878,1498
7879,1384
7880,1134
7881,1645
7882,1084
7883,900
7884,980
7885,1620
7886,825
7887,978
7888,1887
7889,776
7890,4274
7891,775
7892,1135
7893,959
7894,2425
7895,592
7896,839
7897,1340
7898,655
7899,1230
7900,5447
7901,1253
7902,1068
7903,3019
7904,790
7905,1229
7906,1033
7907,789
7908,1034
7909,1595
7910,2081
7911,751
7912,1307
7913,1288
7914,6354
7915,1839
7916,1122
7917,1402
7918,1038
7919,1021
7920,3297
7921,1052
7922,1961
7923,8179
7924,1238
7925,1854
7926,1106
7927,785
7928,754
7929,569
7930,1297
7931,1184
7932,724
7933,1323
7934,676
7935,1128
7936,1193
7937,803
7938,1124
7939,849
7940,900
7941,1212
7942,1471
7943,728
7944,922
7945,790
7946,1093
7947,611
7948,606
7949,573
7950,1745
7951,642
7952,768
7953,557
7954,1082
7955,690
7956,770
7957,823
7958,684
7959,794
7960,1086
7961,776
7962,767
7963,591
7964,542
7965,783
7966,1019
7967,2004
7968,1003
7969,593
7970,1414
7971,994
7972,674
7973,1412
7974,1699
7975,661
7976,2016
7977,835
7978,618
7979,1733
7980,2240
7981,1406
7982,650
7983,571
7984,714
7985,666
7986,590
7987,638
7988,597
7989,710
7990,1204
7991,802
7992,828
7993,875
7994,977
7995,1036
7996,567
7997,664
7998,7772
7999,1745
8000,211354
8001,4178
8002,1989
8003,1605
8004,1340
8005,1583
8006,2637
8007,2462
8008,17892
8009,2132
8010,4143
8011,1179
8012,1272
8013,874
8014,10833
8015,871
8016,1068
8017,986
8018,18688
8019,1070
8020,6420
8021,3435
8022,1664
8023,1128
8024,1119
8025,1597
8026,1117
8027,2232
8028,5062
8029,1197
8030,1406
8031,3065
8032,5265
8033,1466
8034,1266
8035,1479
8036,1507
8037,1220
8038,3536
8039,1898
8040,1780
8041,1104
8042,1397
8043,851
8044,1206
8045,730
8046,952
8047,10675
8048,3900
8049,912
8050,6803
8051,32629
8052,3528
8053,7443
8054,1325
8055,1739
8056,759
8057,1777
8058,4302
8059,925
8060,1198
8061,6370
8062,1483
8063,1021
8064,1342
8065,1831
8066,1077
8067,780
8068,774
8069,2004
8070,3139
8071,2490
8072,837
8073,872
8074,1014
8075,9472
8076,838
8077,1042
8078,5279
8079,811
8080,56190
8081,2345
8082,1754
8083,2598
8084,1210
8085,23492
8086,59371
8087,10226
8088,24714
8089,2735
8090,2927
8091,1787
8092,1201
8093,1449
8094,1402
8095,1081
8096,1300
8097,561
8098,751
8099,1664
8100,7331
8101,2045
8102,1178
8103,1217
8104,1141
8105,869
8106,1220
8107,654
8108,4649
8109,4107
8110,1698
8111,2248
8112,962
8113,1667
8114,1002
8115,901
8116,808
8117,3079
8118,2068
8119,1320
8120,1769
8121,1018
8122,5123
8123,1500
8124,971
8125,2789
8126,3359
8127,767
8128,2484
8129,2944
8130,3254
8131,3416
8132,1168
8133,4868
8134,977
8135,4587
8136,980
8137,7733
8138,2392
8139,2090
8140,1604
8141,1086
8142,1203
8143,1541
8144,1326
8145,854
8146,1420
8147,5039
8148,590
8149,842
8150,1450
8151,1460
8152,1102
8153,7968
8154,1173
8155,1986
8156,2268
8157,1505
8158,1044
8159,857
8160,7893
8161,1373
8162,1007
8163,793
8164,782
8165,3662
8166,4708
8167,1301
8168,903
8169,801
8170,962
8171,1049
8172,798
8173,2129
8174,909
8175,688
8176,3424
8177,1079
8178,650
8179,1895
8180,1129
8181,1890
8182,1447
8183,1106
8184,1618
8185,787
8186,1206
8187,605
8188,1126
8189,816
8190,1535
8191,2919
8192,70503
8193,1089
8194,1667
8195,1511
8196,1367
8197,739
8198,848
8199,914
8200,10006
8201,1903
8202,1228
8203,2742
8204,2163
8205,6217
8206,3208
8207,830
8208,1141
8209,922
8210,2386
8211,7832
8212,5646
8213,3524
8214,1329
8215,880
8216,3228
8217,32355
8218,5010
8219,601
8220,11549
8221,16173
8222,1735
8223,4823
8224,1136
8225,1867
8226,2823
8227,662
8228,2507
8229,1553
8230,4373
8231,799
8232,1792
8233,1025
8234,1058
8235,1165
8236,867
8237,1611
8238,1383
8239,1934
8240,3092
8241,1431
8242,1455
8243,1131
8244,918
8245,904
8246,758
8247,7401
8248,7152
8249,886
8250,4726
8251,1508
8252,2449
8253,2440
8254,2313
8255,16464
8256,1537
8257,1189
8258,2118
8259,3823
8260,1724
8261,1261
8262,1883
8263,2865
8264,4509
8265,1538
8266,1436
8267,837
8268,597
8269,799
8270,1083
8271,798
8272,802
8273,952
8274,1288
8275,996
8276,1690
8277,558
8278,992
8279,3155
8280,1115
8281,978
8282,2117
8283,921
8284,2250
8285,1073
8286,2979
8287,967
8288,1946
8289,1204
8290,1449
8291,686
8292,824
8293,978
8294,624
8295,1457
8296,532
8297,778
8298,856
8299,832
8300,6478
8301,1972
8302,810
8303,1261
8304,849
8305,1071
8306,1687
8307,735
8308,1812
8309,935
8310,1366
8311,1551
8312,6378
8313,1593
8314,1392
8315,831
8316,709
8317,2214
8318,915
8319,746
8320,1219
8321,1162
8322,2027
8323,786
8324,986
8325,898
8326,1225
8327,824
8328,694
8329,1217
8330,1728
8331,993
8332,1176
8333,4249
8334,973
8335,669
8336,972
8337,1008
8338,957
8339,2302
8340,777
8341,861
8342,1356
8343,951
8344,1278
8345,634
8346,1245
8347,760
8348,1622
8349,852
8350,1878
8351,1203
8352,768
8353,950
8354,457
8355,1039
8356,1337
8357,669
8358,711
8359,1213
8360,1432
8361,1292
8362,602
8363,439
8364,1642
8365,759
8366,1371
8367,731
8368,984
8369,1828
8370,1021
8371,1740
8372,894
8373,4321
8374,864
8375,1237
8376,1348
8377,965
8378,979
8379,610
8380,933
8381,677
8382,849
8383,1148
8384,979
8385,3622
8386,1621
8387,1263
8388,1057
8389,888
8390,1664
8391,937
8392,957
8393,537
8394,560
8395,738
8396,839
8397,536
8398,812
8399,723
8400,8406
8401,1166
8402,947
8403,748
8404,810
8405,930
8406,722
8407,596
8408,1046
8409,678
8410,993
8411,825
8412,1644
8413,1116
8414,1041
8415,1145
8416,2397
8417,774
8418,869
8419,1000
8420,1597
8421,1584
8422,1109
8423,962
8424,8122
8425,1014
8426,615
8427,704
8428,732
8429,585
8430,833
8431,1473
8432,1275
8433,616
8434,526
8435,851
8436,2149
8437,763
8438,704
8439,509
8440,1106
8441,1094
8442,1329
8443,1859
8444,1450
8445,721
8446,1183
8447,1023
8448,839
8449,612
8450,1218
8451,1271
8452,2333
8453,1278
8454,729
8455,843
8456,818
8457,1540
8458,588
8459,630
8460,1094
8461,742
8462,1073
8463,1080
8464,853
8465,624
8466,728
8467,879
8468,623
8469,756
8470,1057
8471,658
8472,2885
8473,699
8474,718
8475,809
8476,2263
8477,869
8478,1096
8479,495
8480,894
8481,681
8482,1226
8483,448
8484,1480
8485,929
8486,1621
8487,922
8488,998
8489,623
8490,684
8491,1148
8492,681
8493,13134
8494,583
8495,979
8496,756
8497,1284
8498,629
8499,597
8500,24224
8501,1945
8502,1813
8503,768
8504,887
8505,699
8506,693
8507,1091
8508,628
8509,538
8510,920
8511,1727
8512,1377
8513,665
8514,2909
8515,816
8516,626
8517,758
8518,723
8519,842
8520,1656
8521,640
8522,774
8523,890
8524,994
8525,1321
8526,543
8527,874
8528,955
8529,1882
8530,1125
8531,1010
8532,901
8533,811
8534,629
8535,1075
8536,651
8537,649
8538,604
8539,743
8540,2049
8541,806
8542,1890
8543,964
8544,1304
8545,998
8546,720
8547,759
8548,817
8549,1603
8550,1381
8551,873
8552,557
8553,686
8554,492
8555,1130
8556,534
8557,658
8558,16827
8559,562
8560,1012
8561,588
8562,670
8563,849
8564,633
8565,691
8566,804
8567,809
8568,591
8569,515
8570,860
8571,1338
8572,553
8573,3127
8574,815
8575,879
8576,538
8577,806
8578,844
8579,698
8580,1501
8581,698
8582,636
8583,1006
8584,768
8585,1111
8586,845
8587,1406
8588,822
8589,578
8590,830
8591,541
8592,765
8593,458
8594,1286
8595,826
8596,807
8597,754
8598,824
8599,3156
8600,7314
8601,16444
8602,819
8603,667
8604,1053
8605,795
8606,853
8607,624
8608,747
8609,615
8610,1192
8611,1681
8612,934
8613,741
8614,657
8615,1462
8616,926
8617,1345
8618,613
8619,730
8620,997
8621,650
8622,759
8623,556
8624,3571
8625,1431
8626,441
8627,881
8628,1471
8629,509
8630,795
8631,936
8632,710
8633,765
8634,500
8635,700
8636,576
8637,671
8638,703
8639,503
8640,1813
8641,610
8642,622
8643,637
8644,1776
8645,467
8646,689
8647,477
8648,1054
8649,3006
8650,1125
8651,818
8652,1184
8653,543
8654,893
8655,1184
8656,641
8657,426
8658,620
8659,922
8660,1966
8661,577
8662,690
8663,647
8664,739
8665,1699
8666,778
8667,954
8668,1062
8669,1683
8670,904
8671,544
8672,675
8673,631
8674,16956
8675,737
8676,864
8677,873
8678,701
8679,515
8680,1042
8681,1091
8682,1126
8683,775
8684,936
8685,800
8686,1375
8687,686
8688,1276
8689,693
8690,1017
8691,565
8692,871
8693,557
8694,664
8695,924
8696,850
8697,396
8698,638
8699,862
8700,6854
8701,1150
8702,846
8703,1037
8704,853
8705,563
8706,625
8707,739
8708,974
8709,1168
8710,1384
8711,3138
8712,863
8713,543
8714,711
8715,955
8716,951
8717,386
8718,437
8719,768
8720,874
8721,3754
8722,1661
8723,1215
8724,1069
8725,799
8726,701
8727,743
8728,601
8729,756
8730,1797
8731,739
8732,845
8733,2127
8734,1029
8735,734
8736,805
8737,4644
8738,758
8739,584
8740,918
8741,1859
8742,1121
8743,527
8744,573
8745,723
8746,1062
8747,1577
8748,790
8749,1555
8750,2630
8751,1123
8752,1101
8753,905
8754,584
8755,1040
8756,1167
8757,453
8758,604
8759,822
8760,5112
8761,525
8762,1320
8763,555
8764,560
8765,1805
8766,1125
8767,896
8768,1058
8769,517
8770,700
8771,452
8772,572
8773,730
8774,880
8775,919
8776,958
8777,922
8778,799
8779,444
8780,865
8781,624
8782,808
8783,514
8784,732
8785,533
8786,602
8787,1685
8788,999
8789,1112
8790,1410
8791,852
8792,841
8793,720
8794,855
8795,663
8796,658
8797,753
8798,430
8799,8813
8800,17224
8801,1278
8802,4133
8803,930
8804,1153
8805,981
8806,959
8807,1136
8808,1342
8809,1123
8810,1128
8811,983
8812,839
8813,547
8814,580
8815,854
8816,1132
8817,2466
8818,1054
8819,955
8820,1610
8821,631
8822,1300
8823,737
8824,1354
8825,832
8826,847
8827,678
8828,793
8829,498
8830,1125
8831,650
8832,804
8833,1674
8834,614
8835,520
8836,789
8837,1629
8838,667
8839,608
8840,1002
8841,639
8842,673
8843,565
8844,1156
8845,713
8846,893
8847,601
8848,3027
8849,693
8850,6061
8851,709
8852,571
8853,974
8854,811
8855,1027
8856,850
8857,1843
8858,1553
8859,59003
8860,879
8861,630
8862,761
8863,815
8864,579
8865,807
8866,795
8867,401
8868,589
8869,2315
8870,1082
8871,563
8872,660
8873,818
8874,674
8875,669
8876,803
8877,1125
8878,1146
8879,2123
8880,1654
8881,850
8882,585
8883,2237
8884,950
8885,893
8886,710
8887,676
8888,8901
8889,1398
8890,1381
8891,1136
8892,793
8893,656
8894,574
8895,732
8896,464
8897,810
8898,750
8899,957
8900,3659
8901,2084
8902,717
8903,1125
8904,816
8905,689
8906,520
8907,642
8908,716
8909,665
8910,1271
8911,674
8912,876
8913,554
8914,1031
8915,1321
8916,582
8917,580
8918,514
8919,684
8920,1127
8921,618
8922,1088
8923,1561
8924,1552
8925,744
8926,402
8927,590
8928,716
8929,653
8930,1003
8931,672
8932,790
8933,848
8934,531
8935,815
8936,630
8937,513
8938,717
8939,981
8940,948
8941,485
8942,625
8943,758
8944,831
8945,792
8946,575
8947,785
8948,662
8949,1110
8950,1079
8951,693
8952,816
8953,620
8954,516
8955,706
8956,980
8957,383
8958,659
8959,550
8960,1141
8961,625
8962,866
8963,550
8964,854
8965,578
8966,782
8967,434
8968,517
8969,907
8970,807
8971,960
8972,730
8973,1023
8974,737
8975,567
8976,576
8977,1410
8978,880
8979,919
8980,975
8981,989
8982,529
8983,547
8984,2213
8985,848
8986,1856
8987,760
8988,1251
8989,981
8990,1044
8991,1139
8992,891
8993,3413
8994,881
8995,688
8996,750
8997,859
8998,1245
8999,1375
9000,116022
9001,15308
9002,3659
9003,2326
9004,2063
9005,1647
9006,1313
9007,3209
9008,998
9009,1652
9010,2998
9011,2116
9012,1250
9013,968
9014,1118
9015,1157
9016,928
9017,1027
9018,955
9019,826
9020,1184
9021,921
9022,918
9023,963
9024,766
9025,1334
9026,818
9027,730
9028,779
9029,768
9030,1496
9031,901
9032,1140
9033,795
9034,758
9035,907
9036,834
9037,956
9038,802
9039,813
9040,1542
9041,982
9042,696
9043,695
9044,752
9045,1180
9046,891
9047,910
9048,987
9049,831
9050,1636
9051,1820
9052,947
9053,902
9054,1335
9055,1270
9056,743
9057,534
9058,1137
9059,824
9060,1475
9061,1123
9062,726
9063,1048
9064,841
9065,841
9066,15373
9067,698
9068,1187
9069,863
9070,1014
9071,1203
9072,1436
9073,676
9074,662
9075,2367
9076,621
9077,912
9078,846
9079,550
9080,1100
9081,1384
9082,665
9083,692
9084,1254
9085,1089
9086,677
9087,1095
9088,522
9089,992
9090,2869
9091,1482
9092,1663
9093,943
9094,738
9095,965
9096,882
9097,1780
9098,764
9099,1259
9100,6179
9101,6997
9102,952
9103,1033
9104,1156
9105,681
9106,684
9107,566
9108,586
9109,783
9110,1307
9111,1792
9112,906
9113,592
9114,1015
9115,742
9116,1332
9117,742
9118,972
9119,1072
9120,2544
9121,969
9122,1029
9123,972
9124,672
9125,1591
9126,1186
9127,779
9128,673
9129,616
9130,1262
9131,1681
9132,590
9133,987
9134,965
9135,1135
9136,976
9137,654
9138,656
9139,1307
9140,1557
9141,980
9142,846
9143,690
9144,4382
9145,809
9146,772
9147,901
9148,618
9149,1256
9150,1757
9151,643
9152,974
9153,737
9154,606
9155,1582
9156,675
9157,1054
9158,430
9159,696
9160,1219
9161,590
9162,905
9163,1266
9164,756
9165,1176
9166,1005
9167,1562
9168,853
9169,756
9170,1071
9171,4866
9172,670
9173,1132
9174,704
9175,1094
9176,515
9177,696
9178,852
9179,712
9180,982
9181,673
9182,954
9183,1012
9184,771
9185,698
9186,863
9187,478
9188,800
9189,484
9190,633
9191,1036
9192,870
9193,1139
9194,847
9195,543
9196,817
9197,803
9198,778
9199,1039
9200,6214
9201,1487
9202,774
9203,3369
9204,666
9205,966
9206,572
9207,597
9208,706
9209,593
9210,1253
9211,821
9212,962
9213,973
9214,848
9215,702
9216,1908
9217,660
9218,670
9219,1000
9220,1142
9221,1221
9222,1199
9223,1128
9224,652
9225,1013
9226,752
9227,858
9228,936
9229,795
9230,1602
9231,1072
9232,849
9233,824
9234,1087
9235,1094
9236,932
9237,767
9238,524
9239,1060
9240,1217
9241,2571
9242,536
9243,565
9244,719
9245,709
9246,524
9247,1076
9248,1224
9249,717
9250,1950
9251,738
9252,813
9253,642
9254,685
9255,881
9256,642
9257,898
9258,1503
9259,847
9260,932
9261,917
9262,981
9263,818
9264,655
9265,992
9266,871
9267,962
9268,1336
9269,638
9270,1362
9271,824
9272,721
9273,608
9274,558
9275,970
9276,838
9277,671
9278,811
9279,618
9280,6124
9281,621
9282,767
9283,822
9284,675
9285,686
9286,624
9287,650
9288,700
9289,654
9290,1756
9291,651
9292,1233
9293,897
9294,959
9295,1651
9296,975
9297,1662
9298,533
9299,1197
9300,7533
9301,1082
9302,688
9303,990
9304,854
9305,863
9306,1037
9307,568
9308,734
9309,815
9310,1392
9311,953
9312,771
9313,843
9314,799
9315,868
9316,566
9317,896
9318,755
9319,638
9320,1294
9321,881
9322,912
9323,532
9324,507
9325,1185
9326,4809
9327,1149
9328,806
9329,582
9330,945
9331,1300
9332,1038
9333,1493
9334,867
9335,1237
9336,909
9337,618
9338,742
9339,1012
9340,1604
9341,1008
9342,546
9343,1815
9344,963
9345,1127
9346,1562
9347,1052
9348,654
9349,729
9350,1434
9351,1747
9352,1172
9353,1514
9354,1517
9355,2073
9356,913
9357,521
9358,1131
9359,564
9360,912
9361,809
9362,766
9363,794
9364,787
9365,950
9366,586
9367,721
9368,840
9369,550
9370,979
9371,849
9372,1300
9373,529
9374,608
9375,3328
9376,857
9377,911
9378,1549
9379,820
9380,1063
9381,3303
9382,2600
9383,1126
9384,2790
9385,1453
9386,1055
9387,886
9388,887
9389,705
9390,633
9391,648
9392,661
9393,1183
9394,1236
9395,956
9396,889
9397,970
9398,601
9399,707
9400,5691
9401,1106
9402,815
9403,1025
9404,1012
9405,752
9406,739
9407,710
9408,729
9409,935
9410,1410
9411,1443
9412,1107
9413,879
9414,1069
9415,980
9416,719
9417,1043
9418,1385
9419,695
9420,909
9421,625
9422,1777
9423,791
9424,2620
9425,686
9426,617
9427,629
9428,866
9429,588
9430,665
9431,533
9432,771
9433,877
9434,1004
9435,555
9436,802
9437,740
9438,2182
9439,826
9440,1754
9441,950
9442,682
9443,517
9444,1063
9445,806
9446,601
9447,838
9448,677
9449,727
9450,1696
9451,497
9452,1432
9453,1163
9454,859
9455,551
9456,905
9457,872
9458,587
9459,895
9460,827
9461,592
9462,964
9463,614
9464,653
9465,632
9466,522
9467,592
9468,613
9469,654
9470,585
9471,550
9472,527
9473,1181
9474,1221
9475,1007
9476,678
9477,1116
9478,683
9479,723
9480,823
9481,803
9482,468
9483,736
9484,666
9485,652
9486,1037
9487,672
9488,718
9489,713
9490,648
9491,456
9492,780
9493,632
9494,616
9495,749
9496,891
9497,710
9498,477
9499,999
9500,18748
9501,980
9502,838
9503,898
9504,849
9505,1164
9506,679
9507,736
9508,800
9509,651
9510,916
9511,1042
9512,856
9513,828
9514,763
9515,707
9516,1061
9517,836
9518,604
9519,670
9520,891
9521,789
9522,890
9523,755
9524,1019
9525,4556
9526,701
9527,1191
9528,635
9529,552
9530,1284
9531,745
9532,750
9533,884
9534,931
9535,729
9536,2272
9537,685
9538,543
9539,612
9540,1164
9541,1115
9542,941
9543,767
9544,654
9545,1021
9546,1596
9547,1001
9548,880
9549,750
9550,1711
9551,722
9552,896
9553,551
9554,654
9555,1669
9556,887
9557,843
9558,705
9559,852
9560,1067
9561,1161
9562,571
9563,676
9564,726
9565,1024
9566,1091
9567,1855
9568,2932
9569,440
9570,760
9571,689
9572,1051
9573,510
9574,1453
9575,718
9576,629
9577,874
9578,605
9579,537
9580,1442
9581,523
9582,398
9583,768
9584,984
9585,749
9586,443
9587,527
9588,681
9589,463
9590,1115
9591,589
9592,1258
9593,669
9594,526
9595,1385
9596,800
9597,763
9598,754
9599,1084
9600,32696
9601,1995
9602,1230
9603,763
9604,947
9605,619
9606,1302
9607,587
9608,831
9609,583
9610,1314
9611,604
9612,989
9613,646
9614,530
9615,1281
9616,584
9617,654
9618,722
9619,785
9620,939
9621,709
9622,1405
9623,883
9624,726
9625,858
9626,735
9627,704
9628,584
9629,1838
9630,1155
9631,905
9632,1142
9633,552
9634,471
9635,821
9636,713
9637,927
9638,566
9639,641
9640,820
9641,562
9642,727
9643,677
9644,622
9645,728
9646,762
9647,615
9648,861
9649,643
9650,1375
9651,623
9652,657
9653,653
9654,755
9655,671
9656,646
9657,648
9658,3026
9659,1086
9660,6702
9661,710
9662,1632
9663,2353
9664,742
9665,735
9666,662
9667,857
9668,808
9669,924
9670,930
9671,711
9672,696
9673,1496
9674,639
9675,870
9676,594
9677,893
9678,660
9679,763
9680,858
9681,773
9682,691
9683,525
9684,585
9685,606
9686,1636
9687,525
9688,738
9689,874
9690,927
9691,872
9692,479
9693,536
9694,645
9695,607
9696,943
9697,1820
9698,874
9699,825
9700,37739
9701,1111
9702,1756
9703,849
9704,546
9705,727
9706,717
9707,1371
9708,959
9709,903
9710,1068
9711,813
9712,1044
9713,709
9714,851
9715,775
9716,972
9717,649
9718,492
9719,475
9720,1294
9721,845
9722,834
9723,1253
9724,624
9725,683
9726,1642
9727,593
9728,843
9729,1626
9730,885
9731,497
9732,672
9733,865
9734,833
9735,635
9736,1930
9737,728
9738,808
9739,578
9740,1022
9741,684
9742,916
9743,997
9744,906
9745,792
9746,649
9747,1449
9748,511
9749,665
9750,1735
9751,757
9752,1116
9753,695
9754,731
9755,688
9756,442
9757,530
9758,910
9759,550
9760,1630
9761,696
9762,444
9763,799
9764,465
9765,733
9766,1041
9767,718
9768,646
9769,1018
9770,1309
9771,558
9772,947
9773,734
9774,810
9775,843
9776,746
9777,1239
9778,713
9779,818
9780,1360
9781,929
9782,707
9783,834
9784,493
9785,822
9786,847
9787,635
9788,743
9789,522
9790,793
9791,563
9792,739
9793,602
9794,604
9795,587
9796,1078
9797,1647
9798,916
9799,1045
9800,6708
9801,2175
9802,968
9803,687
9804,767
9805,595
9806,1087
9807,528
9808,929
9809,1134
9810,1545
9811,859
9812,528
9813,789
9814,546
9815,903
9816,589
9817,679
9818,647
9819,613
9820,1116
9821,1128
9822,7427
9823,638
9824,621
9825,1091
9826,630
9827,1055
9828,816
9829,771
9830,1051
9831,962
9832,842
9833,1133
9834,1021
9835,1204
9836,713
9837,818
9838,750
9839,1072
9840,1348
9841,790
9842,1320
9843,673
9844,587
9845,2754
9846,716
9847,651
9848,799
9849,548
9850,1070
9851,697
9852,725
9853,549
9854,433
9855,680
9856,1193
9857,565
9858,417
9859,1167
9860,877
9861,1908
9862,1017
9863,796
9864,464
9865,818
9866,717
9867,497
9868,959
9869,769
9870,905
9871,818
9872,696
9873,992
9874,671
9875,1185
9876,2468
9877,1183
9878,720
9879,458
9880,1208
9881,746
9882,741
9883,543
9884,509
9885,1028
9886,669
9887,778
9888,912
9889,738
9890,914
9891,1270
9892,613
9893,713
9894,669
9895,738
9896,803
9897,758
9898,1352
9899,5851
9900,5670
9901,1567
9902,664
9903,1035
9904,1811
9905,842
9906,997
9907,629
9908,587
9909,796
9910,980
9911,1000
9912,1060
9913,764
9914,827
9915,715
9916,627
9917,596
9918,657
9919,924
9920,1038
9921,895
9922,1071
9923,517
9924,755
9925,789
9926,811
9927,465
9928,607
9929,973
9930,1046
9931,976
9932,549
9933,938
9934,675
9935,679
9936,653
9937,560
9938,1127
9939,1255
9940,1238
9941,1260
9942,839
9943,508
9944,873
9945,1400
9946,818
9947,974
9948,610
9949,1040
9950,1453
9951,622
9952,731
9953,868
9954,842
9955,1390
9956,848
9957,883
9958,1348
9959,766
9960,1617
9961,985
9962,642
9963,1070
9964,1151
9965,1944
9966,1576
9967,741
9968,828
9969,1414
9970,854
9971,2375
9972,1208
9973,1310
9974,961
9975,1820
9976,858
9977,1051
9978,1046
9979,1843
9980,1230
9981,3782
9982,1541
9983,779
9984,1966
9985,1599
9986,1665
9987,1125
9988,1751
9989,1101
9990,1788
9991,1711
9992,1246
9993,2083
9994,5639
9995,4989
9996,2406
9997,2235
9998,3233
9999,49476
10000,185148
