number,count
0,83008353
1,158725107
2,124844237
3,93170420
4,70263534
5,68758267
6,46174138
7,37200467
8,36513252
9,28909217
10,50558928
11,21420758
12,25690043
13,16581591
14,16000394
15,20508141
16,15321235
17,12425663
18,13648003
19,13118526
20,23382829
21,10341423
22,10011754
23,9267354
24,11408810
25,14165402
26,7814058
27,7625660
28,7716454
29,7049480
30,17901037
31,5943679
32,5857613
33,4566112
34,4159296
35,5807611
36,4332985
37,3805420
38,3660401
39,3493201
40,10552576
41,3156799
42,3541635
43,3127139
44,3274220
45,5207422
46,2915505
47,2849071
48,3473070
49,2751736
50,13963872
51,2603634
52,2612087
53,2406214
54,2455985
55,3283382
56,2462889
57,2206435
58,2166160
59,2128230
60,7863227
61,1758874
62,1867049
63,1854719
64,2836470
65,3239452
66,1856108
67,1763524
68,1716078
69,1522736
70,5309557
71,1548339
72,1977553
73,1517699
74,1494914
75,3839377
76,1453111
77,1484562
78,1512041
79,1389580
80,5898500
81,1447984
82,1373535
83,1413800
84,1399797
85,2232349
86,1386249
87,1289463
88,1382633
89,1282103
90,5935009
91,1301544
92,1331743
93,1304188
94,1219810
95,2785581
96,1453593
97,1408937
98,1592894
99,2773246
100,16156073
101,1420961
102,856039
103,833898
104,885598
105,986186
106,831577
107,766848
108,824262
109,784524
110,1294883
111,788523
112,698416
113,636975
114,605858
115,775217
116,590118
117,640152
118,591108
119,558960
120,2207592
121,602538
122,571601
123,727998
124,525971
125,1090172
126,539216
127,620202
128,944031
129,522402
130,1182211
131,531884
132,511151
133,529564
134,457311
135,678348
136,463370
137,539351
138,455892
139,450781
140,1109158
141,447376
142,423165
143,438371
144,516851
145,551180
146,443355
147,447067
148,399918
149,408814
150,3131979
151,404860
152,397486
153,400168
154,378404
155,472813
156,374023
157,390239
158,350963
159,370707
160,1179031
161,390805
162,354777
163,373594
164,369526
165,491450
166,335780
167,386026
168,409889
169,361061
170,657554
171,334524
172,321388
173,334513
174,308231
175,534018
176,329405
177,340092
178,308320
179,318282
180,1461916
181,317690
182,300539
183,333030
184,313909
185,395441
186,343792
187,313026
188,287457
189,307020
190,490796
191,300188
192,394788
193,316186
194,270931
195,354807
196,292399
197,284329
198,273328
199,300447
200,6332789
201,389140
202,405728
203,332767
204,295991
205,345498
206,354553
207,304987
208,315669
209,282988
210,490289
211,299812
212,384075
213,278784
214,268293
215,334591
216,301638
217,279019
218,263966
219,249695
220,689697
221,320044
222,286440
223,281674
224,286621
225,428736
226,277918
227,255235
228,240796
229,235847
230,532468
231,274600
232,335578
233,288829
234,262837
235,444272
236,220059
237,236206
238,353326
239,291080
240,692347
241,261442
242,228000
243,251832
244,222276
245,260659
246,216507
247,228687
248,234141
249,217934
250,2125192
251,243147
252,238180
253,247867
254,243003
255,595593
256,694249
257,213552
258,188814
259,196216
260,445177
261,209852
262,242768
263,209153
264,250282
265,257510
266,189599
267,204605
268,197159
269,204032
270,471527
271,205544
272,228724
273,315601
274,190077
275,322290
276,191516
277,207818
278,182607
279,192568
280,471935
281,205163
282,189824
283,192659
284,196490
285,229755
286,198810
287,208800
288,203762
289,184995
290,275723
291,169303
292,177898
293,196139
294,173495
295,208168
296,176995
297,182423
298,185932
299,222492
300,4551534
301,279824
302,202841
303,248890
304,218491
305,253299
306,200704
307,191929
308,185954
309,180914
310,287802
311,198093
312,228481
313,216921
314,183423
315,240662
316,181828
317,193990
318,181370
319,203197
320,428305
321,205910
322,206254
323,240100
324,182441
325,303670
326,161584
327,167341
328,170954
329,155714
330,401514
331,180578
332,174266
333,257189
334,173558
335,190160
336,177475
337,176513
338,166654
339,147715
340,298149
341,153792
342,159399
343,171508
344,147821
345,198045
346,135851
347,163622
348,138021
349,140601
350,926591
351,151289
352,151498
353,151244
354,181649
355,179893
356,160184
357,156814
358,145971
359,152383
360,914744
361,155399
362,132520
363,156205
364,151611
365,498517
366,157721
367,148727
368,131586
369,127692
370,293846
371,146224
372,130390
373,140543
374,118443
375,261412
376,127201
377,149379
378,134680
379,132939
380,292284
381,136115
382,117875
383,133073
384,192947
385,176630
386,150772
387,169439
388,111719
389,118517
390,212024
391,125642
392,123912
393,150765
394,117652
395,171538
396,113778
397,121476
398,101734
399,137854
400,3559565
401,184522
402,133307
403,150330
404,192368
405,176323
406,140395
407,132935
408,139203
409,128070
410,248301
411,139317
412,132020
413,127398
414,127155
415,223980
416,131758
417,123331
418,109433
419,118207
420,266847
421,125257
422,124400
423,123657
424,119881
425,189801
426,112662
427,124530
428,116003
429,127682
430,248230
431,138310
432,153897
433,131997
434,108870
435,179788
436,106555
437,133199
438,123621
439,105839
440,288371
441,111082
442,103852
443,146262
444,135961
445,129393
446,99810
447,118143
448,100672
449,108985
450,721768
451,152346
452,103395
453,117092
454,128666
455,133710
456,134815
457,116817
458,118735
459,110355
460,223585
461,103354
462,94173
463,101914
464,96251
465,134880
466,92927
467,99192
468,95596
469,96708
470,198991
471,137912
472,93477
473,98672
474,88557
475,143495
476,153919
477,93948
478,86575
479,113635
480,344024
481,101001
482,86286
483,125254
484,93410
485,126443
486,150867
487,85554
488,103018
489,87023
490,163413
491,90679
492,88839
493,96954
494,89937
495,120029
496,100782
497,85778
498,81764
499,109078
500,6286015
501,140905
502,100458
503,108860
504,152259
505,122829
506,88094
507,98035
508,117811
509,130704
510,167038
511,112185
512,288879
513,94002
514,87921
515,114905
516,87245
517,94656
518,90534
519,87937
520,223624
521,239702
522,90167
523,110139
524,102853
525,162298
526,81506
527,107499
528,88947
529,96921
530,196894
531,89921
532,90323
533,98173
534,97560
535,124578
536,115488
537,88591
538,108151
539,102930
540,247175
541,101568
542,94370
543,95004
544,89572
545,98004
546,83331
547,85182
548,67906
549,77510
550,434170
551,96913
552,77385
553,82543
554,73173
555,175932
556,76345
557,76874
558,74920
559,78603
560,184364
561,82441
562,80109
563,84123
564,69208
565,106418
566,64049
567,89130
568,79262
569,72846
570,166286
571,79425
572,69869
573,76637
574,67587
575,104458
576,96398
577,79482
578,66257
579,70394
580,141015
581,119645
582,76242
583,70764
584,73275
585,100866
586,102491
587,90586
588,71097
589,87877
590,117192
591,68876
592,71987
593,70980
594,64583
595,83094
596,63826
597,84008
598,67067
599,80602
600,2531344
601,91480
602,98002
603,88089
604,92833
605,89765
606,73046
607,77044
608,75695
609,88571
610,147876
611,71202
612,92524
613,92470
614,77956
615,88165
616,79069
617,107105
618,147591
619,67474
620,152594
621,78628
622,96681
623,71931
624,79291
625,171065
626,84574
627,78687
628,78403
629,71152
630,148696
631,96422
632,113496
633,79517
634,71574
635,87708
636,75715
637,74406
638,68780
639,123454
640,214979
641,77752
642,93817
643,69941
644,77127
645,81693
646,68318
647,76067
648,71354
649,63961
650,424371
651,73224
652,61361
653,61232
654,62233
655,73446
656,84180
657,62888
658,56976
659,57979
660,168200
661,83034
662,61046
663,63505
664,71221
665,66483
666,103649
667,88659
668,74174
669,62912
670,128043
671,71052
672,66508
673,65149
674,87977
675,89891
676,58472
677,58885
678,64569
679,63250
680,143099
681,68138
682,53618
683,67226
684,69936
685,74413
686,62747
687,71267
688,63394
689,57301
690,94541
691,91304
692,54195
693,57472
694,49117
695,66590
696,52350
697,55368
698,51293
699,55300
700,1729169
701,89350
702,74158
703,88420
704,81744
705,89824
706,62371
707,98594
708,59011
709,70385
710,107604
711,95923
712,69933
713,67182
714,64662
715,78845
716,63057
717,72802
718,72337
719,54992
720,188003
721,67959
722,77599
723,59860
724,56227
725,89756
726,56951
727,77740
728,62830
729,62290
730,119975
731,69359
732,83685
733,59081
734,57125
735,74744
736,52183
737,96338
738,53165
739,50588
740,111330
741,77050
742,57927
743,54137
744,60485
745,68499
746,57718
747,141091
748,52216
749,54277
750,605772
751,64222
752,60923
753,77467
754,92080
755,81726
756,66253
757,70430
758,45232
759,51714
760,151276
761,53238
762,54767
763,60312
764,50790
765,73930
766,51709
767,74001
768,102429
769,55845
770,131965
771,62394
772,58382
773,57860
774,60122
775,88326
776,70293
777,105063
778,68834
779,47522
780,134953
781,58081
782,53796
783,53640
784,58028
785,70245
786,60458
787,88202
788,50854
789,60087
790,77972
791,54786
792,80493
793,58586
794,67763
795,60689
796,49787
797,49512
798,47962
799,52048
800,2394657
801,84318
802,388018
803,58919
804,56567
805,67465
806,55052
807,57477
808,79993
809,52305
810,90053
811,57120
812,56195
813,64001
814,75534
815,62511
816,53578
817,54778
818,68787
819,50720
820,99942
821,53483
822,58209
823,49796
824,57460
825,75339
826,48898
827,54568
828,56979
829,47725
830,94322
831,49938
832,52812
833,69732
834,42333
835,59235
836,57922
837,45640
838,44268
839,46123
840,113185
841,52791
842,56771
843,68319
844,62428
845,69477
846,48439
847,61576
848,51682
849,45479
850,300144
851,48087
852,59822
853,52225
854,52972
855,92468
856,48051
857,47657
858,53396
859,51713
860,100577
861,46909
862,46671
863,54220
864,65790
865,65454
866,98195
867,55843
868,48207
869,50246
870,104562
871,56115
872,49001
873,46155
874,48797
875,81844
876,53086
877,97639
878,47174
879,46840
880,110565
881,45312
882,52546
883,52916
884,46332
885,56494
886,49276
887,47624
888,153125
889,46529
890,74403
891,47002
892,45307
893,51584
894,43316
895,49835
896,44936
897,44222
898,42724
899,50661
900,1139719
901,56504
902,51908
903,47706
904,48765
905,59890
906,51800
907,114980
908,45382
909,56909
910,82765
911,276146
912,63771
913,46861
914,91608
915,58025
916,52323
917,51127
918,51436
919,54570
920,89254
921,48619
922,49254
923,44986
924,46627
925,75983
926,44795
927,47752
928,48474
929,46767
930,91351
931,49387
932,54578
933,46329
934,43500
935,55518
936,57888
937,49494
938,45358
939,48640
940,79434
941,46553
942,40565
943,40731
944,43871
945,56366
946,42844
947,41327
948,40228
949,47727
950,184039
951,51253
952,44312
953,45826
954,51323
955,54341
956,42538
957,43620
958,37329
959,50624
960,153738
961,51055
962,57872
963,51397
964,41729
965,63555
966,48276
967,57664
968,48143
969,54312
970,83291
971,46168
972,55693
973,58037
974,41293
975,67675
976,52188
977,44890
978,1733389
979,46637
980,102122
981,54862
982,49051
983,53890
984,49040
985,54185
986,41429
987,55012
988,47432
989,48124
990,78045
991,44489
992,44081
993,41505
994,44596
995,61763
996,48239
997,53019
998,53689
999,242695
1000,2758930
1001,148611
1002,297397
1003,44263
1004,35264
1005,34852
1006,79190
1007,415284
1008,28847
1009,30798
1010,118676
1011,88460
1012,83576
1013,60253
1014,63256
1015,70066
1016,1083385
1017,132028
1018,63061
1019,41854
1020,61628
1021,147217
1022,43972
1023,127178
1024,285165
1025,49902
1026,32019
1027,35782
1028,29758
1029,90459
1030,54225
1031,36254
1032,26042
1033,34905
1034,30793
1035,41218
1036,25347
1037,113893
1038,591377
1039,47836
1040,60213
1041,23175
1042,38105
1043,24188
1044,27844
1045,29845
1046,86096
1047,22573
1048,25035
1049,24374
1050,88280
1051,45503
1052,24814
1053,31526
1054,62578
1055,39987
1056,51646
1057,28774
1058,22509
1059,23315
1060,33949
1061,24379
1062,18866
1063,55464
1064,28867
1065,25098
1066,176795
1067,28465
1068,27916
1069,27686
1070,44528
1071,46381
1072,24049
1073,221378
1074,41876
1075,35206
1076,25792
1077,28572
1078,25025
1079,27226
1080,219117
1081,28543
1082,17917
1083,32047
1084,26307
1085,33736
1086,167992
1087,30834
1088,77440
1089,41538
1090,35663
1091,26544
1092,23144
1093,244172
1094,24269
1095,61303
1096,48240
1097,91885
1098,136512
1099,58292
1100,295160
1101,90336
1102,27639
1103,115862
1104,30522
1105,45517
1106,23297
1107,28311
1108,24587
1109,74872
1110,49362
1111,434750
1112,25743
1113,30435
1114,20463
1115,32378
1116,19474
1117,24709
1118,27824
1119,32308
1120,37618
1121,27674
1122,34217
1123,24022
1124,25111
1125,40158
1126,304628
1127,37064
1128,76734
1129,19284
1130,60412
1131,20746
1132,19202
1133,20109
1134,21965
1135,37629
1136,76117
1137,29950
1138,25028
1139,38472
1140,35631
1141,23500
1142,28190
1143,24649
1144,27718
1145,52549
1146,89752
1147,32487
1148,20387
1149,21945
1150,77008
1151,21273
1152,42353
1153,26979
1154,36758
1155,44353
1156,22512
1157,25415
1158,26907
1159,41676
1160,33209
1161,35830
1162,35720
1163,33121
1164,23875
1165,23388
1166,22977
1167,26967
1168,17436
1169,25513
1170,43960
1171,26815
1172,28031
1173,25194
1174,22211
1175,45007
1176,30647
1177,106228
1178,21907
1179,28904
1180,48967
1181,22006
1182,26350
1183,24208
1184,24284
1185,53748
1186,142951
1187,38054
1188,18570
1189,41507
1190,39544
1191,30882
1192,37519
1193,22818
1194,30048
1195,21840
1196,20840
1197,21710
1198,31913
1199,33335
1200,580071
1201,32764
1202,39387
1203,30433
1204,74969
1205,28083
1206,50477
1207,35170
1208,24273
1209,31181
1210,44930
1211,39808
1212,47549
1213,33863
1214,41227
1215,90645
1216,43825
1217,29460
1218,24481
1219,28787
1220,45785
1221,30011
1222,30758
1223,31852
1224,25039
1225,49812
1226,26097
1227,39137
1228,21833
1229,27295
1230,41142
1231,27223
1232,25000
1233,20455
1234,96522
1235,35039
1236,26987
1237,26618
1238,25893
1239,19792
1240,46887
1241,39042
1242,46855
1243,23594
1244,24027
1245,24020
1246,22331
1247,22859
1248,28036
1249,24161
1250,142997
1251,34641
1252,35107
1253,28549
1254,32140
1255,28334
1256,33258
1257,30896
1258,47605
1259,26962
1260,63960
1261,34949
1262,20561
1263,24224
1264,26952
1265,35026
1266,26910
1267,24494
1268,24047
1269,20058
1270,43756
1271,48026
1272,31700
1273,29233
1274,42018
1275,40927
1276,24335
1277,29525
1278,22786
1279,73133
1280,60450
1281,26528
1282,40155
1283,23682
1284,30102
1285,29088
1286,20462
1287,24471
1288,21310
1289,24371
1290,53336
1291,41133
1292,31191
1293,23176
1294,31509
1295,34465
1296,34934
1297,31033
1298,26051
1299,31480
1300,364238
1301,36577
1302,31080
1303,30658
1304,32201
1305,34144
1306,29853
1307,43913
1308,31214
1309,27721
1310,36766
1311,27499
1312,33080
1313,26780
1314,36560
1315,34710
1316,29201
1317,25024
1318,21996
1319,19654
1320,45804
1321,29378
1322,25130
1323,27652
1324,30213
1325,48277
1326,26919
1327,38916
1328,34111
1329,20854
1330,40717
1331,25429
1332,26629
1333,41720
1334,23341
1335,26819
1336,35817
1337,46714
1338,23225
1339,22286
1340,43502
1341,23462
1342,23838
1343,21715
1344,21925
1345,28836
1346,42906
1347,47005
1348,56358
1349,37039
1350,113302
1351,41827
1352,24097
1353,42087
1354,22700
1355,25719
1356,29705
1357,24816
1358,22086
1359,19105
1360,41902
1361,24664
1362,23820
1363,22134
1364,39388
1365,115665
1366,24542
1367,27018
1368,88481
1369,26579
1370,41001
1371,200102
1372,20478
1373,20309
1374,22393
1375,36248
1376,19833
1377,43541
1378,33475
1379,18944
1380,45246
1381,34773
1382,27995
1383,17661
1384,20746
1385,30807
1386,31905
1387,27064
1388,25242
1389,37371
1390,36397
1391,26668
1392,42163
1393,19818
1394,36053
1395,22782
1396,23979
1397,27518
1398,27619
1399,36950
1400,351278
1401,42953
1402,34118
1403,29870
1404,26231
1405,36854
1406,29579
1407,22992
1408,21354
1409,24339
1410,37834
1411,23530
1412,25245
1413,30506
1414,28208
1415,68077
1416,32608
1417,28698
1418,24144
1419,28244
1420,58303
1421,30925
1422,34961
1423,22218
1424,25235
1425,35155
1426,15690
1427,21834
1428,25877
1429,31779
1430,42861
1431,33518
1432,27051
1433,31141
1434,26704
1435,30207
1436,26333
1437,22857
1438,30468
1439,33225
1440,70147
1441,24541
1442,21630
1443,24543
1444,29113
1445,26210
1446,28606
1447,24189
1448,22709
1449,26667
1450,144683
1451,35962
1452,45418
1453,133183
1454,24858
1455,42544
1456,27013
1457,25785
1458,26844
1459,26572
1460,56500
1461,45270
1462,30807
1463,27316
1464,27232
1465,26006
1466,26544
1467,52941
1468,36259
1469,70288
1470,61427
1471,89598
1472,35194
1473,36639
1474,34125
1475,57324
1476,36687
1477,37458
1478,39681
1479,33912
1480,55187
1481,33271
1482,35783
1483,56383
1484,30784
1485,75987
1486,33815
1487,31730
1488,32345
1489,29742
1490,48044
1491,42614
1492,257413
1493,78049
1494,65950
1495,43595
1496,33540
1497,57688
1498,60102
1499,46123
1500,903372
1501,57917
1502,66899
1503,58965
1504,48870
1505,47813
1506,54873
1507,39577
1508,45316
1509,65917
1510,58513
1511,51297
1512,59318
1513,70545
1514,48632
1515,66575
1516,71492
1517,95955
1518,44810
1519,108799
1520,115490
1521,116174
1522,53956
1523,68245
1524,62380
1525,90935
1526,89998
1527,67629
1528,54490
1529,59572
1530,92186
1531,48922
1532,61009
1533,70353
1534,83765
1535,70928
1536,100989
1537,52776
1538,56098
1539,59755
1540,108480
1541,71159
1542,86297
1543,85723
1544,38627
1545,62703
1546,52346
1547,79072
1548,39745
1549,50594
1550,144658
1551,39766
1552,49229
1553,66172
1554,46930
1555,67890
1556,63964
1557,45920
1558,88527
1559,66034
1560,78881
1561,51013
1562,51040
1563,49174
1564,91956
1565,71339
1566,56285
1567,53671
1568,57837
1569,58554
1570,81696
1571,70912
1572,77313
1573,53008
1574,44144
1575,48580
1576,50684
1577,49274
1578,50736
1579,44875
1580,88391
1581,49566
1582,88611
1583,50743
1584,55819
1585,70833
1586,49420
1587,65193
1588,92687
1589,52318
1590,86550
1591,49853
1592,73127
1593,56415
1594,51981
1595,63047
1596,76312
1597,57938
1598,92940
1599,67098
1600,598778
1601,72140
1602,60512
1603,165861
1604,80740
1605,92823
1606,78727
1607,109197
1608,80206
1609,124766
1610,133551
1611,84123
1612,69227
1613,64316
1614,62243
1615,66402
1616,90196
1617,54266
1618,86939
1619,102897
1620,152692
1621,90091
1622,61564
1623,82410
1624,60889
1625,84973
1626,57318
1627,61838
1628,66877
1629,68745
1630,113665
1631,56415
1632,93067
1633,60925
1634,61128
1635,73260
1636,66684
1637,74534
1638,79717
1639,58789
1640,123867
1641,79894
1642,150672
1643,87196
1644,155825
1645,85734
1646,60922
1647,60896
1648,145653
1649,110328
1650,179336
1651,76313
1652,63056
1653,61726
1654,66716
1655,68762
1656,67033
1657,55979
1658,69497
1659,60355
1660,172092
1661,76976
1662,80582
1663,66192
1664,73689
1665,101684
1666,95204
1667,77311
1668,58055
1669,61260
1670,94213
1671,54465
1672,74417
1673,56012
1674,57181
1675,82388
1676,67533
1677,48235
1678,52877
1679,57755
1680,107735
1681,56271
1682,70990
1683,76686
1684,54975
1685,91774
1686,55018
1687,78841
1688,127082
1689,127379
1690,98640
1691,55859
1692,79617
1693,48305
1694,62647
1695,50974
1696,49513
1697,65710
1698,51040
1699,68249
1700,454823
1701,90439
1702,64811
1703,66138
1704,76174
1705,59589
1706,59341
1707,127821
1708,56642
1709,59425
1710,78946
1711,64764
1712,70241
1713,82759
1714,89276
1715,104005
1716,62472
1717,69273
1718,76830
1719,60818
1720,107206
1721,69665
1722,70541
1723,65636
1724,62809
1725,72337
1726,57768
1727,82239
1728,68128
1729,69220
1730,92802
1731,54915
1732,69454
1733,68917
1734,53031
1735,72156
1736,68874
1737,63330
1738,64576
1739,73020
1740,121931
1741,77690
1742,73219
1743,72752
1744,78803
1745,103387
1746,74131
1747,64935
1748,99629
1749,83412
1750,296643
1751,80905
1752,95733
1753,86529
1754,108591
1755,134216
1756,110829
1757,102329
1758,156168
1759,114111
1760,169307
1761,87752
1762,102107
1763,238981
1764,115671
1765,158858
1766,110050
1767,108173
1768,114343
1769,128899
1770,203440
1771,87518
1772,133334
1773,147731
1774,207195
1775,358568
1776,518230
1777,207537
1778,191036
1779,141990
1780,227188
1781,209956
1782,144412
1783,287474
1784,161071
1785,153160
1786,138695
1787,334211
1788,224699
1789,482735
1790,714363
1791,278501
1792,266543
1793,267809
1794,211159
1795,234188
1796,198916
1797,191648
1798,252030
1799,219933
1800,984788
1801,270569
1802,194780
1803,254580
1804,264177
1805,200747
1806,217130
1807,223476
1808,216505
1809,230984
1810,240626
1811,199168
1812,630130
1813,229281
1814,318629
1815,438611
1816,234333
1817,208117
1818,234836
1819,250737
1820,400002
1821,291487
1822,217683
1823,188191
1824,267989
1825,253665
1826,198218
1827,186340
1828,263953
1829,222826
1830,478827
1831,277979
1832,321016
1833,255629
1834,259735
1835,282856
1836,300671
1837,329812
1838,266359
1839,295435
1840,449127
1841,259474
1842,272016
1843,245395
1844,287799
1845,326686
1846,345094
1847,299225
1848,634907
1849,330465
1850,741467
1851,333837
1852,284196
1853,285484
1854,363270
1855,306847
1856,347921
1857,412346
1858,340721
1859,437147
1860,726860
1861,749987
1862,578064
1863,570163
1864,517338
1865,709705
1866,404638
1867,495413
1868,463949
1869,388987
1870,675807
1871,487115
1872,363297
1873,362101
1874,327608
1875,361691
1876,423348
1877,396876
1878,365150
1879,385374
1880,601126
1881,400032
1882,402716
1883,367709
1884,385188
1885,425711
1886,378025
1887,363168
1888,387946
1889,430196
1890,667488
1891,371271
1892,382661
1893,439772
1894,399054
1895,502249
1896,533841
1897,440392
1898,579027
1899,455503
1900,1360413
1901,607877
1902,506204
1903,528491
1904,523981
1905,725075
1906,605289
1907,537525
1908,596823
1909,514440
1910,810375
1911,745445
1912,786213
1913,991145
1914,1260481
1915,778108
1916,763492
1917,1168999
1918,1407882
1919,959361
1920,1243878
1921,697553
1922,677564
1923,619207
1924,616382
1925,608028
1926,523681
1927,556747
1928,604393
1929,819276
1930,1846456
1931,632721
1932,689540
1933,980659
1934,670110
1935,931961
1936,840443
1937,796179
1938,862583
1939,1307884
1940,2828153
1941,1355934
1942,1157108
1943,1030010
1944,1236778
1945,2061587
1946,836069
1947,998264
1948,1127983
1949,886942
1950,1394660
1951,680834
1952,737411
1953,792566
1954,763958
1955,749777
1956,837558
1957,827261
1958,830465
1959,843089
1960,1538377
1961,1020207
1962,1006298
1963,1036930
1964,1174472
1965,1172893
1966,951027
1967,1180870
1968,1290113
1969,1223716
1970,1708046
1971,1170439
1972,1292699
1973,1291966
1974,1178073
1975,1350445
1976,1256249
1977,1152941
1978,1217723
1979,1503588
1980,1982129
1981,1316846
1982,1376203
1983,1355228
1984,1473823
1985,1518399
1986,1674397
1987,1626088
1988,1756445
1989,2107394
1990,2919414
1991,2437994
1992,2443624
1993,2339842
1994,2718378
1995,2877692
1996,3061605
1997,3263868
1998,3600822
1999,3792947
2000,6136743
2001,4614906
2002,4389877
2003,4939582
2004,5289240
2005,5968654
2006,6157850
2007,7050027
2008,7583994
2009,7287329
2010,7957766
2011,7926857
2012,8236775
2013,7715915
2014,7009249
2015,6433117
2016,5842806
2017,5395938
2018,4461349
2019,3503521
2020,3537845
2021,1857983
2022,864124
2023,87258
2024,85994
2025,234123
2026,40972
2027,32428
2028,33082
2029,36975
2030,530502
2031,18255
2032,17357
2033,16455
2034,15546
2035,69947
2036,22584
2037,12830
2038,17714
2039,10105
2040,107384
2041,21754
2042,10173
2043,7485
2044,11082
2045,33274
2046,11221
2047,15577
2048,75212
2049,12217
2050,604514
2051,10208
2052,11700
2053,7637
2054,8036
2055,14420
2056,7235
2057,7025
2058,6550
2059,6839
2060,44747
2061,21844
2062,6490
2063,9731
2064,5907
2065,12031
2066,6320
2067,6444
2068,8764
2069,8316
2070,34922
2071,8532
2072,6859
2073,5646
2074,5565
2075,12523
2076,6936
2077,7475
2078,5594
2079,6147
2080,32378
2081,9117
2082,4767
2083,6505
2084,5653
2085,7402
2086,4745
2087,5373
2088,5315
2089,5399
2090,13891
2091,5298
2092,4664
2093,5545
2094,5827
2095,8095
2096,5765
2097,4914
2098,5447
2099,13826
2100,323452
2101,8371
2102,6633
2103,7909
2104,7706
2105,17110
2106,7307
2107,6192
2108,6946
2109,7084
2110,10262
2111,8360
2112,12856
2113,15839
2114,5578
2115,9501
2116,6787
2117,10954
2118,6457
2119,6272
2120,8015
2121,7023
2122,14216
2123,8149
2124,7087
2125,8865
2126,7580
2127,5719
2128,9159
2129,5099
2130,9859
2131,13787
2132,4826
2133,8858
2134,8363
2135,7601
2136,5665
2137,5488
2138,10679
2139,8134
2140,10873
2141,6972
2142,5746
2143,6311
2144,5683
2145,5518
2146,4496
2147,10861
2148,17039
2149,5100
2150,20467
2151,7882
2152,8247
2153,7277
2154,9119
2155,6875
2156,7544
2157,5176
2158,4750
2159,4619
2160,18275
2161,7035
2162,4130
2163,5898
2164,12948
2165,9654
2166,5128
2167,5969
2168,4463
2169,5506
2170,7320
2171,4006
2172,5316
2173,4630
2174,18322
2175,6822
2176,4271
2177,4523
2178,3938
2179,3527
2180,8897
2181,9950
2182,5298
2183,4110
2184,4857
2185,4972
2186,4385
2187,5533
2188,4374
2189,4363
2190,6604
2191,4407
2192,5655
2193,5902
2194,4352
2195,5313
2196,5219
2197,4929
2198,3807
2199,10340
2200,104136
2201,6778
2202,7346
2203,6110
2204,6126
2205,8690
2206,4797
2207,6341
2208,4752
2209,4137
2210,7292
2211,6480
2212,6708
2213,5105
2214,6512
2215,7372
2216,4336
2217,7495
2218,8056
2219,4981
2220,8164
2221,5739
2222,17107
2223,8820
2224,7912
2225,8831
2226,4767
2227,5572
2228,5126
2229,8004
2230,8628
2231,5172
2232,4531
2233,6050
2234,4701
2235,4457
2236,7275
2237,5579
2238,4149
2239,3997
2240,10332
2241,4695
2242,4521
2243,4546
2244,5151
2245,5510
2246,5930
2247,4850
2248,4249
2249,5529
2250,22953
2251,7842
2252,4543
2253,4381
2254,6444
2255,6159
2256,6732
2257,5430
2258,5208
2259,6295
2260,7396
2261,5928
2262,3753
2263,3912
2264,5314
2265,5852
2266,6063
2267,8446
2268,7843
2269,5767
2270,7569
2271,4156
2272,4359
2273,6090
2274,3757
2275,5281
2276,4201
2277,5502
2278,4487
2279,13798
2280,5861
2281,5464
2282,4282
2283,4199
2284,4334
2285,6043
2286,4865
2287,6291
2288,4226
2289,3801
2290,4681
2291,4851
2292,4194
2293,5771
2294,3051
2295,4245
2296,4321
2297,3776
2298,4320
2299,4109
2300,92351
2301,6185
2302,4594
2303,4715
2304,6607
2305,10286
2306,4282
2307,166115
2308,4178
2309,4560
2310,7954
2311,8718
2312,6549
2313,4423
2314,4503
2315,4872
2316,3487
2317,4416
2318,3832
2319,12224
2320,6707
2321,4766
2322,6210
2323,5781
2324,4913
2325,16070
2326,5867
2327,4996
2328,5596
2329,4238
2330,10772
2331,4780
2332,4558
2333,9018
2334,9287
2335,4609
2336,4245
2337,10636
2338,4095
2339,3337
2340,8369
2341,4536
2342,4271
2343,4689
2344,4388
2345,19429
2346,5033
2347,6315
2348,5727
2349,5818
2350,17337
2351,4475
2352,4924
2353,5038
2354,4178
2355,4790
2356,4655
2357,4885
2358,3772
2359,4405
2360,5935
2361,4691
2362,4302
2363,3632
2364,5946
2365,5525
2366,5854
2367,6413
2368,6787
2369,9505
2370,9892
2371,9195
2372,8346
2373,8927
2374,7114
2375,10106
2376,6377
2377,5553
2378,5128
2379,4626
2380,5984
2381,4935
2382,3602
2383,4219
2384,3438
2385,4306
2386,3269
2387,3788
2388,3830
2389,3433
2390,4584
2391,3393
2392,4900
2393,3075
2394,2600
2395,3699
2396,4994
2397,4338
2398,3215
2399,4282
2400,106840
2401,6986
2402,4379
2403,5944
2404,4490
2405,3532
2406,3520
2407,4096
2408,3454
2409,4614
2410,4914
2411,4015
2412,5182
2413,4358
2414,4034
2415,5080
2416,3999
2417,3893
2418,3463
2419,4772
2420,5507
2421,4680
2422,12480
2423,4010
2424,5922
2425,12765
2426,5612
2427,5672
2428,3717
2429,3608
2430,5424
2431,3740
2432,3366
2433,4483
2434,3075
2435,6100
2436,3695
2437,3805
2438,4082
2439,3747
2440,6642
2441,3647
2442,3697
2443,3609
2444,4375
2445,4179
2446,3049
2447,3196
2448,4863
2449,3953
2450,13970
2451,8381
2452,3032
2453,3211
2454,4026
2455,4448
2456,3463
2457,3923
2458,6292
2459,3425
2460,8032
2461,4701
2462,3481
2463,3497
2464,3162
2465,5199
2466,5928
2467,3936
2468,4666
2469,4008
2470,4567
2471,4412
2472,4018
2473,3696
2474,3881
2475,6938
2476,3258
2477,4413
2478,5828
2479,3009
2480,5717
2481,3971
2482,3279
2483,3921
2484,4376
2485,3472
2486,5478
2487,3524
2488,3646
2489,3671
2490,5119
2491,3405
2492,3701
2493,2916
2494,5668
2495,3995
2496,3281
2497,4271
2498,3652
2499,4482
2500,317822
2501,7979
2502,3816
2503,3640
2504,3654
2505,3680
2506,5441
2507,3461
2508,4197
2509,3671
2510,7448
2511,4229
2512,4098
2513,4269
2514,5453
2515,3689
2516,4027
2517,3321
2518,3561
2519,3785
2520,9643
2521,8019
2522,4279
2523,3472
2524,3438
2525,8188
2526,4335
2527,6492
2528,4676
2529,3946
2530,4561
2531,3490
2532,4574
2533,3791
2534,3251
2535,4621
2536,3644
2537,4957
2538,2654
2539,2987
2540,6125
2541,4779
2542,2982
2543,3711
2544,3200
2545,3683
2546,2676
2547,4564
2548,4342
2549,2867
2550,11795
2551,5054
2552,5391
2553,5141
2554,4132
2555,4783
2556,3274
2557,3564
2558,7653
2559,3627
2560,16033
2561,3601
2562,3625
2563,3658
2564,3923
2565,3921
2566,4463
2567,4129
2568,2644
2569,2375
2570,4830
2571,3198
2572,2723
2573,3384
2574,2993
2575,7630
2576,3227
2577,2720
2578,2719
2579,2961
2580,4993
2581,3530
2582,2885
2583,4505
2584,3609
2585,4438
2586,2842
2587,2777
2588,3059
2589,5267
2590,3537
2591,3453
2592,3901
2593,3092
2594,2457
2595,3447
2596,2604
2597,4697
2598,3435
2599,4526
2600,92160
2601,5432
2602,4142
2603,3772
2604,2967
2605,3384
2606,3335
2607,3520
2608,3224
2609,3069
2610,4125
2611,4547
2612,2655
2613,6601
2614,3539
2615,3230
2616,6482
2617,3829
2618,3305
2619,2913
2620,4502
2621,3821
2622,2570
2623,3879
2624,2925
2625,5124
2626,4121
2627,3919
2628,4573
2629,5532
2630,8547
2631,3739
2632,2840
2633,3004
2634,2988
2635,3329
2636,2760
2637,4408
2638,2552
2639,2677
2640,6061
2641,2786
2642,3339
2643,3051
2644,3040
2645,3504
2646,3103
2647,3770
2648,3675
2649,3443
2650,11575
2651,3265
2652,3729
2653,2809
2654,2933
2655,3023
2656,5306
2657,2680
2658,2399
2659,2735
2660,5724
2661,3148
2662,2806
2663,3923
2664,5333
2665,3635
2666,5167
2667,4938
2668,2493
2669,2863
2670,4621
2671,3102
2672,4360
2673,3238
2674,2599
2675,4352
2676,2636
2677,3123
2678,3013
2679,3129
2680,5395
2681,2475
2682,2554
2683,3090
2684,2972
2685,2816
2686,8222
2687,2424
2688,3426
2689,2463
2690,4178
2691,2851
2692,2592
2693,5865
2694,2421
2695,2987
2696,2468
2697,5111
2698,4153
2699,7066
2700,69182
2701,4448
2702,3145
2703,3175
2704,3574
2705,3814
2706,2506
2707,4424
2708,2200
2709,3718
2710,3177
2711,3141
2712,3057
2713,2805
2714,2643
2715,2747
2716,3092
2717,2801
2718,2421
2719,2813
2720,4419
2721,2709
2722,3549
2723,2897
2724,2320
2725,3542
2726,2959
2727,5127
2728,3715
2729,4864
2730,4581
2731,3343
2732,3821
2733,3250
2734,2172
2735,2765
2736,3759
2737,4961
2738,2669
2739,2904
2740,3696
2741,5276
2742,2899
2743,2739
2744,7060
2745,4742
2746,2370
2747,2959
2748,2469
2749,2635
2750,13861
2751,2862
2752,3107
2753,4555
2754,2597
2755,3109
2756,2406
2757,2083
2758,3542
2759,2577
2760,3948
2761,3079
2762,2294
2763,2962
2764,2342
2765,4604
2766,2605
2767,2787
2768,2648
2769,2502
2770,4518
2771,5450
2772,3286
2773,2599
2774,2119
2775,5020
2776,2728
2777,3229
2778,2988
2779,2237
2780,3641
2781,2931
2782,3027
2783,3041
2784,2445
2785,2545
2786,2617
2787,3708
2788,2901
2789,2823
2790,3853
2791,2560
2792,2616
2793,2731
2794,2996
2795,2602
2796,3308
2797,2604
2798,1967
2799,2877
2800,64252
2801,4085
2802,2903
2803,2768
2804,2209
2805,3091
2806,3147
2807,3346
2808,5164
2809,2831
2810,3903
2811,3191
2812,3104
2813,3205
2814,2574
2815,2640
2816,2829
2817,3276
2818,3761
2819,2479
2820,4627
2821,3360
2822,5174
2823,2054
2824,2301
2825,2931
2826,2848
2827,2667
2828,3275
2829,3245
2830,5602
2831,3326
2832,4391
2833,3116
2834,2665
2835,3275
2836,7443
2837,2558
2838,2556
2839,2375
2840,3747
2841,4364
2842,2345
2843,2266
2844,3207
2845,2997
2846,1908
2847,2881
2848,2734
2849,2811
2850,8125
2851,2416
2852,3581
2853,2140
2854,2058
2855,2380
2856,2751
2857,3623
2858,2207
2859,3263
2860,3932
2861,2570
2862,2810
2863,2595
2864,2535
2865,3101
2866,2075
2867,3235
2868,2626
2869,3643
2870,3790
2871,2402
2872,3663
2873,3277
2874,2222
2875,6264
2876,1932
2877,2314
2878,2094
2879,3670
2880,9779
2881,2717
2882,2850
2883,2585
2884,2388
2885,3780
2886,2465
2887,2052
2888,2431
2889,2761
2890,5358
2891,3937
2892,2090
2893,2859
2894,2043
2895,2603
2896,4037
2897,2633
2898,2886
2899,2605
2900,36361
2901,3159
2902,2190
2903,3812
2904,2314
2905,2916
2906,2082
2907,3399
2908,2807
2909,8944
2910,3192
2911,3313
2912,3405
2913,3151
2914,2874
2915,3994
2916,3429
2917,2470
2918,2576
2919,2246
2920,8534
2921,3546
2922,2456
2923,2720
2924,2022
2925,3835
2926,2242
2927,2738
2928,2608
2929,3387
2930,3862
2931,4590
2932,2785
2933,4262
2934,2405
2935,2476
2936,2722
2937,2682
2938,2272
2939,2242
2940,3247
2941,4008
2942,2285
2943,2600
2944,3496
2945,2224
2946,2209
2947,2396
2948,2245
2949,1997
2950,6560
2951,2689
2952,2759
2953,2187
2954,2313
2955,2851
2956,1843
2957,2539
2958,10068
2959,2238
2960,4531
2961,2300
2962,1964
2963,2881
2964,2085
2965,2567
2966,9019
2967,2259
2968,1979
2969,2139
2970,2822
2971,2278
2972,2230
2973,2780
2974,2036
2975,2899
2976,2115
2977,2600
2978,1918
2979,2920
2980,3443
2981,2222
2982,2597
2983,2113
2984,2190
2985,2401
2986,2211
2987,2603
2988,2218
2989,2739
2990,3676
2991,2429
2992,2494
2993,2376
2994,2266
2995,3939
2996,2193
2997,3399
2998,2126
2999,8036
3000,693187
3001,9659
3002,5743
3003,5989
3004,4203
3005,3797
3006,4312
3007,3132
3008,4375
3009,3506
3010,6942
3011,3467
3012,3693
3013,3412
3014,2861
3015,3935
3016,3375
3017,3162
3018,4260
3019,5158
3020,5305
3021,3914
3022,3165
3023,3205
3024,3400
3025,4379
3026,2434
3027,2489
3028,2501
3029,2506
3030,6710
3031,3603
3032,5120
3033,3897
3034,3138
3035,3416
3036,2869
3037,2213
3038,2933
3039,3389
3040,5368
3041,2188
3042,2583
3043,3060
3044,2375
3045,2867
3046,2478
3047,2456
3048,8559
3049,2570
3050,7735
3051,2952
3052,2665
3053,2509
3054,3208
3055,3885
3056,2562
3057,2854
3058,2276
3059,2699
3060,3921
3061,2322
3062,2532
3063,1971
3064,1981
3065,2489
3066,3879
3067,2542
3068,3119
3069,2034
3070,3633
3071,2750
3072,7195
3073,2295
3074,2082
3075,3039
3076,2203
3077,5326
3078,1831
3079,3111
3080,4159
3081,2774
3082,2533
3083,3293
3084,2099
3085,2797
3086,2409
3087,2631
3088,2645
3089,2353
3090,4145
3091,2847
3092,2025
3093,2622
3094,1914
3095,3225
3096,2255
3097,1949
3098,1970
3099,5318
3100,50499
3101,4655
3102,9409
3103,3164
3104,3077
3105,3621
3106,2646
3107,2740
3108,3770
3109,13492
3110,4485
3111,3875
3112,3316
3113,5314
3114,9557
3115,4369
3116,2918
3117,2706
3118,2161
3119,2446
3120,4918
3121,4323
3122,3272
3123,3279
3124,2987
3125,10290
3126,2073
3127,2519
3128,4307
3129,2540
3130,4859
3131,3188
3132,3819
3133,4984
3134,3390
3135,2830
3136,3237
3137,2655
3138,4077
3139,2443
3140,3057
3141,4058
3142,3438
3143,2552
3144,2326
3145,3591
3146,2163
3147,4327
3148,2667
3149,1906
3150,12011
3151,2429
3152,2153
3153,2087
3154,1745
3155,2847
3156,3413
3157,1878
3158,1973
3159,2098
3160,3013
3161,3194
3162,3304
3163,2408
3164,2395
3165,2193
3166,20377
3167,2819
3168,5220
3169,2204
3170,2909
3171,4127
3172,2033
3173,2141
3174,2628
3175,2754
3176,1999
3177,2232
3178,1577
3179,2418
3180,3879
3181,2722
3182,3388
3183,2173
3184,2235
3185,2733
3186,1993
3187,1927
3188,2016
3189,2361
3190,2717
3191,2194
3192,2739
3193,1667
3194,1772
3195,2425
3196,1557
3197,2222
3198,2201
3199,2127
3200,86255
3201,11556
3202,2647
3203,2245
3204,2202
3205,3799
3206,2136
3207,4827
3208,2227
3209,2116
3210,4388
3211,4750
3212,2527
3213,3867
3214,3035
3215,2977
3216,2485
3217,2602
3218,4144
3219,2615
3220,3377
3221,2462
3222,2408
3223,4483
3224,2518
3225,3689
3226,2225
3227,3319
3228,2239
3229,1938
3230,3271
3231,2501
3232,3214
3233,7284
3234,3379
3235,2613
3236,2560
3237,1960
3238,2837
3239,2085
3240,3596
3241,2298
3242,2684
3243,2282
3244,2257
3245,2432
3246,2722
3247,1474
3248,2359
3249,2705
3250,7756
3251,2010
3252,2039
3253,1640
3254,2160
3255,2714
3256,2929
3257,2243
3258,2342
3259,2170
3260,4727
3261,2882
3262,1973
3263,2367
3264,2692
3265,2265
3266,2603
3267,2332
3268,2162
3269,1614
3270,7170
3271,1689
3272,1760
3273,2025
3274,1944
3275,2306
3276,2307
3277,2263
3278,2825
3279,1881
3280,4944
3281,2926
3282,2096
3283,2023
3284,1870
3285,2444
3286,2235
3287,2194
3288,1770
3289,2304
3290,3032
3291,2173
3292,1570
3293,3163
3294,1706
3295,2176
3296,2127
3297,2078
3298,1734
3299,2783
3300,48830
3301,4328
3302,2500
3303,3037
3304,2123
3305,4612
3306,6428
3307,2551
3308,1959
3309,2365
3310,4465
3311,3604
3312,2150
3313,2570
3314,2741
3315,2509
3316,1907
3317,1714
3318,1841
3319,2150
3320,3031
3321,2921
3322,4291
3323,2314
3324,3108
3325,2852
3326,2306
3327,3067
3328,2263
3329,1726
3330,4336
3331,2335
3332,2485
3333,21717
3334,3522
3335,4116
3336,4958
3337,2813
3338,2744
3339,3059
3340,4793
3341,2017
3342,2013
3343,2437
3344,3475
3345,2709
3346,2454
3347,1796
3348,2011
3349,2056
3350,8630
3351,2406
3352,2360
3353,2631
3354,8695
3355,2454
3356,2300
3357,2045
3358,1883
3359,2207
3360,5688
3361,2262
3362,2540
3363,1838
3364,2013
3365,2735
3366,3098
3367,2503
3368,2166
3369,1512
3370,3771
3371,2173
3372,3158
3373,2085
3374,2029
3375,2855
3376,2410
3377,2515
3378,2166
3379,2652
3380,2837
3381,2157
3382,2656
3383,1729
3384,1849
3385,1963
3386,4691
3387,1613
3388,2076
3389,41427
3390,48430
3391,2638
3392,1378
3393,4154
3394,1690
3395,2361
3396,1767
3397,1616
3398,2228
3399,2508
3400,34687
3401,2823
3402,4384
3403,1911
3404,2546
3405,2457
3406,3834
3407,2221
3408,1997
3409,2449
3410,3199
3411,2141
3412,3794
3413,2663
3414,2392
3415,2354
3416,1741
3417,2101
3418,2284
3419,2162
3420,4285
3421,2359
3422,2184
3423,1975
3424,1626
3425,2208
3426,1733
3427,1728
3428,2106
3429,2133
3430,3360
3431,2042
3432,2652
3433,2376
3434,2952
3435,4268
3436,3482
3437,2369
3438,2956
3439,2234
3440,3528
3441,2671
3442,2136
3443,3028
3444,2193
3445,3809
3446,1498
3447,2450
3448,2194
3449,1897
3450,5103
3451,1705
3452,1831
3453,1708
3454,2306
3455,2109
3456,7665
3457,1753
3458,2043
3459,1854
3460,2099
3461,1516
3462,1895
3463,1982
3464,2221
3465,2113
3466,1870
3467,1860
3468,2194
3469,1638
3470,3646
3471,1885
3472,7857
3473,1581
3474,2178
3475,2588
3476,3723
3477,2277
3478,1855
3479,1617
3480,3548
3481,2076
3482,1695
3483,1655
3484,2335
3485,2108
3486,1798
3487,1604
3488,2273
3489,1846
3490,3248
3491,1661
3492,1936
3493,1434
3494,1595
3495,5066
3496,1662
3497,1535
3498,1175
3499,1730
3500,156885
3501,3208
3502,1785
3503,2114
3504,2000
3505,2674
3506,2175
3507,1753
3508,2471
3509,1654
3510,2916
3511,2253
3512,2796
3513,2286
3514,15279
3515,2228
3516,2071
3517,1666
3518,1922
3519,1765
3520,3907
3521,2414
3522,1789
3523,1981
3524,1861
3525,2313
3526,1809
3527,2801
3528,2729
3529,1587
3530,2782
3531,2164
3532,2639
3533,1787
3534,2237
3535,2884
3536,2423
3537,3266
3538,2306
3539,1975
3540,2712
3541,1930
3542,2808
3543,1897
3544,1734
3545,2078
3546,1792
3547,2036
3548,2033
3549,1953
3550,5273
3551,2063
3552,1815
3553,2073
3554,1659
3555,2864
3556,1953
3557,1607
3558,2408
3559,1813
3560,3045
3561,1735
3562,1747
3563,1407
3564,1592
3565,1939
3566,2123
3567,1616
3568,3924
3569,1579
3570,2890
3571,2108
3572,1819
3573,1690
3574,1399
3575,1723
3576,2233
3577,1541
3578,1499
3579,1466
3580,2772
3581,1480
3582,1542
3583,2096
3584,3193
3585,1824
3586,1535
3587,1722
3588,2976
3589,1657
3590,2513
3591,2274
3592,1789
3593,1525
3594,1556
3595,1292
3596,1579
3597,2047
3598,1482
3599,1952
3600,93347
3601,2958
3602,2141
3603,4692
3604,2083
3605,1799
3606,1566
3607,1525
3608,1875
3609,1559
3610,2457
3611,2137
3612,1600
3613,1823
3614,1557
3615,2396
3616,1924
3617,1611
3618,1744
3619,1312
3620,2203
3621,2066
3622,1738
3623,2075
3624,2236
3625,1931
3626,1678
3627,3325
3628,2962
3629,1924
3630,2716
3631,2752
3632,2178
3633,2067
3634,1523
3635,1658
3636,3774
3637,1669
3638,2909
3639,2849
3640,2975
3641,3200
3642,7890
3643,1998
3644,1570
3645,2009
3646,1981
3647,2015
3648,2389
3649,1589
3650,6342
3651,2523
3652,1749
3653,1721
3654,1668
3655,2056
3656,2006
3657,1922
3658,2043
3659,1735
3660,2582
3661,1827
3662,1423
3663,1882
3664,2179
3665,1675
3666,2224
3667,2154
3668,1732
3669,1398
3670,2088
3671,1790
3672,1625
3673,1319
3674,1608
3675,3121
3676,2599
3677,1535
3678,1881
3679,1781
3680,2866
3681,1905
3682,1574
3683,1773
3684,1760
3685,1813
3686,1642
3687,1924
3688,1492
3689,1658
3690,2219
3691,1093
3692,1580
3693,1682
3694,1140
3695,1930
3696,1617
3697,1711
3698,1332
3699,1703
3700,26225
3701,2819
3702,2122
3703,2353
3704,1927
3705,2174
3706,2102
3707,1460
3708,1682
3709,1334
3710,3074
3711,2411
3712,1938
3713,1746
3714,1517
3715,2018
3716,1309
3717,2373
3718,2418
3719,2762
3720,2558
3721,2158
3722,2040
3723,1716
3724,2338
3725,1662
3726,1782
3727,3214
3728,1582
3729,2322
3730,3313
3731,1785
3732,6981
3733,3231
3734,1398
3735,2379
3736,1811
3737,2547
3738,2448
3739,2798
3740,4258
3741,1945
3742,1953
3743,1585
3744,2124
3745,2978
3746,1791
3747,2026
3748,3991
3749,1623
3750,8413
3751,1767
3752,1691
3753,5007
3754,3414
3755,2833
3756,1503
3757,1871
3758,10682
3759,1468
3760,4380
3761,3787
3762,1890
3763,1644
3764,1644
3765,2020
3766,1805
3767,1800
3768,1690
3769,1815
3770,2377
3771,3951
3772,1590
3773,3076
3774,1653
3775,2079
3776,1811
3777,2230
3778,1624
3779,1287
3780,2436
3781,1980
3782,1547
3783,1796
3784,1933
3785,2372
3786,1807
3787,1286
3788,1276
3789,1638
3790,2076
3791,4718
3792,1526
3793,1401
3794,1361
3795,1677
3796,1514
3797,2920
3798,1343
3799,1424
3800,28658
3801,3108
3802,1610
3803,1970
3804,1679
3805,1661
3806,2678
3807,1855
3808,2042
3809,1963
3810,3289
3811,2030
3812,1933
3813,1811
3814,1620
3815,1753
3816,1871
3817,1658
3818,1448
3819,2104
3820,6763
3821,1701
3822,1327
3823,1920
3824,1716
3825,2121
3826,1660
3827,2602
3828,2290
3829,1623
3830,2082
3831,1698
3832,1922
3833,2299
3834,1694
3835,2170
3836,1259
3837,1355
3838,1777
3839,1957
3840,8225
3841,3484
3842,2835
3843,1931
3844,2632
3845,2203
3846,2346
3847,8989
3848,1798
3849,1345
3850,5084
3851,1584
3852,3370
3853,1547
3854,1380
3855,1627
3856,1460
3857,3203
3858,1430
3859,2579
3860,1892
3861,1522
3862,1463
3863,1810
3864,1580
3865,1566
3866,1120
3867,1809
3868,1743
3869,1246
3870,3134
3871,1616
3872,2811
3873,1862
3874,1240
3875,2039
3876,1569
3877,1488
3878,1212
3879,1124
3880,2221
3881,2399
3882,1535
3883,1594
3884,1201
3885,2063
3886,1699
3887,1617
3888,3045
3889,1743
3890,2033
3891,1889
3892,2517
3893,1367
3894,1689
3895,1519
3896,1597
3897,4965
3898,1339
3899,2065
3900,16922
3901,2180
3902,1503
3903,1698
3904,1784
3905,1505
3906,1972
3907,1589
3908,1799
3909,1603
3910,2108
3911,1833
3912,1493
3913,1532
3914,1577
3915,1877
3916,1773
3917,2011
3918,1493
3919,1485
3920,2443
3921,1767
3922,1936
3923,2642
3924,1461
3925,1486
3926,1488
3927,2183
3928,2238
3929,1654
3930,1764
3931,3761
3932,3178
3933,2108
3934,1745
3935,1465
3936,1566
3937,6077
3938,1563
3939,2079
3940,3949
3941,2428
3942,1915
3943,1513
3944,1319
3945,7567
3946,1729
3947,1744
3948,1219
3949,2337
3950,3850
3951,1434
3952,1774
3953,1451
3954,1559
3955,1863
3956,2032
3957,1404
3958,1936
3959,3553
3960,3896
3961,1752
3962,1617
3963,2366
3964,1850
3965,1753
3966,1664
3967,1475
3968,1630
3969,1870
3970,1513
3971,1488
3972,2154
3973,1362
3974,1178
3975,2887
3976,1697
3977,1776
3978,2417
3979,2239
3980,1913
3981,1733
3982,2088
3983,1307
3984,1334
3985,1767
3986,4202
3987,2281
3988,1453
3989,1689
3990,2064
3991,1711
3992,2045
3993,1609
3994,1351
3995,1539
3996,2055
3997,1407
3998,2211
3999,4370
4000,438104
4001,5921
4002,3826
4003,2861
4004,34675
4005,3118
4006,2791
4007,3637
4008,4920
4009,2385
4010,3881
4011,3923
4012,2643
4013,2905
4014,3063
4015,2486
4016,3089
4017,4753
4018,10099
4019,1335
4020,18793
4021,2769
4022,2210
4023,1963
4024,1967
4025,2655
4026,1689
4027,5208
4028,2023
4029,2377
4030,3451
4031,2248
4032,3010
4033,2852
4034,1993
4035,1602
4036,1703
4037,1950
4038,4007
4039,7889
4040,6193
4041,2540
4042,3691
4043,2642
4044,2824
4045,2496
4046,3072
4047,2899
4048,1857
4049,4483
4050,4926
4051,15350
4052,1725
4053,2507
4054,1574
4055,1940
4056,1813
4057,2072
4058,2041
4059,1290
4060,3319
4061,2016
4062,1922
4063,1337
4064,1971
4065,2630
4066,2658
4067,4134
4068,2021
4069,1649
4070,2605
4071,1528
4072,2429
4073,1759
4074,1603
4075,2797
4076,1305
4077,2006
4078,1208
4079,3234
4080,3011
4081,6188
4082,1899
4083,1352
4084,1413
4085,2062
4086,1984
4087,2034
4088,4159
4089,1368
4090,2669
4091,1690
4092,2054
4093,1938
4094,3236
4095,7421
4096,70002
4097,2149
4098,3336
4099,2282
4100,16481
4101,3713
4102,3668
4103,11227
4104,2152
4105,2721
4106,1711
4107,2100
4108,1614
4109,1571
4110,2450
4111,3238
4112,1782
4113,1813
4114,1755
4115,2143
4116,2518
4117,1439
4118,1691
4119,1807
4120,3932
4121,5540
4122,3528
4123,2887
4124,1594
4125,2567
4126,1610
4127,2674
4128,2791
4129,4713
4130,3466
4131,2012
4132,2083
4133,1807
4134,1588
4135,3158
4136,1498
4137,1887
4138,2001
4139,2306
4140,4202
4141,2831
4142,4979
4143,3184
4144,2121
4145,1774
4146,1458
4147,1541
4148,1810
4149,1432
4150,3549
4151,4201
4152,1561
4153,1639
4154,1790
4155,1851
4156,1744
4157,2641
4158,1620
4159,3399
4160,7254
4161,8152
4162,1742
4163,1512
4164,1391
4165,2961
4166,2226
4167,3451
4168,1513
4169,3364
4170,1738
4171,2066
4172,2927
4173,1430
4174,1384
4175,2490
4176,1323
4177,1356
4178,3101
4179,4383
4180,3522
4181,2359
4182,1613
4183,1320
4184,2982
4185,2082
4186,3594
4187,1589
4188,1216
4189,1535
4190,1689
4191,2353
4192,1784
4193,1619
4194,1502
4195,1814
4196,1568
4197,2280
4198,1192
4199,1460
4200,32073
4201,2533
4202,3415
4203,1847
4204,1519
4205,2640
4206,1675
4207,1619
4208,1743
4209,1687
4210,2459
4211,1579
4212,1982
4213,1967
4214,3468
4215,2332
4216,1214
4217,6981
4218,1296
4219,1705
4220,2229
4221,2276
4222,2949
4223,1714
4224,1914
4225,2546
4226,2374
4227,1857
4228,1023
4229,1585
4230,2278
4231,2162
4232,1809
4233,1660
4234,1403
4235,1309
4236,9278
4237,1467
4238,1884
4239,1346
4240,2770
4241,1981
4242,3376
4243,1909
4244,4426
4245,2938
4246,1461
4247,1467
4248,1756
4249,6670
4250,4860
4251,2441
4252,1291
4253,1927
4254,1941
4255,1522
4256,1484
4257,1922
4258,4822
4259,1873
4260,2228
4261,3122
4262,1965
4263,1604
4264,1545
4265,1541
4266,1706
4267,2473
4268,1032
4269,4724
4270,2719
4271,2098
4272,1523
4273,1639
4274,1613
4275,1617
4276,1142
4277,2492
4278,1612
4279,1774
4280,1773
4281,1961
4282,1813
4283,1205
4284,1127
4285,1455
4286,2276
4287,1477
4288,1720
4289,1724
4290,1910
4291,2307
4292,3730
4293,1164
4294,1444
4295,2125
4296,1637
4297,937
4298,1624
4299,1460
4300,18720
4301,3702
4302,2972
4303,2136
4304,1537
4305,1800
4306,1522
4307,1712
4308,1441
4309,1128
4310,2456
4311,2145
4312,2628
4313,1423
4314,2299
4315,1951
4316,1148
4317,1727
4318,1323
4319,4987
4320,5314
4321,6865
4322,2016
4323,1593
4324,9899
4325,2422
4326,9148
4327,2955
4328,2608
4329,1605
4330,2173
4331,6179
4332,2568
4333,2358
4334,1753
4335,1552
4336,1693
4337,1905
4338,1979
4339,1571
4340,3447
4341,1652
4342,1971
4343,2225
4344,1848
4345,3207
4346,1819
4347,1449
4348,1506
4349,1360
4350,4379
4351,2087
4352,1692
4353,1129
4354,1333
4355,1314
4356,3432
4357,7489
4358,1637
4359,1222
4360,3768
4361,1912
4362,1617
4363,1781
4364,1475
4365,1935
4366,2539
4367,1403
4368,1665
4369,1510
4370,1539
4371,1896
4372,1753
4373,1293
4374,1827
4375,3390
4376,1095
4377,3111
4378,986
4379,1141
4380,2697
4381,3393
4382,1597
4383,1465
4384,1990
4385,1350
4386,1142
4387,1546
4388,3746
4389,1265
4390,1998
4391,2083
4392,1435
4393,1543
4394,1408
4395,2325
4396,1610
4397,1326
4398,3137
4399,1817
4400,19544
4401,2661
4402,2621
4403,2466
4404,2509
4405,2413
4406,3672
4407,1466
4408,1803
4409,1705
4410,2330
4411,3213
4412,1935
4413,1551
4414,3208
4415,1792
4416,1368
4417,1421
4418,1727
4419,5554
4420,2366
4421,1572
4422,5215
4423,1546
4424,1917
4425,1936
4426,2444
4427,1474
4428,1318
4429,1210
4430,3017
4431,1630
4432,1544
4433,2100
4434,1569
4435,3265
4436,2183
4437,1909
4438,2910
4439,1099
4440,2054
4441,1913
4442,1487
4443,3594
4444,8925
4445,2334
4446,2709
4447,1778
4448,2349
4449,2805
4450,3336
4451,1316
4452,1759
4453,2430
4454,1426
4455,2046
4456,1514
4457,1868
4458,1354
4459,1147
4460,1604
4461,1228
4462,1681
4463,1383
4464,1769
4465,1294
4466,1451
4467,1249
4468,1349
4469,2005
4470,2973
4471,1654
4472,2111
4473,1393
4474,1542
4475,1869
4476,1080
4477,1703
4478,1153
4479,1301
4480,2129
4481,1540
4482,1365
4483,1346
4484,3204
4485,1894
4486,1615
4487,1218
4488,2383
4489,1824
4490,2280
4491,1679
4492,1101
4493,2579
4494,1619
4495,1849
4496,1648
4497,1253
4498,1287
4499,1992
4500,85433
4501,2112
4502,1370
4503,1984
4504,1712
4505,1819
4506,1370
4507,1789
4508,1111
4509,1452
4510,2927
4511,2707
4512,1394
4513,2475
4514,4222
4515,1484
4516,2373
4517,1267
4518,1079
4519,1234
4520,2429
4521,1757
4522,3302
4523,1382
4524,1148
4525,1642
4526,2173
4527,1635
4528,1808
4529,1595
4530,2984
4531,1479
4532,1328
4533,1468
4534,1312
4535,1875
4536,2869
4537,1940
4538,1270
4539,1821
4540,1954
4541,1525
4542,1385
4543,2369
4544,1440
4545,3710
4546,1704
4547,2503
4548,1735
4549,1293
4550,3415
4551,1521
4552,1656
4553,1780
4554,1504
4555,2473
4556,1664
4557,2227
4558,2041
4559,1638
4560,3121
4561,1278
4562,1796
4563,1460
4564,1239
4565,4169
4566,1717
4567,8286
4568,2019
4569,1546
4570,2444
4571,2386
4572,1679
4573,1615
4574,1334
4575,1810
4576,2609
4577,1141
4578,1666
4579,2101
4580,1874
4581,1355
4582,1352
4583,2008
4584,932
4585,1799
4586,1438
4587,1276
4588,1357
4589,1462
4590,2448
4591,1036
4592,1433
4593,1631
4594,1954
4595,1277
4596,1232
4597,1223
4598,1797
4599,1397
4600,18490
4601,2188
4602,1794
4603,2300
4604,1068
4605,2034
4606,1297
4607,1645
4608,2022
4609,1263
4610,2501
4611,1437
4612,2451
4613,2369
4614,4132
4615,2668
4616,1618
4617,1527
4618,1295
4619,1203
4620,2023
4621,1262
4622,3128
4623,2248
4624,1595
4625,2197
4626,1417
4627,2410
4628,1403
4629,1413
4630,2199
4631,1808
4632,1938
4633,1346
4634,5904
4635,1356
4636,5940
4637,1685
4638,1201
4639,1422
4640,1705
4641,1795
4642,1993
4643,1150
4644,1256
4645,1156
4646,1996
4647,2764
4648,2815
4649,2501
4650,2912
4651,2017
4652,1309
4653,1218
4654,1571
4655,1915
4656,1464
4657,1292
4658,2398
4659,987
4660,2631
4661,1129
4662,1158
4663,1550
4664,1124
4665,1747
4666,3723
4667,1734
4668,1318
4669,1645
4670,1753
4671,1324
4672,1343
4673,6883
4674,1739
4675,2029
4676,1842
4677,1622
4678,1475
4679,1883
4680,2703
4681,1355
4682,2327
4683,1115
4684,2679
4685,1242
4686,1666
4687,4199
4688,1227
4689,1070
4690,2587
4691,1250
4692,1086
4693,1323
4694,1875
4695,1832
4696,2300
4697,1402
4698,1250
4699,1774
4700,18012
4701,2110
4702,1451
4703,2175
4704,1651
4705,1245
4706,1142
4707,1327
4708,1217
4709,2155
4710,1962
4711,2841
4712,2267
4713,5340
4714,2223
4715,2109
4716,1136
4717,1109
4718,1304
4719,1125
4720,1872
4721,1217
4722,1284
4723,1517
4724,1485
4725,2592
4726,1086
4727,1252
4728,1777
4729,1823
4730,1677
4731,1519
4732,1537
4733,1412
4734,1092
4735,1388
4736,1751
4737,1074
4738,1493
4739,1264
4740,1496
4741,1077
4742,1407
4743,1344
4744,1542
4745,1446
4746,1386
4747,2115
4748,992
4749,2157
4750,4460
4751,2059
4752,1654
4753,1614
4754,1801
4755,2627
4756,1559
4757,2549
4758,2421
4759,2102
4760,2816
4761,1546
4762,1567
4763,1130
4764,828
4765,1561
4766,1905
4767,1308
4768,982
4769,1796
4770,7066
4771,1902
4772,1703
4773,1820
4774,1524
4775,1384
4776,1275
4777,1643
4778,1250
4779,980
4780,2076
4781,1753
4782,1301
4783,1283
4784,1187
4785,1305
4786,1407
4787,1512
4788,1118
4789,1512
4790,1584
4791,2016
4792,1260
4793,1898
4794,959
4795,1246
4796,1208
4797,1282
4798,1137
4799,1555
4800,30094
4801,1735
4802,1168
4803,1192
4804,1385
4805,2097
4806,1259
4807,1384
4808,1101
4809,967
4810,2238
4811,1768
4812,1285
4813,959
4814,1410
4815,1228
4816,1187
4817,1322
4818,1223
4819,5443
4820,1682
4821,1277
4822,2210
4823,1310
4824,972
4825,1294
4826,1451
4827,2384
4828,1474
4829,1141
4830,1241
4831,1718
4832,1933
4833,1552
4834,968
4835,1911
4836,1180
4837,1330
4838,2066
4839,1314
4840,2440
4841,1194
4842,1660
4843,1107
4844,1283
4845,33917
4846,3597
4847,964
4848,1921
4849,1547
4850,4115
4851,2015
4852,1205
4853,1217
4854,1293
4855,1027
4856,919
4857,1162
4858,1135
4859,1189
4860,2775
4861,1626
4862,1931
4863,1323
4864,1505
4865,1263
4866,1497
4867,1302
4868,1131
4869,938
4870,1666
4871,1152
4872,2777
4873,1542
4874,1183
4875,1687
4876,1614
4877,1650
4878,1605
4879,1779
4880,2840
4881,1060
4882,1345
4883,1565
4884,1573
4885,3349
4886,1435
4887,2117
4888,1242
4889,3728
4890,1602
4891,879
4892,1212
4893,998
4894,1257
4895,1051
4896,1212
4897,1366
4898,1230
4899,2495
4900,10735
4901,2025
4902,1232
4903,1078
4904,1164
4905,1240
4906,1286
4907,1103
4908,947
4909,1512
4910,1801
4911,2454
4912,1326
4913,1134
4914,1026
4915,1745
4916,1351
4917,1338
4918,992
4919,1347
4920,1494
4921,2236
4922,1889
4923,1280
4924,1675
4925,1781
4926,1360
4927,1049
4928,1195
4929,1980
4930,1738
4931,1374
4932,2573
4933,1382
4934,1324
4935,935
4936,1720
4937,1154
4938,1013
4939,2613
4940,1878
4941,1231
4942,1062
4943,925
4944,1275
4945,1766
4946,1129
4947,1661
4948,1333
4949,1772
4950,3362
4951,2432
4952,1863
4953,1310
4954,1307
4955,1466
4956,1692
4957,1132
4958,905
4959,1922
4960,1632
4961,1193
4962,1221
4963,1245
4964,1139
4965,923
4966,1367
4967,1139
4968,1570
4969,1238
4970,1941
4971,1427
4972,1094
4973,1077
4974,917
4975,1657
4976,930
4977,2218
4978,1594
4979,1088
4980,1551
4981,1176
4982,1137
4983,4990
4984,934
4985,1251
4986,1262
4987,1542
4988,1360
4989,1350
4990,2192
4991,1150
4992,1647
4993,4121
4994,1360
4995,1974
4996,1236
4997,1197
4998,1015
4999,3710
5000,542647
5001,6236
5002,3080
5003,2515
5004,2163
5005,4558
5006,2054
5007,2759
5008,1795
5009,1620
5010,3398
5011,4487
5012,1912
5013,1532
5014,1505
5015,1999
5016,1906
5017,2882
5018,1126
5019,1065
5020,2874
5021,1516
5022,1357
5023,1556
5024,1590
5025,1537
5026,2111
5027,2610
5028,1290
5029,1242
5030,4961
5031,1406
5032,1508
5033,1959
5034,1129
5035,1547
5036,1744
5037,1498
5038,1380
5039,1673
5040,6456
5041,1367
5042,1650
5043,982
5044,1392
5045,1541
5046,1546
5047,1758
5048,1351
5049,1214
5050,8557
5051,2493
5052,3433
5053,2632
5054,2097
5055,2600
5056,2054
5057,1292
5058,1206
5059,1189
5060,3929
5061,3210
5062,1971
5063,1706
5064,1122
5065,1121
5066,1513
5067,1712
5068,1643
5069,1514
5070,2447
5071,1128
5072,1400
5073,1212
5074,1444
5075,2655
5076,1484
5077,1258
5078,1526
5079,1090
5080,2080
5081,1422
5082,1179
5083,1655
5084,1524
5085,2148
5086,1228
5087,1071
5088,2049
5089,1600
5090,3017
5091,1131
5092,1038
5093,1315
5094,943
5095,1481
5096,1246
5097,1250
5098,1230
5099,1229
5100,25099
5101,1889
5102,2329
5103,1693
5104,1728
5105,1966
5106,1282
5107,1695
5108,1538
5109,1696
5110,3039
5111,2640
5112,1889
5113,1317
5114,2539
5115,1948
5116,1811
5117,1319
5118,1453
5119,1711
5120,5508
5121,1908
5122,1851
5123,1739
5124,1708
5125,2597
5126,1430
5127,1112
5128,4078
5129,1729
5130,1861
5131,1755
5132,1022
5133,1397
5134,1071
5135,1628
5136,992
5137,1192
5138,2000
5139,1580
5140,1879
5141,1489
5142,1290
5143,1433
5144,1465
5145,1898
5146,1246
5147,1285
5148,1217
5149,1271
5150,7661
5151,1917
5152,2174
5153,2366
5154,1664
5155,1891
5156,1159
5157,1490
5158,1385
5159,1238
5160,2762
5161,1503
5162,1281
5163,1281
5164,779
5165,1262
5166,1297
5167,1951
5168,971
5169,1169
5170,1267
5171,2307
5172,1347
5173,1895
5174,984
5175,1068
5176,1515
5177,1323
5178,1070
5179,1129
5180,1687
5181,1258
5182,1288
5183,1950
5184,2067
5185,1126
5186,1518
5187,1201
5188,1151
5189,1526
5190,1646
5191,1377
5192,8678
5193,5101
5194,12019
5195,3257
5196,1003
5197,994
5198,1275
5199,1938
5200,21113
5201,2177
5202,1527
5203,1204
5204,1511
5205,1414
5206,1378
5207,1175
5208,1380
5209,1787
5210,2348
5211,1370
5212,1753
5213,1619
5214,1626
5215,1621
5216,1495
5217,1203
5218,1604
5219,897
5220,2894
5221,1419
5222,1684
5223,2146
5224,1366
5225,3938
5226,1115
5227,1463
5228,942
5229,1415
5230,1829
5231,1662
5232,1200
5233,1280
5234,1792
5235,1829
5236,2007
5237,1360
5238,1160
5239,1053
5240,2126
5241,2114
5242,1356
5243,1311
5244,1001
5245,1527
5246,1679
5247,1556
5248,1863
5249,1249
5250,5731
5251,1734
5252,5503
5253,2318
5254,2064
5255,3393
5256,1354
5257,1286
5258,1574
5259,1392
5260,1759
5261,1641
5262,1682
5263,1438
5264,1129
5265,925
5266,2114
5267,1133
5268,1716
5269,1120
5270,1398
5271,1161
5272,1799
5273,1561
5274,2309
5275,1673
5276,932
5277,1135
5278,1582
5279,928
5280,14926
5281,2666
5282,1525
5283,1142
5284,931
5285,5227
5286,1120
5287,1264
5288,1259
5289,1022
5290,1762
5291,1858
5292,1505
5293,1403
5294,1771
5295,1292
5296,1553
5297,1095
5298,1259
5299,864
5300,16453
5301,2064
5302,1485
5303,1295
5304,1303
5305,1128
5306,2027
5307,1940
5308,1018
5309,2783
5310,1649
5311,1495
5312,1400
5313,1401
5314,1471
5315,1494
5316,1337
5317,1326
5318,1145
5319,1977
5320,2165
5321,2052
5322,2014
5323,1570
5324,1621
5325,2194
5326,1431
5327,1576
5328,1604
5329,1376
5330,1794
5331,1766
5332,1666
5333,2285
5334,2518
5335,1679
5336,1229
5337,1092
5338,1851
5339,1190
5340,1739
5341,2752
5342,1290
5343,1494
5344,1263
5345,2166
5346,1070
5347,8023
5348,1074
5349,1577
5350,2383
5351,1090
5352,1621
5353,2126
5354,1507
5355,2227
5356,2056
5357,1460
5358,1393
5359,1068
5360,1688
5361,1354
5362,1270
5363,1581
5364,1772
5365,1240
5366,1229
5367,1087
5368,1404
5369,1730
5370,1294
5371,2307
5372,1029
5373,1368
5374,1964
5375,1472
5376,1252
5377,1651
5378,1004
5379,1045
5380,1764
5381,2864
5382,1414
5383,1395
5384,851
5385,1340
5386,1753
5387,1927
5388,1256
5389,2031
5390,1805
5391,1358
5392,1200
5393,1622
5394,1120
5395,1886
5396,1316
5397,1089
5398,1294
5399,1286
5400,20221
5401,2122
5402,2078
5403,1751
5404,1048
5405,1569
5406,1541
5407,1580
5408,2122
5409,1541
5410,1915
5411,1959
5412,1227
5413,1252
5414,1920
5415,2955
5416,1375
5417,1491
5418,1589
5419,1492
5420,1603
5421,1485
5422,2247
5423,2348
5424,1575
5425,1683
5426,1136
5427,1633
5428,1363
5429,1262
5430,2300
5431,1330
5432,3859
5433,1873
5434,1173
5435,1336
5436,1085
5437,3275
5438,1034
5439,2190
5440,1812
5441,1741
5442,1974
5443,2025
5444,1844
5445,1647
5446,2002
5447,1153
5448,1428
5449,1618
5450,2178
5451,1696
5452,1354
5453,1566
5454,2300
5455,2194
5456,2546
5457,2009
5458,1692
5459,1391
5460,2003
5461,2288
5462,1324
5463,2193
5464,1368
5465,2045
5466,1547
5467,1945
5468,1637
5469,1407
5470,1964
5471,1424
5472,5199
5473,1242
5474,1418
5475,1383
5476,1020
5477,1290
5478,1241
5479,2193
5480,1785
5481,1643
5482,1190
5483,1840
5484,797
5485,1438
5486,2005
5487,1228
5488,1405
5489,1181
5490,1442
5491,1682
5492,1341
5493,1643
5494,1618
5495,2051
5496,1237
5497,1469
5498,1102
5499,1385
5500,49708
5501,1927
5502,1426
5503,1684
5504,2338
5505,1916
5506,1267
5507,1896
5508,1646
5509,1816
5510,1986
5511,1588
5512,1755
5513,1453
5514,1423
5515,1998
5516,901
5517,1535
5518,1221
5519,1245
5520,3131
5521,2073
5522,1518
5523,1141
5524,979
5525,1786
5526,1265
5527,1672
5528,1194
5529,1504
5530,1666
5531,1386
5532,2191
5533,1486
5534,1301
5535,1856
5536,1317
5537,1499
5538,1147
5539,2725
5540,1394
5541,1162
5542,1113
5543,1271
5544,2063
5545,1935
5546,980
5547,1374
5548,2078
5549,1292
5550,3338
5551,4337
5552,1734
5553,1430
5554,1523
5555,9879
5556,2607
5557,2450
5558,1671
5559,1874
5560,2398
5561,2923
5562,1195
5563,1714
5564,1602
5565,2400
5566,2629
5567,1171
5568,2414
5569,1058
5570,1906
5571,1177
5572,1395
5573,1669
5574,1463
5575,1189
5576,1126
5577,2104
5578,1394
5579,1031
5580,2108
5581,1325
5582,1743
5583,1026
5584,1442
5585,1809
5586,1191
5587,1371
5588,1576
5589,1101
5590,1597
5591,1272
5592,1201
5593,1106
5594,1384
5595,3088
5596,1187
5597,1467
5598,2058
5599,1462
5600,20244
5601,2768
5602,1269
5603,1425
5604,1219
5605,1760
5606,1941
5607,1863
5608,1143
5609,1508
5610,1555
5611,1485
5612,2108
5613,999
5614,1498
5615,1162
5616,1296
5617,1280
5618,1544
5619,1006
5620,1676
5621,1335
5622,1266
5623,1270
5624,1586
5625,5891
5626,1546
5627,1243
5628,916
5629,1034
5630,1667
5631,1438
5632,1707
5633,1506
5634,1297
5635,1511
5636,1617
5637,1530
5638,1016
5639,1629
5640,1696
5641,3092
5642,1417
5643,1641
5644,1080
5645,1376
5646,7094
5647,1202
5648,923
5649,1171
5650,2763
5651,1276
5652,1547
5653,1168
5654,1425
5655,1760
5656,1562
5657,1326
5658,2489
5659,1417
5660,1860
5661,1322
5662,1209
5663,1348
5664,1877
5665,2210
5666,1317
5667,1518
5668,1671
5669,1611
5670,2742
5671,1506
5672,1620
5673,1295
5674,1607
5675,1726
5676,1527
5677,1472
5678,8025
5679,1334
5680,2204
5681,1190
5682,1799
5683,1503
5684,1211
5685,930
5686,1596
5687,1806
5688,1411
5689,1389
5690,1613
5691,1205
5692,1115
5693,1190
5694,1862
5695,1527
5696,1080
5697,3508
5698,1048
5699,2057
5700,15600
5701,2615
5702,2449
5703,1989
5704,1204
5705,1833
5706,865
5707,1708
5708,2883
5709,1290
5710,1782
5711,1265
5712,2002
5713,1466
5714,2173
5715,1413
5716,1602
5717,2240
5718,2583
5719,960
5720,1560
5721,1428
5722,1687
5723,1270
5724,1771
5725,2570
5726,968
5727,1985
5728,2165
5729,1728
5730,11807
5731,1523
5732,1097
5733,1533
5734,1982
5735,2032
5736,1339
5737,1356
5738,881
5739,1233
5740,2057
5741,2282
5742,1593
5743,1482
5744,1150
5745,1435
5746,1629
5747,1178
5748,1391
5749,1709
5750,3063
5751,3391
5752,1585
5753,2077
5754,1853
5755,2161
5756,1913
5757,3603
5758,2770
5759,2939
5760,6233
5761,3136
5762,2917
5763,3177
5764,3381
5765,4061
5766,3012
5767,3614
5768,4393
5769,3048
5770,4462
5771,3755
5772,16374
5773,3540
5774,4502
5775,4415
5776,3358
5777,4544
5778,5826
5779,3145
5780,4185
5781,2894
5782,1955
5783,1188
5784,1521
5785,1134
5786,1429
5787,1250
5788,1401
5789,2885
5790,1819
5791,1329
5792,1838
5793,5343
5794,1074
5795,1317
5796,1187
5797,1092
5798,1041
5799,1285
5800,15933
5801,4356
5802,1844
5803,1176
5804,1181
5805,1901
5806,1570
5807,2327
5808,1985
5809,1936
5810,1855
5811,1609
5812,1600
5813,1692
5814,1121
5815,1177
5816,1100
5817,1271
5818,1383
5819,1380
5820,1562
5821,1201
5822,2487
5823,1773
5824,1342
5825,1129
5826,1219
5827,1264
5828,1296
5829,1380
5830,1852
5831,1552
5832,2029
5833,2143
5834,1321
5835,1069
5836,816
5837,1052
5838,845
5839,1221
5840,3462
5841,1407
5842,1162
5843,1128
5844,1027
5845,1757
5846,1646
5847,1128
5848,1240
5849,2167
5850,2267
5851,1256
5852,1815
5853,1412
5854,1022
5855,1359
5856,1224
5857,1181
5858,1988
5859,1762
5860,2607
5861,1496
5862,1122
5863,844
5864,1530
5865,1109
5866,3499
5867,1634
5868,2286
5869,1380
5870,1925
5871,1239
5872,970
5873,1006
5874,1426
5875,1595
5876,1539
5877,1311
5878,1248
5879,1137
5880,2374
5881,1355
5882,1491
5883,1216
5884,1509
5885,1154
5886,1063
5887,1363
5888,1833
5889,978
5890,2067
5891,1302
5892,1296
5893,1564
5894,1180
5895,1965
5896,1001
5897,2008
5898,1159
5899,1208
5900,8036
5901,1806
5902,1236
5903,1503
5904,1145
5905,1845
5906,1677
5907,2741
5908,1132
5909,2227
5910,1524
5911,1629
5912,1114
5913,939
5914,1123
5915,1698
5916,1467
5917,1259
5918,1471
5919,1477
5920,1628
5921,1181
5922,1341
5923,1628
5924,1239
5925,1529
5926,1316
5927,1381
5928,1110
5929,1087
5930,2127
5931,2039
5932,1176
5933,835
5934,999
5935,1041
5936,1060
5937,1925
5938,1264
5939,1280
5940,2144
5941,1324
5942,1419
5943,1181
5944,1216
5945,936
5946,1913
5947,1278
5948,1140
5949,2240
5950,2051
5951,1600
5952,1300
5953,1264
5954,1366
5955,1811
5956,1290
5957,1076
5958,1154
5959,1957
5960,1457
5961,1814
5962,3079
5963,1356
5964,1673
5965,1265
5966,1114
5967,1484
5968,1520
5969,864
5970,2094
5971,1195
5972,1120
5973,1171
5974,1086
5975,1749
5976,1024
5977,1057
5978,1576
5979,1817
5980,1463
5981,1651
5982,1067
5983,1105
5984,1321
5985,1423
5986,964
5987,1687
5988,1347
5989,1085
5990,1624
5991,1508
5992,1589
5993,1197
5994,1138
5995,1231
5996,1583
5997,1007
5998,1004
5999,2096
6000,290438
6001,5770
6002,2416
6003,3155
6004,1747
6005,1821
6006,2555
6007,1390
6008,2305
6009,2096
6010,3121
6011,2811
6012,2355
6013,2371
6014,1302
6015,1569
6016,1870
6017,1336
6018,1341
6019,1373
6020,2923
6021,2365
6022,2956
6023,1403
6024,1247
6025,1828
6026,1250
6027,1273
6028,2125
6029,750
6030,1978
6031,1260
6032,1814
6033,1620
6034,1380
6035,1311
6036,1233
6037,1345
6038,734
6039,1226
6040,1786
6041,1388
6042,2490
6043,1105
6044,1189
6045,1734
6046,1100
6047,1260
6048,1783
6049,1562
6050,7864
6051,1705
6052,2524
6053,1460
6054,1236
6055,2259
6056,1572
6057,1210
6058,1181
6059,1218
6060,2896
6061,6016
6062,2013
6063,2376
6064,1228
6065,1258
6066,1495
6067,1404
6068,1023
6069,937
6070,1846
6071,1246
6072,1096
6073,1033
6074,1002
6075,2069
6076,2327
6077,845
6078,1103
6079,1172
6080,3464
6081,917
6082,1290
6083,1271
6084,2222
6085,1392
6086,1249
6087,1202
6088,1415
6089,993
6090,2000
6091,1121
6092,1171
6093,2058
6094,1216
6095,1052
6096,1806
6097,1440
6098,878
6099,1567
6100,9071
6101,2440
6102,3233
6103,2253
6104,1186
6105,1544
6106,1562
6107,1487
6108,1312
6109,1648
6110,2082
6111,2803
6112,1343
6113,1163
6114,1249
6115,1551
6116,2051
6117,1242
6118,1594
6119,1094
6120,2329
6121,2085
6122,1221
6123,2534
6124,1786
6125,2360
6126,880
6127,1358
6128,3437
6129,1287
6130,1976
6131,1969
6132,1398
6133,1922
6134,1282
6135,1579
6136,1370
6137,1221
6138,1154
6139,1234
6140,1411
6141,1138
6142,882
6143,1741
6144,2200
6145,2095
6146,1069
6147,1152
6148,1630
6149,1158
6150,6153
6151,1538
6152,1475
6153,1150
6154,1795
6155,1344
6156,1742
6157,1198
6158,991
6159,903
6160,1980
6161,1280
6162,1626
6163,2332
6164,1907
6165,1643
6166,2008
6167,1213
6168,1083
6169,1580
6170,1481
6171,1019
6172,1166
6173,1001
6174,3837
6175,1312
6176,1997
6177,1463
6178,974
6179,1057
6180,3136
6181,1269
6182,1674
6183,1097
6184,1178
6185,1269
6186,1346
6187,1003
6188,1217
6189,1054
6190,1497
6191,1212
6192,1404
6193,1453
6194,1389
6195,1324
6196,1494
6197,1022
6198,1112
6199,1408
6200,11716
6201,1525
6202,1281
6203,4880
6204,1497
6205,1618
6206,1154
6207,1603
6208,1046
6209,1185
6210,2573
6211,1164
6212,1493
6213,1946
6214,2051
6215,1964
6216,1106
6217,1494
6218,1010
6219,863
6220,2082
6221,3456
6222,1534
6223,2275
6224,1577
6225,1607
6226,1888
6227,1121
6228,1367
6229,1187
6230,2336
6231,1669
6232,1422
6233,1474
6234,1322
6235,1231
6236,1496
6237,3237
6238,1388
6239,864
6240,4634
6241,1596
6242,2394
6243,979
6244,1153
6245,1007
6246,1558
6247,1197
6248,881
6249,1031
6250,5051
6251,2182
6252,1246
6253,1170
6254,1157
6255,937
6256,4704
6257,2162
6258,1475
6259,1240
6260,1563
6261,1558
6262,1858
6263,1203
6264,2448
6265,1825
6266,1406
6267,947
6268,1073
6269,1484
6270,1630
6271,1481
6272,2067
6273,5420
6274,1711
6275,1288
6276,1468
6277,1114
6278,2884
6279,1140
6280,1457
6281,1134
6282,1282
6283,1732
6284,1378
6285,1120
6286,907
6287,1096
6288,1333
6289,1109
6290,1078
6291,1668
6292,808
6293,959
6294,774
6295,868
6296,1174
6297,862
6298,1156
6299,1322
6300,11996
6301,1788
6302,2319
6303,1231
6304,1158
6305,1447
6306,1265
6307,709
6308,1097
6309,1416
6310,1595
6311,1264
6312,1377
6313,1072
6314,1007
6315,1310
6316,908
6317,1180
6318,1113
6319,1071
6320,1630
6321,1525
6322,1058
6323,954
6324,1599
6325,1408
6326,1043
6327,983
6328,1422
6329,1032
6330,1415
6331,1475
6332,1518
6333,1759
6334,2299
6335,1392
6336,1433
6337,795
6338,848
6339,1553
6340,1415
6341,1178
6342,1115
6343,973
6344,1098
6345,1127
6346,1162
6347,1140
6348,10824
6349,1037
6350,2093
6351,1266
6352,1073
6353,985
6354,794
6355,1167
6356,1869
6357,3551
6358,990
6359,709
6360,1357
6361,16278
6362,1290
6363,1780
6364,977
6365,1931
6366,1873
6367,1830
6368,1152
6369,1421
6370,2757
6371,6051
6372,1184
6373,1370
6374,1605
6375,1526
6376,845
6377,1181
6378,5902
6379,1671
6380,1875
6381,760
6382,985
6383,1355
6384,1467
6385,824
6386,1340
6387,792
6388,1351
6389,930
6390,1122
6391,1041
6392,1328
6393,1130
6394,867
6395,1564
6396,1133
6397,4533
6398,1211
6399,1422
6400,23471
6401,1711
6402,1722
6403,1039
6404,1049
6405,1347
6406,1191
6407,1189
6408,1087
6409,3112
6410,2413
6411,1137
6412,1249
6413,993
6414,948
6415,1375
6416,1445
6417,1097
6418,1175
6419,1033
6420,1888
6421,1022
6422,1546
6423,1335
6424,1247
6425,1479
6426,1166
6427,712
6428,1172
6429,2881
6430,1478
6431,1256
6432,1213
6433,1804
6434,1430
6435,1387
6436,861
6437,987
6438,1067
6439,760
6440,1991
6441,1402
6442,960
6443,1322
6444,1249
6445,1353
6446,1317
6447,905
6448,1268
6449,1114
6450,2142
6451,854
6452,907
6453,1241
6454,1513
6455,1259
6456,1210
6457,892
6458,1056
6459,1228
6460,1558
6461,1231
6462,934
6463,1169
6464,1705
6465,1457
6466,1608
6467,1228
6468,947
6469,1140
6470,1031
6471,1726
6472,1169
6473,1139
6474,1163
6475,1320
6476,996
6477,1067
6478,1505
6479,652
6480,2092
6481,871
6482,892
6483,950
6484,1930
6485,835
6486,730
6487,1195
6488,1309
6489,1133
6490,1486
6491,1253
6492,807
6493,835
6494,2217
6495,1228
6496,1045
6497,1016
6498,1315
6499,799
6500,44681
6501,2488
6502,48623
6503,1286
6504,1557
6505,1898
6506,1392
6507,1960
6508,1182
6509,919
6510,3622
6511,2871
6512,1427
6513,1017
6514,1331
6515,1469
6516,1288
6517,798
6518,1282
6519,957
6520,2591
6521,758
6522,1884
6523,1251
6524,1016
6525,1419
6526,1308
6527,1139
6528,989
6529,953
6530,1606
6531,1195
6532,1517
6533,1125
6534,1309
6535,2121
6536,946
6537,1231
6538,1157
6539,740
6540,1206
6541,1074
6542,1243
6543,3192
6544,1038
6545,1439
6546,704
6547,746
6548,846
6549,852
6550,2614
6551,1041
6552,1151
6553,1148
6554,1129
6555,1792
6556,1335
6557,1034
6558,1015
6559,1285
6560,1646
6561,3135
6562,1664
6563,1853
6564,892
6565,1923
6566,1476
6567,1717
6568,1217
6569,1058
6570,1768
6571,831
6572,826
6573,1176
6574,1041
6575,1110
6576,1114
6577,932
6578,1979
6579,899
6580,1624
6581,1486
6582,858
6583,1943
6584,1368
6585,2092
6586,754
6587,920
6588,1126
6589,765
6590,1248
6591,867
6592,798
6593,823
6594,818
6595,717
6596,2092
6597,1046
6598,854
6599,957
6600,17975
6601,1331
6602,1072
6603,1255
6604,1351
6605,1512
6606,1210
6607,959
6608,929
6609,711
6610,1700
6611,2562
6612,1347
6613,3254
6614,1103
6615,808
6616,910
6617,906
6618,1080
6619,1265
6620,1822
6621,942
6622,1317
6623,1035
6624,1384
6625,1139
6626,881
6627,784
6628,624
6629,736
6630,1759
6631,844
6632,7540
6633,1459
6634,933
6635,920
6636,926
6637,672
6638,988
6639,861
6640,1363
6641,1172
6642,1887
6643,1389
6644,1156
6645,1157
6646,1181
6647,757
6648,1204
6649,1478
6650,1655
6651,937
6652,924
6653,1285
6654,758
6655,1970
6656,1417
6657,972
6658,724
6659,878
6660,1540
6661,1061
6662,953
6663,1353
6664,1177
6665,1444
6666,6096
6667,7916
6668,1634
6669,1163
6670,1629
6671,1805
6672,1284
6673,1962
6674,1317
6675,1033
6676,2033
6677,1473
6678,1353
6679,715
6680,2126
6681,879
6682,840
6683,702
6684,1103
6685,967
6686,1129
6687,908
6688,1034
6689,979
6690,1166
6691,910
6692,734
6693,918
6694,988
6695,915
6696,998
6697,1606
6698,897
6699,1457
6700,8440
6701,1383
6702,1042
6703,1028
6704,1620
6705,935
6706,888
6707,1653
6708,1513
6709,1866
6710,1850
6711,909
6712,1291
6713,988
6714,773
6715,1323
6716,918
6717,904
6718,1296
6719,990
6720,2263
6721,866
6722,1019
6723,1236
6724,1137
6725,1085
6726,2299
6727,1112
6728,822
6729,1386
6730,1617
6731,2323
6732,1052
6733,1088
6734,1258
6735,1458
6736,28049
6737,851
6738,1039
6739,791
6740,1226
6741,956
6742,1798
6743,998
6744,1730
6745,1540
6746,665
6747,2585
6748,1491
6749,2270
6750,3144
6751,2045
6752,2271
6753,914
6754,1126
6755,1192
6756,1041
6757,1647
6758,1124
6759,801
6760,1535
6761,980
6762,1102
6763,1842
6764,1064
6765,2083
6766,965
6767,1591
6768,1033
6769,1965
6770,1630
6771,1394
6772,1195
6773,1469
6774,1637
6775,1000
6776,1229
6777,1530
6778,1127
6779,1660
6780,1121
6781,1142
6782,1378
6783,969
6784,1099
6785,1920
6786,1052
6787,1426
6788,749
6789,4586
6790,1256
6791,1669
6792,1060
6793,1092
6794,896
6795,1226
6796,743
6797,1122
6798,1061
6799,1115
6800,18031
6801,1691
6802,1219
6803,3545
6804,2072
6805,1300
6806,1392
6807,1033
6808,1417
6809,5720
6810,2700
6811,2336
6812,966
6813,1076
6814,1803
6815,957
6816,1014
6817,1610
6818,1073
6819,2392
6820,2030
6821,1196
6822,4748
6823,1641
6824,1095
6825,1690
6826,2037
6827,985
6828,773
6829,1153
6830,1324
6831,1161
6832,1010
6833,1129
6834,1086
6835,869
6836,858
6837,1357
6838,905
6839,993
6840,1303
6841,1132
6842,1378
6843,905
6844,1175
6845,2163
6846,1307
6847,966
6848,1261
6849,853
6850,2016
6851,1968
6852,1134
6853,1030
6854,1803
6855,1499
6856,1122
6857,869
6858,1003
6859,1580
6860,892
6861,1208
6862,694
6863,691
6864,1294
6865,970
6866,995
6867,678
6868,2032
6869,1003
6870,1605
6871,907
6872,2829
6873,932
6874,967
6875,3483
6876,1048
6877,1340
6878,855
6879,2033
6880,1377
6881,1304
6882,1215
6883,1029
6884,1035
6885,1021
6886,1212
6887,1024
6888,2467
6889,1266
6890,1493
6891,1340
6892,1681
6893,857
6894,1856
6895,1159
6896,766
6897,833
6898,976
6899,783
6900,5727
6901,1326
6902,1286
6903,1088
6904,916
6905,1045
6906,1255
6907,1102
6908,503
6909,1509
6910,1866
6911,1465
6912,1243
6913,756
6914,1039
6915,1460
6916,1446
6917,1700
6918,1592
6919,813
6920,1773
6921,1031
6922,1518
6923,1025
6924,1892
6925,1217
6926,751
6927,1005
6928,992
6929,949
6930,2052
6931,1324
6932,914
6933,1228
6934,1608
6935,1364
6936,995
6937,1137
6938,906
6939,2537
6940,1582
6941,2124
6942,1074
6943,794
6944,1164
6945,872
6946,3587
6947,1055
6948,823
6949,751
6950,1566
6951,1254
6952,938
6953,625
6954,1179
6955,1080
6956,877
6957,716
6958,860
6959,1166
6960,1930
6961,976
6962,971
6963,1093
6964,818
6965,1732
6966,764
6967,910
6968,2654
6969,1169
6970,1792
6971,1074
6972,1390
6973,1061
6974,1014
6975,1054
6976,2415
6977,1419
6978,660
6979,1576
6980,1287
6981,1366
6982,1174
6983,1101
6984,1472
6985,1094
6986,977
6987,897
6988,968
6989,2916
6990,1399
6991,1078
6992,1606
6993,1046
6994,894
6995,2350
6996,1983
6997,866
6998,1178
6999,1587
7000,177269
7001,4383
7002,2027
7003,1487
7004,1680
7005,1782
7006,4458
7007,10054
7008,1879
7009,2330
7010,2565
7011,3750
7012,2100
7013,1071
7014,1310
7015,2860
7016,1102
7017,2278
7018,2558
7019,1042
7020,4590
7021,2053
7022,2011
7023,1938
7024,1647
7025,1637
7026,1805
7027,3331
7028,1424
7029,1461
7030,4074
7031,1461
7032,983
7033,978
7034,3762
7035,1142
7036,3236
7037,3104
7038,1164
7039,1282
7040,2726
7041,1682
7042,1658
7043,1639
7044,2452
7045,1256
7046,1160
7047,1087
7048,1094
7049,1414
7050,2294
7051,1322
7052,1778
7053,1291
7054,1362
7055,1653
7056,1447
7057,1319
7058,1560
7059,1302
7060,1645
7061,1389
7062,1272
7063,1954
7064,1386
7065,1184
7066,1093
7067,769
7068,1316
7069,1362
7070,3325
7071,5146
7072,1847
7073,1148
7074,1102
7075,5037
7076,1129
7077,2116
7078,1717
7079,1376
7080,2255
7081,1084
7082,1475
7083,2271
7084,1569
7085,1437
7086,711
7087,1080
7088,1261
7089,1236
7090,8202
7091,2130
7092,1429
7093,966
7094,6149
7095,1143
7096,1256
7097,886
7098,1153
7099,3120
7100,11565
7101,1735
7102,2276
7103,1839
7104,1678
7105,1315
7106,1693
7107,1326
7108,1463
7109,1244
7110,3484
7111,1845
7112,1516
7113,1400
7114,1052
7115,888
7116,1099
7117,2013
7118,884
7119,1474
7120,2800
7121,1730
7122,1309
7123,1905
7124,1304
7125,1451
7126,2725
7127,1027
7128,1249
7129,1340
7130,1380
7131,1840
7132,988
7133,1554
7134,2820
7135,1360
7136,4711
7137,2018
7138,885
7139,2425
7140,1546
7141,3851
7142,1584
7143,1672
7144,971
7145,1540
7146,5239
7147,857
7148,1706
7149,688
7150,2882
7151,1351
7152,1826
7153,2349
7154,1357
7155,1522
7156,1987
7157,812
7158,1149
7159,1323
7160,1645
7161,1127
7162,1008
7163,1282
7164,1595
7165,1354
7166,1559
7167,19074
7168,1488
7169,949
7170,1483
7171,2338
7172,2086
7173,1515
7174,1517
7175,1024
7176,1986
7177,1230
7178,1476
7179,823
7180,1600
7181,1901
7182,1505
7183,2014
7184,926
7185,3283
7186,1720
7187,947
7188,1640
7189,1168
7190,5898
7191,991
7192,1223
7193,1180
7194,1118
7195,2553
7196,1133
7197,799
7198,1102
7199,1415
7200,22680
7201,1820
7202,1949
7203,1494
7204,2066
7205,1183
7206,2108
7207,1577
7208,1503
7209,1434
7210,1358
7211,1240
7212,984
7213,1037
7214,1784
7215,1440
7216,6869
7217,923
7218,1176
7219,1222
7220,1815
7221,1298
7222,1730
7223,1516
7224,1158
7225,1756
7226,963
7227,1457
7228,1276
7229,1025
7230,1840
7231,1736
7232,1445
7233,2472
7234,2104
7235,1452
7236,1476
7237,954
7238,1044
7239,876
7240,1368
7241,1202
7242,1301
7243,2102
7244,1556
7245,1362
7246,1620
7247,1144
7248,1162
7249,927
7250,2428
7251,985
7252,1857
7253,1076
7254,1088
7255,1148
7256,2114
7257,957
7258,1538
7259,703
7260,1523
7261,1477
7262,1446
7263,1345
7264,1166
7265,1171
7266,1414
7267,909
7268,984
7269,929
7270,1308
7271,975
7272,2649
7273,1440
7274,1392
7275,1452
7276,1823
7277,2233
7278,1068
7279,1140
7280,1930
7281,1182
7282,1212
7283,951
7284,1343
7285,1085
7286,939
7287,1063
7288,1436
7289,3007
7290,1755
7291,1107
7292,1372
7293,2319
7294,1106
7295,1731
7296,989
7297,1691
7298,1217
7299,951
7300,8209
7301,1694
7302,2607
7303,1498
7304,1243
7305,2288
7306,1274
7307,1521
7308,1102
7309,911
7310,1687
7311,1090
7312,1031
7313,671
7314,994
7315,1083
7316,1188
7317,1083
7318,860
7319,1940
7320,3047
7321,1362
7322,1517
7323,1574
7324,1215
7325,2249
7326,6487
7327,1304
7328,888
7329,1295
7330,1666
7331,2975
7332,753
7333,2026
7334,1892
7335,1294
7336,1147
7337,1545
7338,978
7339,899
7340,1925
7341,947
7342,884
7343,807
7344,1026
7345,1124
7346,1212
7347,1222
7348,1390
7349,847
7350,1844
7351,1275
7352,1050
7353,786
7354,926
7355,1325
7356,2114
7357,1366
7358,1230
7359,897
7360,2463
7361,1533
7362,918
7363,814
7364,1135
7365,1138
7366,1386
7367,1048
7368,1025
7369,1171
7370,1972
7371,1655
7372,1220
7373,1784
7374,1268
7375,1760
7376,1015
7377,1407
7378,2304
7379,753
7380,1825
7381,2083
7382,2443
7383,898
7384,1483
7385,1380
7386,1348
7387,1666
7388,1533
7389,818
7390,1931
7391,3360
7392,1327
7393,2948
7394,1243
7395,867
7396,1334
7397,880
7398,797
7399,918
7400,11437
7401,1579
7402,1986
7403,1705
7404,2780
7405,1652
7406,1035
7407,1792
7408,3481
7409,1054
7410,1854
7411,1456
7412,1111
7413,1106
7414,1855
7415,884
7416,1111
7417,1000
7418,723
7419,713
7420,1658
7421,2395
7422,1667
7423,925
7424,1621
7425,5682
7426,982
7427,1079
7428,592
7429,1772
7430,1404
7431,1345
7432,6111
7433,1352
7434,1566
7435,1235
7436,1305
7437,872
7438,962
7439,1990
7440,5911
7441,1101
7442,854
7443,785
7444,1375
7445,1114
7446,2391
7447,2288
7448,1309
7449,1050
7450,2052
7451,2194
7452,1007
7453,1870
7454,1112
7455,1269
7456,3550
7457,1099
7458,3742
7459,1093
7460,1288
7461,838
7462,1235
7463,1636
7464,1025
7465,1153
7466,748
7467,940
7468,1128
7469,1015
7470,1766
7471,1139
7472,1361
7473,870
7474,1878
7475,2695
7476,1466
7477,896
7478,1806
7479,1186
7480,1626
7481,1593
7482,983
7483,1051
7484,2551
7485,1299
7486,4168
7487,2343
7488,1539
7489,1522
7490,1779
7491,1371
7492,1220
7493,1088
7494,1059
7495,1133
7496,958
7497,986
7498,1460
7499,2159
7500,44178
7501,1420
7502,1249
7503,4008
7504,1188
7505,933
7506,8625
7507,1050
7508,557
7509,3693
7510,1312
7511,1510
7512,1189
7513,1959
7514,1457
7515,1114
7516,2461
7517,1083
7518,1003
7519,2060
7520,1432
7521,1147
7522,1077
7523,984
7524,3674
7525,1796
7526,1116
7527,1000
7528,1280
7529,989
7530,1395
7531,1252
7532,787
7533,1459
7534,1122
7535,1128
7536,1114
7537,1271
7538,2501
7539,876
7540,1603
7541,1118
7542,961
7543,1495
7544,891
7545,749
7546,6373
7547,878
7548,1014
7549,939
7550,1959
7551,1543
7552,1030
7553,1322
7554,12387
7555,1854
7556,877
7557,938
7558,762
7559,1103
7560,1279
7561,832
7562,1256
7563,724
7564,931
7565,1049
7566,2951
7567,1225
7568,945
7569,624
7570,1205
7571,963
7572,801
7573,674
7574,729
7575,2155
7576,880
7577,1336
7578,788
7579,1027
7580,3298
7581,859
7582,1031
7583,853
7584,747
7585,957
7586,895
7587,1375
7588,1193
7589,2157
7590,1589
7591,2349
7592,1271
7593,1005
7594,1415
7595,938
7596,606
7597,813
7598,779
7599,1053
7600,11272
7601,1546
7602,1048
7603,3082
7604,1523
7605,1012
7606,3230
7607,2729
7608,1274
7609,1089
7610,4463
7611,2196
7612,895
7613,7561
7614,3572
7615,984
7616,1130
7617,822
7618,1965
7619,3793
7620,1188
7621,1065
7622,1090
7623,1134
7624,1464
7625,1609
7626,980
7627,1181
7628,871
7629,854
7630,1037
7631,1140
7632,2016
7633,1020
7634,1976
7635,1811
7636,1108
7637,5782
7638,836
7639,1094
7640,1321
7641,2721
7642,742
7643,3985
7644,834
7645,2254
7646,1404
7647,1618
7648,1489
7649,991
7650,1860
7651,916
7652,1496
7653,1762
7654,1742
7655,698
7656,3070
7657,930
7658,1845
7659,1001
7660,1540
7661,2526
7662,1212
7663,1082
7664,1926
7665,1055
7666,1012
7667,2330
7668,1575
7669,1046
7670,861
7671,1926
7672,889
7673,842
7674,1713
7675,788
7676,1517
7677,1017
7678,1744
7679,2832
7680,3053
7681,1654
7682,855
7683,948
7684,825
7685,1083
7686,907
7687,2583
7688,923
7689,1150
7690,1260
7691,771
7692,3092
7693,750
7694,816
7695,2173
7696,2016
7697,831
7698,1182
7699,683
7700,9573
7701,2783
7702,1475
7703,694
7704,1090
7705,1174
7706,719
7707,1084
7708,1127
7709,1180
7710,2061
7711,1842
7712,1297
7713,1317
7714,1642
7715,1235
7716,1259
7717,14199
7718,866
7719,1144
7720,1231
7721,1011
7722,2387
7723,1243
7724,889
7725,1236
7726,1350
7727,1428
7728,1043
7729,1198
7730,2157
7731,579
7732,1057
7733,1259
7734,3053
7735,4019
7736,980
7737,1209
7738,878
7739,742
7740,1251
7741,852
7742,1447
7743,1291
7744,991
7745,1700
7746,829
7747,1320
7748,3360
7749,1235
7750,1644
7751,805
7752,812
7753,1749
7754,764
7755,1413
7756,912
7757,1241
7758,1450
7759,1458
7760,1456
7761,942
7762,899
7763,689
7764,1314
7765,831
7766,1339
7767,1008
7768,993
7769,790
7770,1420
7771,1341
7772,843
7773,918
7774,1080
7775,1062
7776,1974
7777,7012
7778,2041
7779,1404
7780,1235
7781,982
7782,2224
7783,1379
7784,824
7785,863
7786,1081
7787,1199
7788,1947
7789,1354
7790,1256
7791,1075
7792,760
7793,1696
7794,854
7795,1401
7796,757
7797,721
7798,605
7799,2262
7800,11018
7801,1137
7802,1285
7803,3299
7804,576
7805,11065
7806,1273
7807,635
7808,1467
7809,1044
7810,1837
7811,914
7812,3427
7813,1010
7814,1312
7815,1062
7816,2075
7817,8569
7818,1727
7819,862
7820,951
7821,878
7822,1415
7823,612
7824,1545
7825,2011
7826,801
7827,1638
7828,809
7829,882
7830,798
7831,897
7832,674
7833,1334
7834,792
7835,923
7836,1595
7837,901
7838,912
7839,866
7840,1267
7841,751
7842,482
7843,963
7844,1812
7845,875
7846,612
7847,893
7848,1297
7849,588
7850,1958
7851,709
7852,795
7853,1292
7854,2814
7855,826
7856,666
7857,851
7858,1575
7859,593
7860,1513
7861,1803
7862,970
7863,1628
7864,6426
7865,961
7866,1589
7867,2222
7868,1346
7869,1861
7870,1149
7871,659
7872,1480
7873,972
7874,1276
7875,1083
7876,2641
7877,839
7878,1515
7879,1402
7880,1152
7881,1669
7882,1101
7883,915
7884,994
7885,1636
7886,841
7887,992
7888,1911
7889,789
7890,4342
7891,793
7892,1156
7893,969
7894,2457
7895,602
7896,859
7897,1366
7898,674
7899,1244
7900,5534
7901,1275
7902,1082
7903,3066
7904,811
7905,1244
7906,1050
7907,803
7908,1051
7909,1621
7910,2106
7911,763
7912,1333
7913,1308
7914,6472
7915,1863
7916,1136
7917,1427
7918,1058
7919,1046
7920,3366
7921,1070
7922,1996
7923,8306
7924,1251
7925,1883
7926,1126
7927,796
7928,764
7929,575
7930,1313
7931,1203
7932,738
7933,1345
7934,688
7935,1145
7936,1219
7937,816
7938,1144
7939,863
7940,918
7941,1229
7942,1497
7943,736
7944,936
7945,800
7946,1119
7947,617
7948,619
7949,575
7950,1774
7951,651
7952,782
7953,562
7954,1091
7955,697
7956,776
7957,837
7958,701
7959,805
7960,1105
7961,785
7962,780
7963,604
7964,550
7965,793
7966,1035
7967,2037
7968,1018
7969,603
7970,1434
7971,1013
7972,680
7973,1444
7974,1744
7975,676
7976,2049
7977,848
7978,628
7979,1755
7980,2270
7981,1426
7982,667
7983,578
7984,721
7985,675
7986,597
7987,646
7988,602
7989,721
7990,1231
7991,814
7992,839
7993,885
7994,988
7995,1050
7996,579
7997,677
7998,7883
7999,1788
8000,214769
8001,4247
8002,2026
8003,1622
8004,1369
8005,1604
8006,2666
8007,2504
8008,18147
8009,2161
8010,4206
8011,1197
8012,1299
8013,880
8014,11014
8015,891
8016,1081
8017,1002
8018,18975
8019,1090
8020,6520
8021,3466
8022,1687
8023,1140
8024,1136
8025,1630
8026,1130
8027,2258
8028,5157
8029,1209
8030,1427
8031,3122
8032,5354
8033,1491
8034,1280
8035,1502
8036,1525
8037,1245
8038,3589
8039,1928
8040,1814
8041,1118
8042,1416
8043,869
8044,1222
8045,742
8046,966
8047,10826
8048,3960
8049,931
8050,6904
8051,33070
8052,3602
8053,7594
8054,1347
8055,1771
8056,770
8057,1813
8058,4366
8059,941
8060,1211
8061,6449
8062,1515
8063,1043
8064,1362
8065,1862
8066,1091
8067,791
8068,782
8069,2029
8070,3211
8071,2519
8072,849
8073,892
8074,1027
8075,9642
8076,849
8077,1062
8078,5357
8079,827
8080,57099
8081,2395
8082,1784
8083,2644
8084,1226
8085,23839
8086,60458
8087,10425
8088,25094
8089,2775
8090,2971
8091,1812
8092,1220
8093,1474
8094,1421
8095,1098
8096,1316
8097,569
8098,757
8099,1687
8100,7453
8101,2077
8102,1199
8103,1232
8104,1165
8105,886
8106,1234
8107,670
8108,4723
8109,4171
8110,1736
8111,2294
8112,975
8113,1696
8114,1013
8115,916
8116,813
8117,3116
8118,2095
8119,1345
8120,1796
8121,1029
8122,5195
8123,1507
8124,980
8125,2823
8126,3396
8127,779
8128,2521
8129,3001
8130,3298
8131,3473
8132,1185
8133,4931
8134,995
8135,4671
8136,996
8137,7833
8138,2425
8139,2118
8140,1628
8141,1102
8142,1222
8143,1566
8144,1347
8145,871
8146,1439
8147,5124
8148,596
8149,865
8150,1472
8151,1486
8152,1117
8153,8086
8154,1192
8155,2021
8156,2301
8157,1525
8158,1056
8159,868
8160,8053
8161,1391
8162,1022
8163,808
8164,794
8165,3719
8166,4807
8167,1314
8168,918
8169,809
8170,976
8171,1067
8172,811
8173,2160
8174,922
8175,701
8176,3480
8177,1103
8178,663
8179,1920
8180,1143
8181,1917
8182,1465
8183,1119
8184,1641
8185,798
8186,1229
8187,613
8188,1141
8189,831
8190,1558
8191,2971
8192,71581
8193,1103
8194,1696
8195,1533
8196,1388
8197,753
8198,860
8199,927
8200,10154
8201,1926
8202,1240
8203,2776
8204,2193
8205,6312
8206,3267
8207,840
8208,1157
8209,938
8210,2414
8211,7931
8212,5713
8213,3591
8214,1346
8215,896
8216,3283
8217,32780
8218,5087
8219,605
8220,11723
8221,16427
8222,1760
8223,4889
8224,1159
8225,1902
8226,2855
8227,670
8228,2551
8229,1575
8230,4430
8231,807
8232,1821
8233,1048
8234,1069
8235,1188
8236,880
8237,1637
8238,1407
8239,1970
8240,3142
8241,1458
8242,1481
8243,1151
8244,929
8245,918
8246,772
8247,7517
8248,7285
8249,899
8250,4797
8251,1521
8252,2502
8253,2471
8254,2353
8255,16756
8256,1566
8257,1203
8258,2161
8259,3946
8260,1756
8261,1287
8262,1914
8263,2924
8264,4586
8265,1565
8266,1459
8267,849
8268,605
8269,806
8270,1101
8271,806
8272,815
8273,962
8274,1314
8275,1009
8276,1721
8277,565
8278,1011
8279,3190
8280,1131
8281,986
8282,2147
8283,939
8284,2296
8285,1089
8286,3032
8287,982
8288,1981
8289,1219
8290,1469
8291,698
8292,841
8293,1000
8294,630
8295,1477
8296,546
8297,796
8298,878
8299,842
8300,6564
8301,2010
8302,817
8303,1282
8304,865
8305,1085
8306,1715
8307,742
8308,1835
8309,954
8310,1379
8311,1571
8312,6478
8313,1617
8314,1419
8315,845
8316,717
8317,2251
8318,924
8319,753
8320,1235
8321,1184
8322,2056
8323,800
8324,1003
8325,906
8326,1245
8327,828
8328,713
8329,1234
8330,1754
8331,1007
8332,1201
8333,4325
8334,987
8335,674
8336,985
8337,1027
8338,970
8339,2336
8340,791
8341,874
8342,1384
8343,964
8344,1301
8345,647
8346,1274
8347,773
8348,1651
8349,864
8350,1902
8351,1218
8352,777
8353,966
8354,465
8355,1045
8356,1353
8357,679
8358,725
8359,1225
8360,1453
8361,1322
8362,611
8363,445
8364,1662
8365,765
8366,1391
8367,741
8368,997
8369,1863
8370,1050
8371,1770
8372,911
8373,4400
8374,875
8375,1260
8376,1368
8377,972
8378,1001
8379,626
8380,955
8381,695
8382,860
8383,1166
8384,993
8385,3671
8386,1653
8387,1291
8388,1070
8389,900
8390,1691
8391,946
8392,976
8393,539
8394,569
8395,746
8396,853
8397,543
8398,826
8399,742
8400,8545
8401,1184
8402,963
8403,757
8404,821
8405,936
8406,733
8407,606
8408,1054
8409,682
8410,1007
8411,839
8412,1662
8413,1134
8414,1055
8415,1163
8416,2437
8417,788
8418,880
8419,1019
8420,1620
8421,1619
8422,1123
8423,975
8424,8272
8425,1030
8426,623
8427,721
8428,744
8429,594
8430,850
8431,1490
8432,1295
8433,626
8434,531
8435,869
8436,2193
8437,775
8438,716
8439,514
8440,1124
8441,1110
8442,1354
8443,1889
8444,1475
8445,728
8446,1203
8447,1039
8448,848
8449,624
8450,1237
8451,1293
8452,2373
8453,1298
8454,737
8455,850
8456,831
8457,1571
8458,601
8459,639
8460,1108
8461,752
8462,1089
8463,1096
8464,869
8465,633
8466,746
8467,892
8468,633
8469,769
8470,1070
8471,664
8472,2943
8473,720
8474,730
8475,820
8476,2295
8477,880
8478,1109
8479,501
8480,911
8481,693
8482,1232
8483,456
8484,1501
8485,942
8486,1657
8487,933
8488,1015
8489,631
8490,690
8491,1172
8492,698
8493,13328
8494,594
8495,993
8496,767
8497,1303
8498,638
8499,605
8500,24644
8501,1977
8502,1837
8503,778
8504,898
8505,706
8506,701
8507,1107
8508,633
8509,550
8510,939
8511,1746
8512,1404
8513,676
8514,2959
8515,825
8516,641
8517,771
8518,731
8519,856
8520,1685
8521,650
8522,780
8523,906
8524,1005
8525,1344
8526,558
8527,889
8528,966
8529,1919
8530,1149
8531,1031
8532,910
8533,824
8534,638
8535,1093
8536,657
8537,664
8538,612
8539,764
8540,2087
8541,814
8542,1923
8543,980
8544,1329
8545,1017
8546,726
8547,775
8548,831
8549,1660
8550,1403
8551,877
8552,568
8553,694
8554,495
8555,1151
8556,541
8557,674
8558,17085
8559,570
8560,1030
8561,595
8562,686
8563,860
8564,641
8565,697
8566,824
8567,818
8568,602
8569,524
8570,871
8571,1364
8572,561
8573,3170
8574,826
8575,894
8576,544
8577,815
8578,854
8579,715
8580,1521
8581,706
8582,645
8583,1027
8584,777
8585,1139
8586,854
8587,1429
8588,830
8589,590
8590,843
8591,546
8592,777
8593,463
8594,1297
8595,837
8596,827
8597,774
8598,840
8599,3204
8600,7454
8601,16800
8602,839
8603,685
8604,1073
8605,805
8606,862
8607,633
8608,762
8609,626
8610,1199
8611,1705
8612,949
8613,750
8614,665
8615,1480
8616,939
8617,1353
8618,615
8619,742
8620,1014
8621,662
8622,770
8623,562
8624,3613
8625,1462
8626,446
8627,903
8628,1490
8629,515
8630,805
8631,948
8632,722
8633,778
8634,512
8635,711
8636,581
8637,683
8638,709
8639,508
8640,1845
8641,621
8642,629
8643,644
8644,1799
8645,475
8646,692
8647,482
8648,1079
8649,3058
8650,1136
8651,834
8652,1207
8653,549
8654,908
8655,1201
8656,648
8657,431
8658,629
8659,938
8660,2000
8661,585
8662,700
8663,659
8664,745
8665,1717
8666,789
8667,966
8668,1082
8669,1697
8670,919
8671,552
8672,687
8673,636
8674,17213
8675,741
8676,872
8677,886
8678,712
8679,524
8680,1055
8681,1115
8682,1143
8683,783
8684,953
8685,810
8686,1397
8687,693
8688,1302
8689,700
8690,1031
8691,570
8692,884
8693,564
8694,671
8695,934
8696,865
8697,405
8698,646
8699,874
8700,6960
8701,1169
8702,858
8703,1051
8704,865
8705,575
8706,633
8707,747
8708,991
8709,1182
8710,1395
8711,3189
8712,877
8713,548
8714,723
8715,967
8716,962
8717,392
8718,439
8719,779
8720,890
8721,3813
8722,1681
8723,1239
8724,1092
8725,816
8726,716
8727,751
8728,610
8729,765
8730,1824
8731,747
8732,858
8733,2161
8734,1049
8735,740
8736,814
8737,4709
8738,780
8739,593
8740,928
8741,1883
8742,1136
8743,536
8744,583
8745,734
8746,1081
8747,1599
8748,805
8749,1574
8750,2679
8751,1140
8752,1123
8753,925
8754,593
8755,1061
8756,1175
8757,462
8758,614
8759,831
8760,5211
8761,531
8762,1341
8763,562
8764,565
8765,1831
8766,1138
8767,930
8768,1073
8769,525
8770,719
8771,458
8772,585
8773,743
8774,895
8775,935
8776,982
8777,935
8778,810
8779,454
8780,884
8781,638
8782,818
8783,526
8784,747
8785,542
8786,615
8787,1717
8788,1015
8789,1134
8790,1440
8791,858
8792,853
8793,729
8794,869
8795,669
8796,667
8797,772
8798,434
8799,8945
8800,17540
8801,1290
8802,4201
8803,945
8804,1176
8805,998
8806,974
8807,1154
8808,1371
8809,1137
8810,1145
8811,1001
8812,854
8813,552
8814,586
8815,869
8816,1152
8817,2515
8818,1068
8819,964
8820,1637
8821,643
8822,1322
8823,752
8824,1374
8825,850
8826,862
8827,693
8828,812
8829,505
8830,1140
8831,662
8832,815
8833,1702
8834,622
8835,530
8836,803
8837,1655
8838,681
8839,617
8840,1025
8841,642
8842,684
8843,571
8844,1166
8845,716
8846,897
8847,610
8848,3061
8849,700
8850,6168
8851,722
8852,576
8853,992
8854,823
8855,1043
8856,856
8857,1872
8858,1578
8859,59857
8860,888
8861,637
8862,782
8863,827
8864,589
8865,823
8866,803
8867,404
8868,598
8869,2348
8870,1095
8871,577
8872,666
8873,833
8874,682
8875,676
8876,820
8877,1148
8878,1160
8879,2167
8880,1689
8881,864
8882,603
8883,2264
8884,961
8885,899
8886,718
8887,684
8888,9058
8889,1425
8890,1410
8891,1165
8892,804
8893,663
8894,580
8895,743
8896,470
8897,822
8898,757
8899,978
8900,3715
8901,2117
8902,727
8903,1146
8904,822
8905,700
8906,527
8907,652
8908,732
8909,672
8910,1312
8911,689
8912,891
8913,566
8914,1045
8915,1355
8916,592
8917,594
8918,516
8919,693
8920,1146
8921,624
8922,1112
8923,1588
8924,1574
8925,754
8926,410
8927,602
8928,732
8929,662
8930,1023
8931,679
8932,806
8933,869
8934,537
8935,830
8936,639
8937,523
8938,739
8939,1006
8940,959
8941,489
8942,639
8943,768
8944,851
8945,802
8946,584
8947,794
8948,667
8949,1123
8950,1092
8951,702
8952,823
8953,631
8954,528
8955,717
8956,998
8957,390
8958,673
8959,560
8960,1159
8961,635
8962,875
8963,568
8964,869
8965,591
8966,794
8967,442
8968,524
8969,927
8970,817
8971,981
8972,742
8973,1046
8974,753
8975,577
8976,589
8977,1423
8978,902
8979,927
8980,992
8981,1012
8982,534
8983,548
8984,2242
8985,863
8986,1878
8987,777
8988,1269
8989,992
8990,1057
8991,1159
8992,902
8993,3466
8994,897
8995,700
8996,755
8997,871
8998,1276
8999,1389
9000,117849
9001,15572
9002,3723
9003,2367
9004,2092
9005,1673
9006,1329
9007,3252
9008,1019
9009,1692
9010,3051
9011,2147
9012,1273
9013,983
9014,1131
9015,1177
9016,938
9017,1036
9018,965
9019,838
9020,1199
9021,940
9022,934
9023,973
9024,785
9025,1348
9026,837
9027,745
9028,791
9029,793
9030,1519
9031,918
9032,1150
9033,804
9034,771
9035,919
9036,847
9037,971
9038,815
9039,825
9040,1557
9041,996
9042,701
9043,707
9044,767
9045,1201
9046,907
9047,922
9048,1011
9049,844
9050,1656
9051,1852
9052,957
9053,918
9054,1359
9055,1294
9056,752
9057,541
9058,1151
9059,841
9060,1493
9061,1144
9062,740
9063,1072
9064,858
9065,855
9066,15603
9067,710
9068,1203
9069,877
9070,1028
9071,1230
9072,1463
9073,685
9074,676
9075,2412
9076,625
9077,922
9078,858
9079,559
9080,1120
9081,1401
9082,674
9083,705
9084,1279
9085,1108
9086,692
9087,1108
9088,529
9089,1014
9090,2932
9091,1504
9092,1695
9093,959
9094,745
9095,985
9096,895
9097,1820
9098,779
9099,1273
9100,6272
9101,7092
9102,968
9103,1048
9104,1173
9105,687
9106,704
9107,574
9108,599
9109,798
9110,1334
9111,1820
9112,920
9113,603
9114,1033
9115,753
9116,1354
9117,752
9118,981
9119,1089
9120,2576
9121,986
9122,1044
9123,989
9124,691
9125,1623
9126,1208
9127,793
9128,687
9129,624
9130,1283
9131,1709
9132,596
9133,1005
9134,979
9135,1154
9136,995
9137,658
9138,667
9139,1323
9140,1587
9141,992
9142,863
9143,697
9144,4449
9145,822
9146,788
9147,918
9148,626
9149,1282
9150,1792
9151,655
9152,985
9153,747
9154,614
9155,1618
9156,686
9157,1076
9158,437
9159,713
9160,1236
9161,599
9162,924
9163,1286
9164,765
9165,1197
9166,1015
9167,1584
9168,861
9169,777
9170,1089
9171,4940
9172,686
9173,1146
9174,723
9175,1111
9176,520
9177,709
9178,872
9179,725
9180,990
9181,680
9182,978
9183,1025
9184,781
9185,709
9186,873
9187,482
9188,814
9189,497
9190,646
9191,1055
9192,885
9193,1152
9194,856
9195,552
9196,830
9197,823
9198,793
9199,1055
9200,6306
9201,1511
9202,781
9203,3400
9204,679
9205,977
9206,583
9207,607
9208,717
9209,605
9210,1272
9211,837
9212,973
9213,989
9214,873
9215,718
9216,1944
9217,675
9218,674
9219,1014
9220,1155
9221,1246
9222,1223
9223,1153
9224,671
9225,1029
9226,762
9227,873
9228,950
9229,807
9230,1626
9231,1086
9232,854
9233,833
9234,1105
9235,1106
9236,953
9237,777
9238,534
9239,1077
9240,1234
9241,2605
9242,544
9243,576
9244,732
9245,715
9246,533
9247,1101
9248,1241
9249,732
9250,1976
9251,756
9252,827
9253,656
9254,699
9255,892
9256,658
9257,917
9258,1513
9259,862
9260,947
9261,929
9262,993
9263,828
9264,660
9265,1003
9266,888
9267,974
9268,1356
9269,644
9270,1396
9271,838
9272,733
9273,613
9274,576
9275,985
9276,857
9277,684
9278,822
9279,634
9280,6233
9281,626
9282,784
9283,841
9284,684
9285,693
9286,636
9287,664
9288,707
9289,661
9290,1776
9291,657
9292,1250
9293,908
9294,975
9295,1679
9296,985
9297,1682
9298,542
9299,1213
9300,7672
9301,1098
9302,698
9303,1012
9304,871
9305,875
9306,1055
9307,579
9308,745
9309,829
9310,1422
9311,968
9312,784
9313,854
9314,817
9315,888
9316,578
9317,911
9318,765
9319,648
9320,1320
9321,894
9322,929
9323,547
9324,519
9325,1213
9326,4870
9327,1174
9328,815
9329,596
9330,959
9331,1327
9332,1059
9333,1508
9334,881
9335,1257
9336,927
9337,628
9338,755
9339,1034
9340,1629
9341,1026
9342,558
9343,1838
9344,981
9345,1152
9346,1596
9347,1059
9348,658
9349,742
9350,1456
9351,1777
9352,1197
9353,1535
9354,1541
9355,2116
9356,929
9357,530
9358,1146
9359,570
9360,923
9361,823
9362,776
9363,808
9364,802
9365,970
9366,594
9367,742
9368,851
9369,558
9370,990
9371,867
9372,1319
9373,538
9374,614
9375,3385
9376,869
9377,928
9378,1581
9379,832
9380,1079
9381,3350
9382,2635
9383,1146
9384,2841
9385,1479
9386,1069
9387,902
9388,901
9389,720
9390,646
9391,656
9392,672
9393,1205
9394,1254
9395,971
9396,908
9397,989
9398,618
9399,714
9400,5771
9401,1121
9402,834
9403,1036
9404,1029
9405,764
9406,751
9407,720
9408,739
9409,950
9410,1428
9411,1472
9412,1125
9413,887
9414,1090
9415,1001
9416,733
9417,1059
9418,1409
9419,704
9420,916
9421,634
9422,1809
9423,804
9424,2654
9425,693
9426,626
9427,640
9428,878
9429,595
9430,672
9431,543
9432,785
9433,886
9434,1022
9435,561
9436,817
9437,755
9438,2214
9439,840
9440,1781
9441,962
9442,690
9443,523
9444,1084
9445,819
9446,610
9447,847
9448,686
9449,737
9450,1723
9451,504
9452,1450
9453,1180
9454,876
9455,560
9456,918
9457,876
9458,599
9459,909
9460,849
9461,597
9462,980
9463,623
9464,664
9465,642
9466,532
9467,601
9468,621
9469,664
9470,592
9471,551
9472,545
9473,1207
9474,1239
9475,1020
9476,685
9477,1130
9478,691
9479,737
9480,832
9481,815
9482,475
9483,752
9484,674
9485,662
9486,1058
9487,681
9488,732
9489,725
9490,662
9491,465
9492,802
9493,653
9494,626
9495,761
9496,906
9497,718
9498,479
9499,1011
9500,19039
9501,997
9502,853
9503,913
9504,863
9505,1182
9506,687
9507,742
9508,809
9509,663
9510,931
9511,1060
9512,876
9513,845
9514,775
9515,718
9516,1085
9517,846
9518,612
9519,677
9520,900
9521,801
9522,908
9523,771
9524,1036
9525,4629
9526,712
9527,1208
9528,643
9529,566
9530,1302
9531,755
9532,764
9533,895
9534,950
9535,737
9536,2304
9537,695
9538,550
9539,625
9540,1183
9541,1143
9542,960
9543,779
9544,660
9545,1037
9546,1623
9547,1012
9548,894
9549,758
9550,1740
9551,734
9552,910
9553,556
9554,668
9555,1682
9556,899
9557,862
9558,711
9559,862
9560,1078
9561,1178
9562,576
9563,687
9564,738
9565,1037
9566,1107
9567,1892
9568,2973
9569,445
9570,765
9571,699
9572,1067
9573,516
9574,1474
9575,732
9576,638
9577,896
9578,615
9579,547
9580,1464
9581,526
9582,405
9583,791
9584,1001
9585,762
9586,449
9587,532
9588,694
9589,468
9590,1132
9591,598
9592,1276
9593,679
9594,533
9595,1414
9596,817
9597,772
9598,762
9599,1102
9600,33198
9601,2025
9602,1247
9603,773
9604,963
9605,628
9606,1327
9607,606
9608,846
9609,590
9610,1336
9611,615
9612,1006
9613,654
9614,541
9615,1300
9616,587
9617,665
9618,734
9619,797
9620,963
9621,716
9622,1422
9623,901
9624,731
9625,867
9626,747
9627,719
9628,599
9629,1858
9630,1182
9631,925
9632,1176
9633,556
9634,477
9635,829
9636,720
9637,931
9638,574
9639,649
9640,830
9641,576
9642,737
9643,684
9644,628
9645,737
9646,779
9647,623
9648,871
9649,654
9650,1388
9651,633
9652,674
9653,666
9654,767
9655,682
9656,658
9657,657
9658,3069
9659,1099
9660,6838
9661,716
9662,1651
9663,2383
9664,749
9665,750
9666,666
9667,866
9668,817
9669,947
9670,941
9671,724
9672,712
9673,1516
9674,648
9675,889
9676,607
9677,911
9678,673
9679,771
9680,869
9681,794
9682,706
9683,539
9684,596
9685,615
9686,1660
9687,536
9688,751
9689,887
9690,938
9691,883
9692,484
9693,547
9694,653
9695,616
9696,959
9697,1858
9698,895
9699,842
9700,38369
9701,1136
9702,1784
9703,871
9704,557
9705,736
9706,732
9707,1391
9708,972
9709,929
9710,1085
9711,826
9712,1061
9713,716
9714,864
9715,789
9716,986
9717,661
9718,500
9719,480
9720,1309
9721,861
9722,853
9723,1275
9724,630
9725,694
9726,1669
9727,600
9728,856
9729,1644
9730,895
9731,503
9732,679
9733,873
9734,845
9735,644
9736,1962
9737,738
9738,820
9739,587
9740,1034
9741,694
9742,924
9743,1010
9744,925
9745,805
9746,664
9747,1477
9748,515
9749,678
9750,1759
9751,771
9752,1133
9753,706
9754,742
9755,700
9756,448
9757,538
9758,915
9759,554
9760,1660
9761,704
9762,454
9763,808
9764,472
9765,741
9766,1061
9767,733
9768,659
9769,1030
9770,1329
9771,567
9772,968
9773,750
9774,821
9775,850
9776,760
9777,1255
9778,725
9779,826
9780,1382
9781,946
9782,720
9783,849
9784,497
9785,837
9786,859
9787,642
9788,762
9789,532
9790,803
9791,568
9792,748
9793,614
9794,611
9795,596
9796,1098
9797,1680
9798,927
9799,1066
9800,6813
9801,2198
9802,982
9803,695
9804,783
9805,606
9806,1106
9807,534
9808,944
9809,1159
9810,1574
9811,872
9812,536
9813,793
9814,554
9815,917
9816,597
9817,693
9818,660
9819,617
9820,1130
9821,1142
9822,7517
9823,644
9824,628
9825,1107
9826,636
9827,1075
9828,825
9829,786
9830,1058
9831,975
9832,853
9833,1152
9834,1041
9835,1226
9836,725
9837,830
9838,760
9839,1091
9840,1369
9841,799
9842,1342
9843,688
9844,600
9845,2804
9846,721
9847,659
9848,818
9849,558
9850,1089
9851,708
9852,741
9853,561
9854,441
9855,695
9856,1216
9857,574
9858,428
9859,1186
9860,901
9861,1932
9862,1036
9863,814
9864,471
9865,823
9866,723
9867,503
9868,975
9869,795
9870,920
9871,829
9872,707
9873,1008
9874,686
9875,1198
9876,2509
9877,1203
9878,728
9879,465
9880,1234
9881,760
9882,752
9883,552
9884,513
9885,1042
9886,679
9887,789
9888,926
9889,760
9890,930
9891,1291
9892,632
9893,727
9894,681
9895,753
9896,820
9897,765
9898,1381
9899,5932
9900,5772
9901,1600
9902,676
9903,1050
9904,1841
9905,853
9906,1018
9907,648
9908,596
9909,807
9910,987
9911,1012
9912,1069
9913,776
9914,845
9915,725
9916,636
9917,602
9918,670
9919,939
9920,1054
9921,906
9922,1092
9923,529
9924,765
9925,799
9926,822
9927,469
9928,614
9929,995
9930,1060
9931,988
9932,560
9933,956
9934,679
9935,692
9936,664
9937,569
9938,1153
9939,1273
9940,1257
9941,1277
9942,853
9943,511
9944,883
9945,1418
9946,830
9947,995
9948,622
9949,1056
9950,1477
9951,633
9952,741
9953,884
9954,852
9955,1410
9956,861
9957,900
9958,1369
9959,777
9960,1635
9961,1006
9962,650
9963,1094
9964,1169
9965,1976
9966,1603
9967,748
9968,848
9969,1430
9970,864
9971,2405
9972,1229
9973,1330
9974,983
9975,1838
9976,867
9977,1061
9978,1058
9979,1874
9980,1248
9981,3827
9982,1560
9983,793
9984,1994
9985,1626
9986,1688
9987,1145
9988,1775
9989,1127
9990,1820
9991,1728
9992,1264
9993,2112
9994,5748
9995,5076
9996,2446
9997,2264
9998,3280
9999,50280
10000,188070
