number,count
0,160227189
1,183526417
2,132503945
3,88859524
4,68207309
5,72513380
6,45731361
7,39286180
8,39517457
9,30331527
10,51694302
11,22245341
12,27776580
13,15101963
14,15591821
15,22142159
16,16028734
17,12432130
18,14717487
19,15004249
20,25688205
21,10958553
22,10419753
23,9165639
24,14100132
25,15601092
26,7877886
27,7648257
28,8016357
29,7050552
30,23203851
31,6880089
32,6336024
33,4476199
34,4161936
35,6097742
36,4454825
37,3733497
38,3615100
39,4306691
40,10616607
41,3080255
42,3623167
43,2973398
44,3269952
45,5832164
46,2798133
47,2756421
48,3904920
49,3068797
50,16206612
51,2677700
52,2838580
53,2441000
54,2568862
55,3532566
56,2489869
57,2216719
58,2355629
59,2487062
60,7778387
61,1662623
62,1769455
63,1716013
64,3066550
65,2912720
66,1762261
67,1630522
68,1591179
69,1585318
70,4836497
71,1439731
72,2051580
73,1418197
74,1438394
75,4275364
76,1416570
77,1391968
78,1406876
79,1377476
80,5647558
81,1329671
82,1369714
83,1373279
84,1405657
85,2149831
86,1349473
87,1261568
88,1468664
89,1371611
90,5500932
91,1337027
92,1340724
93,1384734
94,1280389
95,4019567
96,1564353
97,1463637
98,1637583
99,5314387
100,19806943
101,1349371
102,777793
103,672755
104,712238
105,865567
106,657687
107,597532
108,653417
109,577151
110,1294829
111,748051
112,633002
113,502278
114,563088
115,708917
116,542569
117,491301
118,501927
119,501913
120,2088887
121,516365
122,503059
123,766537
124,471440
125,1134489
126,443721
127,770139
128,987425
129,447717
130,1030602
131,409467
132,435844
133,385372
134,370041
135,576134
136,372541
137,366938
138,367043
139,383639
140,986750
141,356843
142,345640
143,344227
144,443044
145,478080
146,324062
147,335091
148,328868
149,397978
150,3023442
151,340003
152,346272
153,322923
154,309564
155,415033
156,321649
157,303506
158,293192
159,311634
160,1146406
161,310492
162,310891
163,300081
164,295843
165,431894
166,278621
167,287258
168,573287
169,320262
170,644353
171,278895
172,437606
173,267501
174,282092
175,552477
176,290871
177,280009
178,270577
179,292616
180,1335043
181,256649
182,282588
183,479489
184,260510
185,370480
186,244236
187,269109
188,258614
189,273368
190,487923
191,273658
192,611604
193,244224
194,231343
195,345343
196,243653
197,240720
198,247506
199,386848
200,6438242
201,497319
202,431436
203,348855
204,353869
205,378567
206,325620
207,303105
208,330398
209,270491
210,537217
211,292132
212,377793
213,257821
214,279227
215,373972
216,286548
217,249588
218,241793
219,240602
220,677477
221,257804
222,332726
223,286067
224,351537
225,500032
226,242033
227,239839
228,288824
229,253300
230,526428
231,279436
232,277834
233,332241
234,252182
235,302482
236,214022
237,218283
238,221601
239,240235
240,703423
241,220533
242,227508
243,238583
244,241361
245,283050
246,233651
247,242280
248,237365
249,252496
250,2484307
251,224243
252,306159
253,217007
254,270112
255,1673805
256,710228
257,184272
258,171880
259,173599
260,406513
261,175742
262,194410
263,174169
264,245122
265,245166
266,173547
267,174365
268,165327
269,186345
270,428907
271,165413
272,182065
273,189120
274,162669
275,321846
276,169945
277,168564
278,159227
279,173293
280,403448
281,179140
282,159134
283,155244
284,156183
285,219440
286,153378
287,161268
288,188128
289,166933
290,264092
291,145133
292,151550
293,165835
294,146476
295,218490
296,148527
297,184786
298,155340
299,266998
300,4156052
301,339515
302,259842
303,271630
304,399132
305,256238
306,189064
307,180465
308,219679
309,173839
310,351720
311,195999
312,229093
313,178177
314,185143
315,254539
316,251157
317,169996
318,159059
319,168053
320,475311
321,209877
322,179131
323,188203
324,159121
325,315875
326,144370
327,154798
328,152583
329,155182
330,379975
331,150385
332,147923
333,285518
334,153210
335,194954
336,173997
337,144864
338,146469
339,136160
340,285570
341,145643
342,143604
343,157346
344,143624
345,204249
346,131728
347,147168
348,130168
349,160732
350,1243584
351,150736
352,171317
353,146895
354,132226
355,178054
356,145763
357,157091
358,134609
359,135244
360,1297769
361,139237
362,127888
363,129436
364,135171
365,798862
366,135318
367,127280
368,131806
369,123491
370,235388
371,132310
372,128094
373,129561
374,116328
375,350863
376,128985
377,365898
378,114381
379,122475
380,268426
381,117506
382,114149
383,120680
384,157952
385,156392
386,134299
387,114734
388,114542
389,127694
390,197539
391,110350
392,118212
393,107813
394,101517
395,164945
396,109580
397,108497
398,108178
399,193226
400,3344658
401,414789
402,162521
403,246052
404,475821
405,206124
406,149953
407,153489
408,154793
409,140753
410,276617
411,152108
412,156002
413,127707
414,140402
415,189923
416,164194
417,129369
418,111688
419,132651
420,311927
421,123337
422,145102
423,125290
424,123652
425,241062
426,110217
427,116510
428,108993
429,129397
430,225503
431,111420
432,133022
433,120150
434,111844
435,149636
436,101896
437,101772
438,107325
439,101554
440,244698
441,113830
442,111155
443,196007
444,156033
445,128554
446,95211
447,101740
448,110541
449,117881
450,733595
451,124784
452,100399
453,100617
454,116742
455,132660
456,143670
457,112017
458,109486
459,98553
460,205868
461,98634
462,98987
463,96973
464,101461
465,127546
466,94844
467,95786
468,98321
469,100011
470,171157
471,98223
472,99421
473,96509
474,90494
475,160503
476,98220
477,97371
478,94065
479,101625
480,330641
481,90263
482,92706
483,96517
484,98109
485,133690
486,102092
487,88703
488,131098
489,91258
490,154144
491,87071
492,88548
493,85739
494,88247
495,161138
496,91061
497,92100
498,93378
499,205737
500,6776288
501,317594
502,150332
503,166255
504,163754
505,158420
506,111895
507,105247
508,145117
509,128854
510,227662
511,116863
512,410559
513,108870
514,105420
515,128884
516,110124
517,98316
518,108800
519,101659
520,215981
521,105261
522,100522
523,93115
524,92728
525,160018
526,90991
527,91666
528,96356
529,125227
530,192790
531,90611
532,103409
533,94826
534,88055
535,114093
536,89456
537,132556
538,88434
539,87794
540,205957
541,108614
542,85223
543,86620
544,87782
545,102658
546,84036
547,81416
548,81346
549,93319
550,433235
551,85542
552,88997
553,81175
554,80082
555,176498
556,86581
557,76104
558,75306
559,87361
560,194509
561,104475
562,91687
563,83719
564,79164
565,97058
566,74866
567,86975
568,79156
569,78665
570,162455
571,87707
572,74763
573,86402
574,81795
575,133259
576,89962
577,80414
578,69708
579,77470
580,176514
581,78165
582,72887
583,75565
584,72185
585,105500
586,83254
587,84816
588,76123
589,72153
590,122873
591,69200
592,72819
593,71534
594,74750
595,110048
596,69090
597,69915
598,71542
599,130329
600,2248777
601,133730
602,117251
603,114461
604,115116
605,107754
606,97182
607,89308
608,102781
609,103702
610,172572
611,82805
612,107705
613,98438
614,90260
615,116127
616,99300
617,116899
618,97755
619,94330
620,174016
621,82723
622,82293
623,83501
624,87297
625,206222
626,96374
627,74918
628,77392
629,74677
630,177315
631,93137
632,85252
633,82642
634,72667
635,91674
636,86616
637,70347
638,72165
639,78722
640,236464
641,76477
642,98300
643,72287
644,91629
645,93866
646,86369
647,82062
648,74218
649,87284
650,464109
651,91241
652,70929
653,67920
654,68562
655,83402
656,75983
657,67849
658,65935
659,67697
660,160444
661,78530
662,81079
663,67658
664,73545
665,83077
666,153942
667,91153
668,70402
669,72282
670,120202
671,67356
672,71312
673,66537
674,64770
675,114115
676,64870
677,68862
678,82324
679,80306
680,145403
681,63836
682,67970
683,66130
684,65925
685,76939
686,69538
687,70517
688,70636
689,63497
690,109402
691,64147
692,64357
693,62344
694,59403
695,92175
696,63826
697,60674
698,63978
699,109891
700,1492212
701,111073
702,112930
703,107810
704,100433
705,95779
706,90547
707,108561
708,82214
709,73290
710,127584
711,83922
712,79431
713,87565
714,95125
715,93606
716,80246
717,88014
718,107167
719,74540
720,240070
721,72447
722,83983
723,66404
724,80435
725,106130
726,65996
727,94799
728,76277
729,67647
730,120201
731,69696
732,90084
733,69640
734,74639
735,77921
736,65759
737,137544
738,62331
739,63061
740,124062
741,64803
742,64895
743,62201
744,70835
745,87551
746,61229
747,109488
748,65948
749,73206
750,690904
751,68149
752,67570
753,65046
754,69489
755,104808
756,63004
757,89663
758,58750
759,56487
760,141140
761,61777
762,62644
763,66784
764,60167
765,89557
766,60729
767,80009
768,125474
769,60846
770,137004
771,60705
772,72497
773,77772
774,62722
775,106421
776,65225
777,215787
778,67803
779,57457
780,135427
781,75070
782,63460
783,58800
784,66928
785,81229
786,69358
787,101368
788,60083
789,74702
790,90327
791,55699
792,63069
793,54308
794,55726
795,82167
796,54546
797,58251
798,56907
799,101199
800,2529255
801,118156
802,259506
803,80638
804,79790
805,98168
806,67785
807,64831
808,118032
809,60706
810,118890
811,69100
812,83046
813,78698
814,68411
815,90827
816,75440
817,72958
818,78600
819,57893
820,121094
821,66018
822,65333
823,60764
824,62617
825,95562
826,60319
827,58966
828,80482
829,60646
830,110886
831,67164
832,73832
833,86407
834,54835
835,73024
836,56202
837,57912
838,55628
839,54973
840,126729
841,59449
842,59698
843,79105
844,127802
845,112109
846,56165
847,81343
848,61161
849,59906
850,336466
851,57949
852,69291
853,58657
854,58605
855,143951
856,69300
857,56490
858,70874
859,66168
860,121841
861,55583
862,54676
863,66306
864,75755
865,79117
866,195762
867,55509
868,60347
869,51796
870,110782
871,60120
872,57044
873,54279
874,52424
875,127939
876,59080
877,188274
878,51924
879,52930
880,121470
881,52646
882,54960
883,60869
884,53931
885,67362
886,58455
887,55485
888,520001
889,55903
890,84029
891,53084
892,52355
893,52698
894,48480
895,76488
896,55258
897,50314
898,55456
899,84447
900,1114143
901,97657
902,72966
903,66014
904,79069
905,85762
906,59865
907,70344
908,67424
909,74084
910,100179
911,416914
912,76177
913,62863
914,72644
915,75356
916,79957
917,70024
918,72739
919,84389
920,135325
921,57405
922,62007
923,55685
924,62494
925,196722
926,53308
927,52941
928,70600
929,58470
930,95568
931,57147
932,54407
933,55895
934,50042
935,64217
936,56524
937,64225
938,51299
939,54419
940,94544
941,75858
942,52275
943,50123
944,60304
945,65718
946,48863
947,49440
948,48614
949,75890
950,233953
951,64056
952,59900
953,48917
954,72002
955,62905
956,53595
957,47954
958,43739
959,49906
960,136511
961,50704
962,53610
963,51674
964,52995
965,60901
966,53423
967,50391
968,53146
969,52105
970,113459
971,63605
972,75565
973,72538
974,51148
975,78716
976,50506
977,50763
978,311262
979,52399
980,113860
981,50429
982,48352
983,46243
984,50122
985,64984
986,48266
987,55626
988,58317
989,61105
990,166477
991,60689
992,56807
993,55028
994,51659
995,148727
996,64960
997,82828
998,73146
999,517079
1000,3032051
1001,136518
1002,111462
1003,43908
1004,37502
1005,39622
1006,37556
1007,123494
1008,34665
1009,28187
1010,80049
1011,44663
1012,36166
1013,30378
1014,29799
1015,37209
1016,239554
1017,37033
1018,31684
1019,24124
1020,63574
1021,47562
1022,27012
1023,43560
1024,392094
1025,34641
1026,24366
1027,22554
1028,21420
1029,38181
1030,46737
1031,42297
1032,22411
1033,27613
1034,20114
1035,25846
1036,19957
1037,25661
1038,84016
1039,23343
1040,67196
1041,21752
1042,22923
1043,19964
1044,22246
1045,32918
1046,24887
1047,18948
1048,21402
1049,20728
1050,93351
1051,23214
1052,20006
1053,22582
1054,23648
1055,28513
1056,29195
1057,19919
1058,17686
1059,18192
1060,63015
1061,19178
1062,18694
1063,24500
1064,26485
1065,23153
1066,37844
1067,20940
1068,19905
1069,18338
1070,53644
1071,20005
1072,24593
1073,34614
1074,26152
1075,24277
1076,19339
1077,23920
1078,18662
1079,18993
1080,211237
1081,20250
1082,18721
1083,21136
1084,20107
1085,24074
1086,35538
1087,18758
1088,36029
1089,25196
1090,34363
1091,18596
1092,17773
1093,59736
1094,18652
1095,33465
1096,20286
1097,40952
1098,29824
1099,78513
1100,234056
1101,54335
1102,27117
1103,35390
1104,24397
1105,27560
1106,20795
1107,25946
1108,22934
1109,41583
1110,38802
1111,139890
1112,26825
1113,22821
1114,19850
1115,28305
1116,19683
1117,21391
1118,20173
1119,18601
1120,38786
1121,21629
1122,23656
1123,20399
1124,19020
1125,27501
1126,31739
1127,18355
1128,30818
1129,17430
1130,34682
1131,19464
1132,17676
1133,18582
1134,17702
1135,19828
1136,32267
1137,19392
1138,17085
1139,16396
1140,28227
1141,17023
1142,18873
1143,16463
1144,17875
1145,47005
1146,19598
1147,15965
1148,15598
1149,18892
1150,50983
1151,20562
1152,26067
1153,16269
1154,15596
1155,30716
1156,17446
1157,16385
1158,19341
1159,19870
1160,24661
1161,21374
1162,16340
1163,16213
1164,15687
1165,17455
1166,16221
1167,18175
1168,14247
1169,15095
1170,27221
1171,16368
1172,19498
1173,15974
1174,14195
1175,29838
1176,19642
1177,40047
1178,13440
1179,15939
1180,25715
1181,15928
1182,17702
1183,14880
1184,14725
1185,19359
1186,57090
1187,15861
1188,17106
1189,16961
1190,23083
1191,17056
1192,17302
1193,14209
1194,18117
1195,16841
1196,13589
1197,15000
1198,16381
1199,26359
1200,518132
1201,33937
1202,30206
1203,20923
1204,26413
1205,22442
1206,23733
1207,20936
1208,19991
1209,19222
1210,34254
1211,22571
1212,32724
1213,22414
1214,21796
1215,29020
1216,20246
1217,16812
1218,16938
1219,18550
1220,34535
1221,22333
1222,24017
1223,22673
1224,19966
1225,27444
1226,17544
1227,18511
1228,16560
1229,16158
1230,31836
1231,20159
1232,18041
1233,16952
1234,133725
1235,22557
1236,16288
1237,15408
1238,14708
1239,15515
1240,27634
1241,17204
1242,21088
1243,17009
1244,18855
1245,21718
1246,16804
1247,15725
1248,18168
1249,16269
1250,87739
1251,18177
1252,27775
1253,17336
1254,18159
1255,18557
1256,18176
1257,16703
1258,16355
1259,15806
1260,34217
1261,15362
1262,13258
1263,15171
1264,14327
1265,16390
1266,13846
1267,14344
1268,14590
1269,12562
1270,23913
1271,16827
1272,15984
1273,24688
1274,17104
1275,22541
1276,14214
1277,15032
1278,14250
1279,17329
1280,86060
1281,13884
1282,14724
1283,14829
1284,15882
1285,16569
1286,12676
1287,13815
1288,14142
1289,13938
1290,24665
1291,17759
1292,15744
1293,13980
1294,13466
1295,20433
1296,20090
1297,14161
1298,14074
1299,23052
1300,242140
1301,50944
1302,22550
1303,19910
1304,20462
1305,21378
1306,18127
1307,34589
1308,17892
1309,17161
1310,27807
1311,18270
1312,19860
1313,23354
1314,17961
1315,21971
1316,16199
1317,15736
1318,14515
1319,14201
1320,31634
1321,17056
1322,16533
1323,16971
1324,16983
1325,26678
1326,17878
1327,17372
1328,15124
1329,14405
1330,27307
1331,18764
1332,22386
1333,24827
1334,16006
1335,17392
1336,14375
1337,34200
1338,13456
1339,13147
1340,23284
1341,15101
1342,15035
1343,15006
1344,17928
1345,17352
1346,14936
1347,14741
1348,15748
1349,15651
1350,52825
1351,15429
1352,13845
1353,15386
1354,12925
1355,15784
1356,13335
1357,13601
1358,12311
1359,13268
1360,23277
1361,14287
1362,12983
1363,14161
1364,15582
1365,27387
1366,26040
1367,14675
1368,17760
1369,12954
1370,19798
1371,56931
1372,15599
1373,14369
1374,12085
1375,17625
1376,13249
1377,15835
1378,12911
1379,12655
1380,21739
1381,14084
1382,14323
1383,13660
1384,13690
1385,15610
1386,14754
1387,13698
1388,12969
1389,13920
1390,19172
1391,12923
1392,16939
1393,12717
1394,19939
1395,16259
1396,13102
1397,13846
1398,13351
1399,19171
1400,203161
1401,26038
1402,18902
1403,17530
1404,20084
1405,19899
1406,16547
1407,15758
1408,17494
1409,15245
1410,25615
1411,16903
1412,17097
1413,14031
1414,18421
1415,24813
1416,15539
1417,13476
1418,13315
1419,13491
1420,27185
1421,15392
1422,16355
1423,15620
1424,15372
1425,18944
1426,12170
1427,12924
1428,13828
1429,14672
1430,24654
1431,15249
1432,15344
1433,19400
1434,14123
1435,17237
1436,13644
1437,13110
1438,13547
1439,13579
1440,65258
1441,18991
1442,14623
1443,13539
1444,16894
1445,15855
1446,13384
1447,12554
1448,12081
1449,13080
1450,49391
1451,14828
1452,15969
1453,20583
1454,12336
1455,18371
1456,13256
1457,11897
1458,12413
1459,12832
1460,23675
1461,15791
1462,13630
1463,13092
1464,13361
1465,13414
1466,12388
1467,14742
1468,13381
1469,15405
1470,18859
1471,26105
1472,16267
1473,15244
1474,12624
1475,19879
1476,14427
1477,13826
1478,12593
1479,12521
1480,22729
1481,12382
1482,15049
1483,19395
1484,13706
1485,17695
1486,12184
1487,11784
1488,13949
1489,12221
1490,18625
1491,14304
1492,31034
1493,15992
1494,16359
1495,16419
1496,11930
1497,14243
1498,14224
1499,21057
1500,703061
1501,30127
1502,23225
1503,19371
1504,18609
1505,20981
1506,18222
1507,16191
1508,16953
1509,19342
1510,26596
1511,20646
1512,19752
1513,17299
1514,15598
1515,27436
1516,18536
1517,19455
1518,19262
1519,19152
1520,44443
1521,24767
1522,18149
1523,17902
1524,18551
1525,25397
1526,16898
1527,16984
1528,15411
1529,15586
1530,31638
1531,15316
1532,16027
1533,16937
1534,17326
1535,22667
1536,33050
1537,14883
1538,17517
1539,16795
1540,30176
1541,17709
1542,18838
1543,16576
1544,14073
1545,19763
1546,14750
1547,17792
1548,15615
1549,17062
1550,48730
1551,15144
1552,15884
1553,18189
1554,14568
1555,20987
1556,16014
1557,15889
1558,18307
1559,19307
1560,28044
1561,14789
1562,15856
1563,15296
1564,18566
1565,18695
1566,15621
1567,14726
1568,15271
1569,14340
1570,22876
1571,16313
1572,17161
1573,15268
1574,13510
1575,20792
1576,14556
1577,14714
1578,14017
1579,13360
1580,24424
1581,14804
1582,18677
1583,15318
1584,15842
1585,17745
1586,15061
1587,15527
1588,18706
1589,13987
1590,24547
1591,18319
1592,17513
1593,14796
1594,15181
1595,17218
1596,16614
1597,15276
1598,18005
1599,21418
1600,287925
1601,29949
1602,23722
1603,35485
1604,28294
1605,25924
1606,22947
1607,25950
1608,22281
1609,25099
1610,33583
1611,25608
1612,22254
1613,18568
1614,17764
1615,20377
1616,24108
1617,17453
1618,19844
1619,24725
1620,36868
1621,21625
1622,19607
1623,21123
1624,18705
1625,26309
1626,18031
1627,15583
1628,18475
1629,17704
1630,31763
1631,17518
1632,20187
1633,19304
1634,20794
1635,21446
1636,19117
1637,18149
1638,20309
1639,17743
1640,51207
1641,19058
1642,25941
1643,18223
1644,24735
1645,20032
1646,23503
1647,16109
1648,23151
1649,19980
1650,62605
1651,18840
1652,17486
1653,17206
1654,17625
1655,18792
1656,18342
1657,15927
1658,16880
1659,15982
1660,44882
1661,20168
1662,20038
1663,17314
1664,19745
1665,22185
1666,22885
1667,20945
1668,16845
1669,15943
1670,25260
1671,15557
1672,18423
1673,16072
1674,16042
1675,22006
1676,16761
1677,16272
1678,16239
1679,15744
1680,35346
1681,17529
1682,17796
1683,18364
1684,16936
1685,23539
1686,17161
1687,17054
1688,25431
1689,23251
1690,26730
1691,16081
1692,20723
1693,15903
1694,16096
1695,18820
1696,15725
1697,16925
1698,16201
1699,20456
1700,170803
1701,32884
1702,24345
1703,24511
1704,22586
1705,20995
1706,22352
1707,25670
1708,22232
1709,25721
1710,30230
1711,23289
1712,20007
1713,18720
1714,21169
1715,25808
1716,19887
1717,23723
1718,20321
1719,18370
1720,32399
1721,20492
1722,21711
1723,20271
1724,19141
1725,24804
1726,18544
1727,21311
1728,24282
1729,19520
1730,31105
1731,18398
1732,21371
1733,22822
1734,20460
1735,22321
1736,19410
1737,20249
1738,19477
1739,18531
1740,31313
1741,21364
1742,21742
1743,22002
1744,22067
1745,27396
1746,21473
1747,19903
1748,22990
1749,22569
1750,74051
1751,22347
1752,25811
1753,24418
1754,24423
1755,31577
1756,25580
1757,26730
1758,28018
1759,25561
1760,37846
1761,22049
1762,23104
1763,30705
1764,24947
1765,28353
1766,24747
1767,24680
1768,25737
1769,27928
1770,43706
1771,25163
1772,30330
1773,28201
1774,33859
1775,54739
1776,78312
1777,40228
1778,33934
1779,29752
1780,47156
1781,33357
1782,36625
1783,40837
1784,33537
1785,35131
1786,31270
1787,46018
1788,41637
1789,65364
1790,58992
1791,43346
1792,49798
1793,44842
1794,39449
1795,42897
1796,39147
1797,39275
1798,46926
1799,43841
1800,398325
1801,56132
1802,44871
1803,59562
1804,49238
1805,48113
1806,49366
1807,43066
1808,44419
1809,55073
1810,60644
1811,45812
1812,95931
1813,46747
1814,52405
1815,69213
1816,46718
1817,46361
1818,54567
1819,51545
1820,80161
1821,55852
1822,48823
1823,45630
1824,53757
1825,60625
1826,47896
1827,47483
1828,52313
1829,51136
1830,99296
1831,57294
1832,65245
1833,59649
1834,58505
1835,66366
1836,67925
1837,72051
1838,61105
1839,64733
1840,105305
1841,68569
1842,65535
1843,64258
1844,69908
1845,75318
1846,74577
1847,73246
1848,98011
1849,77887
1850,161330
1851,91055
1852,73491
1853,72630
1854,82346
1855,81487
1856,80290
1857,87467
1858,83691
1859,87258
1860,154465
1861,138717
1862,121193
1863,119872
1864,120385
1865,144223
1866,91920
1867,98099
1868,96576
1869,90965
1870,147097
1871,105732
1872,97016
1873,91065
1874,87927
1875,112016
1876,99648
1877,90860
1878,92260
1879,94696
1880,167445
1881,115253
1882,109854
1883,106136
1884,103606
1885,114609
1886,111878
1887,110265
1888,119294
1889,119723
1890,173553
1891,120074
1892,118910
1893,120265
1894,112952
1895,136095
1896,126502
1897,121334
1898,134632
1899,137164
1900,402659
1901,182802
1902,149146
1903,160202
1904,158200
1905,177538
1906,164344
1907,162123
1908,177382
1909,167100
1910,245742
1911,236901
1912,202193
1913,196382
1914,265624
1915,215796
1916,207449
1917,254885
1918,278727
1919,228297
1920,422018
1921,191413
1922,195288
1923,187769
1924,183944
1925,203779
1926,195033
1927,193819
1928,203368
1929,238469
1930,333480
1931,197126
1932,210432
1933,262220
1934,235271
1935,234133
1936,245670
1937,241213
1938,254272
1939,325491
1940,392717
1941,302042
1942,295138
1943,266531
1944,308943
1945,446424
1946,292749
1947,320726
1948,351860
1949,299737
1950,504927
1951,274419
1952,290109
1953,301445
1954,312014
1955,326843
1956,339873
1957,338366
1958,339707
1959,351417
1960,582184
1961,392640
1962,413175
1963,434520
1964,485320
1965,498758
1966,469155
1967,551493
1968,583877
1969,588613
1970,815060
1971,560976
1972,610590
1973,605256
1974,592484
1975,637833
1976,635366
1977,613207
1978,660732
1979,722255
1980,972980
1981,698902
1982,743237
1983,764896
1984,874871
1985,870285
1986,915218
1987,910123
1988,977236
1989,1087395
1990,1390631
1991,1191839
1992,1289775
1993,1311233
1994,1457386
1995,1608950
1996,1715244
1997,1803236
1998,1986020
1999,2391984
2000,4158379
2001,2842068
2002,2836917
2003,3262046
2004,3538926
2005,4057212
2006,4596891
2007,5595473
2008,6921166
2009,6560036
2010,7657762
2011,7863351
2012,9215821
2013,9420626
2014,9451391
2015,9687425
2016,10627709
2017,11428516
2018,12238709
2019,11821285
2020,12052316
2021,7827758
2022,3661172
2023,613765
2024,253479
2025,337626
2026,155978
2027,111124
2028,80495
2029,44204
2030,347688
2031,28344
2032,26498
2033,22377
2034,15985
2035,49768
2036,20064
2037,13984
2038,14908
2039,12131
2040,69724
2041,15146
2042,17819
2043,10932
2044,11813
2045,24055
2046,12016
2047,15651
2048,117513
2049,22233
2050,184552
2051,11025
2052,11769
2053,8999
2054,8840
2055,12556
2056,10591
2057,8440
2058,10244
2059,8254
2060,35420
2061,10065
2062,10530
2063,10708
2064,8880
2065,10157
2066,8896
2067,8260
2068,8319
2069,7834
2070,29359
2071,9489
2072,9449
2073,8291
2074,9480
2075,11375
2076,8666
2077,32611
2078,7384
2079,7747
2080,36063
2081,7989
2082,6824
2083,8410
2084,7569
2085,8087
2086,6994
2087,7219
2088,8326
2089,6894
2090,13184
2091,7201
2092,7005
2093,6885
2094,6528
2095,8315
2096,6942
2097,7311
2098,6476
2099,16332
2100,133548
2101,17347
2102,14562
2103,12175
2104,12601
2105,19308
2106,12826
2107,10610
2108,12405
2109,10878
2110,40097
2111,32414
2112,18286
2113,10882
2114,10686
2115,13130
2116,10966
2117,8672
2118,10495
2119,8947
2120,15626
2121,16446
2122,10614
2123,8334
2124,8290
2125,11125
2126,8010
2127,6813
2128,7738
2129,7358
2130,13893
2131,9391
2132,7804
2133,12203
2134,9313
2135,10106
2136,7419
2137,8993
2138,9772
2139,11865
2140,13200
2141,9364
2142,10295
2143,7989
2144,7718
2145,8973
2146,6470
2147,8792
2148,8500
2149,7108
2150,20906
2151,8942
2152,7435
2153,7471
2154,8337
2155,10565
2156,6870
2157,7146
2158,6338
2159,6435
2160,30083
2161,7884
2162,6640
2163,6558
2164,8154
2165,8222
2166,7495
2167,6338
2168,6341
2169,7121
2170,10259
2171,7420
2172,6750
2173,5957
2174,8338
2175,8213
2176,6670
2177,6385
2178,5932
2179,5990
2180,10095
2181,14934
2182,6128
2183,6107
2184,6374
2185,6417
2186,5873
2187,6734
2188,6358
2189,5604
2190,9100
2191,7833
2192,6673
2193,6972
2194,5872
2195,7578
2196,7826
2197,6108
2198,5594
2199,9939
2200,104624
2201,18582
2202,15300
2203,12577
2204,12352
2205,23110
2206,9814
2207,9003
2208,9820
2209,8422
2210,14701
2211,12560
2212,13834
2213,8018
2214,8969
2215,13412
2216,9069
2217,8945
2218,8059
2219,7750
2220,14027
2221,9596
2222,35508
2223,9481
2224,9401
2225,10898
2226,7257
2227,8129
2228,7909
2229,7982
2230,13093
2231,9436
2232,8350
2233,10076
2234,7408
2235,7558
2236,8199
2237,6726
2238,6292
2239,6075
2240,12054
2241,8728
2242,7839
2243,7038
2244,9911
2245,8486
2246,6605
2247,5901
2248,6485
2249,6758
2250,26337
2251,8286
2252,7263
2253,7444
2254,12378
2255,15112
2256,7147
2257,12764
2258,5959
2259,6653
2260,9550
2261,7607
2262,6361
2263,6369
2264,7079
2265,7395
2266,6879
2267,6639
2268,6144
2269,5906
2270,8694
2271,5981
2272,7621
2273,8069
2274,5896
2275,7372
2276,7092
2277,8217
2278,6537
2279,5448
2280,14428
2281,7367
2282,6183
2283,6401
2284,6406
2285,6609
2286,5625
2287,6625
2288,7308
2289,5637
2290,13480
2291,5673
2292,5898
2293,5697
2294,5179
2295,6642
2296,5576
2297,5364
2298,5623
2299,7427
2300,78660
2301,13272
2302,8934
2303,8138
2304,12042
2305,9488
2306,7152
2307,17454
2308,8047
2309,7277
2310,12301
2311,10917
2312,10013
2313,7363
2314,7533
2315,8314
2316,7630
2317,7899
2318,6692
2319,7793
2320,11974
2321,7539
2322,8795
2323,11254
2324,8138
2325,8313
2326,6596
2327,6654
2328,6545
2329,5870
2330,10934
2331,7014
2332,6978
2333,9828
2334,7774
2335,6695
2336,6497
2337,8662
2338,5915
2339,8502
2340,21094
2341,7025
2342,6814
2343,6650
2344,8119
2345,18071
2346,6574
2347,6822
2348,5947
2349,6160
2350,15831
2351,6432
2352,6711
2353,5961
2354,5706
2355,7211
2356,6489
2357,7042
2358,5495
2359,7014
2360,8995
2361,7236
2362,5596
2363,5674
2364,5576
2365,6202
2366,6166
2367,5938
2368,6719
2369,5937
2370,7784
2371,5952
2372,6012
2373,5538
2374,5157
2375,9188
2376,6857
2377,6290
2378,5292
2379,10718
2380,11390
2381,6460
2382,5549
2383,5997
2384,5087
2385,5769
2386,5532
2387,4859
2388,5629
2389,5038
2390,6640
2391,8664
2392,6608
2393,5325
2394,5300
2395,6719
2396,5420
2397,5078
2398,4645
2399,7765
2400,117827
2401,12497
2402,8145
2403,8298
2404,7224
2405,7292
2406,6312
2407,6796
2408,6645
2409,6050
2410,9944
2411,7497
2412,9092
2413,6610
2414,6335
2415,7244
2416,6118
2417,5832
2418,5539
2419,6330
2420,11089
2421,6665
2422,7309
2423,6156
2424,10079
2425,8661
2426,5913
2427,6026
2428,5714
2429,5623
2430,8473
2431,6193
2432,5800
2433,6200
2434,5601
2435,6544
2436,7074
2437,5404
2438,5994
2439,4920
2440,10552
2441,6569
2442,6394
2443,5737
2444,6825
2445,6688
2446,6009
2447,5781
2448,8713
2449,6126
2450,15473
2451,7314
2452,5811
2453,5747
2454,6561
2455,7082
2456,6319
2457,5779
2458,6756
2459,5287
2460,10131
2461,5597
2462,5727
2463,4980
2464,5776
2465,6091
2466,5597
2467,5477
2468,6199
2469,5340
2470,8603
2471,5966
2472,6033
2473,5315
2474,6310
2475,6863
2476,6908
2477,6925
2478,7609
2479,4726
2480,8729
2481,5648
2482,5197
2483,4886
2484,5359
2485,5519
2486,5838
2487,4934
2488,5209
2489,5490
2490,8007
2491,4982
2492,4993
2493,5122
2494,5559
2495,6661
2496,5720
2497,5075
2498,4799
2499,9758
2500,338104
2501,12304
2502,7574
2503,6724
2504,6391
2505,8017
2506,6279
2507,8819
2508,6133
2509,5945
2510,11735
2511,7600
2512,6711
2513,5683
2514,6223
2515,7253
2516,6302
2517,5458
2518,6320
2519,8334
2520,18717
2521,6419
2522,7771
2523,6471
2524,5929
2525,13909
2526,7319
2527,6585
2528,5522
2529,5886
2530,8772
2531,5982
2532,7319
2533,5473
2534,5268
2535,6915
2536,8389
2537,5835
2538,5384
2539,5627
2540,10573
2541,6000
2542,5129
2543,5403
2544,5491
2545,6432
2546,4899
2547,4940
2548,5372
2549,5142
2550,16710
2551,6576
2552,6402
2553,6263
2554,5924
2555,8923
2556,5289
2557,5833
2558,5765
2559,5933
2560,32532
2561,5588
2562,6136
2563,5731
2564,5647
2565,5974
2566,4932
2567,5279
2568,6144
2569,4455
2570,6641
2571,5287
2572,4624
2573,4410
2574,11012
2575,7053
2576,5104
2577,5601
2578,4766
2579,4644
2580,8396
2581,5850
2582,5275
2583,5474
2584,5025
2585,5494
2586,4796
2587,4489
2588,5304
2589,4585
2590,6678
2591,4949
2592,7266
2593,4763
2594,4608
2595,5849
2596,4870
2597,4672
2598,4515
2599,5733
2600,93602
2601,11790
2602,6256
2603,6093
2604,6193
2605,6895
2606,7579
2607,5817
2608,5440
2609,6675
2610,10161
2611,7195
2612,6069
2613,5075
2614,5187
2615,6709
2616,7341
2617,5584
2618,5401
2619,4895
2620,10362
2621,5938
2622,5845
2623,6023
2624,5051
2625,7804
2626,8774
2627,5760
2628,6281
2629,4445
2630,8669
2631,6399
2632,5583
2633,5520
2634,4451
2635,5710
2636,5344
2637,4960
2638,4694
2639,5288
2640,11563
2641,4978
2642,6941
2643,4709
2644,4955
2645,5403
2646,5501
2647,4497
2648,5094
2649,4678
2650,14623
2651,5344
2652,5366
2653,5010
2654,4476
2655,6145
2656,5349
2657,4648
2658,4188
2659,4145
2660,7887
2661,5448
2662,4859
2663,5451
2664,5253
2665,6233
2666,10348
2667,6351
2668,4991
2669,4693
2670,6878
2671,5188
2672,5009
2673,5240
2674,4437
2675,5730
2676,4709
2677,5199
2678,4536
2679,4303
2680,7763
2681,4411
2682,4394
2683,5824
2684,4100
2685,4620
2686,4556
2687,4310
2688,6399
2689,4134
2690,7191
2691,5299
2692,4387
2693,4552
2694,4403
2695,6093
2696,4507
2697,4712
2698,4216
2699,6194
2700,61722
2701,9635
2702,7590
2703,6813
2704,7028
2705,7640
2706,5160
2707,6026
2708,5659
2709,5758
2710,8522
2711,7159
2712,5707
2713,5520
2714,5815
2715,7218
2716,5455
2717,5216
2718,4927
2719,4900
2720,10851
2721,6025
2722,5532
2723,5168
2724,5021
2725,5849
2726,4935
2727,8567
2728,5592
2729,5318
2730,7616
2731,4985
2732,5345
2733,4971
2734,4540
2735,5016
2736,5705
2737,5605
2738,5492
2739,5226
2740,6458
2741,4839
2742,4479
2743,5438
2744,5477
2745,6259
2746,4402
2747,5274
2748,4276
2749,4389
2750,16750
2751,4959
2752,4908
2753,4943
2754,4469
2755,5984
2756,4836
2757,4826
2758,4191
2759,4329
2760,8253
2761,4474
2762,4926
2763,4384
2764,5311
2765,5869
2766,4688
2767,5919
2768,4634
2769,4204
2770,6454
2771,4621
2772,5236
2773,4122
2774,4692
2775,6099
2776,4619
2777,6655
2778,5443
2779,4106
2780,6884
2781,4880
2782,4553
2783,4354
2784,4430
2785,5096
2786,4181
2787,7456
2788,5244
2789,4901
2790,5867
2791,4180
2792,4091
2793,4353
2794,4018
2795,5464
2796,5316
2797,4170
2798,3889
2799,5923
2800,72072
2801,9289
2802,6293
2803,5831
2804,5365
2805,6038
2806,5612
2807,5262
2808,6512
2809,5332
2810,7510
2811,6569
2812,6324
2813,4985
2814,5349
2815,5572
2816,5722
2817,5225
2818,5629
2819,4627
2820,8711
2821,5947
2822,6576
2823,4508
2824,7655
2825,6587
2826,4524
2827,6602
2828,7208
2829,5089
2830,6900
2831,5219
2832,4988
2833,5297
2834,4384
2835,7599
2836,6108
2837,4220
2838,4735
2839,4199
2840,8164
2841,4910
2842,4694
2843,4011
2844,4763
2845,4851
2846,4187
2847,4728
2848,5999
2849,4123
2850,12151
2851,4896
2852,5115
2853,4135
2854,4303
2855,5249
2856,4275
2857,4896
2858,4518
2859,4031
2860,6691
2861,4452
2862,3807
2863,3990
2864,4252
2865,5038
2866,12676
2867,4081
2868,4200
2869,3984
2870,5432
2871,4472
2872,4436
2873,4004
2874,4238
2875,6138
2876,4446
2877,4499
2878,4551
2879,4000
2880,13118
2881,4605
2882,4845
2883,4814
2884,3861
2885,6234
2886,5235
2887,4384
2888,6554
2889,4447
2890,5985
2891,5643
2892,5618
2893,4601
2894,3808
2895,4894
2896,4079
2897,3877
2898,4176
2899,5018
2900,38303
2901,10364
2902,5568
2903,7222
2904,5597
2905,5816
2906,5084
2907,4876
2908,5159
2909,5458
2910,7216
2911,6526
2912,5659
2913,4764
2914,5288
2915,5771
2916,4933
2917,5292
2918,4591
2919,5282
2920,10470
2921,5594
2922,4718
2923,4904
2924,5632
2925,6285
2926,4211
2927,4249
2928,4307
2929,8014
2930,6842
2931,4547
2932,4190
2933,5487
2934,4358
2935,4629
2936,4469
2937,3788
2938,3817
2939,4102
2940,6847
2941,6193
2942,4053
2943,3994
2944,4434
2945,4422
2946,3747
2947,3967
2948,3974
2949,3995
2950,11537
2951,4612
2952,4144
2953,4046
2954,3918
2955,4800
2956,3632
2957,3880
2958,4992
2959,3853
2960,8294
2961,3799
2962,3752
2963,3879
2964,3898
2965,4081
2966,4204
2967,4214
2968,3670
2969,3827
2970,5643
2971,3956
2972,3655
2973,3721
2974,4028
2975,4754
2976,4358
2977,4007
2978,3640
2979,3762
2980,5969
2981,3623
2982,3783
2983,3571
2984,3986
2985,4219
2986,3368
2987,4318
2988,4699
2989,3825
2990,6177
2991,4486
2992,4737
2993,3724
2994,3669
2995,5831
2996,3964
2997,4425
2998,4553
2999,12266
3000,728284
3001,29499
3002,13248
3003,27867
3004,12439
3005,10621
3006,9390
3007,7615
3008,12587
3009,7526
3010,14270
3011,8638
3012,8133
3013,6345
3014,6629
3015,8494
3016,6609
3017,5504
3018,6862
3019,5838
3020,16886
3021,7047
3022,5746
3023,5705
3024,9109
3025,8512
3026,5496
3027,5272
3028,4719
3029,5554
3030,19270
3031,7243
3032,5969
3033,6319
3034,5052
3035,6758
3036,5668
3037,4521
3038,5594
3039,5039
3040,12425
3041,5312
3042,9860
3043,4933
3044,4905
3045,5892
3046,4599
3047,4503
3048,6940
3049,5154
3050,17537
3051,5941
3052,5592
3053,6032
3054,5568
3055,6792
3056,5425
3057,4886
3058,4529
3059,4767
3060,19520
3061,5070
3062,4955
3063,4248
3064,4615
3065,5582
3066,4920
3067,4632
3068,4758
3069,3765
3070,18279
3071,5386
3072,12106
3073,4538
3074,4675
3075,5427
3076,4740
3077,6684
3078,3997
3079,4882
3080,26523
3081,5437
3082,4274
3083,4560
3084,4128
3085,4959
3086,4055
3087,4106
3088,4952
3089,4262
3090,16849
3091,4259
3092,4462
3093,3860
3094,3883
3095,4797
3096,4608
3097,3696
3098,3933
3099,5580
3100,46640
3101,11831
3102,7646
3103,6220
3104,6745
3105,9204
3106,5750
3107,5024
3108,5537
3109,8792
3110,9984
3111,8928
3112,6719
3113,5789
3114,6831
3115,6973
3116,5509
3117,4830
3118,4896
3119,4451
3120,12708
3121,8949
3122,5404
3123,5564
3124,5528
3125,27636
3126,5151
3127,4557
3128,8714
3129,4478
3130,8502
3131,8896
3132,5711
3133,6010
3134,5118
3135,6934
3136,5532
3137,4701
3138,5203
3139,3860
3140,6568
3141,6184
3142,5693
3143,4712
3144,4948
3145,5468
3146,4359
3147,4521
3148,4079
3149,4082
3150,12783
3151,4921
3152,4417
3153,4266
3154,3780
3155,5733
3156,5611
3157,5277
3158,3887
3159,4155
3160,6446
3161,5423
3162,5010
3163,4967
3164,4172
3165,4708
3166,13354
3167,4383
3168,5740
3169,3782
3170,5789
3171,5512
3172,4162
3173,3780
3174,4635
3175,6097
3176,3854
3177,4262
3178,3699
3179,3825
3180,5815
3181,4956
3182,4239
3183,4698
3184,3937
3185,4542
3186,4425
3187,4048
3188,4750
3189,4518
3190,5027
3191,4513
3192,4502
3193,3833
3194,4739
3195,5014
3196,4364
3197,3411
3198,3917
3199,4985
3200,89678
3201,12240
3202,6580
3203,5753
3204,5843
3205,6946
3206,5113
3207,5268
3208,5618
3209,4686
3210,9494
3211,7422
3212,5893
3213,5229
3214,5151
3215,5808
3216,6070
3217,5841
3218,4548
3219,4345
3220,8973
3221,5924
3222,5893
3223,5260
3224,5166
3225,6019
3226,4939
3227,4696
3228,4379
3229,4345
3230,6434
3231,4898
3232,9953
3233,7047
3234,4292
3235,6062
3236,3784
3237,3968
3238,3931
3239,5092
3240,7574
3241,5864
3242,5381
3243,4194
3244,4079
3245,4996
3246,4134
3247,4110
3248,3555
3249,3700
3250,12444
3251,4629
3252,4228
3253,3733
3254,3848
3255,5331
3256,4137
3257,4023
3258,4074
3259,3559
3260,6203
3261,4404
3262,4017
3263,3941
3264,7408
3265,4307
3266,3855
3267,3791
3268,4111
3269,3746
3270,6893
3271,3703
3272,4067
3273,3441
3274,3744
3275,4460
3276,4164
3277,3817
3278,3787
3279,3797
3280,6635
3281,4132
3282,5746
3283,3283
3284,3460
3285,4063
3286,3861
3287,3715
3288,3936
3289,3221
3290,4889
3291,3260
3292,3543
3293,3278
3294,3394
3295,3981
3296,3278
3297,3315
3298,3070
3299,5569
3300,49894
3301,11191
3302,5956
3303,6943
3304,5732
3305,5983
3306,33220
3307,6347
3308,5142
3309,5004
3310,14097
3311,7519
3312,5817
3313,5702
3314,4415
3315,5545
3316,4244
3317,4115
3318,4517
3319,4179
3320,8161
3321,5542
3322,6892
3323,4362
3324,4628
3325,6631
3326,4677
3327,4358
3328,4806
3329,4883
3330,9555
3331,5337
3332,4939
3333,34735
3334,5404
3335,5313
3336,4465
3337,5142
3338,4259
3339,6614
3340,7734
3341,4306
3342,4464
3343,4812
3344,5916
3345,4549
3346,3995
3347,3827
3348,3705
3349,3549
3350,11925
3351,4409
3352,4065
3353,4510
3354,4405
3355,5937
3356,4049
3357,4102
3358,3582
3359,4595
3360,7162
3361,4222
3362,4347
3363,3976
3364,4158
3365,4125
3366,6379
3367,4555
3368,3890
3369,3684
3370,6030
3371,4396
3372,3586
3373,3882
3374,3391
3375,5708
3376,4006
3377,4571
3378,3455
3379,3944
3380,5279
3381,3756
3382,4297
3383,3608
3384,3692
3385,4264
3386,3922
3387,3356
3388,4309
3389,18480
3390,21783
3391,3641
3392,3449
3393,5055
3394,3184
3395,3662
3396,4535
3397,3948
3398,3184
3399,5832
3400,41658
3401,9456
3402,9792
3403,6245
3404,8206
3405,5213
3406,5886
3407,7065
3408,4586
3409,4237
3410,6477
3411,5505
3412,6203
3413,3928
3414,4492
3415,4745
3416,3936
3417,4100
3418,3565
3419,3517
3420,8435
3421,4743
3422,4139
3423,4932
3424,4166
3425,4478
3426,3666
3427,3649
3428,3337
3429,3479
3430,5275
3431,4564
3432,4128
3433,4142
3434,5727
3435,5033
3436,3675
3437,3482
3438,3476
3439,3356
3440,8153
3441,3901
3442,3853
3443,4377
3444,5481
3445,4295
3446,3508
3447,3617
3448,3936
3449,3691
3450,11466
3451,4217
3452,4008
3453,3810
3454,4170
3455,4536
3456,12216
3457,4297
3458,3684
3459,3323
3460,4967
3461,3823
3462,4994
3463,3766
3464,4279
3465,4008
3466,3764
3467,3578
3468,3572
3469,3115
3470,5435
3471,4834
3472,3543
3473,3444
3474,4416
3475,4649
3476,3486
3477,3426
3478,4558
3479,3291
3480,5680
3481,3492
3482,3105
3483,3511
3484,3190
3485,3472
3486,3126
3487,2923
3488,3909
3489,2966
3490,4823
3491,3310
3492,2988
3493,3116
3494,3161
3495,4519
3496,3164
3497,3764
3498,3039
3499,5103
3500,167416
3501,8632
3502,4708
3503,4044
3504,4664
3505,5589
3506,4225
3507,3967
3508,4731
3509,4057
3510,7025
3511,5079
3512,4515
3513,3603
3514,4035
3515,5280
3516,4764
3517,3975
3518,3493
3519,3614
3520,9032
3521,5561
3522,4280
3523,3701
3524,3860
3525,6365
3526,3653
3527,3730
3528,5632
3529,3696
3530,5298
3531,5299
3532,3673
3533,3702
3534,3304
3535,7305
3536,4102
3537,4115
3538,4264
3539,3320
3540,6372
3541,4389
3542,4180
3543,3632
3544,3708
3545,4503
3546,3647
3547,3322
3548,3570
3549,3611
3550,11245
3551,4325
3552,3703
3553,8061
3554,3071
3555,6078
3556,3507
3557,3515
3558,3587
3559,3289
3560,6163
3561,4031
3562,3226
3563,3103
3564,3324
3565,4425
3566,3967
3567,3521
3568,3595
3569,3007
3570,5539
3571,3806
3572,3088
3573,3147
3574,2965
3575,4360
3576,3663
3577,3598
3578,4535
3579,3748
3580,4725
3581,3479
3582,3826
3583,4039
3584,4751
3585,4105
3586,3254
3587,2820
3588,5086
3589,3445
3590,5066
3591,3342
3592,3254
3593,3398
3594,2874
3595,3798
3596,2943
3597,3191
3598,3001
3599,4709
3600,130204
3601,7574
3602,4547
3603,4455
3604,4862
3605,4398
3606,3965
3607,3600
3608,4192
3609,3611
3610,6764
3611,4701
3612,3951
3613,3483
3614,3359
3615,4341
3616,3754
3617,3370
3618,3612
3619,3375
3620,6296
3621,4303
3622,4098
3623,3341
3624,4719
3625,4636
3626,4599
3627,3916
3628,3222
3629,3399
3630,6256
3631,3971
3632,3897
3633,4382
3634,3454
3635,3658
3636,6009
3637,3706
3638,3532
3639,3696
3640,5496
3641,3781
3642,3367
3643,3087
3644,3236
3645,3676
3646,3554
3647,3920
3648,4834
3649,3102
3650,11965
3651,3632
3652,3500
3653,3273
3654,3245
3655,4277
3656,3395
3657,3248
3658,4124
3659,2973
3660,5782
3661,3528
3662,3273
3663,4932
3664,3387
3665,3527
3666,4130
3667,4100
3668,3349
3669,3002
3670,4164
3671,3428
3672,3291
3673,3527
3674,3037
3675,3840
3676,3594
3677,3193
3678,3617
3679,3225
3680,5077
3681,3193
3682,2922
3683,3806
3684,2886
3685,3081
3686,3847
3687,2948
3688,3226
3689,3101
3690,4965
3691,3466
3692,3106
3693,2861
3694,2620
3695,3339
3696,3893
3697,2766
3698,2739
3699,3638
3700,34172
3701,7407
3702,4351
3703,3798
3704,4103
3705,4318
3706,3559
3707,3608
3708,3851
3709,3570
3710,5448
3711,5247
3712,4178
3713,3412
3714,3533
3715,3987
3716,3346
3717,4027
3718,3556
3719,3597
3720,7583
3721,4001
3722,3630
3723,3387
3724,3557
3725,3833
3726,3661
3727,4628
3728,3468
3729,5148
3730,8494
3731,4040
3732,3931
3733,5252
3734,3181
3735,3602
3736,3445
3737,5370
3738,3408
3739,3689
3740,4582
3741,3687
3742,3791
3743,5090
3744,4419
3745,4881
3746,5954
3747,3419
3748,3653
3749,2974
3750,14350
3751,3605
3752,3484
3753,3192
3754,3336
3755,4697
3756,3147
3757,3164
3758,3758
3759,2771
3760,4705
3761,3347
3762,3272
3763,2819
3764,2996
3765,3267
3766,3472
3767,3363
3768,3018
3769,2805
3770,8054
3771,3563
3772,3752
3773,3797
3774,3206
3775,4100
3776,4090
3777,4890
3778,3297
3779,3433
3780,5203
3781,3138
3782,3622
3783,3172
3784,3904
3785,3444
3786,3187
3787,2969
3788,3322
3789,3071
3790,7459
3791,3561
3792,2802
3793,2846
3794,2615
3795,3378
3796,2948
3797,3203
3798,2694
3799,3866
3800,42172
3801,7226
3802,3981
3803,3949
3804,3467
3805,4356
3806,3595
3807,3352
3808,4562
3809,4440
3810,5575
3811,4337
3812,3945
3813,3258
3814,3317
3815,3617
3816,3421
3817,3055
3818,3485
3819,3219
3820,6787
3821,3953
3822,3384
3823,3393
3824,3881
3825,4513
3826,3162
3827,4224
3828,3485
3829,3122
3830,4938
3831,3528
3832,3260
3833,4764
3834,3403
3835,4001
3836,3054
3837,3123
3838,5136
3839,3516
3840,20989
3841,3809
3842,3510
3843,3021
3844,4154
3845,3731
3846,3442
3847,4156
3848,3509
3849,3058
3850,8729
3851,3432
3852,3148
3853,2874
3854,2718
3855,4104
3856,2851
3857,7146
3858,3322
3859,3244
3860,4505
3861,3420
3862,3392
3863,3411
3864,3443
3865,4296
3866,3145
3867,3050
3868,3056
3869,2916
3870,5205
3871,2994
3872,6856
3873,2836
3874,2748
3875,4020
3876,3035
3877,3032
3878,3106
3879,2665
3880,5376
3881,3075
3882,4017
3883,4380
3884,2787
3885,3352
3886,3208
3887,2785
3888,6351
3889,3001
3890,3822
3891,2914
3892,3451
3893,2808
3894,2951
3895,3248
3896,2642
3897,3058
3898,2750
3899,3465
3900,28357
3901,5828
3902,3841
3903,3853
3904,4874
3905,3940
3906,4661
3907,3468
3908,3379
3909,3973
3910,4401
3911,4407
3912,3596
3913,3198
3914,5358
3915,4248
3916,3128
3917,3088
3918,3034
3919,3200
3920,6610
3921,3652
3922,3917
3923,3179
3924,3146
3925,3990
3926,3486
3927,4689
3928,3906
3929,3301
3930,4739
3931,3603
3932,3057
3933,3738
3934,18686
3935,3197
3936,3220
3937,4023
3938,2909
3939,5165
3940,6412
3941,3185
3942,2695
3943,3057
3944,2882
3945,5608
3946,2958
3947,2910
3948,2787
3949,3109
3950,6958
3951,2979
3952,2951
3953,2919
3954,2776
3955,3416
3956,3449
3957,2736
3958,2635
3959,4072
3960,5111
3961,2790
3962,3400
3963,2627
3964,2707
3965,2907
3966,2949
3967,2597
3968,3189
3969,3562
3970,4341
3971,2979
3972,2791
3973,2601
3974,2793
3975,3720
3976,2649
3977,3169
3978,2947
3979,2933
3980,4049
3981,2985
3982,3106
3983,2531
3984,3258
3985,2987
3986,4198
3987,4172
3988,3191
3989,2751
3990,4280
3991,3393
3992,2740
3993,3130
3994,2967
3995,4263
3996,3011
3997,3147
3998,3361
3999,8692
4000,439573
4001,17315
4002,8346
4003,7363
4004,9308
4005,7756
4006,6599
4007,5684
4008,5740
4009,5251
4010,10625
4011,6848
4012,5516
4013,5205
4014,6410
4015,5388
4016,5225
4017,5166
4018,4837
4019,3979
4020,10864
4021,4915
4022,4912
4023,3964
4024,4185
4025,5208
4026,4306
4027,3572
4028,4234
4029,3824
4030,7335
4031,4902
4032,7984
4033,16820
4034,4316
4035,4383
4036,3518
4037,3728
4038,4022
4039,3981
4040,12598
4041,4941
4042,3969
4043,4393
4044,5677
4045,5066
4046,3778
4047,3923
4048,4355
4049,5374
4050,10729
4051,6183
4052,3977
4053,3964
4054,3641
4055,4510
4056,3733
4057,3464
4058,3489
4059,3321
4060,7215
4061,4012
4062,3724
4063,3205
4064,4603
4065,3673
4066,3871
4067,3802
4068,3547
4069,3569
4070,6004
4071,3375
4072,3761
4073,3321
4074,3833
4075,4192
4076,3458
4077,3973
4078,3057
4079,3030
4080,8659
4081,3593
4082,3045
4083,3215
4084,3161
4085,3515
4086,3090
4087,3171
4088,4072
4089,3013
4090,7472
4091,3713
4092,5975
4093,3280
4094,4069
4095,9993
4096,102418
4097,5294
4098,3585
4099,4900
4100,31357
4101,9308
4102,6756
4103,9641
4104,5490
4105,5125
4106,4316
4107,3757
4108,4244
4109,4141
4110,6772
4111,7482
4112,4728
4113,3859
4114,4594
4115,4579
4116,4643
4117,3610
4118,3976
4119,3658
4120,6654
4121,5263
4122,5482
4123,4934
4124,4150
4125,5119
4126,3569
4127,4170
4128,5567
4129,3463
4130,15903
4131,4199
4132,3636
4133,3591
4134,6860
4135,17531
4136,3437
4137,3251
4138,3041
4139,3045
4140,17436
4141,6683
4142,5483
4143,3853
4144,3693
4145,3927
4146,3005
4147,3913
4148,2854
4149,2772
4150,11421
4151,5486
4152,3691
4153,3168
4154,2928
4155,4131
4156,3099
4157,3495
4158,3136
4159,3306
4160,7134
4161,4755
4162,3102
4163,3599
4164,2960
4165,3741
4166,3293
4167,4175
4168,3014
4169,3275
4170,4445
4171,5011
4172,4712
4173,2980
4174,2985
4175,3588
4176,3145
4177,3166
4178,3128
4179,3405
4180,4816
4181,3724
4182,2833
4183,3926
4184,3180
4185,3411
4186,2848
4187,2855
4188,2941
4189,2704
4190,3685
4191,3388
4192,2989
4193,2839
4194,2933
4195,3202
4196,2725
4197,2845
4198,2764
4199,3521
4200,51277
4201,6920
4202,5195
4203,4175
4204,3880
4205,4288
4206,3607
4207,4270
4208,4608
4209,3912
4210,6753
4211,5668
4212,4970
4213,4442
4214,4883
4215,5156
4216,4852
4217,7495
4218,4023
4219,3484
4220,6170
4221,4489
4222,6613
4223,3560
4224,4733
4225,5133
4226,4045
4227,4847
4228,3829
4229,3617
4230,6262
4231,7134
4232,4181
4233,3911
4234,3271
4235,3657
4236,10245
4237,3381
4238,3237
4239,3132
4240,7243
4241,3668
4242,7996
4243,3786
4244,4951
4245,3897
4246,3063
4247,3665
4248,4423
4249,2900
4250,10459
4251,4054
4252,3762
4253,3535
4254,3143
4255,3977
4256,3187
4257,2962
4258,3760
4259,2833
4260,5300
4261,3454
4262,3372
4263,3421
4264,2902
4265,4426
4266,3489
4267,3883
4268,2970
4269,3445
4270,3864
4271,5970
4272,3376
4273,4058
4274,3142
4275,3968
4276,3155
4277,3149
4278,3513
4279,2820
4280,5439
4281,4061
4282,3200
4283,2955
4284,2897
4285,3825
4286,3282
4287,3984
4288,3686
4289,2731
4290,3867
4291,3152
4292,3268
4293,2980
4294,2820
4295,3384
4296,3192
4297,2863
4298,2762
4299,3509
4300,28906
4301,9647
4302,4358
4303,4386
4304,4307
4305,5353
4306,4497
4307,4381
4308,3268
4309,3396
4310,6297
4311,4823
4312,4945
4313,3518
4314,3695
4315,4125
4316,3037
4317,3394
4318,3114
4319,3669
4320,8105
4321,11289
4322,4881
4323,3589
4324,5063
4325,4292
4326,19539
4327,3189
4328,3420
4329,3402
4330,5623
4331,6608
4332,4235
4333,5520
4334,3610
4335,3934
4336,3083
4337,3159
4338,3250
4339,3005
4340,9727
4341,3472
4342,3249
4343,5863
4344,3634
4345,3691
4346,3173
4347,3121
4348,3072
4349,3221
4350,8985
4351,3289
4352,4096
4353,3454
4354,2976
4355,3787
4356,3870
4357,7775
4358,3009
4359,2772
4360,5615
4361,3419
4362,3044
4363,3744
4364,3117
4365,3348
4366,2955
4367,2723
4368,4140
4369,2942
4370,4586
4371,2991
4372,3130
4373,2921
4374,2924
4375,10848
4376,2705
4377,3008
4378,2629
4379,2711
4380,5639
4381,3103
4382,2752
4383,2846
4384,2777
4385,2756
4386,2898
4387,2483
4388,3637
4389,3437
4390,3650
4391,2968
4392,2638
4393,2647
4394,2581
4395,3472
4396,2646
4397,2629
4398,2799
4399,3910
4400,33633
4401,8487
4402,4084
4403,3594
4404,5986
4405,4062
4406,3874
4407,3329
4408,3609
4409,3335
4410,6104
4411,5826
4412,4451
4413,3218
4414,3980
4415,4355
4416,4505
4417,3201
4418,3594
4419,3925
4420,4924
4421,4314
4422,5087
4423,4156
4424,3538
4425,3834
4426,3329
4427,3179
4428,3212
4429,3192
4430,6178
4431,3478
4432,3557
4433,4789
4434,3764
4435,4124
4436,3091
4437,3074
4438,3719
4439,2826
4440,6523
4441,4204
4442,3334
4443,4674
4444,22688
4445,4747
4446,3374
4447,3492
4448,4907
4449,6432
4450,6586
4451,3542
4452,4043
4453,3812
4454,2977
4455,5739
4456,3265
4457,3685
4458,3611
4459,3082
4460,4998
4461,3486
4462,4104
4463,2858
4464,3428
4465,3812
4466,3875
4467,2754
4468,4274
4469,2857
4470,4235
4471,3465
4472,4909
4473,5540
4474,3190
4475,3092
4476,2935
4477,4163
4478,2822
4479,2911
4480,4533
4481,3292
4482,2769
4483,3339
4484,3421
4485,3344
4486,2990
4487,2745
4488,4111
4489,2889
4490,4040
4491,3023
4492,2870
4493,2654
4494,2847
4495,3598
4496,3090
4497,2798
4498,2451
4499,4146
4500,95348
4501,7241
4502,6583
4503,5342
4504,3644
4505,5716
4506,5488
4507,3351
4508,3451
4509,3872
4510,6410
4511,5420
4512,6390
4513,3394
4514,3380
4515,4643
4516,3387
4517,2958
4518,2859
4519,2961
4520,6898
4521,3871
4522,3895
4523,2954
4524,3127
4525,4351
4526,3265
4527,3026
4528,2956
4529,3249
4530,5976
4531,2917
4532,3325
4533,3214
4534,2791
4535,3874
4536,3198
4537,3450
4538,2859
4539,3382
4540,4267
4541,3860
4542,3277
4543,2981
4544,3509
4545,7023
4546,3454
4547,3189
4548,3272
4549,2793
4550,7583
4551,4440
4552,3315
4553,2864
4554,3473
4555,4924
4556,3442
4557,3228
4558,3467
4559,2858
4560,5091
4561,3094
4562,3722
4563,3159
4564,3174
4565,3789
4566,4145
4567,11629
4568,3143
4569,3270
4570,4798
4571,4069
4572,3147
4573,2809
4574,2504
4575,4234
4576,3231
4577,3341
4578,2901
4579,2630
4580,3596
4581,2836
4582,2460
4583,2912
4584,2478
4585,2818
4586,2501
4587,3058
4588,2696
4589,2438
4590,4412
4591,2556
4592,2766
4593,2921
4594,2495
4595,2901
4596,2357
4597,2397
4598,2427
4599,3047
4600,28086
4601,5307
4602,3487
4603,3083
4604,2956
4605,4138
4606,3656
4607,2950
4608,5347
4609,3609
4610,5301
4611,3628
4612,3270
4613,3012
4614,3539
4615,4120
4616,3155
4617,2847
4618,2850
4619,2807
4620,5197
4621,3280
4622,3421
4623,2855
4624,3494
4625,4306
4626,3323
4627,3073
4628,2847
4629,2523
4630,4858
4631,3443
4632,3278
4633,3104
4634,3142
4635,3254
4636,5753
4637,2887
4638,3078
4639,2843
4640,4541
4641,3202
4642,3056
4643,3065
4644,2893
4645,3050
4646,4483
4647,3890
4648,3511
4649,3086
4650,7299
4651,3450
4652,2809
4653,4174
4654,2875
4655,4057
4656,3255
4657,2802
4658,2896
4659,2531
4660,4719
4661,3055
4662,2915
4663,3802
4664,3554
4665,3072
4666,3342
4667,3313
4668,3379
4669,2715
4670,5301
4671,2780
4672,2784
4673,5144
4674,2644
4675,3120
4676,2757
4677,2764
4678,2859
4679,2416
4680,6430
4681,3243
4682,2550
4683,2425
4684,2943
4685,2716
4686,3861
4687,2912
4688,4396
4689,2631
4690,3911
4691,2635
4692,2757
4693,2585
4694,2476
4695,2893
4696,2819
4697,2576
4698,2511
4699,2974
4700,25932
4701,5218
4702,3486
4703,3460
4704,4099
4705,3481
4706,2939
4707,3370
4708,3378
4709,2781
4710,4815
4711,6377
4712,3297
4713,3365
4714,2974
4715,4070
4716,2800
4717,3139
4718,2832
4719,2749
4720,5126
4721,2985
4722,3565
4723,3928
4724,3231
4725,4208
4726,2740
4727,3033
4728,3165
4729,2955
4730,4770
4731,3124
4732,3128
4733,3095
4734,2542
4735,2943
4736,3273
4737,2985
4738,2736
4739,2691
4740,4665
4741,3253
4742,2652
4743,2718
4744,2973
4745,2960
4746,2804
4747,5021
4748,2867
4749,2490
4750,7409
4751,3300
4752,3137
4753,2610
4754,2936
4755,3816
4756,2732
4757,2873
4758,3193
4759,2744
4760,4106
4761,2678
4762,2872
4763,2467
4764,2440
4765,2736
4766,2881
4767,2513
4768,2603
4769,3284
4770,5526
4771,2976
4772,3668
4773,2670
4774,3078
4775,3794
4776,2812
4777,4086
4778,2448
4779,2502
4780,4685
4781,2653
4782,2821
4783,2523
4784,2489
4785,2660
4786,2975
4787,2680
4788,2916
4789,2779
4790,4043
4791,2708
4792,2690
4793,2556
4794,2261
4795,2546
4796,2613
4797,3173
4798,2358
4799,3142
4800,44796
4801,5310
4802,3746
4803,3030
4804,2914
4805,3650
4806,3018
4807,3101
4808,3162
4809,7616
4810,5801
4811,3662
4812,3433
4813,2676
4814,2955
4815,3259
4816,3365
4817,3962
4818,3132
4819,3895
4820,4245
4821,2908
4822,3895
4823,2696
4824,3131
4825,4715
4826,2738
4827,2757
4828,2940
4829,2372
4830,10138
4831,2886
4832,3030
4833,3739
4834,2366
4835,3269
4836,2733
4837,2481
4838,2833
4839,2633
4840,5209
4841,3382
4842,2716
4843,2424
4844,3534
4845,3601
4846,2409
4847,2609
4848,5070
4849,3098
4850,7833
4851,3157
4852,3042
4853,2757
4854,2418
4855,2830
4856,3469
4857,2248
4858,2783
4859,2527
4860,4625
4861,3283
4862,2704
4863,2432
4864,2959
4865,2712
4866,2365
4867,2909
4868,4225
4869,2631
4870,6630
4871,2761
4872,3095
4873,2554
4874,2673
4875,3451
4876,2897
4877,3193
4878,3475
4879,2505
4880,4441
4881,2788
4882,2447
4883,2650
4884,2974
4885,2960
4886,2469
4887,2503
4888,3912
4889,3079
4890,3684
4891,2207
4892,2606
4893,2481
4894,2243
4895,2805
4896,3230
4897,2242
4898,2538
4899,3255
4900,20920
4901,5283
4902,2971
4903,3016
4904,2919
4905,3369
4906,2752
4907,2726
4908,2646
4909,3058
4910,4463
4911,3808
4912,3204
4913,2891
4914,3455
4915,3668
4916,2766
4917,2636
4918,2873
4919,2799
4920,4417
4921,3128
4922,5878
4923,2931
4924,2925
4925,3137
4926,2953
4927,2379
4928,3050
4929,2834
4930,3616
4931,2673
4932,3075
4933,2965
4934,2667
4935,2518
4936,2939
4937,2567
4938,2598
4939,3121
4940,3689
4941,2802
4942,2711
4943,2532
4944,3463
4945,3945
4946,2846
4947,2536
4948,3688
4949,4178
4950,6308
4951,2890
4952,2862
4953,2496
4954,2425
4955,2922
4956,2571
4957,2686
4958,2759
4959,3516
4960,4086
4961,2876
4962,2567
4963,2401
4964,2400
4965,2857
4966,2576
4967,2638
4968,2747
4969,2491
4970,3454
4971,2561
4972,2511
4973,2275
4974,2349
4975,3770
4976,2477
4977,2513
4978,2293
4979,2470
4980,4996
4981,2559
4982,2511
4983,2516
4984,2594
4985,2531
4986,2912
4987,2420
4988,2484
4989,2418
4990,4106
4991,2691
4992,2941
4993,2557
4994,2709
4995,3913
4996,3515
4997,2772
4998,3019
4999,10119
5000,699588
5001,21395
5002,8589
5003,6526
5004,5866
5005,12013
5006,4745
5007,8511
5008,7344
5009,4303
5010,10075
5011,4958
5012,4233
5013,3830
5014,3852
5015,6031
5016,3672
5017,3683
5018,4059
5019,3218
5020,7691
5021,3987
5022,3954
5023,3555
5024,3371
5025,3980
5026,2943
5027,2824
5028,2756
5029,2975
5030,7518
5031,3253
5032,3458
5033,3715
5034,2950
5035,3397
5036,2853
5037,3586
5038,3079
5039,3599
5040,7785
5041,3400
5042,2884
5043,3044
5044,3527
5045,3732
5046,2868
5047,3013
5048,3598
5049,2852
5050,22356
5051,4804
5052,16953
5053,3207
5054,3211
5055,5911
5056,3323
5057,3329
5058,2437
5059,2932
5060,8169
5061,5022
5062,3450
5063,2901
5064,2841
5065,3657
5066,3578
5067,3321
5068,2788
5069,2733
5070,5455
5071,2781
5072,2885
5073,2798
5074,2437
5075,4363
5076,2492
5077,2404
5078,2600
5079,2700
5080,6335
5081,2846
5082,2705
5083,11379
5084,2504
5085,3192
5086,4626
5087,2414
5088,3103
5089,2595
5090,3948
5091,2411
5092,2512
5093,2248
5094,2280
5095,2703
5096,2650
5097,2330
5098,2559
5099,3083
5100,30970
5101,6509
5102,4177
5103,3928
5104,3539
5105,8581
5106,2991
5107,3034
5108,3224
5109,2727
5110,8546
5111,5675
5112,3668
5113,3128
5114,3815
5115,3888
5116,3251
5117,2965
5118,3002
5119,2943
5120,9810
5121,4378
5122,3540
5123,3861
5124,3082
5125,4054
5126,3154
5127,2667
5128,3251
5129,2492
5130,5126
5131,3372
5132,2575
5133,2969
5134,2743
5135,3161
5136,2493
5137,2452
5138,2357
5139,2441
5140,4695
5141,3054
5142,2585
5143,2505
5144,2604
5145,3002
5146,2717
5147,2215
5148,4634
5149,4041
5150,12709
5151,5393
5152,3570
5153,3084
5154,2649
5155,3404
5156,2747
5157,2336
5158,2458
5159,2356
5160,6265
5161,3307
5162,2678
5163,2384
5164,2470
5165,2652
5166,2428
5167,3272
5168,2485
5169,2290
5170,4008
5171,2728
5172,3251
5173,2176
5174,2151
5175,3045
5176,2990
5177,2292
5178,1966
5179,2249
5180,3478
5181,2334
5182,3543
5183,2453
5184,3255
5185,3280
5186,2075
5187,2144
5188,2558
5189,2233
5190,3210
5191,2889
5192,2318
5193,2429
5194,14899
5195,3094
5196,2377
5197,2246
5198,2297
5199,3171
5200,38567
5201,7048
5202,3647
5203,3109
5204,3570
5205,3573
5206,3007
5207,3183
5208,3371
5209,2946
5210,5567
5211,4538
5212,3649
5213,2736
5214,2733
5215,3233
5216,3301
5217,4147
5218,2749
5219,2399
5220,6191
5221,3570
5222,5093
5223,3321
5224,2889
5225,4374
5226,2754
5227,2849
5228,3123
5229,2400
5230,5555
5231,2986
5232,2810
5233,4324
5234,2674
5235,3096
5236,2933
5237,2521
5238,2594
5239,2275
5240,3759
5241,2735
5242,2494
5243,2339
5244,2719
5245,2945
5246,2487
5247,2583
5248,2483
5249,2261
5250,9809
5251,3837
5252,4477
5253,3443
5254,2679
5255,4163
5256,2479
5257,2623
5258,2583
5259,2327
5260,3770
5261,2729
5262,2585
5263,2726
5264,2267
5265,2153
5266,2642
5267,2490
5268,2150
5269,2186
5270,3266
5271,2473
5272,2402
5273,2636
5274,2197
5275,2831
5276,2074
5277,2533
5278,2456
5279,2234
5280,8984
5281,9177
5282,2311
5283,2698
5284,2265
5285,3007
5286,2102
5287,2222
5288,2529
5289,2138
5290,3047
5291,2522
5292,2737
5293,2149
5294,1919
5295,2146
5296,2421
5297,2392
5298,1932
5299,2616
5300,24874
5301,5584
5302,3496
5303,3434
5304,3361
5305,3609
5306,2965
5307,3270
5308,2725
5309,3837
5310,6067
5311,3842
5312,3344
5313,3037
5314,2622
5315,3329
5316,2759
5317,2550
5318,2350
5319,2260
5320,4959
5321,3455
5322,3684
5323,3180
5324,2836
5325,3507
5326,2249
5327,2370
5328,2702
5329,2530
5330,4287
5331,2838
5332,2511
5333,4550
5334,2922
5335,3659
5336,2395
5337,2564
5338,2226
5339,2308
5340,3598
5341,2641
5342,2430
5343,2949
5344,2455
5345,2910
5346,2289
5347,2595
5348,2615
5349,2385
5350,5053
5351,2740
5352,2575
5353,4830
5354,2597
5355,3394
5356,3284
5357,2348
5358,2378
5359,2412
5360,3162
5361,2341
5362,2336
5363,2523
5364,2171
5365,2278
5366,2301
5367,2067
5368,2202
5369,2042
5370,3445
5371,2396
5372,2044
5373,2746
5374,2156
5375,2722
5376,2852
5377,2472
5378,2385
5379,1991
5380,4786
5381,2822
5382,2040
5383,2209
5384,2094
5385,2473
5386,2370
5387,2324
5388,2254
5389,2113
5390,2776
5391,2547
5392,2053
5393,2030
5394,1913
5395,2412
5396,2150
5397,2013
5398,1974
5399,2333
5400,31394
5401,5781
5402,3489
5403,3296
5404,2902
5405,3684
5406,3595
5407,2877
5408,2914
5409,2239
5410,3776
5411,3881
5412,3327
5413,2427
5414,2856
5415,3676
5416,2488
5417,2632
5418,2698
5419,2363
5420,4248
5421,2749
5422,3213
5423,2561
5424,3331
5425,3239
5426,2125
5427,2289
5428,2572
5429,2405
5430,4243
5431,2629
5432,24213
5433,4457
5434,2846
5435,3381
5436,2120
5437,3560
5438,2412
5439,3380
5440,4478
5441,2969
5442,2891
5443,3267
5444,3652
5445,3356
5446,2810
5447,2500
5448,3019
5449,2428
5450,5890
5451,2572
5452,2478
5453,2821
5454,5109
5455,3465
5456,2996
5457,2266
5458,2100
5459,2126
5460,3466
5461,3504
5462,2064
5463,2407
5464,2736
5465,3022
5466,2796
5467,2188
5468,2458
5469,2414
5470,3252
5471,3276
5472,4624
5473,1946
5474,2650
5475,2661
5476,2257
5477,2315
5478,2431
5479,2282
5480,3350
5481,2355
5482,2436
5483,2290
5484,2159
5485,2440
5486,2194
5487,1999
5488,2513
5489,2141
5490,3235
5491,2721
5492,2016
5493,2027
5494,2148
5495,3078
5496,1848
5497,1794
5498,2654
5499,2762
5500,68063
5501,5758
5502,3200
5503,2746
5504,2879
5505,4967
5506,3496
5507,3432
5508,3113
5509,2703
5510,5981
5511,4773
5512,4502
5513,3619
5514,2617
5515,4049
5516,2774
5517,3197
5518,2495
5519,2327
5520,6678
5521,3274
5522,3390
5523,3723
5524,2801
5525,4050
5526,4674
5527,2413
5528,2128
5529,2322
5530,5040
5531,2915
5532,3102
5533,3240
5534,2429
5535,3853
5536,2781
5537,2895
5538,2301
5539,2710
5540,4102
5541,2829
5542,2965
5543,2094
5544,3402
5545,4334
5546,2324
5547,2692
5548,3292
5549,1927
5550,8120
5551,3431
5552,3359
5553,2624
5554,4525
5555,24663
5556,5706
5557,4074
5558,3705
5559,2829
5560,3914
5561,2392
5562,2208
5563,2271
5564,2179
5565,2972
5566,3808
5567,2504
5568,2658
5569,2194
5570,4002
5571,2339
5572,2265
5573,2088
5574,2033
5575,3177
5576,2180
5577,3551
5578,2457
5579,2406
5580,3672
5581,2401
5582,2255
5583,3117
5584,2270
5585,2689
5586,2043
5587,2062
5588,3274
5589,2086
5590,3509
5591,2522
5592,2072
5593,2097
5594,1819
5595,2480
5596,2007
5597,1964
5598,2131
5599,2900
5600,30314
5601,6065
5602,2989
5603,3677
5604,2291
5605,2846
5606,2669
5607,2501
5608,2263
5609,2500
5610,5917
5611,3254
5612,2457
5613,2446
5614,2210
5615,2578
5616,2921
5617,1922
5618,2086
5619,2127
5620,3745
5621,2537
5622,2492
5623,2398
5624,2509
5625,11288
5626,2670
5627,2455
5628,2251
5629,2167
5630,4478
5631,2248
5632,2635
5633,2343
5634,2624
5635,2733
5636,2178
5637,2971
5638,2078
5639,2043
5640,3508
5641,2507
5642,2261
5643,2234
5644,2239
5645,2491
5646,2919
5647,2189
5648,1973
5649,1889
5650,4853
5651,2277
5652,2561
5653,2149
5654,2170
5655,3280
5656,3976
5657,2432
5658,2144
5659,1978
5660,3553
5661,2577
5662,2605
5663,2409
5664,2504
5665,3056
5666,2915
5667,2878
5668,2227
5669,2078
5670,4049
5671,2955
5672,6860
5673,2093
5674,2143
5675,2737
5676,2416
5677,2283
5678,11777
5679,2130
5680,3201
5681,2831
5682,1949
5683,2621
5684,2192
5685,2090
5686,1833
5687,2349
5688,2420
5689,1981
5690,2692
5691,1866
5692,1940
5693,1926
5694,2056
5695,2336
5696,2187
5697,1835
5698,2173
5699,2411
5700,26908
5701,6588
5702,2877
5703,2951
5704,2410
5705,2809
5706,2250
5707,2679
5708,2940
5709,2656
5710,3246
5711,4413
5712,2935
5713,2584
5714,2740
5715,2919
5716,2153
5717,2672
5718,2328
5719,2462
5720,3603
5721,2651
5722,2574
5723,2189
5724,2358
5725,3262
5726,1968
5727,2416
5728,2730
5729,2131
5730,5190
5731,3561
5732,2192
5733,2963
5734,2356
5735,2976
5736,2333
5737,2424
5738,1981
5739,1932
5740,3228
5741,2495
5742,2326
5743,2299
5744,2664
5745,2523
5746,3592
5747,2292
5748,2422
5749,2217
5750,7643
5751,2919
5752,2221
5753,2941
5754,5480
5755,3441
5756,4418
5757,3664
5758,2407
5759,2411
5760,6743
5761,2236
5762,2332
5763,2111
5764,2113
5765,2571
5766,2354
5767,2476
5768,2363
5769,2431
5770,5541
5771,2869
5772,4846
5773,2618
5774,3153
5775,3941
5776,2830
5777,4661
5778,3393
5779,2641
5780,6058
5781,2700
5782,2906
5783,1958
5784,1857
5785,2116
5786,1889
5787,2158
5788,2279
5789,2183
5790,2538
5791,2027
5792,2045
5793,2551
5794,1696
5795,2195
5796,1888
5797,2050
5798,1833
5799,2535
5800,26520
5801,4350
5802,2715
5803,2359
5804,2110
5805,2590
5806,2068
5807,2306
5808,2728
5809,2013
5810,3667
5811,2913
5812,3544
5813,2293
5814,2075
5815,2660
5816,2168
5817,2162
5818,2110
5819,2332
5820,3744
5821,2404
5822,2567
5823,2139
5824,2231
5825,2847
5826,1889
5827,2080
5828,2484
5829,2100
5830,3479
5831,2107
5832,2633
5833,2846
5834,1758
5835,2404
5836,2996
5837,2060
5838,2115
5839,2367
5840,4693
5841,2489
5842,1905
5843,2001
5844,2173
5845,2404
5846,2291
5847,1928
5848,2012
5849,2128
5850,6272
5851,2487
5852,2283
5853,1931
5854,1858
5855,3044
5856,2358
5857,1920
5858,3993
5859,2523
5860,3229
5861,2280
5862,1989
5863,1820
5864,1781
5865,2332
5866,2271
5867,2085
5868,2229
5869,3278
5870,7501
5871,2083
5872,1967
5873,1758
5874,1787
5875,3372
5876,2742
5877,2111
5878,1958
5879,1931
5880,3716
5881,2766
5882,2402
5883,2009
5884,1853
5885,2626
5886,1880
5887,2205
5888,3467
5889,1865
5890,3169
5891,2089
5892,1721
5893,1741
5894,1653
5895,2279
5896,1832
5897,2066
5898,1908
5899,2274
5900,16553
5901,4386
5902,2677
5903,2404
5904,2493
5905,3144
5906,2691
5907,2662
5908,2238
5909,2195
5910,3408
5911,2814
5912,2201
5913,1871
5914,1998
5915,2409
5916,1969
5917,1956
5918,1826
5919,1973
5920,3452
5921,2100
5922,3503
5923,2536
5924,3127
5925,2680
5926,1819
5927,1973
5928,1843
5929,1940
5930,3925
5931,2112
5932,3087
5933,2177
5934,2012
5935,2269
5936,1715
5937,2274
5938,1836
5939,1893
5940,3297
5941,2102
5942,1957
5943,1864
5944,2005
5945,2035
5946,1868
5947,1787
5948,1661
5949,1874
5950,4963
5951,2157
5952,2358
5953,1790
5954,1809
5955,2558
5956,1843
5957,1918
5958,2230
5959,3261
5960,3145
5961,1973
5962,2380
5963,1840
5964,1760
5965,2281
5966,2094
5967,1784
5968,1983
5969,1892
5970,4171
5971,2243
5972,1935
5973,2980
5974,1578
5975,2499
5976,1931
5977,1974
5978,1804
5979,2030
5980,2845
5981,1935
5982,1901
5983,1774
5984,3960
5985,2762
5986,2376
5987,2433
5988,2288
5989,1858
5990,4955
5991,2028
5992,1984
5993,1904
5994,1785
5995,3253
5996,2119
5997,1863
5998,2427
5999,5799
6000,258882
6001,14671
6002,9711
6003,6324
6004,6818
6005,7878
6006,7942
6007,5359
6008,5781
6009,5559
6010,9202
6011,6919
6012,5835
6013,4834
6014,4352
6015,5328
6016,4841
6017,3701
6018,4042
6019,3620
6020,8773
6021,4817
6022,4134
6023,2549
6024,3524
6025,3647
6026,3337
6027,2858
6028,3337
6029,2274
6030,6139
6031,2658
6032,3691
6033,3251
6034,2567
6035,3020
6036,2559
6037,2538
6038,2673
6039,2227
6040,6517
6041,2824
6042,2543
6043,2138
6044,2694
6045,3319
6046,2075
6047,1950
6048,2823
6049,2287
6050,6462
6051,2818
6052,2945
6053,2345
6054,2245
6055,3873
6056,3209
6057,2258
6058,2377
6059,2239
6060,14013
6061,41546
6062,3493
6063,14721
6064,3430
6065,3299
6066,3434
6067,2575
6068,2599
6069,2981
6070,4546
6071,2450
6072,2571
6073,2470
6074,2247
6075,3185
6076,2701
6077,2307
6078,2063
6079,2021
6080,5270
6081,2416
6082,6911
6083,2412
6084,4167
6085,2898
6086,2183
6087,2072
6088,2785
6089,1957
6090,4436
6091,2348
6092,2255
6093,2122
6094,2049
6095,2343
6096,3563
6097,1927
6098,2069
6099,2585
6100,23654
6101,5855
6102,4081
6103,4749
6104,3045
6105,4556
6106,3985
6107,3158
6108,3121
6109,3290
6110,5393
6111,5829
6112,3575
6113,2502
6114,2867
6115,3519
6116,2848
6117,2468
6118,2459
6119,2765
6120,5625
6121,3705
6122,3029
6123,2947
6124,2366
6125,3693
6126,3087
6127,2529
6128,2786
6129,2029
6130,3840
6131,3360
6132,2239
6133,2632
6134,1933
6135,2303
6136,2281
6137,1903
6138,2117
6139,2297
6140,3600
6141,2686
6142,2137
6143,2343
6144,4904
6145,2531
6146,2351
6147,2196
6148,2341
6149,1954
6150,6732
6151,3284
6152,2428
6153,2344
6154,2484
6155,3069
6156,2446
6157,2045
6158,1821
6159,1852
6160,5347
6161,4427
6162,2735
6163,2712
6164,2797
6165,2417
6166,4301
6167,2608
6168,2605
6169,1927
6170,2797
6171,2485
6172,2170
6173,1997
6174,2180
6175,2222
6176,2120
6177,2071
6178,1885
6179,4053
6180,3948
6181,2334
6182,2502
6183,2043
6184,1758
6185,2046
6186,1769
6187,1674
6188,2091
6189,2066
6190,3972
6191,2000
6192,1897
6193,1646
6194,1691
6195,2046
6196,1866
6197,1628
6198,1896
6199,3559
6200,26808
6201,7620
6202,6811
6203,8142
6204,6303
6205,7192
6206,5819
6207,5197
6208,5097
6209,4271
6210,7406
6211,5869
6212,4935
6213,4494
6214,3812
6215,4601
6216,3646
6217,3232
6218,3332
6219,3044
6220,7008
6221,4788
6222,4727
6223,2610
6224,3288
6225,3093
6226,3833
6227,2527
6228,2861
6229,2398
6230,5227
6231,2840
6232,2962
6233,2981
6234,2886
6235,2677
6236,2550
6237,2510
6238,2626
6239,2885
6240,5734
6241,2515
6242,2518
6243,1989
6244,2768
6245,2454
6246,2079
6247,2269
6248,2434
6249,1956
6250,10608
6251,2794
6252,2830
6253,2494
6254,2183
6255,2807
6256,2578
6257,2107
6258,2320
6259,1878
6260,3308
6261,2704
6262,3757
6263,2937
6264,2647
6265,2766
6266,2511
6267,1911
6268,2365
6269,2335
6270,2866
6271,2620
6272,2652
6273,2645
6274,2122
6275,2582
6276,2011
6277,3095
6278,2256
6279,2072
6280,3842
6281,2169
6282,2379
6283,2341
6284,1980
6285,2442
6286,1839
6287,1912
6288,2457
6289,2167
6290,2637
6291,1941
6292,1855
6293,1681
6294,1891
6295,2069
6296,1916
6297,1679
6298,1813
6299,3514
6300,28599
6301,6329
6302,4709
6303,5105
6304,5036
6305,5501
6306,4588
6307,4066
6308,4335
6309,4435
6310,5872
6311,4482
6312,4198
6313,3754
6314,3482
6315,3943
6316,3743
6317,3442
6318,3241
6319,3150
6320,6090
6321,3716
6322,3812
6323,2558
6324,2726
6325,2910
6326,2585
6327,2197
6328,2777
6329,1909
6330,5178
6331,2662
6332,3475
6333,4589
6334,2985
6335,2335
6336,3095
6337,2726
6338,2405
6339,2080
6340,3866
6341,2189
6342,2069
6343,2308
6344,2379
6345,2267
6346,2018
6347,2054
6348,2294
6349,1737
6350,4850
6351,3139
6352,2105
6353,1968
6354,1921
6355,4375
6356,2025
6357,2294
6358,1734
6359,1869
6360,4137
6361,3735
6362,2148
6363,3840
6364,3837
6365,2262
6366,2335
6367,2084
6368,1927
6369,1861
6370,2395
6371,3822
6372,2112
6373,2224
6374,2171
6375,2676
6376,2321
6377,2109
6378,2727
6379,19765
6380,4886
6381,2244
6382,2212
6383,2003
6384,1855
6385,2205
6386,2009
6387,1790
6388,3694
6389,2132
6390,3526
6391,2009
6392,1929
6393,1996
6394,1604
6395,2028
6396,1831
6397,3253
6398,1725
6399,2727
6400,32833
6401,4455
6402,3225
6403,2566
6404,2607
6405,3217
6406,2664
6407,2313
6408,2336
6409,2318
6410,3913
6411,3307
6412,2563
6413,2435
6414,2473
6415,2684
6416,2594
6417,2334
6418,2321
6419,2218
6420,4500
6421,2260
6422,2805
6423,2309
6424,2458
6425,3193
6426,2319
6427,1875
6428,2017
6429,1999
6430,3238
6431,2522
6432,2751
6433,2446
6434,2316
6435,2551
6436,1762
6437,2258
6438,2169
6439,1679
6440,3383
6441,2732
6442,2400
6443,5791
6444,2962
6445,2164
6446,2321
6447,2206
6448,1947
6449,2170
6450,5293
6451,2332
6452,2244
6453,2208
6454,2193
6455,3271
6456,2078
6457,2427
6458,1856
6459,1939
6460,4867
6461,2352
6462,2084
6463,2453
6464,3666
6465,2365
6466,2384
6467,1842
6468,2626
6469,1834
6470,2605
6471,2082
6472,2002
6473,2295
6474,1915
6475,2882
6476,1633
6477,2117
6478,1868
6479,1796
6480,3081
6481,1858
6482,1905
6483,1950
6484,2415
6485,1667
6486,1568
6487,1965
6488,2495
6489,2135
6490,2911
6491,1819
6492,2212
6493,1777
6494,1951
6495,2123
6496,1779
6497,2159
6498,1928
6499,2404
6500,54733
6501,5037
6502,9732
6503,2750
6504,2371
6505,3801
6506,2396
6507,2245
6508,2511
6509,2574
6510,4982
6511,4091
6512,3506
6513,2295
6514,2266
6515,3142
6516,2642
6517,2062
6518,2128
6519,1941
6520,4606
6521,2269
6522,2791
6523,2036
6524,1969
6525,3168
6526,1940
6527,1822
6528,2208
6529,2099
6530,3491
6531,2459
6532,2426
6533,2331
6534,2241
6535,3356
6536,2043
6537,1726
6538,2393
6539,1731
6540,2808
6541,2383
6542,2279
6543,3223
6544,2119
6545,2314
6546,1901
6547,1843
6548,2289
6549,1647
6550,5872
6551,2532
6552,2444
6553,2475
6554,2331
6555,3782
6556,3715
6557,1901
6558,1677
6559,1974
6560,3654
6561,2720
6562,2238
6563,2373
6564,1909
6565,3915
6566,2547
6567,3067
6568,1812
6569,2346
6570,3127
6571,1951
6572,1944
6573,1577
6574,2020
6575,2445
6576,2037
6577,2072
6578,1787
6579,1908
6580,3164
6581,2305
6582,2206
6583,2684
6584,2592
6585,2320
6586,1747
6587,1765
6588,3221
6589,1711
6590,2364
6591,1747
6592,1787
6593,1699
6594,1749
6595,2009
6596,2477
6597,1588
6598,1633
6599,1854
6600,28803
6601,3748
6602,3065
6603,2515
6604,2727
6605,2688
6606,2966
6607,1943
6608,2283
6609,1992
6610,4015
6611,5138
6612,2275
6613,3538
6614,2307
6615,2687
6616,2259
6617,1848
6618,1721
6619,2999
6620,3745
6621,2630
6622,2858
6623,1831
6624,2247
6625,2925
6626,2060
6627,1750
6628,1798
6629,1827
6630,3481
6631,3520
6632,2604
6633,3729
6634,1809
6635,1995
6636,2357
6637,2034
6638,1733
6639,1921
6640,2841
6641,2285
6642,2247
6643,2164
6644,2540
6645,2251
6646,1935
6647,1668
6648,1817
6649,1756
6650,4387
6651,2664
6652,2130
6653,2377
6654,2385
6655,3226
6656,2499
6657,2082
6658,1866
6659,1989
6660,3566
6661,2480
6662,3054
6663,2107
6664,2587
6665,2450
6666,10736
6667,9876
6668,2242
6669,2515
6670,3841
6671,2445
6672,2378
6673,2008
6674,1767
6675,2198
6676,1983
6677,2952
6678,2490
6679,1723
6680,3381
6681,2386
6682,2069
6683,2132
6684,1847
6685,2031
6686,1969
6687,1751
6688,3237
6689,1682
6690,2412
6691,1762
6692,1630
6693,1828
6694,2137
6695,1875
6696,2456
6697,2033
6698,1986
6699,4858
6700,21346
6701,4193
6702,2509
6703,2086
6704,2173
6705,2387
6706,2073
6707,2589
6708,3105
6709,2253
6710,3319
6711,2290
6712,2318
6713,2020
6714,2105
6715,2240
6716,2526
6717,2431
6718,1677
6719,1594
6720,3539
6721,2212
6722,2667
6723,2126
6724,2000
6725,2445
6726,1769
6727,2007
6728,2106
6729,1758
6730,2621
6731,2945
6732,2047
6733,2240
6734,1796
6735,2196
6736,8636
6737,2040
6738,1771
6739,1724
6740,2710
6741,2137
6742,2162
6743,1839
6744,1908
6745,2129
6746,1673
6747,2110
6748,1741
6749,2319
6750,5843
6751,2357
6752,2769
6753,1976
6754,1773
6755,2243
6756,1575
6757,1892
6758,2112
6759,1805
6760,2412
6761,1793
6762,2016
6763,1903
6764,1645
6765,2537
6766,2271
6767,3212
6768,2128
6769,1730
6770,3739
6771,1875
6772,2047
6773,2293
6774,1688
6775,2061
6776,2592
6777,3594
6778,1863
6779,1868
6780,2509
6781,1882
6782,1723
6783,1849
6784,1955
6785,1798
6786,1844
6787,2524
6788,2002
6789,6963
6790,3099
6791,2483
6792,1741
6793,1655
6794,1500
6795,1832
6796,1697
6797,1646
6798,1701
6799,2033
6800,28784
6801,4411
6802,2456
6803,4384
6804,2723
6805,2675
6806,2508
6807,2341
6808,2315
6809,3282
6810,4031
6811,4498
6812,2285
6813,1910
6814,2203
6815,2277
6816,1878
6817,2079
6818,2211
6819,2353
6820,3679
6821,1966
6822,3307
6823,2104
6824,2580
6825,2849
6826,2087
6827,1757
6828,2093
6829,1578
6830,3664
6831,2428
6832,2240
6833,2415
6834,1945
6835,1879
6836,2171
6837,1749
6838,2237
6839,1593
6840,3123
6841,1856
6842,2253
6843,1646
6844,1950
6845,2095
6846,1929
6847,1696
6848,1944
6849,1503
6850,5443
6851,2654
6852,1806
6853,1835
6854,2460
6855,1978
6856,1715
6857,1819
6858,1645
6859,1601
6860,2578
6861,1861
6862,1753
6863,1701
6864,1727
6865,1934
6866,1873
6867,1694
6868,3383
6869,1828
6870,4236
6871,1779
6872,1966
6873,1578
6874,1627
6875,8902
6876,2101
6877,2346
6878,1900
6879,1791
6880,3981
6881,2659
6882,1920
6883,1925
6884,1807
6885,1926
6886,1967
6887,1845
6888,3832
6889,1853
6890,3215
6891,1611
6892,1955
6893,1503
6894,1545
6895,1689
6896,1751
6897,2134
6898,1450
6899,1952
6900,16522
6901,4542
6902,3576
6903,2526
6904,2489
6905,2911
6906,2375
6907,2279
6908,2142
6909,2885
6910,3326
6911,3126
6912,2617
6913,2102
6914,2171
6915,2204
6916,2074
6917,2403
6918,1828
6919,2035
6920,3834
6921,2144
6922,2618
6923,1890
6924,2027
6925,2019
6926,3076
6927,1554
6928,1860
6929,1797
6930,2795
6931,1825
6932,1938
6933,2017
6934,1677
6935,1728
6936,1852
6937,1826
6938,1662
6939,1849
6940,2893
6941,1923
6942,1740
6943,1480
6944,2160
6945,1894
6946,3064
6947,2987
6948,1859
6949,1660
6950,5484
6951,2037
6952,1687
6953,1491
6954,1661
6955,2654
6956,1605
6957,1476
6958,1637
6959,1808
6960,3175
6961,1641
6962,1956
6963,2478
6964,1762
6965,2012
6966,2219
6967,1591
6968,2326
6969,4145
6970,4047
6971,3833
6972,1791
6973,1603
6974,1486
6975,4539
6976,2077
6977,1855
6978,2160
6979,1859
6980,2929
6981,2032
6982,1456
6983,1542
6984,1696
6985,1586
6986,1465
6987,1385
6988,2593
6989,1680
6990,11146
6991,1720
6992,1971
6993,1608
6994,1504
6995,2364
6996,2068
6997,1568
6998,1654
6999,4397
7000,158868
7001,11641
7002,6529
7003,5700
7004,5644
7005,6110
7006,4495
7007,5953
7008,3723
7009,3822
7010,9053
7011,4518
7012,4332
7013,3751
7014,3668
7015,4171
7016,3652
7017,3291
7018,4054
7019,3551
7020,7567
7021,3123
7022,4473
7023,2687
7024,3057
7025,3310
7026,2584
7027,3015
7028,2372
7029,2063
7030,5919
7031,3336
7032,2745
7033,2569
7034,2522
7035,3331
7036,2644
7037,2214
7038,1919
7039,2355
7040,5418
7041,2396
7042,2995
7043,2574
7044,3206
7045,2424
7046,1932
7047,2363
7048,2041
7049,1940
7050,8000
7051,3306
7052,2552
7053,1960
7054,3161
7055,3258
7056,2195
7057,2156
7058,2009
7059,1975
7060,4028
7061,2153
7062,1820
7063,1878
7064,1996
7065,2748
7066,2115
7067,1956
7068,2147
7069,2034
7070,6956
7071,5734
7072,2492
7073,2130
7074,2243
7075,18069
7076,2415
7077,4022
7078,2549
7079,2679
7080,5020
7081,2592
7082,2803
7083,2466
7084,1630
7085,2115
7086,1799
7087,2395
7088,2132
7089,2009
7090,3796
7091,2041
7092,2045
7093,2155
7094,2676
7095,2374
7096,1835
7097,1867
7098,1803
7099,2203
7100,22661
7101,3950
7102,3792
7103,3024
7104,2771
7105,2973
7106,3240
7107,2591
7108,2182
7109,2436
7110,4741
7111,5622
7112,2728
7113,2083
7114,2994
7115,2638
7116,2686
7117,2880
7118,2042
7119,2494
7120,4813
7121,2987
7122,2750
7123,2692
7124,2004
7125,3087
7126,2385
7127,2009
7128,2111
7129,2422
7130,3630
7131,2494
7132,2303
7133,2327
7134,2181
7135,2926
7136,2162
7137,1763
7138,1712
7139,1818
7140,3139
7141,2388
7142,2082
7143,2393
7144,1989
7145,2017
7146,1843
7147,1737
7148,1917
7149,1500
7150,5311
7151,2321
7152,2670
7153,2205
7154,1946
7155,2947
7156,1840
7157,1671
7158,1832
7159,1931
7160,3093
7161,2617
7162,1662
7163,1954
7164,2033
7165,1996
7166,1939
7167,2469
7168,2317
7169,1744
7170,3061
7171,3490
7172,2368
7173,1867
7174,1767
7175,2194
7176,2439
7177,2492
7178,1731
7179,1789
7180,2672
7181,2376
7182,1836
7183,2000
7184,1853
7185,2069
7186,1578
7187,1621
7188,2449
7189,1794
7190,2622
7191,2195
7192,1805
7193,1837
7194,1490
7195,2144
7196,2503
7197,1582
7198,1445
7199,2206
7200,39422
7201,5318
7202,4581
7203,3933
7204,3434
7205,3850
7206,3488
7207,2843
7208,3565
7209,2636
7210,4856
7211,3694
7212,3077
7213,2729
7214,2508
7215,2765
7216,2906
7217,2436
7218,2492
7219,2705
7220,4286
7221,2594
7222,4310
7223,3182
7224,3536
7225,4716
7226,2466
7227,2874
7228,2236
7229,1853
7230,3680
7231,3061
7232,2711
7233,4508
7234,2856
7235,2382
7236,1897
7237,1965
7238,2277
7239,1816
7240,3225
7241,2056
7242,2171
7243,2475
7244,2044
7245,2553
7246,2047
7247,1886
7248,1964
7249,1849
7250,6026
7251,2437
7252,2450
7253,2121
7254,1874
7255,2356
7256,2393
7257,2223
7258,2242
7259,1540
7260,3882
7261,2147
7262,2395
7263,1964
7264,2488
7265,2300
7266,2007
7267,2314
7268,1636
7269,1839
7270,2626
7271,1986
7272,3858
7273,2541
7274,1997
7275,3504
7276,1855
7277,2734
7278,2035
7279,1671
7280,2847
7281,1878
7282,1836
7283,1996
7284,1864
7285,1985
7286,1674
7287,2113
7288,2138
7289,2031
7290,2917
7291,2086
7292,1907
7293,1667
7294,1581
7295,1880
7296,1787
7297,1985
7298,1416
7299,2178
7300,19313
7301,3433
7302,3169
7303,3131
7304,3440
7305,3387
7306,3426
7307,3038
7308,3094
7309,2577
7310,4234
7311,3420
7312,2952
7313,2559
7314,2554
7315,2908
7316,2375
7317,2380
7318,2515
7319,2402
7320,4109
7321,3311
7322,2493
7323,2941
7324,2641
7325,3042
7326,3901
7327,1802
7328,2445
7329,1693
7330,3480
7331,2331
7332,2618
7333,3813
7334,2599
7335,2291
7336,2282
7337,2414
7338,1999
7339,1715
7340,3165
7341,1720
7342,1908
7343,24569
7344,2064
7345,2112
7346,1740
7347,1788
7348,1977
7349,1570
7350,4319
7351,2085
7352,2215
7353,2065
7354,1902
7355,2496
7356,1892
7357,2464
7358,1745
7359,1718
7360,3174
7361,1942
7362,1596
7363,2335
7364,1997
7365,1746
7366,2014
7367,1759
7368,2864
7369,1898
7370,2582
7371,1876
7372,1912
7373,3490
7374,2128
7375,2427
7376,1897
7377,2508
7378,2609
7379,1919
7380,2935
7381,1875
7382,1760
7383,1888
7384,1782
7385,2072
7386,2221
7387,2676
7388,2008
7389,2188
7390,3071
7391,2067
7392,1931
7393,1908
7394,1665
7395,1654
7396,1563
7397,1783
7398,1558
7399,4237
7400,16499
7401,3691
7402,3608
7403,2393
7404,4478
7405,3658
7406,2022
7407,2698
7408,2379
7409,1896
7410,3840
7411,3021
7412,2548
7413,1975
7414,2203
7415,2396
7416,1909
7417,2021
7418,1702
7419,1874
7420,3987
7421,2342
7422,2447
7423,2347
7424,2789
7425,2713
7426,1778
7427,2091
7428,1801
7429,1896
7430,3042
7431,1943
7432,2654
7433,2654
7434,2199
7435,2161
7436,2019
7437,2152
7438,1733
7439,1865
7440,4529
7441,2681
7442,2172
7443,2808
7444,3076
7445,2593
7446,2243
7447,2667
7448,1811
7449,1719
7450,4475
7451,1830
7452,1906
7453,1717
7454,1754
7455,2075
7456,2097
7457,1877
7458,2200
7459,1853
7460,2630
7461,1897
7462,1867
7463,2549
7464,1935
7465,2064
7466,1794
7467,2183
7468,1717
7469,3409
7470,3072
7471,1981
7472,1774
7473,1940
7474,4231
7475,2887
7476,1859
7477,1872
7478,1697
7479,1576
7480,3169
7481,2144
7482,1754
7483,1821
7484,1887
7485,2062
7486,1968
7487,1750
7488,2164
7489,1703
7490,3111
7491,2117
7492,1719
7493,1805
7494,2042
7495,2175
7496,1621
7497,1520
7498,1951
7499,2655
7500,65480
7501,4556
7502,3131
7503,2779
7504,2019
7505,3143
7506,4054
7507,2184
7508,2096
7509,2111
7510,4001
7511,2767
7512,2521
7513,2380
7514,2126
7515,3129
7516,2089
7517,2258
7518,1947
7519,2286
7520,4709
7521,2405
7522,2656
7523,1848
7524,2097
7525,3391
7526,1972
7527,1887
7528,2078
7529,3350
7530,3593
7531,2168
7532,1712
7533,2177
7534,1923
7535,2586
7536,1630
7537,1898
7538,2137
7539,1744
7540,2763
7541,1865
7542,1797
7543,1853
7544,1888
7545,2704
7546,2441
7547,2049
7548,1784
7549,1866
7550,4528
7551,2225
7552,2012
7553,1965
7554,4286
7555,3377
7556,2130
7557,2575
7558,1688
7559,2415
7560,2906
7561,1896
7562,1860
7563,1644
7564,1420
7565,2227
7566,2754
7567,2291
7568,1959
7569,1673
7570,2657
7571,1661
7572,1621
7573,1551
7574,1481
7575,4087
7576,1996
7577,2329
7578,1684
7579,1528
7580,2852
7581,1673
7582,1885
7583,1632
7584,2054
7585,2306
7586,1679
7587,1930
7588,1773
7589,1747
7590,3438
7591,2098
7592,1611
7593,1789
7594,1587
7595,2124
7596,1576
7597,1441
7598,1668
7599,2025
7600,20712
7601,7017
7602,2546
7603,2492
7604,2231
7605,1982
7606,2755
7607,2217
7608,2108
7609,1866
7610,5292
7611,3104
7612,2363
7613,2403
7614,2031
7615,1873
7616,2083
7617,1795
7618,1478
7619,2057
7620,3601
7621,2163
7622,1903
7623,2706
7624,2241
7625,3113
7626,1843
7627,1886
7628,1775
7629,1868
7630,2648
7631,2479
7632,2304
7633,1832
7634,1832
7635,1748
7636,2197
7637,2017
7638,1885
7639,1646
7640,2550
7641,2255
7642,1849
7643,2087
7644,2399
7645,2864
7646,1950
7647,1979
7648,1670
7649,1572
7650,4183
7651,1835
7652,2472
7653,2487
7654,2962
7655,2336
7656,2235
7657,2087
7658,1459
7659,1904
7660,2781
7661,2089
7662,2062
7663,2624
7664,2008
7665,2377
7666,2693
7667,2522
7668,1642
7669,2547
7670,2482
7671,2945
7672,1700
7673,1810
7674,1584
7675,2557
7676,3804
7677,2238
7678,1852
7679,1964
7680,4343
7681,2173
7682,1641
7683,1661
7684,1607
7685,1719
7686,1643
7687,2630
7688,2017
7689,1416
7690,1853
7691,2925
7692,2103
7693,1426
7694,1387
7695,2463
7696,1638
7697,1558
7698,1760
7699,1990
7700,19809
7701,5964
7702,3443
7703,2738
7704,2603
7705,2178
7706,2516
7707,2224
7708,1977
7709,1735
7710,4548
7711,4189
7712,2662
7713,1964
7714,5359
7715,2387
7716,4466
7717,3675
7718,2017
7719,2022
7720,5359
7721,4064
7722,3355
7723,1971
7724,2388
7725,2748
7726,2492
7727,2678
7728,2600
7729,2126
7730,3510
7731,2360
7732,2420
7733,3173
7734,3045
7735,2513
7736,2113
7737,2629
7738,2137
7739,2234
7740,3578
7741,2050
7742,2078
7743,1966
7744,2353
7745,2136
7746,2058
7747,3402
7748,2495
7749,1772
7750,8451
7751,2933
7752,1795
7753,2791
7754,1662
7755,2862
7756,1801
7757,2269
7758,1971
7759,1956
7760,4746
7761,1983
7762,2072
7763,2338
7764,2447
7765,2038
7766,3065
7767,2314
7768,2140
7769,2017
7770,4983
7771,4689
7772,2548
7773,2295
7774,3521
7775,2752
7776,5564
7777,17457
7778,4665
7779,2883
7780,3786
7781,1826
7782,2344
7783,1716
7784,1672
7785,2114
7786,2374
7787,2341
7788,3735
7789,2601
7790,3240
7791,1961
7792,1903
7793,2322
7794,1681
7795,2136
7796,1694
7797,1755
7798,1653
7799,3250
7800,21074
7801,3367
7802,2369
7803,2830
7804,1949
7805,4141
7806,2010
7807,1909
7808,2320
7809,2122
7810,3252
7811,2686
7812,4315
7813,2045
7814,1875
7815,2246
7816,2900
7817,2276
7818,2018
7819,1668
7820,2792
7821,2225
7822,1950
7823,1860
7824,2249
7825,3166
7826,1938
7827,2879
7828,2159
7829,1809
7830,2428
7831,2463
7832,1930
7833,2478
7834,2481
7835,1820
7836,2649
7837,1989
7838,1875
7839,2532
7840,3079
7841,2338
7842,1699
7843,2590
7844,1919
7845,2450
7846,1838
7847,1939
7848,2171
7849,1856
7850,6588
7851,2072
7852,1931
7853,1889
7854,2107
7855,2594
7856,1546
7857,1812
7858,1975
7859,1411
7860,3380
7861,1994
7862,1632
7863,1917
7864,2792
7865,1676
7866,2654
7867,3405
7868,1815
7869,2767
7870,5250
7871,2516
7872,2258
7873,2272
7874,2227
7875,2701
7876,2336
7877,2173
7878,3358
7879,2884
7880,3179
7881,2043
7882,2049
7883,1611
7884,1983
7885,2471
7886,1714
7887,2499
7888,3663
7889,2161
7890,6119
7891,2220
7892,1613
7893,1608
7894,1777
7895,1841
7896,1863
7897,1755
7898,1960
7899,2478
7900,15780
7901,5968
7902,2387
7903,2171
7904,2441
7905,2378
7906,1833
7907,2115
7908,2096
7909,2804
7910,3583
7911,2647
7912,2083
7913,1961
7914,2256
7915,2119
7916,1993
7917,2392
7918,1902
7919,2367
7920,3836
7921,3238
7922,2402
7923,1966
7924,2125
7925,2411
7926,1679
7927,1934
7928,2374
7929,1838
7930,3075
7931,2038
7932,2015
7933,1887
7934,1598
7935,2107
7936,2444
7937,1768
7938,1781
7939,2223
7940,3197
7941,2071
7942,2405
7943,1389
7944,2115
7945,1977
7946,2535
7947,1929
7948,1840
7949,1928
7950,6946
7951,2046
7952,1765
7953,1492
7954,1747
7955,2182
7956,2173
7957,1987
7958,1896
7959,1646
7960,4026
7961,2011
7962,1724
7963,1592
7964,1425
7965,1816
7966,2257
7967,2290
7968,2103
7969,1856
7970,7542
7971,2378
7972,1466
7973,2858
7974,2608
7975,2096
7976,2495
7977,2496
7978,1626
7979,3071
7980,3255
7981,1933
7982,1628
7983,1650
7984,1800
7985,1899
7986,1566
7987,1412
7988,1654
7989,1984
7990,3636
7991,1653
7992,1516
7993,1669
7994,1560
7995,2200
7996,1359
7997,2008
7998,2600
7999,4643
8000,252225
8001,16398
8002,8334
8003,5386
8004,4633
8005,5327
8006,5120
8007,4123
8008,7406
8009,4345
8010,8128
8011,8890
8012,4150
8013,2671
8014,3264
8015,2972
8016,3166
8017,2482
8018,3257
8019,2184
8020,9066
8021,4037
8022,3364
8023,2470
8024,2551
8025,3777
8026,2261
8027,2118
8028,3019
8029,2108
8030,3989
8031,3015
8032,3133
8033,2701
8034,2565
8035,2571
8036,2442
8037,2176
8038,2207
8039,2258
8040,5111
8041,2104
8042,2722
8043,2544
8044,2233
8045,2345
8046,2027
8047,2604
8048,2828
8049,2288
8050,6517
8051,8703
8052,3023
8053,2979
8054,2538
8055,2926
8056,1983
8057,2587
8058,2166
8059,2043
8060,4437
8061,2604
8062,2042
8063,1803
8064,2220
8065,2704
8066,2190
8067,1977
8068,2026
8069,2511
8070,3778
8071,2478
8072,2053
8073,1762
8074,1686
8075,2863
8076,1740
8077,2398
8078,2538
8079,2612
8080,238840
8081,22410
8082,8120
8083,5498
8084,3504
8085,6500
8086,13573
8087,4061
8088,9456
8089,3658
8090,8954
8091,4152
8092,3107
8093,2384
8094,2568
8095,2276
8096,3071
8097,1897
8098,2267
8099,2989
8100,21884
8101,4612
8102,3106
8103,2648
8104,2473
8105,2377
8106,2233
8107,2012
8108,2888
8109,2418
8110,5120
8111,6239
8112,2556
8113,2289
8114,2037
8115,2660
8116,1944
8117,2301
8118,3439
8119,1865
8120,4591
8121,2372
8122,2531
8123,3981
8124,2483
8125,10840
8126,2315
8127,2057
8128,2175
8129,1898
8130,3809
8131,2742
8132,1808
8133,2436
8134,1812
8135,2580
8136,1762
8137,1988
8138,2038
8139,2468
8140,3249
8141,2280
8142,1791
8143,1827
8144,2427
8145,2139
8146,1738
8147,1901
8148,1637
8149,1541
8150,4522
8151,2283
8152,2085
8153,1913
8154,1498
8155,2004
8156,1802
8157,1691
8158,1674
8159,1835
8160,3277
8161,2295
8162,1948
8163,1930
8164,2005
8165,2224
8166,2376
8167,2111
8168,2214
8169,1785
8170,2225
8171,2436
8172,1961
8173,1811
8174,1704
8175,1922
8176,1925
8177,1993
8178,1595
8179,1705
8180,3693
8181,6045
8182,2680
8183,1789
8184,2004
8185,1997
8186,1735
8187,1907
8188,2573
8189,1772
8190,2852
8191,5460
8192,36212
8193,2472
8194,2543
8195,2573
8196,1951
8197,1468
8198,1669
8199,2027
8200,21019
8201,4274
8202,3674
8203,15069
8204,2662
8205,3511
8206,2288
8207,2095
8208,3135
8209,2947
8210,6193
8211,23735
8212,13938
8213,2324
8214,2199
8215,2468
8216,8810
8217,88730
8218,2771
8219,1664
8220,29777
8221,35160
8222,4655
8223,2729
8224,2929
8225,2838
8226,15997
8227,2095
8228,2796
8229,1744
8230,11890
8231,2263
8232,3042
8233,2623
8234,2434
8235,2105
8236,1816
8237,1774
8238,1770
8239,2495
8240,3278
8241,1822
8242,2343
8243,2654
8244,1854
8245,2054
8246,1758
8247,2105
8248,1897
8249,1947
8250,5917
8251,2185
8252,2079
8253,2273
8254,2166
8255,10286
8256,2197
8257,1486
8258,1965
8259,1963
8260,3743
8261,1889
8262,2043
8263,1785
8264,1857
8265,2319
8266,2403
8267,2384
8268,1600
8269,1561
8270,2432
8271,1804
8272,2152
8273,1833
8274,1779
8275,2284
8276,1832
8277,1881
8278,1843
8279,1929
8280,2935
8281,2218
8282,3735
8283,3914
8284,2142
8285,1736
8286,2024
8287,1695
8288,2941
8289,1721
8290,2318
8291,1768
8292,1751
8293,1631
8294,1800
8295,1797
8296,1670
8297,1718
8298,1642
8299,3068
8300,17856
8301,8418
8302,2750
8303,2991
8304,2039
8305,2095
8306,2051
8307,1753
8308,1839
8309,1765
8310,4190
8311,3533
8312,2130
8313,2082
8314,1944
8315,1981
8316,2063
8317,1970
8318,1740
8319,1710
8320,4385
8321,2032
8322,2149
8323,1963
8324,2064
8325,2691
8326,1991
8327,1627
8328,1735
8329,1828
8330,4613
8331,2349
8332,2914
8333,9067
8334,1904
8335,1911
8336,2110
8337,1731
8338,1906
8339,2475
8340,2423
8341,1979
8342,1529
8343,2968
8344,2125
8345,1882
8346,1757
8347,1689
8348,1720
8349,1607
8350,6152
8351,1876
8352,1793
8353,2047
8354,1557
8355,1876
8356,1703
8357,1566
8358,2165
8359,1696
8360,2831
8361,1948
8362,1779
8363,1648
8364,2593
8365,1729
8366,1743
8367,1786
8368,1744
8369,1905
8370,2220
8371,2211
8372,1779
8373,1780
8374,1567
8375,2181
8376,1807
8377,2729
8378,1719
8379,1888
8380,2472
8381,1846
8382,1749
8383,3224
8384,1939
8385,1866
8386,1614
8387,2096
8388,2239
8389,1940
8390,2062
8391,1568
8392,1755
8393,1684
8394,1466
8395,1639
8396,1583
8397,1602
8398,1751
8399,2117
8400,17700
8401,4926
8402,2272
8403,1892
8404,2285
8405,1958
8406,1917
8407,1897
8408,1839
8409,1569
8410,2315
8411,2668
8412,1958
8413,1718
8414,1992
8415,2222
8416,1881
8417,1935
8418,1997
8419,1822
8420,2327
8421,2111
8422,2024
8423,1863
8424,2660
8425,2846
8426,1573
8427,1685
8428,1722
8429,1572
8430,2155
8431,2100
8432,2041
8433,1988
8434,1746
8435,1789
8436,1624
8437,1575
8438,1631
8439,1739
8440,2637
8441,1853
8442,1858
8443,15062
8444,3877
8445,2207
8446,2036
8447,1767
8448,2629
8449,1782
8450,3354
8451,2311
8452,2018
8453,2367
8454,1929
8455,2073
8456,2690
8457,2634
8458,1699
8459,1575
8460,2250
8461,1783
8462,1843
8463,1985
8464,1706
8465,1784
8466,1808
8467,1668
8468,1520
8469,1631
8470,2291
8471,1990
8472,2939
8473,1969
8474,1914
8475,1700
8476,1595
8477,10969
8478,1875
8479,1565
8480,2392
8481,1559
8482,3032
8483,1614
8484,3164
8485,2298
8486,1713
8487,1637
8488,1925
8489,1622
8490,1905
8491,1636
8492,1470
8493,2025
8494,1484
8495,1891
8496,1627
8497,1610
8498,1824
8499,3158
8500,38274
8501,5526
8502,2759
8503,2101
8504,2225
8505,2835
8506,1915
8507,2265
8508,1880
8509,1631
8510,3112
8511,3591
8512,2274
8513,1540
8514,1940
8515,2257
8516,2070
8517,1786
8518,1886
8519,1781
8520,6540
8521,2166
8522,2059
8523,1827
8524,1730
8525,3273
8526,1954
8527,2152
8528,2279
8529,2355
8530,3591
8531,2053
8532,1764
8533,1845
8534,1984
8535,2153
8536,2061
8537,1598
8538,1519
8539,1920
8540,4133
8541,1960
8542,2717
8543,1999
8544,2636
8545,4301
8546,1882
8547,1875
8548,1507
8549,1519
8550,4303
8551,2091
8552,1959
8553,1686
8554,2141
8555,3861
8556,2023
8557,1422
8558,2392
8559,1543
8560,2985
8561,1752
8562,1710
8563,1537
8564,1616
8565,1843
8566,1647
8567,1624
8568,1600
8569,1489
8570,3467
8571,2168
8572,1691
8573,2131
8574,1603
8575,2366
8576,1586
8577,2514
8578,1718
8579,1652
8580,2537
8581,2045
8582,2196
8583,2244
8584,1770
8585,3758
8586,2004
8587,1802
8588,2020
8589,1826
8590,2135
8591,1738
8592,2631
8593,1995
8594,3781
8595,2363
8596,1651
8597,1389
8598,1523
8599,2150
8600,29127
8601,18511
8602,1890
8603,1983
8604,1821
8605,2046
8606,3776
8607,1593
8608,2029
8609,1773
8610,4308
8611,2661
8612,1794
8613,1570
8614,1625
8615,2097
8616,1975
8617,1774
8618,11288
8619,1878
8620,4799
8621,2473
8622,1857
8623,2136
8624,1985
8625,3097
8626,1844
8627,1714
8628,1935
8629,1715
8630,2513
8631,1649
8632,1667
8633,1948
8634,1510
8635,1674
8636,1726
8637,1532
8638,1837
8639,1941
8640,3245
8641,1690
8642,1708
8643,1712
8644,2308
8645,1682
8646,1619
8647,1666
8648,2185
8649,1739
8650,2993
8651,1600
8652,1691
8653,1550
8654,1669
8655,2321
8656,1854
8657,1634
8658,1969
8659,1467
8660,2855
8661,2038
8662,1948
8663,1724
8664,2435
8665,1955
8666,2426
8667,2260
8668,1971
8669,2124
8670,2076
8671,1591
8672,1912
8673,1552
8674,3107
8675,1882
8676,1752
8677,1916
8678,1487
8679,1475
8680,2157
8681,2041
8682,1581
8683,2263
8684,1532
8685,1703
8686,3587
8687,2462
8688,2631
8689,1342
8690,2091
8691,1868
8692,1478
8693,1674
8694,1328
8695,1739
8696,1814
8697,1480
8698,1486
8699,1730
8700,15252
8701,4072
8702,1952
8703,1847
8704,2122
8705,2174
8706,1789
8707,2053
8708,2118
8709,1637
8710,3185
8711,2702
8712,2199
8713,1554
8714,1483
8715,1852
8716,1702
8717,1662
8718,1552
8719,1778
8720,2705
8721,2354
8722,2859
8723,2061
8724,1844
8725,2055
8726,1592
8727,1853
8728,1758
8729,1499
8730,2628
8731,1986
8732,2073
8733,2608
8734,1901
8735,1994
8736,1921
8737,1820
8738,1768
8739,1759
8740,2636
8741,2090
8742,2168
8743,1762
8744,1901
8745,1935
8746,3083
8747,2073
8748,1624
8749,2205
8750,4935
8751,1810
8752,1786
8753,2245
8754,1361
8755,2452
8756,1705
8757,1661
8758,1672
8759,1710
8760,3936
8761,2528
8762,1920
8763,1449
8764,1579
8765,3125
8766,1855
8767,3724
8768,1502
8769,1339
8770,2512
8771,1879
8772,1720
8773,1703
8774,1864
8775,2486
8776,2774
8777,3718
8778,2120
8779,1448
8780,2092
8781,1517
8782,1840
8783,1589
8784,1514
8785,1653
8786,2064
8787,4092
8788,2268
8789,1785
8790,1874
8791,1429
8792,1373
8793,1366
8794,1670
8795,1666
8796,1383
8797,1542
8798,1346
8799,3455
8800,26465
8801,3953
8802,3510
8803,2172
8804,2472
8805,2586
8806,2051
8807,2468
8808,2578
8809,2208
8810,2964
8811,3316
8812,2368
8813,1664
8814,1754
8815,2111
8816,2510
8817,2232
8818,2149
8819,1783
8820,5214
8821,2365
8822,3848
8823,2696
8824,2158
8825,2634
8826,1831
8827,1748
8828,2224
8829,1936
8830,5064
8831,2393
8832,2313
8833,3090
8834,1741
8835,2050
8836,1752
8837,1936
8838,1953
8839,1837
8840,3187
8841,1911
8842,1770
8843,2286
8844,2996
8845,1732
8846,1740
8847,1587
8848,3812
8849,1872
8850,4474
8851,1796
8852,2050
8853,2032
8854,2590
8855,3104
8856,2221
8857,2001
8858,2133
8859,36734
8860,2736
8861,2413
8862,1813
8863,2733
8864,1619
8865,2615
8866,2806
8867,1604
8868,2080
8869,1979
8870,2362
8871,1762
8872,1849
8873,3224
8874,1485
8875,1873
8876,2120
8877,2922
8878,2038
8879,2344
8880,4509
8881,2765
8882,2635
8883,3307
8884,3649
8885,2396
8886,2204
8887,2735
8888,35003
8889,4861
8890,3415
8891,2271
8892,1628
8893,1512
8894,1478
8895,2521
8896,1624
8897,1454
8898,2154
8899,3424
8900,14651
8901,4896
8902,2289
8903,2017
8904,1887
8905,1812
8906,1795
8907,1499
8908,1766
8909,1890
8910,4276
8911,2264
8912,2027
8913,1564
8914,1516
8915,1693
8916,1855
8917,1678
8918,1667
8919,1572
8920,2565
8921,1701
8922,1884
8923,1641
8924,2170
8925,1844
8926,1597
8927,1434
8928,1713
8929,1711
8930,2408
8931,1645
8932,1490
8933,1764
8934,1322
8935,1534
8936,1575
8937,1646
8938,3111
8939,1623
8940,2267
8941,1831
8942,1677
8943,1540
8944,1795
8945,1887
8946,1727
8947,1728
8948,1396
8949,3138
8950,3112
8951,1690
8952,1626
8953,1382
8954,1591
8955,1888
8956,1514
8957,1272
8958,1708
8959,1538
8960,2668
8961,1468
8962,2126
8963,1835
8964,2583
8965,1845
8966,1938
8967,1148
8968,1708
8969,2728
8970,1935
8971,1884
8972,1519
8973,1563
8974,1474
8975,1593
8976,1516
8977,1724
8978,1370
8979,1528
8980,2182
8981,1772
8982,1441
8983,3447
8984,2330
8985,1673
8986,1586
8987,1735
8988,2115
8989,4362
8990,2934
8991,1603
8992,1540
8993,1912
8994,1784
8995,2250
8996,1668
8997,1552
8998,2212
8999,5347
9000,155173
9001,143671
9002,11091
9003,7476
9004,5878
9005,7252
9006,6176
9007,4629
9008,4542
9009,5058
9010,7188
9011,3335
9012,4094
9013,2249
9014,2324
9015,3081
9016,2855
9017,2128
9018,2241
9019,1945
9020,5038
9021,2648
9022,2258
9023,2211
9024,2382
9025,2649
9026,1850
9027,2073
9028,1714
9029,1843
9030,4191
9031,2250
9032,2042
9033,2084
9034,1728
9035,1976
9036,1834
9037,1749
9038,1743
9039,1698
9040,3559
9041,2067
9042,3079
9043,1555
9044,1803
9045,1975
9046,1709
9047,1581
9048,1747
9049,1570
9050,4570
9051,2088
9052,1957
9053,1820
9054,1887
9055,2268
9056,1613
9057,1585
9058,1537
9059,1690
9060,4529
9061,1728
9062,1588
9063,1523
9064,1636
9065,1560
9066,4245
9067,1821
9068,2155
9069,1633
9070,2966
9071,2018
9072,1644
9073,1501
9074,1805
9075,2291
9076,1511
9077,1987
9078,2406
9079,1392
9080,5678
9081,2151
9082,1666
9083,1926
9084,1691
9085,2043
9086,1457
9087,1648
9088,2021
9089,1909
9090,14553
9091,4394
9092,12096
9093,3646
9094,2510
9095,2221
9096,1679
9097,1777
9098,1959
9099,2975
9100,19029
9101,4374
9102,3008
9103,2222
9104,2496
9105,2216
9106,1911
9107,1777
9108,1832
9109,1632
9110,3556
9111,4328
9112,1996
9113,2134
9114,1951
9115,2484
9116,1852
9117,1725
9118,1727
9119,2096
9120,3317
9121,2203
9122,2607
9123,2404
9124,1895
9125,2669
9126,2283
9127,1968
9128,2689
9129,1421
9130,2611
9131,2524
9132,2003
9133,1833
9134,1522
9135,1756
9136,1783
9137,1614
9138,1298
9139,1802
9140,2714
9141,2068
9142,1615
9143,1393
9144,2857
9145,2053
9146,1530
9147,1551
9148,1557
9149,1953
9150,3618
9151,2021
9152,1580
9153,2229
9154,1420
9155,2352
9156,1383
9157,1340
9158,1639
9159,1551
9160,3963
9161,1600
9162,1554
9163,1337
9164,1451
9165,2268
9166,1725
9167,2371
9168,1602
9169,1291
9170,2103
9171,2227
9172,1477
9173,1520
9174,1421
9175,1633
9176,1354
9177,1599
9178,1550
9179,1418
9180,2345
9181,2007
9182,1629
9183,1373
9184,1814
9185,1684
9186,1439
9187,1420
9188,1679
9189,1494
9190,2169
9191,3433
9192,1842
9193,1820
9194,1767
9195,2043
9196,1656
9197,1425
9198,1479
9199,2239
9200,28287
9201,3455
9202,2519
9203,2585
9204,1871
9205,2323
9206,1777
9207,1693
9208,2106
9209,1816
9210,2951
9211,2769
9212,2868
9213,1777
9214,1652
9215,1729
9216,3077
9217,1665
9218,1584
9219,1818
9220,3456
9221,2329
9222,3941
9223,2087
9224,1852
9225,2506
9226,1730
9227,2053
9228,1812
9229,2358
9230,3240
9231,1903
9232,1997
9233,2168
9234,1655
9235,1775
9236,1734
9237,1675
9238,1516
9239,1751
9240,2593
9241,2430
9242,1694
9243,1763
9244,1690
9245,1723
9246,1636
9247,1665
9248,1680
9249,1612
9250,4626
9251,1889
9252,1814
9253,1676
9254,1432
9255,2200
9256,1502
9257,1733
9258,1799
9259,1452
9260,3747
9261,1904
9262,2051
9263,1434
9264,2331
9265,1838
9266,2008
9267,1585
9268,1794
9269,1465
9270,2014
9271,1705
9272,1785
9273,1574
9274,1606
9275,1961
9276,1739
9277,1732
9278,1969
9279,1557
9280,2780
9281,1717
9282,1789
9283,1856
9284,1717
9285,1794
9286,1543
9287,1328
9288,1678
9289,1491
9290,3275
9291,1926
9292,4657
9293,1775
9294,1649
9295,2119
9296,1553
9297,1618
9298,1519
9299,1939
9300,19523
9301,3011
9302,1771
9303,2084
9304,1672
9305,1825
9306,1626
9307,1707
9308,1812
9309,1629
9310,3519
9311,2392
9312,2006
9313,1710
9314,1679
9315,1827
9316,1496
9317,1438
9318,1479
9319,1624
9320,3287
9321,1989
9322,1933
9323,1663
9324,1618
9325,2545
9326,3038
9327,1783
9328,1913
9329,1482
9330,2892
9331,1930
9332,2001
9333,4240
9334,1562
9335,2083
9336,1936
9337,1632
9338,1606
9339,2047
9340,2117
9341,1757
9342,1490
9343,2198
9344,2065
9345,1809
9346,1467
9347,1512
9348,1493
9349,1701
9350,3614
9351,2115
9352,1525
9353,1517
9354,1435
9355,2614
9356,1654
9357,1546
9358,1467
9359,1518
9360,3987
9361,1969
9362,1781
9363,1552
9364,1532
9365,1645
9366,1548
9367,1435
9368,1426
9369,1602
9370,2949
9371,1725
9372,1564
9373,1459
9374,1418
9375,16163
9376,1823
9377,1701
9378,2000
9379,1367
9380,3059
9381,1890
9382,1578
9383,1872
9384,1844
9385,1923
9386,1441
9387,1513
9388,1895
9389,1655
9390,1855
9391,1554
9392,1592
9393,2822
9394,1943
9395,1609
9396,1431
9397,1689
9398,1438
9399,1974
9400,13599
9401,2634
9402,1880
9403,1975
9404,2198
9405,1885
9406,1686
9407,1460
9408,1737
9409,1850
9410,2746
9411,3445
9412,1809
9413,1592
9414,1798
9415,2012
9416,1834
9417,1909
9418,1648
9419,1753
9420,2465
9421,1730
9422,1998
9423,1427
9424,1821
9425,1961
9426,1370
9427,1628
9428,1617
9429,1592
9430,2366
9431,1699
9432,1794
9433,1769
9434,1643
9435,1715
9436,1456
9437,1490
9438,1559
9439,1547
9440,2717
9441,1885
9442,1794
9443,4068
9444,2834
9445,2088
9446,1734
9447,1507
9448,1647
9449,1854
9450,3447
9451,1808
9452,1769
9453,1924
9454,1579
9455,1879
9456,1500
9457,1722
9458,1422
9459,1472
9460,2048
9461,1572
9462,1526
9463,2819
9464,2006
9465,2051
9466,1680
9467,1748
9468,1470
9469,1517
9470,1883
9471,1508
9472,2378
9473,1794
9474,2297
9475,1676
9476,1424
9477,1938
9478,1408
9479,1575
9480,1988
9481,1510
9482,1403
9483,1458
9484,1763
9485,1574
9486,1433
9487,1362
9488,1969
9489,1443
9490,2175
9491,1431
9492,1612
9493,1487
9494,2538
9495,1746
9496,1510
9497,1525
9498,1419
9499,2163
9500,27623
9501,3541
9502,2647
9503,2080
9504,2314
9505,2495
9506,1666
9507,1542
9508,1739
9509,1490
9510,2813
9511,2385
9512,1721
9513,1767
9514,1711
9515,2172
9516,1661
9517,1541
9518,1711
9519,1456
9520,2653
9521,2293
9522,1770
9523,1763
9524,1702
9525,3255
9526,1493
9527,2156
9528,1786
9529,1774
9530,2886
9531,1849
9532,1537
9533,1673
9534,1426
9535,1673
9536,2161
9537,1486
9538,1396
9539,1406
9540,2077
9541,1718
9542,1559
9543,1479
9544,1513
9545,2265
9546,1452
9547,1292
9548,1450
9549,1340
9550,5264
9551,1948
9552,2019
9553,1612
9554,1503
9555,4381
9556,1558
9557,1738
9558,1469
9559,1977
9560,3303
9561,1543
9562,1400
9563,1334
9564,1489
9565,1685
9566,1675
9567,1552
9568,1785
9569,1434
9570,2662
9571,1333
9572,1473
9573,1213
9574,1300
9575,2245
9576,1300
9577,1612
9578,1345
9579,1882
9580,2046
9581,1382
9582,1370
9583,1479
9584,1440
9585,1712
9586,1335
9587,1445
9588,1437
9589,1222
9590,2575
9591,1400
9592,1474
9593,1384
9594,1486
9595,3567
9596,1658
9597,1286
9598,1503
9599,1796
9600,33743
9601,3050
9602,1799
9603,2013
9604,2067
9605,2188
9606,3381
9607,2141
9608,2542
9609,1554
9610,2524
9611,2757
9612,1709
9613,1645
9614,1505
9615,1803
9616,1561
9617,1540
9618,1599
9619,1513
9620,2290
9621,2642
9622,2663
9623,1556
9624,1478
9625,2059
9626,1741
9627,1254
9628,1281
9629,1515
9630,2968
9631,1624
9632,1831
9633,1879
9634,1270
9635,1588
9636,1616
9637,1627
9638,1369
9639,1482
9640,1862
9641,1681
9642,3498
9643,1383
9644,1616
9645,1775
9646,1636
9647,1485
9648,1503
9649,1388
9650,4645
9651,1621
9652,1640
9653,1583
9654,2483
9655,1898
9656,1613
9657,1356
9658,2073
9659,1641
9660,4440
9661,1844
9662,7554
9663,2349
9664,1906
9665,1650
9666,1972
9667,1962
9668,1656
9669,1719
9670,11553
9671,1370
9672,1425
9673,1425
9674,2047
9675,2370
9676,1346
9677,1527
9678,1529
9679,2233
9680,1854
9681,1431
9682,1408
9683,1473
9684,1288
9685,1711
9686,1831
9687,1394
9688,3712
9689,1456
9690,2265
9691,1393
9692,1244
9693,1391
9694,1362
9695,1607
9696,3524
9697,1734
9698,1443
9699,1799
9700,16789
9701,2855
9702,1918
9703,1576
9704,1747
9705,1768
9706,1876
9707,1992
9708,1665
9709,1974
9710,2505
9711,2695
9712,1986
9713,1601
9714,2164
9715,1589
9716,1555
9717,1508
9718,1406
9719,1264
9720,2645
9721,1830
9722,1721
9723,1472
9724,1378
9725,2001
9726,1690
9727,1603
9728,1706
9729,1701
9730,1906
9731,1524
9732,1586
9733,3972
9734,2299
9735,2038
9736,1403
9737,1545
9738,1328
9739,1401
9740,1808
9741,1861
9742,1574
9743,1653
9744,2333
9745,1702
9746,1301
9747,1672
9748,1208
9749,1362
9750,3424
9751,1498
9752,1463
9753,1499
9754,1410
9755,1838
9756,1536
9757,1386
9758,1576
9759,1188
9760,1967
9761,1374
9762,1311
9763,1512
9764,1400
9765,1424
9766,1777
9767,1646
9768,1284
9769,1408
9770,2126
9771,1561
9772,1536
9773,1385
9774,1342
9775,1745
9776,2330
9777,2738
9778,1710
9779,1894
9780,3269
9781,1535
9782,1207
9783,1419
9784,1571
9785,1764
9786,1614
9787,1653
9788,1641
9789,1535
9790,2509
9791,1586
9792,1880
9793,2206
9794,1451
9795,1680
9796,2663
9797,2570
9798,1892
9799,1866
9800,19217
9801,3623
9802,2221
9803,1738
9804,1834
9805,1934
9806,1682
9807,1774
9808,1976
9809,1525
9810,4174
9811,1908
9812,1555
9813,1643
9814,1585
9815,1691
9816,1546
9817,1577
9818,1679
9819,1543
9820,2957
9821,1856
9822,2235
9823,1496
9824,1578
9825,2101
9826,1517
9827,1679
9828,1628
9829,1901
9830,2088
9831,1441
9832,1735
9833,3110
9834,1558
9835,1955
9836,1498
9837,1442
9838,1573
9839,1630
9840,2506
9841,1692
9842,1575
9843,1605
9844,1695
9845,1764
9846,1403
9847,1279
9848,1589
9849,1381
9850,3698
9851,2766
9852,1596
9853,1620
9854,1311
9855,1802
9856,1876
9857,1411
9858,1485
9859,1456
9860,2628
9861,1670
9862,1551
9863,1382
9864,1341
9865,1542
9866,1644
9867,1344
9868,1750
9869,1378
9870,2043
9871,1558
9872,1575
9873,1468
9874,1411
9875,2030
9876,6459
9877,2607
9878,1694
9879,1545
9880,2546
9881,1563
9882,1588
9883,1433
9884,1383
9885,1578
9886,1406
9887,1921
9888,3490
9889,1924
9890,2289
9891,1544
9892,1429
9893,1424
9894,1322
9895,2511
9896,1370
9897,1492
9898,3358
9899,2925
9900,22397
9901,3419
9902,2428
9903,2420
9904,2658
9905,2115
9906,1745
9907,1840
9908,1844
9909,2064
9910,3007
9911,2924
9912,2047
9913,1939
9914,1528
9915,1819
9916,1544
9917,3071
9918,1710
9919,1864
9920,4776
9921,1852
9922,2325
9923,1774
9924,1545
9925,2486
9926,2231
9927,1434
9928,1387
9929,1711
9930,4232
9931,1734
9932,1765
9933,2816
9934,1665
9935,1736
9936,1515
9937,1503
9938,1640
9939,2661
9940,2143
9941,1544
9942,1404
9943,1435
9944,2226
9945,1868
9946,1467
9947,1696
9948,1472
9949,2150
9950,3408
9951,1725
9952,1509
9953,1437
9954,1485
9955,2258
9956,1577
9957,1440
9958,1552
9959,1782
9960,3588
9961,2000
9962,1524
9963,1507
9964,1565
9965,2239
9966,2672
9967,1654
9968,1695
9969,1846
9970,2260
9971,1873
9972,1681
9973,1903
9974,1430
9975,2287
9976,1562
9977,2262
9978,1777
9979,1714
9980,2917
9981,2523
9982,2098
9983,2044
9984,2502
9985,2247
9986,2101
9987,2329
9988,3656
9989,3030
9990,6724
9991,3983
9992,3080
9993,3483
9994,3334
9995,5233
9996,4152
9997,4789
9998,7307
9999,116424
10000,357183
