number,count
0,70038199
1,111544533
2,92593024
3,72628019
4,57136655
5,63445837
6,40979486
7,35583725
8,34055112
9,27091166
10,47583548
11,21029804
12,26101429
13,14442723
14,14855366
15,21926625
16,14313318
17,12060139
18,14235530
19,15969969
20,25315831
21,10637539
22,9921670
23,8676063
24,13083947
25,15255657
26,7605634
27,7453668
28,7750237
29,6689923
30,24038011
31,6431164
32,4813638
33,3869483
34,3660824
35,5855434
36,3851501
37,3337344
38,3277704
39,3980533
40,10704597
41,2759629
42,3180763
43,2685333
44,2977143
45,5627066
46,2523775
47,2506879
48,3433312
49,2687053
50,15747264
51,2361974
52,2603950
53,2168506
54,2272821
55,3243768
56,2195551
57,2000030
58,2015092
59,2096326
60,7617391
61,1531733
62,1631841
63,1525307
64,2308026
65,2790338
66,1638273
67,1515439
68,1469985
69,1429694
70,5014348
71,1337582
72,1894500
73,1317196
74,1314243
75,3950018
76,1310549
77,1297020
78,1299033
79,1231737
80,5525752
81,1212600
82,1252674
83,1212085
84,1256835
85,2023361
86,1209483
87,1143906
88,1308301
89,1178382
90,5457832
91,1185102
92,1229082
93,1474414
94,1165718
95,3403651
96,1355067
97,1242336
98,1436568
99,4133550
100,16432882
101,1227750
102,683793
103,612629
104,654404
105,787803
106,636340
107,543275
108,578719
109,514948
110,1165585
111,606400
112,550104
113,452586
114,460296
115,624615
116,436563
117,429213
118,434321
119,434824
120,1930151
121,430919
122,415679
123,474497
124,395737
125,1027746
126,384360
127,389959
128,555477
129,381999
130,1020402
131,352179
132,372838
133,345233
134,321923
135,536465
136,321186
137,322587
138,327474
139,323342
140,969871
141,316339
142,300306
143,299190
144,375854
145,435205
146,286469
147,302554
148,286167
149,343572
150,3016226
151,301870
152,301155
153,271216
154,271504
155,377502
156,279166
157,269072
158,257838
159,266846
160,1019451
161,273616
162,273532
163,254507
164,247470
165,399546
166,240126
167,249251
168,300508
169,267613
170,626745
171,241272
172,246017
173,231418
174,242742
175,524912
176,243787
177,240397
178,229149
179,248342
180,1183467
181,223605
182,255488
183,321843
184,224227
185,337715
186,214265
187,225673
188,219516
189,233585
190,463108
191,223340
192,287912
193,210586
194,193269
195,305932
196,205464
197,210068
198,204355
199,331005
200,6141675
201,368895
202,363721
203,288053
204,259028
205,333421
206,273692
207,258747
208,272626
209,229511
210,468927
211,245234
212,328402
213,216358
214,231282
215,330135
216,229755
217,208964
218,206423
219,201857
220,607714
221,214264
222,254954
223,236518
224,232342
225,449777
226,198012
227,202709
228,232739
229,201960
230,464424
231,218010
232,225791
233,263159
234,191171
235,261418
236,174241
237,181810
238,176546
239,191412
240,609349
241,179761
242,181655
243,204069
244,167746
245,234432
246,186714
247,192444
248,181340
249,212246
250,2497787
251,177542
252,231650
253,171613
254,181838
255,292705
256,360265
257,162894
258,154526
259,156502
260,385072
261,156231
262,167495
263,159987
264,216429
265,226967
266,151497
267,158328
268,150010
269,164148
270,387826
271,153124
272,163136
273,170034
274,145131
275,307478
276,152130
277,154944
278,146263
279,158194
280,391082
281,159194
282,142049
283,143455
284,138209
285,209360
286,140258
287,152317
288,165907
289,148893
290,245763
291,131924
292,137835
293,148694
294,129874
295,198327
296,133756
297,138623
298,135659
299,234018
300,4238414
301,285418
302,222029
303,233995
304,224886
305,225678
306,165700
307,159064
308,208215
309,153444
310,318648
311,179615
312,198225
313,156023
314,154804
315,214596
316,159802
317,149296
318,145899
319,151348
320,424399
321,163759
322,145459
323,164191
324,139276
325,297505
326,131811
327,137040
328,137203
329,136550
330,335759
331,132844
332,130594
333,215391
334,127710
335,171741
336,149430
337,130022
338,132075
339,121522
340,261014
341,130272
342,123649
343,142929
344,123586
345,172772
346,114138
347,126112
348,118864
349,145371
350,1262178
351,137570
352,137677
353,132655
354,116345
355,155790
356,126318
357,148913
358,124058
359,118893
360,1296974
361,121681
362,113074
363,117874
364,122705
365,736977
366,123043
367,110338
368,114770
369,112361
370,228428
371,114106
372,109841
373,114502
374,99778
375,329494
376,107981
377,115124
378,102039
379,106746
380,252416
381,106368
382,102797
383,109709
384,127503
385,142840
386,110493
387,106095
388,101661
389,104266
390,183843
391,101595
392,104183
393,97700
394,90848
395,147210
396,94215
397,95154
398,92558
399,174138
400,3315208
401,366834
402,145244
403,179925
404,258340
405,183050
406,130352
407,133309
408,135110
409,114032
410,235864
411,142760
412,137198
413,112445
414,118486
415,170593
416,143208
417,114794
418,99589
419,117131
420,274917
421,112582
422,115671
423,109335
424,110568
425,230489
426,99140
427,109323
428,97043
429,113940
430,200987
431,100846
432,114608
433,104571
434,97686
435,138276
436,90884
437,91316
438,93567
439,88515
440,226253
441,100898
442,97506
443,120097
444,122677
445,112498
446,83868
447,90951
448,94662
449,103992
450,728823
451,120219
452,89048
453,88201
454,106235
455,120248
456,99137
457,103944
458,101879
459,85488
460,190006
461,93286
462,88857
463,86765
464,90355
465,110505
466,85187
467,86049
468,87958
469,87771
470,162991
471,90979
472,83870
473,86701
474,79282
475,143577
476,87607
477,87318
478,81212
479,88580
480,276851
481,79753
482,83005
483,87282
484,81766
485,121511
486,95382
487,80655
488,114683
489,79912
490,141375
491,76507
492,74876
493,74559
494,74736
495,134070
496,77768
497,78325
498,75751
499,179677
500,7174134
501,324596
502,126518
503,132833
504,147735
505,142498
506,102050
507,96001
508,133458
509,107521
510,202176
511,98773
512,220817
513,90357
514,95267
515,114280
516,90836
517,86442
518,93017
519,88521
520,199010
521,91844
522,87046
523,83363
524,81546
525,144872
526,80901
527,84033
528,84400
529,124257
530,169633
531,79750
532,85847
533,82205
534,75067
535,100996
536,78200
537,78192
538,77510
539,75478
540,182269
541,93605
542,74964
543,76277
544,76728
545,92393
546,74134
547,71420
548,69899
549,82220
550,420835
551,76050
552,79101
553,74001
554,68821
555,147077
556,76592
557,67557
558,64451
559,73375
560,185403
561,84607
562,78180
563,71501
564,67570
565,84873
566,64325
567,72375
568,68678
569,65540
570,146417
571,77444
572,64566
573,75251
574,70441
575,120152
576,73142
577,70452
578,60419
579,66309
580,155035
581,66991
582,62840
583,66716
584,61623
585,90737
586,71057
587,69589
588,64297
589,62865
590,109922
591,61258
592,60496
593,61437
594,63850
595,90744
596,59668
597,62682
598,60181
599,113331
600,2260137
601,111011
602,97329
603,95125
604,99671
605,95452
606,86851
607,74467
608,85054
609,85996
610,151253
611,73582
612,92001
613,85218
614,76164
615,101463
616,86508
617,102871
618,80559
619,80590
620,158501
621,73633
622,73231
623,69541
624,73545
625,158381
626,81038
627,64135
628,63234
629,63757
630,156928
631,74575
632,73475
633,73205
634,61563
635,80985
636,75137
637,59180
638,60967
639,65140
640,193461
641,65996
642,80519
643,62013
644,65873
645,82971
646,73916
647,70589
648,63043
649,77180
650,454325
651,78681
652,62787
653,58325
654,56940
655,72942
656,65130
657,58381
658,54662
659,58281
660,148684
661,67725
662,70730
663,59439
664,61088
665,70487
666,108694
667,77718
668,61805
669,58444
670,111162
671,56880
672,58013
673,58682
674,55925
675,100191
676,56137
677,62362
678,66021
679,72030
680,137212
681,55704
682,58248
683,55831
684,56665
685,66730
686,59226
687,60215
688,59449
689,54724
690,96196
691,54749
692,56097
693,53629
694,51537
695,78117
696,54421
697,51971
698,52199
699,92379
700,1547395
701,98767
702,101259
703,90637
704,82633
705,82689
706,76145
707,91885
708,65932
709,64591
710,117780
711,75184
712,68484
713,77416
714,75680
715,81018
716,68360
717,72957
718,88498
719,61238
720,209797
721,65638
722,67824
723,58548
724,64575
725,95074
726,56196
727,82987
728,65700
729,56011
730,113481
731,61692
732,72210
733,61537
734,62218
735,69418
736,53525
737,154759
738,50865
739,51699
740,116424
741,57827
742,56155
743,53712
744,60080
745,74617
746,50660
747,118379
748,54944
749,62604
750,698462
751,59322
752,57442
753,57066
754,55487
755,73745
756,51411
757,80198
758,49142
759,48013
760,127182
761,54435
762,54037
763,55270
764,51704
765,75930
766,53242
767,74917
768,91434
769,50101
770,117846
771,55017
772,57974
773,64850
774,53659
775,92081
776,55168
777,175834
778,54421
779,49064
780,119891
781,61604
782,52811
783,50895
784,50021
785,67424
786,57798
787,110489
788,52094
789,56739
790,82661
791,49299
792,52937
793,46807
794,47382
795,68838
796,45980
797,50118
798,48047
799,89342
800,2496637
801,104311
802,257816
803,67333
804,67682
805,83294
806,58687
807,56583
808,111292
809,52443
810,108632
811,64394
812,69811
813,65332
814,59659
815,79469
816,62936
817,61723
818,65552
819,49382
820,114860
821,58367
822,56586
823,51737
824,53751
825,87592
826,52157
827,50884
828,64881
829,52895
830,101718
831,58448
832,60303
833,66563
834,46406
835,65748
836,48264
837,48672
838,47162
839,47017
840,108019
841,53588
842,51936
843,65932
844,85636
845,103599
846,48970
847,65146
848,53263
849,51431
850,324075
851,48285
852,59539
853,49539
854,50177
855,114168
856,56922
857,48727
858,59204
859,52121
860,105491
861,47926
862,46593
863,52333
864,59620
865,72308
866,144544
867,48009
868,48985
869,45330
870,101639
871,54269
872,47617
873,45158
874,44488
875,101093
876,47865
877,147482
878,44390
879,43737
880,110083
881,45230
882,46225
883,50135
884,43544
885,59075
886,51556
887,45786
888,294482
889,47850
890,75618
891,44612
892,43276
893,47578
894,40745
895,62483
896,47776
897,41716
898,45520
899,70620
900,1056585
901,82866
902,63471
903,55397
904,63457
905,73253
906,53356
907,60701
908,58006
909,64371
910,88479
911,503042
912,62157
913,52462
914,59756
915,63767
916,69226
917,63258
918,61641
919,71407
920,129995
921,50123
922,55192
923,45537
924,56454
925,97342
926,45427
927,44108
928,59039
929,50622
930,91392
931,47976
932,44829
933,46879
934,43075
935,56380
936,47049
937,51877
938,41947
939,47018
940,83190
941,55980
942,43374
943,41648
944,52671
945,56438
946,42736
947,40943
948,40171
949,59438
950,216462
951,53310
952,48093
953,41551
954,57213
955,51453
956,44160
957,39994
958,36634
959,43048
960,116474
961,41971
962,46182
963,43444
964,43450
965,53768
966,44682
967,41578
968,44340
969,42812
970,100176
971,51709
972,60432
973,59369
974,43361
975,65560
976,43630
977,43560
978,230550
979,42852
980,99297
981,42296
982,39744
983,39366
984,41575
985,53751
986,41112
987,46086
988,48050
989,48497
990,150872
991,46864
992,45341
993,45616
994,42511
995,111531
996,54503
997,58642
998,55265
999,352257
1000,1983301
1001,104409
1002,97687
1003,31117
1004,26367
1005,28697
1006,28611
1007,111351
1008,23415
1009,20896
1010,62624
1011,34829
1012,29907
1013,23657
1014,24272
1015,31056
1016,269413
1017,31847
1018,22285
1019,18995
1020,48052
1021,39333
1022,19433
1023,28925
1024,98963
1025,23692
1026,17020
1027,17152
1028,15798
1029,29267
1030,40017
1031,41527
1032,16047
1033,22574
1034,15159
1035,20694
1036,13883
1037,22990
1038,84574
1039,18350
1040,62248
1041,18160
1042,19115
1043,16092
1044,17299
1045,21225
1046,23205
1047,14538
1048,14645
1049,16799
1050,67570
1051,17368
1052,15162
1053,19914
1054,18834
1055,22872
1056,22568
1057,15247
1058,14046
1059,13738
1060,39766
1061,15494
1062,14167
1063,17727
1064,17976
1065,20350
1066,37051
1067,16981
1068,15058
1069,14736
1070,44031
1071,16898
1072,14400
1073,33322
1074,21595
1075,18481
1076,13134
1077,15955
1078,15096
1079,14666
1080,174954
1081,15259
1082,12847
1083,15605
1084,14942
1085,16192
1086,24778
1087,14320
1088,23324
1089,19682
1090,24131
1091,13628
1092,13098
1093,61540
1094,14912
1095,28697
1096,16530
1097,45439
1098,26137
1099,83664
1100,191976
1101,40562
1102,21197
1103,23664
1104,19046
1105,22511
1106,16472
1107,19254
1108,18252
1109,33047
1110,29059
1111,115571
1112,19447
1113,17889
1114,16135
1115,22254
1116,15018
1117,17214
1118,15188
1119,14562
1120,30513
1121,17714
1122,19412
1123,15520
1124,14594
1125,22367
1126,27767
1127,15069
1128,32308
1129,13741
1130,30405
1131,15082
1132,14155
1133,14494
1134,12623
1135,16732
1136,30648
1137,13969
1138,14142
1139,13729
1140,21699
1141,13412
1142,13248
1143,12679
1144,13550
1145,20063
1146,16950
1147,13033
1148,12044
1149,13325
1150,42737
1151,16359
1152,18705
1153,13149
1154,12598
1155,27529
1156,12857
1157,12359
1158,17146
1159,17005
1160,18836
1161,18650
1162,12438
1163,12483
1164,12503
1165,13088
1166,11655
1167,15740
1168,10150
1169,11953
1170,21061
1171,12719
1172,14478
1173,12430
1174,10487
1175,21466
1176,14760
1177,38068
1178,10216
1179,13008
1180,20209
1181,12009
1182,15527
1183,12312
1184,10755
1185,16048
1186,56753
1187,12434
1188,12184
1189,14233
1190,18359
1191,13505
1192,13664
1193,10715
1194,13538
1195,12915
1196,10646
1197,11735
1198,13452
1199,21778
1200,435686
1201,28125
1202,25119
1203,16768
1204,21544
1205,17924
1206,18980
1207,17311
1208,15320
1209,15183
1210,27616
1211,18063
1212,25054
1213,16919
1214,15256
1215,25409
1216,16497
1217,14007
1218,13011
1219,13537
1220,27343
1221,17743
1222,19747
1223,19255
1224,15254
1225,23367
1226,14224
1227,16400
1228,12799
1229,12965
1230,28427
1231,15443
1232,12231
1233,13145
1234,43581
1235,16587
1236,11898
1237,11948
1238,11611
1239,11668
1240,21408
1241,14378
1242,17122
1243,13883
1244,16380
1245,18933
1246,12636
1247,11210
1248,13529
1249,13745
1250,72695
1251,13581
1252,17608
1253,14710
1254,14778
1255,14607
1256,13683
1257,12849
1258,12864
1259,10906
1260,28331
1261,12209
1262,10217
1263,11941
1264,11166
1265,13435
1266,11287
1267,12130
1268,11023
1269,9985
1270,19985
1271,13996
1272,12486
1273,20631
1274,14849
1275,18641
1276,10958
1277,11508
1278,10767
1279,15096
1280,61242
1281,11015
1282,11720
1283,11515
1284,13184
1285,13561
1286,10098
1287,10781
1288,10653
1289,11458
1290,21651
1291,16204
1292,12911
1293,11448
1294,11411
1295,17816
1296,14244
1297,11829
1298,11625
1299,17481
1300,227900
1301,24471
1302,18705
1303,16157
1304,16121
1305,17539
1306,14574
1307,15973
1308,14077
1309,13636
1310,23363
1311,15896
1312,14912
1313,18197
1314,14911
1315,16838
1316,12483
1317,13084
1318,11625
1319,11255
1320,26369
1321,14138
1322,13991
1323,13525
1324,13494
1325,24436
1326,13696
1327,14603
1328,12195
1329,12051
1330,23817
1331,15972
1332,18383
1333,20828
1334,13004
1335,13512
1336,11609
1337,18729
1338,10759
1339,10278
1340,20724
1341,13011
1342,12580
1343,13260
1344,13187
1345,14648
1346,13134
1347,13012
1348,14375
1349,13859
1350,44773
1351,12131
1352,10402
1353,13304
1354,10402
1355,13210
1356,10774
1357,11085
1358,9633
1359,10752
1360,18428
1361,12206
1362,10905
1363,11434
1364,12497
1365,27309
1366,21660
1367,12015
1368,16034
1369,10288
1370,16472
1371,51625
1372,10603
1373,11925
1374,10081
1375,14200
1376,10166
1377,13694
1378,10827
1379,10155
1380,18201
1381,12148
1382,12029
1383,10787
1384,10622
1385,12780
1386,12602
1387,10870
1388,10307
1389,11374
1390,14985
1391,10866
1392,14133
1393,8994
1394,18094
1395,12942
1396,9976
1397,10578
1398,11239
1399,15593
1400,187397
1401,21834
1402,16304
1403,14215
1404,15625
1405,14831
1406,13320
1407,11593
1408,13411
1409,11537
1410,19219
1411,13814
1412,12940
1413,11294
1414,15138
1415,20268
1416,11545
1417,10751
1418,10625
1419,10917
1420,22609
1421,12442
1422,12869
1423,12211
1424,11549
1425,15447
1426,8844
1427,10475
1428,10690
1429,11830
1430,21576
1431,13491
1432,12142
1433,12791
1434,11261
1435,12721
1436,10266
1437,10515
1438,10853
1439,11182
1440,51236
1441,16077
1442,12364
1443,10813
1444,13487
1445,13135
1446,11577
1447,10909
1448,9087
1449,10272
1450,43588
1451,11428
1452,13005
1453,20131
1454,9649
1455,14020
1456,9599
1457,9652
1458,9188
1459,9666
1460,19181
1461,13582
1462,10968
1463,10732
1464,9743
1465,10931
1466,9162
1467,12439
1468,10406
1469,13625
1470,16236
1471,26679
1472,13876
1473,12520
1474,10073
1475,17874
1476,11699
1477,11665
1478,10885
1479,10256
1480,18680
1481,9906
1482,12827
1483,18503
1484,11635
1485,16987
1486,9615
1487,9654
1488,10653
1489,10135
1490,16201
1491,13037
1492,34123
1493,14630
1494,14768
1495,14384
1496,9358
1497,12588
1498,12843
1499,17484
1500,609904
1501,24684
1502,20626
1503,17875
1504,16220
1505,16728
1506,14999
1507,13670
1508,14342
1509,17256
1510,22418
1511,17444
1512,16048
1513,16160
1514,12875
1515,24617
1516,17499
1517,19019
1518,13929
1519,18967
1520,42294
1521,22219
1522,15838
1523,16573
1524,15908
1525,22251
1526,15797
1527,15658
1528,13543
1529,14218
1530,29498
1531,14196
1532,14770
1533,15682
1534,16469
1535,20010
1536,26367
1537,13251
1538,16175
1539,15882
1540,28665
1541,16931
1542,17871
1543,15509
1544,11789
1545,18238
1546,13911
1547,16596
1548,12325
1549,15864
1550,44598
1551,15546
1552,13808
1553,16885
1554,12401
1555,19490
1556,14543
1557,15198
1558,18352
1559,18877
1560,24751
1561,13616
1562,13217
1563,14476
1564,18413
1565,17636
1566,13511
1567,13457
1568,13704
1569,12586
1570,21408
1571,15507
1572,15964
1573,13519
1574,11449
1575,16743
1576,12400
1577,13548
1578,11982
1579,12001
1580,23238
1581,13038
1582,17130
1583,13741
1584,14288
1585,15962
1586,13608
1587,14633
1588,18224
1589,13011
1590,23748
1591,13476
1592,17291
1593,14234
1594,13670
1595,16036
1596,15093
1597,14610
1598,18370
1599,19960
1600,282210
1601,26640
1602,22343
1603,37304
1604,24133
1605,24722
1606,21050
1607,25271
1608,20122
1609,23679
1610,29822
1611,25036
1612,19388
1613,17212
1614,16632
1615,19573
1616,23368
1617,16537
1618,17802
1619,26512
1620,35569
1621,21606
1622,17875
1623,21092
1624,17211
1625,25463
1626,16381
1627,14723
1628,18263
1629,16274
1630,32243
1631,16905
1632,19614
1633,18628
1634,19141
1635,21615
1636,18104
1637,18141
1638,20401
1639,17413
1640,52158
1641,19733
1642,28280
1643,19292
1644,25426
1645,20075
1646,15781
1647,15732
1648,23653
1649,20621
1650,62184
1651,18532
1652,17090
1653,16991
1654,17439
1655,19131
1656,16726
1657,15320
1658,16298
1659,15555
1660,49888
1661,19925
1662,20579
1663,17161
1664,19173
1665,22859
1666,23476
1667,19555
1668,15942
1669,15909
1670,25361
1671,15036
1672,17911
1673,16067
1674,15976
1675,21392
1676,16716
1677,15857
1678,16333
1679,15548
1680,31713
1681,17828
1682,17338
1683,19232
1684,17031
1685,24051
1686,15846
1687,17208
1688,27227
1689,24719
1690,25905
1691,16548
1692,22395
1693,16151
1694,17019
1695,18477
1696,15640
1697,17670
1698,16270
1699,20321
1700,177342
1701,33068
1702,23503
1703,23900
1704,22324
1705,19660
1706,21624
1707,26339
1708,20850
1709,23441
1710,28296
1711,20768
1712,19579
1713,18948
1714,22280
1715,27006
1716,18607
1717,23622
1718,20951
1719,18569
1720,33661
1721,20212
1722,21985
1723,21512
1724,19781
1725,25147
1726,19029
1727,22454
1728,20065
1729,19215
1730,33235
1731,19491
1732,21982
1733,22125
1734,21414
1735,23342
1736,19929
1737,21383
1738,20522
1739,19432
1740,33640
1741,22128
1742,22371
1743,23219
1744,21564
1745,29973
1746,23458
1747,20988
1748,24299
1749,24590
1750,78679
1751,23489
1752,27508
1753,26447
1754,26770
1755,34776
1756,27912
1757,25933
1758,31295
1759,28156
1760,42048
1761,24144
1762,25954
1763,35095
1764,26906
1765,32529
1766,28548
1767,27216
1768,28422
1769,31700
1770,50143
1771,28539
1772,32940
1773,31864
1774,39314
1775,64703
1776,97433
1777,44793
1778,39029
1779,34107
1780,55086
1781,38893
1782,39668
1783,48419
1784,39116
1785,40269
1786,35939
1787,55182
1788,49625
1789,80564
1790,69290
1791,51856
1792,56751
1793,53948
1794,46621
1795,50227
1796,47261
1797,45824
1798,54546
1799,51169
1800,410382
1801,61464
1802,50926
1803,66978
1804,57836
1805,54738
1806,55864
1807,49453
1808,51317
1809,62315
1810,67242
1811,52321
1812,117751
1813,55763
1814,62883
1815,85031
1816,56410
1817,55849
1818,65082
1819,63087
1820,97494
1821,67502
1822,57883
1823,54439
1824,63921
1825,70702
1826,56796
1827,57218
1828,63342
1829,60744
1830,122735
1831,69962
1832,79586
1833,72069
1834,72858
1835,82059
1836,85312
1837,89627
1838,77171
1839,80444
1840,132874
1841,85828
1842,81721
1843,80352
1844,85964
1845,94125
1846,91627
1847,92263
1848,123474
1849,97249
1850,197649
1851,113520
1852,90998
1853,91440
1854,101699
1855,103757
1856,100267
1857,111868
1858,103269
1859,110277
1860,193379
1861,175469
1862,154046
1863,153071
1864,148897
1865,182590
1866,113359
1867,124251
1868,122283
1869,116208
1870,186021
1871,133720
1872,122027
1873,113668
1874,109893
1875,126299
1876,125544
1877,112334
1878,114618
1879,119274
1880,209712
1881,145613
1882,132995
1883,128660
1884,130859
1885,143788
1886,139721
1887,140943
1888,150143
1889,150725
1890,217675
1891,154585
1892,149756
1893,152605
1894,141852
1895,172762
1896,161419
1897,153493
1898,170691
1899,167713
1900,457521
1901,218212
1902,185551
1903,198898
1904,196548
1905,220558
1906,207047
1907,198987
1908,219004
1909,207761
1910,305021
1911,296551
1912,262578
1913,250564
1914,349868
1915,275151
1916,268042
1917,335112
1918,362810
1919,298193
1920,485307
1921,243704
1922,252398
1923,241057
1924,237936
1925,260009
1926,250762
1927,250209
1928,262293
1929,311817
1930,423780
1931,253752
1932,272327
1933,344580
1934,297576
1935,300484
1936,317190
1937,316361
1938,333289
1939,428942
1940,506377
1941,403207
1942,392051
1943,357667
1944,410577
1945,591471
1946,380101
1947,419363
1948,461264
1949,394967
1950,637501
1951,356227
1952,376397
1953,393410
1954,410398
1955,425816
1956,441677
1957,441945
1958,442670
1959,461298
1960,750056
1961,514584
1962,550488
1963,572788
1964,634866
1965,653643
1966,615677
1967,716034
1968,763632
1969,761305
1970,1013429
1971,736862
1972,795290
1973,791069
1974,776610
1975,838439
1976,828315
1977,803370
1978,861675
1979,939755
1980,1255771
1981,909282
1982,970216
1983,996879
1984,1142086
1985,1114287
1986,1182738
1987,1165889
1988,1254088
1989,1394752
1990,1777863
1991,1529292
1992,1665229
1993,1676785
1994,1860693
1995,2017620
1996,2167206
1997,2264599
1998,2486600
1999,2970248
2000,4696266
2001,3516499
2002,3562267
2003,4046407
2004,4409271
2005,5030386
2006,5670615
2007,6943427
2008,8485663
2009,7863434
2010,9014625
2011,9091653
2012,10490107
2013,10350048
2014,10167542
2015,9837701
2016,10448055
2017,10619155
2018,10822776
2019,10483608
2020,11452432
2021,7622292
2022,4863879
2023,977656
2024,331638
2025,383626
2026,144794
2027,100343
2028,73466
2029,40645
2030,465917
2031,30228
2032,29255
2033,21551
2034,14905
2035,61320
2036,17390
2037,11930
2038,12478
2039,9659
2040,81220
2041,13226
2042,17832
2043,8366
2044,8585
2045,24102
2046,9464
2047,10003
2048,45685
2049,20113
2050,236225
2051,8042
2052,8864
2053,6258
2054,6334
2055,9461
2056,6919
2057,5872
2058,5446
2059,6052
2060,34612
2061,7354
2062,5884
2063,9595
2064,5887
2065,8175
2066,6248
2067,5929
2068,5436
2069,5447
2070,26797
2071,7267
2072,6510
2073,5792
2074,5643
2075,9000
2076,6457
2077,41496
2078,5439
2079,5448
2080,31743
2081,5386
2082,4209
2083,4930
2084,5685
2085,5506
2086,4414
2087,5014
2088,5358
2089,4573
2090,8526
2091,4424
2092,4343
2093,4564
2094,4317
2095,5709
2096,4196
2097,4818
2098,4143
2099,13229
2100,121072
2101,12659
2102,10489
2103,8920
2104,9454
2105,15683
2106,9688
2107,7610
2108,8640
2109,7499
2110,13847
2111,11128
2112,11692
2113,7408
2114,7755
2115,11007
2116,7295
2117,6364
2118,8264
2119,6303
2120,12259
2121,14280
2122,6965
2123,6150
2124,5754
2125,7637
2126,5205
2127,4579
2128,5214
2129,4935
2130,11261
2131,6105
2132,5110
2133,9095
2134,5749
2135,6284
2136,4860
2137,4438
2138,7110
2139,7129
2140,10586
2141,7500
2142,7509
2143,5100
2144,4988
2145,5691
2146,3905
2147,5801
2148,5264
2149,4495
2150,15750
2151,6740
2152,4642
2153,4893
2154,4949
2155,7305
2156,4477
2157,4777
2158,3858
2159,4171
2160,24612
2161,5100
2162,3857
2163,4017
2164,5909
2165,6234
2166,4732
2167,4188
2168,3807
2169,4189
2170,7105
2171,4785
2172,4280
2173,3853
2174,6555
2175,5157
2176,3745
2177,4151
2178,3722
2179,3567
2180,7230
2181,5023
2182,3897
2183,3802
2184,3708
2185,3894
2186,3397
2187,4132
2188,3717
2189,3434
2190,5463
2191,4514
2192,3950
2193,3589
2194,3739
2195,4847
2196,5295
2197,3881
2198,3493
2199,7351
2200,91042
2201,12338
2202,8588
2203,6176
2204,6238
2205,8706
2206,6334
2207,5298
2208,5746
2209,4929
2210,10562
2211,8677
2212,8240
2213,4897
2214,5517
2215,8917
2216,5368
2217,5847
2218,4770
2219,4955
2220,9532
2221,6965
2222,17458
2223,6413
2224,6240
2225,8713
2226,4652
2227,5504
2228,4848
2229,5515
2230,9699
2231,7270
2232,5042
2233,6564
2234,4358
2235,5192
2236,5262
2237,4587
2238,3788
2239,3698
2240,8875
2241,7890
2242,5208
2243,4531
2244,7252
2245,5438
2246,4260
2247,4012
2248,4097
2249,4694
2250,19587
2251,5901
2252,4976
2253,5639
2254,12559
2255,16528
2256,4553
2257,5841
2258,3825
2259,4157
2260,6999
2261,4954
2262,4071
2263,4174
2264,4222
2265,5477
2266,4390
2267,4625
2268,3726
2269,3691
2270,5840
2271,3982
2272,5044
2273,5576
2274,3560
2275,4778
2276,3515
2277,5862
2278,4424
2279,3314
2280,9387
2281,5375
2282,3888
2283,3983
2284,3941
2285,4302
2286,3523
2287,4549
2288,4756
2289,3431
2290,7061
2291,3493
2292,3462
2293,3461
2294,3314
2295,4150
2296,3738
2297,3307
2298,3402
2299,5412
2300,70407
2301,9927
2302,6081
2303,5297
2304,7170
2305,7043
2306,4618
2307,12972
2308,4835
2309,4479
2310,9208
2311,6567
2312,6071
2313,4712
2314,5136
2315,5677
2316,4379
2317,4432
2318,3937
2319,4737
2320,8652
2321,5196
2322,5208
2323,7786
2324,5116
2325,5948
2326,4261
2327,4464
2328,3875
2329,4027
2330,8581
2331,5114
2332,4649
2333,6457
2334,5874
2335,4662
2336,3740
2337,7099
2338,3563
2339,3592
2340,10636
2341,4281
2342,4208
2343,4103
2344,3776
2345,10658
2346,3539
2347,4516
2348,3839
2349,3851
2350,11980
2351,4128
2352,3998
2353,4127
2354,3731
2355,4669
2356,3652
2357,4011
2358,3431
2359,4806
2360,5782
2361,3735
2362,3684
2363,3462
2364,3780
2365,4140
2366,4245
2367,3834
2368,3797
2369,3645
2370,5226
2371,4248
2372,4028
2373,3975
2374,3499
2375,5320
2376,3766
2377,3819
2378,3452
2379,3706
2380,6596
2381,3774
2382,3459
2383,3510
2384,3149
2385,3996
2386,3306
2387,2964
2388,3589
2389,3071
2390,4405
2391,3832
2392,4560
2393,3453
2394,3245
2395,4430
2396,3448
2397,3220
2398,2925
2399,4955
2400,98846
2401,8635
2402,4954
2403,5115
2404,4565
2405,5458
2406,3783
2407,4851
2408,4833
2409,4160
2410,6786
2411,4999
2412,7984
2413,3987
2414,4248
2415,4959
2416,3683
2417,3687
2418,3387
2419,3874
2420,6983
2421,4319
2422,4702
2423,4316
2424,6839
2425,6178
2426,3901
2427,4086
2428,3696
2429,3509
2430,5403
2431,4322
2432,3288
2433,4297
2434,3475
2435,3773
2436,3905
2437,3321
2438,3154
2439,2947
2440,6404
2441,3914
2442,3929
2443,3397
2444,4315
2445,4288
2446,3511
2447,3394
2448,5289
2449,4002
2450,11247
2451,4374
2452,3468
2453,3342
2454,4466
2455,4448
2456,3570
2457,3435
2458,4688
2459,3402
2460,6927
2461,3783
2462,3610
2463,3154
2464,3243
2465,4202
2466,3700
2467,3444
2468,3531
2469,3127
2470,4462
2471,4134
2472,4022
2473,3174
2474,3704
2475,4346
2476,4613
2477,3871
2478,4454
2479,2876
2480,5497
2481,3470
2482,2985
2483,3270
2484,3013
2485,3579
2486,3487
2487,2894
2488,3184
2489,3427
2490,4303
2491,3286
2492,2974
2493,3120
2494,3219
2495,4438
2496,3644
2497,3317
2498,3164
2499,6969
2500,283916
2501,8920
2502,5106
2503,4585
2504,4296
2505,5783
2506,4065
2507,4369
2508,3939
2509,3932
2510,8850
2511,5860
2512,4513
2513,4066
2514,4062
2515,5049
2516,3874
2517,3611
2518,4493
2519,3670
2520,10814
2521,4602
2522,4673
2523,3951
2524,3652
2525,10512
2526,4950
2527,4197
2528,3806
2529,3575
2530,6048
2531,4464
2532,4239
2533,3554
2534,3286
2535,4673
2536,4132
2537,3781
2538,3414
2539,3248
2540,6484
2541,4122
2542,3218
2543,3827
2544,3393
2545,4068
2546,3147
2547,3239
2548,3991
2549,3186
2550,11600
2551,4462
2552,4503
2553,4731
2554,3602
2555,6368
2556,3187
2557,3727
2558,3572
2559,3898
2560,26936
2561,3183
2562,3980
2563,3529
2564,3198
2565,3646
2566,2915
2567,3293
2568,3158
2569,2674
2570,4156
2571,3085
2572,2712
2573,2667
2574,2812
2575,4456
2576,2931
2577,3467
2578,3303
2579,2721
2580,5003
2581,3682
2582,3032
2583,3229
2584,2787
2585,3218
2586,2680
2587,2780
2588,3181
2589,2638
2590,4620
2591,3343
2592,3972
2593,2763
2594,2542
2595,3570
2596,3291
2597,2882
2598,2618
2599,3739
2600,90452
2601,8938
2602,3897
2603,4114
2604,3691
2605,4663
2606,3959
2607,3675
2608,3272
2609,3836
2610,6404
2611,4862
2612,3684
2613,3206
2614,3103
2615,4051
2616,4158
2617,3472
2618,3372
2619,3033
2620,6322
2621,3839
2622,4141
2623,3459
2624,2870
2625,5176
2626,5169
2627,3686
2628,3868
2629,2965
2630,5757
2631,3488
2632,3361
2633,3399
2634,2725
2635,4209
2636,3025
2637,3279
2638,2957
2639,3633
2640,5934
2641,3061
2642,3334
2643,2939
2644,2946
2645,3181
2646,3242
2647,2832
2648,3359
2649,2824
2650,10986
2651,3800
2652,3288
2653,3291
2654,2743
2655,3857
2656,3094
2657,2674
2658,2652
2659,2506
2660,5009
2661,3187
2662,3011
2663,3077
2664,3023
2665,4453
2666,8573
2667,3802
2668,2694
2669,2820
2670,4151
2671,3400
2672,3239
2673,3021
2674,2689
2675,3712
2676,2672
2677,3559
2678,2667
2679,2674
2680,5305
2681,2934
2682,2585
2683,2649
2684,2412
2685,2719
2686,2954
2687,2533
2688,3694
2689,2427
2690,4354
2691,3001
2692,2530
2693,2706
2694,2525
2695,3651
2696,2543
2697,3254
2698,2549
2699,4380
2700,53705
2701,6918
2702,4346
2703,4251
2704,4414
2705,4126
2706,3251
2707,3598
2708,3204
2709,3265
2710,6063
2711,4898
2712,3652
2713,3344
2714,2938
2715,3591
2716,3450
2717,3412
2718,3026
2719,3118
2720,7596
2721,3849
2722,3703
2723,3311
2724,3088
2725,3946
2726,3040
2727,5845
2728,3517
2729,3191
2730,5199
2731,3009
2732,3523
2733,3353
2734,2578
2735,3204
2736,3723
2737,3838
2738,3044
2739,3361
2740,4068
2741,3395
2742,2873
2743,3013
2744,3077
2745,3523
2746,2730
2747,3188
2748,2468
2749,2611
2750,12211
2751,3098
2752,2769
2753,3061
2754,2278
2755,3774
2756,2530
2757,3087
2758,2526
2759,2435
2760,5827
2761,2763
2762,2535
2763,2620
2764,3226
2765,3462
2766,2740
2767,3780
2768,2627
2769,2286
2770,4112
2771,2719
2772,3545
2773,2620
2774,2354
2775,3604
2776,2587
2777,4163
2778,3770
2779,2552
2780,4207
2781,3423
2782,2834
2783,2669
2784,2529
2785,3013
2786,2516
2787,5943
2788,2896
2789,2909
2790,3681
2791,2539
2792,2207
2793,2249
2794,2223
2795,3241
2796,2681
2797,2613
2798,2388
2799,3503
2800,58559
2801,6525
2802,3914
2803,3418
2804,3234
2805,3962
2806,3213
2807,3298
2808,3667
2809,3293
2810,5194
2811,4348
2812,3299
2813,3127
2814,3417
2815,3481
2816,3477
2817,2874
2818,3378
2819,2676
2820,5347
2821,3554
2822,3802
2823,2741
2824,6208
2825,4184
2826,2817
2827,2617
2828,4280
2829,3180
2830,4480
2831,2977
2832,2843
2833,3035
2834,2766
2835,3984
2836,4401
2837,2399
2838,2534
2839,2845
2840,5559
2841,3593
2842,2599
2843,2269
2844,2707
2845,2974
2846,2273
2847,2725
2848,3447
2849,2621
2850,8698
2851,2751
2852,2672
2853,2497
2854,2127
2855,3240
2856,2493
2857,2969
2858,2409
2859,2594
2860,4530
2861,2698
2862,2176
2863,2404
2864,2475
2865,3378
2866,10143
2867,2313
2868,2544
2869,2677
2870,3385
2871,2823
2872,2387
2873,2590
2874,2418
2875,4215
2876,2280
2877,2442
2878,2410
2879,2280
2880,9282
2881,3006
2882,2981
2883,2554
2884,2161
2885,3204
2886,2774
2887,2685
2888,3834
2889,2799
2890,3931
2891,3045
2892,4271
2893,2951
2894,2379
2895,3100
2896,2515
2897,2241
2898,2269
2899,3255
2900,31742
2901,6268
2902,3361
2903,4931
2904,3299
2905,3591
2906,3000
2907,3183
2908,3280
2909,3554
2910,4891
2911,5226
2912,3590
2913,3295
2914,3236
2915,4195
2916,3145
2917,2964
2918,2986
2919,3164
2920,8036
2921,3596
2922,2962
2923,3507
2924,3157
2925,4639
2926,2528
2927,2483
2928,2547
2929,6503
2930,5084
2931,2825
2932,2504
2933,3844
2934,2846
2935,2769
2936,3024
2937,2324
2938,2095
2939,2358
2940,4278
2941,3282
2942,2267
2943,2713
2944,2549
2945,2985
2946,2265
2947,2505
2948,2266
2949,2518
2950,8780
2951,2572
2952,2592
2953,2576
2954,2279
2955,3251
2956,2105
2957,2280
2958,3548
2959,2371
2960,6168
2961,2403
2962,2357
2963,2359
2964,2069
2965,2626
2966,2416
2967,2554
2968,2091
2969,2040
2970,3430
2971,2178
2972,2098
2973,2226
2974,2222
2975,2730
2976,2355
2977,2767
2978,2201
2979,2196
2980,3389
2981,2191
2982,2248
2983,2147
2984,1941
2985,2364
2986,1831
2987,2244
2988,2317
2989,2172
2990,3886
2991,2913
2992,2598
2993,2273
2994,2264
2995,4028
2996,2432
2997,2677
2998,2748
2999,7681
3000,581938
3001,15941
3002,7841
3003,8293
3004,6362
3005,6130
3006,5809
3007,4312
3008,10415
3009,4972
3010,9628
3011,5858
3012,5517
3013,4295
3014,4083
3015,5383
3016,4283
3017,3348
3018,4399
3019,4216
3020,9469
3021,4294
3022,3695
3023,3253
3024,3974
3025,5460
3026,3326
3027,3230
3028,2675
3029,2957
3030,12756
3031,4361
3032,3513
3033,4250
3034,3350
3035,4375
3036,3212
3037,2785
3038,3077
3039,3273
3040,8408
3041,3199
3042,3182
3043,2818
3044,2821
3045,3804
3046,2602
3047,2642
3048,3862
3049,2774
3050,14193
3051,3431
3052,4003
3053,3625
3054,3026
3055,4220
3056,2994
3057,2872
3058,2625
3059,2533
3060,16620
3061,2687
3062,2769
3063,2636
3064,2381
3065,3543
3066,3032
3067,2876
3068,2911
3069,2284
3070,15967
3071,2789
3072,4791
3073,2426
3074,2990
3075,3735
3076,2390
3077,3295
3078,2120
3079,2568
3080,25011
3081,2819
3082,2193
3083,2659
3084,2385
3085,3651
3086,2491
3087,2238
3088,2960
3089,2290
3090,15665
3091,2458
3092,2108
3093,2136
3094,1984
3095,2723
3096,2317
3097,1950
3098,2217
3099,3539
3100,40233
3101,8723
3102,5123
3103,3898
3104,4115
3105,4154
3106,3366
3107,3178
3108,3701
3109,7626
3110,6810
3111,6658
3112,4013
3113,3856
3114,4069
3115,4739
3116,3459
3117,3327
3118,2684
3119,2765
3120,7529
3121,6884
3122,3517
3123,3565
3124,3283
3125,6906
3126,3298
3127,2619
3128,3433
3129,2359
3130,6086
3131,5928
3132,3867
3133,4058
3134,2880
3135,5246
3136,3197
3137,2763
3138,2769
3139,2357
3140,4453
3141,4218
3142,3548
3143,2888
3144,3233
3145,3961
3146,2639
3147,2904
3148,2677
3149,2254
3150,9131
3151,3008
3152,2363
3153,2725
3154,2228
3155,3338
3156,3209
3157,2754
3158,2318
3159,2373
3160,4179
3161,4008
3162,2494
3163,2737
3164,2308
3165,2771
3166,6029
3167,2268
3168,3620
3169,1925
3170,3621
3171,3581
3172,2119
3173,2175
3174,2693
3175,3520
3176,2274
3177,2769
3178,1995
3179,2081
3180,3637
3181,2978
3182,2492
3183,2184
3184,2056
3185,2579
3186,2414
3187,2378
3188,2634
3189,2472
3190,3079
3191,2609
3192,2308
3193,1867
3194,3235
3195,2897
3196,2184
3197,1883
3198,2140
3199,2916
3200,85373
3201,8975
3202,3771
3203,3223
3204,3433
3205,4680
3206,2927
3207,3304
3208,3310
3209,2680
3210,6583
3211,5188
3212,3715
3213,3230
3214,2996
3215,3435
3216,3371
3217,2674
3218,2652
3219,2616
3220,6091
3221,3857
3222,4017
3223,3321
3224,3232
3225,3870
3226,3115
3227,2553
3228,2556
3229,2732
3230,4439
3231,3271
3232,4257
3233,5506
3234,2682
3235,4644
3236,2385
3237,2400
3238,2144
3239,2479
3240,4997
3241,2603
3242,2560
3243,2694
3244,2397
3245,3125
3246,2689
3247,2329
3248,1978
3249,2077
3250,9418
3251,2849
3252,2671
3253,2261
3254,2264
3255,3418
3256,2261
3257,2203
3258,2249
3259,2112
3260,3777
3261,2998
3262,2229
3263,2249
3264,3877
3265,2494
3266,2327
3267,2260
3268,2142
3269,2227
3270,4905
3271,2099
3272,2176
3273,1839
3274,2087
3275,2702
3276,2202
3277,2159
3278,2165
3279,2051
3280,4097
3281,2288
3282,2885
3283,1906
3284,1895
3285,2522
3286,3141
3287,2081
3288,2419
3289,1988
3290,3082
3291,1973
3292,1990
3293,2073
3294,1933
3295,2618
3296,1798
3297,1937
3298,1797
3299,3423
3300,41827
3301,8370
3302,3770
3303,5594
3304,3761
3305,3994
3306,6081
3307,3343
3308,2731
3309,3162
3310,12734
3311,4987
3312,3079
3313,3726
3314,2746
3315,3774
3316,2652
3317,2500
3318,2632
3319,2343
3320,4839
3321,3272
3322,4488
3323,2768
3324,3099
3325,3909
3326,2527
3327,2423
3328,2508
3329,2153
3330,6613
3331,3439
3332,2922
3333,17200
3334,3383
3335,3354
3336,2636
3337,3323
3338,2481
3339,3132
3340,4379
3341,2615
3342,2694
3343,2949
3344,3430
3345,3086
3346,2466
3347,2181
3348,2239
3349,2057
3350,8972
3351,2671
3352,2297
3353,2704
3354,3294
3355,3865
3356,2185
3357,2110
3358,1984
3359,2186
3360,4658
3361,2353
3362,2992
3363,2153
3364,2182
3365,2605
3366,3299
3367,1933
3368,2396
3369,2149
3370,3579
3371,2738
3372,2276
3373,2278
3374,1755
3375,3424
3376,2205
3377,2802
3378,2332
3379,2252
3380,3711
3381,2188
3382,2213
3383,2079
3384,1972
3385,2202
3386,4875
3387,1787
3388,2668
3389,17572
3390,19242
3391,2140
3392,1941
3393,2906
3394,1827
3395,2267
3396,2054
3397,2434
3398,1700
3399,3471
3400,34811
3401,5850
3402,4943
3403,2839
3404,3084
3405,3875
3406,3723
3407,3492
3408,2577
3409,2456
3410,4487
3411,3788
3412,3280
3413,2393
3414,2487
3415,2974
3416,2252
3417,2436
3418,2039
3419,1975
3420,4496
3421,2798
3422,2729
3423,2247
3424,2374
3425,2874
3426,2220
3427,2162
3428,1915
3429,2033
3430,3452
3431,2838
3432,2187
3433,2394
3434,3510
3435,3463
3436,2145
3437,1981
3438,1906
3439,2186
3440,5314
3441,2298
3442,2372
3443,2448
3444,3481
3445,2741
3446,2053
3447,2140
3448,2402
3449,2190
3450,7637
3451,2400
3452,2285
3453,2060
3454,2845
3455,2602
3456,5692
3457,2555
3458,2105
3459,1922
3460,3043
3461,2235
3462,1794
3463,2205
3464,2101
3465,2123
3466,2227
3467,1892
3468,2321
3469,1927
3470,3677
3471,2073
3472,1965
3473,1911
3474,2490
3475,3049
3476,2228
3477,1960
3478,2226
3479,1831
3480,3421
3481,2105
3482,1748
3483,1838
3484,1854
3485,1988
3486,1821
3487,1628
3488,2181
3489,1591
3490,2959
3491,1829
3492,1836
3493,1749
3494,1753
3495,2909
3496,1671
3497,1648
3498,1765
3499,2940
3500,144342
3501,6724
3502,3045
3503,2553
3504,2820
3505,3626
3506,2740
3507,2428
3508,2914
3509,2704
3510,4944
3511,3256
3512,2844
3513,2023
3514,2529
3515,2972
3516,2504
3517,2121
3518,1960
3519,2050
3520,6797
3521,3552
3522,2402
3523,2147
3524,2335
3525,3112
3526,1992
3527,2283
3528,2582
3529,1970
3530,3431
3531,2356
3532,1987
3533,2122
3534,1859
3535,4954
3536,2605
3537,2255
3538,1925
3539,2002
3540,4509
3541,2385
3542,2426
3543,2179
3544,2166
3545,2653
3546,1801
3547,1873
3548,1991
3549,1808
3550,7999
3551,2658
3552,2240
3553,6195
3554,1902
3555,4107
3556,1953
3557,1839
3558,1871
3559,2022
3560,4199
3561,2017
3562,1799
3563,1825
3564,1830
3565,2495
3566,1827
3567,2165
3568,1979
3569,1623
3570,3646
3571,2096
3572,1737
3573,1872
3574,1577
3575,2668
3576,1859
3577,1883
3578,1664
3579,1845
3580,3290
3581,1927
3582,3282
3583,2815
3584,2642
3585,2341
3586,1927
3587,1536
3588,2301
3589,1779
3590,4143
3591,1982
3592,2197
3593,1578
3594,1562
3595,2240
3596,1602
3597,1969
3598,1611
3599,2382
3600,61477
3601,5163
3602,3070
3603,2594
3604,3018
3605,2818
3606,2409
3607,2021
3608,2148
3609,2045
3610,4168
3611,2866
3612,2345
3613,2076
3614,2014
3615,2892
3616,2223
3617,1956
3618,1828
3619,1922
3620,3845
3621,2633
3622,2374
3623,1948
3624,2436
3625,2691
3626,2530
3627,2433
3628,1911
3629,1919
3630,4277
3631,2349
3632,2185
3633,2784
3634,1765
3635,2353
3636,4021
3637,2195
3638,2203
3639,2101
3640,3574
3641,2333
3642,2094
3643,1813
3644,1792
3645,1913
3646,2088
3647,2271
3648,2284
3649,1682
3650,8746
3651,2276
3652,1699
3653,1811
3654,1716
3655,2573
3656,1788
3657,1705
3658,2009
3659,1729
3660,3572
3661,2130
3662,1724
3663,3522
3664,2054
3665,2194
3666,2325
3667,2341
3668,2083
3669,1692
3670,2747
3671,1871
3672,1845
3673,1826
3674,1707
3675,2294
3676,2271
3677,1944
3678,1861
3679,1546
3680,3173
3681,1682
3682,1568
3683,1660
3684,1837
3685,1857
3686,1842
3687,1786
3688,1832
3689,1606
3690,2735
3691,1739
3692,1610
3693,1482
3694,1290
3695,2107
3696,1897
3697,1696
3698,1570
3699,2250
3700,29599
3701,4950
3702,2629
3703,2348
3704,2500
3705,2706
3706,2136
3707,2273
3708,2182
3709,1996
3710,3810
3711,3458
3712,2234
3713,2269
3714,2112
3715,2461
3716,2059
3717,2457
3718,2156
3719,2652
3720,3967
3721,2430
3722,2205
3723,1903
3724,2265
3725,2501
3726,1804
3727,2555
3728,2140
3729,2763
3730,5441
3731,2567
3732,2173
3733,3693
3734,1857
3735,2077
3736,1797
3737,3711
3738,2055
3739,1965
3740,2907
3741,1947
3742,3059
3743,3309
3744,2408
3745,3519
3746,1983
3747,1888
3748,2555
3749,1747
3750,10360
3751,2149
3752,2047
3753,1724
3754,1582
3755,3617
3756,1820
3757,1770
3758,2523
3759,1525
3760,3053
3761,1974
3762,1810
3763,1587
3764,1745
3765,1918
3766,1768
3767,1750
3768,1507
3769,1487
3770,4153
3771,1947
3772,1752
3773,2222
3774,1975
3775,2716
3776,2169
3777,3188
3778,1801
3779,1648
3780,2775
3781,1673
3782,2284
3783,1555
3784,1832
3785,1871
3786,2047
3787,1734
3788,1867
3789,1611
3790,2606
3791,2665
3792,1571
3793,1627
3794,1356
3795,1949
3796,1508
3797,2079
3798,1390
3799,2172
3800,35953
3801,5180
3802,2538
3803,2536
3804,1949
3805,2684
3806,2042
3807,1805
3808,2880
3809,2306
3810,3717
3811,2709
3812,2249
3813,1995
3814,1957
3815,2227
3816,2025
3817,1900
3818,1965
3819,1701
3820,4141
3821,2356
3822,2073
3823,2064
3824,2280
3825,2635
3826,1755
3827,1725
3828,1875
3829,1804
3830,3504
3831,2261
3832,1902
3833,2673
3834,2188
3835,2719
3836,1573
3837,2003
3838,3348
3839,2028
3840,16395
3841,2260
3842,2273
3843,1642
3844,2719
3845,2332
3846,1703
3847,2076
3848,2001
3849,1809
3850,7018
3851,1954
3852,1714
3853,1619
3854,1555
3855,2658
3856,1529
3857,2121
3858,1750
3859,2127
3860,3000
3861,2245
3862,1736
3863,1684
3864,1943
3865,2222
3866,1717
3867,1827
3868,1750
3869,1515
3870,4264
3871,1717
3872,2138
3873,1527
3874,1370
3875,2050
3876,1606
3877,1592
3878,1725
3879,1436
3880,3830
3881,1698
3882,1359
3883,1945
3884,1467
3885,1975
3886,1886
3887,1645
3888,4136
3889,1532
3890,2368
3891,1574
3892,2400
3893,1607
3894,1550
3895,1678
3896,1490
3897,1756
3898,1495
3899,2026
3900,22013
3901,4040
3902,2372
3903,2542
3904,2276
3905,2273
3906,2220
3907,2005
3908,1882
3909,2237
3910,2822
3911,2567
3912,2151
3913,1928
3914,1752
3915,2279
3916,1729
3917,1825
3918,1583
3919,1900
3920,3128
3921,2248
3922,2265
3923,1847
3924,1774
3925,2278
3926,1950
3927,1486
3928,2014
3929,1672
3930,2804
3931,1999
3932,1693
3933,2097
3934,4396
3935,1786
3936,1597
3937,2456
3938,1506
3939,3559
3940,3651
3941,1765
3942,1609
3943,1734
3944,1888
3945,3551
3946,1431
3947,1715
3948,1459
3949,1744
3950,4628
3951,1697
3952,1543
3953,1455
3954,1642
3955,1968
3956,1670
3957,1371
3958,1395
3959,2647
3960,2983
3961,1446
3962,2126
3963,1534
3964,1545
3965,1717
3966,1733
3967,1407
3968,1628
3969,2184
3970,3078
3971,2015
3972,1374
3973,1334
3974,1642
3975,1968
3976,1440
3977,1610
3978,1701
3979,1628
3980,2305
3981,1744
3982,1465
3983,1398
3984,1483
3985,1712
3986,2014
3987,1843
3988,1792
3989,1535
3990,2738
3991,1761
3992,1648
3993,1857
3994,1674
3995,2668
3996,1825
3997,1759
3998,1909
3999,5236
4000,336764
4001,9974
4002,4686
4003,4184
4004,7105
4005,5002
4006,3902
4007,3501
4008,3415
4009,3140
4010,6630
4011,4489
4012,3532
4013,3265
4014,4083
4015,3266
4016,2810
4017,3297
4018,2674
4019,2230
4020,6774
4021,3003
4022,2622
4023,2269
4024,2509
4025,3110
4026,2230
4027,2121
4028,2102
4029,2007
4030,4343
4031,2985
4032,2955
4033,21211
4034,2165
4035,2414
4036,1823
4037,1980
4038,2452
4039,2387
4040,7485
4041,3152
4042,2336
4043,2531
4044,2536
4045,2627
4046,2244
4047,2265
4048,2060
4049,3950
4050,7800
4051,3379
4052,2268
4053,2320
4054,1948
4055,2498
4056,2120
4057,1855
4058,1699
4059,1863
4060,4685
4061,2626
4062,2271
4063,1651
4064,2822
4065,2399
4066,2339
4067,2598
4068,1866
4069,2160
4070,4403
4071,1884
4072,2492
4073,1696
4074,1947
4075,2421
4076,1781
4077,2351
4078,1784
4079,1533
4080,6446
4081,2249
4082,1674
4083,1647
4084,1563
4085,1981
4086,1582
4087,1604
4088,2440
4089,1426
4090,6252
4091,1991
4092,1714
4093,1738
4094,1883
4095,3457
4096,27347
4097,1908
4098,1620
4099,2139
4100,24756
4101,6382
4102,4000
4103,6515
4104,3504
4105,3052
4106,2392
4107,2201
4108,2577
4109,2341
4110,4228
4111,5214
4112,3039
4113,2314
4114,2608
4115,2833
4116,2509
4117,1992
4118,2098
4119,1810
4120,4326
4121,3074
4122,2951
4123,2738
4124,1950
4125,3150
4126,1884
4127,1848
4128,2857
4129,1908
4130,8503
4131,2429
4132,1822
4133,2094
4134,1699
4135,9370
4136,1785
4137,1942
4138,1569
4139,1554
4140,6611
4141,4716
4142,2445
4143,2218
4144,2163
4145,2130
4146,1565
4147,1789
4148,1553
4149,1696
4150,6149
4151,2827
4152,1947
4153,1856
4154,1555
4155,2850
4156,1663
4157,1903
4158,1623
4159,2299
4160,4302
4161,3486
4162,1604
4163,1786
4164,1592
4165,2023
4166,1974
4167,2056
4168,1527
4169,1698
4170,2632
4171,2158
4172,3028
4173,1759
4174,1484
4175,2060
4176,1514
4177,1631
4178,1550
4179,1653
4180,2925
4181,2059
4182,1549
4183,1609
4184,1665
4185,1636
4186,1448
4187,1633
4188,1608
4189,1347
4190,2132
4191,1786
4192,1443
4193,1409
4194,1489
4195,1684
4196,1391
4197,1442
4198,1505
4199,1854
4200,37332
4201,4228
4202,3624
4203,2501
4204,2287
4205,2621
4206,1834
4207,2214
4208,2450
4209,2157
4210,4627
4211,3158
4212,3350
4213,2372
4214,2574
4215,2930
4216,2020
4217,3844
4218,2078
4219,1763
4220,4090
4221,2983
4222,3316
4223,1958
4224,2530
4225,2966
4226,2142
4227,3112
4228,2309
4229,1897
4230,3164
4231,3241
4232,2187
4233,2020
4234,1599
4235,1871
4236,8171
4237,1654
4238,1512
4239,1586
4240,3437
4241,2199
4242,4007
4243,2200
4244,2788
4245,2231
4246,1604
4247,2187
4248,1759
4249,1452
4250,6332
4251,1985
4252,1849
4253,1903
4254,1825
4255,2304
4256,1597
4257,1660
4258,1532
4259,1373
4260,2759
4261,1747
4262,1696
4263,1788
4264,1533
4265,1778
4266,1900
4267,1574
4268,1516
4269,2041
4270,2275
4271,5425
4272,1885
4273,1361
4274,1722
4275,1999
4276,1772
4277,1876
4278,1670
4279,1577
4280,2657
4281,1638
4282,1637
4283,1443
4284,1417
4285,2130
4286,1517
4287,1852
4288,1865
4289,1373
4290,2154
4291,1553
4292,1712
4293,1379
4294,1482
4295,1921
4296,1497
4297,1542
4298,1402
4299,1911
4300,24055
4301,5109
4302,2820
4303,2557
4304,1988
4305,2774
4306,2089
4307,2077
4308,2032
4309,1784
4310,4219
4311,3070
4312,2491
4313,1933
4314,2018
4315,2452
4316,1564
4317,1781
4318,1665
4319,2281
4320,5372
4321,5449
4322,2472
4323,1840
4324,2629
4325,2549
4326,2903
4327,1713
4328,1867
4329,1563
4330,4024
4331,2911
4332,2416
4333,3352
4334,2149
4335,2264
4336,1808
4337,1730
4338,1910
4339,1416
4340,4578
4341,1888
4342,1574
4343,3360
4344,2202
4345,2230
4346,1531
4347,1847
4348,1612
4349,1754
4350,6514
4351,1963
4352,1880
4353,1905
4354,1487
4355,2089
4356,2110
4357,6198
4358,1566
4359,1388
4360,2904
4361,1782
4362,1938
4363,1616
4364,1512
4365,1716
4366,1457
4367,1362
4368,2936
4369,1388
4370,2659
4371,1601
4372,1559
4373,1569
4374,1281
4375,2742
4376,1415
4377,1787
4378,1255
4379,1284
4380,2510
4381,1555
4382,1338
4383,1324
4384,1600
4385,1519
4386,1483
4387,1174
4388,1989
4389,1525
4390,1855
4391,1739
4392,1348
4393,1302
4394,1241
4395,1627
4396,1284
4397,1351
4398,1387
4399,2219
4400,29830
4401,5150
4402,2518
4403,2210
4404,3031
4405,2235
4406,2229
4407,1759
4408,2030
4409,1842
4410,3549
4411,3802
4412,2906
4413,1762
4414,2070
4415,2094
4416,1990
4417,1721
4418,1655
4419,2701
4420,3294
4421,2482
4422,3373
4423,2736
4424,1907
4425,2348
4426,1574
4427,1577
4428,1677
4429,1805
4430,3218
4431,2022
4432,1957
4433,2547
4434,1748
4435,2625
4436,1516
4437,1872
4438,1917
4439,1469
4440,3584
4441,2751
4442,1994
4443,2220
4444,12203
4445,2721
4446,1902
4447,2133
4448,2101
4449,2494
4450,3858
4451,1881
4452,1808
4453,2151
4454,1589
4455,3670
4456,1484
4457,1675
4458,1478
4459,1230
4460,3101
4461,1702
4462,1676
4463,1518
4464,1740
4465,1901
4466,2092
4467,1538
4468,1354
4469,1553
4470,2711
4471,1862
4472,2063
4473,4498
4474,1816
4475,1863
4476,1438
4477,2184
4478,1525
4479,1265
4480,2558
4481,1554
4482,1521
4483,1564
4484,1848
4485,2139
4486,1488
4487,1467
4488,2609
4489,1469
4490,2449
4491,1786
4492,1324
4493,1428
4494,1395
4495,1862
4496,1390
4497,1309
4498,1303
4499,2504
4500,80774
4501,4150
4502,2728
4503,3154
4504,2148
4505,3130
4506,3614
4507,1930
4508,2194
4509,1844
4510,4052
4511,3173
4512,2210
4513,2054
4514,1738
4515,2366
4516,1722
4517,1442
4518,1598
4519,1585
4520,4285
4521,2128
4522,2321
4523,1598
4524,1646
4525,2439
4526,1531
4527,1574
4528,1513
4529,1918
4530,3048
4531,1627
4532,1691
4533,1731
4534,1408
4535,1813
4536,1561
4537,1598
4538,1483
4539,1515
4540,2306
4541,1776
4542,1448
4543,1558
4544,1737
4545,4671
4546,2165
4547,1798
4548,1829
4549,1553
4550,5052
4551,2246
4552,1637
4553,1510
4554,1909
4555,2881
4556,1762
4557,1889
4558,1778
4559,1570
4560,2806
4561,1457
4562,2430
4563,1469
4564,1635
4565,1922
4566,1872
4567,4218
4568,1482
4569,1725
4570,2657
4571,1838
4572,1529
4573,1572
4574,1291
4575,2052
4576,1352
4577,1786
4578,1237
4579,1412
4580,2085
4581,1520
4582,1471
4583,1456
4584,1233
4585,1541
4586,1363
4587,1458
4588,1348
4589,1185
4590,2884
4591,1247
4592,1663
4593,1296
4594,1244
4595,1511
4596,1240
4597,1178
4598,1511
4599,1700
4600,24559
4601,3340
4602,2086
4603,1746
4604,1587
4605,2110
4606,2052
4607,1583
4608,2239
4609,1689
4610,3126
4611,2014
4612,1663
4613,1788
4614,2118
4615,2040
4616,1689
4617,1724
4618,1534
4619,1420
4620,2879
4621,1749
4622,2094
4623,1637
4624,1830
4625,2558
4626,1984
4627,1725
4628,1634
4629,1302
4630,3027
4631,1689
4632,1806
4633,1685
4634,1627
4635,1913
4636,4704
4637,1650
4638,1513
4639,1545
4640,2518
4641,1589
4642,1652
4643,1389
4644,1512
4645,1877
4646,2915
4647,2153
4648,1817
4649,1557
4650,5002
4651,1840
4652,1600
4653,2188
4654,1490
4655,2146
4656,1657
4657,1201
4658,1845
4659,1259
4660,2569
4661,1734
4662,1664
4663,2067
4664,1636
4665,1680
4666,1942
4667,1705
4668,1553
4669,1445
4670,3735
4671,1447
4672,1345
4673,3607
4674,1277
4675,1584
4676,1421
4677,1518
4678,1471
4679,1263
4680,3682
4681,1585
4682,1372
4683,1279
4684,1621
4685,1609
4686,1551
4687,1350
4688,1574
4689,1324
4690,2478
4691,1332
4692,1277
4693,1094
4694,1357
4695,1476
4696,1544
4697,1182
4698,1222
4699,1528
4700,20945
4701,2960
4702,1764
4703,1861
4704,2224
4705,1914
4706,1473
4707,1809
4708,1628
4709,1674
4710,2936
4711,4387
4712,1778
4713,1663
4714,1551
4715,1976
4716,1347
4717,1604
4718,1441
4719,1376
4720,2994
4721,1707
4722,2123
4723,1909
4724,1624
4725,2284
4726,1537
4727,1753
4728,1550
4729,1687
4730,2835
4731,1843
4732,1610
4733,1644
4734,1424
4735,1532
4736,1608
4737,1458
4738,1285
4739,1350
4740,2641
4741,2018
4742,1449
4743,1369
4744,1521
4745,1523
4746,1404
4747,3342
4748,1506
4749,1364
4750,4920
4751,1889
4752,1598
4753,1363
4754,1633
4755,2302
4756,1279
4757,1729
4758,1549
4759,1519
4760,2339
4761,1387
4762,1348
4763,1231
4764,1152
4765,1593
4766,1714
4767,1361
4768,1158
4769,1577
4770,4199
4771,1697
4772,1504
4773,1565
4774,1639
4775,1773
4776,1543
4777,2617
4778,1283
4779,1288
4780,1913
4781,1579
4782,1321
4783,1374
4784,1271
4785,1241
4786,1144
4787,1464
4788,1377
4789,1279
4790,2597
4791,1428
4792,1139
4793,1175
4794,972
4795,1309
4796,1089
4797,1865
4798,1126
4799,1703
4800,35331
4801,3706
4802,2025
4803,1760
4804,1729
4805,2119
4806,1559
4807,1498
4808,1576
4809,10941
4810,4340
4811,2384
4812,1635
4813,1360
4814,1651
4815,1636
4816,1736
4817,1420
4818,1556
4819,2654
4820,2542
4821,1572
4822,2009
4823,1403
4824,1420
4825,2128
4826,1221
4827,1676
4828,1478
4829,1209
4830,2583
4831,1814
4832,1429
4833,1772
4834,1170
4835,1950
4836,1374
4837,1194
4838,1392
4839,1159
4840,2277
4841,1807
4842,1445
4843,1294
4844,1651
4845,1514
4846,1239
4847,1388
4848,3042
4849,2067
4850,6380
4851,1776
4852,1864
4853,1319
4854,1231
4855,1488
4856,1733
4857,1285
4858,1347
4859,1165
4860,2533
4861,1636
4862,1252
4863,1162
4864,1368
4865,1324
4866,1221
4867,1412
4868,3312
4869,1392
4870,5790
4871,1354
4872,1785
4873,1078
4874,1173
4875,2001
4876,1468
4877,1461
4878,1758
4879,1106
4880,2550
4881,1321
4882,1206
4883,1248
4884,1662
4885,1456
4886,1282
4887,1343
4888,2294
4889,1775
4890,2805
4891,1113
4892,1126
4893,1146
4894,1220
4895,1793
4896,1218
4897,1142
4898,1285
4899,1740
4900,14783
4901,3398
4902,1681
4903,1723
4904,1404
4905,1916
4906,1411
4907,1367
4908,1298
4909,1876
4910,3124
4911,2484
4912,1586
4913,1435
4914,1481
4915,1926
4916,1381
4917,1236
4918,1188
4919,1399
4920,2616
4921,1941
4922,1624
4923,1454
4924,1421
4925,1930
4926,1688
4927,1236
4928,1439
4929,1622
4930,2237
4931,1517
4932,1568
4933,1612
4934,1279
4935,1353
4936,1364
4937,1275
4938,1267
4939,1724
4940,2253
4941,1644
4942,1321
4943,1259
4944,2002
4945,2190
4946,1223
4947,1430
4948,1778
4949,2705
4950,4339
4951,1591
4952,1386
4953,1359
4954,1260
4955,1599
4956,1311
4957,1220
4958,1357
4959,1474
4960,2149
4961,1448
4962,1466
4963,1245
4964,1116
4965,1592
4966,1325
4967,1281
4968,1284
4969,1257
4970,1968
4971,1242
4972,1306
4973,1065
4974,1296
4975,2911
4976,1169
4977,1426
4978,1176
4979,1162
4980,2239
4981,1119
4982,1106
4983,1211
4984,1339
4985,1232
4986,1318
4987,1039
4988,1239
4989,1297
4990,2629
4991,1476
4992,1357
4993,1228
4994,1436
4995,2275
4996,1276
4997,1433
4998,1534
4999,5699
5000,544148
5001,10129
5002,4749
5003,3501
5004,3437
5005,5826
5006,2885
5007,3208
5008,5401
5009,2687
5010,7706
5011,3307
5012,2375
5013,2399
5014,2178
5015,3542
5016,2185
5017,1966
5018,2392
5019,1921
5020,5375
5021,2349
5022,2260
5023,1854
5024,1797
5025,2511
5026,1690
5027,1578
5028,1422
5029,1558
5030,4107
5031,1930
5032,1911
5033,2052
5034,1878
5035,1981
5036,1849
5037,1569
5038,1478
5039,1748
5040,4636
5041,1665
5042,1546
5043,1728
5044,1685
5045,2168
5046,1612
5047,1551
5048,1500
5049,1461
5050,12911
5051,2512
5052,3908
5053,1804
5054,1845
5055,3405
5056,1690
5057,1501
5058,1356
5059,1822
5060,5698
5061,2700
5062,1593
5063,1463
5064,1619
5065,2266
5066,1918
5067,1911
5068,1415
5069,1559
5070,3452
5071,1408
5072,1405
5073,1503
5074,1421
5075,1985
5076,1288
5077,1296
5078,1219
5079,1316
5080,3260
5081,1535
5082,1408
5083,2895
5084,1314
5085,1910
5086,1533
5087,1223
5088,1848
5089,1401
5090,2825
5091,1364
5092,1300
5093,1265
5094,1312
5095,1537
5096,1346
5097,1183
5098,1170
5099,1513
5100,24362
5101,4759
5102,3070
5103,2559
5104,2205
5105,11896
5106,1836
5107,1995
5108,2056
5109,1686
5110,4826
5111,4130
5112,2267
5113,1802
5114,3108
5115,2690
5116,1923
5117,1798
5118,1732
5119,1959
5120,5494
5121,2722
5122,2344
5123,2148
5124,1540
5125,2438
5126,1793
5127,1504
5128,1685
5129,1375
5130,3354
5131,2367
5132,1510
5133,1677
5134,1633
5135,1723
5136,1378
5137,1577
5138,1294
5139,1318
5140,3087
5141,1872
5142,1360
5143,1323
5144,1544
5145,1791
5146,1581
5147,1295
5148,1469
5149,1432
5150,12223
5151,3948
5152,2155
5153,1999
5154,1518
5155,2167
5156,1421
5157,1405
5158,1421
5159,1441
5160,4589
5161,1970
5162,1490
5163,1344
5164,1517
5165,1585
5166,1446
5167,2095
5168,1341
5169,1290
5170,2467
5171,1789
5172,1747
5173,1297
5174,1266
5175,1788
5176,1389
5177,1334
5178,1152
5179,1107
5180,2159
5181,1414
5182,1432
5183,1232
5184,1481
5185,1531
5186,1172
5187,1125
5188,1476
5189,1130
5190,2176
5191,1912
5192,1233
5193,1454
5194,11257
5195,1678
5196,1450
5197,1236
5198,1349
5199,1777
5200,35674
5201,3721
5202,2139
5203,1910
5204,2121
5205,2346
5206,1684
5207,1868
5208,1805
5209,1410
5210,3848
5211,2634
5212,2065
5213,1555
5214,1585
5215,1905
5216,1748
5217,3182
5218,1752
5219,1460
5220,4251
5221,2517
5222,3303
5223,2226
5224,1667
5225,3038
5226,1628
5227,1850
5228,1590
5229,1393
5230,3749
5231,1731
5232,1709
5233,2455
5234,1471
5235,2222
5236,1409
5237,1584
5238,1335
5239,1331
5240,2485
5241,1670
5242,1552
5243,1385
5244,1463
5245,1823
5246,1437
5247,1432
5248,1299
5249,1268
5250,7270
5251,2087
5252,3135
5253,1989
5254,1705
5255,2712
5256,1503
5257,1447
5258,1433
5259,1239
5260,2246
5261,1603
5262,1561
5263,1578
5264,1138
5265,1204
5266,1919
5267,1423
5268,1198
5269,1269
5270,2308
5271,1597
5272,1405
5273,1576
5274,1283
5275,1634
5276,1191
5277,1532
5278,1235
5279,1218
5280,6995
5281,4046
5282,1320
5283,1655
5284,1117
5285,1662
5286,1119
5287,1282
5288,1447
5289,1240
5290,1942
5291,1324
5292,1447
5293,1117
5294,1060
5295,1260
5296,1476
5297,1308
5298,1014
5299,1612
5300,21392
5301,3915
5302,1884
5303,2090
5304,1947
5305,2170
5306,1729
5307,1921
5308,1479
5309,2660
5310,4579
5311,2558
5312,1998
5313,1647
5314,1502
5315,2176
5316,1671
5317,1496
5318,1401
5319,1288
5320,3536
5321,2141
5322,2302
5323,1902
5324,1888
5325,1928
5326,1554
5327,1645
5328,1441
5329,1637
5330,2843
5331,1897
5332,1443
5333,2864
5334,1770
5335,2211
5336,1435
5337,1511
5338,1280
5339,1437
5340,2404
5341,1488
5342,1238
5343,1862
5344,1505
5345,1714
5346,1322
5347,1815
5348,1391
5349,1338
5350,3461
5351,1534
5352,1335
5353,2642
5354,1665
5355,1959
5356,1902
5357,1453
5358,1245
5359,1367
5360,2108
5361,1351
5362,1268
5363,1528
5364,1438
5365,1333
5366,1289
5367,1267
5368,1245
5369,1145
5370,2135
5371,1272
5372,1088
5373,1614
5374,1148
5375,1541
5376,1449
5377,1624
5378,1195
5379,1235
5380,2136
5381,1611
5382,1124
5383,1361
5384,1147
5385,1246
5386,1141
5387,1317
5388,1260
5389,1141
5390,1504
5391,1181
5392,1067
5393,1083
5394,963
5395,1487
5396,1427
5397,1063
5398,1034
5399,1337
5400,26199
5401,4057
5402,2340
5403,1961
5404,1696
5405,2537
5406,2099
5407,1527
5408,1489
5409,1290
5410,2683
5411,2690
5412,1831
5413,1371
5414,1640
5415,2236
5416,1694
5417,1147
5418,1359
5419,1260
5420,3170
5421,1686
5422,1937
5423,1589
5424,1813
5425,2045
5426,1157
5427,1304
5428,1673
5429,1199
5430,2590
5431,1464
5432,2994
5433,2484
5434,1303
5435,1591
5436,1255
5437,2296
5438,1326
5439,1485
5440,2778
5441,1793
5442,1662
5443,1843
5444,2377
5445,1987
5446,1631
5447,1402
5448,1522
5449,1440
5450,4323
5451,1388
5452,1425
5453,1740
5454,2932
5455,2222
5456,1622
5457,1188
5458,1352
5459,1327
5460,2191
5461,2371
5462,1185
5463,1563
5464,1442
5465,1945
5466,1419
5467,1246
5468,1222
5469,1178
5470,2395
5471,2391
5472,4262
5473,1025
5474,1311
5475,1507
5476,1438
5477,1297
5478,1345
5479,1312
5480,2430
5481,1532
5482,1313
5483,1342
5484,1041
5485,1234
5486,1053
5487,1085
5488,1395
5489,1094
5490,2036
5491,1984
5492,1065
5493,1070
5494,1300
5495,1808
5496,1054
5497,984
5498,2001
5499,1674
5500,58371
5501,3739
5502,2014
5503,1791
5504,1634
5505,3692
5506,2190
5507,1498
5508,2005
5509,1858
5510,4636
5511,3326
5512,2654
5513,2517
5514,1630
5515,2538
5516,1685
5517,2060
5518,1713
5519,1530
5520,4314
5521,2065
5522,2299
5523,1520
5524,1914
5525,3071
5526,1482
5527,1606
5528,1342
5529,1370
5530,3865
5531,1729
5532,1811
5533,2215
5534,1547
5535,1941
5536,1706
5537,1651
5538,1359
5539,1954
5540,2811
5541,1520
5542,1375
5543,1341
5544,2219
5545,2168
5546,1457
5547,1546
5548,1497
5549,1079
5550,5146
5551,2312
5552,1766
5553,1606
5554,1761
5555,14186
5556,2085
5557,1871
5558,1854
5559,1804
5560,2416
5561,1611
5562,1236
5563,1322
5564,1377
5565,2014
5566,2283
5567,1461
5568,1486
5569,1021
5570,3115
5571,1595
5572,1280
5573,1164
5574,1149
5575,2072
5576,1186
5577,2015
5578,1213
5579,1139
5580,2376
5581,1296
5582,1343
5583,1315
5584,1344
5585,1706
5586,1079
5587,1212
5588,2031
5589,1014
5590,2239
5591,1206
5592,1170
5593,1257
5594,1050
5595,1431
5596,1250
5597,1150
5598,1054
5599,1595
5600,25786
5601,3343
5602,1883
5603,1668
5604,1456
5605,1745
5606,1782
5607,1512
5608,1436
5609,1523
5610,3123
5611,2107
5612,1635
5613,1321
5614,1292
5615,1529
5616,1701
5617,1187
5618,1188
5619,1297
5620,2584
5621,1572
5622,1347
5623,1422
5624,1362
5625,2944
5626,1548
5627,1605
5628,1414
5629,1327
5630,2519
5631,1450
5632,1575
5633,1383
5634,1185
5635,1774
5636,1399
5637,1925
5638,1441
5639,1209
5640,2118
5641,1597
5642,1223
5643,1191
5644,1317
5645,1477
5646,1849
5647,1146
5648,1068
5649,1038
5650,3976
5651,1680
5652,1346
5653,1161
5654,1407
5655,2242
5656,2423
5657,1415
5658,1318
5659,1157
5660,2393
5661,1648
5662,1404
5663,1382
5664,1424
5665,1925
5666,1702
5667,1570
5668,1199
5669,1272
5670,3021
5671,1413
5672,1591
5673,1163
5674,1142
5675,1539
5676,1563
5677,1258
5678,3950
5679,1102
5680,1901
5681,1117
5682,1069
5683,1288
5684,955
5685,1215
5686,1100
5687,1843
5688,1483
5689,1231
5690,1500
5691,1074
5692,1110
5693,1005
5694,1047
5695,1494
5696,1196
5697,927
5698,1064
5699,1489
5700,24412
5701,3798
5702,1646
5703,1823
5704,1341
5705,1684
5706,1397
5707,1543
5708,1521
5709,1304
5710,2328
5711,3302
5712,2059
5713,1663
5714,1403
5715,1624
5716,1177
5717,1570
5718,1311
5719,1708
5720,2424
5721,1724
5722,1710
5723,1411
5724,1286
5725,1922
5726,1136
5727,1840
5728,1523
5729,1101
5730,3597
5731,1323
5732,1309
5733,1731
5734,1375
5735,1670
5736,1228
5737,1411
5738,1211
5739,1363
5740,2295
5741,1657
5742,1345
5743,1168
5744,1569
5745,1463
5746,1102
5747,1412
5748,1364
5749,1228
5750,5161
5751,2091
5752,1281
5753,1912
5754,2179
5755,2101
5756,1152
5757,2354
5758,1430
5759,1356
5760,4460
5761,1494
5762,1453
5763,1502
5764,1511
5765,1847
5766,1604
5767,1647
5768,1992
5769,1637
5770,5006
5771,2077
5772,2666
5773,1789
5774,1877
5775,2631
5776,1981
5777,3413
5778,2142
5779,1746
5780,2743
5781,1872
5782,1793
5783,1086
5784,977
5785,1159
5786,1083
5787,1191
5788,1437
5789,1330
5790,1469
5791,1040
5792,1207
5793,1986
5794,917
5795,1219
5796,918
5797,1026
5798,1193
5799,1181
5800,23034
5801,3023
5802,1516
5803,1476
5804,1293
5805,1724
5806,1377
5807,1363
5808,1551
5809,1149
5810,2451
5811,1960
5812,2592
5813,1245
5814,1188
5815,1610
5816,1251
5817,1205
5818,1144
5819,1360
5820,2392
5821,1391
5822,1692
5823,1296
5824,1089
5825,1759
5826,1128
5827,1116
5828,1609
5829,1220
5830,2452
5831,1188
5832,1357
5833,1521
5834,1123
5835,1178
5836,1031
5837,1201
5838,1208
5839,1479
5840,1933
5841,1548
5842,1066
5843,1113
5844,1058
5845,1581
5846,1284
5847,1226
5848,1244
5849,1234
5850,5042
5851,1545
5852,1417
5853,1128
5854,876
5855,1717
5856,1158
5857,1105
5858,2109
5859,1309
5860,1807
5861,1676
5862,1102
5863,1000
5864,1062
5865,1332
5866,1312
5867,1191
5868,1381
5869,1160
5870,4676
5871,1203
5872,1080
5873,894
5874,1058
5875,1606
5876,1362
5877,1232
5878,896
5879,1055
5880,2204
5881,1551
5882,1020
5883,1038
5884,1062
5885,1569
5886,956
5887,1497
5888,2097
5889,1044
5890,2031
5891,1270
5892,1072
5893,985
5894,877
5895,1501
5896,872
5897,1203
5898,1058
5899,1227
5900,13035
5901,2935
5902,1584
5903,1324
5904,1327
5905,1783
5906,1560
5907,1332
5908,1474
5909,1338
5910,2165
5911,1815
5912,1146
5913,959
5914,1091
5915,1354
5916,1108
5917,1132
5918,961
5919,1166
5920,2111
5921,1330
5922,1289
5923,1531
5924,990
5925,1673
5926,1048
5927,1043
5928,964
5929,1008
5930,3149
5931,1268
5932,1050
5933,1058
5934,883
5935,1445
5936,969
5937,1192
5938,942
5939,1048
5940,2013
5941,1133
5942,1136
5943,1006
5944,1129
5945,1141
5946,1012
5947,1046
5948,918
5949,1058
5950,3672
5951,1153
5952,1090
5953,925
5954,1012
5955,1554
5956,1071
5957,908
5958,1305
5959,2317
5960,2292
5961,1193
5962,1349
5963,1337
5964,956
5965,1679
5966,1254
5967,1146
5968,1131
5969,957
5970,3216
5971,1191
5972,1139
5973,1285
5974,894
5975,1635
5976,1206
5977,1060
5978,1028
5979,1134
5980,1985
5981,963
5982,1020
5983,968
5984,1206
5985,1206
5986,1080
5987,982
5988,1208
5989,1104
5990,2512
5991,1196
5992,1202
5993,1068
5994,973
5995,2022
5996,1057
5997,874
5998,1597
5999,3578
6000,229676
6001,7807
6002,4636
6003,2752
6004,2625
6005,3305
6006,3352
6007,2262
6008,2604
6009,2797
6010,5202
6011,4020
6012,3245
6013,2428
6014,1959
6015,3261
6016,2270
6017,1649
6018,1851
6019,1869
6020,4593
6021,2530
6022,1910
6023,1659
6024,1703
6025,2242
6026,1594
6027,1492
6028,1389
6029,1340
6030,3653
6031,1601
6032,1748
6033,2139
6034,1191
6035,1863
6036,1407
6037,1412
6038,1455
6039,1314
6040,3283
6041,1698
6042,1567
6043,1213
6044,1460
6045,2016
6046,1224
6047,1103
6048,1250
6049,1825
6050,4431
6051,1820
6052,1497
6053,1180
6054,1224
6055,2811
6056,1739
6057,1075
6058,1273
6059,1399
6060,6137
6061,16095
6062,2044
6063,3677
6064,1347
6065,1798
6066,1919
6067,1525
6068,1442
6069,1386
6070,3031
6071,1386
6072,1394
6073,1426
6074,1296
6075,1555
6076,1319
6077,1235
6078,1168
6079,1248
6080,3037
6081,1598
6082,2583
6083,1238
6084,2378
6085,1665
6086,1415
6087,1050
6088,1480
6089,981
6090,2942
6091,1226
6092,1200
6093,1083
6094,1190
6095,1375
6096,1138
6097,995
6098,1084
6099,1469
6100,18676
6101,3941
6102,3002
6103,3504
6104,1819
6105,3317
6106,2662
6107,1799
6108,2019
6109,1978
6110,3959
6111,4240
6112,2046
6113,1513
6114,1844
6115,2395
6116,1798
6117,1627
6118,1709
6119,1763
6120,4381
6121,2213
6122,1628
6123,1969
6124,1362
6125,2225
6126,2083
6127,1320
6128,2113
6129,1334
6130,2672
6131,2579
6132,1515
6133,1771
6134,1082
6135,1410
6136,1323
6137,1075
6138,1285
6139,1536
6140,2414
6141,1698
6142,1284
6143,1380
6144,2244
6145,1406
6146,1285
6147,1270
6148,1290
6149,1008
6150,4750
6151,2364
6152,1437
6153,1246
6154,1415
6155,1771
6156,1449
6157,1384
6158,1035
6159,1184
6160,2565
6161,2549
6162,1920
6163,1443
6164,1495
6165,1424
6166,2180
6167,1340
6168,1307
6169,1210
6170,1816
6171,1399
6172,1168
6173,1154
6174,1296
6175,1303
6176,1143
6177,1319
6178,939
6179,1148
6180,2966
6181,1607
6182,2026
6183,1427
6184,1013
6185,1221
6186,966
6187,980
6188,1083
6189,1315
6190,1743
6191,1163
6192,1006
6193,967
6194,940
6195,1134
6196,1181
6197,929
6198,1030
6199,1457
6200,20740
6201,3750
6202,2254
6203,2271
6204,2056
6205,2634
6206,1820
6207,1953
6208,1679
6209,1555
6210,3938
6211,2503
6212,1905
6213,1795
6214,1393
6215,2083
6216,1447
6217,1470
6218,1353
6219,1211
6220,3148
6221,2977
6222,2730
6223,2122
6224,1628
6225,2085
6226,2063
6227,1586
6228,1295
6229,1544
6230,4005
6231,1706
6232,1845
6233,2116
6234,1691
6235,1986
6236,1427
6237,1604
6238,1677
6239,2147
6240,2569
6241,1732
6242,1765
6243,1165
6244,1369
6245,1654
6246,1271
6247,1395
6248,1344
6249,1216
6250,5969
6251,1861
6252,1813
6253,1414
6254,1528
6255,2097
6256,1252
6257,1197
6258,1344
6259,1152
6260,2215
6261,1851
6262,2692
6263,2270
6264,1864
6265,1878
6266,1507
6267,1153
6268,1334
6269,1502
6270,2014
6271,1613
6272,1545
6273,2414
6274,1172
6275,1737
6276,1165
6277,2162
6278,1483
6279,1120
6280,2515
6281,1332
6282,1394
6283,1184
6284,1189
6285,1703
6286,1039
6287,1100
6288,1542
6289,1243
6290,1629
6291,1345
6292,1170
6293,1087
6294,1070
6295,1402
6296,1145
6297,1127
6298,1090
6299,1461
6300,20780
6301,3570
6302,1759
6303,1983
6304,1762
6305,1925
6306,1534
6307,1428
6308,1342
6309,1756
6310,3066
6311,2132
6312,1493
6313,1403
6314,1171
6315,1716
6316,1388
6317,1293
6318,1172
6319,1189
6320,3035
6321,1871
6322,1740
6323,1762
6324,1400
6325,1728
6326,1371
6327,1382
6328,1286
6329,1232
6330,3303
6331,1849
6332,2112
6333,3060
6334,1460
6335,1406
6336,1756
6337,1552
6338,1444
6339,1283
6340,2167
6341,1387
6342,1199
6343,1331
6344,1411
6345,1401
6346,1283
6347,1369
6348,1541
6349,979
6350,3224
6351,1416
6352,1138
6353,1246
6354,1162
6355,2404
6356,1040
6357,1253
6358,992
6359,1163
6360,2479
6361,1983
6362,1362
6363,3852
6364,1454
6365,1352
6366,1278
6367,1118
6368,1201
6369,1126
6370,1654
6371,1602
6372,1324
6373,1099
6374,1283
6375,1402
6376,1141
6377,1377
6378,1405
6379,1858
6380,1720
6381,1188
6382,1208
6383,1132
6384,1020
6385,1157
6386,1156
6387,994
6388,1324
6389,1022
6390,1602
6391,1112
6392,1026
6393,1142
6394,906
6395,1234
6396,996
6397,2059
6398,1055
6399,1549
6400,29306
6401,2750
6402,2070
6403,1294
6404,1735
6405,2002
6406,1429
6407,1256
6408,1400
6409,1392
6410,2490
6411,2255
6412,1469
6413,1360
6414,1267
6415,1522
6416,1460
6417,1171
6418,1236
6419,1373
6420,2614
6421,1431
6422,1401
6423,1288
6424,1452
6425,2510
6426,1347
6427,1161
6428,1252
6429,984
6430,2068
6431,1411
6432,1544
6433,1411
6434,1545
6435,1484
6436,1088
6437,1343
6438,1353
6439,925
6440,2294
6441,1487
6442,1137
6443,1440
6444,1871
6445,1267
6446,1599
6447,1038
6448,1111
6449,1218
6450,3910
6451,1312
6452,1273
6453,1256
6454,1194
6455,1842
6456,1113
6457,1662
6458,1132
6459,1038
6460,2112
6461,1209
6462,1160
6463,1481
6464,2514
6465,1421
6466,1484
6467,1130
6468,1586
6469,1038
6470,1895
6471,1137
6472,1093
6473,1215
6474,1097
6475,2000
6476,1041
6477,1137
6478,1057
6479,986
6480,1704
6481,1095
6482,1187
6483,1093
6484,1372
6485,1011
6486,871
6487,1031
6488,1669
6489,1331
6490,1776
6491,1049
6492,1398
6493,838
6494,969
6495,1279
6496,1029
6497,1434
6498,1171
6499,1458
6500,49696
6501,3916
6502,9113
6503,1701
6504,1385
6505,2689
6506,1473
6507,1388
6508,1487
6509,1825
6510,3854
6511,3318
6512,2214
6513,1546
6514,1411
6515,2182
6516,1798
6517,1120
6518,1242
6519,1367
6520,3493
6521,1314
6522,1666
6523,1106
6524,1308
6525,2016
6526,1070
6527,1038
6528,995
6529,1221
6530,2165
6531,1436
6532,1465
6533,1351
6534,1263
6535,1485
6536,1318
6537,964
6538,1687
6539,924
6540,1724
6541,1393
6542,1444
6543,1477
6544,1203
6545,1389
6546,1060
6547,929
6548,966
6549,841
6550,4291
6551,1398
6552,1666
6553,1373
6554,1016
6555,2752
6556,1363
6557,1097
6558,957
6559,976
6560,2377
6561,1400
6562,1092
6563,1060
6564,897
6565,2508
6566,1623
6567,1099
6568,1002
6569,1018
6570,2148
6571,1111
6572,1158
6573,894
6574,1018
6575,1326
6576,1099
6577,1200
6578,963
6579,953
6580,1937
6581,1364
6582,1159
6583,1104
6584,1063
6585,1155
6586,843
6587,928
6588,980
6589,913
6590,1220
6591,1042
6592,928
6593,853
6594,804
6595,1193
6596,1182
6597,796
6598,833
6599,1027
6600,26311
6601,2624
6602,1565
6603,1289
6604,1744
6605,1627
6606,1799
6607,1220
6608,1399
6609,1219
6610,2502
6611,3254
6612,1233
6613,1290
6614,1237
6615,1551
6616,1436
6617,1107
6618,1073
6619,976
6620,2276
6621,1820
6622,1862
6623,1051
6624,1195
6625,1473
6626,1164
6627,1118
6628,1054
6629,966
6630,2611
6631,1318
6632,1861
6633,2669
6634,1121
6635,1152
6636,1555
6637,1089
6638,955
6639,1190
6640,1665
6641,1363
6642,1094
6643,1188
6644,1408
6645,1327
6646,1268
6647,944
6648,1034
6649,933
6650,2964
6651,2117
6652,1207
6653,1613
6654,1738
6655,2084
6656,1252
6657,1654
6658,919
6659,1054
6660,2026
6661,1603
6662,2426
6663,1250
6664,1693
6665,1536
6666,6505
6667,3346
6668,1226
6669,1199
6670,3021
6671,1406
6672,1703
6673,1288
6674,1013
6675,1307
6676,1232
6677,1834
6678,1163
6679,1009
6680,2248
6681,1301
6682,1276
6683,1145
6684,1351
6685,1280
6686,1274
6687,1037
6688,2176
6689,983
6690,1432
6691,990
6692,818
6693,891
6694,1646
6695,1214
6696,1238
6697,1148
6698,1601
6699,1891
6700,18206
6701,2825
6702,1495
6703,1076
6704,1273
6705,1435
6706,1190
6707,1501
6708,1512
6709,1101
6710,1865
6711,1430
6712,1418
6713,1231
6714,1105
6715,1322
6716,1234
6717,1103
6718,891
6719,820
6720,2173
6721,1348
6722,1686
6723,1321
6724,1167
6725,1916
6726,1012
6727,1282
6728,1114
6729,1027
6730,1592
6731,1314
6732,1174
6733,1416
6734,1196
6735,1427
6736,8906
6737,1337
6738,1060
6739,847
6740,1704
6741,1374
6742,1200
6743,1057
6744,1095
6745,1103
6746,879
6747,1213
6748,1035
6749,1346
6750,4290
6751,1494
6752,1475
6753,1243
6754,871
6755,1285
6756,918
6757,1217
6758,1605
6759,894
6760,1577
6761,891
6762,1198
6763,1081
6764,853
6765,1279
6766,1293
6767,2087
6768,1332
6769,1073
6770,2791
6771,1077
6772,1162
6773,1362
6774,970
6775,1318
6776,1607
6777,2533
6778,1167
6779,1098
6780,1631
6781,1174
6782,1015
6783,888
6784,1023
6785,1036
6786,1013
6787,1276
6788,1043
6789,3440
6790,1984
6791,1122
6792,870
6793,855
6794,780
6795,1078
6796,894
6797,878
6798,890
6799,1214
6800,25531
6801,2878
6802,1418
6803,2979
6804,1372
6805,1486
6806,1233
6807,1230
6808,1297
6809,2095
6810,2435
6811,1729
6812,1213
6813,931
6814,1025
6815,1238
6816,1003
6817,1083
6818,1127
6819,1112
6820,2249
6821,1072
6822,1657
6823,1312
6824,1436
6825,1627
6826,1056
6827,979
6828,1207
6829,934
6830,2329
6831,1292
6832,1082
6833,1394
6834,1186
6835,1256
6836,1131
6837,880
6838,1037
6839,891
6840,1904
6841,1109
6842,1703
6843,802
6844,1031
6845,1235
6846,1244
6847,1061
6848,1140
6849,867
6850,4187
6851,1886
6852,1227
6853,1113
6854,2027
6855,1201
6856,1015
6857,939
6858,998
6859,820
6860,1529
6861,1041
6862,1006
6863,837
6864,881
6865,1066
6866,1173
6867,916
6868,2345
6869,1048
6870,3661
6871,973
6872,1300
6873,869
6874,955
6875,1973
6876,1083
6877,1441
6878,1137
6879,1117
6880,2697
6881,1321
6882,1426
6883,1058
6884,1062
6885,1149
6886,1168
6887,1046
6888,2482
6889,948
6890,1987
6891,805
6892,997
6893,746
6894,788
6895,940
6896,857
6897,1057
6898,887
6899,1083
6900,13137
6901,2709
6902,1811
6903,1342
6904,1229
6905,1420
6906,1209
6907,957
6908,925
6909,1273
6910,1998
6911,1469
6912,1178
6913,931
6914,966
6915,1125
6916,895
6917,1150
6918,933
6919,972
6920,2600
6921,1115
6922,1872
6923,852
6924,1259
6925,1415
6926,977
6927,869
6928,841
6929,1007
6930,1777
6931,929
6932,967
6933,1190
6934,831
6935,1007
6936,919
6937,1225
6938,845
6939,1100
6940,1752
6941,1197
6942,863
6943,791
6944,1072
6945,1036
6946,1409
6947,1068
6948,893
6949,940
6950,4545
6951,1211
6952,813
6953,789
6954,943
6955,1430
6956,923
6957,872
6958,879
6959,1007
6960,1890
6961,923
6962,1141
6963,1744
6964,979
6965,1031
6966,1364
6967,755
6968,1634
6969,2677
6970,3229
6971,1143
6972,1229
6973,889
6974,871
6975,1275
6976,1312
6977,1096
6978,1394
6979,1046
6980,1628
6981,1173
6982,812
6983,929
6984,838
6985,996
6986,889
6987,760
6988,2178
6989,1151
6990,2314
6991,1043
6992,968
6993,935
6994,799
6995,1510
6996,1217
6997,858
6998,1225
6999,3019
7000,146149
7001,6464
7002,4155
7003,3346
7004,3463
7005,3493
7006,2524
7007,3264
7008,2077
7009,2134
7010,5248
7011,2630
7012,2767
7013,2129
7014,2013
7015,3068
7016,1993
7017,1788
7018,2563
7019,2725
7020,4176
7021,1904
7022,1815
7023,1548
7024,1639
7025,2226
7026,1419
7027,1935
7028,1173
7029,1480
7030,4073
7031,2066
7032,1314
7033,1482
7034,1451
7035,1815
7036,1493
7037,1560
7038,1068
7039,1230
7040,3187
7041,1480
7042,1733
7043,1501
7044,1356
7045,1446
7046,1198
7047,1428
7048,1085
7049,965
7050,4596
7051,1317
7052,1520
7053,1078
7054,1590
7055,1962
7056,1108
7057,1392
7058,1112
7059,1243
7060,2649
7061,1409
7062,1050
7063,1108
7064,1070
7065,1593
7066,1302
7067,1345
7068,1202
7069,1320
7070,4810
7071,2342
7072,1452
7073,1518
7074,1447
7075,8394
7076,1379
7077,2073
7078,1473
7079,1365
7080,3199
7081,1408
7082,1781
7083,1417
7084,946
7085,1419
7086,980
7087,1439
7088,1147
7089,978
7090,2822
7091,1137
7092,1127
7093,1098
7094,1621
7095,1436
7096,1042
7097,1029
7098,774
7099,1413
7100,16573
7101,3040
7102,2772
7103,2094
7104,1594
7105,1907
7106,2933
7107,1581
7108,1375
7109,1418
7110,3459
7111,3712
7112,1716
7113,1263
7114,2248
7115,1567
7116,2332
7117,2052
7118,1273
7119,1316
7120,3666
7121,2084
7122,1984
7123,1736
7124,1067
7125,1871
7126,1501
7127,1087
7128,1141
7129,1311
7130,2442
7131,1545
7132,1297
7133,1287
7134,1411
7135,1917
7136,1234
7137,1265
7138,914
7139,1075
7140,1930
7141,1472
7142,1113
7143,1064
7144,1126
7145,1181
7146,1075
7147,1085
7148,980
7149,859
7150,3997
7151,1357
7152,1199
7153,1176
7154,915
7155,1681
7156,947
7157,908
7158,912
7159,899
7160,2566
7161,1360
7162,880
7163,1323
7164,1288
7165,1182
7166,1189
7167,1228
7168,993
7169,1037
7170,1735
7171,2373
7172,1593
7173,1066
7174,989
7175,1403
7176,1401
7177,1409
7178,971
7179,1026
7180,1812
7181,1399
7182,1070
7183,1372
7184,1074
7185,1286
7186,1032
7187,905
7188,1663
7189,1167
7190,1776
7191,1400
7192,1010
7193,1022
7194,866
7195,1459
7196,923
7197,851
7198,831
7199,1326
7200,30989
7201,3633
7202,2203
7203,2734
7204,1475
7205,2076
7206,1965
7207,1480
7208,1757
7209,1166
7210,3100
7211,2509
7212,1673
7213,1218
7214,1062
7215,1454
7216,1436
7217,1076
7218,1237
7219,1668
7220,2757
7221,1601
7222,2620
7223,2286
7224,3331
7225,2234
7226,1553
7227,1834
7228,1316
7229,1142
7230,2170
7231,1406
7232,1208
7233,3748
7234,1592
7235,1487
7236,1023
7237,1247
7238,1230
7239,1180
7240,2253
7241,1280
7242,1433
7243,1764
7244,1245
7245,1828
7246,1367
7247,1194
7248,1119
7249,957
7250,4460
7251,1647
7252,1302
7253,1394
7254,1101
7255,1380
7256,1593
7257,1233
7258,1609
7259,929
7260,3250
7261,1365
7262,1475
7263,1277
7264,1259
7265,1615
7266,1196
7267,1523
7268,879
7269,1391
7270,1814
7271,1166
7272,2771
7273,1566
7274,1265
7275,2662
7276,1040
7277,1975
7278,1392
7279,875
7280,1999
7281,1178
7282,1200
7283,1233
7284,1142
7285,1321
7286,1009
7287,1350
7288,1335
7289,1356
7290,2338
7291,1187
7292,1231
7293,1075
7294,867
7295,998
7296,929
7297,1190
7298,826
7299,1153
7300,16185
7301,2111
7302,1839
7303,1566
7304,1840
7305,1958
7306,1853
7307,1619
7308,1248
7309,1070
7310,2283
7311,1903
7312,1329
7313,1136
7314,1141
7315,1265
7316,1149
7317,1031
7318,1345
7319,974
7320,2203
7321,1473
7322,1271
7323,1912
7324,1875
7325,1677
7326,2865
7327,995
7328,1409
7329,920
7330,2062
7331,1454
7332,1307
7333,2300
7334,1267
7335,1361
7336,1442
7337,1596
7338,960
7339,975
7340,2012
7341,999
7342,1031
7343,1257
7344,1098
7345,1378
7346,1015
7347,1169
7348,1092
7349,837
7350,2890
7351,1220
7352,1259
7353,1277
7354,1233
7355,1503
7356,1138
7357,913
7358,918
7359,880
7360,2056
7361,1059
7362,874
7363,1042
7364,943
7365,976
7366,1160
7367,1207
7368,1693
7369,888
7370,1846
7371,1095
7372,1222
7373,2321
7374,1228
7375,1605
7376,1064
7377,1591
7378,1889
7379,1082
7380,1882
7381,1123
7382,1294
7383,1140
7384,1187
7385,1096
7386,1510
7387,1652
7388,1281
7389,1025
7390,2260
7391,1191
7392,1012
7393,1180
7394,963
7395,990
7396,868
7397,902
7398,867
7399,1208
7400,14404
7401,2764
7402,2158
7403,1586
7404,2398
7405,2059
7406,1033
7407,1557
7408,1617
7409,1058
7410,2655
7411,3384
7412,1518
7413,1200
7414,1374
7415,1550
7416,1039
7417,1128
7418,940
7419,1054
7420,3272
7421,1495
7422,1541
7423,1112
7424,1664
7425,1756
7426,1274
7427,1130
7428,1106
7429,1123
7430,2229
7431,1261
7432,1672
7433,1953
7434,1390
7435,1470
7436,1257
7437,1078
7438,990
7439,1123
7440,2576
7441,1596
7442,1139
7443,1474
7444,1983
7445,1846
7446,1171
7447,1717
7448,1181
7449,875
7450,3336
7451,1157
7452,1163
7453,1010
7454,1140
7455,1263
7456,1304
7457,1036
7458,1268
7459,949
7460,1570
7461,1027
7462,990
7463,1683
7464,1077
7465,1167
7466,1090
7467,1309
7468,993
7469,2349
7470,2054
7471,1123
7472,1103
7473,1003
7474,1979
7475,1767
7476,1272
7477,1171
7478,1072
7479,898
7480,1951
7481,1136
7482,1192
7483,1061
7484,1185
7485,1061
7486,1313
7487,1073
7488,1153
7489,997
7490,2064
7491,1551
7492,939
7493,1126
7494,1355
7495,1369
7496,956
7497,861
7498,1391
7499,1728
7500,57869
7501,2898
7502,1693
7503,1726
7504,1194
7505,1986
7506,2745
7507,1295
7508,1245
7509,1351
7510,2913
7511,1925
7512,1619
7513,1492
7514,1285
7515,2051
7516,1269
7517,1288
7518,1351
7519,1325
7520,3633
7521,1383
7522,1634
7523,1131
7524,1229
7525,2709
7526,1240
7527,1137
7528,1093
7529,2389
7530,2240
7531,1356
7532,1141
7533,1265
7534,1101
7535,1697
7536,941
7537,1246
7538,1215
7539,1058
7540,1884
7541,1274
7542,1105
7543,1175
7544,1131
7545,1513
7546,1487
7547,1149
7548,1158
7549,1186
7550,3199
7551,1445
7552,1087
7553,1248
7554,2382
7555,2635
7556,1449
7557,1726
7558,1074
7559,1506
7560,1864
7561,1073
7562,1005
7563,988
7564,917
7565,1348
7566,1352
7567,1536
7568,1082
7569,937
7570,1946
7571,891
7572,1121
7573,808
7574,878
7575,2830
7576,1184
7577,1613
7578,956
7579,898
7580,2089
7581,1133
7582,1219
7583,1040
7584,1462
7585,1653
7586,986
7587,1054
7588,1103
7589,1115
7590,2696
7591,1346
7592,1058
7593,1109
7594,1136
7595,1336
7596,802
7597,909
7598,939
7599,1264
7600,16983
7601,3955
7602,1697
7603,1280
7604,1383
7605,1177
7606,1538
7607,1489
7608,1158
7609,1246
7610,4199
7611,1809
7612,1376
7613,1863
7614,984
7615,1158
7616,1201
7617,1006
7618,935
7619,1220
7620,2141
7621,1535
7622,1231
7623,1414
7624,1402
7625,2024
7626,1075
7627,1074
7628,1171
7629,1085
7630,1752
7631,1488
7632,1672
7633,1158
7634,955
7635,1020
7636,1413
7637,1293
7638,1172
7639,1009
7640,1816
7641,1335
7642,1133
7643,1221
7644,1348
7645,2142
7646,1163
7647,1160
7648,944
7649,858
7650,3002
7651,951
7652,1828
7653,1475
7654,1440
7655,1518
7656,1053
7657,969
7658,781
7659,1117
7660,1813
7661,1382
7662,1129
7663,1452
7664,1183
7665,1219
7666,1695
7667,1496
7668,891
7669,1783
7670,1595
7671,1996
7672,846
7673,980
7674,806
7675,1350
7676,2769
7677,1368
7678,1284
7679,1357
7680,2711
7681,1085
7682,808
7683,1010
7684,801
7685,938
7686,961
7687,956
7688,1161
7689,785
7690,1144
7691,931
7692,933
7693,742
7694,774
7695,1637
7696,903
7697,948
7698,690
7699,1194
7700,16010
7701,4999
7702,2468
7703,1856
7704,1611
7705,1431
7706,1163
7707,1420
7708,1211
7709,987
7710,3896
7711,2891
7712,1623
7713,1211
7714,4673
7715,1445
7716,1144
7717,2425
7718,1284
7719,1222
7720,3118
7721,2788
7722,2177
7723,1343
7724,1467
7725,2068
7726,1740
7727,1772
7728,1517
7729,1372
7730,2775
7731,1360
7732,1290
7733,2050
7734,2720
7735,1772
7736,1523
7737,1817
7738,1347
7739,1487
7740,2622
7741,1308
7742,1235
7743,1281
7744,1466
7745,1296
7746,1179
7747,2111
7748,1658
7749,1059
7750,8011
7751,1690
7752,1169
7753,2102
7754,992
7755,1808
7756,1074
7757,1568
7758,1071
7759,1453
7760,2598
7761,985
7762,1160
7763,1634
7764,1918
7765,1234
7766,2273
7767,1506
7768,1548
7769,1252
7770,3848
7771,2582
7772,1514
7773,1334
7774,1388
7775,1902
7776,1914
7777,10156
7778,1960
7779,1748
7780,2374
7781,1094
7782,1108
7783,1116
7784,948
7785,1349
7786,1726
7787,1623
7788,2451
7789,1474
7790,2431
7791,1255
7792,1309
7793,1358
7794,1018
7795,1456
7796,1041
7797,1174
7798,1000
7799,2341
7800,20793
7801,2376
7802,1629
7803,1980
7804,1249
7805,3769
7806,1251
7807,1018
7808,1454
7809,1513
7810,2298
7811,1754
7812,2036
7813,1242
7814,1263
7815,1558
7816,1895
7817,1445
7818,1230
7819,1033
7820,1990
7821,1330
7822,1312
7823,1082
7824,1386
7825,2313
7826,1083
7827,1933
7828,1422
7829,918
7830,1500
7831,1790
7832,1094
7833,1549
7834,1934
7835,1272
7836,2070
7837,1449
7838,980
7839,2025
7840,2250
7841,1303
7842,1055
7843,1213
7844,1311
7845,1392
7846,936
7847,1023
7848,1379
7849,1132
7850,4635
7851,1341
7852,1186
7853,930
7854,1302
7855,1935
7856,826
7857,856
7858,1221
7859,781
7860,2256
7861,1164
7862,961
7863,1099
7864,1672
7865,902
7866,2000
7867,2635
7868,1132
7869,2069
7870,4275
7871,1293
7872,1490
7873,1310
7874,1549
7875,1640
7876,1374
7877,1216
7878,2182
7879,1486
7880,2086
7881,1286
7882,1272
7883,771
7884,1373
7885,1820
7886,989
7887,1869
7888,2869
7889,1154
7890,2986
7891,1053
7892,881
7893,774
7894,1018
7895,1031
7896,1022
7897,787
7898,1301
7899,1299
7900,14125
7901,3479
7902,1225
7903,1370
7904,1706
7905,1368
7906,992
7907,1090
7908,1368
7909,1496
7910,2067
7911,1402
7912,1363
7913,981
7914,1622
7915,1330
7916,1096
7917,1621
7918,1090
7919,1423
7920,2824
7921,1739
7922,1426
7923,1222
7924,1298
7925,1546
7926,1016
7927,1022
7928,1607
7929,1040
7930,2172
7931,1300
7932,1431
7933,973
7934,807
7935,1258
7936,1580
7937,1000
7938,991
7939,1445
7940,2444
7941,1610
7942,1946
7943,725
7944,1266
7945,1096
7946,1249
7947,1004
7948,829
7949,1136
7950,5949
7951,1190
7952,1064
7953,717
7954,839
7955,1348
7956,1354
7957,1178
7958,1296
7959,711
7960,2937
7961,1241
7962,1054
7963,930
7964,743
7965,1037
7966,1563
7967,1577
7968,1441
7969,1193
7970,6594
7971,1547
7972,837
7973,2446
7974,2052
7975,1159
7976,1707
7977,1892
7978,816
7979,1966
7980,1898
7981,1111
7982,814
7983,1076
7984,1013
7985,1127
7986,903
7987,692
7988,907
7989,1298
7990,2774
7991,876
7992,790
7993,1045
7994,783
7995,1463
7996,793
7997,913
7998,1685
7999,2918
8000,164814
8001,6673
8002,4671
8003,3095
8004,2695
8005,3061
8006,3148
8007,2625
8008,4633
8009,2285
8010,5367
8011,3006
8012,2014
8013,1630
8014,1850
8015,1917
8016,1610
8017,1194
8018,2035
8019,1204
8020,5370
8021,2072
8022,1872
8023,1326
8024,1320
8025,1911
8026,1102
8027,1212
8028,2226
8029,1159
8030,2392
8031,1758
8032,1989
8033,1570
8034,1492
8035,1644
8036,1454
8037,1170
8038,1338
8039,1193
8040,3481
8041,1264
8042,1492
8043,1281
8044,1264
8045,1304
8046,1085
8047,1670
8048,1902
8049,1292
8050,4209
8051,8858
8052,1766
8053,1590
8054,1181
8055,1520
8056,946
8057,1554
8058,1374
8059,1096
8060,2630
8061,1394
8062,1197
8063,1151
8064,1094
8065,1367
8066,1183
8067,949
8068,1259
8069,1261
8070,2014
8071,1441
8072,1143
8073,952
8074,832
8075,1379
8076,887
8077,1328
8078,1400
8079,899
8080,26160
8081,3833
8082,1739
8083,1841
8084,1423
8085,4070
8086,7795
8087,1786
8088,5337
8089,1300
8090,3382
8091,1661
8092,1289
8093,1541
8094,976
8095,1086
8096,1302
8097,908
8098,1384
8099,1219
8100,15849
8101,2633
8102,1834
8103,1611
8104,1369
8105,1336
8106,1335
8107,1044
8108,1624
8109,1350
8110,4222
8111,5112
8112,1487
8113,1380
8114,1162
8115,1493
8116,1084
8117,1312
8118,1818
8119,1081
8120,3557
8121,1336
8122,1760
8123,1925
8124,1201
8125,2629
8126,1209
8127,1043
8128,1142
8129,942
8130,2596
8131,1803
8132,1008
8133,1493
8134,954
8135,2059
8136,923
8137,1445
8138,1173
8139,1521
8140,2093
8141,1279
8142,945
8143,1028
8144,1275
8145,998
8146,1044
8147,927
8148,809
8149,803
8150,3610
8151,1277
8152,1070
8153,974
8154,741
8155,1141
8156,956
8157,962
8158,893
8159,864
8160,1910
8161,1227
8162,1053
8163,993
8164,758
8165,1156
8166,1311
8167,1203
8168,1120
8169,857
8170,1247
8171,1618
8172,957
8173,886
8174,823
8175,1085
8176,1043
8177,1039
8178,919
8179,893
8180,2047
8181,2612
8182,1046
8183,943
8184,1076
8185,1060
8186,1038
8187,792
8188,1424
8189,876
8190,1360
8191,1628
8192,8229
8193,1246
8194,1009
8195,1126
8196,798
8197,813
8198,779
8199,1024
8200,17341
8201,2788
8202,1732
8203,2894
8204,1533
8205,1762
8206,1472
8207,1185
8208,1619
8209,1230
8210,3469
8211,13216
8212,10957
8213,1360
8214,1209
8215,1601
8216,4057
8217,81665
8218,1277
8219,856
8220,22369
8221,35749
8222,2851
8223,1815
8224,1422
8225,1600
8226,4217
8227,1185
8228,1967
8229,1047
8230,6721
8231,1244
8232,1899
8233,1444
8234,1271
8235,1183
8236,991
8237,1058
8238,914
8239,1120
8240,1928
8241,993
8242,1328
8243,1273
8244,1061
8245,1246
8246,978
8247,1251
8248,1134
8249,905
8250,4086
8251,1307
8252,1295
8253,1244
8254,1201
8255,11086
8256,1289
8257,864
8258,1104
8259,1076
8260,2569
8261,1005
8262,1086
8263,1184
8264,1020
8265,1491
8266,1415
8267,1839
8268,923
8269,824
8270,1718
8271,1041
8272,1136
8273,976
8274,1201
8275,1375
8276,988
8277,1102
8278,1129
8279,856
8280,1784
8281,1206
8282,2324
8283,2380
8284,1186
8285,935
8286,1127
8287,1019
8288,1887
8289,967
8290,1608
8291,864
8292,1087
8293,980
8294,1032
8295,974
8296,992
8297,850
8298,772
8299,1134
8300,14987
8301,2965
8302,1624
8303,2147
8304,1026
8305,1342
8306,1419
8307,864
8308,1115
8309,1167
8310,3435
8311,1661
8312,1240
8313,1491
8314,983
8315,1080
8316,980
8317,959
8318,960
8319,887
8320,3303
8321,1114
8322,1161
8323,1066
8324,1253
8325,1908
8326,989
8327,904
8328,828
8329,806
8330,3848
8331,1399
8332,1779
8333,3536
8334,948
8335,1027
8336,1015
8337,965
8338,1113
8339,1643
8340,1511
8341,1188
8342,867
8343,1004
8344,1335
8345,1175
8346,1003
8347,888
8348,1088
8349,837
8350,5172
8351,1060
8352,987
8353,1084
8354,788
8355,1051
8356,1127
8357,777
8358,968
8359,917
8360,1677
8361,1003
8362,959
8363,954
8364,1352
8365,977
8366,981
8367,1071
8368,905
8369,811
8370,1487
8371,1415
8372,1011
8373,944
8374,813
8375,1157
8376,990
8377,1205
8378,945
8379,1106
8380,1518
8381,845
8382,1066
8383,1821
8384,1079
8385,1019
8386,807
8387,1201
8388,1251
8389,993
8390,1432
8391,864
8392,1115
8393,877
8394,774
8395,1033
8396,810
8397,806
8398,949
8399,1161
8400,15162
8401,2560
8402,1319
8403,1034
8404,1396
8405,1081
8406,1079
8407,999
8408,972
8409,791
8410,1439
8411,1704
8412,1130
8413,892
8414,1134
8415,1205
8416,921
8417,1147
8418,1019
8419,957
8420,1520
8421,1158
8422,1102
8423,1029
8424,1621
8425,1157
8426,841
8427,998
8428,920
8429,693
8430,1413
8431,1072
8432,1160
8433,1083
8434,1073
8435,998
8436,865
8437,807
8438,703
8439,1018
8440,1758
8441,1002
8442,1194
8443,4205
8444,2356
8445,1255
8446,1077
8447,857
8448,1548
8449,1142
8450,2432
8451,1380
8452,1193
8453,1572
8454,1421
8455,1226
8456,1728
8457,2319
8458,1106
8459,1065
8460,1176
8461,1032
8462,1046
8463,1238
8464,954
8465,970
8466,998
8467,814
8468,765
8469,779
8470,1229
8471,1192
8472,2015
8473,963
8474,838
8475,837
8476,824
8477,10754
8478,1134
8479,891
8480,1431
8481,977
8482,1328
8483,868
8484,1849
8485,1023
8486,1034
8487,952
8488,1069
8489,878
8490,1155
8491,867
8492,661
8493,1070
8494,750
8495,892
8496,756
8497,900
8498,705
8499,1888
8500,31865
8501,3784
8502,1790
8503,1266
8504,1222
8505,1849
8506,1165
8507,1029
8508,1169
8509,891
8510,2147
8511,1676
8512,1457
8513,807
8514,1080
8515,1408
8516,1122
8517,1040
8518,987
8519,928
8520,4887
8521,1208
8522,1291
8523,912
8524,964
8525,2434
8526,880
8527,1109
8528,1162
8529,1046
8530,2640
8531,1163
8532,957
8533,980
8534,1028
8535,1301
8536,1018
8537,780
8538,797
8539,783
8540,3172
8541,1283
8542,1340
8543,1380
8544,1698
8545,1385
8546,939
8547,1027
8548,810
8549,759
8550,3084
8551,1340
8552,1055
8553,912
8554,979
8555,2665
8556,963
8557,758
8558,1457
8559,711
8560,1980
8561,914
8562,967
8563,904
8564,753
8565,1202
8566,870
8567,891
8568,914
8569,691
8570,2454
8571,1228
8572,1015
8573,1269
8574,755
8575,1261
8576,708
8577,1213
8578,838
8579,766
8580,1668
8581,1000
8582,1267
8583,1236
8584,814
8585,2477
8586,1252
8587,1068
8588,1205
8589,785
8590,1299
8591,977
8592,911
8593,789
8594,1050
8595,1077
8596,761
8597,790
8598,774
8599,1129
8600,30533
8601,6404
8602,1145
8603,1079
8604,1050
8605,1188
8606,2063
8607,861
8608,1046
8609,1154
8610,2770
8611,1582
8612,1009
8613,914
8614,868
8615,1183
8616,2067
8617,845
8618,923
8619,883
8620,2840
8621,1698
8622,1074
8623,892
8624,1151
8625,1769
8626,834
8627,812
8628,1263
8629,823
8630,1447
8631,738
8632,853
8633,1197
8634,779
8635,839
8636,874
8637,834
8638,828
8639,1151
8640,1872
8641,948
8642,957
8643,910
8644,1458
8645,974
8646,844
8647,755
8648,1241
8649,974
8650,1975
8651,840
8652,867
8653,766
8654,932
8655,1458
8656,1073
8657,836
8658,816
8659,749
8660,1541
8661,1184
8662,875
8663,907
8664,2530
8665,1026
8666,1383
8667,1240
8668,1134
8669,1422
8670,1286
8671,1029
8672,871
8673,716
8674,2845
8675,950
8676,921
8677,1053
8678,823
8679,678
8680,1357
8681,1289
8682,957
8683,1690
8684,812
8685,942
8686,2193
8687,1605
8688,1598
8689,787
8690,1190
8691,986
8692,878
8693,798
8694,691
8695,982
8696,915
8697,824
8698,700
8699,856
8700,12521
8701,2531
8702,1182
8703,1164
8704,1014
8705,1390
8706,1089
8707,1145
8708,1192
8709,837
8710,1966
8711,1676
8712,1243
8713,717
8714,850
8715,998
8716,935
8717,948
8718,783
8719,888
8720,1605
8721,1400
8722,1937
8723,1045
8724,1102
8725,1276
8726,864
8727,1068
8728,885
8729,774
8730,1371
8731,944
8732,1078
8733,1586
8734,998
8735,1093
8736,964
8737,932
8738,951
8739,943
8740,1416
8741,1221
8742,1359
8743,718
8744,967
8745,935
8746,1774
8747,1277
8748,852
8749,1106
8750,3129
8751,1162
8752,881
8753,1237
8754,742
8755,1453
8756,850
8757,846
8758,757
8759,711
8760,2221
8761,714
8762,936
8763,759
8764,722
8765,1320
8766,977
8767,3732
8768,746
8769,640
8770,1489
8771,1011
8772,988
8773,907
8774,683
8775,1623
8776,1696
8777,2172
8778,1131
8779,746
8780,1314
8781,749
8782,964
8783,761
8784,834
8785,850
8786,773
8787,2126
8788,1318
8789,855
8790,1256
8791,797
8792,797
8793,673
8794,946
8795,864
8796,677
8797,828
8798,745
8799,1849
8800,24276
8801,2583
8802,2155
8803,1261
8804,1602
8805,1514
8806,1145
8807,1335
8808,1553
8809,1225
8810,2082
8811,2453
8812,1322
8813,870
8814,1024
8815,1308
8816,1390
8817,1208
8818,1249
8819,895
8820,2750
8821,1604
8822,2329
8823,1021
8824,1201
8825,1574
8826,948
8827,880
8828,1212
8829,1151
8830,2974
8831,1212
8832,1598
8833,1994
8834,821
8835,1101
8836,812
8837,1018
8838,968
8839,843
8840,1677
8841,925
8842,893
8843,1267
8844,1714
8845,1032
8846,931
8847,741
8848,2101
8849,1067
8850,2639
8851,1209
8852,943
8853,971
8854,1653
8855,1965
8856,932
8857,1142
8858,1228
8859,11550
8860,1636
8861,1148
8862,1075
8863,1238
8864,654
8865,1864
8866,1700
8867,883
8868,1213
8869,981
8870,1497
8871,1155
8872,1047
8873,1175
8874,862
8875,1057
8876,1197
8877,1608
8878,1151
8879,1376
8880,2702
8881,1507
8882,1427
8883,1287
8884,1222
8885,1344
8886,1292
8887,1339
8888,13140
8889,2178
8890,2367
8891,1415
8892,898
8893,856
8894,741
8895,1861
8896,790
8897,769
8898,1199
8899,1612
8900,12207
8901,2766
8902,1269
8903,1274
8904,1047
8905,965
8906,1045
8907,802
8908,1010
8909,1054
8910,2386
8911,1430
8912,1053
8913,837
8914,751
8915,882
8916,924
8917,885
8918,946
8919,808
8920,1483
8921,853
8922,1092
8923,752
8924,1099
8925,1029
8926,765
8927,715
8928,798
8929,769
8930,1662
8931,2237
8932,745
8933,804
8934,637
8935,785
8936,850
8937,855
8938,2703
8939,1000
8940,1551
8941,916
8942,829
8943,771
8944,976
8945,906
8946,897
8947,775
8948,644
8949,2474
8950,2039
8951,777
8952,802
8953,668
8954,730
8955,999
8956,689
8957,584
8958,807
8959,765
8960,1366
8961,808
8962,1429
8963,719
8964,2608
8965,912
8966,912
8967,629
8968,762
8969,2168
8970,1094
8971,935
8972,879
8973,732
8974,782
8975,980
8976,681
8977,952
8978,687
8979,807
8980,1244
8981,989
8982,658
8983,1013
8984,927
8985,929
8986,930
8987,731
8988,1240
8989,1672
8990,1989
8991,889
8992,906
8993,1626
8994,873
8995,1445
8996,1100
8997,841
8998,1352
8999,2925
9000,125650
9001,101155
9002,5992
9003,4295
9004,3638
9005,3481
9006,3220
9007,2321
9008,1836
9009,2900
9010,4748
9011,1970
9012,1795
9013,1200
9014,1377
9015,2222
9016,1535
9017,1100
9018,1397
9019,1057
9020,3156
9021,1331
9022,1124
9023,1181
9024,1365
9025,1629
9026,1307
9027,1125
9028,930
9029,849
9030,2364
9031,1244
9032,1133
9033,1322
9034,882
9035,1153
9036,1007
9037,931
9038,970
9039,1049
9040,1700
9041,1162
9042,1007
9043,735
9044,900
9045,1116
9046,879
9047,705
9048,888
9049,806
9050,2690
9051,903
9052,1177
9053,800
9054,1120
9055,1347
9056,791
9057,967
9058,754
9059,728
9060,3188
9061,872
9062,754
9063,786
9064,918
9065,801
9066,3698
9067,695
9068,932
9069,763
9070,1743
9071,1104
9072,894
9073,802
9074,847
9075,1124
9076,801
9077,872
9078,763
9079,718
9080,1828
9081,1065
9082,749
9083,1036
9084,843
9085,1615
9086,630
9087,872
9088,1093
9089,1166
9090,4422
9091,1436
9092,1372
9093,925
9094,917
9095,1274
9096,840
9097,941
9098,959
9099,1575
9100,13560
9101,2819
9102,1421
9103,1101
9104,1110
9105,1298
9106,1025
9107,917
9108,860
9109,768
9110,2587
9111,2985
9112,1045
9113,995
9114,1002
9115,1054
9116,1059
9117,885
9118,849
9119,1247
9120,2142
9121,1030
9122,993
9123,1526
9124,752
9125,1439
9126,1179
9127,852
9128,1943
9129,635
9130,1609
9131,1523
9132,1117
9133,954
9134,768
9135,951
9136,965
9137,912
9138,710
9139,747
9140,1810
9141,1357
9142,989
9143,698
9144,1494
9145,1057
9146,709
9147,797
9148,754
9149,1126
9150,2588
9151,1034
9152,708
9153,870
9154,652
9155,1463
9156,650
9157,593
9158,792
9159,673
9160,1246
9161,919
9162,856
9163,721
9164,641
9165,1793
9166,924
9167,1260
9168,794
9169,685
9170,1239
9171,991
9172,802
9173,799
9174,661
9175,937
9176,628
9177,797
9178,768
9179,687
9180,1351
9181,1030
9182,900
9183,587
9184,1301
9185,965
9186,759
9187,710
9188,913
9189,758
9190,1260
9191,1885
9192,1102
9193,1146
9194,745
9195,922
9196,746
9197,718
9198,725
9199,1186
9200,13754
9201,2027
9202,1426
9203,1575
9204,940
9205,1464
9206,992
9207,1040
9208,1443
9209,921
9210,1789
9211,1978
9212,1373
9213,1139
9214,856
9215,1077
9216,1242
9217,909
9218,848
9219,952
9220,2249
9221,1384
9222,2245
9223,1249
9224,1119
9225,1613
9226,954
9227,1246
9228,981
9229,1209
9230,1415
9231,1092
9232,1032
9233,1071
9234,882
9235,1051
9236,739
9237,896
9238,875
9239,841
9240,1660
9241,1680
9242,1157
9243,1006
9244,1018
9245,932
9246,893
9247,994
9248,881
9249,792
9250,3556
9251,1178
9252,1146
9253,813
9254,678
9255,1459
9256,866
9257,1026
9258,1073
9259,702
9260,1712
9261,1188
9262,1771
9263,784
9264,898
9265,1139
9266,1136
9267,911
9268,1063
9269,824
9270,1129
9271,1018
9272,1090
9273,843
9274,856
9275,1046
9276,1024
9277,970
9278,937
9279,722
9280,1492
9281,911
9282,1103
9283,1087
9284,951
9285,1008
9286,912
9287,803
9288,964
9289,734
9290,1932
9291,1037
9292,2107
9293,979
9294,1231
9295,1018
9296,820
9297,844
9298,876
9299,1185
9300,14165
9301,1854
9302,1096
9303,1411
9304,946
9305,1190
9306,861
9307,790
9308,902
9309,910
9310,2283
9311,1437
9312,881
9313,975
9314,933
9315,1096
9316,773
9317,700
9318,761
9319,845
9320,2358
9321,1109
9322,1061
9323,832
9324,831
9325,1315
9326,1726
9327,863
9328,1008
9329,850
9330,1864
9331,1188
9332,1007
9333,2180
9334,833
9335,1236
9336,1039
9337,922
9338,954
9339,1139
9340,1421
9341,919
9342,686
9343,1515
9344,1229
9345,1019
9346,862
9347,875
9348,710
9349,961
9350,2668
9351,1584
9352,710
9353,902
9354,674
9355,1550
9356,829
9357,690
9358,744
9359,701
9360,2674
9361,1032
9362,1185
9363,875
9364,909
9365,941
9366,825
9367,808
9368,791
9369,839
9370,1885
9371,923
9372,873
9373,735
9374,698
9375,1978
9376,947
9377,893
9378,1225
9379,565
9380,1920
9381,1056
9382,865
9383,1024
9384,1197
9385,1174
9386,787
9387,888
9388,1084
9389,838
9390,1014
9391,852
9392,793
9393,1580
9394,1158
9395,840
9396,765
9397,1074
9398,728
9399,1270
9400,10373
9401,1722
9402,1042
9403,1105
9404,1206
9405,1185
9406,927
9407,949
9408,761
9409,873
9410,1893
9411,1369
9412,873
9413,879
9414,1007
9415,1553
9416,934
9417,1164
9418,846
9419,949
9420,1545
9421,997
9422,1311
9423,800
9424,988
9425,1141
9426,710
9427,807
9428,794
9429,839
9430,1309
9431,940
9432,851
9433,1030
9434,797
9435,861
9436,732
9437,806
9438,724
9439,893
9440,1816
9441,979
9442,995
9443,1182
9444,1616
9445,1274
9446,798
9447,713
9448,796
9449,967
9450,2135
9451,1009
9452,1026
9453,1119
9454,879
9455,1065
9456,768
9457,788
9458,707
9459,759
9460,1220
9461,859
9462,730
9463,1504
9464,965
9465,1132
9466,968
9467,870
9468,702
9469,727
9470,1157
9471,689
9472,725
9473,937
9474,1373
9475,770
9476,674
9477,999
9478,721
9479,790
9480,1025
9481,847
9482,766
9483,583
9484,775
9485,843
9486,720
9487,651
9488,782
9489,730
9490,1189
9491,701
9492,771
9493,647
9494,1359
9495,1084
9496,850
9497,673
9498,742
9499,1067
9500,23050
9501,2067
9502,1363
9503,1351
9504,1240
9505,1480
9506,1000
9507,893
9508,1009
9509,895
9510,1804
9511,1066
9512,867
9513,1110
9514,1085
9515,1149
9516,1000
9517,788
9518,872
9519,711
9520,1632
9521,1197
9522,1033
9523,981
9524,898
9525,2466
9526,840
9527,969
9528,738
9529,903
9530,1932
9531,938
9532,730
9533,973
9534,837
9535,904
9536,1462
9537,748
9538,689
9539,617
9540,1185
9541,1297
9542,775
9543,829
9544,854
9545,1213
9546,867
9547,607
9548,766
9549,766
9550,4088
9551,892
9552,851
9553,863
9554,791
9555,2531
9556,721
9557,919
9558,703
9559,1091
9560,2252
9561,817
9562,731
9563,684
9564,735
9565,930
9566,993
9567,895
9568,1368
9569,803
9570,1730
9571,822
9572,824
9573,577
9574,568
9575,1601
9576,615
9577,750
9578,618
9579,683
9580,1276
9581,692
9582,618
9583,636
9584,725
9585,1007
9586,562
9587,661
9588,843
9589,610
9590,1708
9591,730
9592,811
9593,660
9594,724
9595,2221
9596,921
9597,722
9598,860
9599,1050
9600,25100
9601,2135
9602,1151
9603,1082
9604,1296
9605,1000
9606,1575
9607,1616
9608,1061
9609,1073
9610,1831
9611,2272
9612,918
9613,1122
9614,681
9615,944
9616,741
9617,830
9618,872
9619,756
9620,1469
9621,915
9622,1963
9623,758
9624,773
9625,1054
9626,1015
9627,693
9628,623
9629,841
9630,2106
9631,820
9632,941
9633,994
9634,632
9635,890
9636,799
9637,898
9638,696
9639,850
9640,1024
9641,890
9642,3493
9643,651
9644,819
9645,974
9646,911
9647,828
9648,689
9649,640
9650,3430
9651,906
9652,765
9653,818
9654,955
9655,1006
9656,916
9657,721
9658,1100
9659,720
9660,2844
9661,965
9662,13630
9663,1423
9664,853
9665,948
9666,1121
9667,924
9668,793
9669,960
9670,1387
9671,627
9672,770
9673,915
9674,1295
9675,1368
9676,719
9677,736
9678,601
9679,971
9680,957
9681,901
9682,766
9683,704
9684,645
9685,955
9686,1040
9687,784
9688,1001
9689,733
9690,1300
9691,754
9692,685
9693,648
9694,577
9695,855
9696,1665
9697,1088
9698,767
9699,1110
9700,15949
9701,1644
9702,1057
9703,923
9704,962
9705,1058
9706,1028
9707,1069
9708,817
9709,1000
9710,1496
9711,1522
9712,1233
9713,833
9714,1250
9715,887
9716,833
9717,803
9718,607
9719,615
9720,1573
9721,946
9722,924
9723,746
9724,745
9725,1015
9726,802
9727,834
9728,842
9729,836
9730,1007
9731,668
9732,715
9733,1021
9734,1222
9735,1067
9736,666
9737,923
9738,707
9739,655
9740,1090
9741,877
9742,871
9743,972
9744,932
9745,784
9746,606
9747,888
9748,686
9749,660
9750,2312
9751,781
9752,677
9753,734
9754,715
9755,1065
9756,725
9757,743
9758,713
9759,593
9760,981
9761,725
9762,705
9763,707
9764,679
9765,792
9766,739
9767,791
9768,699
9769,574
9770,1262
9771,892
9772,868
9773,683
9774,710
9775,958
9776,1032
9777,1867
9778,933
9779,823
9780,2867
9781,901
9782,597
9783,626
9784,634
9785,1111
9786,713
9787,829
9788,837
9789,808
9790,1808
9791,760
9792,993
9793,711
9794,630
9795,788
9796,3120
9797,1550
9798,995
9799,1195
9800,17803
9801,1828
9802,1580
9803,801
9804,834
9805,1025
9806,901
9807,778
9808,1076
9809,758
9810,3930
9811,957
9812,824
9813,765
9814,763
9815,897
9816,803
9817,799
9818,967
9819,753
9820,2352
9821,957
9822,1527
9823,662
9824,821
9825,1501
9826,823
9827,740
9828,990
9829,777
9830,1389
9831,761
9832,1386
9833,947
9834,723
9835,1010
9836,745
9837,602
9838,814
9839,713
9840,1364
9841,1018
9842,897
9843,771
9844,877
9845,1147
9846,732
9847,702
9848,753
9849,694
9850,2653
9851,801
9852,864
9853,983
9854,685
9855,1014
9856,611
9857,939
9858,769
9859,993
9860,1823
9861,1014
9862,636
9863,686
9864,672
9865,1121
9866,825
9867,687
9868,824
9869,669
9870,1139
9871,896
9872,685
9873,723
9874,566
9875,986
9876,1427
9877,1190
9878,792
9879,823
9880,1563
9881,761
9882,847
9883,696
9884,667
9885,842
9886,765
9887,1126
9888,1987
9889,1047
9890,1143
9891,733
9892,628
9893,578
9894,592
9895,1839
9896,646
9897,594
9898,1590
9899,1552
9900,15055
9901,1994
9902,1255
9903,1241
9904,1398
9905,1250
9906,929
9907,847
9908,1017
9909,1143
9910,1579
9911,1795
9912,1049
9913,1011
9914,767
9915,925
9916,773
9917,872
9918,916
9919,1031
9920,1442
9921,1034
9922,1298
9923,927
9924,777
9925,1568
9926,1328
9927,740
9928,717
9929,947
9930,3000
9931,715
9932,686
9933,1436
9934,705
9935,863
9936,709
9937,738
9938,876
9939,1083
9940,1268
9941,697
9942,679
9943,593
9944,1085
9945,978
9946,747
9947,826
9948,811
9949,964
9950,2219
9951,857
9952,742
9953,770
9954,762
9955,1398
9956,762
9957,653
9958,819
9959,925
9960,2442
9961,718
9962,665
9963,722
9964,1010
9965,1389
9966,1474
9967,830
9968,781
9969,956
9970,1119
9971,1209
9972,832
9973,892
9974,715
9975,1202
9976,733
9977,1099
9978,887
9979,921
9980,1579
9981,1571
9982,981
9983,927
9984,1290
9985,1037
9986,845
9987,919
9988,2098
9989,944
9990,2533
9991,1921
9992,1363
9993,1535
9994,1775
9995,3119
9996,1561
9997,2004
9998,2673
9999,31468
10000,114437
