number,count
0,2632589751
1,2654889381
2,2018311898
3,1587511893
4,1277148414
5,1290944842
6,978515911
7,881051580
8,872266987
9,818276707
10,1013519626
11,671192182
12,713948770
13,406376689
14,402689328
15,491655189
16,404837682
17,386976612
18,418589082
19,418199994
20,541124302
21,361316357
22,359140818
23,341896007
24,282798553
25,315090260
26,218905670
27,214314016
28,217897700
29,199227093
30,492352694
31,179731689
32,118260446
33,102996481
34,95525064
35,122867811
36,96083262
37,90540018
38,88412860
39,86536403
40,184736448
41,80664073
42,88856050
43,80239241
44,80680626
45,124288816
46,75968898
47,75014340
48,87072009
49,73302835
50,244791214
51,71529059
52,77367903
53,69471943
54,70992136
55,85854865
56,68524666
57,65628999
58,67934722
59,71336636
60,108092822
61,32378001
62,34140168
63,32666364
64,44255597
65,47812210
66,34405004
67,30215496
68,29390611
69,27852999
70,74031796
71,27198457
72,37011648
73,27228011
74,26969305
75,64332948
76,27666303
77,26556908
78,28429487
79,24754899
80,86341865
81,30907815
82,32603629
83,34626658
84,26032206
85,35120144
86,26201958
87,24429723
88,27677277
89,24620609
90,78535635
91,24256938
92,26537444
93,23907010
94,22746269
95,47530330
96,26618104
97,25108551
98,27447933
99,44444533
100,241220620
101,20031376
102,14049872
103,12626467
104,13191466
105,14979458
106,11861953
107,10915324
108,11877194
109,10189748
110,20165900
111,12399759
112,10996160
113,9376231
114,10699756
115,11614005
116,9654226
117,8820130
118,8695167
119,8656998
120,38050735
121,8688203
122,8368453
123,10559514
124,8305254
125,15564792
126,8147562
127,9374640
128,13002599
129,7528087
130,16581090
131,7380106
132,7767353
133,7335008
134,7074838
135,9885540
136,7241750
137,7068522
138,7160060
139,7261622
140,15995457
141,6977913
142,6433352
143,6450508
144,8352292
145,7968393
146,5986727
147,6094912
148,6038430
149,6004315
150,39565009
151,6321293
152,6213183
153,6314031
154,5962517
155,7500475
156,5919798
157,5750275
158,5591756
159,5272817
160,17978653
161,5584990
162,6046918
163,5527055
164,5511782
165,7694083
166,5458379
167,5635301
168,6797453
169,5505965
170,10359640
171,5329222
172,5458017
173,4969777
174,4807819
175,8547433
176,5204977
177,4932961
178,5123493
179,4812024
180,17266685
181,4791648
182,5322750
183,5855721
184,4891741
185,6432253
186,4589129
187,4767937
188,4712856
189,4611002
190,8042120
191,4555116
192,6477551
193,4786553
194,4443954
195,5825182
196,4395558
197,4354929
198,4479488
199,4982986
200,80140959
201,7185799
202,6164924
203,5324771
204,5382522
205,6152258
206,4977073
207,4667676
208,5000363
209,4372370
210,8526600
211,5200181
212,5477151
213,4492030
214,4575756
215,6318603
216,4669405
217,4184982
218,4174519
219,4130135
220,9996658
221,4904434
222,5849486
223,4620122
224,5210979
225,7625120
226,4325958
227,4290595
228,4207586
229,4072976
230,7845374
231,4983470
232,4443148
233,4293136
234,4128505
235,5223447
236,3772365
237,3802007
238,4114506
239,3750983
240,10947907
241,4207133
242,4355635
243,4010713
244,4171453
245,4868379
246,3981281
247,3872379
248,4191235
249,3800981
250,30246815
251,4133097
252,4447570
253,3774128
254,4293084
255,28185585
256,8333113
257,3346528
258,3422953
259,3149561
260,6614411
261,3479602
262,3428459
263,3723037
264,3967041
265,4337956
266,3320335
267,3336030
268,3221564
269,3064085
270,6514072
271,3048181
272,3291252
273,3424006
274,2994409
275,4602571
276,3163800
277,3192788
278,3826174
279,3029643
280,6904547
281,3031026
282,3026272
283,2887377
284,2904707
285,3808910
286,2881528
287,3208113
288,3293758
289,2881267
290,4432228
291,2732462
292,2877971
293,2908334
294,2769956
295,3323956
296,3036293
297,3009517
298,2855601
299,3660951
300,56491676
301,4581112
302,3784412
303,3758394
304,3770071
305,3718515
306,3055311
307,2918585
308,3194759
309,2870659
310,4891096
311,3326653
312,3322679
313,2908998
314,2810352
315,3680530
316,2976967
317,2660797
318,2566345
319,2724892
320,6962025
321,3218577
322,2847198
323,2882636
324,2942311
325,4071327
326,2557390
327,2524819
328,2608440
329,2624017
330,5764930
331,2721600
332,2585107
333,5145102
334,2477125
335,3043057
336,2649137
337,2451222
338,2475184
339,2268840
340,4454028
341,2572103
342,2404058
343,2651154
344,2495881
345,3021734
346,2359454
347,2319692
348,2247180
349,2370604
350,14457059
351,2606827
352,2546736
353,2387703
354,2384955
355,2925789
356,2425319
357,2414059
358,2247128
359,2221350
360,13419133
361,2446602
362,2382948
363,2241479
364,2382140
365,7612146
366,2389980
367,2260411
368,2242492
369,2156281
370,4177013
371,2502896
372,2236481
373,2277017
374,2062216
375,4023037
376,2217401
377,4700446
378,2191284
379,2084151
380,4482373
381,2286091
382,2099418
383,2114865
384,2561145
385,2540822
386,2147678
387,2038660
388,2045098
389,2083388
390,3393344
391,2038718
392,2080110
393,2017836
394,1855136
395,2420840
396,1926322
397,1920204
398,1962074
399,2685583
400,46305347
401,5518740
402,2483837
403,2896609
404,3632619
405,2876345
406,2241129
407,2296685
408,2318463
409,2203574
410,3771928
411,2499496
412,2268051
413,2115522
414,2240607
415,2594631
416,2225599
417,2102414
418,1941517
419,1965665
420,4562212
421,2161985
422,2762045
423,2013294
424,2191266
425,2960118
426,1923655
427,1959330
428,2038753
429,2023911
430,3592837
431,2032308
432,2324918
433,2035143
434,1853887
435,2335801
436,1938717
437,1796271
438,1978117
439,1757570
440,3923082
441,2152006
442,1882308
443,2278176
444,2853939
445,2003306
446,1689391
447,1728306
448,1828450
449,1729970
450,9992542
451,2175314
452,1835604
453,1829566
454,1859786
455,2132625
456,2176744
457,1918109
458,1874424
459,1645632
460,3583262
461,1841660
462,1821853
463,2103557
464,1787132
465,2324270
466,2069455
467,2139158
468,1804588
469,1634195
470,3156510
471,1852032
472,1781962
473,1734619
474,1633488
475,2785542
476,1947306
477,1672546
478,1649078
479,1741834
480,5529507
481,1641714
482,1709985
483,1749575
484,1720144
485,2074095
486,1861769
487,1535042
488,2063992
489,1666356
490,2713430
491,1628102
492,1672730
493,1681908
494,1626847
495,2193560
496,1572803
497,1550558
498,1646656
499,2212738
500,94255489
501,5062179
502,2253674
503,2227732
504,2563515
505,2381304
506,1959265
507,1762455
508,1965607
509,1944645
510,3257179
511,2090013
512,4472524
513,1731020
514,1818924
515,2033944
516,1684629
517,1628890
518,1680723
519,1615740
520,3682504
521,1991342
522,1823293
523,1722644
524,1660886
525,2541070
526,1631912
527,1594467
528,1717392
529,2175126
530,3439520
531,1701698
532,2162511
533,1946255
534,1595228
535,1819538
536,1679897
537,1718704
538,1784223
539,1426138
540,3672109
541,1901618
542,1701437
543,1616770
544,1643063
545,1944019
546,1458252
547,1530672
548,1538590
549,1389122
550,6655765
551,1757292
552,1628226
553,1593867
554,1487354
555,3066061
556,1677174
557,1562363
558,1562536
559,1445530
560,3224662
561,2027735
562,1700160
563,1555720
564,1927880
565,1966554
566,1674104
567,1667026
568,1771308
569,1674616
570,3739474
571,1515875
572,1536635
573,1636933
574,1597876
575,2315588
576,1535419
577,1632009
578,1336288
579,1316410
580,2988904
581,1545891
582,1377101
583,1386352
584,1591355
585,1595149
586,1616827
587,1473765
588,1326578
589,1334826
590,2236965
591,1322393
592,1433615
593,1315740
594,1568404
595,1750885
596,1473291
597,1302050
598,1510134
599,1758476
600,33934153
601,2095949
602,1750625
603,1655988
604,1967676
605,1719444
606,1745992
607,1424558
608,1440777
609,1466542
610,2510561
611,1585127
612,1841871
613,1462155
614,1340849
615,1677229
616,1544836
617,1507950
618,1623360
619,1342095
620,3039747
621,1526907
622,1581218
623,1444250
624,1441171
625,2533776
626,1455191
627,1270625
628,1293798
629,1307714
630,2870363
631,1432068
632,1445375
633,1562162
634,1354329
635,1446331
636,1376682
637,1223585
638,1234203
639,1302821
640,3621156
641,1392094
642,1460699
643,1340047
644,1442617
645,1559980
646,1330857
647,1315291
648,1527809
649,1386506
650,6658998
651,1596082
652,1285434
653,1237494
654,1288391
655,1438714
656,1766736
657,1236629
658,1238835
659,1186652
660,3090469
661,1387215
662,1393707
663,1267178
664,1356498
665,1408728
666,2678171
667,1492293
668,1231786
669,1361443
670,2096454
671,1349622
672,1273124
673,1247853
674,1194525
675,1880768
676,1167078
677,1157350
678,1306472
679,1488927
680,2912377
681,1251956
682,1233678
683,1183085
684,1206748
685,1319667
686,1187719
687,1148300
688,1206634
689,1159418
690,1931712
691,1180661
692,1166174
693,1158388
694,1100117
695,1321885
696,1125460
697,1065578
698,1157463
699,1351237
700,24255273
701,1856380
702,1669497
703,1499687
704,1449800
705,1467290
706,1392918
707,1545752
708,1386393
709,1271609
710,2101738
711,1529306
712,1367826
713,1258283
714,1374490
715,1439390
716,1255798
717,1313612
718,1450011
719,1156544
720,3463059
721,1448081
722,1395700
723,1216264
724,1254267
725,1751158
726,1200662
727,1352245
728,1400984
729,1216245
730,2257426
731,1361042
732,1352348
733,1295204
734,1258150
735,1407744
736,1253617
737,2199264
738,1227051
739,1388032
740,2125937
741,1204448
742,1580943
743,1462118
744,1431309
745,1529789
746,1135503
747,1719508
748,1403805
749,1354112
750,9196937
751,1285996
752,1217666
753,1327150
754,1163328
755,1491340
756,1217430
757,1274179
758,1061276
759,1046259
760,2372980
761,1425942
762,1119711
763,1154769
764,1016897
765,1457829
766,1305555
767,1518415
768,1722703
769,1077705
770,2311731
771,1313002
772,1248544
773,1311520
774,2046209
775,1517613
776,1839775
777,3196445
778,1330795
779,1101091
780,2807091
781,1232126
782,1083446
783,1136969
784,1072362
785,1216727
786,1089893
787,1522989
788,1124692
789,1154526
790,2026720
791,1267635
792,1120580
793,999044
794,1157827
795,1328344
796,1145475
797,1304228
798,1394895
799,1473591
800,37930552
801,1931791
802,3320664
803,1461049
804,1365207
805,1542845
806,1268611
807,1243439
808,1898361
809,1062625
810,2281990
811,1641802
812,1655439
813,1372381
814,1320426
815,1461154
816,1291165
817,1128010
818,1229331
819,1188914
820,2199617
821,1352843
822,1523962
823,1511950
824,1364156
825,1627639
826,1192171
827,1200754
828,1195576
829,1233001
830,2000354
831,1229719
832,1271259
833,1453913
834,1252354
835,1380809
836,1314720
837,1088441
838,1128611
839,1047883
840,2388302
841,1324296
842,1200192
843,1225066
844,1912312
845,1509127
846,1145461
847,1232787
848,1243208
849,1055114
850,5056260
851,1278945
852,1578305
853,1306779
854,1221971
855,1825202
856,1248665
857,1427823
858,1258196
859,1286926
860,2248549
861,1327610
862,1233666
863,1133512
864,1418301
865,1246509
866,1908126
867,1072302
868,1145198
869,1112295
870,1914850
871,1164643
872,1061464
873,1051201
874,1117820
875,1750032
876,1031770
877,1935089
878,1002024
879,1074640
880,2797879
881,1078416
882,1116297
883,1150652
884,1060869
885,1254655
886,1021401
887,1103022
888,5459608
889,1099909
890,1708363
891,1062448
892,1062695
893,1061426
894,1008541
895,1248596
896,1009717
897,1057027
898,1051867
899,1193517
900,24955157
901,1689390
902,1208009
903,1129081
904,1268100
905,1283835
906,1058201
907,1149587
908,1064363
909,1138240
910,1864130
911,5543197
912,1216663
913,1162870
914,1153119
915,1217861
916,1185244
917,1130020
918,1242459
919,1169791
920,2364050
921,1242371
922,1269565
923,1142652
924,1239943
925,1875944
926,1038355
927,1001567
928,1103995
929,1044495
930,1905096
931,1086980
932,1059121
933,1169100
934,1052603
935,1186731
936,1033506
937,990079
938,955189
939,1116715
940,2039612
941,1138120
942,1323060
943,1131677
944,1356865
945,1196984
946,966140
947,993103
948,1115414
949,1162595
950,3865863
951,1181441
952,1434443
953,1041727
954,1285270
955,1325077
956,1187070
957,1190256
958,970439
959,1188375
960,2689463
961,1085089
962,1119580
963,1249917
964,1118384
965,1271190
966,1085597
967,1016175
968,1184676
969,1104355
970,1876630
971,1093965
972,1372887
973,1201772
974,1061462
975,1307500
976,1010336
977,1098116
978,7859055
979,1049566
980,4320626
981,1239096
982,1210001
983,1131787
984,1119737
985,1634949
986,1101054
987,1136230
988,1115278
989,1155042
990,2890984
991,1205555
992,1073302
993,1101598
994,1041673
995,1563157
996,1283837
997,1267578
998,1185745
999,5626053
1000,26894404
1001,1835061
1002,1461048
1003,570215
1004,480217
1005,503504
1006,502345
1007,1650113
1008,468940
1009,387632
1010,1057287
1011,680042
1012,535968
1013,454613
1014,437825
1015,503803
1016,2929139
1017,603499
1018,408616
1019,400672
1020,829216
1021,659035
1022,386432
1023,570860
1024,4989304
1025,431930
1026,337527
1027,321901
1028,322324
1029,712169
1030,705771
1031,645527
1032,323520
1033,386962
1034,282835
1035,349139
1036,265683
1037,372386
1038,1049177
1039,333651
1040,871517
1041,301863
1042,313532
1043,266055
1044,271387
1045,344101
1046,318490
1047,252529
1048,293035
1049,286270
1050,1042023
1051,348081
1052,288496
1053,276772
1054,313360
1055,363834
1056,378307
1057,273342
1058,255852
1059,253744
1060,644953
1061,276096
1062,255631
1063,320333
1064,311053
1065,290480
1066,579239
1067,271525
1068,261310
1069,256380
1070,681018
1071,298757
1072,294801
1073,441603
1074,297713
1075,297646
1076,243319
1077,320408
1078,250877
1079,243467
1080,2473043
1081,279225
1082,249168
1083,269687
1084,246922
1085,294646
1086,518098
1087,259412
1088,485818
1089,310988
1090,411506
1091,267161
1092,233073
1093,684950
1094,260560
1095,388719
1096,266351
1097,425141
1098,390550
1099,884684
1100,2572322
1101,882994
1102,418964
1103,532875
1104,370341
1105,409649
1106,342780
1107,351747
1108,375633
1109,508425
1110,547598
1111,2624035
1112,487776
1113,385101
1114,347027
1115,465016
1116,323313
1117,341556
1118,350089
1119,300366
1120,489359
1121,400371
1122,483833
1123,389421
1124,288779
1125,415466
1126,551528
1127,298331
1128,338808
1129,305289
1130,503978
1131,341686
1132,284291
1133,327974
1134,270680
1135,300024
1136,417849
1137,260635
1138,263729
1139,257339
1140,366709
1141,308822
1142,248297
1143,252555
1144,298025
1145,366095
1146,302603
1147,255671
1148,233885
1149,229898
1150,630923
1151,368181
1152,332966
1153,260951
1154,260710
1155,457893
1156,243770
1157,240085
1158,254694
1159,266717
1160,347028
1161,346750
1162,254972
1163,244942
1164,237483
1165,260188
1166,271048
1167,250459
1168,209427
1169,219770
1170,388792
1171,287841
1172,255214
1173,259612
1174,213941
1175,580893
1176,260153
1177,627086
1178,219142
1179,221791
1180,395306
1181,284689
1182,295530
1183,221290
1184,246652
1185,294541
1186,633472
1187,272571
1188,305868
1189,271988
1190,335254
1191,266118
1192,310331
1193,222819
1194,248899
1195,237780
1196,208865
1197,216210
1198,235771
1199,440436
1200,5365807
1201,532870
1202,403963
1203,328664
1204,392503
1205,320847
1206,313303
1207,299694
1208,280023
1209,279023
1210,466733
1211,455317
1212,493792
1213,347021
1214,311333
1215,441272
1216,316579
1217,265615
1218,255528
1219,264129
1220,455289
1221,407279
1222,363555
1223,304870
1224,290250
1225,380012
1226,263722
1227,276483
1228,242122
1229,235122
1230,431618
1231,339039
1232,254810
1233,258546
1234,1319174
1235,295744
1236,234243
1237,223356
1238,215898
1239,217564
1240,355649
1241,264072
1242,322564
1243,240122
1244,251725
1245,280627
1246,227837
1247,226273
1248,258001
1249,216937
1250,963958
1251,282730
1252,282818
1253,243093
1254,263017
1255,264591
1256,241226
1257,246606
1258,227208
1259,195841
1260,513571
1261,243568
1262,198410
1263,207918
1264,206456
1265,235205
1266,218342
1267,238863
1268,200103
1269,175000
1270,319291
1271,241038
1272,256158
1273,311842
1274,233700
1275,288464
1276,194786
1277,230600
1278,215554
1279,255435
1280,1029533
1281,214322
1282,214792
1283,191474
1284,209812
1285,227310
1286,181722
1287,207692
1288,206330
1289,201296
1290,355934
1291,317099
1292,261080
1293,184011
1294,203214
1295,253635
1296,327034
1297,204786
1298,198515
1299,291449
1300,2707142
1301,703935
1302,322919
1303,296283
1304,287741
1305,302899
1306,269842
1307,417190
1308,258217
1309,238420
1310,376546
1311,351449
1312,278070
1313,346271
1314,267078
1315,286805
1316,238591
1317,217140
1318,208985
1319,204078
1320,427442
1321,292414
1322,253184
1323,234305
1324,229921
1325,388761
1326,254362
1327,262774
1328,215687
1329,194643
1330,365948
1331,316813
1332,305584
1333,373324
1334,245988
1335,255252
1336,214452
1337,300628
1338,199954
1339,197535
1340,313956
1341,247074
1342,205064
1343,226121
1344,245666
1345,247318
1346,249199
1347,238830
1348,256655
1349,220989
1350,665594
1351,241021
1352,196432
1353,228994
1354,185673
1355,241386
1356,201529
1357,214359
1358,178207
1359,179146
1360,315608
1361,229623
1362,209879
1363,189951
1364,212372
1365,349681
1366,326051
1367,212948
1368,270675
1369,186891
1370,290975
1371,667616
1372,187086
1373,209981
1374,178504
1375,235276
1376,180748
1377,259471
1378,191151
1379,191194
1380,321881
1381,231846
1382,210496
1383,183301
1384,183098
1385,215057
1386,203022
1387,176753
1388,198555
1389,195026
1390,275413
1391,200999
1392,254596
1393,173566
1394,243415
1395,204805
1396,182383
1397,197737
1398,185008
1399,239642
1400,2493504
1401,375864
1402,256851
1403,237896
1404,307057
1405,264927
1406,230872
1407,212049
1408,234867
1409,204032
1410,327460
1411,258217
1412,239813
1413,211966
1414,268839
1415,353189
1416,201200
1417,196046
1418,190528
1419,197246
1420,340065
1421,233053
1422,230199
1423,194874
1424,198467
1425,232962
1426,158333
1427,179324
1428,184919
1429,186927
1430,337980
1431,229380
1432,192032
1433,214065
1434,186125
1435,220201
1436,177754
1437,180094
1438,178376
1439,189656
1440,679291
1441,310118
1442,189527
1443,175735
1444,213330
1445,214935
1446,188831
1447,196889
1448,168543
1449,169888
1450,624777
1451,212781
1452,211049
1453,332002
1454,167765
1455,270281
1456,198658
1457,186338
1458,179381
1459,172713
1460,336403
1461,247958
1462,177796
1463,169764
1464,191776
1465,222850
1466,179920
1467,221238
1468,191123
1469,216679
1470,294973
1471,292960
1472,205689
1473,195887
1474,174257
1475,272288
1476,197980
1477,203103
1478,188035
1479,174107
1480,364551
1481,197695
1482,207517
1483,260840
1484,190571
1485,270064
1486,178863
1487,176808
1488,207691
1489,179348
1490,271951
1491,206918
1492,512162
1493,244242
1494,224123
1495,222115
1496,175217
1497,210896
1498,231195
1499,245083
1500,7307079
1501,451019
1502,336009
1503,324805
1504,295012
1505,297249
1506,267501
1507,244703
1508,250829
1509,276882
1510,457075
1511,379022
1512,350928
1513,283908
1514,247261
1515,468993
1516,297932
1517,326219
1518,255366
1519,306632
1520,637467
1521,370485
1522,276117
1523,269995
1524,263501
1525,368988
1526,283434
1527,256753
1528,245083
1529,235336
1530,428505
1531,255677
1532,249529
1533,279916
1534,276525
1535,334674
1536,450204
1537,244761
1538,270578
1539,258595
1540,469430
1541,290964
1542,315066
1543,265331
1544,224171
1545,291063
1546,238392
1547,295574
1548,220106
1549,256940
1550,640517
1551,274029
1552,262070
1553,287473
1554,230953
1555,354864
1556,265409
1557,263583
1558,312067
1559,303484
1560,421422
1561,245603
1562,242628
1563,253378
1564,314120
1565,292674
1566,268120
1567,248449
1568,260893
1569,232133
1570,395365
1571,284351
1572,275657
1573,249282
1574,212853
1575,321639
1576,227561
1577,250383
1578,242368
1579,216318
1580,394721
1581,247037
1582,307709
1583,242871
1584,254107
1585,293579
1586,235378
1587,255542
1588,319671
1589,229819
1590,397965
1591,337573
1592,293248
1593,241441
1594,232904
1595,264269
1596,268108
1597,240929
1598,311501
1599,292282
1600,3614355
1601,477039
1602,379065
1603,534957
1604,378459
1605,413866
1606,342735
1607,397752
1608,342793
1609,377309
1610,510236
1611,446406
1612,358701
1613,306399
1614,294943
1615,327931
1616,439248
1617,286561
1618,311206
1619,453447
1620,668687
1621,380731
1622,312228
1623,344931
1624,303650
1625,381561
1626,277505
1627,248209
1628,294772
1629,275355
1630,493296
1631,288456
1632,340306
1633,297199
1634,303539
1635,345779
1636,300637
1637,296184
1638,319244
1639,281002
1640,695601
1641,714072
1642,412470
1643,309084
1644,423726
1645,315378
1646,360127
1647,263781
1648,404014
1649,325685
1650,841572
1651,328124
1652,283744
1653,269707
1654,291577
1655,310743
1656,282797
1657,252588
1658,284858
1659,257022
1660,665723
1661,342721
1662,331924
1663,278673
1664,307561
1665,350780
1666,393682
1667,318642
1668,261751
1669,259475
1670,389907
1671,253597
1672,301493
1673,268248
1674,261191
1675,331337
1676,268222
1677,264099
1678,262767
1679,262103
1680,532670
1681,283833
1682,294298
1683,310042
1684,262637
1685,378015
1686,277071
1687,272151
1688,429263
1689,395889
1690,430943
1691,270983
1692,342605
1693,254042
1694,269966
1695,294041
1696,251632
1697,271717
1698,252274
1699,297122
1700,2227155
1701,525808
1702,356032
1703,381837
1704,344587
1705,322065
1706,309913
1707,424601
1708,323102
1709,356919
1710,451649
1711,386525
1712,328878
1713,309945
1714,350527
1715,418738
1716,318021
1717,423952
1718,354534
1719,295693
1720,501036
1721,330216
1722,329856
1723,336753
1724,315165
1725,366533
1726,297479
1727,338122
1728,386904
1729,301687
1730,470055
1731,301593
1732,338502
1733,362919
1734,313240
1735,350387
1736,306049
1737,319126
1738,308857
1739,304548
1740,487469
1741,373527
1742,334962
1743,341665
1744,357912
1745,433314
1746,346191
1747,316165
1748,380149
1749,352792
1750,990402
1751,364955
1752,387020
1753,376351
1754,396407
1755,529123
1756,410756
1757,446867
1758,474122
1759,431585
1760,622764
1761,378713
1762,404772
1763,550702
1764,422503
1765,489789
1766,410651
1767,415592
1768,452530
1769,477756
1770,720862
1771,445402
1772,499218
1773,484282
1774,599229
1775,959967
1776,1401176
1777,715027
1778,601887
1779,518146
1780,808224
1781,612807
1782,602603
1783,744179
1784,584809
1785,593916
1786,535081
1787,869189
1788,736133
1789,1257095
1790,987757
1791,803909
1792,858409
1793,796343
1794,709068
1795,747335
1796,687060
1797,698226
1798,862961
1799,740816
1800,4822158
1801,956177
1802,762795
1803,945493
1804,870162
1805,809058
1806,825536
1807,761631
1808,772313
1809,880548
1810,976962
1811,829647
1812,1709536
1813,840910
1814,1001425
1815,1206512
1816,841065
1817,847981
1818,992760
1819,940695
1820,1367208
1821,1022713
1822,855604
1823,804708
1824,960544
1825,1053527
1826,860717
1827,848545
1828,951351
1829,925843
1830,1712260
1831,1082555
1832,1181920
1833,1070066
1834,1065075
1835,1209536
1836,1271389
1837,1332198
1838,1135736
1839,1184448
1840,1755723
1841,1284216
1842,1201275
1843,1226819
1844,1283928
1845,1356950
1846,1374401
1847,1320135
1848,1911565
1849,1399529
1850,2596946
1851,1615312
1852,1330246
1853,1342336
1854,1518908
1855,1470215
1856,1467529
1857,1626105
1858,1473768
1859,1606443
1860,2609855
1861,2631007
1862,2310571
1863,2289291
1864,2233749
1865,2667397
1866,1738787
1867,1916429
1868,1903083
1869,1733774
1870,2656581
1871,2054732
1872,1832379
1873,1710287
1874,1644006
1875,1857231
1876,1863449
1877,1697929
1878,1738826
1879,1738411
1880,2741305
1881,2116179
1882,1992239
1883,1893410
1884,1888422
1885,2131866
1886,2073588
1887,2042780
1888,2194391
1889,2243332
1890,3055998
1891,2212465
1892,2152956
1893,2242540
1894,2123123
1895,2417368
1896,2404081
1897,2257383
1898,2544768
1899,2439682
1900,5996355
1901,3153401
1902,2735124
1903,2838570
1904,2846931
1905,3208925
1906,2991970
1907,2917368
1908,3171085
1909,2940794
1910,4144289
1911,3976908
1912,3719955
1913,3532673
1914,4943932
1915,4043254
1916,3937193
1917,4997813
1918,5393416
1919,4438608
1920,6823985
1921,3712508
1922,3716753
1923,3540318
1924,3544406
1925,3776879
1926,3596522
1927,3688044
1928,3840602
1929,4555749
1930,5668118
1931,3779108
1932,3960528
1933,5101270
1934,4588245
1935,4357297
1936,4709019
1937,4591285
1938,4759880
1939,6195058
1940,6973231
1941,5938535
1942,5749829
1943,5212781
1944,6238827
1945,8850756
1946,5698340
1947,6309825
1948,6957242
1949,5791072
1950,8580010
1951,5303685
1952,5537873
1953,5730528
1954,5951233
1955,6161881
1956,6404100
1957,6270383
1958,6382669
1959,6525621
1960,10207662
1961,7428861
1962,7725949
1963,8117001
1964,9145564
1965,9163241
1966,8546465
1967,10271642
1968,10756117
1969,11249756
1970,13822976
1971,10367328
1972,11118025
1973,11163702
1974,10841710
1975,11647678
1976,11493529
1977,11022881
1978,11712471
1979,12920106
1980,16818258
1981,12524777
1982,13040750
1983,13448314
1984,14981512
1985,14800644
1986,15506256
1987,15395367
1988,16505040
1989,18354858
1990,23173204
1991,20048565
1992,21360439
1993,21339679
1994,23565168
1995,25655110
1996,26855998
1997,27915433
1998,30677303
1999,34573303
2000,59621750
2001,45071679
2002,43868817
2003,48968382
2004,57501727
2005,82738616
2006,113335785
2007,129220028
2008,150759076
2009,158683474
2010,172590350
2011,167352658
2012,177538624
2013,188464120
2014,200622081
2015,222027107
2016,258670179
2017,339405389
2018,366454212
2019,306362421
2020,246122915
2021,162111199
2022,95144646
2023,27739096
2024,4955985
2025,5862240
2026,2205165
2027,1658073
2028,1146668
2029,618578
2030,7706875
2031,478301
2032,445227
2033,341285
2034,268731
2035,1061948
2036,313220
2037,284209
2038,237498
2039,211783
2040,1483482
2041,251516
2042,245827
2043,157005
2044,165178
2045,479179
2046,198775
2047,213825
2048,1026414
2049,395803
2050,3807937
2051,161034
2052,200834
2053,138917
2054,139813
2055,227662
2056,152428
2057,116922
2058,132854
2059,109625
2060,613156
2061,160627
2062,109888
2063,181876
2064,123090
2065,151402
2066,116213
2067,110112
2068,110270
2069,109324
2070,369132
2071,141939
2072,117937
2073,103924
2074,131453
2075,142191
2076,109042
2077,399393
2078,97684
2079,102165
2080,423906
2081,112478
2082,92675
2083,96981
2084,97225
2085,108293
2086,87198
2087,84789
2088,125983
2089,83883
2090,179093
2091,94180
2092,86689
2093,85019
2094,80384
2095,99961
2096,86406
2097,88847
2098,78274
2099,195000
2100,1778328
2101,289669
2102,188722
2103,185091
2104,164559
2105,218580
2106,168549
2107,151735
2108,144019
2109,140100
2110,493199
2111,805502
2112,251122
2113,178641
2114,146733
2115,174668
2116,163745
2117,143112
2118,169640
2119,124705
2120,206253
2121,341296
2122,201616
2123,128814
2124,107602
2125,140074
2126,105069
2127,103817
2128,99994
2129,91967
2130,182180
2131,183041
2132,109661
2133,176396
2134,119362
2135,126855
2136,103072
2137,91875
2138,115044
2139,152217
2140,155395
2141,134699
2142,108096
2143,100578
2144,108830
2145,108070
2146,89564
2147,121168
2148,97288
2149,82666
2150,229779
2151,169153
2152,109129
2153,99131
2154,98442
2155,145684
2156,94815
2157,95123
2158,97127
2159,82345
2160,464074
2161,127307
2162,87892
2163,85497
2164,92881
2165,110153
2166,101446
2167,88728
2168,84014
2169,79097
2170,136797
2171,114730
2172,87315
2173,81399
2174,106384
2175,96666
2176,87767
2177,105237
2178,83717
2179,73351
2180,130477
2181,124332
2182,85004
2183,76604
2184,83166
2185,91010
2186,83038
2187,87740
2188,104607
2189,77041
2190,112401
2191,132204
2192,93462
2193,102584
2194,109741
2195,86497
2196,94138
2197,73800
2198,72740
2199,147310
2200,1215494
2201,247789
2202,211895
2203,137779
2204,134737
2205,181588
2206,135980
2207,122542
2208,115900
2209,106639
2210,179962
2211,314246
2212,222428
2213,126817
2214,116643
2215,180897
2216,124979
2217,113255
2218,110697
2219,97662
2220,192038
2221,186501
2222,404161
2223,166375
2224,136225
2225,151118
2226,138461
2227,115134
2228,115288
2229,105056
2230,175759
2231,168974
2232,105264
2233,171925
2234,107843
2235,103944
2236,99273
2237,86715
2238,86403
2239,90151
2240,143600
2241,154471
2242,105120
2243,88540
2244,156962
2245,99066
2246,93096
2247,80252
2248,85989
2249,85102
2250,280249
2251,128761
2252,107126
2253,111236
2254,230014
2255,292526
2256,94615
2257,123710
2258,80491
2259,81872
2260,132560
2261,109659
2262,85281
2263,78516
2264,84118
2265,83711
2266,116622
2267,85444
2268,98584
2269,76364
2270,116005
2271,93020
2272,93031
2273,88806
2274,69126
2275,98960
2276,102028
2277,133750
2278,87223
2279,67815
2280,200222
2281,132627
2282,86465
2283,80961
2284,75677
2285,86193
2286,75955
2287,77389
2288,130245
2289,71334
2290,148615
2291,78946
2292,87172
2293,76043
2294,67425
2295,77369
2296,70101
2297,67380
2298,69549
2299,95040
2300,946539
2301,201423
2302,125003
2303,126732
2304,149957
2305,147158
2306,96125
2307,326051
2308,97837
2309,92671
2310,175971
2311,216888
2312,131198
2313,104091
2314,105410
2315,114524
2316,92497
2317,99605
2318,90747
2319,103507
2320,144086
2321,127694
2322,112178
2323,192516
2324,102770
2325,100577
2326,86984
2327,78733
2328,85198
2329,75680
2330,146649
2331,124272
2332,107218
2333,140659
2334,122772
2335,91604
2336,84547
2337,111790
2338,79144
2339,80300
2340,150217
2341,103608
2342,84848
2343,83854
2344,88097
2345,216371
2346,88671
2347,84016
2348,75704
2349,74490
2350,177891
2351,99394
2352,85264
2353,85454
2354,82379
2355,135953
2356,77183
2357,84676
2358,67484
2359,99101
2360,106069
2361,88415
2362,83203
2363,71853
2364,66653
2365,73699
2366,84215
2367,67702
2368,69651
2369,76874
2370,101338
2371,90561
2372,84437
2373,74290
2374,67420
2375,89971
2376,93717
2377,85291
2378,74304
2379,83643
2380,122571
2381,92768
2382,70161
2383,71411
2384,72328
2385,76571
2386,63644
2387,64526
2388,88982
2389,65904
2390,84880
2391,78453
2392,82942
2393,69068
2394,64503
2395,88827
2396,65713
2397,64642
2398,60878
2399,80848
2400,1227439
2401,171039
2402,118606
2403,97720
2404,97872
2405,92124
2406,80256
2407,78906
2408,87167
2409,78999
2410,125529
2411,132070
2412,117320
2413,96450
2414,85930
2415,104776
2416,80181
2417,77478
2418,80136
2419,77142
2420,122568
2421,95337
2422,105348
2423,86090
2424,144453
2425,111037
2426,70672
2427,83733
2428,72508
2429,70933
2430,106858
2431,88354
2432,95925
2433,88003
2434,72201
2435,76367
2436,79882
2437,76998
2438,77031
2439,63236
2440,111131
2441,90160
2442,82870
2443,72570
2444,83512
2445,79421
2446,67570
2447,70808
2448,96449
2449,74747
2450,176236
2451,83157
2452,68574
2453,72930
2454,80261
2455,96792
2456,82990
2457,67826
2458,75635
2459,66514
2460,111224
2461,78355
2462,77945
2463,64834
2464,78353
2465,74681
2466,74792
2467,68822
2468,88781
2469,66711
2470,96995
2471,81730
2472,73667
2473,68875
2474,73622
2475,83185
2476,64858
2477,94613
2478,95631
2479,59026
2480,122781
2481,70636
2482,65942
2483,66991
2484,99938
2485,70373
2486,68137
2487,59731
2488,76744
2489,71878
2490,115147
2491,68192
2492,69020
2493,64363
2494,62443
2495,69210
2496,65093
2497,74613
2498,60355
2499,90355
2500,3495717
2501,191075
2502,136474
2503,123836
2504,103447
2505,123504
2506,109826
2507,85730
2508,85299
2509,79282
2510,167014
2511,193189
2512,110663
2513,92050
2514,91279
2515,108121
2516,90741
2517,83321
2518,94082
2519,128721
2520,195093
2521,110932
2522,116888
2523,101738
2524,77790
2525,302733
2526,98127
2527,76651
2528,73890
2529,68965
2530,110808
2531,92051
2532,75483
2533,79810
2534,69307
2535,96261
2536,122790
2537,66750
2538,70480
2539,64820
2540,108565
2541,81413
2542,61492
2543,65740
2544,69639
2545,78754
2546,63925
2547,59686
2548,77669
2549,61714
2550,211238
2551,106162
2552,99355
2553,92935
2554,71638
2555,136368
2556,75953
2557,71660
2558,76074
2559,66464
2560,362261
2561,83361
2562,74947
2563,73717
2564,69275
2565,72743
2566,73957
2567,68183
2568,63763
2569,52199
2570,88329
2571,68020
2572,58058
2573,65998
2574,57903
2575,83309
2576,56680
2577,77703
2578,60111
2579,61811
2580,124228
2581,101322
2582,96189
2583,118291
2584,66622
2585,73243
2586,70537
2587,66197
2588,87707
2589,57392
2590,96577
2591,66218
2592,120818
2593,86946
2594,81969
2595,79240
2596,65141
2597,68180
2598,59210
2599,60623
2600,1089896
2601,169279
2602,94591
2603,83218
2604,70598
2605,89382
2606,75183
2607,75162
2608,66145
2609,65731
2610,127658
2611,136408
2612,81553
2613,69634
2614,71922
2615,93967
2616,87865
2617,68358
2618,69172
2619,65005
2620,119098
2621,83918
2622,86371
2623,77170
2624,68722
2625,110133
2626,124825
2627,77459
2628,62866
2629,54545
2630,104580
2631,82948
2632,66212
2633,73577
2634,58947
2635,74197
2636,74547
2637,65329
2638,59415
2639,63456
2640,119846
2641,79588
2642,67545
2643,58235
2644,60501
2645,63204
2646,69051
2647,54445
2648,60716
2649,53436
2650,140934
2651,78626
2652,66407
2653,60306
2654,56956
2655,85603
2656,69854
2657,55834
2658,55774
2659,53636
2660,102229
2661,84645
2662,69801
2663,64339
2664,68540
2665,75778
2666,170713
2667,92461
2668,70675
2669,65139
2670,87605
2671,70672
2672,68440
2673,109333
2674,64227
2675,71285
2676,58304
2677,69449
2678,68191
2679,56606
2680,112024
2681,75627
2682,54731
2683,84524
2684,56090
2685,67208
2686,69775
2687,52991
2688,81168
2689,54471
2690,80996
2691,63079
2692,58314
2693,61656
2694,56087
2695,78877
2696,51373
2697,52144
2698,57306
2699,61821
2700,774402
2701,137152
2702,105632
2703,87003
2704,83775
2705,88226
2706,78059
2707,77550
2708,67323
2709,103784
2710,111314
2711,131996
2712,85703
2713,66900
2714,70473
2715,97788
2716,66629
2717,70656
2718,64283
2719,64546
2720,128380
2721,82493
2722,90052
2723,65828
2724,64064
2725,70019
2726,62177
2727,131688
2728,80115
2729,63567
2730,109060
2731,69076
2732,72646
2733,72646
2734,51638
2735,62882
2736,70370
2737,68086
2738,60634
2739,56973
2740,76823
2741,74517
2742,55208
2743,68627
2744,69662
2745,67536
2746,55995
2747,74972
2748,54274
2749,57550
2750,207850
2751,75272
2752,76724
2753,64308
2754,59047
2755,77943
2756,59797
2757,58666
2758,54694
2759,50199
2760,87422
2761,56363
2762,58247
2763,56140
2764,62815
2765,54718
2766,60723
2767,71381
2768,64839
2769,52909
2770,84420
2771,67570
2772,81470
2773,60408
2774,53057
2775,71138
2776,58472
2777,105638
2778,82934
2779,49809
2780,90618
2781,80796
2782,57497
2783,52514
2784,56499
2785,58275
2786,54343
2787,73889
2788,66352
2789,58727
2790,73083
2791,57683
2792,57603
2793,51806
2794,49368
2795,55047
2796,57157
2797,50379
2798,48974
2799,56169
2800,842702
2801,138459
2802,90053
2803,69255
2804,66143
2805,75020
2806,75593
2807,60578
2808,88664
2809,70127
2810,105744
2811,134129
2812,93198
2813,62221
2814,65514
2815,79042
2816,74801
2817,65041
2818,71417
2819,62629
2820,94829
2821,72018
2822,84514
2823,59549
2824,68623
2825,69858
2826,54492
2827,53485
2828,109081
2829,61025
2830,76526
2831,66723
2832,59934
2833,65371
2834,52606
2835,77236
2836,58456
2837,46992
2838,58178
2839,51595
2840,87786
2841,69772
2842,50351
2843,48925
2844,63581
2845,54157
2846,50224
2847,52496
2848,71215
2849,48041
2850,135270
2851,66983
2852,57611
2853,50521
2854,49076
2855,73623
2856,60750
2857,56407
2858,54083
2859,47338
2860,91177
2861,61719
2862,47947
2863,51136
2864,52776
2865,59503
2866,81902
2867,50214
2868,53840
2869,47234
2870,71587
2871,58357
2872,52138
2873,50330
2874,46679
2875,60592
2876,49470
2877,62540
2878,50454
2879,45166
2880,168494
2881,70824
2882,78122
2883,59133
2884,50007
2885,85799
2886,60358
2887,53764
2888,103963
2889,56889
2890,67215
2891,57427
2892,52446
2893,51280
2894,46970
2895,52246
2896,53368
2897,50452
2898,48138
2899,55060
2900,475420
2901,110500
2902,73592
2903,80761
2904,62424
2905,66152
2906,55620
2907,65395
2908,59669
2909,65744
2910,91326
2911,111498
2912,64218
2913,62678
2914,98518
2915,69610
2916,74952
2917,66862
2918,69878
2919,69667
2920,118353
2921,89886
2922,83597
2923,80676
2924,68323
2925,80110
2926,58316
2927,55460
2928,75377
2929,143693
2930,123727
2931,72646
2932,60602
2933,81420
2934,59010
2935,64211
2936,59782
2937,58650
2938,49234
2939,61395
2940,113446
2941,102151
2942,50065
2943,57170
2944,58150
2945,58436
2946,59642
2947,50484
2948,58182
2949,52618
2950,122002
2951,67517
2952,58653
2953,58943
2954,59181
2955,69559
2956,47045
2957,53696
2958,56782
2959,53547
2960,103946
2961,50193
2962,52765
2963,60507
2964,56080
2965,57239
2966,60227
2967,47285
2968,58182
2969,49984
2970,82995
2971,52783
2972,46310
2973,44974
2974,45668
2975,54332
2976,61962
2977,53188
2978,47778
2979,52678
2980,144636
2981,57569
2982,45300
2983,50710
2984,41762
2985,48885
2986,43707
2987,52543
2988,54488
2989,56279
2990,101586
2991,58462
2992,67627
2993,52038
2994,45040
2995,64369
2996,57840
2997,60315
2998,76948
2999,112382
3000,6896601
3001,307219
3002,139752
3003,175397
3004,110475
3005,124659
3006,99326
3007,124340
3008,168764
3009,103597
3010,191705
3011,148973
3012,106898
3013,95403
3014,86126
3015,106568
3016,87297
3017,83128
3018,81968
3019,84939
3020,213614
3021,110032
3022,87944
3023,77459
3024,156592
3025,100584
3026,68822
3027,62705
3028,60179
3029,53418
3030,220705
3031,107876
3032,76006
3033,101198
3034,67068
3035,81893
3036,64579
3037,63270
3038,82113
3039,68975
3040,137143
3041,67315
3042,69420
3043,55025
3044,57349
3045,76604
3046,60032
3047,57112
3048,85566
3049,55400
3050,181014
3051,83341
3052,65406
3053,73256
3054,57210
3055,91631
3056,65356
3057,56317
3058,60041
3059,57317
3060,219261
3061,67392
3062,57178
3063,61881
3064,60139
3065,61784
3066,68669
3067,53898
3068,53551
3069,54409
3070,207774
3071,65521
3072,112186
3073,64424
3074,50575
3075,66337
3076,54611
3077,101092
3078,55518
3079,51639
3080,302828
3081,69531
3082,55229
3083,55433
3084,47688
3085,68736
3086,59931
3087,54537
3088,78102
3089,49516
3090,179305
3091,61786
3092,60893
3093,51053
3094,45935
3095,52667
3096,52872
3097,49625
3098,47874
3099,77859
3100,540283
3101,187496
3102,114641
3103,100835
3104,107444
3105,121899
3106,78931
3107,81183
3108,75370
3109,113474
3110,151754
3111,399639
3112,100880
3113,116870
3114,86545
3115,118519
3116,87762
3117,77068
3118,66030
3119,69773
3120,150404
3121,162184
3122,92209
3123,113000
3124,69586
3125,153636
3126,64730
3127,59801
3128,71452
3129,53443
3130,108266
3131,220831
3132,102059
3133,121201
3134,75605
3135,90823
3136,70605
3137,64231
3138,79623
3139,60685
3140,88594
3141,101636
3142,69193
3143,64891
3144,60105
3145,68668
3146,58199
3147,61456
3148,56896
3149,49474
3150,212758
3151,95909
3152,58068
3153,68780
3154,57486
3155,100817
3156,73632
3157,58548
3158,52742
3159,68365
3160,94870
3161,110619
3162,60385
3163,59033
3164,55670
3165,59413
3166,165782
3167,67396
3168,70967
3169,52147
3170,71056
3171,88130
3172,55904
3173,52606
3174,56761
3175,65433
3176,52532
3177,68499
3178,55615
3179,53871
3180,85823
3181,85103
3182,57360
3183,49448
3184,57629
3185,64482
3186,54432
3187,55483
3188,78545
3189,58031
3190,73706
3191,71788
3192,68596
3193,61583
3194,59437
3195,59276
3196,149991
3197,68678
3198,56768
3199,63892
3200,1008733
3201,207440
3202,114866
3203,94836
3204,91222
3205,113909
3206,71265
3207,91463
3208,88328
3209,87376
3210,145698
3211,177394
3212,121164
3213,85121
3214,74692
3215,95461
3216,83104
3217,97795
3218,72657
3219,69195
3220,121483
3221,146524
3222,139686
3223,97085
3224,70667
3225,98263
3226,84897
3227,69155
3228,77951
3229,66476
3230,123389
3231,101913
3232,205372
3233,122724
3234,107288
3235,98369
3236,64603
3237,78988
3238,84649
3239,91355
3240,199942
3241,107735
3242,62061
3243,60937
3244,68265
3245,76606
3246,57708
3247,58487
3248,59325
3249,62516
3250,141927
3251,108159
3252,91494
3253,87012
3254,74740
3255,106453
3256,73968
3257,57853
3258,65078
3259,52468
3260,113361
3261,121810
3262,86742
3263,109259
3264,126028
3265,107650
3266,80412
3267,76869
3268,82941
3269,72856
3270,100512
3271,71613
3272,70431
3273,55560
3274,56646
3275,67943
3276,62017
3277,78220
3278,56040
3279,55358
3280,105954
3281,65882
3282,77437
3283,60459
3284,49022
3285,53838
3286,51366
3287,59435
3288,93292
3289,64297
3290,64717
3291,85504
3292,84923
3293,74987
3294,68399
3295,78877
3296,71666
3297,54294
3298,52787
3299,68328
3300,650232
3301,161271
3302,94532
3303,106886
3304,80795
3305,84478
3306,120619
3307,78609
3308,75215
3309,81922
3310,176885
3311,210157
3312,102709
3313,105569
3314,78761
3315,96110
3316,67328
3317,68750
3318,69636
3319,66018
3320,114723
3321,97920
3322,124395
3323,84713
3324,69657
3325,82871
3326,79401
3327,64690
3328,71058
3329,70785
3330,151520
3331,228038
3332,87351
3333,415585
3334,95078
3335,95886
3336,83661
3337,103288
3338,103847
3339,114287
3340,120756
3341,118812
3342,76437
3343,70977
3344,132860
3345,97707
3346,66510
3347,53337
3348,76881
3349,67992
3350,169284
3351,135567
3352,124438
3353,94666
3354,103089
3355,155812
3356,87492
3357,78650
3358,91661
3359,70635
3360,122726
3361,80171
3362,73445
3363,83377
3364,55814
3365,74296
3366,129231
3367,90668
3368,66800
3369,65002
3370,100124
3371,86665
3372,68702
3373,73047
3374,56496
3375,79808
3376,58772
3377,113330
3378,62245
3379,72896
3380,90940
3381,72871
3382,75870
3383,77201
3384,56581
3385,62602
3386,64706
3387,91764
3388,110644
3389,212609
3390,279359
3391,71356
3392,65189
3393,69438
3394,49282
3395,72903
3396,56638
3397,65498
3398,60660
3399,108184
3400,478988
3401,145112
3402,132198
3403,98420
3404,87622
3405,113550
3406,109468
3407,87661
3408,81892
3409,104202
3410,97797
3411,118939
3412,82906
3413,64003
3414,70453
3415,77922
3416,61140
3417,56773
3418,61191
3419,51554
3420,91382
3421,80929
3422,70008
3423,69322
3424,68750
3425,63283
3426,54839
3427,48399
3428,47011
3429,52865
3430,80407
3431,87321
3432,72337
3433,85717
3434,122663
3435,71049
3436,84421
3437,65766
3438,62200
3439,52088
3440,101976
3441,74123
3442,64588
3443,82182
3444,100775
3445,73693
3446,61713
3447,62985
3448,56550
3449,57784
3450,126359
3451,81838
3452,72988
3453,67468
3454,73999
3455,89509
3456,202760
3457,74006
3458,56059
3459,55594
3460,72235
3461,96556
3462,83370
3463,77236
3464,90182
3465,69991
3466,80035
3467,63406
3468,71941
3469,62578
3470,109206
3471,61209
3472,54618
3473,57846
3474,57969
3475,127669
3476,78117
3477,94191
3478,81293
3479,74014
3480,93092
3481,76335
3482,55552
3483,48118
3484,47782
3485,57762
3486,76117
3487,47006
3488,90403
3489,50732
3490,76312
3491,63162
3492,51602
3493,49962
3494,47374
3495,60396
3496,74199
3497,53593
3498,84413
3499,78450
3500,1906988
3501,246566
3502,151980
3503,112520
3504,85161
3505,103332
3506,112040
3507,65739
3508,128195
3509,49422
3510,108610
3511,134009
3512,113705
3513,66202
3514,63173
3515,86586
3516,65767
3517,64333
3518,85446
3519,55920
3520,120350
3521,91000
3522,68158
3523,64305
3524,64008
3525,93770
3526,90875
3527,77404
3528,66993
3529,49067
3530,91297
3531,91587
3532,58111
3533,82442
3534,53309
3535,142714
3536,68610
3537,71636
3538,76128
3539,72973
3540,74365
3541,104493
3542,87054
3543,74666
3544,60552
3545,81175
3546,78343
3547,63107
3548,63474
3549,46268
3550,129166
3551,89157
3552,71475
3553,174571
3554,51167
3555,117064
3556,95875
3557,62598
3558,61085
3559,59908
3560,102592
3561,83873
3562,70779
3563,66641
3564,64787
3565,63702
3566,75450
3567,81135
3568,64065
3569,58292
3570,98832
3571,105934
3572,76589
3573,81246
3574,53007
3575,66287
3576,46521
3577,87828
3578,71309
3579,83300
3580,145599
3581,186337
3582,80493
3583,78253
3584,66033
3585,75670
3586,58204
3587,46837
3588,85408
3589,49442
3590,85412
3591,91002
3592,63794
3593,69554
3594,42848
3595,160826
3596,38052
3597,51260
3598,48374
3599,69273
3600,977542
3601,118117
3602,74298
3603,62575
3604,70295
3605,64006
3606,64023
3607,64893
3608,53595
3609,49281
3610,97364
3611,106849
3612,69199
3613,54455
3614,54702
3615,70220
3616,55317
3617,50689
3618,54936
3619,47984
3620,79416
3621,72276
3622,75721
3623,66768
3624,72986
3625,77252
3626,75083
3627,58897
3628,56369
3629,48685
3630,89962
3631,77594
3632,68854
3633,83923
3634,54830
3635,66083
3636,112530
3637,58514
3638,54512
3639,62612
3640,72825
3641,67272
3642,64076
3643,47837
3644,49007
3645,53585
3646,49486
3647,59378
3648,61214
3649,41902
3650,118901
3651,62984
3652,63015
3653,58034
3654,54541
3655,73255
3656,71579
3657,53863
3658,52666
3659,53251
3660,85517
3661,92993
3662,63733
3663,94169
3664,69366
3665,100618
3666,106653
3667,76687
3668,73450
3669,54331
3670,68097
3671,52407
3672,61945
3673,55300
3674,42759
3675,74349
3676,52456
3677,59987
3678,57962
3679,51684
3680,88928
3681,63539
3682,43938
3683,46281
3684,45830
3685,50363
3686,56239
3687,44024
3688,60351
3689,47907
3690,76472
3691,61920
3692,53066
3693,47677
3694,49003
3695,50732
3696,57756
3697,49297
3698,51930
3699,53403
3700,408781
3701,106966
3702,71789
3703,60896
3704,65426
3705,73902
3706,55207
3707,64393
3708,67121
3709,66165
3710,93945
3711,128946
3712,69367
3713,63704
3714,62181
3715,78815
3716,55571
3717,62863
3718,69905
3719,66409
3720,73868
3721,68839
3722,58740
3723,55436
3724,56317
3725,66347
3726,54100
3727,61592
3728,47372
3729,67313
3730,159935
3731,75112
3732,57025
3733,88166
3734,56410
3735,60754
3736,66067
3737,138746
3738,60371
3739,56573
3740,63217
3741,62095
3742,64915
3743,47740
3744,62032
3745,58465
3746,67234
3747,46791
3748,53056
3749,44664
3750,140087
3751,75437
3752,54647
3753,51686
3754,49229
3755,81659
3756,44525
3757,48281
3758,74200
3759,52843
3760,77347
3761,57219
3762,57538
3763,46580
3764,44675
3765,65022
3766,56274
3767,46633
3768,46162
3769,54849
3770,153050
3771,60222
3772,57165
3773,64640
3774,52210
3775,74308
3776,101031
3777,97304
3778,64562
3779,59958
3780,162993
3781,61182
3782,60506
3783,49781
3784,52243
3785,55267
3786,80881
3787,48260
3788,66146
3789,49509
3790,73012
3791,62847
3792,48950
3793,53159
3794,48271
3795,50780
3796,64097
3797,63089
3798,51014
3799,56450
3800,562940
3801,104729
3802,83330
3803,67601
3804,47946
3805,61635
3806,53135
3807,60574
3808,67468
3809,51840
3810,98447
3811,112415
3812,74262
3813,69264
3814,67849
3815,82799
3816,87179
3817,57207
3818,78843
3819,51081
3820,76058
3821,84108
3822,78640
3823,78078
3824,56731
3825,75173
3826,48351
3827,70629
3828,64119
3829,45634
3830,79728
3831,90747
3832,64000
3833,78473
3834,76374
3835,78743
3836,68899
3837,57406
3838,107098
3839,57051
3840,245682
3841,71261
3842,65012
3843,67850
3844,72988
3845,64210
3846,53098
3847,67578
3848,49749
3849,40106
3850,129879
3851,71255
3852,51837
3853,59735
3854,42085
3855,65032
3856,43910
3857,54720
3858,48067
3859,42040
3860,62865
3861,63543
3862,54952
3863,59038
3864,54541
3865,59267
3866,66211
3867,40185
3868,77684
3869,39702
3870,72251
3871,52246
3872,86527
3873,41988
3874,44003
3875,56748
3876,48912
3877,54890
3878,47790
3879,35271
3880,98600
3881,69477
3882,68240
3883,84820
3884,43049
3885,49027
3886,45562
3887,41179
3888,124120
3889,55653
3890,58192
3891,48031
3892,51233
3893,42203
3894,39715
3895,41796
3896,46430
3897,44704
3898,41663
3899,46958
3900,423049
3901,102621
3902,66323
3903,73636
3904,61668
3905,61652
3906,62888
3907,54473
3908,64578
3909,53823
3910,90265
3911,109918
3912,60610
3913,50613
3914,55527
3915,62784
3916,51395
3917,65820
3918,58054
3919,54639
3920,88988
3921,65780
3922,68236
3923,55635
3924,52228
3925,54302
3926,49941
3927,55633
3928,61465
3929,58264
3930,71359
3931,69453
3932,58040
3933,70389
3934,54045
3935,48512
3936,47435
3937,55682
3938,55178
3939,139950
3940,87068
3941,59770
3942,52065
3943,63915
3944,58071
3945,69998
3946,63425
3947,55868
3948,60691
3949,62126
3950,88875
3951,55406
3952,46777
3953,56463
3954,40834
3955,67299
3956,49991
3957,37156
3958,40065
3959,51540
3960,86254
3961,52591
3962,58017
3963,49037
3964,55381
3965,44399
3966,64216
3967,45192
3968,44406
3969,57310
3970,61201
3971,85899
3972,47164
3973,48918
3974,39349
3975,59497
3976,38877
3977,49085
3978,44328
3979,71390
3980,158969
3981,77387
3982,60914
3983,59088
3984,58931
3985,82714
3986,78375
3987,81727
3988,77561
3989,67764
3990,140167
3991,60898
3992,45862
3993,74608
3994,45823
3995,59512
3996,61130
3997,43874
3998,52494
3999,94297
4000,4101430
4001,202180
4002,116470
4003,96282
4004,139923
4005,105547
4006,77433
4007,80061
4008,87988
4009,63745
4010,171040
4011,107759
4012,70685
4013,75590
4014,74553
4015,64312
4016,60855
4017,52787
4018,59075
4019,48852
4020,120658
4021,66056
4022,55351
4023,48798
4024,54385
4025,60266
4026,44147
4027,43700
4028,49415
4029,41654
4030,86677
4031,58770
4032,97618
4033,89079
4034,44092
4035,53906
4036,40455
4037,41679
4038,48353
4039,50714
4040,122288
4041,59442
4042,48416
4043,49494
4044,49552
4045,50306
4046,42045
4047,44373
4048,40415
4049,53028
4050,118709
4051,75291
4052,47104
4053,46518
4054,44546
4055,59398
4056,45938
4057,43701
4058,42027
4059,39099
4060,80963
4061,56171
4062,45194
4063,47164
4064,49322
4065,45790
4066,51193
4067,49495
4068,38436
4069,37396
4070,74763
4071,46418
4072,43112
4073,40037
4074,41647
4075,45276
4076,37428
4077,45408
4078,37130
4079,35375
4080,106845
4081,53475
4082,39251
4083,36460
4084,37705
4085,95928
4086,37768
4087,35110
4088,57820
4089,33272
4090,81998
4091,40660
4092,83862
4093,38428
4094,41369
4095,118922
4096,855158
4097,51095
4098,38240
4099,46648
4100,335416
4101,121063
4102,77308
4103,106767
4104,83428
4105,60441
4106,58580
4107,53782
4108,50134
4109,45974
4110,91523
4111,245402
4112,79250
4113,55776
4114,66331
4115,65935
4116,61055
4117,55865
4118,60029
4119,49633
4120,75080
4121,78096
4122,75528
4123,72194
4124,46600
4125,57847
4126,98373
4127,60993
4128,55502
4129,77707
4130,98227
4131,65172
4132,46239
4133,59638
4134,50572
4135,706659
4136,44586
4137,44298
4138,42641
4139,42712
4140,91407
4141,142675
4142,48843
4143,42503
4144,47444
4145,48179
4146,45561
4147,52889
4148,39638
4149,41892
4150,90751
4151,97231
4152,64651
4153,43703
4154,38054
4155,59505
4156,40526
4157,41676
4158,41066
4159,38625
4160,71689
4161,64264
4162,35298
4163,38502
4164,38760
4165,59521
4166,62511
4167,47430
4168,58770
4169,42703
4170,55683
4171,60715
4172,52349
4173,45676
4174,36765
4175,46967
4176,36524
4177,45437
4178,38197
4179,37146
4180,85359
4181,61552
4182,81032
4183,41538
4184,44633
4185,54026
4186,43193
4187,53948
4188,68823
4189,41984
4190,47634
4191,47249
4192,58106
4193,40266
4194,41587
4195,40907
4196,39646
4197,30519
4198,36049
4199,47332
4200,482130
4201,88399
4202,59822
4203,51158
4204,45886
4205,51258
4206,42977
4207,43428
4208,54941
4209,37964
4210,67129
4211,68230
4212,70118
4213,48856
4214,48210
4215,48603
4216,56623
4217,69229
4218,40551
4219,34015
4220,62942
4221,69770
4222,67664
4223,40627
4224,51078
4225,52309
4226,41120
4227,46250
4228,36664
4229,34524
4230,57276
4231,62122
4232,42342
4233,41996
4234,39396
4235,39375
4236,211796
4237,34762
4238,35318
4239,33356
4240,57717
4241,46175
4242,66975
4243,43382
4244,66658
4245,44622
4246,32448
4247,33524
4248,41258
4249,33199
4250,83220
4251,51164
4252,44844
4253,37372
4254,36638
4255,46578
4256,65036
4257,38988
4258,40827
4259,32979
4260,53810
4261,39515
4262,40278
4263,32569
4264,34855
4265,33922
4266,39532
4267,37913
4268,34243
4269,37911
4270,40677
4271,61341
4272,40309
4273,34159
4274,35600
4275,43652
4276,35410
4277,35104
4278,31258
4279,35361
4280,50447
4281,60301
4282,35788
4283,36786
4284,36599
4285,37181
4286,37387
4287,40989
4288,52094
4289,29793
4290,51775
4291,40590
4292,38353
4293,35686
4294,30372
4295,35133
4296,43169
4297,30516
4298,36618
4299,31659
4300,322229
4301,109970
4302,66010
4303,66731
4304,61486
4305,67390
4306,53464
4307,60944
4308,50427
4309,98620
4310,68282
4311,86155
4312,65851
4313,42989
4314,52606
4315,47683
4316,44049
4317,69559
4318,38678
4319,52096
4320,180539
4321,167412
4322,103824
4323,43674
4324,61072
4325,55027
4326,73586
4327,37090
4328,36612
4329,36133
4330,73737
4331,143299
4332,63082
4333,77728
4334,62290
4335,59571
4336,37284
4337,46080
4338,40067
4339,36647
4340,64791
4341,47622
4342,37915
4343,89832
4344,52306
4345,47302
4346,46565
4347,40686
4348,40039
4349,37026
4350,85154
4351,48100
4352,41994
4353,35642
4354,33279
4355,63298
4356,44868
4357,76556
4358,33397
4359,30048
4360,67498
4361,41092
4362,35636
4363,37791
4364,34313
4365,37602
4366,39880
4367,32161
4368,36278
4369,34381
4370,46147
4371,38661
4372,29029
4373,35906
4374,34130
4375,55911
4376,29822
4377,40299
4378,33105
4379,29863
4380,75198
4381,40475
4382,38860
4383,29945
4384,36667
4385,47746
4386,34478
4387,32208
4388,50692
4389,35431
4390,54544
4391,47856
4392,39136
4393,47378
4394,41501
4395,47669
4396,43969
4397,42602
4398,36326
4399,43857
4400,440789
4401,88217
4402,54715
4403,45423
4404,53746
4405,102951
4406,50450
4407,40265
4408,39830
4409,32644
4410,72632
4411,102597
4412,52610
4413,41101
4414,47577
4415,50874
4416,40588
4417,37977
4418,40454
4419,44168
4420,57684
4421,45660
4422,65599
4423,47421
4424,44559
4425,49930
4426,45714
4427,36986
4428,43004
4429,41190
4430,61462
4431,50511
4432,38654
4433,59701
4434,40417
4435,45963
4436,41027
4437,39741
4438,44460
4439,34439
4440,72000
4441,59924
4442,36917
4443,47355
4444,160784
4445,68306
4446,43563
4447,43261
4448,68277
4449,83571
4450,73624
4451,44017
4452,40458
4453,38284
4454,35866
4455,89465
4456,38208
4457,33392
4458,41475
4459,33457
4460,63104
4461,45290
4462,35221
4463,33689
4464,38946
4465,45571
4466,59974
4467,34389
4468,59013
4469,31127
4470,48806
4471,41893
4472,40535
4473,66930
4474,32782
4475,35918
4476,35017
4477,66093
4478,39666
4479,29683
4480,70208
4481,42110
4482,43824
4483,46006
4484,40866
4485,41297
4486,35193
4487,33569
4488,63911
4489,30597
4490,48539
4491,39506
4492,37121
4493,31682
4494,33029
4495,34062
4496,35930
4497,32787
4498,29303
4499,46271
4500,1065420
4501,89552
4502,71555
4503,70156
4504,41464
4505,67922
4506,80617
4507,44229
4508,39327
4509,41463
4510,102163
4511,106371
4512,51270
4513,40341
4514,42169
4515,55779
4516,38584
4517,38362
4518,35233
4519,46306
4520,74661
4521,53521
4522,49234
4523,45408
4524,34878
4525,44482
4526,37242
4527,35551
4528,39524
4529,35144
4530,93390
4531,47854
4532,33499
4533,43192
4534,42318
4535,39691
4536,55520
4537,44160
4538,114471
4539,32981
4540,62208
4541,41377
4542,31176
4543,38194
4544,39705
4545,85440
4546,39264
4547,33891
4548,35439
4549,36093
4550,92230
4551,57356
4552,37764
4553,34868
4554,42406
4555,75722
4556,42778
4557,37904
4558,40307
4559,37216
4560,76798
4561,41134
4562,42400
4563,73189
4564,43139
4565,68290
4566,57426
4567,174815
4568,47127
4569,37083
4570,80732
4571,51944
4572,43099
4573,30898
4574,30186
4575,46480
4576,37119
4577,52247
4578,49856
4579,43875
4580,60905
4581,35694
4582,42110
4583,34292
4584,34153
4585,37901
4586,39981
4587,42230
4588,56323
4589,40635
4590,68172
4591,53977
4592,57487
4593,32861
4594,37397
4595,36030
4596,32578
4597,37910
4598,31491
4599,34324
4600,290266
4601,85494
4602,43395
4603,36956
4604,34000
4605,42289
4606,36500
4607,38816
4608,53976
4609,33080
4610,62833
4611,72911
4612,44203
4613,37038
4614,41723
4615,43692
4616,40429
4617,33888
4618,93256
4619,32281
4620,64834
4621,39343
4622,49710
4623,41843
4624,41572
4625,42301
4626,35448
4627,33505
4628,35406
4629,29351
4630,51354
4631,41908
4632,33633
4633,40528
4634,40632
4635,34055
4636,52545
4637,30594
4638,28734
4639,30389
4640,51160
4641,40104
4642,34234
4643,30021
4644,42604
4645,35787
4646,68535
4647,48546
4648,36515
4649,85216
4650,70536
4651,45586
4652,30762
4653,36326
4654,32600
4655,47328
4656,35770
4657,33348
4658,34117
4659,30882
4660,53309
4661,53437
4662,37249
4663,39079
4664,43619
4665,42650
4666,63411
4667,48572
4668,46622
4669,32558
4670,53045
4671,33525
4672,30548
4673,49885
4674,29305
4675,33037
4676,36293
4677,37016
4678,33217
4679,27781
4680,86079
4681,44421
4682,29874
4683,26410
4684,34457
4685,31125
4686,40221
4687,32915
4688,38050
4689,53327
4690,54258
4691,32043
4692,27175
4693,25972
4694,27841
4695,29536
4696,36907
4697,26734
4698,27276
4699,30023
4700,275317
4701,65658
4702,45594
4703,42826
4704,68107
4705,52308
4706,50758
4707,44593
4708,70208
4709,36233
4710,72319
4711,86036
4712,45883
4713,36440
4714,43829
4715,44802
4716,34212
4717,39067
4718,31889
4719,30323
4720,51387
4721,42232
4722,41131
4723,39469
4724,31667
4725,57356
4726,36163
4727,37783
4728,35920
4729,32605
4730,48650
4731,40207
4732,39033
4733,39015
4734,31361
4735,34294
4736,38584
4737,31143
4738,29408
4739,36074
4740,47555
4741,56338
4742,27462
4743,29213
4744,38415
4745,37307
4746,33795
4747,66755
4748,33756
4749,27975
4750,74394
4751,55170
4752,38264
4753,35225
4754,29450
4755,75295
4756,32751
4757,34883
4758,34015
4759,28613
4760,46053
4761,39086
4762,31115
4763,33778
4764,33008
4765,43341
4766,40558
4767,35052
4768,33297
4769,29096
4770,70563
4771,48464
4772,39628
4773,29566
4774,35864
4775,35659
4776,35803
4777,64613
4778,30427
4779,32846
4780,49276
4781,34801
4782,26372
4783,29873
4784,36616
4785,38148
4786,38527
4787,30108
4788,39836
4789,30568
4790,69926
4791,33830
4792,43916
4793,32547
4794,28693
4795,40391
4796,40526
4797,42347
4798,31211
4799,44528
4800,505395
4801,84386
4802,52207
4803,48809
4804,44931
4805,47386
4806,42067
4807,39916
4808,45364
4809,43406
4810,54989
4811,62339
4812,42130
4813,37474
4814,32007
4815,40739
4816,35452
4817,54415
4818,40525
4819,47268
4820,54640
4821,37065
4822,40314
4823,29764
4824,33885
4825,40444
4826,31302
4827,33635
4828,35444
4829,30954
4830,49787
4831,40038
4832,43547
4833,40976
4834,28472
4835,37158
4836,29008
4837,30696
4838,37456
4839,32298
4840,73711
4841,36056
4842,33286
4843,28537
4844,36481
4845,36941
4846,26674
4847,33606
4848,67063
4849,35634
4850,68086
4851,44204
4852,31575
4853,32785
4854,26909
4855,38075
4856,29336
4857,27668
4858,30971
4859,27837
4860,112046
4861,38569
4862,46917
4863,28651
4864,37263
4865,34413
4866,37497
4867,36500
4868,55658
4869,40655
4870,60567
4871,34402
4872,30633
4873,25881
4874,32088
4875,40989
4876,27921
4877,38379
4878,38117
4879,25362
4880,63198
4881,39000
4882,36835
4883,31926
4884,42125
4885,39448
4886,32539
4887,34003
4888,62158
4889,34467
4890,44127
4891,32076
4892,37374
4893,27054
4894,37428
4895,31499
4896,30189
4897,25142
4898,28325
4899,32264
4900,248123
4901,70163
4902,38207
4903,33100
4904,30647
4905,35893
4906,29773
4907,43299
4908,35977
4909,38059
4910,48269
4911,60253
4912,35279
4913,25827
4914,35773
4915,47975
4916,27175
4917,28513
4918,30373
4919,37338
4920,44662
4921,41463
4922,86929
4923,30247
4924,32110
4925,32431
4926,30017
4927,32286
4928,33228
4929,34633
4930,42171
4931,32573
4932,32613
4933,34440
4934,27074
4935,32582
4936,31878
4937,37263
4938,24311
4939,40111
4940,37377
4941,37506
4942,26665
4943,26705
4944,30013
4945,45370
4946,41322
4947,28106
4948,28645
4949,49267
4950,94032
4951,34915
4952,30766
4953,26397
4954,25191
4955,39935
4956,29731
4957,25827
4958,29285
4959,32377
4960,53410
4961,34240
4962,33067
4963,46683
4964,37687
4965,34762
4966,31402
4967,31621
4968,34942
4969,26983
4970,58024
4971,31628
4972,28094
4973,25353
4974,31681
4975,43859
4976,46259
4977,44632
4978,32057
4979,32440
4980,143658
4981,37597
4982,25711
4983,28665
4984,25555
4985,31000
4986,29271
4987,28917
4988,30017
4989,32420
4990,60967
4991,35021
4992,52645
4993,28222
4994,34902
4995,35905
4996,61828
4997,29066
4998,38660
4999,94705
5000,6303518
5001,249470
5002,129904
5003,80620
5004,68815
5005,134282
5006,70006
5007,74396
5008,98537
5009,55069
5010,139105
5011,111583
5012,62151
5013,60666
5014,54390
5015,94037
5016,56631
5017,58181
5018,52894
5019,52398
5020,113783
5021,68778
5022,65596
5023,44926
5024,47456
5025,57044
5026,43231
5027,43316
5028,41933
5029,42144
5030,110178
5031,54844
5032,49756
5033,55330
5034,39145
5035,52308
5036,36521
5037,36401
5038,38136
5039,46131
5040,142070
5041,46148
5042,67931
5043,120251
5044,43757
5045,43890
5046,34747
5047,38497
5048,35204
5049,31633
5050,248064
5051,69926
5052,62031
5053,44348
5054,40795
5055,83816
5056,49557
5057,42012
5058,41675
5059,40407
5060,89405
5061,63968
5062,41356
5063,42893
5064,35075
5065,49196
5066,54433
5067,43677
5068,37655
5069,34174
5070,78955
5071,42609
5072,38913
5073,31059
5074,32744
5075,49637
5076,37694
5077,54436
5078,39569
5079,30971
5080,100919
5081,50917
5082,41316
5083,51777
5084,33717
5085,44276
5086,41368
5087,32045
5088,60342
5089,36301
5090,56929
5091,36651
5092,34368
5093,32582
5094,25033
5095,33533
5096,34786
5097,29524
5098,34044
5099,38016
5100,321694
5101,122838
5102,75240
5103,63442
5104,45637
5105,65828
5106,49238
5107,46957
5108,58505
5109,39671
5110,143653
5111,289043
5112,66782
5113,52542
5114,98818
5115,86000
5116,56743
5117,60650
5118,52566
5119,47566
5120,148942
5121,82681
5122,69178
5123,66780
5124,47171
5125,58428
5126,45747
5127,42509
5128,47522
5129,33792
5130,66893
5131,72000
5132,39352
5133,52192
5134,37814
5135,45136
5136,36580
5137,37149
5138,37224
5139,37989
5140,54448
5141,53995
5142,34080
5143,31198
5144,47865
5145,46476
5146,31450
5147,35776
5148,42098
5149,29806
5150,166240
5151,162958
5152,51389
5153,37665
5154,35488
5155,105243
5156,38935
5157,49812
5158,36836
5159,53573
5160,77008
5161,62720
5162,40936
5163,32515
5164,31006
5165,38649
5166,47672
5167,38922
5168,34087
5169,27638
5170,54435
5171,56444
5172,39134
5173,32652
5174,33747
5175,41957
5176,34175
5177,44145
5178,30818
5179,27956
5180,58424
5181,57038
5182,36331
5183,28386
5184,58015
5185,38185
5186,31117
5187,28716
5188,54232
5189,29708
5190,45258
5191,42125
5192,33598
5193,37464
5194,295383
5195,42474
5196,30140
5197,26088
5198,33845
5199,43740
5200,398132
5201,103012
5202,64976
5203,48240
5204,51699
5205,65465
5206,64402
5207,58765
5208,47622
5209,68104
5210,99129
5211,149279
5212,90923
5213,84854
5214,99945
5215,80112
5216,67809
5217,52169
5218,56218
5219,42693
5220,99526
5221,64404
5222,91598
5223,50254
5224,54567
5225,90925
5226,64456
5227,63002
5228,61092
5229,47364
5230,61014
5231,46804
5232,47589
5233,54158
5234,39423
5235,42861
5236,34567
5237,40045
5238,36506
5239,32070
5240,52948
5241,47327
5242,42415
5243,40002
5244,67464
5245,52634
5246,60161
5247,34374
5248,37344
5249,34392
5250,154919
5251,66189
5252,87248
5253,673530
5254,35879
5255,73955
5256,51600
5257,44120
5258,36038
5259,46005
5260,53879
5261,59839
5262,37219
5263,42166
5264,48009
5265,35203
5266,41976
5267,45882
5268,33190
5269,93763
5270,47854
5271,41007
5272,72064
5273,67322
5274,29903
5275,79059
5276,54307
5277,52345
5278,37178
5279,26329
5280,134216
5281,101656
5282,61053
5283,62743
5284,52413
5285,65303
5286,45629
5287,52670
5288,56139
5289,63197
5290,40139
5291,53367
5292,74302
5293,31990
5294,43128
5295,44678
5296,70855
5297,53476
5298,59952
5299,52444
5300,302999
5301,100107
5302,65179
5303,54425
5304,56714
5305,64138
5306,104691
5307,57865
5308,52636
5309,50764
5310,78776
5311,95825
5312,63069
5313,45235
5314,44491
5315,63550
5316,42892
5317,37996
5318,53315
5319,39967
5320,195998
5321,83604
5322,71380
5323,78442
5324,52282
5325,57176
5326,49681
5327,47429
5328,52928
5329,38211
5330,77093
5331,59523
5332,59203
5333,100626
5334,61215
5335,73585
5336,42132
5337,49263
5338,61092
5339,63766
5340,57062
5341,59670
5342,42722
5343,44524
5344,39982
5345,49367
5346,37853
5347,50037
5348,56951
5349,28236
5350,81686
5351,67019
5352,56394
5353,77887
5354,51880
5355,68372
5356,49023
5357,62343
5358,54483
5359,32563
5360,70850
5361,68189
5362,50789
5363,69831
5364,33366
5365,40736
5366,62107
5367,62508
5368,51294
5369,53340
5370,56057
5371,58738
5372,39887
5373,45930
5374,44393
5375,377783
5376,156310
5377,51768
5378,47466
5379,49046
5380,84079
5381,57920
5382,36247
5383,35624
5384,39852
5385,40947
5386,44589
5387,39149
5388,129109
5389,42971
5390,64727
5391,56798
5392,35113
5393,32419
5394,29695
5395,49841
5396,36095
5397,32683
5398,26494
5399,42466
5400,433049
5401,97724
5402,56326
5403,56782
5404,45610
5405,66300
5406,55726
5407,35681
5408,56411
5409,28980
5410,81101
5411,111673
5412,60462
5413,109097
5414,67895
5415,43390
5416,30899
5417,29611
5418,43508
5419,37834
5420,70165
5421,73245
5422,92226
5423,58513
5424,42014
5425,58055
5426,44551
5427,37476
5428,65231
5429,35991
5430,73482
5431,53528
5432,129625
5433,71250
5434,51121
5435,45713
5436,59417
5437,54953
5438,38556
5439,61147
5440,56207
5441,46639
5442,44906
5443,40936
5444,65227
5445,56129
5446,41423
5447,51479
5448,33347
5449,47504
5450,80490
5451,44846
5452,46090
5453,44085
5454,88424
5455,56787
5456,79106
5457,58528
5458,55695
5459,87060
5460,57284
5461,53061
5462,29049
5463,45047
5464,73693
5465,48663
5466,57472
5467,62315
5468,83974
5469,39979
5470,54745
5471,70244
5472,62962
5473,34935
5474,55466
5475,53962
5476,36656
5477,47679
5478,38780
5479,43923
5480,68951
5481,49828
5482,33608
5483,35566
5484,33980
5485,60444
5486,37630
5487,38429
5488,50854
5489,84985
5490,73123
5491,51660
5492,30004
5493,28643
5494,28970
5495,34826
5496,35394
5497,28371
5498,40892
5499,34778
5500,977787
5501,123511
5502,57797
5503,49366
5504,48554
5505,79301
5506,48700
5507,56949
5508,53737
5509,38772
5510,105773
5511,173217
5512,90309
5513,60555
5514,48058
5515,90820
5516,45485
5517,56436
5518,42390
5519,41803
5520,96851
5521,109078
5522,78384
5523,46327
5524,72533
5525,79116
5526,93456
5527,39015
5528,37744
5529,39162
5530,96112
5531,60352
5532,62858
5533,133433
5534,63750
5535,60112
5536,54785
5537,78599
5538,44687
5539,75417
5540,96925
5541,70675
5542,84125
5543,37227
5544,72660
5545,98576
5546,42833
5547,51232
5548,47855
5549,45113
5550,140728
5551,95522
5552,67781
5553,56228
5554,51174
5555,288672
5556,102066
5557,75335
5558,74570
5559,42706
5560,75836
5561,63213
5562,44112
5563,40273
5564,39526
5565,79168
5566,99004
5567,49378
5568,55827
5569,46559
5570,76233
5571,53336
5572,51370
5573,41561
5574,37544
5575,82305
5576,41392
5577,291867
5578,46255
5579,78516
5580,75151
5581,51288
5582,41419
5583,48012
5584,34263
5585,53467
5586,38331
5587,41915
5588,81749
5589,43707
5590,61762
5591,37611
5592,41696
5593,42540
5594,36148
5595,48648
5596,38307
5597,31832
5598,32520
5599,47847
5600,372946
5601,79481
5602,46693
5603,47341
5604,43645
5605,170828
5606,45887
5607,46892
5608,71949
5609,39417
5610,105827
5611,88264
5612,50783
5613,36129
5614,50870
5615,53468
5616,46106
5617,38651
5618,31776
5619,32823
5620,59323
5621,44687
5622,46170
5623,54409
5624,36757
5625,71071
5626,44712
5627,37927
5628,36522
5629,30350
5630,55451
5631,44390
5632,41376
5633,44586
5634,35411
5635,51751
5636,37437
5637,59814
5638,48691
5639,45268
5640,51164
5641,47346
5642,35073
5643,93079
5644,45109
5645,42402
5646,41658
5647,38149
5648,27734
5649,28618
5650,65044
5651,59654
5652,51073
5653,35806
5654,44385
5655,56861
5656,96913
5657,46773
5658,37456
5659,37483
5660,63150
5661,54766
5662,56649
5663,35604
5664,37064
5665,56842
5666,71008
5667,53569
5668,36697
5669,42727
5670,87182
5671,48583
5672,39850
5673,31305
5674,35397
5675,38908
5676,44947
5677,52075
5678,245429
5679,37423
5680,55045
5681,37425
5682,34630
5683,36919
5684,89706
5685,43335
5686,28203
5687,40508
5688,50366
5689,42050
5690,40652
5691,36080
5692,31758
5693,28451
5694,30596
5695,42249
5696,34252
5697,28133
5698,36055
5699,38761
5700,293986
5701,92599
5702,46182
5703,52293
5704,41010
5705,41418
5706,36445
5707,47077
5708,45453
5709,33945
5710,49618
5711,89554
5712,55452
5713,51616
5714,41665
5715,68553
5716,35615
5717,42788
5718,43888
5719,42501
5720,91519
5721,60809
5722,68797
5723,32352
5724,54707
5725,60168
5726,49925
5727,57246
5728,75046
5729,30868
5730,77837
5731,77613
5732,34567
5733,67479
5734,51174
5735,45276
5736,30715
5737,34027
5738,53109
5739,35815
5740,55160
5741,40831
5742,47606
5743,34044
5744,91313
5745,45733
5746,55599
5747,33450
5748,31364
5749,39299
5750,105299
5751,47708
5752,37952
5753,41972
5754,39342
5755,70179
5756,72495
5757,76355
5758,46433
5759,50623
5760,65603
5761,44388
5762,29659
5763,34485
5764,34313
5765,52310
5766,75407
5767,44981
5768,45888
5769,39520
5770,100228
5771,80970
5772,99376
5773,50244
5774,81971
5775,125430
5776,50477
5777,145623
5778,99432
5779,51052
5780,105137
5781,51115
5782,37893
5783,40996
5784,76720
5785,55583
5786,53063
5787,53125
5788,43463
5789,63362
5790,63742
5791,50111
5792,34060
5793,56521
5794,31623
5795,37689
5796,38651
5797,57108
5798,41004
5799,43075
5800,385879
5801,79638
5802,63873
5803,68963
5804,51659
5805,80404
5806,49354
5807,52626
5808,48123
5809,84276
5810,64179
5811,79126
5812,95729
5813,34956
5814,40031
5815,48411
5816,44978
5817,57426
5818,41534
5819,43386
5820,59237
5821,48148
5822,56455
5823,48381
5824,31637
5825,70036
5826,43669
5827,41831
5828,51284
5829,75863
5830,71807
5831,38620
5832,48177
5833,54752
5834,48560
5835,52501
5836,49313
5837,32019
5838,41104
5839,42500
5840,101517
5841,146759
5842,49639
5843,66571
5844,34601
5845,35989
5846,52861
5847,39175
5848,42988
5849,33064
5850,74472
5851,73863
5852,37875
5853,28352
5854,30030
5855,68054
5856,58034
5857,36320
5858,89136
5859,40639
5860,74933
5861,44537
5862,28495
5863,23581
5864,24464
5865,35144
5866,33833
5867,29743
5868,42832
5869,60765
5870,104817
5871,46127
5872,35539
5873,26327
5874,23669
5875,65300
5876,52452
5877,45840
5878,45668
5879,47955
5880,70387
5881,46007
5882,36984
5883,28231
5884,52263
5885,51292
5886,30780
5887,36218
5888,87702
5889,34324
5890,44982
5891,28764
5892,25593
5893,30346
5894,22889
5895,32180
5896,25622
5897,29121
5898,26748
5899,33440
5900,226537
5901,64250
5902,38073
5903,39593
5904,38856
5905,43680
5906,39100
5907,36395
5908,44423
5909,73647
5910,50214
5911,65964
5912,43910
5913,45511
5914,31635
5915,33862
5916,30497
5917,33385
5918,39317
5919,49241
5920,43148
5921,34764
5922,64257
5923,34738
5924,51746
5925,48747
5926,37946
5927,49167
5928,36914
5929,42122
5930,55198
5931,56720
5932,55412
5933,42729
5934,23487
5935,40087
5936,28545
5937,79191
5938,29935
5939,43774
5940,104880
5941,42916
5942,48542
5943,28345
5944,53757
5945,32166
5946,38908
5947,25561
5948,42736
5949,45435
5950,78521
5951,49327
5952,42508
5953,34186
5954,36313
5955,51285
5956,61173
5957,57215
5958,40117
5959,63937
5960,52954
5961,39787
5962,51288
5963,50783
5964,28581
5965,26734
5966,33692
5967,29542
5968,26614
5969,31711
5970,46485
5971,31989
5972,30061
5973,43671
5974,30245
5975,32616
5976,32845
5977,36292
5978,58229
5979,45306
5980,108612
5981,56032
5982,31242
5983,33563
5984,74329
5985,48643
5986,32114
5987,40377
5988,42507
5989,34195
5990,92134
5991,33912
5992,44297
5993,30159
5994,23186
5995,42064
5996,36169
5997,31044
5998,30410
5999,61482
6000,2737917
6001,201170
6002,123617
6003,77439
6004,67261
6005,84472
6006,87072
6007,62458
6008,60639
6009,50910
6010,96609
6011,97035
6012,63068
6013,53203
6014,53233
6015,70261
6016,50918
6017,38243
6018,48069
6019,38104
6020,110641
6021,55777
6022,51416
6023,40189
6024,37811
6025,47471
6026,40856
6027,39145
6028,42479
6029,37343
6030,82948
6031,46429
6032,41393
6033,64295
6034,37856
6035,49162
6036,41217
6037,35396
6038,34695
6039,36608
6040,71954
6041,54115
6042,35758
6043,27849
6044,36288
6045,46887
6046,36190
6047,35120
6048,44970
6049,32688
6050,104416
6051,48081
6052,35201
6053,29052
6054,31974
6055,60760
6056,41648
6057,28109
6058,35190
6059,30197
6060,124901
6061,187884
6062,40299
6063,61821
6064,51369
6065,39064
6066,51168
6067,37859
6068,35125
6069,32122
6070,68257
6071,44143
6072,32534
6073,36753
6074,28431
6075,38335
6076,32057
6077,44725
6078,35386
6079,30220
6080,71208
6081,46228
6082,44817
6083,26756
6084,42963
6085,36413
6086,34219
6087,29110
6088,50113
6089,28163
6090,80806
6091,33683
6092,30558
6093,31565
6094,29623
6095,35248
6096,32562
6097,28068
6098,37714
6099,35614
6100,254031
6101,106333
6102,64094
6103,74330
6104,42897
6105,71037
6106,49928
6107,39779
6108,40481
6109,42507
6110,97647
6111,178555
6112,51037
6113,43480
6114,39756
6115,60135
6116,61273
6117,44196
6118,38033
6119,40911
6120,84356
6121,90123
6122,46802
6123,62739
6124,43101
6125,62744
6126,37952
6127,34383
6128,35059
6129,27961
6130,59455
6131,101789
6132,33489
6133,46156
6134,30974
6135,42360
6136,66699
6137,32188
6138,32609
6139,33468
6140,53073
6141,50098
6142,28670
6143,32393
6144,54397
6145,37314
6146,32427
6147,68439
6148,27691
6149,24427
6150,76667
6151,76022
6152,45844
6153,27450
6154,27748
6155,68105
6156,34965
6157,28666
6158,25229
6159,26068
6160,87051
6161,104207
6162,42104
6163,34020
6164,35581
6165,38790
6166,80517
6167,45076
6168,32907
6169,30043
6170,66382
6171,44329
6172,38283
6173,27672
6174,25935
6175,31132
6176,38051
6177,48211
6178,40060
6179,22467
6180,66584
6181,48756
6182,34327
6183,28027
6184,33740
6185,38205
6186,41593
6187,31599
6188,43536
6189,26122
6190,75007
6191,51333
6192,33293
6193,25922
6194,25650
6195,68642
6196,26692
6197,24323
6198,26629
6199,55100
6200,257982
6201,88407
6202,77971
6203,76061
6204,54652
6205,100259
6206,127273
6207,35154
6208,77114
6209,38791
6210,145415
6211,138643
6212,85897
6213,74198
6214,58841
6215,48525
6216,36331
6217,41018
6218,45515
6219,29733
6220,86635
6221,75428
6222,106018
6223,55143
6224,50241
6225,82279
6226,95358
6227,45770
6228,142203
6229,63620
6230,63727
6231,108801
6232,50728
6233,87957
6234,48886
6235,36521
6236,33837
6237,39397
6238,49492
6239,32002
6240,142863
6241,67274
6242,41179
6243,45185
6244,49092
6245,63318
6246,32882
6247,28150
6248,28139
6249,26467
6250,85803
6251,87734
6252,86330
6253,50982
6254,36333
6255,55365
6256,64570
6257,44712
6258,58336
6259,31676
6260,73167
6261,118200
6262,140845
6263,83426
6264,163039
6265,103615
6266,64162
6267,67755
6268,68574
6269,43160
6270,44961
6271,73282
6272,82704
6273,107673
6274,62442
6275,36797
6276,75411
6277,124529
6278,55510
6279,65774
6280,96152
6281,57287
6282,54969
6283,26301
6284,39847
6285,26534
6286,24038
6287,27458
6288,39061
6289,23404
6290,35102
6291,32569
6292,55230
6293,24584
6294,27332
6295,28185
6296,23709
6297,23705
6298,25833
6299,49227
6300,354317
6301,96907
6302,76308
6303,109476
6304,89632
6305,63011
6306,44894
6307,46560
6308,50289
6309,51568
6310,84484
6311,115939
6312,68974
6313,61066
6314,49686
6315,161765
6316,51235
6317,41272
6318,48435
6319,41478
6320,68966
6321,63415
6322,52919
6323,55225
6324,55983
6325,47441
6326,53428
6327,41883
6328,46318
6329,31432
6330,75901
6331,63222
6332,43004
6333,75292
6334,45919
6335,44266
6336,56976
6337,45379
6338,48707
6339,55683
6340,50839
6341,78600
6342,40559
6343,66639
6344,70755
6345,76779
6346,51082
6347,51081
6348,46832
6349,24861
6350,63272
6351,65934
6352,44920
6353,53793
6354,43024
6355,72138
6356,46498
6357,56911
6358,46465
6359,48094
6360,80309
6361,98933
6362,59305
6363,91653
6364,79805
6365,50750
6366,64615
6367,55442
6368,51406
6369,45637
6370,68093
6371,67033
6372,72636
6373,61553
6374,42487
6375,57365
6376,41693
6377,73583
6378,37508
6379,85934
6380,211272
6381,49691
6382,52715
6383,61737
6384,58871
6385,43240
6386,43478
6387,36868
6388,80828
6389,28628
6390,59600
6391,33719
6392,33135
6393,31630
6394,27638
6395,33340
6396,31536
6397,39498
6398,28918
6399,43155
6400,389809
6401,62554
6402,61169
6403,51330
6404,45529
6405,38200
6406,50093
6407,62031
6408,50106
6409,45361
6410,69017
6411,109762
6412,63553
6413,66683
6414,29999
6415,61544
6416,133708
6417,65795
6418,79809
6419,66231
6420,73114
6421,85156
6422,46983
6423,56630
6424,54130
6425,53331
6426,72377
6427,159307
6428,46584
6429,42228
6430,59177
6431,71850
6432,82526
6433,70446
6434,96071
6435,106991
6436,36615
6437,29653
6438,53611
6439,35782
6440,60385
6441,92898
6442,43171
6443,56733
6444,59919
6445,48882
6446,44559
6447,117121
6448,43475
6449,35512
6450,155235
6451,80308
6452,84556
6453,83070
6454,61423
6455,136870
6456,52921
6457,102288
6458,73446
6459,102165
6460,84190
6461,37706
6462,34597
6463,38302
6464,60894
6465,38721
6466,42098
6467,34387
6468,39288
6469,33915
6470,38220
6471,41365
6472,33402
6473,31254
6474,38926
6475,39856
6476,30414
6477,36331
6478,34068
6479,42617
6480,216683
6481,41599
6482,34959
6483,26437
6484,69834
6485,47252
6486,28024
6487,31563
6488,43518
6489,36819
6490,40594
6491,37272
6492,30960
6493,26520
6494,33462
6495,26835
6496,28435
6497,30649
6498,27403
6499,29471
6500,629242
6501,96710
6502,130280
6503,49404
6504,34231
6505,54508
6506,44725
6507,32435
6508,30855
6509,29256
6510,62371
6511,80744
6512,38759
6513,32593
6514,29672
6515,48377
6516,30625
6517,34143
6518,29417
6519,26722
6520,59899
6521,40431
6522,40896
6523,28740
6524,22505
6525,45711
6526,27342
6527,26568
6528,28480
6529,28765
6530,43732
6531,62175
6532,56882
6533,52474
6534,49258
6535,70374
6536,60830
6537,42568
6538,54473
6539,47193
6540,38037
6541,53958
6542,27277
6543,55367
6544,32465
6545,36333
6546,25755
6547,28175
6548,29407
6549,22907
6550,96375
6551,71737
6552,47630
6553,43481
6554,38601
6555,83541
6556,84554
6557,34595
6558,29672
6559,28460
6560,51580
6561,48047
6562,37497
6563,42425
6564,26773
6565,69330
6566,39006
6567,65652
6568,41920
6569,30817
6570,46622
6571,37924
6572,41100
6573,33353
6574,26045
6575,40708
6576,36666
6577,47908
6578,34350
6579,24784
6580,48428
6581,47092
6582,40760
6583,32175
6584,30874
6585,53248
6586,34301
6587,27166
6588,59712
6589,19312
6590,32246
6591,37317
6592,23636
6593,20202
6594,29806
6595,25047
6596,37229
6597,23062
6598,20735
6599,37027
6600,344896
6601,75721
6602,53179
6603,40311
6604,33247
6605,50457
6606,62722
6607,43262
6608,38388
6609,39691
6610,61419
6611,119252
6612,48763
6613,62165
6614,39959
6615,64619
6616,56425
6617,33006
6618,44023
6619,53967
6620,56484
6621,56773
6622,78371
6623,43248
6624,47439
6625,47229
6626,47056
6627,44198
6628,52319
6629,47245
6630,87240
6631,97919
6632,69546
6633,110974
6634,57368
6635,46486
6636,73788
6637,33591
6638,35948
6639,34288
6640,49125
6641,59127
6642,26783
6643,52854
6644,70399
6645,55720
6646,36162
6647,46013
6648,39053
6649,37168
6650,58105
6651,53946
6652,34902
6653,37454
6654,40162
6655,66425
6656,53655
6657,66138
6658,48232
6659,76306
6660,67072
6661,132483
6662,70991
6663,50386
6664,39115
6665,52301
6666,219497
6667,132108
6668,51094
6669,41921
6670,62035
6671,61260
6672,51590
6673,34152
6674,48011
6675,42709
6676,42333
6677,76422
6678,41483
6679,29613
6680,59880
6681,49414
6682,40989
6683,36724
6684,37542
6685,45644
6686,42540
6687,30829
6688,73536
6689,28478
6690,52889
6691,42110
6692,40862
6693,29571
6694,43553
6695,35968
6696,58779
6697,39979
6698,42085
6699,94813
6700,264485
6701,88640
6702,57521
6703,42208
6704,33258
6705,45990
6706,38165
6707,39481
6708,40543
6709,59108
6710,55676
6711,76158
6712,88935
6713,41906
6714,34740
6715,54013
6716,37189
6717,46686
6718,37411
6719,29879
6720,63218
6721,119135
6722,57947
6723,44740
6724,36187
6725,37125
6726,28838
6727,40750
6728,32375
6729,26709
6730,58004
6731,50219
6732,36788
6733,44180
6734,63117
6735,38523
6736,125780
6737,33500
6738,27045
6739,29208
6740,50985
6741,43085
6742,27987
6743,44862
6744,54576
6745,56336
6746,28335
6747,34349
6748,44805
6749,23353
6750,68435
6751,58379
6752,53160
6753,51697
6754,34807
6755,55807
6756,34947
6757,45113
6758,115040
6759,30133
6760,46701
6761,49208
6762,63514
6763,37700
6764,34867
6765,51962
6766,46819
6767,71057
6768,50169
6769,29327
6770,78636
6771,62133
6772,58056
6773,63375
6774,41135
6775,51297
6776,56241
6777,106944
6778,40757
6779,44361
6780,68670
6781,50926
6782,34700
6783,37998
6784,33714
6785,36585
6786,44133
6787,39404
6788,52895
6789,128899
6790,38901
6791,35876
6792,26299
6793,23319
6794,27797
6795,28543
6796,37719
6797,30167
6798,20543
6799,27925
6800,367742
6801,87641
6802,60150
6803,91343
6804,123655
6805,96165
6806,64929
6807,48062
6808,51759
6809,155438
6810,56914
6811,85339
6812,60337
6813,22144
6814,26627
6815,32152
6816,30577
6817,25156
6818,26838
6819,30719
6820,56289
6821,59142
6822,57091
6823,41107
6824,32305
6825,55997
6826,35364
6827,23463
6828,26393
6829,28131
6830,50497
6831,41069
6832,34040
6833,44637
6834,31501
6835,35142
6836,36579
6837,33228
6838,43915
6839,22557
6840,41467
6841,41613
6842,27816
6843,27420
6844,32928
6845,34876
6846,37286
6847,19927
6848,37348
6849,26335
6850,82172
6851,32165
6852,31067
6853,38338
6854,33625
6855,44450
6856,30594
6857,45126
6858,57323
6859,32541
6860,52536
6861,59498
6862,44356
6863,41050
6864,43659
6865,48705
6866,53429
6867,39612
6868,151113
6869,97148
6870,70557
6871,43845
6872,32458
6873,31952
6874,32457
6875,61482
6876,37839
6877,52443
6878,38723
6879,55158
6880,58477
6881,60890
6882,56895
6883,33459
6884,30585
6885,45450
6886,54151
6887,29071
6888,74118
6889,36931
6890,57258
6891,38828
6892,40997
6893,39369
6894,32030
6895,35109
6896,22275
6897,26922
6898,23441
6899,26971
6900,216788
6901,68371
6902,83919
6903,59942
6904,43439
6905,50835
6906,46043
6907,78226
6908,76975
6909,66637
6910,85232
6911,73425
6912,98225
6913,54770
6914,76737
6915,76485
6916,26695
6917,22496
6918,26245
6919,26992
6920,53498
6921,40766
6922,39506
6923,41001
6924,41464
6925,38420
6926,58636
6927,29474
6928,29562
6929,33113
6930,55441
6931,30408
6932,28655
6933,34709
6934,28851
6935,26419
6936,23798
6937,28105
6938,19984
6939,38753
6940,63657
6941,79916
6942,60571
6943,37515
6944,108051
6945,45086
6946,53897
6947,64448
6948,38852
6949,54231
6950,60646
6951,32869
6952,25481
6953,25530
6954,43884
6955,45682
6956,22831
6957,22845
6958,23551
6959,21937
6960,39202
6961,32992
6962,36929
6963,38288
6964,24016
6965,30665
6966,51075
6967,30205
6968,27955
6969,68869
6970,40871
6971,41736
6972,42199
6973,26770
6974,25906
6975,72863
6976,41429
6977,41079
6978,28536
6979,24501
6980,75417
6981,49216
6982,20867
6983,21582
6984,21912
6985,23401
6986,22257
6987,19077
6988,39945
6989,23770
6990,69369
6991,37185
6992,30995
6993,30800
6994,31372
6995,29664
6996,36995
6997,29846
6998,33174
6999,43807
7000,1775614
7001,144596
7002,88663
7003,88831
7004,66502
7005,76964
7006,65790
7007,95172
7008,57302
7009,57748
7010,139346
7011,88488
7012,57413
7013,56973
7014,42015
7015,51346
7016,38825
7017,42669
7018,41986
7019,33115
7020,131295
7021,51794
7022,73087
7023,45161
7024,37558
7025,49504
7026,36115
7027,36626
7028,29181
7029,27000
7030,76079
7031,48564
7032,30510
7033,44772
7034,45927
7035,46276
7036,34198
7037,36392
7038,31450
7039,31391
7040,61469
7041,39566
7042,31667
7043,28446
7044,37499
7045,31789
7046,25554
7047,31969
7048,29417
7049,28424
7050,81975
7051,41207
7052,28623
7053,26706
7054,29583
7055,51555
7056,29574
7057,29136
7058,27594
7059,26661
7060,56454
7061,39718
7062,27341
7063,33411
7064,29370
7065,35828
7066,39146
7067,25572
7068,30818
7069,25985
7070,111340
7071,68889
7072,37120
7073,30058
7074,29103
7075,97978
7076,28174
7077,67258
7078,38326
7079,28099
7080,67645
7081,45703
7082,43079
7083,30009
7084,24759
7085,35920
7086,26250
7087,33802
7088,45717
7089,27469
7090,57486
7091,38621
7092,34040
7093,40596
7094,34073
7095,34954
7096,26362
7097,25146
7098,23586
7099,36142
7100,224995
7101,80059
7102,59290
7103,45636
7104,34338
7105,50448
7106,44158
7107,37876
7108,37161
7109,37591
7110,86265
7111,184470
7112,53602
7113,41671
7114,39328
7115,48910
7116,46182
7117,64270
7118,36956
7119,90072
7120,69969
7121,64602
7122,58632
7123,61365
7124,44115
7125,52439
7126,41169
7127,34845
7128,44376
7129,31594
7130,53592
7131,56379
7132,36240
7133,52193
7134,40761
7135,42500
7136,47593
7137,42201
7138,30081
7139,32838
7140,68155
7141,49936
7142,31693
7143,38395
7144,41144
7145,42276
7146,42472
7147,30783
7148,41778
7149,22852
7150,88960
7151,50050
7152,40826
7153,37764
7154,32654
7155,57512
7156,34133
7157,46210
7158,38752
7159,48962
7160,49932
7161,46334
7162,39136
7163,42157
7164,49242
7165,42062
7166,53613
7167,69247
7168,41257
7169,25036
7170,55409
7171,91030
7172,48683
7173,46958
7174,33139
7175,45133
7176,42562
7177,58472
7178,38117
7179,27880
7180,42780
7181,66365
7182,46760
7183,35966
7184,38253
7185,51812
7186,35964
7187,30471
7188,84044
7189,31994
7190,50142
7191,47377
7192,40726
7193,31832
7194,20392
7195,29644
7196,31797
7197,39365
7198,30207
7199,44206
7200,379432
7201,118155
7202,81055
7203,100128
7204,33234
7205,48188
7206,41717
7207,36636
7208,34144
7209,28125
7210,53403
7211,81755
7212,45345
7213,45280
7214,32735
7215,37899
7216,35080
7217,35370
7218,27150
7219,32251
7220,65434
7221,44480
7222,81149
7223,46977
7224,30555
7225,42390
7226,29637
7227,49268
7228,36951
7229,22276
7230,52432
7231,41451
7232,38311
7233,63803
7234,33115
7235,29924
7236,28190
7237,26652
7238,32697
7239,27807
7240,42637
7241,32106
7242,28405
7243,36097
7244,30256
7245,34376
7246,26460
7247,21837
7248,24460
7249,19777
7250,65353
7251,39516
7252,31759
7253,29880
7254,23723
7255,43574
7256,29481
7257,26315
7258,24723
7259,25339
7260,48356
7261,46734
7262,38266
7263,26134
7264,24390
7265,30144
7266,33904
7267,50358
7268,24444
7269,33875
7270,50309
7271,43286
7272,88275
7273,38737
7274,27155
7275,38035
7276,25527
7277,49130
7278,28652
7279,22867
7280,43936
7281,29067
7282,28967
7283,27573
7284,22436
7285,59664
7286,23759
7287,24781
7288,40573
7289,25593
7290,41019
7291,27572
7292,25997
7293,23397
7294,27110
7295,23308
7296,24714
7297,25353
7298,20354
7299,30033
7300,235733
7301,68682
7302,52608
7303,36749
7304,29709
7305,37933
7306,29189
7307,48203
7308,26806
7309,26912
7310,44085
7311,67411
7312,40707
7313,30074
7314,27984
7315,30106
7316,29808
7317,31092
7318,26215
7319,26686
7320,47090
7321,56931
7322,39964
7323,39478
7324,27599
7325,38475
7326,54534
7327,24857
7328,27050
7329,24663
7330,52310
7331,48910
7332,33594
7333,64683
7334,33637
7335,33099
7336,33308
7337,43944
7338,28485
7339,29260
7340,48216
7341,26788
7342,24718
7343,26342
7344,39232
7345,34597
7346,21104
7347,23938
7348,22308
7349,19240
7350,76292
7351,34996
7352,29781
7353,30350
7354,26034
7355,42088
7356,26143
7357,28629
7358,25556
7359,21633
7360,44858
7361,29717
7362,24787
7363,25252
7364,20333
7365,24766
7366,31304
7367,22917
7368,26909
7369,22937
7370,44984
7371,32487
7372,24857
7373,64466
7374,28475
7375,32621
7376,20795
7377,43756
7378,29200
7379,22840
7380,49492
7381,28358
7382,27375
7383,26552
7384,22972
7385,33402
7386,30327
7387,28516
7388,32808
7389,24378
7390,36636
7391,31647
7392,27893
7393,27951
7394,19632
7395,24009
7396,22517
7397,22065
7398,19945
7399,31155
7400,176773
7401,52948
7402,52874
7403,34946
7404,44750
7405,38196
7406,22944
7407,31210
7408,30820
7409,25528
7410,51097
7411,57553
7412,39240
7413,27401
7414,28800
7415,35253
7416,27022
7417,25558
7418,25378
7419,26666
7420,49082
7421,43367
7422,31967
7423,24290
7424,26775
7425,35026
7426,22249
7427,25730
7428,25020
7429,22231
7430,45999
7431,32194
7432,46742
7433,37034
7434,26441
7435,27370
7436,21407
7437,22590
7438,22956
7439,24230
7440,49233
7441,37132
7442,24235
7443,25657
7444,43708
7445,36891
7446,29165
7447,45765
7448,29614
7449,17902
7450,49064
7451,30227
7452,34383
7453,31843
7454,22546
7455,34128
7456,35762
7457,22883
7458,28318
7459,18758
7460,34480
7461,25399
7462,22062
7463,28104
7464,25120
7465,26630
7466,37087
7467,24948
7468,25719
7469,31319
7470,36372
7471,28637
7472,25434
7473,25105
7474,48454
7475,37030
7476,24819
7477,33621
7478,22729
7479,20644
7480,53339
7481,26332
7482,26682
7483,23819
7484,26883
7485,22447
7486,30215
7487,24162
7488,35541
7489,21392
7490,33333
7491,28373
7492,29946
7493,25682
7494,28612
7495,23838
7496,20751
7497,22558
7498,21503
7499,27519
7500,729271
7501,72149
7502,51894
7503,54463
7504,35638
7505,56455
7506,55859
7507,40658
7508,37280
7509,42335
7510,56695
7511,72470
7512,35271
7513,35720
7514,26414
7515,42381
7516,29420
7517,31919
7518,33456
7519,28033
7520,70131
7521,36099
7522,53617
7523,27164
7524,32757
7525,43796
7526,24406
7527,32051
7528,24723
7529,39702
7530,49796
7531,36275
7532,33748
7533,34387
7534,27746
7535,36504
7536,22142
7537,32408
7538,34153
7539,24904
7540,38177
7541,33993
7542,31320
7543,25909
7544,27180
7545,39001
7546,37796
7547,27863
7548,23500
7549,22183
7550,72475
7551,42421
7552,35790
7553,35735
7554,60991
7555,76948
7556,32324
7557,38177
7558,28100
7559,28060
7560,110322
7561,42100
7562,28934
7563,23802
7564,28027
7565,40449
7566,42006
7567,32991
7568,26366
7569,25969
7570,47209
7571,36805
7572,29695
7573,22481
7574,19693
7575,114068
7576,36112
7577,68465
7578,26465
7579,23402
7580,55246
7581,41562
7582,25483
7583,23100
7584,24072
7585,33701
7586,29977
7587,28338
7588,36988
7589,23828
7590,53199
7591,30996
7592,23213
7593,26164
7594,19006
7595,26448
7596,18547
7597,18642
7598,20517
7599,32857
7600,239435
7601,72606
7602,37685
7603,40654
7604,30401
7605,29456
7606,39226
7607,37553
7608,27005
7609,32211
7610,65806
7611,62611
7612,41227
7613,31561
7614,30289
7615,38270
7616,38518
7617,24079
7618,30866
7619,34233
7620,40387
7621,34321
7622,34815
7623,46647
7624,24829
7625,33718
7626,29975
7627,23968
7628,27017
7629,23773
7630,44501
7631,41847
7632,31542
7633,34045
7634,24790
7635,35182
7636,33110
7637,30990
7638,31801
7639,22975
7640,34707
7641,32161
7642,20012
7643,35757
7644,26162
7645,27524
7646,22143
7647,25393
7648,22389
7649,23238
7650,52005
7651,34070
7652,27188
7653,27535
7654,36629
7655,38071
7656,31560
7657,29752
7658,23344
7659,27805
7660,48693
7661,39659
7662,27364
7663,30460
7664,35968
7665,29505
7666,51812
7667,40975
7668,29332
7669,32730
7670,41329
7671,44544
7672,20404
7673,24697
7674,23368
7675,26305
7676,58468
7677,43217
7678,28716
7679,24254
7680,56886
7681,32072
7682,29986
7683,28526
7684,21599
7685,25629
7686,27196
7687,24983
7688,39700
7689,20617
7690,25844
7691,22382
7692,25044
7693,19195
7694,18640
7695,23208
7696,22551
7697,19394
7698,42691
7699,26050
7700,298645
7701,103392
7702,49706
7703,44141
7704,33294
7705,40698
7706,43554
7707,64181
7708,39128
7709,39675
7710,71054
7711,123165
7712,42001
7713,38267
7714,63918
7715,38663
7716,40633
7717,68651
7718,33087
7719,28701
7720,76343
7721,73299
7722,74267
7723,29572
7724,30344
7725,39462
7726,29773
7727,41140
7728,30600
7729,31397
7730,65691
7731,41409
7732,55109
7733,71408
7734,32538
7735,42984
7736,29892
7737,40658
7738,32423
7739,42207
7740,41706
7741,53571
7742,21789
7743,124668
7744,47141
7745,30948
7746,31603
7747,39753
7748,33608
7749,22347
7750,76874
7751,71602
7752,33068
7753,36180
7754,24930
7755,71538
7756,30078
7757,38519
7758,32788
7759,33676
7760,66972
7761,35347
7762,32599
7763,26115
7764,28429
7765,30513
7766,57885
7767,40707
7768,28255
7769,23414
7770,89874
7771,94667
7772,49514
7773,48233
7774,62020
7775,55046
7776,94369
7777,241327
7778,79421
7779,53859
7780,48850
7781,36698
7782,30676
7783,25819
7784,21318
7785,31938
7786,27209
7787,36747
7788,91019
7789,37701
7790,42162
7791,46633
7792,25404
7793,32850
7794,20003
7795,27299
7796,23537
7797,27780
7798,23727
7799,53455
7800,294763
7801,54693
7802,29516
7803,55813
7804,26870
7805,39261
7806,30104
7807,24964
7808,34644
7809,26689
7810,49556
7811,62126
7812,37833
7813,28234
7814,22907
7815,29214
7816,40036
7817,35336
7818,35650
7819,25071
7820,42211
7821,33542
7822,31886
7823,23940
7824,24948
7825,34249
7826,28215
7827,35416
7828,30226
7829,25273
7830,54576
7831,32717
7832,34394
7833,36109
7834,30993
7835,24089
7836,28273
7837,35169
7838,25311
7839,23258
7840,38581
7841,26720
7842,19545
7843,20358
7844,34334
7845,26848
7846,19663
7847,20121
7848,24492
7849,26941
7850,72571
7851,37995
7852,22554
7853,33171
7854,23752
7855,42918
7856,25884
7857,22312
7858,28616
7859,22296
7860,43281
7861,26934
7862,22115
7863,25817
7864,50541
7865,22746
7866,32260
7867,58522
7868,31517
7869,24005
7870,58773
7871,30224
7872,32582
7873,25170
7874,27883
7875,41801
7876,27405
7877,44779
7878,78671
7879,42200
7880,51264
7881,38195
7882,25873
7883,25650
7884,28770
7885,49841
7886,25657
7887,41372
7888,72452
7889,27969
7890,84376
7891,31664
7892,23377
7893,23319
7894,33715
7895,28013
7896,31623
7897,34318
7898,31472
7899,31620
7900,199382
7901,65139
7902,34677
7903,27252
7904,26743
7905,25931
7906,22130
7907,22071
7908,25410
7909,23652
7910,43086
7911,45102
7912,32036
7913,24062
7914,29298
7915,33850
7916,23214
7917,31087
7918,23033
7919,24788
7920,46447
7921,41058
7922,29935
7923,28991
7924,28903
7925,26102
7926,20222
7927,21081
7928,20808
7929,19215
7930,31903
7931,27113
7932,24672
7933,24691
7934,17005
7935,22505
7936,29506
7937,20144
7938,21148
7939,26532
7940,30825
7941,22999
7942,33570
7943,15974
7944,20613
7945,21610
7946,24936
7947,19379
7948,21533
7949,22618
7950,59362
7951,27832
7952,23275
7953,18467
7954,20527
7955,28680
7956,27666
7957,19363
7958,19381
7959,21446
7960,32521
7961,25791
7962,22454
7963,25834
7964,21123
7965,29642
7966,36746
7967,26340
7968,24809
7969,18412
7970,59132
7971,27446
7972,18837
7973,44624
7974,59659
7975,23006
7976,25123
7977,35198
7978,22408
7979,34080
7980,100089
7981,28011
7982,21226
7983,17156
7984,20956
7985,23465
7986,23550
7987,18605
7988,25017
7989,21550
7990,46052
7991,24487
7992,25753
7993,23553
7994,17445
7995,28145
7996,19397
7997,26968
7998,26143
7999,46847
8000,2249335
8001,269490
8002,162904
8003,93745
8004,71412
8005,93795
8006,86605
8007,64183
8008,121631
8009,55960
8010,116107
8011,116831
8012,67773
8013,66099
8014,65648
8015,59405
8016,55550
8017,43194
8018,73104
8019,39664
8020,140736
8021,70801
8022,65141
8023,58490
8024,40792
8025,71649
8026,63237
8027,44296
8028,59789
8029,36842
8030,71349
8031,83389
8032,61295
8033,59359
8034,46427
8035,73141
8036,53269
8037,40561
8038,38885
8039,40644
8040,73379
8041,58329
8042,43415
8043,46518
8044,51754
8045,43172
8046,38660
8047,56721
8048,40417
8049,26873
8050,119312
8051,93939
8052,45974
8053,55551
8054,39110
8055,68395
8056,39682
8057,37583
8058,67999
8059,26122
8060,53649
8061,71406
8062,37100
8063,43117
8064,38499
8065,48875
8066,50300
8067,40361
8068,42059
8069,27068
8070,59405
8071,55739
8072,32013
8073,34775
8074,32557
8075,47738
8076,34944
8077,48471
8078,43882
8079,28162
8080,678111
8081,101345
8082,67137
8083,48619
8084,36254
8085,60203
8086,99770
8087,43951
8088,106770
8089,34159
8090,63758
8091,39551
8092,33066
8093,31049
8094,26110
8095,31811
8096,28948
8097,21135
8098,27715
8099,35769
8100,240166
8101,98010
8102,55573
8103,61073
8104,53226
8105,53160
8106,58391
8107,56420
8108,63878
8109,41340
8110,81382
8111,336196
8112,61868
8113,69181
8114,47393
8115,57026
8116,43072
8117,49977
8118,81199
8119,39582
8120,69085
8121,67517
8122,72828
8123,64538
8124,58580
8125,60903
8126,40142
8127,42439
8128,33512
8129,36777
8130,62179
8131,65644
8132,37992
8133,54259
8134,34297
8135,45883
8136,40478
8137,39538
8138,31665
8139,67703
8140,42414
8141,57586
8142,33868
8143,35874
8144,35777
8145,33884
8146,32697
8147,32410
8148,60193
8149,20870
8150,66639
8151,60245
8152,46588
8153,39255
8154,33654
8155,59093
8156,45166
8157,30062
8158,45416
8159,26238
8160,63792
8161,47178
8162,36144
8163,38800
8164,38691
8165,44427
8166,55354
8167,36515
8168,31755
8169,27401
8170,39653
8171,46510
8172,31806
8173,36187
8174,25079
8175,36854
8176,33732
8177,49985
8178,33087
8179,31388
8180,57598
8181,133263
8182,42792
8183,30392
8184,30196
8185,37130
8186,36990
8187,29092
8188,59908
8189,26290
8190,96759
8191,64495
8192,344253
8193,28874
8194,31118
8195,66996
8196,28487
8197,23429
8198,32198
8199,37639
8200,234868
8201,93130
8202,60046
8203,213113
8204,50259
8205,57594
8206,34152
8207,44619
8208,51362
8209,29669
8210,76561
8211,212897
8212,187447
8213,49609
8214,41147
8215,40854
8216,82810
8217,327068
8218,40008
8219,30871
8220,161430
8221,194997
8222,93544
8223,51561
8224,41340
8225,42658
8226,460814
8227,48078
8228,64632
8229,30719
8230,373669
8231,42695
8232,55741
8233,49151
8234,44901
8235,32351
8236,41814
8237,33501
8238,33905
8239,33094
8240,43711
8241,76004
8242,34441
8243,31538
8244,31719
8245,33263
8246,29280
8247,33681
8248,37562
8249,29728
8250,84684
8251,45467
8252,329369
8253,36045
8254,31326
8255,174087
8256,39513
8257,23637
8258,33553
8259,25888
8260,47202
8261,35326
8262,33994
8263,37614
8264,39459
8265,63679
8266,39050
8267,48964
8268,29588
8269,24841
8270,37481
8271,38066
8272,30606
8273,29754
8274,22308
8275,34116
8276,25748
8277,32333
8278,28836
8279,23946
8280,39382
8281,44923
8282,79835
8283,54237
8284,33038
8285,32042
8286,37476
8287,30154
8288,62281
8289,25138
8290,35648
8291,46594
8292,25590
8293,23694
8294,23754
8295,27479
8296,24534
8297,19794
8298,20543
8299,46363
8300,193784
8301,111266
8302,39919
8303,58586
8304,43073
8305,42608
8306,76058
8307,31676
8308,44410
8309,31509
8310,48863
8311,82001
8312,38777
8313,28915
8314,34788
8315,39369
8316,61608
8317,31962
8318,37154
8319,26316
8320,50207
8321,42633
8322,71041
8323,33026
8324,32052
8325,42990
8326,29797
8327,27619
8328,27220
8329,32601
8330,59761
8331,57116
8332,38183
8333,185509
8334,33655
8335,35382
8336,33374
8337,31767
8338,46547
8339,36424
8340,39096
8341,142947
8342,30667
8343,53541
8344,30741
8345,35154
8346,24301
8347,23899
8348,25304
8349,22945
8350,72147
8351,32653
8352,27850
8353,31740
8354,25721
8355,44591
8356,30516
8357,25875
8358,32462
8359,21808
8360,34924
8361,30323
8362,25138
8363,28211
8364,31265
8365,23798
8366,33978
8367,28268
8368,24240
8369,24440
8370,32755
8371,37862
8372,25309
8373,29219
8374,25764
8375,33284
8376,26123
8377,39277
8378,22075
8379,23175
8380,40890
8381,33721
8382,25324
8383,51573
8384,37809
8385,34580
8386,29091
8387,37085
8388,47700
8389,26596
8390,30927
8391,24366
8392,31209
8393,31047
8394,16820
8395,21333
8396,25248
8397,21904
8398,19452
8399,36872
8400,224765
8401,85759
8402,53565
8403,34050
8404,48734
8405,34481
8406,25202
8407,28035
8408,27683
8409,22191
8410,43143
8411,88874
8412,42849
8413,29550
8414,34103
8415,34200
8416,26885
8417,30609
8418,30201
8419,26700
8420,37050
8421,38905
8422,39928
8423,27208
8424,48363
8425,45418
8426,23282
8427,24655
8428,26440
8429,22048
8430,37352
8431,35490
8432,35654
8433,38411
8434,25922
8435,25361
8436,20704
8437,25099
8438,20716
8439,35837
8440,35304
8441,36448
8442,21966
8443,71386
8444,51880
8445,29749
8446,31224
8447,31012
8448,34620
8449,22381
8450,42650
8451,41552
8452,29225
8453,29177
8454,25605
8455,34042
8456,31966
8457,30900
8458,26004
8459,27441
8460,37349
8461,35142
8462,36688
8463,22547
8464,23446
8465,20727
8466,30155
8467,35392
8468,21100
8469,20421
8470,47826
8471,28674
8472,32249
8473,37398
8474,20999
8475,22534
8476,21227
8477,162767
8478,22418
8479,17377
8480,43928
8481,33230
8482,51853
8483,22239
8484,63079
8485,32967
8486,28139
8487,33782
8488,37379
8489,19869
8490,27799
8491,29564
8492,24045
8493,29712
8494,21863
8495,22454
8496,21541
8497,20129
8498,18844
8499,25581
8500,408522
8501,497088
8502,99377
8503,68671
8504,47680
8505,94129
8506,48536
8507,52335
8508,51610
8509,35875
8510,129201
8511,178064
8512,87325
8513,31610
8514,42195
8515,64627
8516,36269
8517,30758
8518,39119
8519,29326
8520,86685
8521,59256
8522,73523
8523,31222
8524,29996
8525,60460
8526,36549
8527,31241
8528,40098
8529,35376
8530,72151
8531,45921
8532,40377
8533,54595
8534,30322
8535,44388
8536,29137
8537,25643
8538,31238
8539,36193
8540,70515
8541,40109
8542,27429
8543,41828
8544,44382
8545,53790
8546,32953
8547,26641
8548,26984
8549,20135
8550,137575
8551,69489
8552,44739
8553,38486
8554,41203
8555,198048
8556,46453
8557,32415
8558,94994
8559,25260
8560,67860
8561,39931
8562,33652
8563,34182
8564,24288
8565,42680
8566,52906
8567,62131
8568,27968
8569,24010
8570,272609
8571,74948
8572,34686
8573,31587
8574,30402
8575,52554
8576,34525
8577,115214
8578,35632
8579,25683
8580,95389
8581,37892
8582,37863
8583,33228
8584,32311
8585,173160
8586,52994
8587,28053
8588,114687
8589,26983
8590,28717
8591,51449
8592,22019
8593,22340
8594,86562
8595,29758
8596,23985
8597,19618
8598,16323
8599,32242
8600,246003
8601,316169
8602,60550
8603,45351
8604,40721
8605,33818
8606,43846
8607,27784
8608,27389
8609,66994
8610,78565
8611,87758
8612,36839
8613,29314
8614,33297
8615,38132
8616,32384
8617,28200
8618,27196
8619,25193
8620,58029
8621,50903
8622,35996
8623,42608
8624,27836
8625,37678
8626,26305
8627,23551
8628,29413
8629,24742
8630,46867
8631,34767
8632,31450
8633,42833
8634,24164
8635,23272
8636,29680
8637,25616
8638,23049
8639,38341
8640,120223
8641,33885
8642,36589
8643,22843
8644,41045
8645,23771
8646,22029
8647,19396
8648,29016
8649,21463
8650,55063
8651,34529
8652,24505
8653,18629
8654,23713
8655,61073
8656,38664
8657,30565
8658,27761
8659,18235
8660,55510
8661,32754
8662,26204
8663,26077
8664,27154
8665,31225
8666,96359
8667,32911
8668,41335
8669,29580
8670,54972
8671,31101
8672,22512
8673,20275
8674,34236
8675,27262
8676,24351
8677,46284
8678,26573
8679,16957
8680,53437
8681,37144
8682,26016
8683,25243
8684,22285
8685,30481
8686,157605
8687,29939
8688,60677
8689,23426
8690,31021
8691,47717
8692,23035
8693,23799
8694,18321
8695,21012
8696,24364
8697,29851
8698,29039
8699,27367
8700,195500
8701,88354
8702,29204
8703,40174
8704,37159
8705,36493
8706,24472
8707,32314
8708,30747
8709,23879
8710,48535
8711,67904
8712,31919
8713,24616
8714,26393
8715,34028
8716,31637
8717,29667
8718,39197
8719,24848
8720,42209
8721,41783
8722,62906
8723,28275
8724,26493
8725,31854
8726,22806
8727,25871
8728,27471
8729,26937
8730,39896
8731,34348
8732,29264
8733,46433
8734,19667
8735,25765
8736,22198
8737,29385
8738,24561
8739,45052
8740,34888
8741,40253
8742,20557
8743,20282
8744,26244
8745,23710
8746,35469
8747,24526
8748,23308
8749,20579
8750,60230
8751,27235
8752,18639
8753,24387
8754,16963
8755,35114
8756,22304
8757,27505
8758,19691
8759,16680
8760,53460
8761,23268
8762,21847
8763,20625
8764,20184
8765,38911
8766,31175
8767,25359
8768,18445
8769,17573
8770,46685
8771,36130
8772,29688
8773,26124
8774,21255
8775,26351
8776,27338
8777,61257
8778,37420
8779,17158
8780,35484
8781,34839
8782,25187
8783,25913
8784,19731
8785,24973
8786,21326
8787,80727
8788,43014
8789,30811
8790,33257
8791,22559
8792,19774
8793,18247
8794,20038
8795,25867
8796,15132
8797,21285
8798,23957
8799,70962
8800,360972
8801,122095
8802,67122
8803,38737
8804,42499
8805,48273
8806,36422
8807,35896
8808,61058
8809,29888
8810,54591
8811,115166
8812,41173
8813,39970
8814,39424
8815,44188
8816,34403
8817,35745
8818,46651
8819,27389
8820,93165
8821,45434
8822,78828
8823,66060
8824,31249
8825,48030
8826,26518
8827,25515
8828,40794
8829,29674
8830,72327
8831,35976
8832,35546
8833,62484
8834,28404
8835,39043
8836,29153
8837,24324
8838,35904
8839,32816
8840,46972
8841,39122
8842,24052
8843,26946
8844,51993
8845,31024
8846,32311
8847,24480
8848,60312
8849,21970
8850,70357
8851,43372
8852,27538
8853,24729
8854,31642
8855,76341
8856,35149
8857,27353
8858,35040
8859,204683
8860,45617
8861,37169
8862,29561
8863,28421
8864,25115
8865,26217
8866,60693
8867,30602
8868,37453
8869,26204
8870,46068
8871,39210
8872,26856
8873,49034
8874,28600
8875,38576
8876,31031
8877,64565
8878,44617
8879,26500
8880,96666
8881,69003
8882,56191
8883,46701
8884,61401
8885,55112
8886,45994
8887,49435
8888,293032
8889,55350
8890,58656
8891,37031
8892,27425
8893,22996
8894,26055
8895,32581
8896,21557
8897,24747
8898,28890
8899,51967
8900,169335
8901,61088
8902,35354
8903,22818
8904,27053
8905,33514
8906,17891
8907,26222
8908,29823
8909,30102
8910,76429
8911,38654
8912,30703
8913,22793
8914,37046
8915,32324
8916,43508
8917,21640
8918,33373
8919,31054
8920,35716
8921,23184
8922,32672
8923,23506
8924,31480
8925,42920
8926,22899
8927,19377
8928,21721
8929,33726
8930,38388
8931,33601
8932,17696
8933,25822
8934,19625
8935,26248
8936,17948
8937,18938
8938,49470
8939,21945
8940,35334
8941,25563
8942,18391
8943,17016
8944,20381
8945,24486
8946,27867
8947,17646
8948,19783
8949,27927
8950,43668
8951,23071
8952,20460
8953,19297
8954,16635
8955,28887
8956,19683
8957,15849
8958,20998
8959,21296
8960,50202
8961,20556
8962,28725
8963,20986
8964,19892
8965,20680
8966,25826
8967,20665
8968,24880
8969,21174
8970,30044
8971,21724
8972,21624
8973,16876
8974,18086
8975,31695
8976,19239
8977,30130
8978,17831
8979,21872
8980,48592
8981,31409
8982,21818
8983,19772
8984,24127
8985,20116
8986,20111
8987,19865
8988,33569
8989,89480
8990,40431
8991,28532
8992,26216
8993,23720
8994,20466
8995,21613
8996,24000
8997,18749
8998,36385
8999,47116
9000,1388478
9001,1354187
9002,101804
9003,71015
9004,60893
9005,73360
9006,64689
9007,58433
9008,65265
9009,56916
9010,73961
9011,65629
9012,50720
9013,32568
9014,35579
9015,40915
9016,34149
9017,30521
9018,33375
9019,27903
9020,67572
9021,42714
9022,40455
9023,31756
9024,30166
9025,33378
9026,28359
9027,31726
9028,22564
9029,28696
9030,62306
9031,32427
9032,25094
9033,36365
9034,20883
9035,36021
9036,25451
9037,29989
9038,24958
9039,27160
9040,39853
9041,25686
9042,24091
9043,18862
9044,25018
9045,29942
9046,23301
9047,18404
9048,20881
9049,16307
9050,64400
9051,28519
9052,24528
9053,21292
9054,21796
9055,30806
9056,20725
9057,18187
9058,20593
9059,20941
9060,52845
9061,27935
9062,24934
9063,19345
9064,28122
9065,19671
9066,68008
9067,21268
9068,22302
9069,19300
9070,47792
9071,27680
9072,26047
9073,21211
9074,18204
9075,27011
9076,23762
9077,30138
9078,26815
9079,18223
9080,49145
9081,24087
9082,21674
9083,21156
9084,19271
9085,24631
9086,20172
9087,20271
9088,27854
9089,23932
9090,133535
9091,36885
9092,29353
9093,25154
9094,19653
9095,24372
9096,22164
9097,19088
9098,22337
9099,30481
9100,210211
9101,69988
9102,36834
9103,31290
9104,38464
9105,30807
9106,25857
9107,34092
9108,23660
9109,25724
9110,82869
9111,126850
9112,37689
9113,32173
9114,27917
9115,31401
9116,25779
9117,28640
9118,28989
9119,40359
9120,44734
9121,36518
9122,34988
9123,36337
9124,23999
9125,27256
9126,28152
9127,27454
9128,22297
9129,22056
9130,37533
9131,34114
9132,25899
9133,29929
9134,21380
9135,21278
9136,22492
9137,23264
9138,17599
9139,17628
9140,27997
9141,29479
9142,21976
9143,19647
9144,26857
9145,24133
9146,19823
9147,18425
9148,19477
9149,18733
9150,44735
9151,36730
9152,21728
9153,26620
9154,19701
9155,34563
9156,22421
9157,16623
9158,20697
9159,17192
9160,51763
9161,29587
9162,19042
9163,20070
9164,17102
9165,30040
9166,29396
9167,22561
9168,21270
9169,16567
9170,27173
9171,46433
9172,19892
9173,18863
9174,21414
9175,19749
9176,20013
9177,25813
9178,19912
9179,16586
9180,48861
9181,32518
9182,19552
9183,18419
9184,23465
9185,20292
9186,23440
9187,15865
9188,28522
9189,17977
9190,31534
9191,55907
9192,29945
9193,21765
9194,17378
9195,20993
9196,20669
9197,17742
9198,20245
9199,29033
9200,178373
9201,63970
9202,52531
9203,27625
9204,30593
9205,29516
9206,27136
9207,27560
9208,25486
9209,22172
9210,37816
9211,55638
9212,26333
9213,25881
9214,23142
9215,27801
9216,30368
9217,20167
9218,21309
9219,18528
9220,39547
9221,32830
9222,43825
9223,24945
9224,21428
9225,28814
9226,19316
9227,25224
9228,21393
9229,26868
9230,30057
9231,28226
9232,23844
9233,29092
9234,22531
9235,20143
9236,19355
9237,18580
9238,21292
9239,19042
9240,40898
9241,44017
9242,17471
9243,17870
9244,20628
9245,20925
9246,25763
9247,18374
9248,19448
9249,17935
9250,50471
9251,24182
9252,21868
9253,19392
9254,18372
9255,33327
9256,18527
9257,17368
9258,22846
9259,17135
9260,53387
9261,29397
9262,28515
9263,20134
9264,36023
9265,21124
9266,28591
9267,19565
9268,26210
9269,18941
9270,29964
9271,25581
9272,28439
9273,20816
9274,20844
9275,28625
9276,17500
9277,23655
9278,20699
9279,19538
9280,38747
9281,25940
9282,24529
9283,23611
9284,20470
9285,21925
9286,21540
9287,16977
9288,27433
9289,15253
9290,38563
9291,22210
9292,49906
9293,21618
9294,19073
9295,19521
9296,15983
9297,18673
9298,19066
9299,24171
9300,150430
9301,63905
9302,28006
9303,28188
9304,21614
9305,26555
9306,21463
9307,21462
9308,21576
9309,22609
9310,38690
9311,45738
9312,31113
9313,29269
9314,24819
9315,26277
9316,20854
9317,19526
9318,23364
9319,21190
9320,34347
9321,32076
9322,23875
9323,23607
9324,21127
9325,30657
9326,48281
9327,21379
9328,21147
9329,16554
9330,35615
9331,29360
9332,23625
9333,75632
9334,18177
9335,28051
9336,28657
9337,24842
9338,20111
9339,29311
9340,28790
9341,23751
9342,15802
9343,25144
9344,20740
9345,25695
9346,17849
9347,15854
9348,16247
9349,17428
9350,47389
9351,23429
9352,19947
9353,22056
9354,16954
9355,34603
9356,16273
9357,18107
9358,16922
9359,17243
9360,40905
9361,27713
9362,23697
9363,19664
9364,19238
9365,20414
9366,24935
9367,18703
9368,16879
9369,21664
9370,37999
9371,20649
9372,19112
9373,18861
9374,19407
9375,91500
9376,19281
9377,24941
9378,22226
9379,15254
9380,34118
9381,26968
9382,17537
9383,21878
9384,22741
9385,20762
9386,19175
9387,20102
9388,25065
9389,16795
9390,26926
9391,20395
9392,16371
9393,42142
9394,20375
9395,20695
9396,16545
9397,18664
9398,17039
9399,27143
9400,115019
9401,39879
9402,21938
9403,20933
9404,27418
9405,33348
9406,20014
9407,19859
9408,19604
9409,29121
9410,36008
9411,39193
9412,23313
9413,21957
9414,27714
9415,33266
9416,23616
9417,24571
9418,23594
9419,23254
9420,26317
9421,21254
9422,27542
9423,21439
9424,31170
9425,25385
9426,15983
9427,16458
9428,21167
9429,15966
9430,26550
9431,22867
9432,32884
9433,48828
9434,36851
9435,24316
9436,20111
9437,40547
9438,19771
9439,18943
9440,33374
9441,25775
9442,17687
9443,29527
9444,31680
9445,23251
9446,17806
9447,17756
9448,19646
9449,35554
9450,50558
9451,24118
9452,19115
9453,16014
9454,19498
9455,23946
9456,17674
9457,17266
9458,14898
9459,16960
9460,23988
9461,16366
9462,16522
9463,24592
9464,17807
9465,21971
9466,21808
9467,21634
9468,27130
9469,16973
9470,24961
9471,21811
9472,18440
9473,17518
9474,24043
9475,20727
9476,15344
9477,23888
9478,17686
9479,21325
9480,28280
9481,19083
9482,16262
9483,15100
9484,15771
9485,15872
9486,18307
9487,13174
9488,25981
9489,15422
9490,20692
9491,17902
9492,16843
9493,18645
9494,26671
9495,20355
9496,21694
9497,16133
9498,14332
9499,20471
9500,287368
9501,68341
9502,31527
9503,28389
9504,34190
9505,36845
9506,22914
9507,24505
9508,25243
9509,18939
9510,33246
9511,39989
9512,28131
9513,26009
9514,19513
9515,25843
9516,22639
9517,23174
9518,20784
9519,21489
9520,29923
9521,25352
9522,25361
9523,20439
9524,18914
9525,34447
9526,15339
9527,19517
9528,21597
9529,18932
9530,31848
9531,29008
9532,20701
9533,25780
9534,17444
9535,24345
9536,24935
9537,18550
9538,14366
9539,16167
9540,26524
9541,22659
9542,17582
9543,19204
9544,17273
9545,26272
9546,16423
9547,16534
9548,14719
9549,13714
9550,54007
9551,29006
9552,21669
9553,21931
9554,16737
9555,67316
9556,26964
9557,22209
9558,20396
9559,23541
9560,35493
9561,20849
9562,16317
9563,15848
9564,17288
9565,21297
9566,26022
9567,20416
9568,22387
9569,16074
9570,34299
9571,18544
9572,16480
9573,16265
9574,12969
9575,25445
9576,16986
9577,22128
9578,16535
9579,12861
9580,30371
9581,22355
9582,17405
9583,19141
9584,19091
9585,24739
9586,16843
9587,17792
9588,25181
9589,13547
9590,32882
9591,18917
9592,19738
9593,25491
9594,16034
9595,40270
9596,19217
9597,14404
9598,15239
9599,21180
9600,292323
9601,49776
9602,29892
9603,33887
9604,27406
9605,25549
9606,28664
9607,35636
9608,29911
9609,21729
9610,35785
9611,40007
9612,38347
9613,32320
9614,19704
9615,23338
9616,23740
9617,19897
9618,19364
9619,21541
9620,27568
9621,43706
9622,29172
9623,18112
9624,21716
9625,42029
9626,23673
9627,18512
9628,17207
9629,21089
9630,38460
9631,21998
9632,24399
9633,25252
9634,14876
9635,19715
9636,18921
9637,17291
9638,18846
9639,19481
9640,28292
9641,18653
9642,28201
9643,17623
9644,18335
9645,20809
9646,20388
9647,17747
9648,15988
9649,14361
9650,38012
9651,22592
9652,18306
9653,16940
9654,58531
9655,25360
9656,26308
9657,18103
9658,27074
9659,16586
9660,57023
9661,24179
9662,28906
9663,23743
9664,22883
9665,19810
9666,43886
9667,23523
9668,21723
9669,29101
9670,211190
9671,27092
9672,21405
9673,22361
9674,22629
9675,25677
9676,20198
9677,27079
9678,23208
9679,26876
9680,37287
9681,31409
9682,20534
9683,34915
9684,28123
9685,47612
9686,34486
9687,23791
9688,122706
9689,27630
9690,26618
9691,18520
9692,17518
9693,16608
9694,17027
9695,20150
9696,53559
9697,39788
9698,18844
9699,21535
9700,169316
9701,52166
9702,45300
9703,35787
9704,36676
9705,36556
9706,36997
9707,39162
9708,33114
9709,29381
9710,40076
9711,68713
9712,29020
9713,20228
9714,24625
9715,29497
9716,19952
9717,20041
9718,24122
9719,16803
9720,76332
9721,26775
9722,25704
9723,18264
9724,27501
9725,19726
9726,22571
9727,17068
9728,30612
9729,19600
9730,24832
9731,20512
9732,16953
9733,31907
9734,22704
9735,25604
9736,18545
9737,25072
9738,16006
9739,17213
9740,24852
9741,22277
9742,20665
9743,22546
9744,22131
9745,24405
9746,19909
9747,23285
9748,18288
9749,20431
9750,42569
9751,25394
9752,26216
9753,21410
9754,31186
9755,32807
9756,23216
9757,25756
9758,35258
9759,24240
9760,29800
9761,19073
9762,17578
9763,17397
9764,14909
9765,20683
9766,26088
9767,19114
9768,16631
9769,17778
9770,30177
9771,25593
9772,20952
9773,23335
9774,18377
9775,22089
9776,22102
9777,41180
9778,26474
9779,22494
9780,32486
9781,23885
9782,17659
9783,21036
9784,17789
9785,18533
9786,33943
9787,30645
9788,27411
9789,16983
9790,30206
9791,19719
9792,20015
9793,17797
9794,18370
9795,26461
9796,18949
9797,30924
9798,21390
9799,25490
9800,258272
9801,122043
9802,42756
9803,33988
9804,20438
9805,22941
9806,22516
9807,18366
9808,25204
9809,27517
9810,66960
9811,33539
9812,23539
9813,21522
9814,15362
9815,20543
9816,24378
9817,19655
9818,21583
9819,18943
9820,41508
9821,36540
9822,28079
9823,19921
9824,21894
9825,332229
9826,20699
9827,20672
9828,23328
9829,123869
9830,42518
9831,35647
9832,26389
9833,60022
9834,27256
9835,62047
9836,56659
9837,20050
9838,17331
9839,21070
9840,30616
9841,22946
9842,19331
9843,25526
9844,19688
9845,18175
9846,16571
9847,15811
9848,21756
9849,15430
9850,39546
9851,46315
9852,20378
9853,20042
9854,16623
9855,23747
9856,18917
9857,19644
9858,18224
9859,17114
9860,27806
9861,41122
9862,20743
9863,15238
9864,15828
9865,16700
9866,25296
9867,23048
9868,19898
9869,19267
9870,34285
9871,22667
9872,19223
9873,18617
9874,20575
9875,26328
9876,50396
9877,26636
9878,21276
9879,15103
9880,37382
9881,27406
9882,28105
9883,18168
9884,17155
9885,21556
9886,18673
9887,27644
9888,53134
9889,28224
9890,24170
9891,19144
9892,19641
9893,13709
9894,15332
9895,23674
9896,17249
9897,17631
9898,46718
9899,45244
9900,235724
9901,48983
9902,31882
9903,29431
9904,30830
9905,23380
9906,22478
9907,23278
9908,24783
9909,29399
9910,42025
9911,72195
9912,27989
9913,22573
9914,18080
9915,26232
9916,18531
9917,41559
9918,17721
9919,26481
9920,76317
9921,28579
9922,36939
9923,20689
9924,17160
9925,22996
9926,23073
9927,20472
9928,20858
9929,22647
9930,33628
9931,22770
9932,19149
9933,40789
9934,18731
9935,18910
9936,27373
9937,17073
9938,18410
9939,31003
9940,25515
9941,20889
9942,17135
9943,17246
9944,23963
9945,29183
9946,22473
9947,19500
9948,29406
9949,17394
9950,34447
9951,24810
9952,23359
9953,17247
9954,16840
9955,42552
9956,21337
9957,17025
9958,19025
9959,22307
9960,38937
9961,24090
9962,22569
9963,21833
9964,19583
9965,22721
9966,50695
9967,23401
9968,27429
9969,28145
9970,28348
9971,24482
9972,23393
9973,28935
9974,25675
9975,35144
9976,19875
9977,35848
9978,22271
9979,28173
9980,72343
9981,43267
9982,24862
9983,48287
9984,87752
9985,24684
9986,28354
9987,28820
9988,56266
9989,47855
9990,90282
9991,47428
9992,32824
9993,39984
9994,37334
9995,59786
9996,51692
9997,54036
9998,65865
9999,1170508
10000,2796564
