number,count
0,80031640
1,165356359
2,130726185
3,94041882
4,68638713
5,68001564
6,44017899
7,36672659
8,35339297
9,30048015
10,50112336
11,27024334
12,31653175
13,21912960
14,18656421
15,22704892
16,17695554
17,15178844
18,16423226
19,15810191
20,24769965
21,11974784
22,11503492
23,10387914
24,10894168
25,13029061
26,7668407
27,7504711
28,7619914
29,7012592
30,17299531
31,5761984
32,5148877
33,3981924
34,3596949
35,5093155
36,3786623
37,3353670
38,3282508
39,3499230
40,8865637
41,2922642
42,3288208
43,2875245
44,3044635
45,4716220
46,2751317
47,2746917
48,3239873
49,2713215
50,12984264
51,2652051
52,2683058
53,2447392
54,2462521
55,3150025
56,2503236
57,2324993
58,2281948
59,2369650
60,6027820
61,1071859
62,1190304
63,1130949
64,2339572
65,2138270
66,1189492
67,1148436
68,1027321
69,950461
70,3897534
71,928094
72,1320768
73,925528
74,905629
75,2879501
76,883124
77,915097
78,934710
79,826079
80,4592878
81,871157
82,842410
83,899615
84,891238
85,1495200
86,870562
87,789103
88,871966
89,830465
90,4742797
91,872757
92,848486
93,841389
94,777532
95,2100613
96,958181
97,926539
98,1091909
99,2726476
100,15056147
101,1069228
102,477480
103,447005
104,454409
105,558158
106,421898
107,391566
108,441064
109,398889
110,826102
111,459055
112,393848
113,335352
114,324218
115,434209
116,318680
117,333640
118,313078
119,308166
120,1498727
121,333235
122,309601
123,550155
124,288093
125,714491
126,294834
127,346307
128,678944
129,275715
130,696812
131,261660
132,278019
133,274997
134,238935
135,385564
136,242537
137,273139
138,241198
139,244911
140,704098
141,235381
142,228484
143,235175
144,313843
145,309944
146,231279
147,245667
148,217691
149,225243
150,2207598
151,224092
152,211605
153,214478
154,201622
155,292347
156,206353
157,208706
158,192932
159,198414
160,768846
161,206986
162,205684
163,201074
164,193582
165,282531
166,185215
167,200794
168,246574
169,191260
170,408098
171,178329
172,188086
173,179816
174,166807
175,338639
176,184311
177,184572
178,165789
179,180576
180,1040221
181,171782
182,171552
183,198703
184,170224
185,230794
186,179018
187,189243
188,157103
189,171458
190,311877
191,166797
192,252411
193,164873
194,146490
195,206765
196,158254
197,150579
198,152742
199,195425
200,4694542
201,244120
202,218605
203,186933
204,168919
205,199862
206,187524
207,163304
208,177097
209,154654
210,309468
211,163212
212,219716
213,151852
214,155428
215,195249
216,173390
217,144249
218,139216
219,133446
220,421040
221,169342
222,179979
223,184035
224,166024
225,282044
226,138794
227,135895
228,145720
229,126174
230,306274
231,148418
232,164132
233,166367
234,156578
235,216236
236,124153
237,134927
238,162006
239,144563
240,455412
241,134034
242,127348
243,140256
244,131696
245,153106
246,129423
247,121759
248,129522
249,124481
250,1694443
251,125743
252,157496
253,126575
254,133003
255,448464
256,607648
257,118102
258,101734
259,103425
260,253732
261,112636
262,127274
263,119080
264,170886
265,152402
266,103844
267,105164
268,102959
269,106620
270,282339
271,105947
272,113472
273,155466
274,98179
275,201339
276,100473
277,112209
278,97912
279,100039
280,274870
281,104833
282,99769
283,98706
284,98736
285,127150
286,107018
287,105172
288,117875
289,100697
290,159653
291,92675
292,96047
293,102511
294,95734
295,112830
296,95757
297,94358
298,102600
299,137862
300,3208040
301,222944
302,148446
303,148141
304,130399
305,136212
306,105792
307,102662
308,126063
309,95465
310,173598
311,113160
312,128022
313,107989
314,102407
315,141429
316,102464
317,106940
318,106003
319,122913
320,274813
321,111554
322,110413
323,113186
324,100177
325,197063
326,85449
327,89396
328,88683
329,83839
330,251067
331,91748
332,87256
333,184980
334,87077
335,100400
336,100078
337,90585
338,85400
339,77271
340,167849
341,86525
342,84028
343,96617
344,80725
345,121087
346,73586
347,87794
348,76638
349,82381
350,687789
351,91455
352,84529
353,82286
354,84981
355,101002
356,85298
357,103575
358,75964
359,78349
360,870786
361,82591
362,70908
363,78983
364,84627
365,420313
366,88258
367,76682
368,73650
369,69921
370,164898
371,78187
372,77930
373,75737
374,65084
375,201230
376,71845
377,84054
378,74026
379,71036
380,169231
381,75208
382,69097
383,71745
384,112339
385,92426
386,90976
387,84644
388,67045
389,69228
390,125532
391,70671
392,69702
393,74642
394,65439
395,88812
396,65573
397,67101
398,59314
399,94866
400,2671183
401,646615
402,78886
403,146683
404,215671
405,105507
406,77789
407,77519
408,83972
409,74002
410,148995
411,83892
412,76568
413,71579
414,75212
415,115759
416,85434
417,71302
418,61720
419,67437
420,177617
421,70869
422,71530
423,67256
424,67777
425,123741
426,65129
427,66407
428,64624
429,71319
430,133317
431,67873
432,86351
433,72400
434,62837
435,99964
436,58866
437,63407
438,59954
439,55571
440,164712
441,64917
442,59338
443,94515
444,87559
445,71689
446,57360
447,64672
448,60886
449,61361
450,471134
451,122612
452,60082
453,64747
454,72991
455,78543
456,99604
457,77575
458,73536
459,60436
460,127522
461,55903
462,55637
463,57988
464,57009
465,74266
466,56689
467,56525
468,56060
469,55875
470,113034
471,67296
472,53797
473,55304
474,50070
475,90728
476,82176
477,51915
478,51902
479,59468
480,223057
481,55631
482,51417
483,73994
484,55367
485,74177
486,86856
487,51298
488,58634
489,52376
490,94036
491,49315
492,49114
493,51835
494,48789
495,74774
496,55618
497,51070
498,51698
499,91273
500,5552730
501,136400
502,72848
503,77561
504,98010
505,74644
506,56282
507,56066
508,70006
509,81719
510,122264
511,67480
512,295768
513,56942
514,57368
515,65864
516,54930
517,53802
518,51271
519,51643
520,126299
521,99415
522,50480
523,55640
524,50682
525,90794
526,53176
527,57234
528,52942
529,191447
530,110350
531,53048
532,52491
533,58176
534,52593
535,72580
536,65405
537,55006
538,69837
539,53624
540,135704
541,56506
542,51217
543,54367
544,50201
545,58604
546,47175
547,47754
548,42900
549,47415
550,297027
551,55774
552,48725
553,48099
554,43276
555,135648
556,47214
557,43076
558,44995
559,45693
560,124656
561,52249
562,47389
563,48650
564,43127
565,56484
566,39192
567,55652
568,45702
569,42931
570,101269
571,50538
572,43392
573,45938
574,43248
575,65709
576,62324
577,47535
578,39106
579,45281
580,99792
581,54080
582,43422
583,43045
584,42857
585,58736
586,53368
587,52587
588,42104
589,47580
590,76813
591,41418
592,44301
593,42609
594,39478
595,52188
596,39134
597,47247
598,41716
599,68758
600,1698035
601,69665
602,64559
603,66067
604,62665
605,53589
606,53216
607,47166
608,48908
609,54823
610,91353
611,44389
612,55540
613,61369
614,46207
615,57742
616,64665
617,60386
618,82958
619,46053
620,101400
621,45176
622,55008
623,45901
624,48299
625,119295
626,53068
627,45044
628,45072
629,41892
630,95027
631,51723
632,61684
633,44638
634,40213
635,47563
636,46697
637,42486
638,39779
639,53383
640,147042
641,44847
642,53966
643,40479
644,53093
645,51652
646,44239
647,48908
648,45507
649,43110
650,277291
651,43956
652,36488
653,36674
654,39542
655,46259
656,49525
657,37606
658,34064
659,35061
660,110576
661,47899
662,38142
663,38023
664,41939
665,42283
666,140020
667,61740
668,40563
669,39310
670,80940
671,40811
672,40263
673,38440
674,44705
675,58439
676,39682
677,41079
678,44279
679,38646
680,97118
681,37404
682,39121
683,37084
684,38905
685,41579
686,40069
687,38989
688,38453
689,35537
690,64734
691,46543
692,35595
693,37682
694,32825
695,42297
696,35349
697,33163
698,32428
699,44133
700,1112823
701,55029
702,57407
703,56874
704,51759
705,49340
706,41776
707,60045
708,38749
709,46642
710,68459
711,54885
712,45477
713,46544
714,46247
715,48757
716,42224
717,43138
718,49514
719,37486
720,161627
721,49252
722,42983
723,34623
724,34675
725,56006
726,33855
727,49180
728,43270
729,39051
730,75395
731,42844
732,52945
733,38048
734,36768
735,41903
736,34704
737,86188
738,32299
739,33439
740,75764
741,44653
742,34527
743,35238
744,41459
745,42100
746,36300
747,105468
748,33025
749,35406
750,467868
751,39304
752,38413
753,46328
754,60871
755,69977
756,39003
757,52140
758,28630
759,35244
760,100560
761,31905
762,33199
763,35418
764,31293
765,45954
766,36085
767,53685
768,76855
769,35433
770,82113
771,35934
772,37425
773,38204
774,35636
775,60441
776,43232
777,121991
778,39983
779,30765
780,89901
781,36547
782,34029
783,34506
784,40726
785,42494
786,40238
787,65037
788,32590
789,45555
790,53029
791,32430
792,46586
793,34183
794,35896
795,37244
796,30446
797,31956
798,30067
799,42659
800,1841560
801,58478
802,170897
803,42004
804,40285
805,45341
806,33252
807,35159
808,59681
809,32522
810,62621
811,36181
812,36812
813,40451
814,41058
815,45564
816,36134
817,35045
818,41875
819,31906
820,64343
821,33768
822,40926
823,31944
824,34453
825,48897
826,31970
827,33053
828,36026
829,34687
830,60153
831,31126
832,35636
833,51687
834,28404
835,37400
836,33321
837,28974
838,28764
839,29038
840,79913
841,32773
842,34254
843,40124
844,46612
845,49463
846,32446
847,37769
848,33131
849,29487
850,206600
851,30775
852,36328
853,32277
854,33553
855,78020
856,32875
857,33237
858,34926
859,31725
860,64949
861,30799
862,30572
863,33343
864,44127
865,40226
866,82496
867,33039
868,29996
869,29205
870,62974
871,33186
872,31013
873,29159
874,31834
875,69502
876,31979
877,80115
878,30046
879,29364
880,71764
881,28174
882,30311
883,31167
884,26975
885,32078
886,30235
887,27957
888,141430
889,29663
890,49952
891,29076
892,28412
893,31925
894,27354
895,33882
896,30166
897,27885
898,28442
899,36407
900,758219
901,45991
902,35594
903,33340
904,36120
905,41234
906,32850
907,53544
908,33111
909,43596
910,60604
911,367719
912,39991
913,38070
914,38955
915,38075
916,40031
917,34731
918,35895
919,41797
920,70865
921,30488
922,33949
923,30109
924,36757
925,53061
926,29730
927,29218
928,37119
929,30910
930,58894
931,31203
932,42792
933,31044
934,27399
935,34886
936,41569
937,32742
938,29556
939,31627
940,56609
941,37106
942,26583
943,27657
944,31884
945,36419
946,28268
947,26443
948,25702
949,35052
950,129690
951,33093
952,31210
953,28607
954,34229
955,34239
956,28048
957,27470
958,24532
959,30595
960,101621
961,29325
962,33630
963,29898
964,26738
965,36716
966,29796
967,35603
968,29001
969,33492
970,65221
971,32082
972,39201
973,37571
974,26609
975,43962
976,34018
977,27528
978,530621
979,29581
980,72549
981,35851
982,40949
983,41850
984,30754
985,33832
986,27845
987,38215
988,32483
989,35614
990,73151
991,30861
992,30100
993,31369
994,29954
995,49626
996,36626
997,37728
998,41587
999,293532
1000,2563627
1001,111173
1002,111723
1003,30067
1004,27981
1005,20845
1006,31794
1007,153211
1008,18754
1009,18151
1010,69068
1011,44870
1012,38146
1013,29177
1014,29080
1015,33677
1016,379413
1017,46521
1018,27089
1019,19644
1020,34155
1021,52529
1022,22219
1023,65480
1024,282038
1025,25297
1026,17633
1027,17747
1028,15891
1029,24829
1030,32846
1031,44124
1032,15133
1033,22827
1034,14947
1035,21467
1036,13064
1037,50640
1038,216173
1039,19532
1040,100287
1041,16981
1042,20665
1043,12557
1044,14527
1045,16825
1046,27904
1047,12193
1048,13488
1049,12675
1050,55447
1051,16880
1052,12856
1053,15166
1054,25518
1055,18775
1056,23024
1057,14585
1058,12139
1059,11534
1060,34023
1061,12870
1062,11799
1063,21525
1064,15891
1065,16253
1066,90834
1067,15321
1068,13059
1069,13598
1070,39669
1071,17316
1072,12584
1073,82354
1074,21393
1075,18723
1076,12905
1077,14040
1078,13854
1079,12921
1080,142822
1081,14830
1082,10050
1083,14467
1084,13236
1085,15798
1086,48168
1087,14505
1088,29340
1089,21313
1090,19044
1091,14062
1092,11534
1093,114206
1094,11904
1095,31584
1096,21492
1097,36772
1098,50788
1099,153355
1100,163357
1101,58417
1102,16390
1103,44845
1104,13286
1105,19120
1106,12492
1107,13849
1108,14283
1109,44583
1110,30607
1111,172363
1112,15884
1113,15156
1114,11669
1115,15070
1116,13353
1117,13740
1118,13931
1119,15764
1120,24664
1121,13243
1122,17993
1123,13057
1124,12529
1125,19129
1126,100172
1127,14756
1128,27118
1129,10021
1130,21642
1131,11294
1132,9780
1133,11397
1134,10825
1135,17083
1136,33605
1137,15203
1138,15138
1139,14961
1140,16723
1141,11517
1142,14192
1143,11640
1144,11949
1145,33533
1146,30795
1147,14319
1148,9851
1149,10549
1150,35168
1151,11997
1152,21825
1153,11995
1154,16202
1155,24183
1156,13544
1157,11222
1158,16256
1159,16146
1160,15507
1161,17171
1162,17780
1163,13230
1164,12273
1165,11554
1166,11447
1167,14617
1168,8957
1169,11805
1170,20296
1171,12732
1172,13208
1173,11670
1174,10079
1175,17050
1176,14603
1177,46266
1178,9615
1179,12141
1180,19634
1181,10013
1182,13842
1183,11710
1184,11757
1185,20296
1186,81407
1187,16141
1188,10360
1189,18442
1190,16843
1191,14089
1192,17049
1193,11166
1194,13376
1195,10282
1196,10485
1197,10717
1198,15329
1199,17010
1200,380836
1201,19712
1202,21973
1203,17516
1204,29754
1205,14653
1206,23013
1207,16366
1208,12459
1209,15487
1210,21206
1211,28677
1212,27563
1213,18912
1214,19464
1215,44278
1216,20473
1217,13313
1218,11579
1219,12741
1220,20506
1221,15153
1222,16134
1223,16073
1224,12398
1225,24986
1226,12169
1227,18954
1228,10763
1229,13684
1230,19614
1231,16461
1232,12475
1233,11687
1234,112961
1235,16952
1236,13255
1237,12074
1238,11510
1239,9900
1240,20902
1241,17863
1242,18824
1243,11125
1244,13178
1245,13398
1246,10878
1247,10427
1248,13765
1249,11979
1250,92237
1251,18154
1252,21681
1253,13335
1254,13640
1255,17405
1256,27140
1257,13395
1258,21237
1259,12586
1260,31837
1261,15042
1262,9524
1263,10442
1264,11969
1265,15188
1266,10343
1267,10508
1268,10682
1269,9066
1270,18675
1271,29147
1272,14635
1273,16055
1274,18522
1275,17537
1276,12469
1277,11834
1278,9978
1279,25139
1280,42633
1281,12200
1282,24874
1283,10301
1284,11313
1285,12647
1286,8845
1287,11079
1288,9494
1289,10296
1290,21720
1291,16927
1292,12035
1293,10009
1294,13968
1295,17786
1296,16265
1297,12731
1298,10860
1299,15017
1300,203484
1301,19439
1302,14021
1303,13509
1304,14285
1305,14438
1306,12294
1307,20167
1308,13549
1309,11916
1310,16032
1311,13287
1312,15362
1313,14992
1314,15319
1315,14957
1316,12123
1317,11530
1318,9470
1319,8973
1320,20431
1321,13722
1322,11382
1323,12446
1324,14078
1325,22289
1326,12873
1327,16098
1328,14903
1329,8806
1330,17945
1331,12525
1332,12772
1333,21619
1334,10017
1335,11307
1336,12636
1337,35758
1338,9920
1339,9043
1340,17804
1341,11028
1342,9951
1343,9389
1344,10842
1345,12772
1346,16996
1347,21551
1348,22286
1349,13943
1350,51515
1351,18526
1352,10609
1353,16676
1354,9225
1355,10785
1356,12187
1357,10638
1358,9202
1359,8896
1360,17171
1361,11084
1362,10442
1363,9097
1364,14401
1365,30560
1366,15876
1367,12817
1368,30688
1369,11110
1370,16422
1371,78213
1372,9831
1373,11044
1374,9560
1375,15905
1376,9233
1377,17383
1378,14009
1379,8850
1380,19187
1381,14468
1382,12108
1383,7942
1384,9664
1385,12946
1386,13355
1387,11553
1388,10399
1389,14459
1390,15811
1391,11422
1392,15644
1393,9275
1394,13674
1395,11548
1396,12616
1397,12594
1398,11861
1399,15074
1400,201211
1401,18581
1402,13556
1403,12004
1404,11371
1405,14317
1406,12796
1407,9792
1408,11372
1409,10494
1410,16401
1411,11297
1412,12389
1413,12730
1414,12515
1415,30359
1416,16477
1417,11676
1418,10369
1419,11320
1420,21270
1421,13232
1422,14080
1423,9761
1424,10165
1425,15799
1426,6845
1427,9034
1428,10903
1429,13527
1430,16221
1431,13863
1432,12142
1433,14134
1434,10390
1435,12987
1436,10738
1437,10695
1438,12576
1439,12233
1440,46254
1441,13479
1442,10303
1443,11264
1444,12743
1445,10100
1446,10263
1447,9015
1448,8627
1449,10833
1450,55818
1451,12328
1452,16732
1453,52456
1454,9177
1455,16063
1456,10739
1457,10122
1458,10366
1459,9535
1460,20742
1461,16337
1462,11472
1463,9429
1464,10720
1465,10067
1466,9778
1467,21064
1468,13010
1469,21138
1470,21637
1471,47536
1472,14144
1473,14636
1474,11753
1475,19375
1476,14513
1477,13115
1478,14777
1479,11678
1480,20012
1481,12084
1482,12379
1483,22864
1484,11957
1485,30444
1486,12572
1487,12514
1488,11827
1489,10813
1490,16290
1491,16356
1492,91687
1493,21700
1494,21327
1495,14529
1496,11644
1497,18242
1498,18817
1499,17762
1500,583423
1501,22585
1502,23008
1503,21237
1504,17438
1505,17980
1506,22011
1507,14039
1508,15412
1509,25405
1510,20186
1511,18726
1512,21482
1513,22088
1514,15916
1515,24153
1516,26002
1517,34912
1518,15944
1519,39343
1520,39870
1521,39694
1522,17828
1523,21691
1524,18953
1525,30872
1526,28236
1527,20920
1528,15632
1529,19684
1530,30559
1531,15043
1532,19247
1533,24555
1534,28844
1535,21646
1536,37703
1537,15910
1538,16560
1539,17372
1540,34651
1541,21442
1542,24763
1543,30232
1544,12265
1545,21417
1546,19246
1547,25426
1548,12812
1549,17235
1550,48447
1551,13381
1552,15267
1553,22356
1554,15586
1555,23210
1556,20771
1557,15436
1558,30048
1559,25250
1560,27149
1561,16449
1562,16245
1563,16114
1564,29686
1565,19515
1566,16618
1567,15513
1568,17385
1569,17682
1570,24943
1571,21654
1572,23548
1573,17102
1574,12449
1575,16250
1576,15475
1577,14211
1578,15520
1579,13389
1580,28496
1581,15896
1582,26428
1583,15329
1584,16698
1585,22075
1586,14810
1587,18992
1588,32733
1589,17364
1590,27116
1591,16175
1592,21245
1593,16379
1594,15020
1595,18027
1596,26530
1597,17281
1598,27584
1599,21830
1600,299105
1601,26003
1602,22151
1603,53483
1604,26309
1605,29821
1606,24568
1607,31871
1608,24981
1609,38619
1610,39168
1611,33619
1612,19367
1613,19115
1614,17856
1615,20203
1616,29439
1617,16348
1618,28750
1619,31955
1620,45875
1621,23224
1622,16150
1623,25506
1624,17499
1625,25634
1626,17855
1627,17132
1628,21087
1629,18916
1630,34709
1631,16074
1632,30575
1633,18087
1634,18009
1635,20803
1636,19362
1637,23925
1638,21043
1639,15326
1640,37212
1641,22764
1642,47208
1643,24826
1644,41773
1645,33955
1646,17715
1647,16405
1648,47268
1649,30952
1650,69851
1651,24827
1652,19122
1653,17188
1654,18021
1655,18361
1656,18998
1657,15530
1658,20609
1659,17037
1660,54271
1661,21674
1662,24732
1663,16944
1664,20349
1665,31040
1666,28992
1667,25171
1668,17200
1669,15878
1670,25548
1671,14806
1672,22083
1673,15162
1674,16888
1675,21352
1676,18531
1677,14681
1678,15593
1679,18157
1680,32732
1681,16022
1682,18245
1683,24584
1684,14580
1685,25853
1686,15653
1687,24592
1688,41899
1689,42170
1690,30290
1691,16060
1692,24666
1693,14386
1694,20267
1695,15546
1696,14286
1697,19387
1698,15111
1699,17736
1700,196616
1701,32002
1702,21666
1703,21880
1704,26395
1705,18493
1706,19923
1707,44625
1708,16463
1709,19405
1710,23180
1711,21724
1712,22729
1713,26271
1714,29048
1715,28843
1716,18694
1717,20994
1718,20662
1719,17740
1720,31105
1721,20889
1722,19357
1723,18676
1724,19152
1725,21364
1726,15178
1727,26294
1728,22475
1729,21894
1730,25237
1731,14859
1732,18914
1733,18965
1734,13764
1735,20087
1736,19075
1737,16776
1738,18884
1739,17701
1740,34673
1741,19675
1742,20774
1743,20847
1744,21858
1745,26923
1746,17921
1747,17149
1748,30189
1749,22386
1750,108769
1751,22337
1752,28124
1753,21329
1754,29867
1755,36108
1756,32755
1757,30729
1758,27493
1759,29299
1760,46759
1761,21026
1762,28908
1763,66312
1764,31376
1765,45056
1766,27544
1767,26125
1768,25323
1769,30464
1770,55301
1771,20256
1772,34058
1773,37060
1774,50416
1775,90040
1776,178622
1777,47644
1778,43639
1779,28566
1780,53355
1781,54168
1782,33026
1783,74248
1784,36669
1785,39481
1786,32265
1787,114057
1788,59829
1789,178342
1790,243885
1791,84869
1792,73459
1793,70391
1794,52238
1795,57498
1796,52112
1797,44175
1798,67679
1799,59225
1800,424049
1801,71510
1802,46891
1803,65688
1804,66756
1805,45414
1806,50398
1807,50503
1808,50993
1809,58693
1810,56008
1811,43082
1812,145126
1813,49142
1814,71108
1815,112994
1816,48419
1817,43534
1818,56910
1819,57383
1820,97053
1821,62401
1822,48045
1823,41962
1824,65031
1825,53064
1826,41126
1827,38944
1828,63637
1829,44435
1830,117401
1831,56096
1832,69559
1833,52939
1834,51560
1835,56432
1836,60413
1837,66178
1838,52086
1839,62072
1840,98771
1841,50755
1842,56683
1843,51589
1844,65372
1845,73050
1846,74814
1847,63453
1848,154220
1849,66171
1850,191820
1851,66446
1852,57452
1853,56790
1854,72441
1855,58911
1856,73220
1857,94198
1858,70883
1859,104219
1860,166731
1861,147613
1862,98608
1863,101797
1864,90206
1865,151003
1866,88480
1867,109439
1868,109076
1869,82856
1870,174793
1871,130974
1872,80017
1873,76679
1874,66040
1875,84409
1876,96192
1877,83061
1878,76070
1879,84820
1880,150576
1881,87956
1882,91235
1883,80141
1884,83455
1885,93895
1886,85493
1887,82897
1888,90041
1889,100529
1890,170043
1891,84075
1892,85722
1893,95049
1894,94103
1895,126518
1896,129372
1897,102575
1898,141563
1899,110494
1900,476683
1901,156059
1902,121618
1903,134057
1904,128697
1905,206316
1906,135684
1907,127488
1908,148886
1909,123533
1910,216094
1911,211334
1912,195117
1913,473717
1914,382426
1915,199785
1916,194187
1917,348296
1918,419504
1919,268066
1920,429641
1921,193067
1922,194486
1923,169673
1924,167778
1925,170492
1926,149527
1927,157381
1928,173130
1929,261559
1930,670222
1931,181019
1932,203640
1933,308808
1934,186713
1935,288663
1936,265317
1937,244148
1938,262306
1939,419452
1940,1013352
1941,383722
1942,304073
1943,265293
1944,331297
1945,685271
1946,269518
1947,354824
1948,417716
1949,314424
1950,588682
1951,234735
1952,247138
1953,278755
1954,276046
1955,263278
1956,298595
1957,293066
1958,288161
1959,298811
1960,640027
1961,365318
1962,367466
1963,372695
1964,431719
1965,445870
1966,340334
1967,470171
1968,484184
1969,470764
1970,794346
1971,464055
1972,497232
1973,564597
1974,477726
1975,567583
1976,513984
1977,496866
1978,510141
1979,637877
1980,972897
1981,558427
1982,592729
1983,569320
1984,722202
1985,656694
1986,713694
1987,690283
1988,740309
1989,906176
1990,1345319
1991,1068001
1992,1048367
1993,1026123
1994,1240364
1995,1345678
1996,1439580
1997,1496931
1998,1665396
1999,1820825
2000,3704506
2001,2626815
2002,2439037
2003,3012148
2004,3224603
2005,3836135
2006,4000819
2007,4680235
2008,5728367
2009,5634274
2010,6610744
2011,6951977
2012,7742868
2013,7527615
2014,6418141
2015,5650794
2016,5789532
2017,5896615
2018,5369367
2019,4363198
2020,4712919
2021,2799660
2022,1399351
2023,130846
2024,110077
2025,210367
2026,58273
2027,36286
2028,32403
2029,29869
2030,303677
2031,14654
2032,15068
2033,16700
2034,12394
2035,50548
2036,14594
2037,10430
2038,15469
2039,8060
2040,67384
2041,10679
2042,8663
2043,6394
2044,8925
2045,27485
2046,8623
2047,13071
2048,97460
2049,24498
2050,283666
2051,6510
2052,7313
2053,5954
2054,5673
2055,9511
2056,5393
2057,5591
2058,4909
2059,4716
2060,34506
2061,10051
2062,4751
2063,5738
2064,4972
2065,7627
2066,4797
2067,4796
2068,5331
2069,4712
2070,21795
2071,5392
2072,5180
2073,3909
2074,4492
2075,8822
2076,4785
2077,12725
2078,4066
2079,4466
2080,27793
2081,5118
2082,3832
2083,5153
2084,4794
2085,5007
2086,3539
2087,3905
2088,3988
2089,4164
2090,7959
2091,3943
2092,3530
2093,3791
2094,3653
2095,4883
2096,3682
2097,3806
2098,3561
2099,11896
2100,152121
2101,7035
2102,5476
2103,5882
2104,6342
2105,19738
2106,7178
2107,4912
2108,4590
2109,5616
2110,8736
2111,7437
2112,9377
2113,17616
2114,4489
2115,5782
2116,4970
2117,4923
2118,4331
2119,4961
2120,6785
2121,6457
2122,17548
2123,5434
2124,4710
2125,5722
2126,4381
2127,3932
2128,6710
2129,3299
2130,5915
2131,16674
2132,3431
2133,6474
2134,5354
2135,3996
2136,3939
2137,3701
2138,4763
2139,6549
2140,11000
2141,4261
2142,5705
2143,4695
2144,4028
2145,4037
2146,2901
2147,5451
2148,7154
2149,3493
2150,12781
2151,4367
2152,3913
2153,4165
2154,4798
2155,4354
2156,4362
2157,3383
2158,2846
2159,3672
2160,16291
2161,3864
2162,3199
2163,3499
2164,10110
2165,5275
2166,3337
2167,3974
2168,3072
2169,3267
2170,5437
2171,3335
2172,3428
2173,3061
2174,9608
2175,4024
2176,3103
2177,2788
2178,2881
2179,2811
2180,5467
2181,6265
2182,3457
2183,3057
2184,3388
2185,3276
2186,2794
2187,4889
2188,3164
2189,3046
2190,4654
2191,2971
2192,3679
2193,3183
2194,2810
2195,3533
2196,3913
2197,5239
2198,3649
2199,6004
2200,66259
2201,5577
2202,5803
2203,4199
2204,4477
2205,6187
2206,4389
2207,3759
2208,3968
2209,3491
2210,7492
2211,5064
2212,4425
2213,3716
2214,3938
2215,4206
2216,3219
2217,4694
2218,4088
2219,3339
2220,6218
2221,4273
2222,20972
2223,4974
2224,5107
2225,6217
2226,3311
2227,3678
2228,3538
2229,5630
2230,5142
2231,4805
2232,3414
2233,4177
2234,3415
2235,2768
2236,3558
2237,3235
2238,3039
2239,2499
2240,6149
2241,3296
2242,3214
2243,2875
2244,3329
2245,3713
2246,3158
2247,3029
2248,2771
2249,3354
2250,16594
2251,5063
2252,3342
2253,3335
2254,5427
2255,5574
2256,5595
2257,3816
2258,3478
2259,4487
2260,4906
2261,5054
2262,2989
2263,2995
2264,3363
2265,3769
2266,5413
2267,5167
2268,4036
2269,3194
2270,4595
2271,2861
2272,3243
2273,3552
2274,2668
2275,3614
2276,2602
2277,4031
2278,3210
2279,15793
2280,5300
2281,4090
2282,2988
2283,2876
2284,2986
2285,3419
2286,2773
2287,3825
2288,4130
2289,2670
2290,4118
2291,2755
2292,2521
2293,3142
2294,2533
2295,3635
2296,3074
2297,2773
2298,2788
2299,3428
2300,53297
2301,5977
2302,3859
2303,3479
2304,5579
2305,4565
2306,3176
2307,48102
2308,3354
2309,3271
2310,5573
2311,4541
2312,5407
2313,3450
2314,3469
2315,3412
2316,2822
2317,2834
2318,3140
2319,16094
2320,4530
2321,3222
2322,4529
2323,4911
2324,3758
2325,17449
2326,3616
2327,3251
2328,3162
2329,3591
2330,5791
2331,3217
2332,3250
2333,5275
2334,4989
2335,3220
2336,3041
2337,6520
2338,2923
2339,2616
2340,5908
2341,3719
2342,3369
2343,3068
2344,3412
2345,16076
2346,3119
2347,3068
2348,3489
2349,2852
2350,9069
2351,2768
2352,3823
2353,3211
2354,3150
2355,3057
2356,3255
2357,3442
2358,2748
2359,3095
2360,3976
2361,3010
2362,2689
2363,2626
2364,3208
2365,3345
2366,3511
2367,3441
2368,4248
2369,4201
2370,4897
2371,4333
2372,4223
2373,4372
2374,3749
2375,5801
2376,3974
2377,4018
2378,2945
2379,2878
2380,4111
2381,4542
2382,2727
2383,3375
2384,2696
2385,3001
2386,2367
2387,2446
2388,2822
2389,2457
2390,3239
2391,2245
2392,3077
2393,2606
2394,2184
2395,2661
2396,4694
2397,2676
2398,2212
2399,2978
2400,78501
2401,6031
2402,3496
2403,3339
2404,2811
2405,3049
2406,2841
2407,3414
2408,2657
2409,3201
2410,4057
2411,3067
2412,3775
2413,3187
2414,3140
2415,3218
2416,2430
2417,2696
2418,2489
2419,2788
2420,3899
2421,3161
2422,5882
2423,3551
2424,4643
2425,6173
2426,3705
2427,3115
2428,2602
2429,2618
2430,4812
2431,3379
2432,3126
2433,2898
2434,2406
2435,2990
2436,2575
2437,2408
2438,2457
2439,2453
2440,4536
2441,3104
2442,2900
2443,2917
2444,2768
2445,2918
2446,2324
2447,2743
2448,3764
2449,2300
2450,8310
2451,9690
2452,2125
2453,2341
2454,2773
2455,2971
2456,2709
2457,2345
2458,3289
2459,2624
2460,4188
2461,2729
2462,2471
2463,2625
2464,2232
2465,2971
2466,3888
2467,2617
2468,3709
2469,2533
2470,2882
2471,2593
2472,2420
2473,2313
2474,2461
2475,3933
2476,2998
2477,2710
2478,3108
2479,2221
2480,3868
2481,2470
2482,2400
2483,2461
2484,2605
2485,2300
2486,2787
2487,2380
2488,2539
2489,2530
2490,3050
2491,2615
2492,2375
2493,2201
2494,2720
2495,2858
2496,2799
2497,2280
2498,2592
2499,4253
2500,247727
2501,5823
2502,3302
2503,3492
2504,3185
2505,3167
2506,3403
2507,2744
2508,2856
2509,2793
2510,7052
2511,3615
2512,3365
2513,2637
2514,3095
2515,2787
2516,2685
2517,2528
2518,3070
2519,2765
2520,8264
2521,6544
2522,3032
2523,2770
2524,2242
2525,6181
2526,3333
2527,3892
2528,3099
2529,3469
2530,3073
2531,2720
2532,2799
2533,2786
2534,2153
2535,2889
2536,2491
2537,2921
2538,2601
2539,1901
2540,4008
2541,2424
2542,2493
2543,2305
2544,2465
2545,2853
2546,1986
2547,2388
2548,2518
2549,2084
2550,7859
2551,3019
2552,3857
2553,5929
2554,2708
2555,6034
2556,2340
2557,2538
2558,3603
2559,2849
2560,17944
2561,2338
2562,2662
2563,2637
2564,2729
2565,2784
2566,2781
2567,3313
2568,2177
2569,2028
2570,3035
2571,2254
2572,2003
2573,1811
2574,2130
2575,3862
2576,2460
2577,2399
2578,2196
2579,2116
2580,3657
2581,2800
2582,2138
2583,2265
2584,2568
2585,2283
2586,2055
2587,1814
2588,2802
2589,3180
2590,2617
2591,2151
2592,3475
2593,2017
2594,1837
2595,2295
2596,2105
2597,2639
2598,2320
2599,2633
2600,71770
2601,4373
2602,3095
2603,2946
2604,2531
2605,2742
2606,2927
2607,4459
2608,2452
2609,2662
2610,3499
2611,3045
2612,2252
2613,3246
2614,2179
2615,2426
2616,6976
2617,2500
2618,2509
2619,2521
2620,3955
2621,2467
2622,2128
2623,2359
2624,2002
2625,3835
2626,3209
2627,2890
2628,3004
2629,2722
2630,4892
2631,2521
2632,2262
2633,2099
2634,1967
2635,2504
2636,1809
2637,2508
2638,1865
2639,2021
2640,4772
2641,1907
2642,2485
2643,2052
2644,2023
2645,2525
2646,2059
2647,2435
2648,2463
2649,2211
2650,6953
2651,2106
2652,2508
2653,1916
2654,2024
2655,2099
2656,2463
2657,1939
2658,2011
2659,1779
2660,3472
2661,2208
2662,2032
2663,2436
2664,3065
2665,2429
2666,4841
2667,3641
2668,1983
2669,2058
2670,3318
2671,2029
2672,2373
2673,2022
2674,1997
2675,2459
2676,2001
2677,2103
2678,2010
2679,2612
2680,4140
2681,2121
2682,1903
2683,2124
2684,1911
2685,2102
2686,3941
2687,1806
2688,2684
2689,1716
2690,2989
2691,1930
2692,2204
2693,3301
2694,1832
2695,2226
2696,1899
2697,2781
2698,2653
2699,3298
2700,41879
2701,3897
2702,2824
2703,3153
2704,3007
2705,3208
2706,2032
2707,2754
2708,1979
2709,3489
2710,3028
2711,2556
2712,2442
2713,2397
2714,2130
2715,2079
2716,2154
2717,2076
2718,2163
2719,1875
2720,3103
2721,2015
2722,2165
2723,1956
2724,1754
2725,2637
2726,1853
2727,4646
2728,2476
2729,3059
2730,3285
2731,2056
2732,2463
2733,2066
2734,1888
2735,1771
2736,2228
2737,3732
2738,1965
2739,2256
2740,2600
2741,2490
2742,1685
2743,2294
2744,2809
2745,2252
2746,1622
2747,2010
2748,1665
2749,1984
2750,9865
2751,2222
2752,1885
2753,2646
2754,1667
2755,2381
2756,1793
2757,1575
2758,2502
2759,2368
2760,3380
2761,2483
2762,1752
2763,2245
2764,1856
2765,2851
2766,1942
2767,2516
2768,1822
2769,1569
2770,2963
2771,4946
2772,2519
2773,1807
2774,1835
2775,3090
2776,1882
2777,3066
2778,2506
2779,2087
2780,2564
2781,1911
2782,2058
2783,2471
2784,1958
2785,2379
2786,1943
2787,2467
2788,2102
2789,2231
2790,2885
2791,1963
2792,1903
2793,1842
2794,2230
2795,2042
2796,2040
2797,1780
2798,1581
2799,2347
2800,39165
2801,3868
2802,2652
2803,2347
2804,2162
2805,2541
2806,2047
2807,2346
2808,3344
2809,2125
2810,2701
2811,2496
2812,2436
2813,2155
2814,2209
2815,2043
2816,2538
2817,2764
2818,2174
2819,1604
2820,3002
2821,2595
2822,4522
2823,1696
2824,1926
2825,2500
2826,1790
2827,1928
2828,3063
2829,2352
2830,3593
2831,2596
2832,2679
2833,2233
2834,1732
2835,2461
2836,3967
2837,1822
2838,1983
2839,1749
2840,2500
2841,1999
2842,1709
2843,1697
2844,1935
2845,1936
2846,1440
2847,1854
2848,2377
2849,1912
2850,5462
2851,4069
2852,2092
2853,1877
2854,1732
2855,2038
2856,2638
2857,3250
2858,1657
2859,2058
2860,2734
2861,1860
2862,1869
2863,1690
2864,1992
2865,2139
2866,18305
2867,2044
2868,1928
2869,1757
2870,2824
2871,1799
2872,2817
2873,1998
2874,1682
2875,2689
2876,1690
2877,1746
2878,1915
2879,2329
2880,7798
2881,1893
2882,2060
2883,1883
2884,1692
2885,2157
2886,2068
2887,1678
2888,2150
2889,2369
2890,3206
2891,2543
2892,1652
2893,1889
2894,1743
2895,1818
2896,2604
2897,2142
2898,2066
2899,1918
2900,20659
2901,2708
2902,2081
2903,2685
2904,2113
2905,2288
2906,1864
2907,2293
2908,2022
2909,4628
2910,2814
2911,2594
2912,2571
2913,2317
2914,1889
2915,2057
2916,2363
2917,2170
2918,2098
2919,1961
2920,4631
2921,2185
2922,2110
2923,2365
2924,1840
2925,2580
2926,1784
2927,1886
2928,1559
2929,3476
2930,3300
2931,2862
2932,2020
2933,3855
2934,1613
2935,1736
2936,1726
2937,2003
2938,1710
2939,1694
2940,2845
2941,3852
2942,1775
2943,1978
2944,2045
2945,2279
2946,1749
2947,1794
2948,1621
2949,1686
2950,5648
2951,1940
2952,1921
2953,1896
2954,1566
2955,1952
2956,1442
2957,1911
2958,3910
2959,1568
2960,3825
2961,1692
2962,1536
2963,1881
2964,1819
2965,1968
2966,2937
2967,1707
2968,1682
2969,1619
2970,2711
2971,1654
2972,1819
2973,1595
2974,1485
2975,2263
2976,1631
2977,1842
2978,1306
2979,1818
2980,2722
2981,1633
2982,1747
2983,1621
2984,1877
2985,1835
2986,1591
2987,1918
2988,1756
2989,1864
2990,2777
2991,5052
2992,2122
2993,1713
2994,1843
2995,2157
2996,2068
2997,2501
2998,1860
2999,7209
3000,581739
3001,11588
3002,5553
3003,7232
3004,4183
3005,3544
3006,4107
3007,2766
3008,3530
3009,2915
3010,6291
3011,3450
3012,4596
3013,2573
3014,2121
3015,3159
3016,2518
3017,2294
3018,3687
3019,5679
3020,5115
3021,3144
3022,2481
3023,2261
3024,3066
3025,3518
3026,1849
3027,1960
3028,1892
3029,1888
3030,9279
3031,3076
3032,2910
3033,3568
3034,1986
3035,2662
3036,2115
3037,1564
3038,1764
3039,1741
3040,4638
3041,1710
3042,1893
3043,1807
3044,1687
3045,1999
3046,1683
3047,1744
3048,8802
3049,2025
3050,5979
3051,1973
3052,1913
3053,2044
3054,1952
3055,2466
3056,1874
3057,2166
3058,1751
3059,1670
3060,6662
3061,2033
3062,1768
3063,1550
3064,1505
3065,2584
3066,2497
3067,1770
3068,2047
3069,1694
3070,6083
3071,2274
3072,7961
3073,1660
3074,1860
3075,2165
3076,1547
3077,2817
3078,1603
3079,1607
3080,8762
3081,2014
3082,1613
3083,1845
3084,1484
3085,1921
3086,1632
3087,1900
3088,1761
3089,1616
3090,5721
3091,1692
3092,1913
3093,1638
3094,1531
3095,2063
3096,1822
3097,1321
3098,1635
3099,2543
3100,27164
3101,3939
3102,5232
3103,2561
3104,2614
3105,2741
3106,1974
3107,2857
3108,2106
3109,5310
3110,3713
3111,3533
3112,2882
3113,2870
3114,3329
3115,3831
3116,2038
3117,1864
3118,1849
3119,2123
3120,3827
3121,4168
3122,2199
3123,2487
3124,2427
3125,9300
3126,1513
3127,1678
3128,3718
3129,1992
3130,2918
3131,2751
3132,2293
3133,3015
3134,1983
3135,2221
3136,2292
3137,1912
3138,2164
3139,1807
3140,2473
3141,3113
3142,2774
3143,1994
3144,1718
3145,2584
3146,1951
3147,2066
3148,1496
3149,1477
3150,7335
3151,1769
3152,1689
3153,1899
3154,1405
3155,1905
3156,2175
3157,1620
3158,1339
3159,1494
3160,2203
3161,2296
3162,1969
3163,1701
3164,1712
3165,1768
3166,10149
3167,1835
3168,2420
3169,1603
3170,1912
3171,2166
3172,1421
3173,1543
3174,1709
3175,1961
3176,1425
3177,1488
3178,1154
3179,1488
3180,2340
3181,1818
3182,2127
3183,1580
3184,1349
3185,1684
3186,1479
3187,1360
3188,1716
3189,1563
3190,1896
3191,1738
3192,1750
3193,1449
3194,1577
3195,1679
3196,1461
3197,1696
3198,1610
3199,1558
3200,54477
3201,3609
3202,2326
3203,2140
3204,1930
3205,2239
3206,1969
3207,2445
3208,1867
3209,1711
3210,4034
3211,2563
3212,2131
3213,2471
3214,2285
3215,2262
3216,1724
3217,2140
3218,2187
3219,2175
3220,3227
3221,2358
3222,2023
3223,2166
3224,2004
3225,2581
3226,2027
3227,1831
3228,1856
3229,1398
3230,2241
3231,1780
3232,2662
3233,4074
3234,2869
3235,2241
3236,1871
3237,1531
3238,1867
3239,1921
3240,3175
3241,1846
3242,1619
3243,2097
3244,1794
3245,1862
3246,2032
3247,1456
3248,1591
3249,1852
3250,5513
3251,1609
3252,1675
3253,1357
3254,1305
3255,2059
3256,1378
3257,1460
3258,1743
3259,1356
3260,2655
3261,1778
3262,1558
3263,2076
3264,2379
3265,1826
3266,1514
3267,1625
3268,1648
3269,1460
3270,4863
3271,1641
3272,1387
3273,1468
3274,1618
3275,1833
3276,1831
3277,1655
3278,1590
3279,1553
3280,3240
3281,2011
3282,1972
3283,1523
3284,1454
3285,1815
3286,1543
3287,1826
3288,1532
3289,1591
3290,1983
3291,1487
3292,1434
3293,1817
3294,1413
3295,1461
3296,1538
3297,1564
3298,1435
3299,1927
3300,26557
3301,4319
3302,2029
3303,3415
3304,1950
3305,2515
3306,15565
3307,3030
3308,1803
3309,2047
3310,4771
3311,3669
3312,2083
3313,1987
3314,1762
3315,1854
3316,1495
3317,1418
3318,1715
3319,1978
3320,3082
3321,1908
3322,2756
3323,1810
3324,1793
3325,2175
3326,1773
3327,1910
3328,1838
3329,1358
3330,3722
3331,2132
3332,2145
3333,23921
3334,2557
3335,2649
3336,2770
3337,2007
3338,1837
3339,3064
3340,2756
3341,1617
3342,2074
3343,2006
3344,2757
3345,1856
3346,1596
3347,1377
3348,1805
3349,1563
3350,4366
3351,1680
3352,2079
3353,1577
3354,2464
3355,2096
3356,1780
3357,1425
3358,1364
3359,1569
3360,3471
3361,1719
3362,1690
3363,1488
3364,1738
3365,1715
3366,2138
3367,1615
3368,1572
3369,1243
3370,2281
3371,2047
3372,1485
3373,1393
3374,1594
3375,2576
3376,1418
3377,1409
3378,1457
3379,1554
3380,2369
3381,1519
3382,1566
3383,1257
3384,1567
3385,1705
3386,31056
3387,1251
3388,1511
3389,26708
3390,20736
3391,1442
3392,1498
3393,3926
3394,1273
3395,1861
3396,1357
3397,1337
3398,1416
3399,2079
3400,21139
3401,3130
3402,3564
3403,1485
3404,1957
3405,1981
3406,2172
3407,2035
3408,1600
3409,1686
3410,2508
3411,1885
3412,3135
3413,1994
3414,1576
3415,1687
3416,1344
3417,1435
3418,1226
3419,1457
3420,2230
3421,2119
3422,1823
3423,1568
3424,1442
3425,1794
3426,1351
3427,1368
3428,1725
3429,1631
3430,2204
3431,1535
3432,2092
3433,1649
3434,3101
3435,2462
3436,2748
3437,1535
3438,2091
3439,1639
3440,3000
3441,2241
3442,1667
3443,1726
3444,1972
3445,2279
3446,1442
3447,1372
3448,1461
3449,1580
3450,4274
3451,1317
3452,1602
3453,1575
3454,1571
3455,1461
3456,7865
3457,1597
3458,1430
3459,1295
3460,1793
3461,1314
3462,1700
3463,1316
3464,1552
3465,1773
3466,1393
3467,1441
3468,1918
3469,1275
3470,2268
3471,1222
3472,1966
3473,1176
3474,1366
3475,1880
3476,1691
3477,1520
3478,1573
3479,1231
3480,2372
3481,1501
3482,1210
3483,1466
3484,1457
3485,1552
3486,1625
3487,1232
3488,1699
3489,1141
3490,2112
3491,1323
3492,1333
3493,1125
3494,1126
3495,2766
3496,1059
3497,1313
3498,1305
3499,1827
3500,114763
3501,3329
3502,1957
3503,1813
3504,1789
3505,2031
3506,1872
3507,1643
3508,1968
3509,1530
3510,2567
3511,2153
3512,2037
3513,1545
3514,7722
3515,1742
3516,1797
3517,1279
3518,1400
3519,1452
3520,4309
3521,1702
3522,1571
3523,1523
3524,1281
3525,1698
3526,1715
3527,1738
3528,2032
3529,1492
3530,1859
3531,1489
3532,1455
3533,1216
3534,1647
3535,2086
3536,1873
3537,1984
3538,1658
3539,1520
3540,1876
3541,1433
3542,1856
3543,1518
3544,1377
3545,1399
3546,1491
3547,1383
3548,1462
3549,1396
3550,3816
3551,1610
3552,1352
3553,4475
3554,1450
3555,1948
3556,1365
3557,1247
3558,1183
3559,1292
3560,2246
3561,1413
3562,1257
3563,1184
3564,1371
3565,1583
3566,1642
3567,1385
3568,1968
3569,1280
3570,2526
3571,1780
3572,1288
3573,1153
3574,1090
3575,1621
3576,1402
3577,1345
3578,1336
3579,1305
3580,1874
3581,1160
3582,2106
3583,1503
3584,2489
3585,1587
3586,1247
3587,1203
3588,1772
3589,1274
3590,2065
3591,1527
3592,1481
3593,1223
3594,1226
3595,1358
3596,1141
3597,1290
3598,1206
3599,1692
3600,77064
3601,2547
3602,1917
3603,2000
3604,2220
3605,2058
3606,1480
3607,1400
3608,1475
3609,1465
3610,2575
3611,1821
3612,1694
3613,1248
3614,1071
3615,1643
3616,1367
3617,1553
3618,1156
3619,1242
3620,1600
3621,1347
3622,1415
3623,1363
3624,1601
3625,1604
3626,1456
3627,1545
3628,1270
3629,1494
3630,2029
3631,1405
3632,1658
3633,1564
3634,1259
3635,1418
3636,2917
3637,1583
3638,2010
3639,1710
3640,2825
3641,1663
3642,2308
3643,1852
3644,1268
3645,1642
3646,1345
3647,1501
3648,1885
3649,1309
3650,5498
3651,1451
3652,1359
3653,1673
3654,1329
3655,1492
3656,1302
3657,1233
3658,1223
3659,1239
3660,2201
3661,1304
3662,1082
3663,1646
3664,1588
3665,1259
3666,1643
3667,1410
3668,1324
3669,1107
3670,1520
3671,1057
3672,1386
3673,1654
3674,1257
3675,1867
3676,3706
3677,1326
3678,1638
3679,1501
3680,2392
3681,1442
3682,1047
3683,1181
3684,1290
3685,1174
3686,1525
3687,1271
3688,1244
3689,1193
3690,2022
3691,1066
3692,1188
3693,1339
3694,918
3695,1440
3696,1448
3697,1224
3698,1465
3699,1400
3700,16268
3701,3042
3702,2359
3703,1445
3704,1525
3705,1859
3706,1863
3707,1380
3708,1496
3709,1207
3710,2215
3711,2191
3712,1618
3713,1403
3714,1200
3715,1402
3716,1306
3717,1441
3718,1541
3719,1665
3720,1894
3721,1673
3722,1581
3723,1397
3724,1855
3725,1395
3726,1268
3727,1693
3728,1074
3729,1716
3730,2436
3731,1364
3732,1987
3733,2170
3734,1096
3735,1590
3736,1310
3737,2176
3738,1474
3739,1797
3740,2180
3741,1346
3742,1990
3743,1330
3744,1618
3745,2263
3746,1502
3747,1416
3748,2463
3749,1311
3750,7671
3751,1361
3752,1100
3753,1978
3754,1166
3755,1683
3756,1208
3757,1168
3758,5648
3759,1107
3760,2490
3761,1669
3762,1483
3763,1273
3764,1022
3765,1850
3766,1310
3767,1138
3768,1212
3769,2115
3770,2763
3771,3512
3772,1448
3773,1861
3774,1737
3775,1297
3776,1352
3777,1603
3778,1553
3779,1249
3780,2178
3781,1605
3782,1074
3783,1290
3784,1287
3785,2416
3786,1197
3787,1388
3788,1121
3789,1152
3790,1897
3791,2347
3792,1236
3793,1157
3794,1135
3795,1511
3796,1216
3797,1948
3798,983
3799,1204
3800,20273
3801,2625
3802,1722
3803,1763
3804,1411
3805,1630
3806,1981
3807,1585
3808,1659
3809,1458
3810,1980
3811,1679
3812,1651
3813,1217
3814,1282
3815,1272
3816,1432
3817,1330
3818,1231
3819,1264
3820,3826
3821,1393
3822,1224
3823,1310
3824,53853
3825,1586
3826,1059
3827,1336
3828,1395
3829,1201
3830,1498
3831,1212
3832,1261
3833,1590
3834,1264
3835,1730
3836,1188
3837,1045
3838,2056
3839,1492
3840,9832
3841,1647
3842,1663
3843,1178
3844,2062
3845,1488
3846,1611
3847,2724
3848,1289
3849,1308
3850,4493
3851,1297
3852,1360
3853,1260
3854,1058
3855,1668
3856,1162
3857,4839
3858,1208
3859,1367
3860,1451
3861,1098
3862,1162
3863,1369
3864,1331
3865,1652
3866,1115
3867,1168
3868,1388
3869,1092
3870,3070
3871,1287
3872,2028
3873,1292
3874,1049
3875,1540
3876,1132
3877,1049
3878,954
3879,1046
3880,1879
3881,1383
3882,1181
3883,1389
3884,1056
3885,1264
3886,1236
3887,1001
3888,2531
3889,1648
3890,1777
3891,1240
3892,1683
3893,1037
3894,1313
3895,1144
3896,1200
3897,1947
3898,1256
3899,1382
3900,11958
3901,1942
3902,1386
3903,2130
3904,1644
3905,3152
3906,1735
3907,1260
3908,1279
3909,1711
3910,1885
3911,1834
3912,1664
3913,1193
3914,1074
3915,1393
3916,1484
3917,1398
3918,966
3919,1183
3920,2076
3921,1381
3922,1300
3923,1589
3924,1257
3925,1290
3926,1113
3927,1387
3928,1452
3929,1254
3930,1590
3931,1375
3932,1811
3933,1227
3934,1234
3935,1180
3936,1380
3937,4099
3938,1131
3939,1893
3940,2513
3941,1656
3942,1211
3943,1200
3944,1177
3945,3876
3946,1250
3947,1342
3948,1108
3949,1926
3950,3011
3951,1513
3952,1818
3953,1159
3954,1437
3955,1210
3956,2331
3957,1042
3958,1389
3959,2539
3960,2839
3961,2265
3962,1513
3963,1930
3964,1457
3965,1309
3966,1265
3967,1264
3968,1230
3969,1197
3970,1358
3971,1106
3972,1307
3973,1500
3974,1043
3975,2179
3976,1117
3977,1251
3978,2125
3979,1938
3980,1427
3981,1410
3982,1186
3983,1104
3984,1273
3985,1112
3986,4747
3987,1741
3988,986
3989,1342
3990,1548
3991,1567
3992,1287
3993,1406
3994,1310
3995,1365
3996,1836
3997,1243
3998,1578
3999,4119
4000,321939
4001,6369
4002,3248
4003,2782
4004,15858
4005,2759
4006,2595
4007,2270
4008,2629
4009,2480
4010,3402
4011,2618
4012,2042
4013,1958
4014,1784
4015,1966
4016,2623
4017,2130
4018,6020
4019,1549
4020,6993
4021,1735
4022,1807
4023,1661
4024,1665
4025,2274
4026,1469
4027,1901
4028,1694
4029,1694
4030,2625
4031,1958
4032,2824
4033,16639
4034,1386
4035,1578
4036,2064
4037,1182
4038,1813
4039,2623
4040,5210
4041,1670
4042,1920
4043,2364
4044,1862
4045,1579
4046,2272
4047,1818
4048,1435
4049,2585
4050,3648
4051,5658
4052,1272
4053,1595
4054,1630
4055,1593
4056,1373
4057,1289
4058,1449
4059,1178
4060,2566
4061,1443
4062,1410
4063,1029
4064,1644
4065,1584
4066,1731
4067,1774
4068,1462
4069,1206
4070,1788
4071,1214
4072,1459
4073,1427
4074,1474
4075,1679
4076,1265
4077,1741
4078,1013
4079,1690
4080,3186
4081,1910
4082,1313
4083,1044
4084,1440
4085,1352
4086,1558
4087,1505
4088,2508
4089,1131
4090,2142
4091,1673
4092,1555
4093,1377
4094,2108
4095,6303
4096,93185
4097,1561
4098,2099
4099,2216
4100,12273
4101,2830
4102,2414
4103,5856
4104,2000
4105,2537
4106,1857
4107,1572
4108,1393
4109,1530
4110,2127
4111,2857
4112,2192
4113,1561
4114,1519
4115,1719
4116,1948
4117,1355
4118,1605
4119,1427
4120,2359
4121,2088
4122,3180
4123,2555
4124,1321
4125,2006
4126,1504
4127,1799
4128,1710
4129,2315
4130,4378
4131,1638
4132,1458
4133,1165
4134,1544
4135,2061
4136,1228
4137,1511
4138,1533
4139,1304
4140,3824
4141,2245
4142,3357
4143,1843
4144,1385
4145,1424
4146,1250
4147,1338
4148,1553
4149,1227
4150,3437
4151,2155
4152,1383
4153,1431
4154,1242
4155,1575
4156,1367
4157,2223
4158,1132
4159,1980
4160,3400
4161,4020
4162,1319
4163,1366
4164,1387
4165,1707
4166,1584
4167,2946
4168,1229
4169,2187
4170,1769
4171,1395
4172,2121
4173,1163
4174,1134
4175,1691
4176,1110
4177,1053
4178,1089
4179,1564
4180,3401
4181,1959
4182,1236
4183,1100
4184,1955
4185,1330
4186,2757
4187,1311
4188,1128
4189,1027
4190,1568
4191,1533
4192,1517
4193,1265
4194,1315
4195,1157
4196,1302
4197,1267
4198,1113
4199,1280
4200,24519
4201,2107
4202,1843
4203,1538
4204,1539
4205,1418
4206,1520
4207,1327
4208,1607
4209,1550
4210,2476
4211,1816
4212,1671
4213,2070
4214,1541
4215,1811
4216,1194
4217,3198
4218,1428
4219,1335
4220,1841
4221,1719
4222,2236
4223,1272
4224,1633
4225,2227
4226,1680
4227,1581
4228,1005
4229,1169
4230,1792
4231,1726
4232,1365
4233,1492
4234,1100
4235,1279
4236,5913
4237,1045
4238,1214
4239,1228
4240,2248
4241,1587
4242,3781
4243,1345
4244,2650
4245,1515
4246,1491
4247,1385
4248,1125
4249,2503
4250,4053
4251,1538
4252,1255
4253,1541
4254,1182
4255,1077
4256,1202
4257,1255
4258,1663
4259,1031
4260,1720
4261,1424
4262,1362
4263,972
4264,1066
4265,1012
4266,1266
4267,1458
4268,927
4269,2461
4270,1510
4271,1315
4272,1295
4273,1299
4274,1166
4275,1295
4276,1198
4277,1924
4278,1245
4279,1105
4280,1622
4281,1329
4282,1081
4283,1454
4284,1081
4285,1352
4286,1768
4287,1406
4288,1455
4289,1070
4290,1470
4291,1356
4292,1820
4293,890
4294,1135
4295,1568
4296,1445
4297,893
4298,948
4299,1131
4300,12128
4301,2351
4302,2073
4303,1999
4304,1519
4305,1553
4306,1296
4307,1354
4308,1295
4309,1138
4310,2015
4311,1803
4312,2588
4313,1413
4314,1336
4315,1289
4316,1106
4317,1041
4318,1041
4319,1755
4320,4619
4321,6711
4322,1786
4323,1362
4324,5753
4325,1822
4326,17803
4327,1452
4328,1747
4329,1303
4330,1830
4331,2709
4332,1775
4333,2358
4334,1796
4335,1321
4336,1511
4337,1489
4338,1479
4339,1230
4340,2298
4341,1318
4342,1144
4343,1951
4344,1376
4345,2107
4346,1483
4347,1303
4348,1438
4349,1106
4350,3497
4351,1428
4352,1600
4353,1034
4354,1006
4355,1103
4356,2377
4357,3962
4358,1335
4359,1202
4360,1993
4361,1340
4362,1441
4363,1355
4364,1171
4365,1202
4366,1578
4367,938
4368,1414
4369,1208
4370,1433
4371,1411
4372,1205
4373,1632
4374,1248
4375,3359
4376,970
4377,1497
4378,866
4379,890
4380,1692
4381,1431
4382,1137
4383,1054
4384,1354
4385,936
4386,1194
4387,1116
4388,1564
4389,1132
4390,1508
4391,1707
4392,1059
4393,1093
4394,1001
4395,1054
4396,1182
4397,1007
4398,1903
4399,1289
4400,15201
4401,2199
4402,1783
4403,1687
4404,1881
4405,2705
4406,1635
4407,1156
4408,1328
4409,1245
4410,2375
4411,2182
4412,2012
4413,1129
4414,1946
4415,1411
4416,3288
4417,1163
4418,1349
4419,3006
4420,1911
4421,1102
4422,2244
4423,1502
4424,1251
4425,1875
4426,1393
4427,1332
4428,1330
4429,913
4430,2608
4431,1122
4432,1156
4433,2009
4434,1257
4435,2445
4436,1337
4437,1254
4438,1335
4439,915
4440,4124
4441,2120
4442,1585
4443,1923
4444,13763
4445,1960
4446,1793
4447,1558
4448,1720
4449,1332
4450,2246
4451,1250
4452,1145
4453,1661
4454,1414
4455,1712
4456,1268
4457,1181
4458,1162
4459,850
4460,1896
4461,999
4462,1162
4463,1099
4464,1373
4465,1078
4466,1698
4467,1105
4468,1098
4469,1167
4470,2207
4471,1221
4472,1638
4473,2880
4474,971
4475,1218
4476,1094
4477,1326
4478,1036
4479,1022
4480,1963
4481,1157
4482,1377
4483,1228
4484,1647
4485,1143
4486,1640
4487,892
4488,1624
4489,1325
4490,1648
4491,3027
4492,1002
4493,1096
4494,1190
4495,1242
4496,1194
4497,973
4498,1522
4499,1781
4500,58735
4501,2013
4502,2018
4503,2672
4504,1392
4505,1936
4506,3581
4507,1373
4508,1257
4509,1330
4510,2121
4511,2156
4512,1759
4513,1577
4514,1306
4515,1449
4516,1697
4517,1137
4518,1137
4519,1265
4520,1976
4521,1347
4522,1756
4523,1173
4524,1412
4525,1410
4526,1208
4527,1354
4528,1010
4529,1875
4530,2283
4531,1277
4532,1126
4533,1067
4534,1042
4535,1417
4536,2022
4537,1321
4538,898
4539,1253
4540,1411
4541,1201
4542,1157
4543,1545
4544,1075
4545,3368
4546,1454
4547,1669
4548,1343
4549,1126
4550,2751
4551,1274
4552,1283
4553,1138
4554,1337
4555,2101
4556,1379
4557,1282
4558,1289
4559,932
4560,2465
4561,1343
4562,2235
4563,1269
4564,1199
4565,2387
4566,1446
4567,9236
4568,1436
4569,1180
4570,2010
4571,1459
4572,1080
4573,1192
4574,1025
4575,1399
4576,1640
4577,1045
4578,1266
4579,1509
4580,1393
4581,991
4582,1012
4583,1205
4584,917
4585,1037
4586,1057
4587,989
4588,1301
4589,1015
4590,2499
4591,913
4592,1107
4593,1131
4594,863
4595,1008
4596,988
4597,1143
4598,1601
4599,934
4600,13693
4601,1949
4602,1602
4603,1526
4604,1070
4605,1530
4606,1213
4607,1446
4608,3878
4609,1093
4610,1911
4611,1391
4612,1578
4613,1430
4614,2112
4615,1942
4616,1243
4617,998
4618,912
4619,968
4620,1580
4621,1241
4622,1602
4623,1224
4624,1636
4625,1724
4626,1330
4627,1755
4628,911
4629,977
4630,2006
4631,1139
4632,1198
4633,1100
4634,1706
4635,1018
4636,3651
4637,1020
4638,1103
4639,1082
4640,1682
4641,1415
4642,1107
4643,882
4644,1298
4645,1162
4646,1708
4647,1874
4648,2115
4649,1542
4650,2743
4651,1182
4652,1183
4653,1048
4654,977
4655,1390
4656,951
4657,1256
4658,1552
4659,784
4660,1574
4661,972
4662,1233
4663,1142
4664,1080
4665,1336
4666,2308
4667,1217
4668,1025
4669,1163
4670,2805
4671,1101
4672,1182
4673,2879
4674,1070
4675,1250
4676,1131
4677,975
4678,1212
4679,1139
4680,2389
4681,1654
4682,1540
4683,1105
4684,1819
4685,919
4686,1112
4687,1974
4688,1168
4689,850
4690,2137
4691,928
4692,1129
4693,927
4694,982
4695,1038
4696,1060
4697,1087
4698,1107
4699,957
4700,11297
4701,1843
4702,1192
4703,1380
4704,1406
4705,1549
4706,1074
4707,1472
4708,1103
4709,1188
4710,1559
4711,3636
4712,1745
4713,2455
4714,1305
4715,1259
4716,999
4717,1058
4718,929
4719,921
4720,1584
4721,1046
4722,1320
4723,1584
4724,1089
4725,1633
4726,898
4727,1170
4728,1235
4729,1422
4730,1296
4731,1408
4732,1374
4733,1528
4734,922
4735,1147
4736,1069
4737,1061
4738,921
4739,923
4740,1374
4741,886
4742,1108
4743,920
4744,946
4745,1072
4746,1047
4747,1928
4748,964
4749,1435
4750,2988
4751,1373
4752,1266
4753,1038
4754,1095
4755,2625
4756,977
4757,1397
4758,1691
4759,1223
4760,1709
4761,1131
4762,1077
4763,967
4764,857
4765,1139
4766,1096
4767,1053
4768,1272
4769,1233
4770,3641
4771,1490
4772,1188
4773,1444
4774,1172
4775,1057
4776,1082
4777,1266
4778,957
4779,1006
4780,1309
4781,1160
4782,1037
4783,1016
4784,914
4785,972
4786,1129
4787,941
4788,1123
4789,997
4790,1611
4791,1050
4792,1006
4793,1225
4794,967
4795,1017
4796,823
4797,1677
4798,939
4799,1314
4800,21815
4801,1661
4802,1275
4803,1463
4804,1167
4805,1984
4806,1151
4807,1160
4808,1078
4809,989
4810,1804
4811,1696
4812,1269
4813,966
4814,994
4815,1123
4816,1277
4817,1162
4818,952
4819,1786
4820,1398
4821,1002
4822,1575
4823,935
4824,936
4825,1188
4826,1102
4827,1337
4828,1168
4829,952
4830,1644
4831,1162
4832,1255
4833,1281
4834,842
4835,1113
4836,1002
4837,1040
4838,1216
4839,1083
4840,1937
4841,1071
4842,1583
4843,846
4844,1160
4845,24188
4846,1061
4847,821
4848,2480
4849,1257
4850,6621
4851,1340
4852,1853
4853,911
4854,1040
4855,818
4856,974
4857,1006
4858,902
4859,1052
4860,2522
4861,1377
4862,1276
4863,877
4864,1311
4865,1049
4866,1186
4867,1033
4868,3050
4869,923
4870,4606
4871,3822
4872,4950
4873,1200
4874,779
4875,1381
4876,888
4877,977
4878,1472
4879,1030
4880,2404
4881,824
4882,894
4883,1055
4884,1216
4885,1259
4886,1018
4887,1396
4888,1377
4889,1416
4890,2285
4891,883
4892,891
4893,821
4894,912
4895,824
4896,1165
4897,1025
4898,1006
4899,1319
4900,7895
4901,2115
4902,1171
4903,1192
4904,1068
4905,1275
4906,1335
4907,979
4908,925
4909,1193
4910,1536
4911,1296
4912,1112
4913,1270
4914,1071
4915,1253
4916,994
4917,914
4918,1397
4919,1531
4920,1464
4921,1102
4922,983
4923,899
4924,1044
4925,1076
4926,1081
4927,802
4928,904
4929,1225
4930,1448
4931,961
4932,1893
4933,1529
4934,1091
4935,1089
4936,960
4937,849
4938,1061
4939,1594
4940,1549
4941,1313
4942,1013
4943,919
4944,1209
4945,1218
4946,856
4947,1077
4948,1075
4949,1563
4950,3220
4951,1580
4952,1826
4953,1341
4954,1063
4955,1142
4956,1091
4957,934
4958,943
4959,1152
4960,1561
4961,1199
4962,978
4963,1075
4964,953
4965,1015
4966,961
4967,861
4968,1107
4969,787
4970,1185
4971,1260
4972,1123
4973,1000
4974,839
4975,2251
4976,737
4977,1257
4978,996
4979,781
4980,1430
4981,828
4982,1140
4983,1344
4984,999
4985,1044
4986,1003
4987,1096
4988,1242
4989,962
4990,1662
4991,1192
4992,1104
4993,1177
4994,1195
4995,1839
4996,988
4997,1008
4998,1161
4999,5162
5000,525111
5001,7981
5002,3018
5003,2725
5004,2213
5005,3696
5006,1934
5007,1877
5008,1730
5009,1471
5010,4236
5011,1922
5012,1758
5013,1254
5014,1351
5015,1826
5016,1722
5017,1304
5018,1348
5019,890
5020,2952
5021,1371
5022,1391
5023,1207
5024,1117
5025,1321
5026,1221
5027,1460
5028,1135
5029,1065
5030,2593
5031,1127
5032,1286
5033,1271
5034,993
5035,1237
5036,936
5037,1540
5038,1268
5039,1198
5040,6319
5041,1273
5042,1214
5043,963
5044,1416
5045,1479
5046,966
5047,1098
5048,983
5049,1037
5050,7819
5051,3554
5052,3363
5053,1296
5054,1627
5055,1717
5056,1394
5057,1054
5058,890
5059,1199
5060,2529
5061,4144
5062,1186
5063,1269
5064,858
5065,1006
5066,1062
5067,1050
5068,953
5069,1172
5070,1698
5071,850
5072,1114
5073,900
5074,964
5075,1591
5076,843
5077,1123
5078,1020
5079,900
5080,1869
5081,1256
5082,996
5083,1516
5084,1027
5085,1109
5086,1138
5087,842
5088,1291
5089,981
5090,2005
5091,871
5092,793
5093,1033
5094,906
5095,997
5096,1230
5097,757
5098,825
5099,930
5100,14059
5101,2788
5102,1769
5103,1670
5104,1485
5105,1349
5106,1144
5107,1499
5108,1263
5109,1132
5110,2375
5111,2047
5112,1754
5113,1233
5114,1715
5115,1540
5116,1501
5117,1196
5118,1274
5119,1108
5120,5206
5121,1702
5122,1197
5123,1443
5124,1281
5125,1680
5126,1071
5127,925
5128,1356
5129,1245
5130,1402
5131,1224
5132,1098
5133,1113
5134,889
5135,997
5136,925
5137,1080
5138,1125
5139,771
5140,1624
5141,994
5142,1105
5143,1116
5144,1216
5145,1314
5146,813
5147,916
5148,1053
5149,775
5150,6063
5151,1914
5152,1238
5153,1477
5154,1325
5155,1149
5156,1087
5157,1119
5158,836
5159,904
5160,2714
5161,1236
5162,895
5163,898
5164,848
5165,1046
5166,1035
5167,1047
5168,879
5169,904
5170,1137
5171,1354
5172,1208
5173,1025
5174,688
5175,1133
5176,1177
5177,899
5178,862
5179,810
5180,1227
5181,993
5182,861
5183,1124
5184,1881
5185,1191
5186,853
5187,913
5188,870
5189,697
5190,1264
5191,1079
5192,3025
5193,2741
5194,11804
5195,1292
5196,2148
5197,819
5198,1332
5199,1326
5200,18950
5201,1888
5202,1467
5203,1307
5204,1193
5205,1401
5206,1345
5207,1074
5208,1321
5209,1059
5210,2027
5211,1454
5212,1289
5213,1086
5214,1004
5215,10900
5216,1164
5217,977
5218,1017
5219,886
5220,3561
5221,1485
5222,1734
5223,1452
5224,930
5225,2406
5226,972
5227,2002
5228,951
5229,1113
5230,1541
5231,1125
5232,1050
5233,1157
5234,1581
5235,1282
5236,1192
5237,971
5238,839
5239,829
5240,1365
5241,1074
5242,972
5243,961
5244,965
5245,1465
5246,1448
5247,1160
5248,999
5249,933
5250,4927
5251,1323
5252,3480
5253,1174
5254,1565
5255,1653
5256,1086
5257,934
5258,1028
5259,958
5260,1314
5261,893
5262,1129
5263,1435
5264,793
5265,874
5266,1019
5267,918
5268,1360
5269,710
5270,1122
5271,958
5272,964
5273,989
5274,1292
5275,1101
5276,763
5277,930
5278,1144
5279,975
5280,10646
5281,2839
5282,1031
5283,1068
5284,764
5285,1354
5286,827
5287,1015
5288,933
5289,756
5290,1103
5291,1557
5292,1128
5293,1100
5294,1262
5295,912
5296,1325
5297,1035
5298,844
5299,1063
5300,12428
5301,1802
5302,1361
5303,1274
5304,1277
5305,1616
5306,1261
5307,1419
5308,1075
5309,2616
5310,1668
5311,1304
5312,1374
5313,1280
5314,999
5315,1392
5316,2351
5317,873
5318,782
5319,983
5320,1905
5321,2324
5322,2514
5323,1636
5324,1475
5325,1289
5326,933
5327,1421
5328,1483
5329,2634
5330,1313
5331,1091
5332,1079
5333,1688
5334,1551
5335,1478
5336,1251
5337,858
5338,1230
5339,1117
5340,1481
5341,1424
5342,1038
5343,1679
5344,894
5345,1452
5346,1733
5347,2675
5348,937
5349,1058
5350,1914
5351,965
5352,1247
5353,2078
5354,1135
5355,1800
5356,1597
5357,1115
5358,939
5359,1274
5360,1024
5361,779
5362,921
5363,980
5364,1178
5365,840
5366,887
5367,756
5368,1006
5369,854
5370,1403
5371,1396
5372,839
5373,938
5374,1171
5375,1283
5376,1160
5377,1005
5378,847
5379,868
5380,1629
5381,1844
5382,918
5383,922
5384,807
5385,1061
5386,2991
5387,960
5388,898
5389,1079
5390,1232
5391,973
5392,789
5393,961
5394,754
5395,995
5396,931
5397,980
5398,988
5399,1015
5400,19864
5401,1806
5402,1493
5403,1275
5404,950
5405,1308
5406,1153
5407,1112
5408,1311
5409,1139
5410,1393
5411,1421
5412,1235
5413,1209
5414,1045
5415,1609
5416,1062
5417,893
5418,937
5419,834
5420,1374
5421,1013
5422,1089
5423,1334
5424,1320
5425,1452
5426,959
5427,1024
5428,1052
5429,831
5430,1722
5431,861
5432,10858
5433,2650
5434,1063
5435,1083
5436,1332
5437,1073
5438,712
5439,1540
5440,1262
5441,1203
5442,1215
5443,1244
5444,1278
5445,1539
5446,1217
5447,883
5448,902
5449,936
5450,2251
5451,1142
5452,914
5453,876
5454,2114
5455,1420
5456,1675
5457,1063
5458,1066
5459,833
5460,1494
5461,1567
5462,868
5463,1901
5464,907
5465,1504
5466,938
5467,1043
5468,1186
5469,967
5470,1399
5471,2293
5472,5666
5473,842
5474,839
5475,986
5476,851
5477,888
5478,1110
5479,1160
5480,1428
5481,1169
5482,1103
5483,1085
5484,870
5485,882
5486,1073
5487,868
5488,15804
5489,890
5490,1123
5491,1166
5492,960
5493,960
5494,1441
5495,1316
5496,799
5497,848
5498,2431
5499,910
5500,36578
5501,1737
5502,1597
5503,1348
5504,1317
5505,1765
5506,2419
5507,1314
5508,1344
5509,1147
5510,1866
5511,1740
5512,1292
5513,1032
5514,1498
5515,10307
5516,822
5517,1323
5518,984
5519,905
5520,2449
5521,2159
5522,1337
5523,865
5524,1037
5525,1473
5526,1091
5527,996
5528,917
5529,1082
5530,1968
5531,950
5532,1357
5533,1329
5534,840
5535,1059
5536,1001
5537,854
5538,1140
5539,2370
5540,1316
5541,1259
5542,978
5543,1037
5544,1520
5545,1201
5546,737
5547,1017
5548,922
5549,820
5550,2700
5551,1733
5552,1193
5553,1281
5554,1853
5555,15498
5556,2379
5557,1434
5558,1368
5559,1322
5560,1568
5561,1466
5562,945
5563,1064
5564,1353
5565,1337
5566,2096
5567,964
5568,1534
5569,790
5570,1711
5571,1103
5572,1085
5573,882
5574,1149
5575,1024
5576,1863
5577,1220
5578,1163
5579,811
5580,1563
5581,790
5582,1020
5583,777
5584,892
5585,1260
5586,833
5587,1011
5588,1159
5589,1039
5590,1514
5591,986
5592,901
5593,779
5594,1141
5595,3369
5596,862
5597,880
5598,1235
5599,1130
5600,14557
5601,2538
5602,1145
5603,1085
5604,1358
5605,1221
5606,1084
5607,1349
5608,986
5609,930
5610,1494
5611,1097
5612,1198
5613,774
5614,931
5615,1254
5616,1301
5617,877
5618,893
5619,896
5620,1774
5621,891
5622,15706
5623,16473
5624,812
5625,5078
5626,1217
5627,768
5628,740
5629,784
5630,1181
5631,996
5632,1134
5633,1024
5634,4554
5635,1144
5636,945
5637,911
5638,995
5639,892
5640,1322
5641,2903
5642,1190
5643,1254
5644,796
5645,1096
5646,2627
5647,818
5648,901
5649,930
5650,2099
5651,1010
5652,1232
5653,712
5654,1031
5655,1451
5656,1704
5657,1118
5658,1426
5659,905
5660,1388
5661,871
5662,847
5663,928
5664,1432
5665,1336
5666,1400
5667,1104
5668,1060
5669,1163
5670,2660
5671,1109
5672,1739
5673,1053
5674,988
5675,1204
5676,1176
5677,961
5678,9048
5679,783
5680,1547
5681,866
5682,1187
5683,1014
5684,761
5685,751
5686,880
5687,1021
5688,1106
5689,913
5690,1065
5691,713
5692,828
5693,859
5694,2560
5695,1375
5696,849
5697,1968
5698,806
5699,1078
5700,13967
5701,2038
5702,1176
5703,1388
5704,975
5705,1044
5706,912
5707,1209
5708,2234
5709,1064
5710,1417
5711,1232
5712,1294
5713,891
5714,1610
5715,1386
5716,1034
5717,1053
5718,1888
5719,995
5720,1498
5721,1043
5722,1154
5723,2103
5724,1117
5725,1453
5726,730
5727,1264
5728,1260
5729,962
5730,6659
5731,981
5732,960
5733,1307
5734,1071
5735,1725
5736,1177
5737,8960
5738,824
5739,1005
5740,1514
5741,1317
5742,1061
5743,1040
5744,976
5745,1052
5746,999
5747,1281
5748,1232
5749,1379
5750,3213
5751,1504
5752,1018
5753,1912
5754,1844
5755,1654
5756,1449
5757,2885
5758,2472
5759,2442
5760,4946
5761,2351
5762,2432
5763,3257
5764,3001
5765,2941
5766,2613
5767,2939
5768,2884
5769,2320
5770,6977
5771,2990
5772,7982
5773,3918
5774,4352
5775,3618
5776,2717
5777,3275
5778,4318
5779,2353
5780,2482
5781,1505
5782,1553
5783,1009
5784,828
5785,973
5786,800
5787,756
5788,927
5789,1490
5790,1047
5791,838
5792,939
5793,2375
5794,776
5795,927
5796,866
5797,662
5798,841
5799,976
5800,11123
5801,1631
5802,1464
5803,1057
5804,841
5805,1336
5806,860
5807,1632
5808,1393
5809,1297
5810,1269
5811,1199
5812,1447
5813,914
5814,1257
5815,923
5816,1102
5817,1021
5818,813
5819,969
5820,1166
5821,832
5822,1436
5823,940
5824,1071
5825,978
5826,887
5827,797
5828,870
5829,1009
5830,1625
5831,985
5832,1396
5833,1620
5834,933
5835,755
5836,731
5837,760
5838,772
5839,1122
5840,2442
5841,974
5842,799
5843,886
5844,1045
5845,1470
5846,930
5847,746
5848,805
5849,1514
5850,4226
5851,935
5852,984
5853,944
5854,767
5855,890
5856,979
5857,709
5858,1888
5859,977
5860,1316
5861,973
5862,740
5863,600
5864,934
5865,888
5866,1156
5867,846
5868,1396
5869,1206
5870,4586
5871,930
5872,909
5873,814
5874,1178
5875,1095
5876,1200
5877,770
5878,888
5879,888
5880,1658
5881,1031
5882,1272
5883,1436
5884,1041
5885,864
5886,814
5887,958
5888,1248
5889,879
5890,1766
5891,920
5892,918
5893,837
5894,667
5895,1032
5896,669
5897,1102
5898,815
5899,882
5900,7310
5901,2237
5902,1224
5903,1107
5904,970
5905,1409
5906,1283
5907,1275
5908,1182
5909,1245
5910,1364
5911,1170
5912,1020
5913,785
5914,942
5915,1231
5916,948
5917,1127
5918,949
5919,836
5920,1548
5921,769
5922,930
5923,1114
5924,1274
5925,946
5926,1066
5927,974
5928,965
5929,852
5930,1471
5931,1182
5932,863
5933,711
5934,637
5935,853
5936,628
5937,915
5938,816
5939,1078
5940,1482
5941,1120
5942,867
5943,783
5944,745
5945,889
5946,1350
5947,877
5948,768
5949,1163
5950,1831
5951,941
5952,1252
5953,847
5954,797
5955,1091
5956,1023
5957,824
5958,938
5959,1139
5960,1243
5961,1173
5962,1278
5963,973
5964,1072
5965,979
5966,662
5967,1152
5968,883
5969,694
5970,2914
5971,893
5972,909
5973,934
5974,758
5975,1166
5976,820
5977,882
5978,1182
5979,1168
5980,1222
5981,1076
5982,732
5983,703
5984,3180
5985,1228
5986,958
5987,1118
5988,1002
5989,764
5990,1277
5991,1102
5992,1084
5993,858
5994,1002
5995,1076
5996,860
5997,900
5998,813
5999,2251
6000,223408
6001,4690
6002,2600
6003,1743
6004,1681
6005,2946
6006,2393
6007,1322
6008,1529
6009,1575
6010,3221
6011,2912
6012,2407
6013,1986
6014,1028
6015,1557
6016,1563
6017,959
6018,1173
6019,997
6020,2230
6021,1619
6022,1914
6023,1052
6024,1093
6025,1398
6026,900
6027,897
6028,1130
6029,809
6030,1465
6031,993
6032,1115
6033,1180
6034,956
6035,929
6036,882
6037,849
6038,713
6039,882
6040,1729
6041,1022
6042,1044
6043,864
6044,858
6045,1053
6046,836
6047,809
6048,1147
6049,901
6050,3092
6051,1039
6052,1428
6053,1322
6054,993
6055,1582
6056,1124
6057,951
6058,854
6059,885
6060,2796
6061,9253
6062,1339
6063,2700
6064,868
6065,1027
6066,1163
6067,999
6068,989
6069,742
6070,1467
6071,1046
6072,943
6073,1098
6074,797
6075,1754
6076,1266
6077,769
6078,1202
6079,1057
6080,2682
6081,841
6082,1176
6083,1032
6084,3009
6085,896
6086,969
6087,754
6088,911
6089,763
6090,1492
6091,843
6092,881
6093,997
6094,943
6095,749
6096,1198
6097,1064
6098,772
6099,1066
6100,8227
6101,1646
6102,2444
6103,2346
6104,954
6105,1450
6106,1479
6107,1148
6108,1287
6109,1471
6110,1906
6111,2388
6112,1212
6113,1011
6114,1086
6115,1285
6116,1397
6117,811
6118,1095
6119,810
6120,2117
6121,1247
6122,974
6123,1627
6124,1055
6125,1619
6126,849
6127,822
6128,1280
6129,922
6130,2226
6131,1357
6132,825
6133,1214
6134,885
6135,1216
6136,901
6137,876
6138,1102
6139,13932
6140,1384
6141,1081
6142,919
6143,1216
6144,2596
6145,1147
6146,888
6147,827
6148,1462
6149,798
6150,4073
6151,1370
6152,924
6153,921
6154,1141
6155,1139
6156,957
6157,964
6158,644
6159,780
6160,1225
6161,1528
6162,1123
6163,1302
6164,1136
6165,1051
6166,1758
6167,840
6168,1031
6169,849
6170,1088
6171,839
6172,909
6173,1077
6174,2152
6175,988
6176,1486
6177,1030
6178,687
6179,898
6180,2427
6181,1017
6182,755
6183,735
6184,868
6185,856
6186,791
6187,632
6188,752
6189,926
6190,1342
6191,1050
6192,926
6193,708
6194,827
6195,850
6196,1041
6197,688
6198,1204
6199,1012
6200,10269
6201,1337
6202,1095
6203,2535
6204,1109
6205,1045
6206,977
6207,1187
6208,955
6209,1043
6210,1708
6211,1241
6212,1556
6213,1241
6214,1469
6215,1147
6216,949
6217,859
6218,830
6219,691
6220,1248
6221,1812
6222,1246
6223,1327
6224,1023
6225,1305
6226,1498
6227,933
6228,833
6229,906
6230,1729
6231,884
6232,858
6233,941
6234,1450
6235,1021
6236,1236
6237,1447
6238,1511
6239,1035
6240,1829
6241,1057
6242,848
6243,764
6244,776
6245,951
6246,1057
6247,711
6248,751
6249,755
6250,3895
6251,2245
6252,1157
6253,951
6254,830
6255,965
6256,1253
6257,998
6258,971
6259,688
6260,1313
6261,1242
6262,1340
6263,988
6264,1657
6265,1251
6266,1177
6267,728
6268,945
6269,1103
6270,1081
6271,1607
6272,1292
6273,2856
6274,1072
6275,1136
6276,1077
6277,1105
6278,1204
6279,793
6280,1266
6281,711
6282,1037
6283,1089
6284,922
6285,922
6286,1263
6287,704
6288,1073
6289,889
6290,886
6291,938
6292,813
6293,780
6294,732
6295,672
6296,1033
6297,712
6298,765
6299,1041
6300,10194
6301,1662
6302,1007
6303,1159
6304,1209
6305,1162
6306,726
6307,698
6308,779
6309,1444
6310,1428
6311,1363
6312,1124
6313,947
6314,890
6315,842
6316,832
6317,1631
6318,895
6319,723
6320,1224
6321,1298
6322,911
6323,709
6324,1147
6325,1039
6326,767
6327,704
6328,985
6329,1597
6330,1193
6331,1113
6332,1110
6333,1695
6334,1171
6335,788
6336,1363
6337,881
6338,817
6339,993
6340,912
6341,778
6342,790
6343,789
6344,1033
6345,897
6346,1101
6347,779
6348,1878
6349,766
6350,2042
6351,962
6352,820
6353,733
6354,723
6355,1079
6356,1106
6357,1260
6358,585
6359,600
6360,1139
6361,3486
6362,776
6363,1672
6364,1012
6365,1111
6366,1431
6367,1302
6368,1086
6369,1123
6370,1690
6371,3835
6372,1012
6373,1125
6374,1276
6375,1127
6376,1052
6377,810
6378,3382
6379,4075
6380,1440
6381,726
6382,872
6383,846
6384,1004
6385,929
6386,893
6387,723
6388,800
6389,844
6390,1088
6391,875
6392,955
6393,982
6394,801
6395,954
6396,897
6397,1287
6398,852
6399,1106
6400,20715
6401,1361
6402,1470
6403,762
6404,1041
6405,854
6406,1051
6407,855
6408,837
6409,1036
6410,1562
6411,1121
6412,1065
6413,765
6414,759
6415,835
6416,926
6417,730
6418,800
6419,975
6420,1696
6421,970
6422,1041
6423,1035
6424,907
6425,1088
6426,871
6427,691
6428,1019
6429,1536
6430,928
6431,849
6432,1391
6433,1015
6434,1015
6435,1193
6436,700
6437,803
6438,928
6439,652
6440,1443
6441,951
6442,628
6443,1266
6444,924
6445,816
6446,1262
6447,730
6448,909
6449,822
6450,2180
6451,762
6452,669
6453,1041
6454,822
6455,1104
6456,831
6457,865
6458,1028
6459,781
6460,1006
6461,733
6462,751
6463,990
6464,1350
6465,1025
6466,1027
6467,865
6468,879
6469,1091
6470,747
6471,875
6472,812
6473,906
6474,1017
6475,1280
6476,691
6477,820
6478,1216
6479,583
6480,1583
6481,575
6482,687
6483,724
6484,1048
6485,888
6486,917
6487,758
6488,857
6489,973
6490,1318
6491,741
6492,778
6493,600
6494,1242
6495,927
6496,616
6497,673
6498,929
6499,651
6500,28674
6501,1917
6502,61950
6503,1043
6504,1031
6505,1303
6506,767
6507,1160
6508,920
6509,940
6510,2504
6511,2223
6512,1944
6513,733
6514,823
6515,1072
6516,1019
6517,654
6518,899
6519,5885
6520,1727
6521,833
6522,1094
6523,688
6524,803
6525,1059
6526,958
6527,849
6528,948
6529,775
6530,1098
6531,987
6532,1006
6533,1017
6534,1052
6535,1014
6536,1131
6537,675
6538,1005
6539,598
6540,799
6541,813
6542,939
6543,2179
6544,855
6545,773
6546,914
6547,781
6548,645
6549,831
6550,3164
6551,924
6552,1020
6553,1007
6554,817
6555,1681
6556,1236
6557,906
6558,625
6559,678
6560,1518
6561,2420
6562,1034
6563,972
6564,741
6565,1630
6566,981
6567,1094
6568,762
6569,871
6570,1462
6571,702
6572,881
6573,1158
6574,808
6575,802
6576,1088
6577,689
6578,954
6579,790
6580,1042
6581,997
6582,615
6583,1129
6584,827
6585,1012
6586,704
6587,724
6588,878
6589,568
6590,895
6591,806
6592,733
6593,751
6594,603
6595,800
6596,1314
6597,876
6598,682
6599,651
6600,14513
6601,1225
6602,1082
6603,1134
6604,933
6605,1429
6606,1087
6607,852
6608,1076
6609,691
6610,1390
6611,1420
6612,933
6613,1686
6614,880
6615,741
6616,857
6617,848
6618,639
6619,816
6620,1291
6621,884
6622,921
6623,812
6624,898
6625,960
6626,610
6627,772
6628,637
6629,629
6630,1380
6631,779
6632,2592
6633,1186
6634,704
6635,797
6636,854
6637,843
6638,696
6639,787
6640,1497
6641,781
6642,977
6643,955
6644,971
6645,960
6646,779
6647,738
6648,1088
6649,846
6650,1620
6651,1102
6652,830
6653,869
6654,823
6655,1111
6656,1115
6657,863
6658,674
6659,639
6660,1300
6661,980
6662,1551
6663,1185
6664,1098
6665,1118
6666,8591
6667,7184
6668,1446
6669,1080
6670,2094
6671,1110
6672,1529
6673,905
6674,931
6675,910
6676,1080
6677,1417
6678,934
6679,773
6680,1550
6681,681
6682,725
6683,731
6684,857
6685,665
6686,858
6687,784
6688,972
6689,772
6690,1166
6691,788
6692,802
6693,621
6694,985
6695,859
6696,831
6697,1089
6698,635
6699,1315
6700,8110
6701,1367
6702,1257
6703,851
6704,1029
6705,919
6706,713
6707,1181
6708,1127
6709,1154
6710,1250
6711,959
6712,953
6713,754
6714,669
6715,743
6716,952
6717,683
6718,779
6719,854
6720,1724
6721,884
6722,884
6723,844
6724,844
6725,780
6726,1398
6727,689
6728,806
6729,671
6730,859
6731,1515
6732,950
6733,829
6734,788
6735,904
6736,9408
6737,692
6738,874
6739,658
6740,900
6741,643
6742,955
6743,646
6744,844
6745,931
6746,527
6747,1297
6748,850
6749,1652
6750,3179
6751,825
6752,955
6753,873
6754,809
6755,901
6756,707
6757,1051
6758,922
6759,703
6760,1046
6761,661
6762,752
6763,927
6764,921
6765,1800
6766,724
6767,1299
6768,820
6769,1097
6770,1966
6771,974
6772,756
6773,938
6774,1032
6775,945
6776,884
6777,957
6778,699
6779,805
6780,1229
6781,974
6782,657
6783,761
6784,971
6785,1023
6786,672
6787,977
6788,710
6789,5413
6790,1098
6791,934
6792,778
6793,857
6794,734
6795,742
6796,678
6797,723
6798,697
6799,720
6800,15413
6801,1347
6802,936
6803,1196
6804,1478
6805,1046
6806,967
6807,811
6808,1026
6809,3321
6810,13432
6811,1462
6812,868
6813,605
6814,797
6815,554
6816,802
6817,1005
6818,920
6819,1103
6820,1286
6821,712
6822,1480
6823,1048
6824,773
6825,1135
6826,833
6827,718
6828,726
6829,817
6830,999
6831,1058
6832,908
6833,749
6834,644
6835,668
6836,730
6837,702
6838,606
6839,961
6840,943
6841,694
6842,802
6843,552
6844,810
6845,1137
6846,2073
6847,863
6848,845
6849,599
6850,3335
6851,1056
6852,736
6853,621
6854,913
6855,969
6856,574
6857,809
6858,819
6859,921
6860,754
6861,666
6862,572
6863,544
6864,994
6865,1202
6866,675
6867,576
6868,1648
6869,951
6870,3625
6871,675
6872,951
6873,686
6874,625
6875,2832
6876,888
6877,870
6878,685
6879,1143
6880,1121
6881,809
6882,828
6883,667
6884,762
6885,681
6886,754
6887,745
6888,1218
6889,895
6890,1055
6891,722
6892,2394
6893,681
6894,919
6895,733
6896,1356
6897,670
6898,675
6899,676
6900,5338
6901,1163
6902,1141
6903,1100
6904,840
6905,842
6906,1371
6907,747
6908,745
6909,900
6910,1033
6911,1280
6912,1394
6913,660
6914,891
6915,968
6916,1033
6917,952
6918,1195
6919,584
6920,1497
6921,654
6922,1768
6923,774
6924,1192
6925,688
6926,681
6927,677
6928,2656
6929,875
6930,1451
6931,1186
6932,646
6933,776
6934,866
6935,980
6936,694
6937,629
6938,542
6939,1183
6940,1096
6941,835
6942,712
6943,619
6944,1299
6945,710
6946,876
6947,1012
6948,742
6949,713
6950,3950
6951,710
6952,669
6953,482
6954,778
6955,854
6956,677
6957,616
6958,787
6959,838
6960,1290
6961,664
6962,703
6963,1108
6964,672
6965,1063
6966,800
6967,742
6968,1157
6969,1974
6970,2915
6971,728
6972,800
6973,792
6974,654
6975,960
6976,1228
6977,791
6978,678
6979,1081
6980,1451
6981,800
6982,712
6983,639
6984,863
6985,1019
6986,616
6987,664
6988,636
6989,1237
6990,2377
6991,857
6992,914
6993,868
6994,632
6995,1038
6996,1632
6997,624
6998,823
6999,1471
7000,116939
7001,3383
7002,1741
7003,1531
7004,1778
7005,2071
7006,2020
7007,4594
7008,1302
7009,1198
7010,2086
7011,1413
7012,1411
7013,886
7014,1240
7015,1995
7016,929
7017,878
7018,2673
7019,852
7020,2174
7021,1044
7022,1181
7023,1115
7024,1108
7025,1092
7026,919
7027,1265
7028,1146
7029,870
7030,2286
7031,1052
7032,956
7033,772
7034,1083
7035,915
7036,1263
7037,1046
7038,848
7039,801
7040,1631
7041,948
7042,963
7043,1084
7044,1315
7045,844
7046,1015
7047,853
7048,1069
7049,750
7050,1938
7051,922
7052,947
7053,794
7054,967
7055,1138
7056,1731
7057,833
7058,960
7059,866
7060,1305
7061,981
7062,675
7063,1111
7064,780
7065,963
7066,916
7067,704
7068,885
7069,780
7070,2471
7071,4031
7072,1137
7073,799
7074,892
7075,5507
7076,820
7077,1486
7078,1032
7079,975
7080,1750
7081,760
7082,829
7083,1129
7084,901
7085,1028
7086,954
7087,811
7088,820
7089,844
7090,3516
7091,1080
7092,888
7093,630
7094,2741
7095,953
7096,1138
7097,746
7098,612
7099,1324
7100,8596
7101,1552
7102,1319
7103,1181
7104,1035
7105,938
7106,1388
7107,1186
7108,904
7109,961
7110,2223
7111,2360
7112,1220
7113,1021
7114,814
7115,645
7116,845
7117,1150
7118,600
7119,850
7120,1927
7121,1058
7122,1033
7123,1594
7124,879
7125,1032
7126,1138
7127,698
7128,854
7129,1158
7130,1020
7131,1189
7132,659
7133,827
7134,1003
7135,770
7136,1173
7137,778
7138,695
7139,968
7140,1292
7141,1244
7142,962
7143,1273
7144,782
7145,760
7146,1751
7147,675
7148,804
7149,530
7150,2267
7151,959
7152,1739
7153,862
7154,8457
7155,904
7156,1003
7157,757
7158,862
7159,965
7160,1328
7161,794
7162,815
7163,1126
7164,983
7165,1195
7166,931
7167,6893
7168,1106
7169,974
7170,1208
7171,1767
7172,1334
7173,1180
7174,879
7175,957
7176,1115
7177,879
7178,945
7179,574
7180,1319
7181,1024
7182,1215
7183,1569
7184,965
7185,1961
7186,979
7187,813
7188,1285
7189,776
7190,2252
7191,871
7192,966
7193,734
7194,753
7195,1113
7196,728
7197,716
7198,836
7199,927
7200,31108
7201,2634
7202,1618
7203,1815
7204,1580
7205,1456
7206,2209
7207,902
7208,1217
7209,978
7210,1240
7211,1064
7212,1319
7213,957
7214,1122
7215,814
7216,2125
7217,634
7218,1068
7219,936
7220,1263
7221,848
7222,1717
7223,917
7224,802
7225,1460
7226,812
7227,993
7228,920
7229,850
7230,1256
7231,1635
7232,996
7233,2141
7234,1317
7235,1004
7236,913
7237,906
7238,737
7239,850
7240,879
7241,961
7242,908
7243,1363
7244,891
7245,1201
7246,974
7247,748
7248,841
7249,748
7250,1707
7251,807
7252,756
7253,780
7254,787
7255,945
7256,1239
7257,609
7258,1023
7259,479
7260,1537
7261,981
7262,1635
7263,848
7264,859
7265,953
7266,760
7267,722
7268,645
7269,901
7270,838
7271,703
7272,1754
7273,933
7274,1033
7275,31521
7276,1017
7277,1352
7278,763
7279,673
7280,1517
7281,1264
7282,969
7283,809
7284,872
7285,900
7286,729
7287,1126
7288,1053
7289,1608
7290,1337
7291,958
7292,1050
7293,876
7294,737
7295,1074
7296,801
7297,1193
7298,792
7299,725
7300,6675
7301,1093
7302,1030
7303,922
7304,864
7305,1354
7306,980
7307,959
7308,1078
7309,832
7310,1339
7311,1106
7312,944
7313,683
7314,614
7315,873
7316,769
7317,722
7318,642
7319,762
7320,1400
7321,1143
7322,915
7323,1066
7324,846
7325,906
7326,2195
7327,755
7328,745
7329,622
7330,1379
7331,922
7332,828
7333,1503
7334,1222
7335,624
7336,759
7337,1159
7338,692
7339,653
7340,1966
7341,722
7342,629
7343,639
7344,692
7345,806
7346,895
7347,698
7348,852
7349,547
7350,1692
7351,1001
7352,881
7353,768
7354,625
7355,953
7356,1182
7357,872
7358,885
7359,666
7360,1477
7361,910
7362,1033
7363,642
7364,919
7365,866
7366,1088
7367,793
7368,889
7369,945
7370,1272
7371,964
7372,718
7373,1429
7374,1111
7375,1237
7376,832
7377,929
7378,1179
7379,674
7380,874
7381,991
7382,1039
7383,679
7384,1037
7385,653
7386,1268
7387,917
7388,927
7389,948
7390,1089
7391,1493
7392,923
7393,1767
7394,639
7395,805
7396,749
7397,779
7398,582
7399,681
7400,7518
7401,1343
7402,1142
7403,1266
7404,1521
7405,1181
7406,710
7407,1230
7408,1207
7409,731
7410,1371
7411,1488
7412,944
7413,726
7414,1036
7415,687
7416,812
7417,793
7418,835
7419,593
7420,1654
7421,1058
7422,973
7423,827
7424,838
7425,2072
7426,753
7427,698
7428,633
7429,884
7430,946
7431,1216
7432,2376
7433,970
7434,1007
7435,882
7436,1055
7437,552
7438,662
7439,778
7440,2044
7441,814
7442,657
7443,783
7444,1111
7445,1534
7446,1349
7447,1438
7448,881
7449,653
7450,1623
7451,1283
7452,738
7453,912
7454,700
7455,871
7456,1833
7457,729
7458,1713
7459,951
7460,855
7461,685
7462,654
7463,715
7464,817
7465,780
7466,745
7467,742
7468,870
7469,647
7470,1042
7471,659
7472,728
7473,747
7474,1779
7475,1482
7476,1072
7477,672
7478,1067
7479,692
7480,1188
7481,952
7482,774
7483,795
7484,1367
7485,1303
7486,1454
7487,1080
7488,874
7489,968
7490,1232
7491,739
7492,795
7493,713
7494,1012
7495,840
7496,742
7497,963
7498,725
7499,1104
7500,41169
7501,1651
7502,1344
7503,1954
7504,759
7505,1025
7506,3339
7507,870
7508,729
7509,1331
7510,1379
7511,1105
7512,1096
7513,1022
7514,1187
7515,862
7516,1328
7517,802
7518,852
7519,1442
7520,1725
7521,968
7522,779
7523,913
7524,1306
7525,1267
7526,935
7527,706
7528,821
7529,991
7530,1091
7531,1079
7532,721
7533,773
7534,888
7535,815
7536,730
7537,827
7538,1021
7539,746
7540,1292
7541,784
7542,987
7543,967
7544,876
7545,1021
7546,2079
7547,746
7548,1049
7549,622
7550,1397
7551,1295
7552,763
7553,970
7554,11289
7555,1105
7556,834
7557,967
7558,630
7559,1081
7560,1210
7561,767
7562,774
7563,611
7564,730
7565,752
7566,1372
7567,1610
7568,766
7569,654
7570,962
7571,778
7572,693
7573,592
7574,707
7575,1597
7576,717
7577,1186
7578,677
7579,747
7580,1479
7581,650
7582,64177
7583,842
7584,855
7585,859
7586,743
7587,1268
7588,683
7589,636
7590,1261
7591,1201
7592,786
7593,722
7594,949
7595,769
7596,647
7597,598
7598,704
7599,924
7600,10396
7601,2034
7602,1260
7603,1248
7604,953
7605,913
7606,1030
7607,992
7608,1071
7609,651
7610,3976
7611,1135
7612,769
7613,1559
7614,1043
7615,822
7616,857
7617,580
7618,839
7619,1853
7620,993
7621,871
7622,939
7623,913
7624,920
7625,1108
7626,862
7627,593
7628,635
7629,646
7630,819
7631,761
7632,979
7633,603
7634,1151
7635,668
7636,836
7637,2137
7638,610
7639,994
7640,822
7641,1292
7642,690
7643,1821
7644,799
7645,1529
7646,767
7647,818
7648,835
7649,613
7650,1907
7651,597
7652,782
7653,1047
7654,1626
7655,708
7656,1290
7657,786
7658,1010
7659,824
7660,1119
7661,1401
7662,833
7663,878
7664,1004
7665,881
7666,771
7667,1391
7668,769
7669,772
7670,939
7671,988
7672,605
7673,669
7674,705
7675,770
7676,1222
7677,879
7678,1095
7679,1287
7680,2573
7681,987
7682,631
7683,588
7684,568
7685,771
7686,624
7687,1415
7688,792
7689,973
7690,954
7691,519
7692,1141
7693,693
7694,614
7695,1494
7696,843
7697,508
7698,1093
7699,546
7700,7737
7701,3447
7702,1880
7703,945
7704,796
7705,852
7706,632
7707,876
7708,844
7709,768
7710,1317
7711,1297
7712,1188
7713,917
7714,974
7715,860
7716,904
7717,4806
7718,771
7719,602
7720,1083
7721,958
7722,1456
7723,964
7724,633
7725,1002
7726,835
7727,778
7728,1048
7729,935
7730,1505
7731,710
7732,935
7733,1057
7734,1739
7735,1264
7736,963
7737,1215
7738,781
7739,1067
7740,903
7741,554
7742,961
7743,762
7744,801
7745,992
7746,718
7747,1093
7748,1391
7749,753
7750,3050
7751,827
7752,845
7753,2118
7754,607
7755,1184
7756,777
7757,878
7758,1012
7759,1042
7760,1150
7761,666
7762,561
7763,639
7764,804
7765,704
7766,1062
7767,677
7768,830
7769,646
7770,2565
7771,1126
7772,842
7773,711
7774,713
7775,838
7776,3679
7777,9752
7778,1799
7779,1168
7780,1025
7781,697
7782,1044
7783,879
7784,533
7785,846
7786,1079
7787,729
7788,1826
7789,742
7790,1235
7791,757
7792,796
7793,813
7794,621
7795,735
7796,796
7797,728
7798,759
7799,1916
7800,10267
7801,1163
7802,1069
7803,1518
7804,730
7805,5961
7806,990
7807,741
7808,981
7809,1042
7810,1510
7811,843
7812,2139
7813,915
7814,908
7815,769
7816,1484
7817,2126
7818,940
7819,579
7820,872
7821,882
7822,981
7823,663
7824,1073
7825,1409
7826,711
7827,931
7828,863
7829,676
7830,825
7831,848
7832,702
7833,907
7834,794
7835,658
7836,1031
7837,750
7838,771
7839,798
7840,949
7841,698
7842,632
7843,757
7844,983
7845,714
7846,623
7847,754
7848,1597
7849,548
7850,4884
7851,639
7852,749
7853,815
7854,2246
7855,701
7856,661
7857,851
7858,901
7859,606
7860,1021
7861,952
7862,699
7863,954
7864,2303
7865,594
7866,1082
7867,1166
7868,858
7869,2662
7870,4132
7871,653
7872,991
7873,953
7874,1358
7875,2798
7876,1092
7877,730
7878,1551
7879,809
7880,1090
7881,878
7882,606
7883,624
7884,610
7885,961
7886,777
7887,847
7888,1320
7889,678
7890,5344
7891,765
7892,653
7893,531
7894,1229
7895,799
7896,946
7897,719
7898,806
7899,973
7900,5951
7901,1447
7902,906
7903,1029
7904,731
7905,826
7906,1199
7907,816
7908,795
7909,1089
7910,1286
7911,1006
7912,904
7913,686
7914,2360
7915,1103
7916,797
7917,955
7918,740
7919,919
7920,2054
7921,750
7922,975
7923,3026
7924,738
7925,1020
7926,748
7927,628
7928,584
7929,536
7930,1148
7931,811
7932,592
7933,708
7934,518
7935,749
7936,954
7937,623
7938,658
7939,703
7940,1008
7941,691
7942,509
7943,647
7944,633
7945,526
7946,1104
7947,612
7948,602
7949,685
7950,5180
7951,662
7952,630
7953,754
7954,758
7955,813
7956,734
7957,605
7958,616
7959,715
7960,1076
7961,645
7962,638
7963,510
7964,636
7965,631
7966,1017
7967,932
7968,712
7969,543
7970,5103
7971,791
7972,572
7973,844
7974,1166
7975,581
7976,1370
7977,1034
7978,617
7979,1326
7980,1358
7981,885
7982,645
7983,624
7984,695
7985,594
7986,1323
7987,604
7988,553
7989,755
7990,1801
7991,639
7992,679
7993,818
7994,726
7995,725
7996,417
7997,575
7998,1596
7999,1667
8000,163158
8001,5543
8002,2778
8003,1865
8004,1577
8005,2022
8006,1990
8007,1534
8008,7265
8009,1752
8010,2970
8011,2021
8012,1021
8013,770
8014,3014
8015,835
8016,964
8017,770
8018,4215
8019,1004
8020,3914
8021,1885
8022,1425
8023,1148
8024,936
8025,1280
8026,763
8027,1065
8028,2007
8029,803
8030,1076
8031,1123
8032,1609
8033,1041
8034,805
8035,936
8036,974
8037,643
8038,944
8039,870
8040,1682
8041,811
8042,1057
8043,801
8044,787
8045,799
8046,786
8047,3018
8048,1759
8049,787
8050,3128
8051,12105
8052,1436
8053,2834
8054,824
8055,1005
8056,694
8057,914
8058,1891
8059,765
8060,1802
8061,1775
8062,805
8063,634
8064,1125
8065,1073
8066,733
8067,574
8068,778
8069,1565
8070,1448
8071,863
8072,681
8073,681
8074,653
8075,3957
8076,697
8077,1100
8078,1539
8079,784
8080,81924
8081,6629
8082,2758
8083,1977
8084,1225
8085,12606
8086,34041
8087,5983
8088,15677
8089,2030
8090,2905
8091,1670
8092,1202
8093,939
8094,715
8095,743
8096,1203
8097,958
8098,897
8099,1050
8100,7486
8101,1338
8102,1154
8103,892
8104,766
8105,844
8106,792
8107,755
8108,1933
8109,1425
8110,1362
8111,2011
8112,1080
8113,1300
8114,783
8115,732
8116,651
8117,747
8118,1417
8119,790
8120,2112
8121,977
8122,1980
8123,1616
8124,889
8125,3042
8126,1272
8127,729
8128,2772
8129,1355
8130,1311
8131,1207
8132,869
8133,2064
8134,702
8135,1530
8136,673
8137,1800
8138,883
8139,918
8140,1416
8141,681
8142,808
8143,785
8144,1129
8145,631
8146,1006
8147,1805
8148,532
8149,575
8150,2468
8151,932
8152,67921
8153,2735
8154,618
8155,947
8156,944
8157,882
8158,677
8159,483
8160,2457
8161,860
8162,880
8163,658
8164,719
8165,1069
8166,1603
8167,775
8168,913
8169,657
8170,761
8171,783
8172,777
8173,740
8174,660
8175,662
8176,2253
8177,763
8178,650
8179,1033
8180,1585
8181,2119
8182,1109
8183,785
8184,1095
8185,665
8186,1001
8187,609
8188,1022
8189,702
8190,1111
8191,2746
8192,82137
8193,1157
8194,971
8195,893
8196,917
8197,623
8198,613
8199,691
8200,8060
8201,1570
8202,1054
8203,2383
8204,1323
8205,1852
8206,2343
8207,888
8208,965
8209,1103
8210,1659
8211,15358
8212,17826
8213,1323
8214,722
8215,677
8216,6194
8217,126555
8218,3008
8219,2060
8220,37282
8221,37945
8222,1383
8223,1785
8224,956
8225,1108
8226,2685
8227,629
8228,1920
8229,985
8230,9108
8231,852
8232,1428
8233,1072
8234,869
8235,909
8236,601
8237,1171
8238,859
8239,904
8240,1254
8241,711
8242,1174
8243,993
8244,697
8245,758
8246,608
8247,2341
8248,1986
8249,646
8250,2334
8251,997
8252,1115
8253,1261
8254,1125
8255,13292
8256,1084
8257,690
8258,768
8259,1444
8260,1308
8261,668
8262,848
8263,965
8264,1814
8265,834
8266,1153
8267,1219
8268,598
8269,636
8270,706
8271,824
8272,758
8273,767
8274,829
8275,1075
8276,747
8277,646
8278,622
8279,1218
8280,1339
8281,851
8282,1779
8283,1990
8284,1294
8285,791
8286,1195
8287,510
8288,1627
8289,691
8290,1308
8291,784
8292,945
8293,786
8294,586
8295,967
8296,442
8297,620
8298,526
8299,852
8300,6376
8301,1981
8302,780
8303,954
8304,728
8305,748
8306,729
8307,689
8308,990
8309,824
8310,1116
8311,1108
8312,1704
8313,1010
8314,1016
8315,635
8316,768
8317,741
8318,551
8319,549
8320,2067
8321,899
8322,1082
8323,772
8324,794
8325,801
8326,778
8327,677
8328,639
8329,754
8330,1362
8331,859
8332,2797
8333,5178
8334,734
8335,627
8336,716
8337,952
8338,953
8339,744
8340,677
8341,756
8342,697
8343,705
8344,1056
8345,694
8346,695
8347,621
8348,830
8349,615
8350,4689
8351,749
8352,745
8353,707
8354,535
8355,845
8356,787
8357,700
8358,499
8359,697
8360,923
8361,884
8362,583
8363,547
8364,1348
8365,588
8366,853
8367,555
8368,729
8369,610
8370,797
8371,838
8372,620
8373,1212
8374,738
8375,853
8376,876
8377,649
8378,1123
8379,1394
8380,954
8381,568
8382,751
8383,1128
8384,830
8385,1256
8386,842
8387,713
8388,829
8389,572
8390,918
8391,684
8392,745
8393,423
8394,680
8395,645
8396,714
8397,412
8398,524
8399,590
8400,7876
8401,936
8402,928
8403,870
8404,974
8405,601
8406,657
8407,596
8408,621
8409,619
8410,895
8411,1030
8412,875
8413,696
8414,970
8415,880
8416,840
8417,1610
8418,628
8419,669
8420,922
8421,1338
8422,690
8423,1131
8424,3689
8425,648
8426,486
8427,552
8428,540
8429,531
8430,896
8431,848
8432,851
8433,758
8434,469
8435,762
8436,1161
8437,527
8438,558
8439,573
8440,819
8441,562
8442,960
8443,3111
8444,1112
8445,525
8446,689
8447,498
8448,982
8449,504
8450,1060
8451,1057
8452,1000
8453,827
8454,679
8455,759
8456,985
8457,1208
8458,436
8459,638
8460,708
8461,668
8462,980
8463,770
8464,680
8465,544
8466,622
8467,514
8468,573
8469,555
8470,772
8471,654
8472,3306
8473,569
8474,607
8475,619
8476,947
8477,901
8478,834
8479,650
8480,815
8481,816
8482,960
8483,581
8484,1418
8485,827
8486,868
8487,758
8488,688
8489,501
8490,613
8491,643
8492,542
8493,3281
8494,461
8495,566
8496,644
8497,772
8498,541
8499,649
8500,17862
8501,1737
8502,988
8503,737
8504,748
8505,772
8506,695
8507,719
8508,679
8509,551
8510,980
8511,1079
8512,1008
8513,616
8514,762
8515,649
8516,630
8517,503
8518,544
8519,933
8520,1421
8521,964
8522,687
8523,656
8524,661
8525,1096
8526,703
8527,657
8528,676
8529,991
8530,777
8531,582
8532,801
8533,805
8534,601
8535,702
8536,806
8537,517
8538,449
8539,510
8540,1707
8541,902
8542,1233
8543,777
8544,1102
8545,2531
8546,810
8547,700
8548,672
8549,956
8550,1310
8551,657
8552,537
8553,539
8554,620
8555,1242
8556,597
8557,577
8558,4208
8559,483
8560,1035
8561,724
8562,553
8563,616
8564,547
8565,862
8566,616
8567,752
8568,629
8569,545
8570,1088
8571,1398
8572,548
8573,1473
8574,673
8575,668
8576,566
8577,662
8578,510
8579,607
8580,988
8581,677
8582,793
8583,849
8584,705
8585,1378
8586,700
8587,749
8588,829
8589,667
8590,758
8591,523
8592,558
8593,639
8594,1326
8595,747
8596,664
8597,667
8598,644
8599,2611
8600,8099
8601,18249
8602,649
8603,689
8604,1264
8605,858
8606,4586
8607,579
8608,787
8609,629
8610,1001
8611,1206
8612,1118
8613,700
8614,658
8615,1097
8616,885
8617,2916
8618,498
8619,653
8620,1044
8621,1669
8622,715
8623,497
8624,1493
8625,1113
8626,513
8627,596
8628,871
8629,580
8630,641
8631,673
8632,892
8633,668
8634,590
8635,573
8636,932
8637,599
8638,700
8639,684
8640,1751
8641,580
8642,656
8643,695
8644,1046
8645,612
8646,660
8647,663
8648,801
8649,1407
8650,988
8651,668
8652,879
8653,500
8654,821
8655,848
8656,536
8657,541
8658,496
8659,606
8660,1413
8661,567
8662,746
8663,607
8664,699
8665,1003
8666,825
8667,999
8668,795
8669,1170
8670,618
8671,555
8672,575
8673,469
8674,7546
8675,955
8676,878
8677,590
8678,543
8679,466
8680,827
8681,1011
8682,672
8683,822
8684,834
8685,681
8686,1122
8687,750
8688,1104
8689,721
8690,922
8691,547
8692,833
8693,685
8694,527
8695,442
8696,720
8697,559
8698,484
8699,573
8700,5642
8701,940
8702,650
8703,733
8704,828
8705,699
8706,717
8707,587
8708,845
8709,874
8710,1229
8711,1168
8712,911
8713,518
8714,623
8715,624
8716,616
8717,456
8718,520
8719,651
8720,825
8721,1902
8722,1627
8723,555
8724,811
8725,716
8726,584
8727,594
8728,764
8729,680
8730,1840
8731,570
8732,924
8733,1201
8734,826
8735,598
8736,709
8737,952
8738,528
8739,942
8740,793
8741,674
8742,1007
8743,429
8744,602
8745,831
8746,677
8747,899
8748,751
8749,724
8750,2707
8751,816
8752,673
8753,832
8754,721
8755,731
8756,738
8757,477
8758,486
8759,646
8760,3797
8761,642
8762,917
8763,679
8764,698
8765,2698
8766,1035
8767,2044
8768,785
8769,453
8770,686
8771,544
8772,611
8773,615
8774,678
8775,1579
8776,1198
8777,1271
8778,707
8779,563
8780,641
8781,518
8782,590
8783,685
8784,717
8785,557
8786,652
8787,2095
8788,1083
8789,808
8790,785
8791,1260
8792,566
8793,540
8794,980
8795,511
8796,642
8797,772
8798,460
8799,1892
8800,20307
8801,1503
8802,1578
8803,1032
8804,1231
8805,984
8806,634
8807,873
8808,1288
8809,926
8810,1242
8811,947
8812,1117
8813,567
8814,650
8815,989
8816,1065
8817,972
8818,901
8819,799
8820,1806
8821,836
8822,1389
8823,887
8824,1271
8825,735
8826,620
8827,653
8828,751
8829,909
8830,904
8831,583
8832,2419
8833,2472
8834,589
8835,566
8836,586
8837,866
8838,735
8839,725
8840,1081
8841,636
8842,556
8843,1383
8844,1074
8845,620
8846,802
8847,550
8848,1883
8849,691
8850,3327
8851,605
8852,565
8853,608
8854,1233
8855,1119
8856,744
8857,1101
8858,1032
8859,44842
8860,808
8861,637
8862,644
8863,1269
8864,622
8865,736
8866,843
8867,522
8868,603
8869,1232
8870,835
8871,689
8872,568
8873,902
8874,592
8875,564
8876,566
8877,929
8878,790
8879,4638
8880,2384
8881,1040
8882,766
8883,2431
8884,808
8885,1055
8886,851
8887,888
8888,16307
8889,2665
8890,1535
8891,1692
8892,719
8893,502
8894,539
8895,776
8896,474
8897,777
8898,700
8899,976
8900,4181
8901,1932
8902,753
8903,2171
8904,726
8905,605
8906,560
8907,753
8908,631
8909,608
8910,1592
8911,855
8912,871
8913,621
8914,607
8915,989
8916,503
8917,894
8918,566
8919,786
8920,808
8921,734
8922,513
8923,704
8924,857
8925,766
8926,468
8927,638
8928,610
8929,656
8930,915
8931,602
8932,629
8933,794
8934,579
8935,596
8936,684
8937,589
8938,3327
8939,673
8940,830
8941,491
8942,724
8943,606
8944,885
8945,820
8946,412
8947,848
8948,550
8949,3664
8950,1037
8951,617
8952,577
8953,481
8954,552
8955,804
8956,666
8957,425
8958,543
8959,738
8960,1009
8961,632
8962,1446
8963,637
8964,709
8965,890
8966,902
8967,509
8968,442
8969,760
8970,661
8971,894
8972,594
8973,837
8974,537
8975,618
8976,593
8977,977
8978,692
8979,693
8980,680
8981,641
8982,538
8983,1441
8984,1291
8985,540
8986,969
8987,590
8988,959
8989,1427
8990,890
8991,671
8992,693
8993,1470
8994,663
8995,846
8996,584
8997,913
8998,991
8999,1789
9000,118752
9001,33132
9002,2980
9003,1878
9004,1953
9005,1991
9006,1828
9007,2125
9008,1520
9009,2228
9010,2387
9011,1248
9012,1631
9013,955
9014,859
9015,778
9016,809
9017,706
9018,892
9019,679
9020,1531
9021,890
9022,758
9023,691
9024,677
9025,1286
9026,727
9027,603
9028,662
9029,520
9030,1370
9031,623
9032,889
9033,904
9034,675
9035,974
9036,768
9037,730
9038,784
9039,820
9040,1590
9041,814
9042,1026
9043,606
9044,576
9045,871
9046,617
9047,762
9048,1089
9049,520
9050,2423
9051,1466
9052,781
9053,758
9054,770
9055,923
9056,7615
9057,589
9058,9532
9059,711
9060,1146
9061,763
9062,595
9063,819
9064,847
9065,654
9066,6298
9067,541
9068,923
9069,809
9070,924
9071,806
9072,791
9073,639
9074,537
9075,1518
9076,657
9077,891
9078,649
9079,469
9080,1863
9081,1104
9082,667
9083,747
9084,871
9085,862
9086,494
9087,868
9088,686
9089,1092
9090,5358
9091,2315
9092,2239
9093,916
9094,639
9095,804
9096,718
9097,962
9098,660
9099,1117
9100,6405
9101,2957
9102,1058
9103,768
9104,861
9105,717
9106,591
9107,566
9108,708
9109,762
9110,1170
9111,1557
9112,876
9113,664
9114,892
9115,693
9116,751
9117,823
9118,735
9119,1078
9120,1620
9121,722
9122,849
9123,994
9124,659
9125,1392
9126,1333
9127,572
9128,530
9129,633
9130,1014
9131,1058
9132,561
9133,816
9134,1067
9135,685
9136,736
9137,605
9138,932
9139,926
9140,869
9141,892
9142,721
9143,899
9144,2788
9145,590
9146,678
9147,680
9148,591
9149,851
9150,2839
9151,680
9152,642
9153,573
9154,523
9155,1132
9156,614
9157,693
9158,567
9159,588
9160,1226
9161,634
9162,600
9163,780
9164,573
9165,957
9166,904
9167,1461
9168,617
9169,591
9170,835
9171,3032
9172,574
9173,713
9174,634
9175,598
9176,508
9177,555
9178,630
9179,634
9180,812
9181,782
9182,643
9183,862
9184,708
9185,626
9186,750
9187,546
9188,623
9189,523
9190,624
9191,1464
9192,806
9193,1024
9194,697
9195,627
9196,584
9197,614
9198,627
9199,903
9200,13611
9201,1128
9202,749
9203,1461
9204,656
9205,1267
9206,679
9207,626
9208,705
9209,592
9210,1086
9211,1167
9212,775
9213,749
9214,494
9215,711
9216,1770
9217,728
9218,619
9219,905
9220,982
9221,1053
9222,1519
9223,841
9224,670
9225,900
9226,582
9227,708
9228,573
9229,998
9230,1510
9231,1213
9232,1058
9233,653
9234,732
9235,1321
9236,664
9237,587
9238,681
9239,737
9240,902
9241,1783
9242,577
9243,804
9244,672
9245,642
9246,501
9247,795
9248,774
9249,618
9250,2038
9251,596
9252,641
9253,615
9254,527
9255,735
9256,549
9257,661
9258,862
9259,706
9260,1240
9261,898
9262,953
9263,704
9264,753
9265,767
9266,653
9267,637
9268,1151
9269,536
9270,871
9271,691
9272,701
9273,665
9274,521
9275,880
9276,663
9277,629
9278,640
9279,493
9280,2958
9281,601
9282,733
9283,756
9284,652
9285,613
9286,857
9287,658
9288,685
9289,608
9290,1051
9291,601
9292,1693
9293,666
9294,785
9295,885
9296,614
9297,943
9298,574
9299,935
9300,6721
9301,1045
9302,695
9303,950
9304,662
9305,641
9306,771
9307,514
9308,568
9309,718
9310,1070
9311,767
9312,1095
9313,646
9314,532
9315,721
9316,485
9317,543
9318,543
9319,439
9320,774
9321,761
9322,741
9323,563
9324,491
9325,2052
9326,1973
9327,658
9328,622
9329,551
9330,868
9331,700
9332,666
9333,1492
9334,506
9335,1075
9336,520
9337,513
9338,598
9339,749
9340,1091
9341,651
9342,553
9343,906
9344,1012
9345,791
9346,634
9347,497
9348,810
9349,682
9350,1308
9351,1026
9352,700
9353,818
9354,814
9355,1150
9356,567
9357,576
9358,641
9359,564
9360,1179
9361,701
9362,776
9363,511
9364,610
9365,767
9366,461
9367,779
9368,462
9369,485
9370,1022
9371,614
9372,930
9373,526
9374,579
9375,3357
9376,1084
9377,880
9378,887
9379,590
9380,816
9381,1743
9382,1483
9383,700
9384,1012
9385,755
9386,644
9387,622
9388,639
9389,567
9390,831
9391,650
9392,605
9393,995
9394,773
9395,615
9396,586
9397,728
9398,563
9399,629
9400,4802
9401,827
9402,707
9403,776
9404,788
9405,676
9406,721
9407,614
9408,701
9409,907
9410,954
9411,1106
9412,858
9413,583
9414,760
9415,749
9416,568
9417,666
9418,1040
9419,540
9420,790
9421,608
9422,823
9423,629
9424,723
9425,673
9426,568
9427,500
9428,684
9429,525
9430,612
9431,535
9432,629
9433,532
9434,738
9435,621
9436,658
9437,682
9438,1105
9439,729
9440,1412
9441,572
9442,598
9443,1149
9444,1445
9445,758
9446,462
9447,670
9448,695
9449,626
9450,1455
9451,548
9452,760
9453,795
9454,629
9455,702
9456,914
9457,612
9458,457
9459,609
9460,800
9461,605
9462,667
9463,565
9464,496
9465,1855
9466,580
9467,527
9468,721
9469,472
9470,472
9471,589
9472,544
9473,837
9474,849
9475,668
9476,607
9477,791
9478,500
9479,471
9480,668
9481,688
9482,441
9483,572
9484,577
9485,505
9486,577
9487,447
9488,639
9489,611
9490,694
9491,391
9492,604
9493,486
9494,723
9495,626
9496,628
9497,548
9498,473
9499,662
9500,14414
9501,916
9502,727
9503,910
9504,761
9505,907
9506,600
9507,555
9508,857
9509,553
9510,1311
9511,762
9512,908
9513,761
9514,556
9515,774
9516,695
9517,660
9518,550
9519,475
9520,703
9521,627
9522,856
9523,654
9524,827
9525,3492
9526,523
9527,745
9528,499
9529,1291
9530,993
9531,529
9532,604
9533,656
9534,481
9535,563
9536,1337
9537,528
9538,505
9539,599
9540,985
9541,717
9542,743
9543,579
9544,584
9545,1034
9546,873
9547,551
9548,1190
9549,630
9550,2315
9551,752
9552,1046
9553,461
9554,484
9555,1513
9556,681
9557,568
9558,931
9559,770
9560,1001
9561,546
9562,512
9563,525
9564,628
9565,858
9566,768
9567,1154
9568,1334
9569,441
9570,767
9571,490
9572,739
9573,478
9574,1107
9575,682
9576,594
9577,672
9578,652
9579,380
9580,725
9581,471
9582,452
9583,613
9584,755
9585,819
9586,506
9587,469
9588,579
9589,441
9590,1483
9591,489
9592,834
9593,621
9594,585
9595,1806
9596,701
9597,643
9598,617
9599,879
9600,22413
9601,1211
9602,890
9603,710
9604,1208
9605,566
9606,2047
9607,594
9608,624
9609,513
9610,895
9611,786
9612,644
9613,609
9614,472
9615,797
9616,472
9617,506
9618,500
9619,912
9620,775
9621,519
9622,819
9623,891
9624,623
9625,656
9626,514
9627,424
9628,453
9629,753
9630,748
9631,617
9632,941
9633,571
9634,534
9635,839
9636,550
9637,600
9638,425
9639,577
9640,766
9641,442
9642,802
9643,449
9644,586
9645,876
9646,638
9647,580
9648,692
9649,576
9650,1406
9651,572
9652,546
9653,638
9654,844
9655,593
9656,497
9657,459
9658,1071
9659,851
9660,4797
9661,726
9662,978
9663,933
9664,588
9665,594
9666,746
9667,651
9668,576
9669,849
9670,733
9671,568
9672,632
9673,1200
9674,572
9675,859
9676,392
9677,734
9678,632
9679,693
9680,695
9681,511
9682,526
9683,504
9684,567
9685,656
9686,903
9687,626
9688,603
9689,866
9690,783
9691,579
9692,557
9693,400
9694,521
9695,557
9696,1371
9697,810
9698,630
9699,773
9700,28943
9701,966
9702,1413
9703,740
9704,601
9705,795
9706,719
9707,831
9708,881
9709,835
9710,895
9711,705
9712,845
9713,570
9714,707
9715,606
9716,711
9717,671
9718,505
9719,456
9720,1142
9721,617
9722,695
9723,818
9724,684
9725,656
9726,1123
9727,508
9728,713
9729,859
9730,604
9731,570
9732,694
9733,789
9734,605
9735,626
9736,1351
9737,698
9738,538
9739,530
9740,768
9741,467
9742,787
9743,1140
9744,818
9745,581
9746,506
9747,863
9748,601
9749,467
9750,1656
9751,570
9752,646
9753,614
9754,428
9755,906
9756,445
9757,592
9758,819
9759,492
9760,1132
9761,636
9762,504
9763,875
9764,554
9765,657
9766,798
9767,676
9768,576
9769,833
9770,1070
9771,472
9772,677
9773,696
9774,748
9775,681
9776,664
9777,1049
9778,784
9779,646
9780,943
9781,704
9782,569
9783,868
9784,604
9785,569
9786,652
9787,782
9788,571
9789,1436
9790,657
9791,561
9792,746
9793,583
9794,431
9795,422
9796,1463
9797,1104
9798,710
9799,685
9800,10532
9801,2209
9802,991
9803,678
9804,628
9805,856
9806,705
9807,621
9808,748
9809,765
9810,1618
9811,955
9812,668
9813,592
9814,657
9815,736
9816,451
9817,595
9818,701
9819,479
9820,1272
9821,729
9822,3023
9823,596
9824,580
9825,1015
9826,643
9827,512
9828,599
9829,715
9830,1108
9831,681
9832,815
9833,913
9834,1210
9835,907
9836,705
9837,695
9838,475
9839,741
9840,1049
9841,757
9842,666
9843,708
9844,425
9845,2200
9846,586
9847,544
9848,724
9849,536
9850,1619
9851,650
9852,646
9853,577
9854,487
9855,706
9856,815
9857,634
9858,544
9859,664
9860,816
9861,1053
9862,1829
9863,703
9864,649
9865,715
9866,660
9867,645
9868,1007
9869,832
9870,711
9871,594
9872,690
9873,768
9874,619
9875,988
9876,3629
9877,844
9878,653
9879,422
9880,1143
9881,625
9882,596
9883,589
9884,635
9885,1023
9886,638
9887,869
9888,1139
9889,728
9890,900
9891,707
9892,476
9893,645
9894,557
9895,660
9896,729
9897,543
9898,1372
9899,4412
9900,6487
9901,1737
9902,822
9903,874
9904,1683
9905,880
9906,936
9907,565
9908,660
9909,682
9910,1063
9911,950
9912,977
9913,601
9914,658
9915,691
9916,609
9917,493
9918,609
9919,926
9920,1034
9921,794
9922,987
9923,650
9924,647
9925,889
9926,966
9927,578
9928,551
9929,1236
9930,849
9931,721
9932,518
9933,899
9934,563
9935,532
9936,636
9937,550
9938,739
9939,1588
9940,1016
9941,651
9942,622
9943,596
9944,923
9945,1444
9946,806
9947,1131
9948,594
9949,847
9950,1845
9951,631
9952,649
9953,614
9954,732
9955,1021
9956,618
9957,672
9958,954
9959,766
9960,1554
9961,700
9962,580
9963,679
9964,732
9965,1413
9966,1363
9967,707
9968,734
9969,832
9970,835
9971,1015
9972,892
9973,1206
9974,743
9975,1441
9976,712
9977,879
9978,684
9979,1201
9980,1063
9981,1459
9982,1143
9983,739
9984,1147
9985,1010
9986,937
9987,60295
9988,1493
9989,974
9990,2285
9991,1809
9992,1430
9993,2437
9994,3115
9995,3289
9996,2328
9997,3351
9998,4969
9999,65787
10000,275327
