number,count
0,164873739
1,181993455
2,130211235
3,85575578
4,64731589
5,68315566
6,43442003
7,36617341
8,36792583
9,28461761
10,49102418
11,20924627
12,25967947
13,14464398
14,14794404
15,21084952
16,15220985
17,11860385
18,13696620
19,14302110
20,24394869
21,10322389
22,9882440
23,8734463
24,12492732
25,14510013
26,7397724
27,7201616
28,7532923
29,6520967
30,21617377
31,6511261
32,6080118
33,4434766
34,4088355
35,5850740
36,4226590
37,3724030
38,3525034
39,4145226
40,10199889
41,3052654
42,3526136
43,2939213
44,3164803
45,5604847
46,2739065
47,2704173
48,3710502
49,2846693
50,15256419
51,2642988
52,2856078
53,2407856
54,2498540
55,3344565
56,2451622
57,2195113
58,2314211
59,2348289
60,7442002
61,1673312
62,1774789
63,1726682
64,3059701
65,2842223
66,1768530
67,1656326
68,1608204
69,1523409
70,4742525
71,1454459
72,2007994
73,1453025
74,1444396
75,4001010
76,1432028
77,1402984
78,1410557
79,1321054
80,5513509
81,1346156
82,1366278
83,1374709
84,1388608
85,2108863
86,1308044
87,1262753
88,1433554
89,1317257
90,5336966
91,1284615
92,1325109
93,1452895
94,1263305
95,3508695
96,1539474
97,1389120
98,1541251
99,3808783
100,17822263
101,1275577
102,766879
103,660323
104,703849
105,845283
106,656942
107,582856
108,637524
109,560434
110,1226735
111,748659
112,631270
113,497432
114,562136
115,680247
116,541790
117,485508
118,480381
119,470462
120,1957101
121,505655
122,496423
123,749668
124,467071
125,1048458
126,447119
127,797844
128,1011532
129,422347
130,991696
131,400994
132,433165
133,387484
134,366831
135,560577
136,372779
137,366126
138,364859
139,363450
140,953029
141,357114
142,342879
143,347856
144,431425
145,465255
146,323490
147,334486
148,322731
149,355768
150,2806421
151,336411
152,341126
153,322692
154,307274
155,404941
156,315335
157,304436
158,290464
159,289958
160,1131137
161,300992
162,312143
163,295403
164,290883
165,415521
166,277122
167,281060
168,565383
169,301530
170,631123
171,271660
172,443620
173,264697
174,270104
175,525409
176,286767
177,275790
178,260815
179,273354
180,1271152
181,254350
182,286955
183,323298
184,260350
185,358815
186,244069
187,257372
188,254296
189,259167
190,470409
191,268413
192,606337
193,244008
194,225959
195,322577
196,239390
197,234101
198,237521
199,332008
200,6250914
201,432175
202,388755
203,314242
204,340394
205,351856
206,300759
207,280207
208,303371
209,247776
210,494618
211,278502
212,341846
213,245461
214,260300
215,338417
216,267377
217,235904
218,231340
219,224723
220,620359
221,250799
222,314883
223,264077
224,328555
225,458822
226,230067
227,229207
228,245431
229,230617
230,479238
231,264374
232,260326
233,273801
234,239630
235,286937
236,208391
237,208804
238,217440
239,214244
240,653134
241,211996
242,222483
243,230798
244,214360
245,265185
246,213666
247,216406
248,220871
249,224378
250,2241768
251,212581
252,261952
253,204738
254,261913
255,1771776
256,721534
257,178536
258,164464
259,163369
260,380612
261,167776
262,185972
263,169990
264,231015
265,227322
266,165130
267,166550
268,157770
269,165887
270,405323
271,159943
272,174573
273,184851
274,158093
275,295129
276,160699
277,161395
278,153017
279,159178
280,385300
281,162501
282,152476
283,150101
284,150580
285,207404
286,150288
287,155960
288,181172
289,153321
290,248901
291,139833
292,145914
293,163850
294,139637
295,196705
296,141919
297,144645
298,151108
299,223918
300,3948694
301,293288
302,240280
303,236070
304,236718
305,225767
306,175644
307,169710
308,210420
309,155254
310,308655
311,190012
312,206288
313,167948
314,168752
315,227853
316,165795
317,154743
318,150663
319,152397
320,435370
321,176676
322,165975
323,168168
324,152620
325,281902
326,140846
327,146202
328,144065
329,137012
330,344591
331,143140
332,139942
333,277688
334,137470
335,180883
336,157329
337,136256
338,136591
339,125174
340,273847
341,137681
342,136423
343,154035
344,136787
345,187937
346,125680
347,132962
348,125684
349,139684
350,1079014
351,140864
352,146034
353,135430
354,127796
355,162955
356,133730
357,151080
358,125018
359,123095
360,1152500
361,127377
362,119449
363,124327
364,127609
365,695888
366,130674
367,119644
368,119971
369,114588
370,224119
371,119999
372,119827
373,123057
374,109709
375,319966
376,121502
377,366724
378,109744
379,111453
380,244444
381,110346
382,107352
383,114233
384,151672
385,144119
386,120974
387,109900
388,107334
389,109649
390,181620
391,106438
392,109618
393,101998
394,95689
395,141902
396,104624
397,103593
398,98252
399,160180
400,3214936
401,382819
402,146052
403,234383
404,485506
405,185920
406,136664
407,130654
408,136361
409,126388
410,226104
411,137245
412,138242
413,115441
414,126575
415,164432
416,144485
417,116148
418,105772
419,116115
420,268305
421,114798
422,135507
423,112077
424,113638
425,208948
426,102513
427,107255
428,100564
429,119723
430,193708
431,103183
432,123095
433,109758
434,99710
435,137301
436,96001
437,95982
438,98645
439,91909
440,220977
441,104262
442,102174
443,186721
444,141951
445,117197
446,89140
447,95053
448,104701
449,103043
450,659722
451,118016
452,93034
453,92972
454,107934
455,121247
456,140757
457,104311
458,102676
459,88904
460,185930
461,93102
462,92569
463,89003
464,93699
465,116685
466,87890
467,89036
468,94351
469,90067
470,158285
471,91118
472,89406
473,89302
474,83572
475,144766
476,90486
477,89652
478,85233
479,90195
480,297856
481,84192
482,86355
483,91099
484,87593
485,123854
486,98269
487,84627
488,121665
489,82044
490,140877
491,81092
492,82394
493,80767
494,81585
495,135238
496,84236
497,84605
498,85454
499,163590
500,6381091
501,285281
502,136507
503,142576
504,147772
505,137936
506,103618
507,96300
508,124695
509,113045
510,191753
511,109962
512,405914
513,94157
514,97927
515,113945
516,93057
517,88772
518,92189
519,87220
520,190952
521,95763
522,89564
523,87657
524,85031
525,140419
526,83487
527,85643
528,88328
529,117987
530,167941
531,82770
532,94749
533,85575
534,81269
535,103090
536,84611
537,129297
538,80191
539,76586
540,181041
541,91202
542,77633
543,80639
544,81017
545,93864
546,76006
547,74106
548,72400
549,81548
550,378162
551,78030
552,82207
553,76092
554,72366
555,166531
556,83497
557,71876
558,70596
559,74559
560,179923
561,85656
562,81150
563,73923
564,72788
565,87521
566,69559
567,79336
568,73406
569,69590
570,142720
571,79695
572,68410
573,77189
574,72842
575,116020
576,85118
577,74982
578,65550
579,69203
580,155074
581,72416
582,67797
583,70280
584,67422
585,90132
586,74373
587,79920
588,70577
589,67718
590,111521
591,65758
592,66991
593,66401
594,69284
595,91111
596,64455
597,66413
598,66029
599,105482
600,2114520
601,113230
602,98342
603,92822
604,96557
605,94512
606,85515
607,76190
608,86994
609,83246
610,142510
611,76044
612,91785
613,87782
614,76434
615,99661
616,87936
617,99331
618,83776
619,77754
620,150447
621,75197
622,74684
623,70784
624,78429
625,180971
626,79977
627,68468
628,67954
629,66299
630,151375
631,75120
632,75455
633,76580
634,64612
635,81753
636,76392
637,64696
638,63901
639,70726
640,219001
641,69426
642,82207
643,66547
644,88193
645,85861
646,74055
647,74762
648,68367
649,75204
650,394661
651,77066
652,65702
653,61488
654,63160
655,74475
656,69356
657,62625
658,60304
659,61478
660,145023
661,68342
662,71048
663,62395
664,66221
665,74028
666,144776
667,85855
668,64024
669,59723
670,108324
671,60565
672,67419
673,61120
674,58424
675,102084
676,61030
677,63261
678,70540
679,68977
680,132366
681,58104
682,61979
683,59641
684,60267
685,70437
686,62154
687,62463
688,64166
689,57875
690,95977
691,58708
692,58920
693,58143
694,55206
695,75821
696,59462
697,54774
698,55151
699,85013
700,1443641
701,92655
702,94230
703,86807
704,83066
705,81581
706,74051
707,92550
708,70413
709,66941
710,113431
711,75722
712,69818
713,73721
714,78021
715,79969
716,67747
717,73139
718,84064
719,63611
720,209870
721,67850
722,73769
723,59115
724,66036
725,92148
726,58192
727,79143
728,68013
729,61848
730,109665
731,62963
732,74826
733,62581
734,63034
735,70563
736,57845
737,132965
738,54180
739,54621
740,109723
741,58821
742,58539
743,56224
744,64383
745,77864
746,55545
747,105424
748,61383
749,62948
750,600826
751,61844
752,60687
753,59120
754,62555
755,97829
756,58024
757,77085
758,52689
759,51863
760,120091
761,56388
762,58168
763,57073
764,55519
765,76543
766,54955
767,77219
768,116821
769,54477
770,113300
771,57059
772,59639
773,64627
774,56308
775,91074
776,59126
777,182145
778,58972
779,52798
780,119752
781,62335
782,55665
783,53862
784,63052
785,68908
786,59502
787,97881
788,54452
789,68865
790,81176
791,51301
792,57602
793,50673
794,51048
795,66881
796,50279
797,53491
798,51755
799,80613
800,2144295
801,98173
802,231717
803,68667
804,68150
805,79436
806,60215
807,58307
808,103623
809,55316
810,104802
811,63508
812,70214
813,63708
814,60610
815,76061
816,63740
817,60943
818,65242
819,53985
820,108716
821,59429
822,58635
823,54724
824,56689
825,83706
826,55282
827,52808
828,66055
829,54399
830,99633
831,58126
832,62878
833,77648
834,51503
835,65981
836,51093
837,51751
838,49794
839,49828
840,117140
841,55426
842,53626
843,63553
844,79110
845,92926
846,52204
847,63550
848,55157
849,51887
850,286508
851,52743
852,60117
853,52287
854,52607
855,103493
856,58470
857,52046
858,58830
859,54166
860,101809
861,50075
862,49644
863,54524
864,64704
865,68267
866,132892
867,52516
868,52518
869,47719
870,96957
871,54142
872,51968
873,49451
874,49137
875,109448
876,51981
877,123743
878,46792
879,46773
880,103785
881,47757
882,50146
883,52673
884,48338
885,61192
886,52772
887,50455
888,251573
889,50875
890,75260
891,48694
892,47170
893,49227
894,45460
895,61974
896,52454
897,45762
898,48514
899,66243
900,952359
901,81599
902,64793
903,57731
904,62899
905,71829
906,55474
907,60104
908,57312
909,62641
910,84538
911,403682
912,63541
913,54304
914,60748
915,63680
916,65077
917,61359
918,60286
919,66688
920,117048
921,51096
922,55405
923,51341
924,56606
925,91448
926,47954
927,46725
928,60079
929,51117
930,87377
931,51149
932,48528
933,49559
934,46098
935,56993
936,50180
937,54118
938,46647
939,48989
940,82881
941,56758
942,47254
943,46278
944,53670
945,59175
946,45324
947,46640
948,44095
949,59183
950,191768
951,53806
952,52041
953,46459
954,56128
955,54366
956,47721
957,45595
958,42252
959,46126
960,124010
961,47464
962,48710
963,48271
964,46369
965,55043
966,46498
967,45400
968,47741
969,47952
970,96981
971,51649
972,59679
973,58203
974,46011
975,70412
976,47531
977,46968
978,198723
979,45589
980,103342
981,46351
982,45168
983,43294
984,46268
985,56586
986,44911
987,51794
988,51562
989,51517
990,134985
991,53856
992,53379
993,52181
994,46911
995,102322
996,58889
997,63207
998,62997
999,419614
1000,2823230
1001,126972
1002,99792
1003,39400
1004,34225
1005,34679
1006,34273
1007,113532
1008,29904
1009,26404
1010,68873
1011,40877
1012,33273
1013,28298
1014,28112
1015,32968
1016,217697
1017,33727
1018,25471
1019,22578
1020,51716
1021,41639
1022,24183
1023,42506
1024,405961
1025,30603
1026,21844
1027,21213
1028,20946
1029,32683
1030,41883
1031,38930
1032,21413
1033,25611
1034,18953
1035,23532
1036,17699
1037,23749
1038,76399
1039,21078
1040,59022
1041,20695
1042,21226
1043,19005
1044,20451
1045,23871
1046,24206
1047,18074
1048,21206
1049,19672
1050,70314
1051,21284
1052,19376
1053,21382
1054,22778
1055,25338
1056,26318
1057,18454
1058,16486
1059,16957
1060,43957
1061,17977
1062,17742
1063,23214
1064,24544
1065,21656
1066,36594
1067,19672
1068,19050
1069,16672
1070,45972
1071,18642
1072,21586
1073,32385
1074,23381
1075,20946
1076,16906
1077,21601
1078,17781
1079,17431
1080,175872
1081,18618
1082,16934
1083,19358
1084,18131
1085,20464
1086,31068
1087,17441
1088,33409
1089,22825
1090,28679
1091,17058
1092,16318
1093,54329
1094,17565
1095,29064
1096,19111
1097,37695
1098,26932
1099,73269
1100,195167
1101,50250
1102,24393
1103,31087
1104,21882
1105,24311
1106,19469
1107,21470
1108,20796
1109,39066
1110,34477
1111,126638
1112,23522
1113,20524
1114,18206
1115,24291
1116,18034
1117,19053
1118,18289
1119,17234
1120,33628
1121,19221
1122,22049
1123,19073
1124,17338
1125,24669
1126,28318
1127,17403
1128,30145
1129,15725
1130,30537
1131,16921
1132,17210
1133,16909
1134,15463
1135,18679
1136,28644
1137,18399
1138,16820
1139,15683
1140,25242
1141,15837
1142,18292
1143,15575
1144,15790
1145,45629
1146,19199
1147,15113
1148,14756
1149,17466
1150,43062
1151,18544
1152,24794
1153,15418
1154,14770
1155,27170
1156,15650
1157,15447
1158,17966
1159,18162
1160,21547
1161,19291
1162,15517
1163,14730
1164,16084
1165,15230
1166,14043
1167,17997
1168,13225
1169,14521
1170,25176
1171,15601
1172,18368
1173,15361
1174,13462
1175,22681
1176,17322
1177,35063
1178,13056
1179,15106
1180,22686
1181,14397
1182,16600
1183,14627
1184,14464
1185,18079
1186,54446
1187,14834
1188,15706
1189,15850
1190,20603
1191,15172
1192,16565
1193,13744
1194,16488
1195,14831
1196,13596
1197,14137
1198,15880
1199,23645
1200,429356
1201,28741
1202,25510
1203,19339
1204,23812
1205,20676
1206,20451
1207,19035
1208,17823
1209,17648
1210,29080
1211,20210
1212,29315
1213,19290
1214,18339
1215,26134
1216,19231
1217,15342
1218,15739
1219,15732
1220,28125
1221,18973
1222,20746
1223,20460
1224,17649
1225,23536
1226,15982
1227,17111
1228,15601
1229,15052
1230,29573
1231,18949
1232,17128
1233,15586
1234,137333
1235,20630
1236,15276
1237,14906
1238,13920
1239,14231
1240,26099
1241,15624
1242,18845
1243,16065
1244,17577
1245,19934
1246,15214
1247,13791
1248,16201
1249,15262
1250,73173
1251,17537
1252,31448
1253,16540
1254,16764
1255,16760
1256,16517
1257,16134
1258,16235
1259,15442
1260,31548
1261,15413
1262,12682
1263,14522
1264,13783
1265,15381
1266,13675
1267,14394
1268,13444
1269,12053
1270,22426
1271,15918
1272,15056
1273,21665
1274,15723
1275,20419
1276,13373
1277,13964
1278,13532
1279,16722
1280,75088
1281,13642
1282,14129
1283,14202
1284,15144
1285,15384
1286,12137
1287,13955
1288,12894
1289,13124
1290,23161
1291,17036
1292,15258
1293,13346
1294,13012
1295,17726
1296,19732
1297,13760
1298,14034
1299,18202
1300,203539
1301,49247
1302,20365
1303,18002
1304,18014
1305,19806
1306,16583
1307,34401
1308,15874
1309,15926
1310,24285
1311,17097
1312,17929
1313,20482
1314,16785
1315,18086
1316,14784
1317,14620
1318,13305
1319,13192
1320,28267
1321,15601
1322,15213
1323,15790
1324,15693
1325,24275
1326,15339
1327,16237
1328,14306
1329,13604
1330,25123
1331,16943
1332,21887
1333,22823
1334,15102
1335,15879
1336,14079
1337,35041
1338,13836
1339,12838
1340,23165
1341,14591
1342,14779
1343,14750
1344,17087
1345,17039
1346,14654
1347,14979
1348,16085
1349,15264
1350,45582
1351,14630
1352,12505
1353,14348
1354,12641
1355,14584
1356,13142
1357,13325
1358,12037
1359,12614
1360,22221
1361,13668
1362,12700
1363,12888
1364,14515
1365,26076
1366,23343
1367,14381
1368,17427
1369,12558
1370,18466
1371,56605
1372,14931
1373,15102
1374,11934
1375,16197
1376,12580
1377,15113
1378,12729
1379,11861
1380,19824
1381,13978
1382,13751
1383,12240
1384,12663
1385,14877
1386,14333
1387,12696
1388,12707
1389,13562
1390,16380
1391,12667
1392,16035
1393,11744
1394,18627
1395,14547
1396,12157
1397,13106
1398,12914
1399,18067
1400,180809
1401,22528
1402,17653
1403,15575
1404,18864
1405,18494
1406,15483
1407,14649
1408,16859
1409,14500
1410,21746
1411,15459
1412,15140
1413,13498
1414,16898
1415,22840
1416,14715
1417,12992
1418,12640
1419,12972
1420,24934
1421,14771
1422,15187
1423,14530
1424,14464
1425,17025
1426,11389
1427,12689
1428,13348
1429,14008
1430,23534
1431,15059
1432,14472
1433,19141
1434,13490
1435,18069
1436,12917
1437,12774
1438,12823
1439,13480
1440,59541
1441,17901
1442,13686
1443,12509
1444,14926
1445,14987
1446,12734
1447,12539
1448,11425
1449,12388
1450,43560
1451,13606
1452,14898
1453,20346
1454,11758
1455,17771
1456,12392
1457,11940
1458,12089
1459,12470
1460,21767
1461,15580
1462,12975
1463,12806
1464,12203
1465,12650
1466,11416
1467,13893
1468,12238
1469,14527
1470,18293
1471,24996
1472,15897
1473,14287
1474,11653
1475,18449
1476,13535
1477,13183
1478,12746
1479,11879
1480,20841
1481,11753
1482,13983
1483,18223
1484,12949
1485,17418
1486,11935
1487,11397
1488,12949
1489,11577
1490,18252
1491,14054
1492,31684
1493,15853
1494,15352
1495,15075
1496,11422
1497,13728
1498,13813
1499,17569
1500,578800
1501,25999
1502,21731
1503,18861
1504,17877
1505,19782
1506,17126
1507,15336
1508,15853
1509,18145
1510,23804
1511,19433
1512,19061
1513,16826
1514,15090
1515,24165
1516,17601
1517,19093
1518,19753
1519,19147
1520,39833
1521,24514
1522,17133
1523,17309
1524,17508
1525,22914
1526,17403
1527,16441
1528,15487
1529,15267
1530,29042
1531,14911
1532,15729
1533,16429
1534,17036
1535,22131
1536,31766
1537,15019
1538,17646
1539,16687
1540,29115
1541,17740
1542,18260
1543,16641
1544,13779
1545,18771
1546,14807
1547,18109
1548,15685
1549,16887
1550,45151
1551,16475
1552,15287
1553,17414
1554,14178
1555,19459
1556,15432
1557,15707
1558,18611
1559,19576
1560,25597
1561,14889
1562,15962
1563,15265
1564,18199
1565,18121
1566,15197
1567,14551
1568,15515
1569,14283
1570,21945
1571,16611
1572,16997
1573,15226
1574,13594
1575,19221
1576,14258
1577,14656
1578,13837
1579,13356
1580,23294
1581,14642
1582,18095
1583,14929
1584,16062
1585,17092
1586,15923
1587,15787
1588,19049
1589,13914
1590,23809
1591,18703
1592,17444
1593,15151
1594,15382
1595,16303
1596,16326
1597,15508
1598,18485
1599,20228
1600,262728
1601,26887
1602,23335
1603,34896
1604,25551
1605,24895
1606,21862
1607,26083
1608,21885
1609,24546
1610,31349
1611,24914
1612,21720
1613,18320
1614,17261
1615,19277
1616,22500
1617,17346
1618,19342
1619,24494
1620,35506
1621,20892
1622,18029
1623,20731
1624,18065
1625,24269
1626,17030
1627,15466
1628,18527
1629,17254
1630,30545
1631,17293
1632,20427
1633,19044
1634,19879
1635,21147
1636,18804
1637,18571
1638,20698
1639,17943
1640,54904
1641,19652
1642,26284
1643,19626
1644,25755
1645,20194
1646,22851
1647,16611
1648,23842
1649,20018
1650,57177
1651,18921
1652,17826
1653,16979
1654,17739
1655,18890
1656,18965
1657,16158
1658,17246
1659,16548
1660,45144
1661,20205
1662,20382
1663,17605
1664,19673
1665,22616
1666,23476
1667,22011
1668,16434
1669,16273
1670,24945
1671,15571
1672,19180
1673,16377
1674,16405
1675,21320
1676,17008
1677,16318
1678,16558
1679,15957
1680,33364
1681,17269
1682,17629
1683,19069
1684,17250
1685,23255
1686,16225
1687,17551
1688,25999
1689,23480
1690,25246
1691,16417
1692,21545
1693,16312
1694,16908
1695,18560
1696,16624
1697,17608
1698,16501
1699,19717
1700,160387
1701,31544
1702,23310
1703,24563
1704,22447
1705,20682
1706,22244
1707,26429
1708,21535
1709,24487
1710,29372
1711,23218
1712,19996
1713,19335
1714,21929
1715,25975
1716,18904
1717,23052
1718,20698
1719,18428
1720,32221
1721,19846
1722,21453
1723,20968
1724,19520
1725,23635
1726,19573
1727,21433
1728,23053
1729,19364
1730,31856
1731,18742
1732,20794
1733,20997
1734,21134
1735,22569
1736,19519
1737,20624
1738,19980
1739,19557
1740,31431
1741,21659
1742,21741
1743,22098
1744,21204
1745,28402
1746,22294
1747,20618
1748,23426
1749,23364
1750,68734
1751,23030
1752,25843
1753,24776
1754,25265
1755,32177
1756,26539
1757,28141
1758,29546
1759,27036
1760,38466
1761,23496
1762,24600
1763,33348
1764,26281
1765,29487
1766,25569
1767,25373
1768,26855
1769,28874
1770,43515
1771,26454
1772,30219
1773,28870
1774,35107
1775,55256
1776,80530
1777,40777
1778,35624
1779,30910
1780,48570
1781,35026
1782,35343
1783,42645
1784,35454
1785,36178
1786,32856
1787,47636
1788,43608
1789,69594
1790,59300
1791,46111
1792,53983
1793,47900
1794,42387
1795,45138
1796,42195
1797,41805
1798,48565
1799,45837
1800,358799
1801,56414
1802,47854
1803,61404
1804,52953
1805,50191
1806,52221
1807,46268
1808,47730
1809,58656
1810,62960
1811,48229
1812,100865
1813,50435
1814,57001
1815,73482
1816,50081
1817,49968
1818,56907
1819,55348
1820,83862
1821,59440
1822,52107
1823,48648
1824,57833
1825,62487
1826,51185
1827,51516
1828,56299
1829,55087
1830,103649
1831,61551
1832,69553
1833,63057
1834,62758
1835,71188
1836,73666
1837,76592
1838,67990
1839,69935
1840,111919
1841,74120
1842,70814
1843,70472
1844,74038
1845,80961
1846,79049
1847,80127
1848,106827
1849,83401
1850,166641
1851,97152
1852,78881
1853,79264
1854,88618
1855,88595
1856,87686
1857,96729
1858,89672
1859,96655
1860,160320
1861,150214
1862,136092
1863,131914
1864,137057
1865,154173
1866,100121
1867,108720
1868,106246
1869,100195
1870,156986
1871,116985
1872,105773
1873,99585
1874,97164
1875,118078
1876,109264
1877,98488
1878,100788
1879,104575
1880,176371
1881,125113
1882,119113
1883,116785
1884,114651
1885,125738
1886,121346
1887,121445
1888,130242
1889,131782
1890,184348
1891,133319
1892,129541
1893,132756
1894,124743
1895,147917
1896,140668
1897,132753
1898,148071
1899,148687
1900,404625
1901,197530
1902,162820
1903,172893
1904,172038
1905,191791
1906,180183
1907,174219
1908,191898
1909,181548
1910,259803
1911,250336
1912,226199
1913,212554
1914,294850
1915,237976
1916,229994
1917,285090
1918,310014
1919,255324
1920,423441
1921,210979
1922,219007
1923,209133
1924,208190
1925,222243
1926,215794
1927,215162
1928,227055
1929,263517
1930,353658
1931,220059
1932,232894
1933,286073
1934,253429
1935,257468
1936,272894
1937,268637
1938,281933
1939,357878
1940,415986
1941,338563
1942,331141
1943,304511
1944,351209
1945,495732
1946,324398
1947,352400
1948,387878
1949,333801
1950,533841
1951,303126
1952,321867
1953,333440
1954,344954
1955,356779
1956,372051
1957,370361
1958,374369
1959,386817
1960,616787
1961,428474
1962,456415
1963,473712
1964,528038
1965,539139
1966,508602
1967,590560
1968,628540
1969,625772
1970,857881
1971,611394
1972,658843
1973,653930
1974,643627
1975,692640
1976,686575
1977,665441
1978,713989
1979,778193
1980,1041798
1981,759934
1982,809942
1983,827702
1984,946801
1985,931085
1986,979754
1987,973863
1988,1043767
1989,1159572
1990,1481725
1991,1277993
1992,1389777
1993,1403336
1994,1549370
1995,1686219
1996,1805807
1997,1900696
1998,2088225
1999,2474580
2000,4211206
2001,2994132
2002,2969039
2003,3374700
2004,3662599
2005,4151262
2006,4658736
2007,5530212
2008,6674685
2009,6268091
2010,7308562
2011,7310051
2012,8368553
2013,8388630
2014,8450054
2015,8618888
2016,9283424
2017,9651232
2018,10141490
2019,9535805
2020,9892834
2021,6939662
2022,4289072
2023,799941
2024,273230
2025,297440
2026,116808
2027,84433
2028,67562
2029,36744
2030,371342
2031,30559
2032,27451
2033,20814
2034,15565
2035,52182
2036,17220
2037,13191
2038,13736
2039,11575
2040,69813
2041,14251
2042,17825
2043,10166
2044,10461
2045,23295
2046,11244
2047,15030
2048,122591
2049,22639
2050,191790
2051,9731
2052,10800
2053,8421
2054,7729
2055,11127
2056,8999
2057,7463
2058,9245
2059,7459
2060,33908
2061,8617
2062,7327
2063,10280
2064,7963
2065,9250
2066,7645
2067,7496
2068,7295
2069,7317
2070,28116
2071,8884
2072,8020
2073,7512
2074,8586
2075,9982
2076,7953
2077,34985
2078,6746
2079,7254
2080,33073
2081,7312
2082,6114
2083,7084
2084,7316
2085,7132
2086,6034
2087,6496
2088,6874
2089,6067
2090,9885
2091,6212
2092,6194
2093,6178
2094,5975
2095,7063
2096,6305
2097,6561
2098,5919
2099,15366
2100,116807
2101,14135
2102,12069
2103,11176
2104,11317
2105,15818
2106,11288
2107,9443
2108,10312
2109,9059
2110,39533
2111,31801
2112,16890
2113,9207
2114,8698
2115,10851
2116,8978
2117,7550
2118,9319
2119,7884
2120,12967
2121,14056
2122,9259
2123,7389
2124,7115
2125,9335
2126,6972
2127,6062
2128,6460
2129,6152
2130,11473
2131,7709
2132,6533
2133,10602
2134,7633
2135,7728
2136,6511
2137,8510
2138,8266
2139,10652
2140,11125
2141,7902
2142,8738
2143,7378
2144,6578
2145,7456
2146,6286
2147,7646
2148,6924
2149,6173
2150,16830
2151,7488
2152,6572
2153,6194
2154,7094
2155,9033
2156,6158
2157,6123
2158,5743
2159,5668
2160,25111
2161,6689
2162,5446
2163,5560
2164,6738
2165,6922
2166,6249
2167,5780
2168,5349
2169,5938
2170,8225
2171,6078
2172,5853
2173,5164
2174,7097
2175,7595
2176,5862
2177,5486
2178,5333
2179,5475
2180,8433
2181,14618
2182,5656
2183,5325
2184,5435
2185,5601
2186,4934
2187,6103
2188,5446
2189,5249
2190,7119
2191,6596
2192,5931
2193,6207
2194,5139
2195,6772
2196,6509
2197,5610
2198,5037
2199,8376
2200,87257
2201,16410
2202,12852
2203,12884
2204,10626
2205,13885
2206,8095
2207,7041
2208,7860
2209,6566
2210,11141
2211,9528
2212,11825
2213,6538
2214,7009
2215,10536
2216,7145
2217,6852
2218,6368
2219,6247
2220,10747
2221,8045
2222,28884
2223,8277
2224,7803
2225,9620
2226,6022
2227,6748
2228,6297
2229,6575
2230,10857
2231,7866
2232,6416
2233,7977
2234,5864
2235,6456
2236,6482
2237,6097
2238,5127
2239,5312
2240,10299
2241,7891
2242,6511
2243,6872
2244,8011
2245,6890
2246,5596
2247,5407
2248,5700
2249,5949
2250,21059
2251,7040
2252,6329
2253,6573
2254,11480
2255,14933
2256,6124
2257,7041
2258,5388
2259,5828
2260,7986
2261,6497
2262,5418
2263,5469
2264,6439
2265,6509
2266,5820
2267,5962
2268,5494
2269,5198
2270,6951
2271,5145
2272,6604
2273,6656
2274,5070
2275,6256
2276,5121
2277,6517
2278,5836
2279,4671
2280,11019
2281,6917
2282,5307
2283,5588
2284,5284
2285,5583
2286,5061
2287,6020
2288,6098
2289,5057
2290,7760
2291,4906
2292,5309
2293,5099
2294,4730
2295,5739
2296,5248
2297,4795
2298,4974
2299,6163
2300,66916
2301,10166
2302,7161
2303,7451
2304,10508
2305,8146
2306,5968
2307,14021
2308,6802
2309,5725
2310,10151
2311,7858
2312,8565
2313,6642
2314,6477
2315,6741
2316,5840
2317,6852
2318,5398
2319,6840
2320,9607
2321,6675
2322,6848
2323,9933
2324,6743
2325,7317
2326,5860
2327,5673
2328,5239
2329,5306
2330,8918
2331,6055
2332,6103
2333,7993
2334,6747
2335,5893
2336,5425
2337,7528
2338,4866
2339,5618
2340,20551
2341,6173
2342,6173
2343,5430
2344,6209
2345,15767
2346,5427
2347,6090
2348,5390
2349,5351
2350,12663
2351,5479
2352,6096
2353,5201
2354,5060
2355,5936
2356,5815
2357,6106
2358,4745
2359,6628
2360,7497
2361,5155
2362,5031
2363,4946
2364,5009
2365,5504
2366,5734
2367,5196
2368,6097
2369,5273
2370,6507
2371,5384
2372,5271
2373,5290
2374,5050
2375,8562
2376,6409
2377,5615
2378,5019
2379,9649
2380,9852
2381,6222
2382,4900
2383,5342
2384,4782
2385,5160
2386,4594
2387,4642
2388,5101
2389,4492
2390,5840
2391,6315
2392,5422
2393,4791
2394,4755
2395,6028
2396,4881
2397,4727
2398,4259
2399,5974
2400,97015
2401,10049
2402,6429
2403,7019
2404,5792
2405,6366
2406,5199
2407,6078
2408,5687
2409,5073
2410,7794
2411,6034
2412,8647
2413,5694
2414,5635
2415,6228
2416,5070
2417,4989
2418,4705
2419,5524
2420,8131
2421,5279
2422,6677
2423,5249
2424,7810
2425,7259
2426,5193
2427,5143
2428,4725
2429,4897
2430,6728
2431,5377
2432,5229
2433,5393
2434,4795
2435,5311
2436,5134
2437,4881
2438,5340
2439,4660
2440,7449
2441,5542
2442,5237
2443,4840
2444,5364
2445,5685
2446,4743
2447,5078
2448,6814
2449,5195
2450,12202
2451,5742
2452,5097
2453,4685
2454,6082
2455,6011
2456,5304
2457,5077
2458,5593
2459,4558
2460,8504
2461,4916
2462,4790
2463,4488
2464,4957
2465,5390
2466,4942
2467,4884
2468,5859
2469,4597
2470,5924
2471,5265
2472,5324
2473,4622
2474,4938
2475,6167
2476,5783
2477,5409
2478,5495
2479,4330
2480,7025
2481,4613
2482,4668
2483,4467
2484,4530
2485,4912
2486,4669
2487,4321
2488,4628
2489,4840
2490,6144
2491,4605
2492,4416
2493,4413
2494,4937
2495,5482
2496,5286
2497,4747
2498,4444
2499,7662
2500,272399
2501,10239
2502,6332
2503,5870
2504,5581
2505,6654
2506,5543
2507,5383
2508,5102
2509,5332
2510,8790
2511,6402
2512,5628
2513,5309
2514,5333
2515,5829
2516,5333
2517,4868
2518,5625
2519,5661
2520,16793
2521,5789
2522,6911
2523,5307
2524,5074
2525,11315
2526,5986
2527,5339
2528,4950
2529,5462
2530,6762
2531,5497
2532,6271
2533,4759
2534,4500
2535,5796
2536,5509
2537,4859
2538,4457
2539,4641
2540,7485
2541,5086
2542,4507
2543,4817
2544,4943
2545,5321
2546,4610
2547,4596
2548,4950
2549,4560
2550,12492
2551,6215
2552,5793
2553,5835
2554,5117
2555,7274
2556,4799
2557,5276
2558,4938
2559,5331
2560,28783
2561,5191
2562,5294
2563,5186
2564,5234
2565,5142
2566,4331
2567,4574
2568,5130
2569,3974
2570,5442
2571,4354
2572,3946
2573,4064
2574,10711
2575,5510
2576,4274
2577,4760
2578,4496
2579,4271
2580,6591
2581,5088
2582,4666
2583,4634
2584,4560
2585,4756
2586,4232
2587,4027
2588,5002
2589,4138
2590,5750
2591,4419
2592,5924
2593,4312
2594,3948
2595,4935
2596,4529
2597,4310
2598,3813
2599,4736
2600,83196
2601,8943
2602,5511
2603,5228
2604,5197
2605,5956
2606,7013
2607,5099
2608,4502
2609,4882
2610,8297
2611,5822
2612,4941
2613,4818
2614,4500
2615,5383
2616,6379
2617,5072
2618,4511
2619,4428
2620,8085
2621,5012
2622,4975
2623,5411
2624,4237
2625,6644
2626,5753
2627,5042
2628,4858
2629,4126
2630,6870
2631,4707
2632,4545
2633,4652
2634,4028
2635,4943
2636,4381
2637,4473
2638,3936
2639,4556
2640,9844
2641,4117
2642,6495
2643,4330
2644,3861
2645,4560
2646,4603
2647,4060
2648,4225
2649,3993
2650,11372
2651,4851
2652,4461
2653,4323
2654,3842
2655,4917
2656,4479
2657,4002
2658,3724
2659,3769
2660,6013
2661,4664
2662,4335
2663,4510
2664,4296
2665,5233
2666,8909
2667,5544
2668,3779
2669,3987
2670,5483
2671,4424
2672,4457
2673,4579
2674,3789
2675,4639
2676,3855
2677,4648
2678,3883
2679,3864
2680,6435
2681,3823
2682,3860
2683,3888
2684,3748
2685,4153
2686,4241
2687,3839
2688,5291
2689,3837
2690,5744
2691,3970
2692,3834
2693,4193
2694,3633
2695,5168
2696,3853
2697,4182
2698,3627
2699,5668
2700,51657
2701,7850
2702,5362
2703,5644
2704,6196
2705,5366
2706,4680
2707,4997
2708,4952
2709,4815
2710,6816
2711,5733
2712,4792
2713,4951
2714,4555
2715,4837
2716,4668
2717,4430
2718,4334
2719,4296
2720,8059
2721,4816
2722,4755
2723,4403
2724,4194
2725,4885
2726,4079
2727,6585
2728,4634
2729,4446
2730,6493
2731,4230
2732,4843
2733,4439
2734,4053
2735,4258
2736,4928
2737,4592
2738,4044
2739,4414
2740,5005
2741,4421
2742,3844
2743,5114
2744,4868
2745,4768
2746,4018
2747,4314
2748,3757
2749,3950
2750,13071
2751,4319
2752,4042
2753,4152
2754,3874
2755,4907
2756,3971
2757,4073
2758,3865
2759,3744
2760,7056
2761,4016
2762,4093
2763,3876
2764,4710
2765,4650
2766,3737
2767,4588
2768,4236
2769,3705
2770,5260
2771,3893
2772,4669
2773,3933
2774,4247
2775,5225
2776,3950
2777,5290
2778,4762
2779,3493
2780,5510
2781,4315
2782,4086
2783,3805
2784,4022
2785,4672
2786,3628
2787,6372
2788,3968
2789,4576
2790,4722
2791,3757
2792,3599
2793,3769
2794,3495
2795,4458
2796,4818
2797,3714
2798,3738
2799,6799
2800,56000
2801,7680
2802,4970
2803,4947
2804,4389
2805,5084
2806,4452
2807,4384
2808,5537
2809,4336
2810,6087
2811,5684
2812,4694
2813,4265
2814,4717
2815,4591
2816,4883
2817,4377
2818,4520
2819,3703
2820,6439
2821,4882
2822,5451
2823,4049
2824,6516
2825,5078
2826,3722
2827,6263
2828,5844
2829,4433
2830,5480
2831,4086
2832,4417
2833,4591
2834,3913
2835,5265
2836,5325
2837,3601
2838,4241
2839,4080
2840,7054
2841,4543
2842,3768
2843,3757
2844,3933
2845,4255
2846,3463
2847,4228
2848,4727
2849,3742
2850,9561
2851,4285
2852,4450
2853,3788
2854,3612
2855,4467
2856,3962
2857,4656
2858,3880
2859,3739
2860,5768
2861,4057
2862,3463
2863,3638
2864,3722
2865,4532
2866,8533
2867,3566
2868,3796
2869,3880
2870,4462
2871,3751
2872,3347
2873,3676
2874,3844
2875,5149
2876,3619
2877,3598
2878,3606
2879,3551
2880,11401
2881,3995
2882,4119
2883,4552
2884,3246
2885,5939
2886,3837
2887,3975
2888,5448
2889,3766
2890,4972
2891,4931
2892,4677
2893,3957
2894,3346
2895,4242
2896,3778
2897,3431
2898,3424
2899,4096
2900,30986
2901,6757
2902,4881
2903,5595
2904,4401
2905,4533
2906,3877
2907,4302
2908,4233
2909,4366
2910,5718
2911,5634
2912,4562
2913,4107
2914,4308
2915,5014
2916,4130
2917,4772
2918,4218
2919,4422
2920,8420
2921,4634
2922,4134
2923,4449
2924,4887
2925,5421
2926,3639
2927,3737
2928,3820
2929,6989
2930,6160
2931,3879
2932,3786
2933,5044
2934,3731
2935,3872
2936,4015
2937,3418
2938,3298
2939,3531
2940,5659
2941,4368
2942,3765
2943,3789
2944,3914
2945,3936
2946,3462
2947,3600
2948,3513
2949,3648
2950,9195
2951,3932
2952,3753
2953,3628
2954,3752
2955,4159
2956,3346
2957,3586
2958,4639
2959,3533
2960,6916
2961,3550
2962,3638
2963,3695
2964,3431
2965,3810
2966,3903
2967,3656
2968,3492
2969,3495
2970,4679
2971,3534
2972,3260
2973,3349
2974,3954
2975,4210
2976,3801
2977,3651
2978,3299
2979,3440
2980,4811
2981,3343
2982,3461
2983,3136
2984,3160
2985,3830
2986,3065
2987,4016
2988,3689
2989,3452
2990,5080
2991,4096
2992,4122
2993,3445
2994,3300
2995,4660
2996,3668
2997,4061
2998,3964
2999,9051
3000,667088
3001,26185
3002,11336
3003,11379
3004,8727
3005,7951
3006,7587
3007,6175
3008,10760
3009,6248
3010,11169
3011,6688
3012,6613
3013,5546
3014,5027
3015,6440
3016,5274
3017,4789
3018,5335
3019,5020
3020,10037
3021,5906
3022,4948
3023,4988
3024,8073
3025,6838
3026,4408
3027,4367
3028,3916
3029,4838
3030,14814
3031,5678
3032,4863
3033,5278
3034,4606
3035,5487
3036,4241
3037,4306
3038,4416
3039,4560
3040,8995
3041,4424
3042,4497
3043,4277
3044,4051
3045,4979
3046,3680
3047,3858
3048,6084
3049,4262
3050,14246
3051,4557
3052,4807
3053,4647
3054,3847
3055,4988
3056,4671
3057,4098
3058,3929
3059,4064
3060,18262
3061,4177
3062,3870
3063,3757
3064,3722
3065,4768
3066,4100
3067,4286
3068,4166
3069,3521
3070,16974
3071,4760
3072,11741
3073,3778
3074,3997
3075,4638
3076,3700
3077,4633
3078,3300
3079,4151
3080,26232
3081,4838
3082,3518
3083,3739
3084,3602
3085,4511
3086,3566
3087,3625
3088,4067
3089,3743
3090,16953
3091,3967
3092,3477
3093,3435
3094,3514
3095,4241
3096,3944
3097,3577
3098,3551
3099,4922
3100,37798
3101,9068
3102,5962
3103,4865
3104,5094
3105,5278
3106,4584
3107,4370
3108,4705
3109,7669
3110,7505
3111,7320
3112,5753
3113,4851
3114,4880
3115,5984
3116,4304
3117,4045
3118,3969
3119,4055
3120,8383
3121,7258
3122,4560
3123,4648
3124,4655
3125,28099
3126,4075
3127,3764
3128,7497
3129,3825
3130,6885
3131,6485
3132,4955
3133,4987
3134,3884
3135,5624
3136,4787
3137,4070
3138,4308
3139,3546
3140,5453
3141,5064
3142,5254
3143,3917
3144,4200
3145,4763
3146,3648
3147,3838
3148,3729
3149,3561
3150,10080
3151,4308
3152,3720
3153,3767
3154,3560
3155,4848
3156,4307
3157,4358
3158,3254
3159,3600
3160,5190
3161,4537
3162,3937
3163,4583
3164,3509
3165,3794
3166,12029
3167,3782
3168,4584
3169,3258
3170,4562
3171,4473
3172,3470
3173,3463
3174,3753
3175,4566
3176,3385
3177,3681
3178,3035
3179,3271
3180,4775
3181,4032
3182,3593
3183,3314
3184,3319
3185,3773
3186,3380
3187,3462
3188,3517
3189,3570
3190,4195
3191,3687
3192,3555
3193,3105
3194,4199
3195,3816
3196,3336
3197,3054
3198,3317
3199,3983
3200,77982
3201,9392
3202,5423
3203,4712
3204,4644
3205,5840
3206,4127
3207,4311
3208,4317
3209,3867
3210,7816
3211,6017
3212,4756
3213,4272
3214,4380
3215,4532
3216,4516
3217,3867
3218,3711
3219,3726
3220,7027
3221,4932
3222,4887
3223,4361
3224,4268
3225,4815
3226,4071
3227,3910
3228,3614
3229,3710
3230,5167
3231,4094
3232,9872
3233,6154
3234,4005
3235,5189
3236,3467
3237,3535
3238,3318
3239,4737
3240,6269
3241,4029
3242,3900
3243,3678
3244,3448
3245,4203
3246,3520
3247,3607
3248,3319
3249,3433
3250,10354
3251,3958
3252,3866
3253,3482
3254,3229
3255,4420
3256,3745
3257,3341
3258,3171
3259,3239
3260,5178
3261,4022
3262,3516
3263,3297
3264,5393
3265,3734
3266,3344
3267,3412
3268,3508
3269,3379
3270,6050
3271,3279
3272,3636
3273,3155
3274,3152
3275,3838
3276,3800
3277,3436
3278,3576
3279,3243
3280,5227
3281,3567
3282,4566
3283,3276
3284,3275
3285,3758
3286,3672
3287,3113
3288,4057
3289,3221
3290,4206
3291,3263
3292,3131
3293,3123
3294,3072
3295,3435
3296,2964
3297,2931
3298,2782
3299,4175
3300,40009
3301,8747
3302,5008
3303,5923
3304,4429
3305,4928
3306,34929
3307,5414
3308,3969
3309,4086
3310,12018
3311,5856
3312,4367
3313,4606
3314,3776
3315,4508
3316,3731
3317,3615
3318,3582
3319,3515
3320,5755
3321,5030
3322,5440
3323,3746
3324,4052
3325,6008
3326,3879
3327,3598
3328,4366
3329,3441
3330,7050
3331,4323
3332,4218
3333,31203
3334,4946
3335,4409
3336,3675
3337,4057
3338,3476
3339,5983
3340,5439
3341,3699
3342,3711
3343,3724
3344,4582
3345,4096
3346,3516
3347,3510
3348,3303
3349,3146
3350,9934
3351,3717
3352,3316
3353,3716
3354,4028
3355,4564
3356,3560
3357,3142
3358,3127
3359,4281
3360,6066
3361,3753
3362,3839
3363,3238
3364,3120
3365,3655
3366,5480
3367,3307
3368,3322
3369,3679
3370,4635
3371,3833
3372,3207
3373,3299
3374,2884
3375,4925
3376,3383
3377,3550
3378,3075
3379,3512
3380,4351
3381,3379
3382,3085
3383,2956
3384,3165
3385,3537
3386,4616
3387,2906
3388,3606
3389,19775
3390,19264
3391,3235
3392,3074
3393,3855
3394,2811
3395,3609
3396,3997
3397,3074
3398,2834
3399,4964
3400,33653
3401,7838
3402,9270
3403,5764
3404,4393
3405,4428
3406,4337
3407,4314
3408,3549
3409,3472
3410,4952
3411,4391
3412,4976
3413,3420
3414,3551
3415,3897
3416,3282
3417,3567
3418,3013
3419,3041
3420,6840
3421,3983
3422,3451
3423,4887
3424,3429
3425,4030
3426,3242
3427,3552
3428,2908
3429,3040
3430,4223
3431,3529
3432,4211
3433,3644
3434,4540
3435,4133
3436,3202
3437,3029
3438,3164
3439,3266
3440,7044
3441,3208
3442,3433
3443,3566
3444,4490
3445,3580
3446,3494
3447,3101
3448,3449
3449,3386
3450,8347
3451,3506
3452,3322
3453,3270
3454,3762
3455,3575
3456,11207
3457,3575
3458,3154
3459,3004
3460,4161
3461,3155
3462,3309
3463,3423
3464,3313
3465,3518
3466,3312
3467,3120
3468,3388
3469,2945
3470,4581
3471,4423
3472,3129
3473,2858
3474,3727
3475,3962
3476,3201
3477,2944
3478,4078
3479,2926
3480,4398
3481,3072
3482,2794
3483,2954
3484,2793
3485,2936
3486,2868
3487,2778
3488,3173
3489,2769
3490,3976
3491,3583
3492,2743
3493,3027
3494,2715
3495,3745
3496,2637
3497,3643
3498,2699
3499,3756
3500,130587
3501,6736
3502,4049
3503,3507
3504,4040
3505,4456
3506,3435
3507,3306
3508,3940
3509,3427
3510,5532
3511,4398
3512,3749
3513,3047
3514,3651
3515,3702
3516,3964
3517,3317
3518,2964
3519,3214
3520,7355
3521,4448
3522,3420
3523,3199
3524,3274
3525,4253
3526,3275
3527,3243
3528,3708
3529,3321
3530,4434
3531,3236
3532,3246
3533,3162
3534,2899
3535,5344
3536,3612
3537,3183
3538,3999
3539,2864
3540,5217
3541,3588
3542,3216
3543,3186
3544,3150
3545,3315
3546,2915
3547,2908
3548,3208
3549,3107
3550,8148
3551,3734
3552,3262
3553,6847
3554,2649
3555,4586
3556,3015
3557,2833
3558,2846
3559,2811
3560,5004
3561,3343
3562,2658
3563,2660
3564,2829
3565,3250
3566,2772
3567,3083
3568,3108
3569,2811
3570,4465
3571,3393
3572,2838
3573,2881
3574,2403
3575,3647
3576,2903
3577,2964
3578,3742
3579,3071
3580,3973
3581,2823
3582,3752
3583,3708
3584,4653
3585,3330
3586,2797
3587,2632
3588,4858
3589,2634
3590,4494
3591,2837
3592,2900
3593,3110
3594,2593
3595,3035
3596,2743
3597,2864
3598,2540
3599,4131
3600,123219
3601,5875
3602,3786
3603,3942
3604,4232
3605,3423
3606,3240
3607,3152
3608,3236
3609,3009
3610,5214
3611,3690
3612,3271
3613,3245
3614,2699
3615,3721
3616,3172
3617,3025
3618,2706
3619,3020
3620,4381
3621,3658
3622,3477
3623,2965
3624,3645
3625,3610
3626,3925
3627,3704
3628,2890
3629,2809
3630,4951
3631,3330
3632,3106
3633,3571
3634,2719
3635,3273
3636,4650
3637,3136
3638,3083
3639,3068
3640,4627
3641,3201
3642,2945
3643,2895
3644,2738
3645,3074
3646,3128
3647,3347
3648,3718
3649,2792
3650,9502
3651,3147
3652,2791
3653,2818
3654,2970
3655,3362
3656,2767
3657,2885
3658,3974
3659,2700
3660,4382
3661,3203
3662,2824
3663,3880
3664,3076
3665,3236
3666,3274
3667,3620
3668,2871
3669,2695
3670,3497
3671,3031
3672,3124
3673,3091
3674,2655
3675,3321
3676,3098
3677,2817
3678,2866
3679,2625
3680,4017
3681,2728
3682,2566
3683,3261
3684,2687
3685,2781
3686,3509
3687,2590
3688,2853
3689,2637
3690,3977
3691,2803
3692,2621
3693,2527
3694,2279
3695,2929
3696,3056
3697,2518
3698,2531
3699,3093
3700,28113
3701,5440
3702,3789
3703,3347
3704,3160
3705,3746
3706,3116
3707,2779
3708,3518
3709,2815
3710,4217
3711,4255
3712,3492
3713,3070
3714,3003
3715,3231
3716,2867
3717,3361
3718,3040
3719,3189
3720,4611
3721,3526
3722,2897
3723,2889
3724,3240
3725,3476
3726,2873
3727,4290
3728,3013
3729,4701
3730,5819
3731,3222
3732,3361
3733,4343
3734,2680
3735,3052
3736,2667
3737,4210
3738,3016
3739,3264
3740,3705
3741,2884
3742,3369
3743,3642
3744,3416
3745,4039
3746,2884
3747,2855
3748,3278
3749,2776
3750,12055
3751,2998
3752,3008
3753,2583
3754,2882
3755,3878
3756,3081
3757,2827
3758,3631
3759,2499
3760,3884
3761,3029
3762,3007
3763,2603
3764,2639
3765,3025
3766,2705
3767,2896
3768,2813
3769,2601
3770,7695
3771,2997
3772,3039
3773,3102
3774,2878
3775,3381
3776,3664
3777,3818
3778,2656
3779,2762
3780,4014
3781,2827
3782,2952
3783,2976
3784,2586
3785,3014
3786,3229
3787,2639
3788,2724
3789,2859
3790,7632
3791,3179
3792,2480
3793,2475
3794,2392
3795,2990
3796,2460
3797,2806
3798,2345
3799,3100
3800,33543
3801,5354
3802,3208
3803,3331
3804,2868
3805,3396
3806,2828
3807,2837
3808,3799
3809,3949
3810,4382
3811,3351
3812,3235
3813,2886
3814,2730
3815,3119
3816,2876
3817,2655
3818,2768
3819,2607
3820,4854
3821,3015
3822,2865
3823,2936
3824,3358
3825,3530
3826,2691
3827,2792
3828,2928
3829,3083
3830,4020
3831,2959
3832,2708
3833,3809
3834,2915
3835,3422
3836,2597
3837,2665
3838,4029
3839,3063
3840,16769
3841,3253
3842,3266
3843,2744
3844,3542
3845,3050
3846,3391
3847,3672
3848,2785
3849,2743
3850,7193
3851,3079
3852,2707
3853,2477
3854,2312
3855,3334
3856,2447
3857,6908
3858,2584
3859,2889
3860,3523
3861,2903
3862,2596
3863,2991
3864,3038
3865,3713
3866,2683
3867,2675
3868,2793
3869,2461
3870,4266
3871,2609
3872,6625
3873,2504
3874,2442
3875,3273
3876,2626
3877,2596
3878,2447
3879,2471
3880,4359
3881,2644
3882,2258
3883,2778
3884,2310
3885,2698
3886,2591
3887,2461
3888,5596
3889,2953
3890,3324
3891,2585
3892,2967
3893,2745
3894,2484
3895,2818
3896,2641
3897,2741
3898,2388
3899,2803
3900,22692
3901,4349
3902,3303
3903,3227
3904,4258
3905,3187
3906,4238
3907,2826
3908,2773
3909,3011
3910,3576
3911,3548
3912,3046
3913,2608
3914,2581
3915,3315
3916,2665
3917,2723
3918,2528
3919,2645
3920,3916
3921,3259
3922,3244
3923,2875
3924,2748
3925,3120
3926,2752
3927,4698
3928,3556
3929,2799
3930,3770
3931,2873
3932,2870
3933,3230
3934,19298
3935,2494
3936,2621
3937,3484
3938,2569
3939,4002
3940,4238
3941,2932
3942,2937
3943,2691
3944,2592
3945,4837
3946,2758
3947,2654
3948,2383
3949,2662
3950,5441
3951,2607
3952,2836
3953,2420
3954,2458
3955,2796
3956,2852
3957,2350
3958,2355
3959,3689
3960,4121
3961,2433
3962,2846
3963,2577
3964,2292
3965,2594
3966,2630
3967,2347
3968,3375
3969,3678
3970,3431
3971,2885
3972,2336
3973,2236
3974,2393
3975,3058
3976,2333
3977,2457
3978,2895
3979,2600
3980,3129
3981,2633
3982,2608
3983,2587
3984,2689
3985,2951
3986,4296
3987,4372
3988,2669
3989,2492
3990,3614
3991,2486
3992,2475
3993,2725
3994,2548
3995,3299
3996,2775
3997,2504
3998,2884
3999,6673
4000,404001
4001,14389
4002,6956
4003,5813
4004,8418
4005,6407
4006,4981
4007,4856
4008,4717
4009,4153
4010,8308
4011,5316
4012,4739
4013,4413
4014,5159
4015,4339
4016,3996
4017,4363
4018,3895
4019,3492
4020,7685
4021,3928
4022,4200
4023,3380
4024,3604
4025,4350
4026,3643
4027,3075
4028,3556
4029,3108
4030,5201
4031,4244
4032,6789
4033,14414
4034,3100
4035,3642
4036,2979
4037,3061
4038,3566
4039,3447
4040,9235
4041,4035
4042,3200
4043,3584
4044,4401
4045,3948
4046,3151
4047,3352
4048,3557
4049,4862
4050,8366
4051,4688
4052,3191
4053,3373
4054,3085
4055,3458
4056,3259
4057,3046
4058,2935
4059,2756
4060,5474
4061,3366
4062,3252
4063,2865
4064,3837
4065,3396
4066,3164
4067,3377
4068,2982
4069,3142
4070,5215
4071,3012
4072,3394
4073,2820
4074,2981
4075,3991
4076,2949
4077,3553
4078,2872
4079,2889
4080,8743
4081,3091
4082,2794
4083,2712
4084,3074
4085,2926
4086,2989
4087,2741
4088,3556
4089,2754
4090,8123
4091,3197
4092,3262
4093,2999
4094,3502
4095,9590
4096,111103
4097,5085
4098,3516
4099,3834
4100,25134
4101,6948
4102,4964
4103,8133
4104,4826
4105,3924
4106,3552
4107,3411
4108,3487
4109,3434
4110,5125
4111,5940
4112,4059
4113,3478
4114,3725
4115,3649
4116,3474
4117,3066
4118,3096
4119,3132
4120,5059
4121,4125
4122,4284
4123,4438
4124,3166
4125,4203
4126,2794
4127,3665
4128,4797
4129,2893
4130,7867
4131,3210
4132,3115
4133,3043
4134,2709
4135,7778
4136,3000
4137,2868
4138,2736
4139,2681
4140,7203
4141,5564
4142,5273
4143,3283
4144,3112
4145,3062
4146,2768
4147,3551
4148,2646
4149,2670
4150,7152
4151,4831
4152,2968
4153,2889
4154,2560
4155,3621
4156,2760
4157,2961
4158,2807
4159,3153
4160,5869
4161,4121
4162,2718
4163,3049
4164,2825
4165,3286
4166,3110
4167,3693
4168,2571
4169,2843
4170,3655
4171,3206
4172,4173
4173,2550
4174,2510
4175,2951
4176,2728
4177,2861
4178,2554
4179,2944
4180,4329
4181,3407
4182,2815
4183,3614
4184,2810
4185,2513
4186,2641
4187,2766
4188,2526
4189,2530
4190,3191
4191,3067
4192,2664
4193,2585
4194,2719
4195,2677
4196,2423
4197,2530
4198,2471
4199,3154
4200,43076
4201,5761
4202,4435
4203,3743
4204,3133
4205,3557
4206,3172
4207,3148
4208,3519
4209,2911
4210,5047
4211,4386
4212,4097
4213,3648
4214,3612
4215,3655
4216,2985
4217,5845
4218,3453
4219,2765
4220,4617
4221,3726
4222,5316
4223,3015
4224,4181
4225,4120
4226,2969
4227,4407
4228,3031
4229,2933
4230,4326
4231,5715
4232,3440
4233,3232
4234,2657
4235,3087
4236,7462
4237,2604
4238,2764
4239,2566
4240,5505
4241,3062
4242,7443
4243,3562
4244,4481
4245,3656
4246,2578
4247,2986
4248,2722
4249,2495
4250,7624
4251,3401
4252,2787
4253,3006
4254,3013
4255,3202
4256,2784
4257,2826
4258,3486
4259,2646
4260,4801
4261,3141
4262,2950
4263,2686
4264,2652
4265,2647
4266,2841
4267,3506
4268,2541
4269,3308
4270,3281
4271,5501
4272,2984
4273,4176
4274,2790
4275,3307
4276,2848
4277,2871
4278,3020
4279,2625
4280,4803
4281,2627
4282,2934
4283,2592
4284,2723
4285,3133
4286,3051
4287,3074
4288,2865
4289,2294
4290,3156
4291,2616
4292,2904
4293,2630
4294,2446
4295,2994
4296,3037
4297,2582
4298,2400
4299,2940
4300,23347
4301,5428
4302,3926
4303,3437
4304,3334
4305,3577
4306,3248
4307,2892
4308,2823
4309,2699
4310,4712
4311,3823
4312,4045
4313,2909
4314,3260
4315,3372
4316,2609
4317,2916
4318,2865
4319,3305
4320,6950
4321,10012
4322,3997
4323,3290
4324,4726
4325,3628
4326,20111
4327,2667
4328,2965
4329,2587
4330,4499
4331,3573
4332,3093
4333,4420
4334,2984
4335,3048
4336,2814
4337,2757
4338,2869
4339,2624
4340,5399
4341,2837
4342,2791
4343,4353
4344,3009
4345,3096
4346,2633
4347,2744
4348,2755
4349,2678
4350,6937
4351,3020
4352,3423
4353,3089
4354,2477
4355,3452
4356,3222
4357,6422
4358,2526
4359,2409
4360,4017
4361,2922
4362,2890
4363,3320
4364,2882
4365,3066
4366,2422
4367,2350
4368,3971
4369,2730
4370,3534
4371,2665
4372,2500
4373,2713
4374,2770
4375,10771
4376,2682
4377,2603
4378,2080
4379,2218
4380,3577
4381,2576
4382,2697
4383,2540
4384,2546
4385,2465
4386,2678
4387,2376
4388,3132
4389,3339
4390,3009
4391,2764
4392,2404
4393,2478
4394,2225
4395,2998
4396,2278
4397,2404
4398,2496
4399,3393
4400,27736
4401,5413
4402,3430
4403,3122
4404,3840
4405,3264
4406,3129
4407,2661
4408,2901
4409,2969
4410,4239
4411,4304
4412,3878
4413,2865
4414,3118
4415,3368
4416,3806
4417,2793
4418,3019
4419,3729
4420,4069
4421,3621
4422,4143
4423,3383
4424,2962
4425,3177
4426,2491
4427,2755
4428,2677
4429,2782
4430,5097
4431,2907
4432,3042
4433,3963
4434,3121
4435,3463
4436,2570
4437,2779
4438,3141
4439,2466
4440,4842
4441,3414
4442,2886
4443,4071
4444,20796
4445,3881
4446,2663
4447,2919
4448,3029
4449,3586
4450,5136
4451,2871
4452,2665
4453,2976
4454,2579
4455,4556
4456,2687
4457,3016
4458,2555
4459,2752
4460,3992
4461,2550
4462,2986
4463,2530
4464,3056
4465,3429
4466,3307
4467,2629
4468,2594
4469,2502
4470,3598
4471,3287
4472,4635
4473,5428
4474,2774
4475,2707
4476,2377
4477,3382
4478,2338
4479,2483
4480,3794
4481,2842
4482,2470
4483,2880
4484,2878
4485,3238
4486,2548
4487,2628
4488,3421
4489,2520
4490,3343
4491,2566
4492,2591
4493,2452
4494,2532
4495,2804
4496,2723
4497,2352
4498,2354
4499,3368
4500,76856
4501,6138
4502,5794
4503,4754
4504,2913
4505,4447
4506,4695
4507,3092
4508,3114
4509,2860
4510,4978
4511,4172
4512,3534
4513,3014
4514,2834
4515,3957
4516,2775
4517,2555
4518,2422
4519,2533
4520,4520
4521,3210
4522,3136
4523,2637
4524,2616
4525,3279
4526,2654
4527,2432
4528,2527
4529,2925
4530,3867
4531,2627
4532,2946
4533,2710
4534,2438
4535,3002
4536,2882
4537,2585
4538,2541
4539,2519
4540,3357
4541,2858
4542,2698
4543,2635
4544,2799
4545,5665
4546,2985
4547,2691
4548,2696
4549,2627
4550,5322
4551,3253
4552,2775
4553,2445
4554,2872
4555,3756
4556,2656
4557,2755
4558,2626
4559,2498
4560,4078
4561,2633
4562,3508
4563,2642
4564,2797
4565,2998
4566,3792
4567,10929
4568,2884
4569,3056
4570,3703
4571,3011
4572,2708
4573,2396
4574,2332
4575,3064
4576,2758
4577,3092
4578,2392
4579,2417
4580,2932
4581,2421
4582,2262
4583,2653
4584,2274
4585,2392
4586,2175
4587,2404
4588,2394
4589,2285
4590,3670
4591,2267
4592,2722
4593,2703
4594,2149
4595,2431
4596,2078
4597,2207
4598,2364
4599,2835
4600,22701
4601,4186
4602,2944
4603,2745
4604,2493
4605,2973
4606,3193
4607,2655
4608,4773
4609,2715
4610,4055
4611,3004
4612,2828
4613,2581
4614,3176
4615,3303
4616,2755
4617,2515
4618,2472
4619,2334
4620,3930
4621,2699
4622,2853
4623,2477
4624,2996
4625,3857
4626,2669
4627,2760
4628,2521
4629,2253
4630,3749
4631,3051
4632,2667
4633,2709
4634,3019
4635,2718
4636,5214
4637,2588
4638,2842
4639,2474
4640,3729
4641,2670
4642,2705
4643,2443
4644,2440
4645,2529
4646,3774
4647,3000
4648,3058
4649,2873
4650,5827
4651,2953
4652,2548
4653,2956
4654,2402
4655,2929
4656,2525
4657,2435
4658,2705
4659,2158
4660,3813
4661,2541
4662,2512
4663,2874
4664,3160
4665,2687
4666,2861
4667,3009
4668,2508
4669,2124
4670,3906
4671,2425
4672,2624
4673,4131
4674,2208
4675,2814
4676,2268
4677,2394
4678,2559
4679,2347
4680,5217
4681,2897
4682,2303
4683,2291
4684,2495
4685,2404
4686,4113
4687,2562
4688,4217
4689,2365
4690,3325
4691,2432
4692,2575
4693,2058
4694,2187
4695,2382
4696,2602
4697,2408
4698,2279
4699,2427
4700,19755
4701,3755
4702,2838
4703,2860
4704,3414
4705,2905
4706,2402
4707,2738
4708,2768
4709,2372
4710,3777
4711,6293
4712,2952
4713,2999
4714,2520
4715,3368
4716,2514
4717,2621
4718,2358
4719,2324
4720,4013
4721,2552
4722,2844
4723,3418
4724,2802
4725,3547
4726,2423
4727,2621
4728,2455
4729,2636
4730,3529
4731,2739
4732,2618
4733,2595
4734,2170
4735,2417
4736,2900
4737,2413
4738,2346
4739,2629
4740,3374
4741,2840
4742,2422
4743,2127
4744,2706
4745,2504
4746,2461
4747,3971
4748,2436
4749,2205
4750,6134
4751,2726
4752,2860
4753,2317
4754,2416
4755,3287
4756,2568
4757,2771
4758,2925
4759,2258
4760,3159
4761,2231
4762,2271
4763,2073
4764,2237
4765,2532
4766,2412
4767,2245
4768,2465
4769,2832
4770,4726
4771,2676
4772,2498
4773,2345
4774,2384
4775,2758
4776,2472
4777,3334
4778,2128
4779,2118
4780,2898
4781,2231
4782,2356
4783,2309
4784,2287
4785,2390
4786,2697
4787,2333
4788,2492
4789,2558
4790,3801
4791,2272
4792,2124
4793,2068
4794,1889
4795,2251
4796,2450
4797,2816
4798,2199
4799,2711
4800,36744
4801,4425
4802,2927
4803,2776
4804,2441
4805,3117
4806,2371
4807,2462
4808,2609
4809,8538
4810,4392
4811,3069
4812,2896
4813,2423
4814,2372
4815,2832
4816,2623
4817,2396
4818,2366
4819,3205
4820,3232
4821,2411
4822,3443
4823,2161
4824,2446
4825,2860
4826,2518
4827,2540
4828,2501
4829,2095
4830,9744
4831,2631
4832,2410
4833,3119
4834,2102
4835,2745
4836,2353
4837,2053
4838,2318
4839,2289
4840,3320
4841,2568
4842,2542
4843,2304
4844,3009
4845,2962
4846,2072
4847,2315
4848,3864
4849,2731
4850,6621
4851,2562
4852,2594
4853,2369
4854,2062
4855,2391
4856,2422
4857,2115
4858,2301
4859,2330
4860,3985
4861,3035
4862,2263
4863,2234
4864,2668
4865,2306
4866,2186
4867,2347
4868,3672
4869,2404
4870,5689
4871,2394
4872,2829
4873,2453
4874,2380
4875,2938
4876,2348
4877,2791
4878,2733
4879,2305
4880,3567
4881,2248
4882,2166
4883,2478
4884,2544
4885,2600
4886,2074
4887,2386
4888,3029
4889,2945
4890,3269
4891,2347
4892,2144
4893,1998
4894,2215
4895,2567
4896,2952
4897,2138
4898,2434
4899,2724
4900,14717
4901,3894
4902,2545
4903,2708
4904,2483
4905,2903
4906,2440
4907,2458
4908,2303
4909,2705
4910,3505
4911,3099
4912,2663
4913,2375
4914,2868
4915,3019
4916,2240
4917,2263
4918,2367
4919,2469
4920,3349
4921,2848
4922,2580
4923,2324
4924,2328
4925,2736
4926,2464
4927,2359
4928,2414
4929,2363
4930,2838
4931,2521
4932,2622
4933,2557
4934,2178
4935,2240
4936,2302
4937,2109
4938,2180
4939,2646
4940,3041
4941,2445
4942,2382
4943,2246
4944,2700
4945,4114
4946,2547
4947,2309
4948,2607
4949,3196
4950,5578
4951,2470
4952,2655
4953,2189
4954,2125
4955,2492
4956,2280
4957,2391
4958,2416
4959,3331
4960,3320
4961,2452
4962,2403
4963,2315
4964,1943
4965,2381
4966,2287
4967,2268
4968,2603
4969,2260
4970,2972
4971,2311
4972,2122
4973,2128
4974,2166
4975,3337
4976,2140
4977,2329
4978,2168
4979,2144
4980,3081
4981,2299
4982,2115
4983,2152
4984,2412
4985,2362
4986,2110
4987,2124
4988,2028
4989,2457
4990,3599
4991,2422
4992,2886
4993,2524
4994,2416
4995,3093
4996,3350
4997,2523
4998,2561
4999,7485
5000,640938
5001,19594
5002,7794
5003,5579
5004,4960
5005,8209
5006,4185
5007,7877
5008,6171
5009,3546
5010,8013
5011,4139
5012,3324
5013,3026
5014,3055
5015,4505
5016,3003
5017,2988
5018,3328
5019,2694
5020,5958
5021,3442
5022,3197
5023,2827
5024,2655
5025,3271
5026,2383
5027,2606
5028,2155
5029,2539
5030,4425
5031,2634
5032,2766
5033,2958
5034,2335
5035,2796
5036,2359
5037,3223
5038,2353
5039,2885
5040,6716
5041,2787
5042,2434
5043,2538
5044,3019
5045,2717
5046,2319
5047,2229
5048,2398
5049,2316
5050,14549
5051,3956
5052,4074
5053,2711
5054,2748
5055,4093
5056,2550
5057,2195
5058,2103
5059,2365
5060,7150
5061,4578
5062,2303
5063,2436
5064,2253
5065,2996
5066,2671
5067,2828
5068,2158
5069,2290
5070,3970
5071,2258
5072,2411
5073,2284
5074,2086
5075,2781
5076,2176
5077,2019
5078,2345
5079,1985
5080,4355
5081,2359
5082,2325
5083,3137
5084,2141
5085,2707
5086,2218
5087,1996
5088,2661
5089,2177
5090,3106
5091,1966
5092,2531
5093,1910
5094,1877
5095,2082
5096,2268
5097,1948
5098,1914
5099,2332
5100,24542
5101,5481
5102,3730
5103,3396
5104,3176
5105,9090
5106,2572
5107,2793
5108,2494
5109,2370
5110,5066
5111,4207
5112,3004
5113,2565
5114,3292
5115,3058
5116,2396
5117,2515
5118,2383
5119,2685
5120,8523
5121,3431
5122,2906
5123,3039
5124,2510
5125,3175
5126,2503
5127,2219
5128,2958
5129,2226
5130,3731
5131,2595
5132,2451
5133,2256
5134,2382
5135,2579
5136,1977
5137,2312
5138,1893
5139,2036
5140,3433
5141,2351
5142,2066
5143,2010
5144,2150
5145,2424
5146,2175
5147,1930
5148,2172
5149,2309
5150,11469
5151,4174
5152,3132
5153,2754
5154,2054
5155,2858
5156,2250
5157,2094
5158,1979
5159,1959
5160,4789
5161,2585
5162,2286
5163,1914
5164,2104
5165,2324
5166,2111
5167,3002
5168,2058
5169,2161
5170,3205
5171,2309
5172,2796
5173,2022
5174,1918
5175,2527
5176,2373
5177,1962
5178,1715
5179,1965
5180,2813
5181,2071
5182,2225
5183,2073
5184,2792
5185,2270
5186,1727
5187,2174
5188,2016
5189,2021
5190,2563
5191,2362
5192,1890
5193,2292
5194,12433
5195,2654
5196,2177
5197,2048
5198,1998
5199,2322
5200,31397
5201,4277
5202,2797
5203,2580
5204,3018
5205,2875
5206,2520
5207,2443
5208,2568
5209,2344
5210,4142
5211,3013
5212,2641
5213,2171
5214,2185
5215,2532
5216,2515
5217,3136
5218,2299
5219,2047
5220,4183
5221,3048
5222,4294
5223,2712
5224,2201
5225,3360
5226,2353
5227,2513
5228,2584
5229,2092
5230,3917
5231,2412
5232,2470
5233,2696
5234,2330
5235,2688
5236,2587
5237,2163
5238,2084
5239,1891
5240,3072
5241,2256
5242,2110
5243,2060
5244,2103
5245,2394
5246,2147
5247,2060
5248,2154
5249,2010
5250,7914
5251,2991
5252,3311
5253,2912
5254,2273
5255,3427
5256,2174
5257,2389
5258,2108
5259,1872
5260,3079
5261,2402
5262,2163
5263,2222
5264,1903
5265,1843
5266,2422
5267,2203
5268,1718
5269,2018
5270,2607
5271,2112
5272,2190
5273,2232
5274,1921
5275,2311
5276,1920
5277,2259
5278,2190
5279,1970
5280,7834
5281,9174
5282,2017
5283,2164
5284,2092
5285,2476
5286,1888
5287,1927
5288,1985
5289,1884
5290,2387
5291,2195
5292,2503
5293,1759
5294,1658
5295,1982
5296,2090
5297,2017
5298,1719
5299,2192
5300,19777
5301,4348
5302,2893
5303,2880
5304,2567
5305,2859
5306,2384
5307,2811
5308,2177
5309,3236
5310,4492
5311,2951
5312,2741
5313,2488
5314,2038
5315,2611
5316,2172
5317,2213
5318,1926
5319,2066
5320,4015
5321,2980
5322,3049
5323,2658
5324,2799
5325,2643
5326,1919
5327,2059
5328,2248
5329,2304
5330,2943
5331,2299
5332,2212
5333,3774
5334,2575
5335,2577
5336,1996
5337,2098
5338,1838
5339,2014
5340,2870
5341,2300
5342,2025
5343,2393
5344,2071
5345,2330
5346,1986
5347,2496
5348,2746
5349,2033
5350,4135
5351,2246
5352,2066
5353,3900
5354,2346
5355,2581
5356,2837
5357,1971
5358,1964
5359,1974
5360,2703
5361,1952
5362,2166
5363,2059
5364,1867
5365,1924
5366,1985
5367,1825
5368,1933
5369,1710
5370,2653
5371,2019
5372,1778
5373,2185
5374,1635
5375,2249
5376,2725
5377,2025
5378,1918
5379,1803
5380,2712
5381,2895
5382,1835
5383,1874
5384,1907
5385,1858
5386,1959
5387,2137
5388,1869
5389,1753
5390,2152
5391,2033
5392,1760
5393,1749
5394,1739
5395,2150
5396,1842
5397,1769
5398,1673
5399,1830
5400,25278
5401,4498
5402,2945
5403,2607
5404,2264
5405,3142
5406,3020
5407,2406
5408,2468
5409,1991
5410,2809
5411,3197
5412,2704
5413,2128
5414,2303
5415,2803
5416,2263
5417,2232
5418,2338
5419,1934
5420,3314
5421,2265
5422,2722
5423,2225
5424,2612
5425,2457
5426,1836
5427,1928
5428,2181
5429,2040
5430,3098
5431,2291
5432,25968
5433,4063
5434,2110
5435,2311
5436,1985
5437,2841
5438,1979
5439,2523
5440,3331
5441,2273
5442,2282
5443,2775
5444,2948
5445,2856
5446,2330
5447,2100
5448,2034
5449,2149
5450,4622
5451,2308
5452,2040
5453,2530
5454,3524
5455,2960
5456,2512
5457,1963
5458,1778
5459,1886
5460,2706
5461,3250
5462,1840
5463,2131
5464,2051
5465,2440
5466,2240
5467,1995
5468,2198
5469,2262
5470,2817
5471,3136
5472,4243
5473,1900
5474,1998
5475,2218
5476,1976
5477,1975
5478,2016
5479,2043
5480,2865
5481,1998
5482,1997
5483,1870
5484,1865
5485,1863
5486,1915
5487,1827
5488,2152
5489,1733
5490,2677
5491,2264
5492,1724
5493,1699
5494,1798
5495,2603
5496,1826
5497,1529
5498,2327
5499,2215
5500,54541
5501,4230
5502,2493
5503,2296
5504,2664
5505,3827
5506,2737
5507,2386
5508,2547
5509,2302
5510,4356
5511,3591
5512,3028
5513,2844
5514,2217
5515,3041
5516,2349
5517,2551
5518,2280
5519,1992
5520,4715
5521,2513
5522,2668
5523,3147
5524,2486
5525,3344
5526,2032
5527,2085
5528,1947
5529,2021
5530,3849
5531,2186
5532,2549
5533,2688
5534,2176
5535,2743
5536,2273
5537,2185
5538,1903
5539,2409
5540,3329
5541,2272
5542,2338
5543,1900
5544,2895
5545,2732
5546,1805
5547,2261
5548,3232
5549,1734
5550,5484
5551,2802
5552,2408
5553,2337
5554,3653
5555,22452
5556,4171
5557,2615
5558,2509
5559,2413
5560,2973
5561,2080
5562,1802
5563,2099
5564,2017
5565,2561
5566,2944
5567,2026
5568,2144
5569,1861
5570,3172
5571,2006
5572,1841
5573,1789
5574,1708
5575,2603
5576,1912
5577,2754
5578,1736
5579,1738
5580,2803
5581,1939
5582,1841
5583,1764
5584,2058
5585,2279
5586,1706
5587,1815
5588,2432
5589,1862
5590,2820
5591,1896
5592,1900
5593,1698
5594,1722
5595,1944
5596,1858
5597,1752
5598,1982
5599,2275
5600,24166
5601,5347
5602,2555
5603,3412
5604,1947
5605,2342
5606,2124
5607,1947
5608,1986
5609,1992
5610,4777
5611,2919
5612,2139
5613,2045
5614,1807
5615,2147
5616,2226
5617,1807
5618,1823
5619,1817
5620,2815
5621,2146
5622,2103
5623,2016
5624,1870
5625,11173
5626,1962
5627,2036
5628,1775
5629,1652
5630,2715
5631,1967
5632,2533
5633,1850
5634,1983
5635,2402
5636,1814
5637,2954
5638,1960
5639,1875
5640,2866
5641,2110
5642,1921
5643,2014
5644,1959
5645,2164
5646,2427
5647,1790
5648,1693
5649,1643
5650,4145
5651,2025
5652,2151
5653,1780
5654,2012
5655,2813
5656,3108
5657,2030
5658,1912
5659,1704
5660,2718
5661,2101
5662,2087
5663,1912
5664,2082
5665,2485
5666,2333
5667,2574
5668,1700
5669,1840
5670,3286
5671,2707
5672,7163
5673,1825
5674,1764
5675,2468
5676,2221
5677,1989
5678,11769
5679,1769
5680,2681
5681,2504
5682,1727
5683,2381
5684,1897
5685,1771
5686,1523
5687,2153
5688,1989
5689,1902
5690,2047
5691,1578
5692,1558
5693,1511
5694,1631
5695,2009
5696,1822
5697,1657
5698,1824
5699,1924
5700,22383
5701,5217
5702,2456
5703,2547
5704,1917
5705,2385
5706,1838
5707,2180
5708,2892
5709,2307
5710,2629
5711,3540
5712,2421
5713,2236
5714,2207
5715,2210
5716,1871
5717,2464
5718,1959
5719,2118
5720,2897
5721,2283
5722,2148
5723,1963
5724,1925
5725,2749
5726,1659
5727,2177
5728,2184
5729,1983
5730,3913
5731,1913
5732,1904
5733,2320
5734,2081
5735,2155
5736,1785
5737,2033
5738,1690
5739,1767
5740,2672
5741,2342
5742,2068
5743,1849
5744,2118
5745,2113
5746,1792
5747,1971
5748,1888
5749,1903
5750,5255
5751,2607
5752,1834
5753,2368
5754,2502
5755,2663
5756,1730
5757,2731
5758,2000
5759,2101
5760,5440
5761,1935
5762,1971
5763,1926
5764,1979
5765,2305
5766,2386
5767,2128
5768,2331
5769,2175
5770,4534
5771,2398
5772,4191
5773,2213
5774,2768
5775,3351
5776,2375
5777,3775
5778,2926
5779,2230
5780,3156
5781,2462
5782,2644
5783,1835
5784,1765
5785,1790
5786,1578
5787,1827
5788,1970
5789,1991
5790,2076
5791,1720
5792,1805
5793,2207
5794,1472
5795,2021
5796,1519
5797,2206
5798,1482
5799,1793
5800,21308
5801,3365
5802,2307
5803,2027
5804,1866
5805,2132
5806,1926
5807,2066
5808,2204
5809,1662
5810,2746
5811,2287
5812,2965
5813,2226
5814,1853
5815,2188
5816,1701
5817,1874
5818,1682
5819,1755
5820,2913
5821,1953
5822,2188
5823,1813
5824,1887
5825,2233
5826,1655
5827,1739
5828,1977
5829,1768
5830,2994
5831,1860
5832,2144
5833,2501
5834,1644
5835,1911
5836,1679
5837,1683
5838,1805
5839,1932
5840,2715
5841,2171
5842,1652
5843,1807
5844,1641
5845,2142
5846,1983
5847,1628
5848,1720
5849,1960
5850,5093
5851,2091
5852,1929
5853,1773
5854,1578
5855,2419
5856,2042
5857,1892
5858,3171
5859,2244
5860,2541
5861,2039
5862,1789
5863,1575
5864,1640
5865,2005
5866,1914
5867,1716
5868,1670
5869,1697
5870,4672
5871,1765
5872,1638
5873,1563
5874,1615
5875,3251
5876,2541
5877,1744
5878,1732
5879,1743
5880,3182
5881,2003
5882,2079
5883,1701
5884,1660
5885,2108
5886,1583
5887,1962
5888,2719
5889,1639
5890,2840
5891,1794
5892,1663
5893,1537
5894,1547
5895,2120
5896,1615
5897,1846
5898,1592
5899,1769
5900,13246
5901,3434
5902,2134
5903,1863
5904,2123
5905,2409
5906,2074
5907,2203
5908,1991
5909,1857
5910,2431
5911,2149
5912,1966
5913,1488
5914,1981
5915,1844
5916,1638
5917,1727
5918,1499
5919,1832
5920,2757
5921,1808
5922,1893
5923,2168
5924,1684
5925,2277
5926,1471
5927,1733
5928,1594
5929,1690
5930,3195
5931,1801
5932,1532
5933,1699
5934,1662
5935,2204
5936,1579
5937,2016
5938,1644
5939,1634
5940,2514
5941,1781
5942,1625
5943,1497
5944,1761
5945,1941
5946,1603
5947,1518
5948,1506
5949,1638
5950,3953
5951,1918
5952,2061
5953,1545
5954,1558
5955,2086
5956,1600
5957,1739
5958,1912
5959,2621
5960,2603
5961,1693
5962,1942
5963,1959
5964,1485
5965,2062
5966,1640
5967,1690
5968,1635
5969,1452
5970,3378
5971,1641
5972,1708
5973,2181
5974,1453
5975,2229
5976,1793
5977,1772
5978,1529
5979,1687
5980,2389
5981,1737
5982,1543
5983,1639
5984,3905
5985,2505
5986,2259
5987,1660
5988,1888
5989,1650
5990,2814
5991,1690
5992,1750
5993,1543
5994,1633
5995,2448
5996,2012
5997,1833
5998,2013
5999,4213
6000,224331
6001,10181
6002,5486
6003,3540
6004,3267
6005,4119
6006,5111
6007,2915
6008,3067
6009,3256
6010,5562
6011,4448
6012,3389
6013,2880
6014,2401
6015,3619
6016,3143
6017,2203
6018,2221
6019,2115
6020,4537
6021,2861
6022,2400
6023,2156
6024,2123
6025,2641
6026,2092
6027,2240
6028,2035
6029,1875
6030,3775
6031,2135
6032,2339
6033,2500
6034,1830
6035,2482
6036,1940
6037,2052
6038,1938
6039,1950
6040,3802
6041,2291
6042,2063
6043,1814
6044,2004
6045,2366
6046,1715
6047,1705
6048,2127
6049,2082
6050,4977
6051,2307
6052,2081
6053,1921
6054,1587
6055,3099
6056,2195
6057,1702
6058,1772
6059,1874
6060,10942
6061,13741
6062,2359
6063,3656
6064,2130
6065,2328
6066,2596
6067,2019
6068,2064
6069,1950
6070,3222
6071,1970
6072,1990
6073,2138
6074,1878
6075,2555
6076,1936
6077,1953
6078,1824
6079,1820
6080,4097
6081,2089
6082,2937
6083,1902
6084,3644
6085,2208
6086,1967
6087,1809
6088,2040
6089,1662
6090,3078
6091,2011
6092,1867
6093,1718
6094,1888
6095,1949
6096,2522
6097,1780
6098,1621
6099,2008
6100,17891
6101,4005
6102,3510
6103,3566
6104,2399
6105,3755
6106,2823
6107,2356
6108,2338
6109,2544
6110,3884
6111,4162
6112,2745
6113,2054
6114,2333
6115,2627
6116,2262
6117,2030
6118,2156
6119,2243
6120,4499
6121,2897
6122,2304
6123,2591
6124,2125
6125,2984
6126,2420
6127,2216
6128,2459
6129,1762
6130,3119
6131,2702
6132,2063
6133,2273
6134,1766
6135,1903
6136,1904
6137,1753
6138,1867
6139,1984
6140,2661
6141,2237
6142,1756
6143,1949
6144,4734
6145,2120
6146,1923
6147,1852
6148,1936
6149,1668
6150,4957
6151,2656
6152,2074
6153,1953
6154,1917
6155,2126
6156,1990
6157,1785
6158,1554
6159,1724
6160,3025
6161,3122
6162,2152
6163,1980
6164,2110
6165,1944
6166,2771
6167,2003
6168,1756
6169,1604
6170,2252
6171,1995
6172,1817
6173,1865
6174,1899
6175,2038
6176,2039
6177,1719
6178,1508
6179,3981
6180,3246
6181,1975
6182,2431
6183,1802
6184,1519
6185,1839
6186,1441
6187,1492
6188,1779
6189,1683
6190,2051
6191,1638
6192,1594
6193,1437
6194,1539
6195,1674
6196,1748
6197,1359
6198,1565
6199,1987
6200,18663
6201,3736
6202,2345
6203,2824
6204,2292
6205,2901
6206,2054
6207,2344
6208,2346
6209,1991
6210,3962
6211,3178
6212,2349
6213,2217
6214,1855
6215,2276
6216,2005
6217,1954
6218,1870
6219,1701
6220,3379
6221,3486
6222,3151
6223,2218
6224,1933
6225,2413
6226,2378
6227,2165
6228,1658
6229,2059
6230,3674
6231,2448
6232,2274
6233,2413
6234,2010
6235,2185
6236,1803
6237,1916
6238,2098
6239,2427
6240,3524
6241,2094
6242,2095
6243,1822
6244,1833
6245,1963
6246,1743
6247,1993
6248,1895
6249,1607
6250,9699
6251,2501
6252,2044
6253,2136
6254,2018
6255,2384
6256,2114
6257,1657
6258,1960
6259,1641
6260,2438
6261,2306
6262,2876
6263,2424
6264,2227
6265,2295
6266,2026
6267,1749
6268,1718
6269,2088
6270,2494
6271,2151
6272,2283
6273,2486
6274,1857
6275,2131
6276,1646
6277,2386
6278,1919
6279,1972
6280,2484
6281,1893
6282,1755
6283,2125
6284,1843
6285,2045
6286,1619
6287,1715
6288,1882
6289,1782
6290,2143
6291,1686
6292,1659
6293,1505
6294,1560
6295,1779
6296,1548
6297,1615
6298,1715
6299,2026
6300,21480
6301,3813
6302,2587
6303,2534
6304,2446
6305,2339
6306,1937
6307,2130
6308,1923
6309,2533
6310,3200
6311,2472
6312,2045
6313,1943
6314,1692
6315,2122
6316,1831
6317,1702
6318,1689
6319,1694
6320,3130
6321,2388
6322,2093
6323,2353
6324,1976
6325,2381
6326,1900
6327,1878
6328,2147
6329,1801
6330,4009
6331,2238
6332,2406
6333,3314
6334,2384
6335,1783
6336,2145
6337,2006
6338,1821
6339,1694
6340,2642
6341,1947
6342,1743
6343,1853
6344,1770
6345,1821
6346,1766
6347,1968
6348,1994
6349,1484
6350,3783
6351,2478
6352,1797
6353,1705
6354,1510
6355,2733
6356,1568
6357,2014
6358,1440
6359,1573
6360,2768
6361,2955
6362,1933
6363,3773
6364,2205
6365,2417
6366,1937
6367,1808
6368,1836
6369,1561
6370,2021
6371,3539
6372,1893
6373,1843
6374,1869
6375,2093
6376,1612
6377,1777
6378,2495
6379,21416
6380,3389
6381,2020
6382,1863
6383,1680
6384,1719
6385,1869
6386,1575
6387,1628
6388,2115
6389,1766
6390,2119
6391,1700
6392,1574
6393,1747
6394,1400
6395,1799
6396,1536
6397,3100
6398,1503
6399,2000
6400,28986
6401,3143
6402,2502
6403,2043
6404,2071
6405,2426
6406,1934
6407,1775
6408,1891
6409,1816
6410,2634
6411,2341
6412,1952
6413,1807
6414,1679
6415,1966
6416,2071
6417,1706
6418,1560
6419,1781
6420,2960
6421,1916
6422,1920
6423,1823
6424,1903
6425,2744
6426,1862
6427,1716
6428,1779
6429,1731
6430,2218
6431,1827
6432,2240
6433,1796
6434,1948
6435,2319
6436,1537
6437,1741
6438,1849
6439,1578
6440,2777
6441,2203
6442,1739
6443,5424
6444,2234
6445,1956
6446,1867
6447,1590
6448,1603
6449,1713
6450,3985
6451,1637
6452,1668
6453,1776
6454,1754
6455,2488
6456,1622
6457,1880
6458,1560
6459,1581
6460,2563
6461,2044
6462,1632
6463,1828
6464,2735
6465,1874
6466,1755
6467,1676
6468,2053
6469,1630
6470,2131
6471,1698
6472,1607
6473,1761
6474,1539
6475,2473
6476,1520
6477,1659
6478,1480
6479,1553
6480,2559
6481,1685
6482,1603
6483,1670
6484,1941
6485,1516
6486,1337
6487,1597
6488,1834
6489,1722
6490,2230
6491,1508
6492,1743
6493,1424
6494,1668
6495,1678
6496,1578
6497,1834
6498,1615
6499,1958
6500,45964
6501,4050
6502,9976
6503,2200
6504,1867
6505,3110
6506,1820
6507,1998
6508,1957
6509,2198
6510,3684
6511,3142
6512,3109
6513,1930
6514,1969
6515,2335
6516,2094
6517,1786
6518,1668
6519,1821
6520,3488
6521,1954
6522,2511
6523,1814
6524,1743
6525,2609
6526,1578
6527,1649
6528,1770
6529,1732
6530,2641
6531,1891
6532,2076
6533,1980
6534,1566
6535,2198
6536,1778
6537,1457
6538,2244
6539,1600
6540,2270
6541,1969
6542,1969
6543,2778
6544,1893
6545,2036
6546,1621
6547,1630
6548,2158
6549,1485
6550,4719
6551,1949
6552,2130
6553,2269
6554,1792
6555,3009
6556,1868
6557,1568
6558,1558
6559,1544
6560,2834
6561,2503
6562,1822
6563,2080
6564,1527
6565,2948
6566,2000
6567,1735
6568,1482
6569,1924
6570,2610
6571,1787
6572,1970
6573,1430
6574,1502
6575,1831
6576,1831
6577,1692
6578,1556
6579,1616
6580,2275
6581,2248
6582,1663
6583,2578
6584,2211
6585,1985
6586,1325
6587,1543
6588,1588
6589,1525
6590,1708
6591,1611
6592,1507
6593,1392
6594,1348
6595,1679
6596,2365
6597,1531
6598,1487
6599,1678
6600,24252
6601,2801
6602,2405
6603,2004
6604,2255
6605,2112
6606,2348
6607,1751
6608,1902
6609,1642
6610,2990
6611,3433
6612,1859
6613,1990
6614,1877
6615,2164
6616,1869
6617,1450
6618,1528
6619,1482
6620,2981
6621,2059
6622,2267
6623,1565
6624,1876
6625,2331
6626,1706
6627,1599
6628,1519
6629,1642
6630,2712
6631,1877
6632,2170
6633,3313
6634,1519
6635,1629
6636,1825
6637,1497
6638,1415
6639,1584
6640,2088
6641,2041
6642,1748
6643,1815
6644,1887
6645,1884
6646,1687
6647,1424
6648,1538
6649,1450
6650,3707
6651,2407
6652,1772
6653,2160
6654,2124
6655,2465
6656,2239
6657,2060
6658,1443
6659,1651
6660,2449
6661,2158
6662,2588
6663,1708
6664,2055
6665,1928
6666,9953
6667,9549
6668,1899
6669,1976
6670,2968
6671,1882
6672,2107
6673,1898
6674,1461
6675,1970
6676,1525
6677,2267
6678,2262
6679,1515
6680,2748
6681,2020
6682,1613
6683,1800
6684,1765
6685,1635
6686,1667
6687,1624
6688,2577
6689,1513
6690,1794
6691,1503
6692,1362
6693,1593
6694,1905
6695,1602
6696,1615
6697,1847
6698,1921
6699,3409
6700,17064
6701,2890
6702,1906
6703,1796
6704,1634
6705,1867
6706,1683
6707,2003
6708,2308
6709,1689
6710,2119
6711,1821
6712,1889
6713,1726
6714,1516
6715,1919
6716,2307
6717,2018
6718,1457
6719,1406
6720,3071
6721,1559
6722,2023
6723,1878
6724,1533
6725,2047
6726,1439
6727,1635
6728,1832
6729,1427
6730,2204
6731,2647
6732,1653
6733,2023
6734,1518
6735,1918
6736,7314
6737,1680
6738,1525
6739,1349
6740,1948
6741,1858
6742,1993
6743,1587
6744,1647
6745,1793
6746,1377
6747,1598
6748,1436
6749,1988
6750,4647
6751,1951
6752,2693
6753,1757
6754,1497
6755,1797
6756,1404
6757,1565
6758,2011
6759,1511
6760,2061
6761,1650
6762,1742
6763,1703
6764,1444
6765,1953
6766,1680
6767,2529
6768,1842
6769,1597
6770,2785
6771,1725
6772,1713
6773,1762
6774,1443
6775,1750
6776,1898
6777,2892
6778,1453
6779,1676
6780,2046
6781,1749
6782,1447
6783,1605
6784,1697
6785,1613
6786,1361
6787,2164
6788,1641
6789,6813
6790,2154
6791,2068
6792,1448
6793,1369
6794,1359
6795,1530
6796,1326
6797,1560
6798,1498
6799,1675
6800,22891
6801,2896
6802,1822
6803,4030
6804,1707
6805,1786
6806,1689
6807,1667
6808,1734
6809,2771
6810,2595
6811,3634
6812,1745
6813,1471
6814,1497
6815,1699
6816,1502
6817,1657
6818,1575
6819,2036
6820,2506
6821,1479
6822,2761
6823,1830
6824,1740
6825,2419
6826,1617
6827,1571
6828,1660
6829,1409
6830,2489
6831,2144
6832,1854
6833,2048
6834,1670
6835,1530
6836,1740
6837,1523
6838,1503
6839,1281
6840,2516
6841,1675
6842,2011
6843,1747
6844,1493
6845,1903
6846,1721
6847,1545
6848,1626
6849,1269
6850,4248
6851,2143
6852,1555
6853,1751
6854,2154
6855,1574
6856,1485
6857,1457
6858,1329
6859,1516
6860,1949
6861,1642
6862,1331
6863,1464
6864,1527
6865,1619
6866,1570
6867,1363
6868,2599
6869,1588
6870,3713
6871,1517
6872,1637
6873,1331
6874,1301
6875,8665
6876,1769
6877,1676
6878,1563
6879,1617
6880,2875
6881,2238
6882,1674
6883,1487
6884,1375
6885,1682
6886,1593
6887,1627
6888,2692
6889,1776
6890,2963
6891,1355
6892,1443
6893,1272
6894,1287
6895,1465
6896,1284
6897,1641
6898,1226
6899,1726
6900,12555
6901,2932
6902,2241
6903,1753
6904,1655
6905,1831
6906,1600
6907,1579
6908,1358
6909,1648
6910,2457
6911,2160
6912,2272
6913,1477
6914,1409
6915,1761
6916,1379
6917,1551
6918,1340
6919,1488
6920,2711
6921,1516
6922,1992
6923,1658
6924,1785
6925,1768
6926,1355
6927,1339
6928,1450
6929,1392
6930,2154
6931,1579
6932,1423
6933,1971
6934,1451
6935,1428
6936,1335
6937,1531
6938,1390
6939,1534
6940,2094
6941,1585
6942,1411
6943,1326
6944,1659
6945,1502
6946,2682
6947,1510
6948,1386
6949,1489
6950,4609
6951,1676
6952,1406
6953,1349
6954,1420
6955,2457
6956,1243
6957,1345
6958,1390
6959,1460
6960,2367
6961,1447
6962,1554
6963,2040
6964,1495
6965,1517
6966,1726
6967,1502
6968,1950
6969,3363
6970,3083
6971,1418
6972,1405
6973,1414
6974,1331
6975,1851
6976,1785
6977,1615
6978,1567
6979,1528
6980,2216
6981,1843
6982,1200
6983,1326
6984,1304
6985,1420
6986,1249
6987,1294
6988,2243
6989,1555
6990,11628
6991,1555
6992,1471
6993,1503
6994,1205
6995,1916
6996,1596
6997,1428
6998,1501
6999,3170
7000,139631
7001,8776
7002,5398
7003,3963
7004,4107
7005,3665
7006,2993
7007,3497
7008,2494
7009,2608
7010,5354
7011,2908
7012,2975
7013,2957
7014,2373
7015,3116
7016,2311
7017,2296
7018,2637
7019,3038
7020,5361
7021,2226
7022,2200
7023,2346
7024,2043
7025,2490
7026,1813
7027,2395
7028,1590
7029,1849
7030,4197
7031,2989
7032,1755
7033,1788
7034,1838
7035,2298
7036,1860
7037,1885
7038,1602
7039,1630
7040,3636
7041,2017
7042,2049
7043,2263
7044,2490
7045,1910
7046,1628
7047,1770
7048,1542
7049,1566
7050,5225
7051,2833
7052,1874
7053,1755
7054,2204
7055,2497
7056,1807
7057,1851
7058,1635
7059,1691
7060,2693
7061,1733
7062,1505
7063,1491
7064,1653
7065,2270
7066,1685
7067,1641
7068,1568
7069,1709
7070,5345
7071,4889
7072,2072
7073,1861
7074,2006
7075,7730
7076,1785
7077,3190
7078,1900
7079,1757
7080,3728
7081,1701
7082,2607
7083,2003
7084,1412
7085,1765
7086,1662
7087,1821
7088,1589
7089,1572
7090,2867
7091,1662
7092,1501
7093,1519
7094,2612
7095,1979
7096,1509
7097,1513
7098,1278
7099,1843
7100,17143
7101,3165
7102,2850
7103,2777
7104,2066
7105,2244
7106,2816
7107,2019
7108,1746
7109,1831
7110,3453
7111,3761
7112,2261
7113,1748
7114,2383
7115,1996
7116,2418
7117,2209
7118,1583
7119,1648
7120,3752
7121,2287
7122,2172
7123,2102
7124,1721
7125,2538
7126,1836
7127,1890
7128,1810
7129,2076
7130,2473
7131,1870
7132,1717
7133,1585
7134,1807
7135,2397
7136,1729
7137,1650
7138,1410
7139,1523
7140,2293
7141,2047
7142,1922
7143,2095
7144,1601
7145,1556
7146,1518
7147,1478
7148,1700
7149,1436
7150,3911
7151,1916
7152,2273
7153,1985
7154,1498
7155,2135
7156,1494
7157,1470
7158,1393
7159,1682
7160,2741
7161,1782
7162,1336
7163,1824
7164,1668
7165,1691
7166,1567
7167,1937
7168,2141
7169,1581
7170,2117
7171,2826
7172,2052
7173,1528
7174,1348
7175,1806
7176,2080
7177,1835
7178,1402
7179,1638
7180,2191
7181,1845
7182,1622
7183,1837
7184,1512
7185,1829
7186,1443
7187,1369
7188,2038
7189,1451
7190,1938
7191,1669
7192,1594
7193,1544
7194,1345
7195,1867
7196,1358
7197,1325
7198,1277
7199,1920
7200,35174
7201,3706
7202,2802
7203,2827
7204,1789
7205,2341
7206,2147
7207,1951
7208,2249
7209,1643
7210,3351
7211,2747
7212,2126
7213,1924
7214,1496
7215,1892
7216,1855
7217,1665
7218,1696
7219,2209
7220,2832
7221,1969
7222,3042
7223,2593
7224,3119
7225,2513
7226,1752
7227,2459
7228,1650
7229,1583
7230,2774
7231,2704
7232,2144
7233,3901
7234,2102
7235,1976
7236,1697
7237,1760
7238,1713
7239,1594
7240,2391
7241,1678
7242,1766
7243,2341
7244,1586
7245,2429
7246,1602
7247,1649
7248,1578
7249,1591
7250,4675
7251,2055
7252,1858
7253,1714
7254,1505
7255,1860
7256,1947
7257,1581
7258,2000
7259,1433
7260,3160
7261,1785
7262,1650
7263,1680
7264,1869
7265,2097
7266,1800
7267,2027
7268,1305
7269,1824
7270,2129
7271,1712
7272,2888
7273,2220
7274,1788
7275,2750
7276,1552
7277,2220
7278,1586
7279,1443
7280,2300
7281,1612
7282,1705
7283,1682
7284,1461
7285,1694
7286,1477
7287,1884
7288,1695
7289,1781
7290,2372
7291,1803
7292,1529
7293,1630
7294,1431
7295,1615
7296,1575
7297,1693
7298,1376
7299,1707
7300,14912
7301,2469
7302,2086
7303,1995
7304,2258
7305,2266
7306,2069
7307,1996
7308,1909
7309,1482
7310,2476
7311,2122
7312,1858
7313,1553
7314,1775
7315,2104
7316,1621
7317,1716
7318,1956
7319,1688
7320,2779
7321,2764
7322,1741
7323,2275
7324,2181
7325,2234
7326,2966
7327,1431
7328,1741
7329,1394
7330,2303
7331,2148
7332,1835
7333,2986
7334,2093
7335,1738
7336,1674
7337,2039
7338,1458
7339,1413
7340,2335
7341,1538
7342,1427
7343,1554
7344,1646
7345,1801
7346,1519
7347,1626
7348,1425
7349,1374
7350,3334
7351,1732
7352,2540
7353,1696
7354,1572
7355,1979
7356,1803
7357,1926
7358,1399
7359,1420
7360,2540
7361,1696
7362,1314
7363,1532
7364,1590
7365,1499
7366,1731
7367,1648
7368,2209
7369,1546
7370,2223
7371,1649
7372,1649
7373,2718
7374,1628
7375,2018
7376,1370
7377,1950
7378,2161
7379,1533
7380,2133
7381,1626
7382,1532
7383,1620
7384,1631
7385,1813
7386,1866
7387,1901
7388,1571
7389,1393
7390,2653
7391,1590
7392,1634
7393,1654
7394,1382
7395,1455
7396,1487
7397,1407
7398,1199
7399,4269
7400,13233
7401,2803
7402,3110
7403,1913
7404,3190
7405,2945
7406,1629
7407,1927
7408,2086
7409,1583
7410,3124
7411,3260
7412,1848
7413,2012
7414,1787
7415,1927
7416,1432
7417,1897
7418,1392
7419,1571
7420,3256
7421,1895
7422,2094
7423,1958
7424,2333
7425,2202
7426,1628
7427,1748
7428,1505
7429,1661
7430,2573
7431,1747
7432,2125
7433,2174
7434,1763
7435,1743
7436,1712
7437,1719
7438,1474
7439,1697
7440,2947
7441,1884
7442,1647
7443,2184
7444,2212
7445,2154
7446,1661
7447,2115
7448,1517
7449,1486
7450,3509
7451,1719
7452,1554
7453,1413
7454,1500
7455,1949
7456,1743
7457,1596
7458,1730
7459,1499
7460,1860
7461,1482
7462,1420
7463,1825
7464,1456
7465,1687
7466,1446
7467,1693
7468,1420
7469,3130
7470,2249
7471,1623
7472,1607
7473,1565
7474,3703
7475,2139
7476,1686
7477,1661
7478,1453
7479,1381
7480,2481
7481,1648
7482,1718
7483,1562
7484,1440
7485,1562
7486,1656
7487,1615
7488,1656
7489,1523
7490,2376
7491,1810
7492,1351
7493,1508
7494,1722
7495,1673
7496,1382
7497,1340
7498,2081
7499,2164
7500,57406
7501,3717
7502,2287
7503,2145
7504,1650
7505,2243
7506,2891
7507,1810
7508,1640
7509,1639
7510,3096
7511,2161
7512,1972
7513,1916
7514,1684
7515,2258
7516,1727
7517,1667
7518,1674
7519,1970
7520,3539
7521,1922
7522,2367
7523,1665
7524,1492
7525,2779
7526,1599
7527,1498
7528,1524
7529,2635
7530,2342
7531,1826
7532,1513
7533,1619
7534,1654
7535,1939
7536,1409
7537,1607
7538,1677
7539,1490
7540,2392
7541,1646
7542,1622
7543,1581
7544,1483
7545,2344
7546,1796
7547,1809
7548,1513
7549,1608
7550,3280
7551,1685
7552,1653
7553,1560
7554,3892
7555,2634
7556,1665
7557,2081
7558,1354
7559,2000
7560,2343
7561,1579
7562,1635
7563,1337
7564,1246
7565,1660
7566,2053
7567,1935
7568,1375
7569,1693
7570,2096
7571,1329
7572,1336
7573,1358
7574,1219
7575,3079
7576,1608
7577,2053
7578,1347
7579,1302
7580,2259
7581,1481
7582,1594
7583,1421
7584,1706
7585,1833
7586,1358
7587,1448
7588,1425
7589,1622
7590,2612
7591,1627
7592,1248
7593,1553
7594,1464
7595,1609
7596,1164
7597,1263
7598,1349
7599,1565
7600,16593
7601,5483
7602,2044
7603,1800
7604,1803
7605,1653
7606,1850
7607,1778
7608,1593
7609,1617
7610,4055
7611,2157
7612,1728
7613,2271
7614,1540
7615,1511
7616,1613
7617,1628
7618,1340
7619,1800
7620,3028
7621,1644
7622,1517
7623,2177
7624,1690
7625,2342
7626,1515
7627,1414
7628,1495
7629,1588
7630,1993
7631,2365
7632,1948
7633,1532
7634,1334
7635,1413
7636,1675
7637,1614
7638,1494
7639,1463
7640,1813
7641,1659
7642,1562
7643,1608
7644,1662
7645,2319
7646,1565
7647,1480
7648,1392
7649,1446
7650,3443
7651,1391
7652,1786
7653,1753
7654,2677
7655,1664
7656,1623
7657,1404
7658,1244
7659,1465
7660,2285
7661,1601
7662,1578
7663,1762
7664,1575
7665,1667
7666,1954
7667,2137
7668,1286
7669,1972
7670,1930
7671,2160
7672,1421
7673,1496
7674,1379
7675,1700
7676,2619
7677,1633
7678,1558
7679,1700
7680,4106
7681,1812
7682,1417
7683,1603
7684,1291
7685,1408
7686,1431
7687,2491
7688,1836
7689,1251
7690,1485
7691,1455
7692,1848
7693,1323
7694,1092
7695,2048
7696,1505
7697,1430
7698,1748
7699,1763
7700,16470
7701,4613
7702,2893
7703,2342
7704,1805
7705,1655
7706,2300
7707,1696
7708,1555
7709,1534
7710,3353
7711,3062
7712,1922
7713,1612
7714,5265
7715,1991
7716,1555
7717,3086
7718,1570
7719,1542
7720,3104
7721,3923
7722,2432
7723,1674
7724,1745
7725,2254
7726,1977
7727,2082
7728,1832
7729,1784
7730,2819
7731,1649
7732,1714
7733,2375
7734,2828
7735,1864
7736,1836
7737,2010
7738,1583
7739,1743
7740,2769
7741,1663
7742,1757
7743,1803
7744,1904
7745,1702
7746,1598
7747,2546
7748,1958
7749,1512
7750,7305
7751,2107
7752,1688
7753,2290
7754,1455
7755,2188
7756,1624
7757,1877
7758,1520
7759,1765
7760,2620
7761,1927
7762,1561
7763,1836
7764,2182
7765,1706
7766,2335
7767,1794
7768,1796
7769,1637
7770,3783
7771,2704
7772,1952
7773,1954
7774,1952
7775,2283
7776,2676
7777,14194
7778,2832
7779,2086
7780,2399
7781,1418
7782,1622
7783,1562
7784,1251
7785,1688
7786,1788
7787,1954
7788,2884
7789,2125
7790,2488
7791,1686
7792,1527
7793,2074
7794,1418
7795,1791
7796,1369
7797,1542
7798,1404
7799,2600
7800,18530
7801,2602
7802,1922
7803,2319
7804,1570
7805,3630
7806,1775
7807,1655
7808,1890
7809,1747
7810,2411
7811,1948
7812,3912
7813,1744
7814,1645
7815,1675
7816,2397
7817,1825
7818,1489
7819,1481
7820,2180
7821,1678
7822,1652
7823,1474
7824,1592
7825,2622
7826,1414
7827,2073
7828,1654
7829,1373
7830,1831
7831,1968
7832,1590
7833,2159
7834,2090
7835,1646
7836,2275
7837,1562
7838,1393
7839,2349
7840,2365
7841,2131
7842,1464
7843,2089
7844,1623
7845,2060
7846,1368
7847,1650
7848,1730
7849,1522
7850,4848
7851,1612
7852,1514
7853,1581
7854,1885
7855,2094
7856,1305
7857,1559
7858,1478
7859,1412
7860,2465
7861,1496
7862,1263
7863,1515
7864,1804
7865,1422
7866,2027
7867,2634
7868,1676
7869,2063
7870,4374
7871,1907
7872,1777
7873,1733
7874,1853
7875,2288
7876,1784
7877,1697
7878,2589
7879,2006
7880,2266
7881,1832
7882,1541
7883,1358
7884,1769
7885,2105
7886,1365
7887,2052
7888,2826
7889,1752
7890,5892
7891,1864
7892,1338
7893,1430
7894,1401
7895,1481
7896,1598
7897,1590
7898,1556
7899,1883
7900,13566
7901,4895
7902,1781
7903,1767
7904,1982
7905,1681
7906,1410
7907,1714
7908,1692
7909,2176
7910,2836
7911,1972
7912,1871
7913,1705
7914,1824
7915,1989
7916,1505
7917,2033
7918,1533
7919,1924
7920,2978
7921,2351
7922,1759
7923,1610
7924,1557
7925,1879
7926,1484
7927,1533
7928,1714
7929,1421
7930,2371
7931,1692
7932,1675
7933,1402
7934,1357
7935,1553
7936,2223
7937,1602
7938,1476
7939,1808
7940,2374
7941,1741
7942,2188
7943,1215
7944,1632
7945,1511
7946,2003
7947,1423
7948,1297
7949,1608
7950,5761
7951,1618
7952,1438
7953,1307
7954,1275
7955,1800
7956,1742
7957,1500
7958,1527
7959,1360
7960,2846
7961,1803
7962,1410
7963,1371
7964,1201
7965,1452
7966,1744
7967,1727
7968,1846
7969,1551
7970,6442
7971,1805
7972,1271
7973,2365
7974,2234
7975,1584
7976,1831
7977,2183
7978,1292
7979,2349
7980,2388
7981,1651
7982,1248
7983,1489
7984,1465
7985,1493
7986,1231
7987,1185
7988,1325
7989,1650
7990,2730
7991,1378
7992,1272
7993,1415
7994,1255
7995,1890
7996,1336
7997,1624
7998,2132
7999,3586
8000,239351
8001,14509
8002,7211
8003,4644
8004,3754
8005,3978
8006,3654
8007,2967
8008,6548
8009,3992
8010,6602
8011,3823
8012,2730
8013,2336
8014,2477
8015,2281
8016,2418
8017,1993
8018,2557
8019,1877
8020,7157
8021,2742
8022,2648
8023,2166
8024,1996
8025,2984
8026,1874
8027,1836
8028,2446
8029,1773
8030,3146
8031,2290
8032,2779
8033,2175
8034,2100
8035,2071
8036,1895
8037,1848
8038,1846
8039,1815
8040,3842
8041,1909
8042,2384
8043,1952
8044,1843
8045,2042
8046,1772
8047,2155
8048,2259
8049,1933
8050,5135
8051,7931
8052,2401
8053,2215
8054,1762
8055,2153
8056,1651
8057,2111
8058,1850
8059,1804
8060,3318
8061,2028
8062,1737
8063,1866
8064,2084
8065,2093
8066,1782
8067,1741
8068,1661
8069,2130
8070,2846
8071,2300
8072,1897
8073,1695
8074,1431
8075,2222
8076,1580
8077,2060
8078,1823
8079,1898
8080,258056
8081,23501
8082,8332
8083,5583
8084,3259
8085,6200
8086,14192
8087,3971
8088,9353
8089,3691
8090,8598
8091,4021
8092,2798
8093,2421
8094,2080
8095,2218
8096,2599
8097,1751
8098,2063
8099,2572
8100,18307
8101,3581
8102,2274
8103,2160
8104,1878
8105,2042
8106,1876
8107,1611
8108,2214
8109,2013
8110,4130
8111,5044
8112,2192
8113,2004
8114,1730
8115,2034
8116,1716
8117,1803
8118,2671
8119,1676
8120,3650
8121,1969
8122,2156
8123,4211
8124,2240
8125,10384
8126,2031
8127,1835
8128,1870
8129,2008
8130,2925
8131,2322
8132,1557
8133,1913
8134,1481
8135,2306
8136,1406
8137,1924
8138,1726
8139,2072
8140,2750
8141,1755
8142,1464
8143,1616
8144,1851
8145,1605
8146,1625
8147,1719
8148,1469
8149,1386
8150,3941
8151,2172
8152,1919
8153,1711
8154,1630
8155,1742
8156,1464
8157,1565
8158,1411
8159,1591
8160,2722
8161,1940
8162,1517
8163,1694
8164,1558
8165,1965
8166,1852
8167,1892
8168,2122
8169,1482
8170,1791
8171,2111
8172,1718
8173,1823
8174,1579
8175,1691
8176,1744
8177,1659
8178,1501
8179,1537
8180,3081
8181,5388
8182,2396
8183,1655
8184,1747
8185,1702
8186,1609
8187,1877
8188,2154
8189,1581
8190,2178
8191,5500
8192,38909
8193,2176
8194,2567
8195,2646
8196,1942
8197,1552
8198,1573
8199,2127
8200,17738
8201,3528
8202,3160
8203,17122
8204,2294
8205,2703
8206,2008
8207,1992
8208,2751
8209,2979
8210,3152
8211,20443
8212,14535
8213,2046
8214,1854
8215,2091
8216,8848
8217,92622
8218,2247
8219,1523
8220,29694
8221,38925
8222,3749
8223,2197
8224,2671
8225,2213
8226,16107
8227,1776
8228,2317
8229,1578
8230,10346
8231,1958
8232,2441
8233,1947
8234,1849
8235,1815
8236,1451
8237,1724
8238,1492
8239,1956
8240,2591
8241,1730
8242,2131
8243,2259
8244,1661
8245,1714
8246,1559
8247,1921
8248,1413
8249,1902
8250,4964
8251,1914
8252,1854
8253,1810
8254,1796
8255,9704
8256,2138
8257,1422
8258,1660
8259,1822
8260,2642
8261,1577
8262,1602
8263,1640
8264,1605
8265,2214
8266,2101
8267,2010
8268,1581
8269,1445
8270,2045
8271,1629
8272,1664
8273,1576
8274,1654
8275,1797
8276,1618
8277,1688
8278,1540
8279,1654
8280,2582
8281,1925
8282,3119
8283,2913
8284,1814
8285,1471
8286,1567
8287,1509
8288,2430
8289,1466
8290,1905
8291,1519
8292,1479
8293,1563
8294,1371
8295,1626
8296,1452
8297,2144
8298,1282
8299,1643
8300,13912
8301,3741
8302,2316
8303,2470
8304,1765
8305,1782
8306,1740
8307,1524
8308,1749
8309,1499
8310,3425
8311,2041
8312,1828
8313,1948
8314,1586
8315,1692
8316,1589
8317,1589
8318,1546
8319,1485
8320,3938
8321,1690
8322,1695
8323,1577
8324,1557
8325,2251
8326,1573
8327,1515
8328,1418
8329,1710
8330,3534
8331,1860
8332,2670
8333,7908
8334,1820
8335,1553
8336,1847
8337,1569
8338,1584
8339,1880
8340,2069
8341,1692
8342,1377
8343,1536
8344,1747
8345,1576
8346,1533
8347,1548
8348,1400
8349,1400
8350,5569
8351,1569
8352,1517
8353,1706
8354,1224
8355,1559
8356,1556
8357,1315
8358,1934
8359,1545
8360,1941
8361,1553
8362,1417
8363,1516
8364,2259
8365,1472
8366,1431
8367,1505
8368,1405
8369,1810
8370,1785
8371,1661
8372,1527
8373,1511
8374,1307
8375,1705
8376,1501
8377,2062
8378,1487
8379,1644
8380,1917
8381,1469
8382,1489
8383,2369
8384,1634
8385,1567
8386,1436
8387,1666
8388,1799
8389,1602
8390,1755
8391,1537
8392,1552
8393,1383
8394,1305
8395,1442
8396,1373
8397,1346
8398,1521
8399,1627
8400,14747
8401,2736
8402,1768
8403,1577
8404,1796
8405,1624
8406,1444
8407,1477
8408,1468
8409,1274
8410,1954
8411,2259
8412,1590
8413,1685
8414,1587
8415,1966
8416,1543
8417,1616
8418,1488
8419,1557
8420,1759
8421,1805
8422,1578
8423,1456
8424,2020
8425,1908
8426,1284
8427,1509
8428,1408
8429,1482
8430,1756
8431,1604
8432,1801
8433,1700
8434,1443
8435,1560
8436,1413
8437,1390
8438,1261
8439,1536
8440,2201
8441,1571
8442,1668
8443,14919
8444,3339
8445,1897
8446,1726
8447,1568
8448,2382
8449,1583
8450,2850
8451,1941
8452,1727
8453,2036
8454,1796
8455,1692
8456,2106
8457,2491
8458,1574
8459,1482
8460,1681
8461,1607
8462,1872
8463,1715
8464,1583
8465,1508
8466,1501
8467,1526
8468,1321
8469,1301
8470,2224
8471,1771
8472,2667
8473,1542
8474,1370
8475,1540
8476,1607
8477,9343
8478,1625
8479,1455
8480,2100
8481,1485
8482,2364
8483,1553
8484,2474
8485,1952
8486,1693
8487,1411
8488,1634
8489,1572
8490,1718
8491,1517
8492,1276
8493,1647
8494,1343
8495,1698
8496,1474
8497,1517
8498,1597
8499,2224
8500,31961
8501,4537
8502,2487
8503,1846
8504,1781
8505,2266
8506,1691
8507,1885
8508,1653
8509,1441
8510,2530
8511,2144
8512,2015
8513,1472
8514,1782
8515,1898
8516,1946
8517,1654
8518,1509
8519,1573
8520,4638
8521,1734
8522,1664
8523,1559
8524,1445
8525,2662
8526,1668
8527,1738
8528,1532
8529,1980
8530,2928
8531,1809
8532,1648
8533,1635
8534,1669
8535,1855
8536,1636
8537,1344
8538,1382
8539,1474
8540,3092
8541,1933
8542,2499
8543,1914
8544,2319
8545,4168
8546,1781
8547,1658
8548,1329
8549,1401
8550,3277
8551,1757
8552,1733
8553,1533
8554,1953
8555,2816
8556,1662
8557,1351
8558,1877
8559,1282
8560,2194
8561,1527
8562,1462
8563,1497
8564,1365
8565,1623
8566,1391
8567,1474
8568,1446
8569,1307
8570,2654
8571,2046
8572,1504
8573,1676
8574,1282
8575,1842
8576,1442
8577,1716
8578,1304
8579,1454
8580,2106
8581,1614
8582,1763
8583,1936
8584,1485
8585,2890
8586,1779
8587,1552
8588,1728
8589,1386
8590,1586
8591,1618
8592,2223
8593,1886
8594,3741
8595,1852
8596,1465
8597,1324
8598,1378
8599,1802
8600,24066
8601,18386
8602,1612
8603,1674
8604,1454
8605,1724
8606,3419
8607,1313
8608,1539
8609,1513
8610,3136
8611,2013
8612,1421
8613,1360
8614,1425
8615,1712
8616,1956
8617,1789
8618,11572
8619,1385
8620,2708
8621,2065
8622,1563
8623,2009
8624,1682
8625,2215
8626,1354
8627,1498
8628,1588
8629,1550
8630,1966
8631,1481
8632,1454
8633,1881
8634,1277
8635,1362
8636,1386
8637,1362
8638,1385
8639,1627
8640,2705
8641,1433
8642,1407
8643,1469
8644,2146
8645,1381
8646,1347
8647,1424
8648,1694
8649,1434
8650,2409
8651,1382
8652,1449
8653,1371
8654,1337
8655,1955
8656,1638
8657,1503
8658,1609
8659,1369
8660,2135
8661,1688
8662,1686
8663,1513
8664,2379
8665,1736
8666,2001
8667,2033
8668,1541
8669,1812
8670,1730
8671,1378
8672,1733
8673,1347
8674,2901
8675,1702
8676,1481
8677,1634
8678,1324
8679,1344
8680,1859
8681,1784
8682,1483
8683,2026
8684,1312
8685,1410
8686,2394
8687,1846
8688,1915
8689,1401
8690,1644
8691,1518
8692,1324
8693,1504
8694,1139
8695,1512
8696,1441
8697,1340
8698,1278
8699,1457
8700,12302
8701,3083
8702,1630
8703,1711
8704,1932
8705,1792
8706,1626
8707,1678
8708,1861
8709,1463
8710,2361
8711,2371
8712,1850
8713,1649
8714,1263
8715,1527
8716,1409
8717,1550
8718,1460
8719,1649
8720,2153
8721,1958
8722,2466
8723,1571
8724,1515
8725,1834
8726,1550
8727,1590
8728,1541
8729,1356
8730,2116
8731,1493
8732,1820
8733,2184
8734,1655
8735,1625
8736,1697
8737,1534
8738,1494
8739,1657
8740,2318
8741,1800
8742,1663
8743,1683
8744,1631
8745,1634
8746,2253
8747,1896
8748,1424
8749,1669
8750,4065
8751,1687
8752,1445
8753,1800
8754,1327
8755,1744
8756,1406
8757,1475
8758,1369
8759,1361
8760,3821
8761,2602
8762,1563
8763,1405
8764,1511
8765,2896
8766,1699
8767,2962
8768,1470
8769,1325
8770,1817
8771,1499
8772,1511
8773,1683
8774,1648
8775,2117
8776,2600
8777,2540
8778,1677
8779,1443
8780,1830
8781,1408
8782,1463
8783,1458
8784,1420
8785,1435
8786,1865
8787,3638
8788,1978
8789,1551
8790,1723
8791,1341
8792,1532
8793,1287
8794,1427
8795,1431
8796,1216
8797,1366
8798,1175
8799,3046
8800,22716
8801,3291
8802,2594
8803,1865
8804,2089
8805,2043
8806,1734
8807,1832
8808,1909
8809,1832
8810,2340
8811,2703
8812,1704
8813,1435
8814,1607
8815,1621
8816,1751
8817,1802
8818,1605
8819,1522
8820,2844
8821,1942
8822,2396
8823,1586
8824,1771
8825,2106
8826,1470
8827,1629
8828,1821
8829,1618
8830,2626
8831,1668
8832,1963
8833,2500
8834,1379
8835,1768
8836,1624
8837,1532
8838,1603
8839,1637
8840,2132
8841,1447
8842,1354
8843,1740
8844,2217
8845,1558
8846,1455
8847,1434
8848,3152
8849,1495
8850,3771
8851,1515
8852,1379
8853,1567
8854,2100
8855,2372
8856,1720
8857,1676
8858,1714
8859,36698
8860,2018
8861,1721
8862,1575
8863,1902
8864,1360
8865,1912
8866,2045
8867,1509
8868,1659
8869,1586
8870,1876
8871,1600
8872,1475
8873,1644
8874,1273
8875,1808
8876,1619
8877,2189
8878,1632
8879,1882
8880,3377
8881,2136
8882,1824
8883,3166
8884,1914
8885,1891
8886,1769
8887,2284
8888,33977
8889,4563
8890,3126
8891,1934
8892,1425
8893,1338
8894,1233
8895,2250
8896,1311
8897,1237
8898,1638
8899,2799
8900,11457
8901,4078
8902,1692
8903,1934
8904,1502
8905,1479
8906,1647
8907,1271
8908,1356
8909,1467
8910,3204
8911,1893
8912,1580
8913,1369
8914,1281
8915,1441
8916,1398
8917,1509
8918,1335
8919,1490
8920,1968
8921,1467
8922,1473
8923,1555
8924,1562
8925,1606
8926,1253
8927,1223
8928,1400
8929,1430
8930,2086
8931,2250
8932,1412
8933,1395
8934,1236
8935,1297
8936,1397
8937,1320
8938,2741
8939,1400
8940,1829
8941,1592
8942,1353
8943,1441
8944,1530
8945,1507
8946,1303
8947,1517
8948,1174
8949,2499
8950,2297
8951,1340
8952,1436
8953,1379
8954,1535
8955,1502
8956,1255
8957,1125
8958,1487
8959,1349
8960,2243
8961,1349
8962,1874
8963,1363
8964,2411
8965,1526
8966,1568
8967,1144
8968,1297
8969,2289
8970,1480
8971,1538
8972,1340
8973,1316
8974,1339
8975,1396
8976,1270
8977,1343
8978,1305
8979,1296
8980,1802
8981,1538
8982,1267
8983,3281
8984,2143
8985,1428
8986,1456
8987,1396
8988,1674
8989,3326
8990,2434
8991,1399
8992,1354
8993,1956
8994,1557
8995,1865
8996,1537
8997,1492
8998,2023
8999,3928
9000,142695
9001,86929
9002,8030
9003,5369
9004,3880
9005,3988
9006,3702
9007,3039
9008,2520
9009,4154
9010,5067
9011,2720
9012,3012
9013,1858
9014,1957
9015,2425
9016,1981
9017,1831
9018,1840
9019,1768
9020,3698
9021,2119
9022,1903
9023,1820
9024,2021
9025,2196
9026,1590
9027,1803
9028,1451
9029,1539
9030,2659
9031,1890
9032,1672
9033,1805
9034,1478
9035,1726
9036,1614
9037,1572
9038,1409
9039,1527
9040,2391
9041,1594
9042,3073
9043,1416
9044,1515
9045,1654
9046,1376
9047,1411
9048,1515
9049,1311
9050,3965
9051,1876
9052,1587
9053,1474
9054,1693
9055,1839
9056,1386
9057,1439
9058,1398
9059,1585
9060,3131
9061,1474
9062,1397
9063,1506
9064,1428
9065,1343
9066,3501
9067,1288
9068,1487
9069,1468
9070,2239
9071,1618
9072,1480
9073,1349
9074,1243
9075,1931
9076,1356
9077,1656
9078,2341
9079,1267
9080,5562
9081,1886
9082,1746
9083,1809
9084,1348
9085,1965
9086,1165
9087,1481
9088,1547
9089,1550
9090,14147
9091,4367
9092,12422
9093,3333
9094,2152
9095,2025
9096,1464
9097,1454
9098,1447
9099,2402
9100,14757
9101,3575
9102,2256
9103,1788
9104,2010
9105,1823
9106,1551
9107,1487
9108,1553
9109,1480
9110,2818
9111,3203
9112,1602
9113,1556
9114,1526
9115,1902
9116,1592
9117,1446
9118,1317
9119,1701
9120,2393
9121,1805
9122,2277
9123,2104
9124,1412
9125,2131
9126,1968
9127,1469
9128,2041
9129,1147
9130,2052
9131,1839
9132,1571
9133,1541
9134,1302
9135,1477
9136,1525
9137,1389
9138,1247
9139,1356
9140,2132
9141,1800
9142,1406
9143,1284
9144,2524
9145,1475
9146,1286
9147,1311
9148,1183
9149,1599
9150,3054
9151,1535
9152,1322
9153,1716
9154,1270
9155,1990
9156,1171
9157,1165
9158,1186
9159,1197
9160,2189
9161,1378
9162,1319
9163,1189
9164,1262
9165,2060
9166,1420
9167,2132
9168,1295
9169,1229
9170,1545
9171,1789
9172,1351
9173,1410
9174,1164
9175,1395
9176,1166
9177,1407
9178,1230
9179,1161
9180,1904
9181,1564
9182,1347
9183,1273
9184,1766
9185,1442
9186,1183
9187,1365
9188,1403
9189,1186
9190,1750
9191,2612
9192,1611
9193,1519
9194,1313
9195,1375
9196,1288
9197,1189
9198,1184
9199,1743
9200,26049
9201,2778
9202,1955
9203,2049
9204,1577
9205,1977
9206,1418
9207,1405
9208,1771
9209,1370
9210,2137
9211,2417
9212,2406
9213,1677
9214,1377
9215,1552
9216,2780
9217,1452
9218,1393
9219,1542
9220,2399
9221,1872
9222,3421
9223,1752
9224,1564
9225,2158
9226,1378
9227,1626
9228,1355
9229,2274
9230,3078
9231,1733
9232,1395
9233,1664
9234,1440
9235,1411
9236,1276
9237,1277
9238,1304
9239,1499
9240,2052
9241,2084
9242,1447
9243,1588
9244,1411
9245,1428
9246,1291
9247,1356
9248,1518
9249,1313
9250,4003
9251,1746
9252,1594
9253,1428
9254,1106
9255,1695
9256,1273
9257,1335
9258,1521
9259,1119
9260,2076
9261,1577
9262,1944
9263,1261
9264,1305
9265,1624
9266,1673
9267,1495
9268,1439
9269,1238
9270,1487
9271,1344
9272,1489
9273,1378
9274,1281
9275,1478
9276,1308
9277,1511
9278,1448
9279,1289
9280,2064
9281,1502
9282,1445
9283,1550
9284,1376
9285,1373
9286,1406
9287,1216
9288,1489
9289,1216
9290,2144
9291,1491
9292,4177
9293,1490
9294,1427
9295,1573
9296,1209
9297,1369
9298,1264
9299,1562
9300,14775
9301,2357
9302,1610
9303,1770
9304,1345
9305,1611
9306,1336
9307,1309
9308,1425
9309,1394
9310,2666
9311,2122
9312,1615
9313,1462
9314,1404
9315,1500
9316,1246
9317,1297
9318,1273
9319,1326
9320,2673
9321,1489
9322,1450
9323,1348
9324,1492
9325,2248
9326,2272
9327,1542
9328,1721
9329,1302
9330,2091
9331,1591
9332,1489
9333,3503
9334,1349
9335,1676
9336,1665
9337,1442
9338,1254
9339,1600
9340,1744
9341,1544
9342,1318
9343,1917
9344,1675
9345,1583
9346,1241
9347,1336
9348,1196
9349,1430
9350,3238
9351,1857
9352,1233
9353,1420
9354,1155
9355,1944
9356,1228
9357,1330
9358,1231
9359,1298
9360,3267
9361,1578
9362,1833
9363,1269
9364,1534
9365,1470
9366,1187
9367,1280
9368,1239
9369,1281
9370,2361
9371,1383
9372,1240
9373,1263
9374,1181
9375,17754
9376,1409
9377,1371
9378,1544
9379,1065
9380,2291
9381,1655
9382,1275
9383,1447
9384,1722
9385,1549
9386,1324
9387,1480
9388,1480
9389,1354
9390,1584
9391,1391
9392,1375
9393,2453
9394,1523
9395,1393
9396,1193
9397,1645
9398,1248
9399,1664
9400,9836
9401,2221
9402,1609
9403,1688
9404,1736
9405,1636
9406,1399
9407,1341
9408,1484
9409,1423
9410,2141
9411,2791
9412,1609
9413,1467
9414,1475
9415,1830
9416,1501
9417,1688
9418,1552
9419,1519
9420,1955
9421,1393
9422,1604
9423,1307
9424,1421
9425,1630
9426,1099
9427,1330
9428,1362
9429,1435
9430,1892
9431,1308
9432,1437
9433,1585
9434,1476
9435,1394
9436,1279
9437,1262
9438,1304
9439,1353
9440,2201
9441,1411
9442,1474
9443,3977
9444,2158
9445,1665
9446,1489
9447,1229
9448,1358
9449,1627
9450,2553
9451,1527
9452,1560
9453,1608
9454,1231
9455,1466
9456,1370
9457,1347
9458,1119
9459,1271
9460,1616
9461,1313
9462,1235
9463,1929
9464,1469
9465,1746
9466,1324
9467,1416
9468,1283
9469,1378
9470,1553
9471,1189
9472,2233
9473,1785
9474,1969
9475,1459
9476,1216
9477,1573
9478,1227
9479,1326
9480,1558
9481,1363
9482,1139
9483,1153
9484,1373
9485,1454
9486,1185
9487,1341
9488,1342
9489,1321
9490,1640
9491,1367
9492,1505
9493,1276
9494,1857
9495,1520
9496,1435
9497,1322
9498,1254
9499,1631
9500,22274
9501,2796
9502,1933
9503,1856
9504,1733
9505,2003
9506,1447
9507,1409
9508,1514
9509,1327
9510,2075
9511,2153
9512,1493
9513,1606
9514,1430
9515,1848
9516,1477
9517,1271
9518,1367
9519,1297
9520,2013
9521,1703
9522,1371
9523,1523
9524,1504
9525,2830
9526,1246
9527,1886
9528,1538
9529,1319
9530,2147
9531,1912
9532,1347
9533,1384
9534,1257
9535,1338
9536,1734
9537,1343
9538,1288
9539,1167
9540,1675
9541,1741
9542,1323
9543,1391
9544,1323
9545,2118
9546,1225
9547,1302
9548,1166
9549,1261
9550,4023
9551,1569
9552,1842
9553,1448
9554,1160
9555,3008
9556,1324
9557,1352
9558,1232
9559,2136
9560,2784
9561,1278
9562,1247
9563,1206
9564,1329
9565,1472
9566,1459
9567,1404
9568,1670
9569,1364
9570,2221
9571,1337
9572,1338
9573,1262
9574,1201
9575,1955
9576,1160
9577,1312
9578,1244
9579,1652
9580,1697
9581,1236
9582,1158
9583,1433
9584,1157
9585,1427
9586,1079
9587,1400
9588,1220
9589,1133
9590,2295
9591,1188
9592,1258
9593,1247
9594,1224
9595,2773
9596,1421
9597,1301
9598,1271
9599,1597
9600,30897
9601,2658
9602,1586
9603,1775
9604,1719
9605,1804
9606,3390
9607,1941
9608,2002
9609,1653
9610,2235
9611,2318
9612,1481
9613,1589
9614,1334
9615,1649
9616,1307
9617,1540
9618,1484
9619,1361
9620,1922
9621,1314
9622,2127
9623,1436
9624,1444
9625,1804
9626,1381
9627,1166
9628,1158
9629,1344
9630,2233
9631,1327
9632,1627
9633,1606
9634,1169
9635,1317
9636,1267
9637,1348
9638,1223
9639,1342
9640,1451
9641,1446
9642,3536
9643,1403
9644,1421
9645,1579
9646,1482
9647,1392
9648,1370
9649,1344
9650,3847
9651,1398
9652,1433
9653,1415
9654,2329
9655,1639
9656,1683
9657,1275
9658,1820
9659,1450
9660,3394
9661,1563
9662,9691
9663,1742
9664,1847
9665,1438
9666,1520
9667,1835
9668,1570
9669,1491
9670,12039
9671,1230
9672,1355
9673,1414
9674,2255
9675,1885
9676,1191
9677,1341
9678,1262
9679,1986
9680,1539
9681,1294
9682,1219
9683,1251
9684,1234
9685,1584
9686,1459
9687,1244
9688,3529
9689,1285
9690,1638
9691,1227
9692,1243
9693,1167
9694,1169
9695,1324
9696,2417
9697,1599
9698,1200
9699,1430
9700,14416
9701,2336
9702,1621
9703,1442
9704,1519
9705,1526
9706,1574
9707,1648
9708,1423
9709,1651
9710,1742
9711,1933
9712,1692
9713,1276
9714,1525
9715,1291
9716,1314
9717,1270
9718,1146
9719,1216
9720,1974
9721,1407
9722,1471
9723,1272
9724,1336
9725,1572
9726,1385
9727,1355
9728,1699
9729,1492
9730,1434
9731,1222
9732,1210
9733,3646
9734,1898
9735,1799
9736,1359
9737,1308
9738,1224
9739,1197
9740,1510
9741,1692
9742,1221
9743,1525
9744,2413
9745,1796
9746,1138
9747,1439
9748,1308
9749,1201
9750,2998
9751,1381
9752,1361
9753,1353
9754,1186
9755,1605
9756,1278
9757,1258
9758,1346
9759,1148
9760,1657
9761,1326
9762,1190
9763,1411
9764,1205
9765,1310
9766,1624
9767,1470
9768,1130
9769,1136
9770,1601
9771,1363
9772,1317
9773,1275
9774,1135
9775,1616
9776,2245
9777,2126
9778,1547
9779,1491
9780,2758
9781,1309
9782,1231
9783,1297
9784,1169
9785,1521
9786,1253
9787,1374
9788,1332
9789,1323
9790,2108
9791,1318
9792,1716
9793,2294
9794,1315
9795,1442
9796,2845
9797,1917
9798,1439
9799,1632
9800,16051
9801,3117
9802,2064
9803,1580
9804,1566
9805,1674
9806,1506
9807,1529
9808,1555
9809,1345
9810,3625
9811,1625
9812,1373
9813,1408
9814,1255
9815,1515
9816,1423
9817,1310
9818,1397
9819,1251
9820,2629
9821,1558
9822,1930
9823,1310
9824,1498
9825,2012
9826,1276
9827,1484
9828,1430
9829,1621
9830,1925
9831,1371
9832,1655
9833,1802
9834,1444
9835,1784
9836,1287
9837,1365
9838,1398
9839,1477
9840,1805
9841,1525
9842,1483
9843,1436
9844,1486
9845,1560
9846,1265
9847,1224
9848,1380
9849,1280
9850,2943
9851,1443
9852,1338
9853,1429
9854,1280
9855,1579
9856,1300
9857,1474
9858,1301
9859,1376
9860,3389
9861,1843
9862,1218
9863,1269
9864,1357
9865,1565
9866,1335
9867,1334
9868,1468
9869,1254
9870,1755
9871,1467
9872,1488
9873,1370
9874,1245
9875,1941
9876,6084
9877,1870
9878,1420
9879,1453
9880,1935
9881,1371
9882,1261
9883,1304
9884,1199
9885,1395
9886,1280
9887,1557
9888,2380
9889,1962
9890,1846
9891,1327
9892,1172
9893,1185
9894,1200
9895,2010
9896,1194
9897,1319
9898,2818
9899,2471
9900,18806
9901,3243
9902,1837
9903,1847
9904,1863
9905,1728
9906,1470
9907,1705
9908,1499
9909,1644
9910,2056
9911,2147
9912,1734
9913,1715
9914,1302
9915,1541
9916,1350
9917,1501
9918,1359
9919,1665
9920,2102
9921,1490
9922,1887
9923,1451
9924,1250
9925,2027
9926,1773
9927,1250
9928,1346
9929,1567
9930,2755
9931,1588
9932,1615
9933,2640
9934,1419
9935,1520
9936,1388
9937,1371
9938,1498
9939,1868
9940,1698
9941,1351
9942,1243
9943,1237
9944,1996
9945,1681
9946,1308
9947,1760
9948,1352
9949,1689
9950,2628
9951,1638
9952,1454
9953,1352
9954,1458
9955,2016
9956,1453
9957,1311
9958,1425
9959,1687
9960,2738
9961,1839
9962,1360
9963,1371
9964,1461
9965,1936
9966,2157
9967,1581
9968,1541
9969,1471
9970,1639
9971,1698
9972,1578
9973,1780
9974,1317
9975,2186
9976,1520
9977,1780
9978,1766
9979,1612
9980,2414
9981,2447
9982,1885
9983,1952
9984,2529
9985,2086
9986,1840
9987,2280
9988,3179
9989,2804
9990,4921
9991,3436
9992,2829
9993,2973
9994,3087
9995,4735
9996,3777
9997,4295
9998,6305
9999,114068
10000,338196
