number,count
0,164854460
1,181845385
2,130154311
3,85563587
4,64742274
5,68284604
6,43445016
7,36595013
8,36796128
9,28454824
10,49111299
11,20944185
12,25973373
13,14458750
14,14782235
15,21097121
16,15227458
17,11869596
18,13701321
19,14298394
20,24417429
21,10332854
22,9870938
23,8739044
24,12495176
25,14492829
26,7396032
27,7199896
28,7523330
29,6524477
30,21613722
31,6512922
32,6044626
33,4425106
34,4099298
35,5862206
36,4222809
37,3717754
38,3502443
39,4146942
40,10210280
41,3037897
42,3522261
43,2922720
44,3166130
45,5616806
46,2734507
47,2709344
48,3702091
49,2842996
50,15251983
51,2642709
52,2854795
53,2411421
54,2504876
55,3353150
56,2453339
57,2192940
58,2333374
59,2344640
60,7447403
61,1678448
62,1774497
63,1724732
64,3060145
65,2841691
66,1766375
67,1652368
68,1605515
69,1517890
70,4734857
71,1452162
72,2007328
73,1450986
74,1443766
75,3995494
76,1432815
77,1407231
78,1410698
79,1318043
80,5514954
81,1345286
82,1368380
83,1371718
84,1394256
85,2115756
86,1312906
87,1265775
88,1432713
89,1320357
90,5335382
91,1285650
92,1327527
93,1451322
94,1264159
95,3499647
96,1541546
97,1389097
98,1540687
99,3816275
100,17803848
101,1279039
102,767043
103,662583
104,702296
105,845829
106,659432
107,585369
108,635187
109,558647
110,1227131
111,747563
112,630989
113,500575
114,558129
115,680219
116,541493
117,487297
118,479934
119,471603
120,1957548
121,506260
122,495460
123,750121
124,467625
125,1042832
126,445002
127,798172
128,1012715
129,419707
130,993133
131,401819
132,433883
133,389164
134,370103
135,562589
136,373987
137,367869
138,363156
139,360114
140,954309
141,354125
142,344259
143,346204
144,434050
145,467273
146,323107
147,333060
148,321409
149,357346
150,2803929
151,334898
152,341758
153,320504
154,309111
155,406360
156,315415
157,301133
158,290857
159,290533
160,1133485
161,302449
162,310742
163,290368
164,290202
165,412977
166,277007
167,282250
168,568269
169,301056
170,628331
171,272341
172,442318
173,264279
174,269025
175,521784
176,283705
177,272834
178,261818
179,272307
180,1269738
181,252870
182,284717
183,322295
184,258184
185,357779
186,244942
187,255836
188,251942
189,257559
190,467816
191,267587
192,609136
193,244452
194,224265
195,321401
196,241684
197,235889
198,237216
199,331899
200,6259115
201,431920
202,388154
203,315344
204,343421
205,353041
206,301890
207,278650
208,302314
209,247768
210,495112
211,277520
212,341329
213,243965
214,259530
215,338045
216,265556
217,236196
218,231267
219,223442
220,619098
221,251817
222,316779
223,263477
224,324057
225,457205
226,230802
227,230978
228,245626
229,231913
230,476870
231,263521
232,261113
233,274740
234,237353
235,288953
236,205757
237,208230
238,216954
239,214263
240,652952
241,213503
242,220516
243,229816
244,218627
245,271582
246,210402
247,216813
248,220926
249,224220
250,2236232
251,211337
252,262324
253,206472
254,258850
255,1755482
256,722645
257,180319
258,166778
259,162359
260,381311
261,167823
262,185157
263,169540
264,229859
265,226511
266,164802
267,167286
268,159120
269,165291
270,402050
271,160436
272,172959
273,184196
274,156248
275,298397
276,159779
277,162533
278,153666
279,159849
280,384879
281,163238
282,150930
283,150618
284,149487
285,207742
286,149442
287,156385
288,180564
289,153332
290,246920
291,139422
292,145704
293,163210
294,140131
295,196269
296,143222
297,146117
298,150224
299,225493
300,3953027
301,292962
302,241459
303,237208
304,239168
305,225770
306,175120
307,169899
308,212152
309,153796
310,307966
311,190027
312,204820
313,165916
314,170472
315,227322
316,167457
317,154632
318,150309
319,152671
320,431821
321,179174
322,165166
323,166507
324,152632
325,279353
326,140106
327,147367
328,142857
329,137604
330,344798
331,141569
332,138136
333,279415
334,137364
335,180714
336,159029
337,137950
338,136356
339,125682
340,270812
341,137371
342,136775
343,152890
344,135169
345,190524
346,127483
347,133070
348,124877
349,140520
350,1078005
351,141341
352,145214
353,134791
354,127237
355,161843
356,134659
357,150972
358,124366
359,123258
360,1156834
361,129337
362,119384
363,124727
364,126949
365,695907
366,130614
367,119129
368,120081
369,115028
370,223572
371,120579
372,118849
373,121844
374,108689
375,320587
376,122906
377,373088
378,108570
379,111591
380,246266
381,111567
382,107823
383,112956
384,153246
385,145594
386,121180
387,110003
388,106932
389,110461
390,182525
391,107385
392,110380
393,103506
394,96249
395,144688
396,104885
397,102795
398,98504
399,160591
400,3212712
401,381912
402,145480
403,233794
404,480866
405,186609
406,136561
407,130506
408,138093
409,125975
410,224355
411,136359
412,137201
413,114276
414,127505
415,163605
416,143441
417,116765
418,105934
419,116492
420,267384
421,115878
422,136076
423,112008
424,113059
425,208488
426,102459
427,108186
428,100582
429,121776
430,192223
431,103133
432,122254
433,108879
434,99599
435,135976
436,96571
437,95310
438,99090
439,92147
440,220207
441,103457
442,103591
443,187803
444,142686
445,116499
446,89032
447,94718
448,103938
449,103313
450,660641
451,117991
452,92429
453,92898
454,107429
455,120174
456,138947
457,104165
458,103345
459,88938
460,186255
461,93834
462,92312
463,89273
464,95045
465,115625
466,87788
467,89156
468,93307
469,90573
470,159295
471,91444
472,88965
473,90623
474,84019
475,144827
476,92131
477,88979
478,85669
479,90623
480,296846
481,84229
482,86232
483,91380
484,87637
485,123841
486,97589
487,83408
488,121392
489,82338
490,140649
491,81217
492,81418
493,81151
494,80706
495,134988
496,85236
497,83683
498,85742
499,161755
500,6375247
501,285725
502,134082
503,142280
504,146437
505,135760
506,103739
507,95960
508,125407
509,113035
510,191013
511,109967
512,407161
513,92943
514,96974
515,114092
516,93083
517,89376
518,93183
519,87609
520,189356
521,95033
522,89957
523,87259
524,84801
525,141106
526,84025
527,84595
528,88552
529,118094
530,169327
531,82891
532,95420
533,86558
534,80427
535,102799
536,82987
537,129432
538,80831
539,75783
540,181604
541,90894
542,79462
543,80116
544,80474
545,93917
546,77739
547,74225
548,73523
549,82895
550,384312
551,78703
552,82461
553,76282
554,73420
555,167315
556,82874
557,71036
558,71281
559,74113
560,180144
561,85880
562,81200
563,74590
564,72926
565,87811
566,70622
567,79669
568,74011
569,69318
570,142504
571,80271
572,68533
573,76757
574,72354
575,115806
576,84830
577,74719
578,65511
579,69711
580,155119
581,73215
582,67648
583,70692
584,67169
585,89997
586,73767
587,79230
588,70473
589,66897
590,111280
591,65233
592,66134
593,64977
594,69090
595,91228
596,64263
597,65548
598,65509
599,104456
600,2117088
601,112096
602,96350
603,93383
604,97956
605,94390
606,86919
607,77130
608,86905
609,84330
610,142474
611,75553
612,91494
613,87783
614,77526
615,98953
616,87041
617,99165
618,84343
619,77132
620,150872
621,74779
622,74388
623,70755
624,79006
625,180768
626,79800
627,67958
628,68513
629,64909
630,152105
631,74539
632,75153
633,75433
634,64644
635,82219
636,76651
637,64162
638,64047
639,71057
640,217908
641,68069
642,81066
643,66233
644,88240
645,85540
646,73090
647,74471
648,67677
649,75658
650,397380
651,76108
652,66044
653,61216
654,62477
655,75340
656,69506
657,61847
658,60784
659,60772
660,142836
661,67994
662,71300
663,61951
664,66014
665,73987
666,145432
667,85864
668,63902
669,59685
670,107859
671,61823
672,66481
673,61089
674,58807
675,102310
676,60656
677,64302
678,69955
679,69299
680,133219
681,57420
682,60944
683,59567
684,60128
685,69188
686,62656
687,61634
688,63276
689,56857
690,95352
691,58329
692,59360
693,57390
694,55769
695,76196
696,58735
697,55300
698,55596
699,84717
700,1440622
701,92629
702,94748
703,87332
704,83137
705,82928
706,74838
707,92667
708,71251
709,66998
710,112554
711,74845
712,70527
713,73938
714,77027
715,80845
716,67795
717,73152
718,86022
719,63416
720,211257
721,66954
722,74327
723,60134
724,66064
725,92300
726,59256
727,78723
728,67131
729,61284
730,111483
731,62463
732,74468
733,62823
734,63261
735,70476
736,58157
737,133569
738,54460
739,54956
740,110339
741,59331
742,58334
743,56317
744,64332
745,76789
746,55151
747,105359
748,61495
749,62858
750,599214
751,61536
752,60690
753,58603
754,63016
755,97369
756,57411
757,76370
758,52666
759,52210
760,121008
761,56393
762,58086
763,56833
764,55306
765,75878
766,55660
767,76638
768,115309
769,54626
770,113946
771,57048
772,59554
773,64924
774,56550
775,92035
776,59219
777,183928
778,59526
779,52823
780,118471
781,62884
782,56180
783,54193
784,62902
785,68969
786,59457
787,98985
788,55315
789,69088
790,81589
791,51199
792,57516
793,50502
794,51504
795,67745
796,50754
797,52915
798,51756
799,80953
800,2142598
801,99308
802,231230
803,68188
804,67635
805,79340
806,60784
807,58308
808,104514
809,55753
810,105316
811,62909
812,69484
813,64191
814,60303
815,76422
816,63174
817,60431
818,64263
819,53584
820,107815
821,59355
822,58112
823,54944
824,56923
825,83619
826,54545
827,53223
828,65340
829,54670
830,98365
831,56791
832,63251
833,77412
834,50713
835,65331
836,52027
837,51712
838,50790
839,49750
840,117162
841,54316
842,54207
843,63543
844,78621
845,92932
846,52373
847,63130
848,55498
849,52185
850,285365
851,51075
852,59738
853,52914
854,53223
855,104168
856,58929
857,52097
858,59321
859,53787
860,101045
861,50330
862,49927
863,53825
864,63552
865,67683
866,133394
867,52102
868,52179
869,47525
870,96375
871,54270
872,51556
873,49575
874,49310
875,110941
876,54042
877,123104
878,47398
879,47075
880,103227
881,48222
882,50173
883,52592
884,47872
885,60506
886,52430
887,50042
888,252626
889,50804
890,75273
891,49227
892,47944
893,50034
894,45499
895,61628
896,52741
897,46346
898,49211
899,66811
900,954107
901,81461
902,64960
903,57397
904,62517
905,72396
906,55133
907,60467
908,57908
909,62732
910,84288
911,404388
912,63375
913,53996
914,61714
915,63450
916,64359
917,61675
918,60087
919,66800
920,117632
921,51434
922,56364
923,50922
924,57214
925,91643
926,48039
927,47444
928,60213
929,51848
930,87850
931,50933
932,48788
933,50288
934,46397
935,57331
936,50575
937,54227
938,46641
939,48600
940,82682
941,56273
942,47827
943,46367
944,53916
945,58461
946,45169
947,44909
948,43681
949,59937
950,193040
951,53699
952,51921
953,45998
954,56508
955,54407
956,47458
957,46184
958,42946
959,46712
960,124029
961,45754
962,48016
963,48578
964,46611
965,55478
966,46967
967,46246
968,48571
969,47780
970,97328
971,52153
972,60475
973,59311
974,46458
975,71500
976,48449
977,47394
978,199844
979,45773
980,103308
981,45674
982,44279
983,44095
984,46141
985,57421
986,44802
987,51785
988,51376
989,51880
990,134339
991,54157
992,53428
993,53032
994,47782
995,102732
996,59372
997,62470
998,64151
999,419738
1000,2831466
1001,128841
1002,99662
1003,40549
1004,34537
1005,35756
1006,34526
1007,113780
1008,30497
1009,26229
1010,70484
1011,41644
1012,33582
1013,28177
1014,28349
1015,33381
1016,217628
1017,33826
1018,25844
1019,22528
1020,53133
1021,41552
1022,24610
1023,43342
1024,410412
1025,30996
1026,22253
1027,20828
1028,20547
1029,32213
1030,41851
1031,38211
1032,21315
1033,26023
1034,19004
1035,23504
1036,18047
1037,23974
1038,76583
1039,21326
1040,58477
1041,20480
1042,21620
1043,18696
1044,20792
1045,24375
1046,24552
1047,18014
1048,20527
1049,19687
1050,69910
1051,21267
1052,19081
1053,21134
1054,23359
1055,25078
1056,27057
1057,18617
1058,16974
1059,17217
1060,45222
1061,17858
1062,18374
1063,22919
1064,24586
1065,21064
1066,36753
1067,19754
1068,19323
1069,16636
1070,45784
1071,18787
1072,22425
1073,31289
1074,23827
1075,20942
1076,17518
1077,21467
1078,17536
1079,17234
1080,176906
1081,18821
1082,17040
1083,18925
1084,18117
1085,20885
1086,30990
1087,17964
1088,33197
1089,22127
1090,29005
1091,16850
1092,16324
1093,54220
1094,17437
1095,28868
1096,19016
1097,38498
1098,26755
1099,72756
1100,194616
1101,51317
1102,24896
1103,31567
1104,22332
1105,24476
1106,19624
1107,21444
1108,20321
1109,38496
1110,35157
1111,126113
1112,23328
1113,20060
1114,18226
1115,24584
1116,18193
1117,19146
1118,18585
1119,17059
1120,34138
1121,19041
1122,22201
1123,18917
1124,17286
1125,24190
1126,27880
1127,17194
1128,29677
1129,15753
1130,30695
1131,17216
1132,16678
1133,16535
1134,15392
1135,18193
1136,29797
1137,18337
1138,16499
1139,15903
1140,25117
1141,15475
1142,18158
1143,15520
1144,16094
1145,45970
1146,18790
1147,15138
1148,14929
1149,17676
1150,43568
1151,18552
1152,24892
1153,15504
1154,15148
1155,27699
1156,15512
1157,15261
1158,17740
1159,18200
1160,22283
1161,19563
1162,15590
1163,15202
1164,16287
1165,15309
1166,14680
1167,17894
1168,13510
1169,14666
1170,25740
1171,15570
1172,18238
1173,15486
1174,13425
1175,22252
1176,17528
1177,35082
1178,12949
1179,15789
1180,22632
1181,14403
1182,16759
1183,14601
1184,14229
1185,18406
1186,54667
1187,14833
1188,16206
1189,16284
1190,20714
1191,15364
1192,17304
1193,13880
1194,16635
1195,14676
1196,13113
1197,14138
1198,15628
1199,23469
1200,430254
1201,28558
1202,25526
1203,18870
1204,23988
1205,20307
1206,21147
1207,18841
1208,18181
1209,17608
1210,28528
1211,20150
1212,28246
1213,19426
1214,18529
1215,26343
1216,19041
1217,15827
1218,15474
1219,15864
1220,27706
1221,19487
1222,20723
1223,20464
1224,17614
1225,23929
1226,16083
1227,17263
1228,15159
1229,15629
1230,29344
1231,18525
1232,17046
1233,15347
1234,137542
1235,20502
1236,15240
1237,14784
1238,14346
1239,14890
1240,26561
1241,16085
1242,18282
1243,16197
1244,17910
1245,20109
1246,15208
1247,13543
1248,16051
1249,15284
1250,73608
1251,17462
1252,28114
1253,16860
1254,16684
1255,16814
1256,16308
1257,15876
1258,15529
1259,15369
1260,31356
1261,14824
1262,12690
1263,14471
1264,13840
1265,15717
1266,13887
1267,14228
1268,13499
1269,12153
1270,22807
1271,15643
1272,14676
1273,21457
1274,15827
1275,20787
1276,13322
1277,13760
1278,13650
1279,17147
1280,74907
1281,13424
1282,13895
1283,14193
1284,15209
1285,15490
1286,12086
1287,13445
1288,13047
1289,13154
1290,23315
1291,16949
1292,15142
1293,13325
1294,12866
1295,17867
1296,18608
1297,13349
1298,13397
1299,17648
1300,204050
1301,48707
1302,20247
1303,17851
1304,17716
1305,19513
1306,16362
1307,34643
1308,16222
1309,15998
1310,23823
1311,16909
1312,17850
1313,20803
1314,16448
1315,17971
1316,15013
1317,14557
1318,13251
1319,12987
1320,28617
1321,15824
1322,14972
1323,15496
1324,15322
1325,24713
1326,15182
1327,16064
1328,14293
1329,13830
1330,24567
1331,16464
1332,21840
1333,22787
1334,15368
1335,15756
1336,14187
1337,35052
1338,13378
1339,12492
1340,23303
1341,14390
1342,14637
1343,14714
1344,19142
1345,16790
1346,14606
1347,14638
1348,16212
1349,14992
1350,46511
1351,14523
1352,12807
1353,14156
1354,12112
1355,14415
1356,12671
1357,13184
1358,12001
1359,12515
1360,21161
1361,13422
1362,12581
1363,12777
1364,14936
1365,26236
1366,23451
1367,14164
1368,17469
1369,12556
1370,18704
1371,56625
1372,15035
1373,15515
1374,11786
1375,16268
1376,12065
1377,15267
1378,12584
1379,11772
1380,20495
1381,13777
1382,13374
1383,12408
1384,12529
1385,15013
1386,14369
1387,12633
1388,12764
1389,13611
1390,17077
1391,12748
1392,15539
1393,11622
1394,18607
1395,14601
1396,12238
1397,13270
1398,13213
1399,17668
1400,181902
1401,23152
1402,17889
1403,15507
1404,18957
1405,18996
1406,15698
1407,14162
1408,16869
1409,14086
1410,22716
1411,15537
1412,15241
1413,13106
1414,16040
1415,22154
1416,14609
1417,12773
1418,12602
1419,12764
1420,24763
1421,14114
1422,15016
1423,14717
1424,13889
1425,17276
1426,11504
1427,12464
1428,13518
1429,14104
1430,23395
1431,15006
1432,14245
1433,19221
1434,13654
1435,17560
1436,12662
1437,12923
1438,13131
1439,13545
1440,59983
1441,18105
1442,13628
1443,12838
1444,15256
1445,14946
1446,12786
1447,12145
1448,11615
1449,12016
1450,43573
1451,13688
1452,14554
1453,20284
1454,11575
1455,17501
1456,12584
1457,11565
1458,11781
1459,12019
1460,22176
1461,15105
1462,12583
1463,12294
1464,12507
1465,12898
1466,11391
1467,13812
1468,12759
1469,14591
1470,18537
1471,25519
1472,15763
1473,14308
1474,11778
1475,18437
1476,13489
1477,13338
1478,12722
1479,11851
1480,21654
1481,11650
1482,13717
1483,18195
1484,12790
1485,17319
1486,11742
1487,11711
1488,12876
1489,11638
1490,17645
1491,13949
1492,30787
1493,15780
1494,15157
1495,15051
1496,11875
1497,13849
1498,13739
1499,17505
1500,579478
1501,26094
1502,21621
1503,18941
1504,18035
1505,19072
1506,17578
1507,15278
1508,15520
1509,17884
1510,23380
1511,19087
1512,18499
1513,16617
1514,15077
1515,24412
1516,17705
1517,18806
1518,18215
1519,18545
1520,39787
1521,24194
1522,16888
1523,17400
1524,17787
1525,22929
1526,17181
1527,16559
1528,15054
1529,15435
1530,28252
1531,15006
1532,15638
1533,16190
1534,17063
1535,21774
1536,31830
1537,14702
1538,17431
1539,16853
1540,29508
1541,17963
1542,18269
1543,16434
1544,13601
1545,18931
1546,15012
1547,18187
1548,14568
1549,16845
1550,45050
1551,16232
1552,15943
1553,18251
1554,14105
1555,19896
1556,15602
1557,15865
1558,18490
1559,20136
1560,25914
1561,14891
1562,15995
1563,15364
1564,18185
1565,18168
1566,15115
1567,15183
1568,15317
1569,14600
1570,22081
1571,16388
1572,17020
1573,15281
1574,13468
1575,18932
1576,14538
1577,14727
1578,13885
1579,13280
1580,23697
1581,14748
1582,18331
1583,14911
1584,15789
1585,17257
1586,14938
1587,15423
1588,18755
1589,14177
1590,23530
1591,18801
1592,17905
1593,14877
1594,15353
1595,16519
1596,16321
1597,15810
1598,18470
1599,19968
1600,263370
1601,26676
1602,22731
1603,34010
1604,25555
1605,24914
1606,21767
1607,25891
1608,21497
1609,24709
1610,31211
1611,25128
1612,21541
1613,18064
1614,17496
1615,19307
1616,22317
1617,17327
1618,19539
1619,24240
1620,35276
1621,20849
1622,18270
1623,21319
1624,18286
1625,24618
1626,16965
1627,15843
1628,18661
1629,17471
1630,31110
1631,17706
1632,20123
1633,18941
1634,20080
1635,21430
1636,18849
1637,18505
1638,20786
1639,18222
1640,55230
1641,20010
1642,25831
1643,19649
1644,25623
1645,20368
1646,22787
1647,16523
1648,23945
1649,20354
1650,56941
1651,18803
1652,17521
1653,16807
1654,17662
1655,18998
1656,18442
1657,16127
1658,17152
1659,16389
1660,44517
1661,19953
1662,20146
1663,17639
1664,20233
1665,22315
1666,23849
1667,22230
1668,16775
1669,16623
1670,25377
1671,15498
1672,18897
1673,16298
1674,16475
1675,21202
1676,16902
1677,16461
1678,16311
1679,16310
1680,33200
1681,17457
1682,17833
1683,18621
1684,16815
1685,22648
1686,16138
1687,17289
1688,25888
1689,23908
1690,25602
1691,16862
1692,21425
1693,16407
1694,16627
1695,18410
1696,16494
1697,17119
1698,16224
1699,19862
1700,158877
1701,31497
1702,23054
1703,24431
1704,21974
1705,20950
1706,21918
1707,26568
1708,21875
1709,24593
1710,29382
1711,23662
1712,20173
1713,19267
1714,21489
1715,25490
1716,18992
1717,22490
1718,20884
1719,18577
1720,31880
1721,20112
1722,21679
1723,21353
1724,19368
1725,23292
1726,19372
1727,21322
1728,23677
1729,19156
1730,31887
1731,18748
1732,21177
1733,21262
1734,20870
1735,21975
1736,19693
1737,20573
1738,20214
1739,19226
1740,31906
1741,22013
1742,21514
1743,21968
1744,21336
1745,27912
1746,21845
1747,20213
1748,23713
1749,22910
1750,69550
1751,22822
1752,25446
1753,24942
1754,25006
1755,32259
1756,26366
1757,27541
1758,30075
1759,27014
1760,38953
1761,23412
1762,25065
1763,33143
1764,26066
1765,29505
1766,25967
1767,25231
1768,26917
1769,28946
1770,43730
1771,26494
1772,30214
1773,28820
1774,35245
1775,56272
1776,80483
1777,40770
1778,35577
1779,31645
1780,48747
1781,35450
1782,36089
1783,43030
1784,35630
1785,36363
1786,33015
1787,47875
1788,43546
1789,68845
1790,59486
1791,46101
1792,53112
1793,47889
1794,42397
1795,45375
1796,41991
1797,41666
1798,48047
1799,45563
1800,358789
1801,56521
1802,48392
1803,61024
1804,53223
1805,50576
1806,52340
1807,46009
1808,48043
1809,57922
1810,61634
1811,48415
1812,100246
1813,50471
1814,56394
1815,73265
1816,50443
1817,49321
1818,56366
1819,55324
1820,83819
1821,59455
1822,50976
1823,48834
1824,57093
1825,62076
1826,51556
1827,51318
1828,56993
1829,55259
1830,103873
1831,60830
1832,69979
1833,63208
1834,63366
1835,71366
1836,74135
1837,77347
1838,67718
1839,70377
1840,111568
1841,74526
1842,71126
1843,69993
1844,74163
1845,81458
1846,80189
1847,80364
1848,106615
1849,83700
1850,166553
1851,96844
1852,79410
1853,79561
1854,88090
1855,89197
1856,88409
1857,97104
1858,89530
1859,95251
1860,160675
1861,150544
1862,132472
1863,132611
1864,136909
1865,153668
1866,100897
1867,109024
1868,106080
1869,100441
1870,157148
1871,116539
1872,106982
1873,99639
1874,96423
1875,118474
1876,110173
1877,99002
1878,101264
1879,103923
1880,176401
1881,123995
1882,119342
1883,116772
1884,113928
1885,125754
1886,120418
1887,121558
1888,129400
1889,131006
1890,184841
1891,134289
1892,129992
1893,133245
1894,124521
1895,147788
1896,139870
1897,133446
1898,147514
1899,147881
1900,405613
1901,195235
1902,161142
1903,174833
1904,172874
1905,192472
1906,179962
1907,174584
1908,191701
1909,181502
1910,259655
1911,250778
1912,226059
1913,213671
1914,294799
1915,235108
1916,231011
1917,284457
1918,309881
1919,255142
1920,426319
1921,211568
1922,218652
1923,208824
1924,208130
1925,221821
1926,214696
1927,218054
1928,227049
1929,262212
1930,353045
1931,218947
1932,234205
1933,285046
1934,252512
1935,257494
1936,272617
1937,270275
1938,282985
1939,360126
1940,420270
1941,340309
1942,332421
1943,304201
1944,351671
1945,496474
1946,323916
1947,352392
1948,388760
1949,334756
1950,530201
1951,302423
1952,321800
1953,334502
1954,344628
1955,354709
1956,371787
1957,370813
1958,373931
1959,386954
1960,618210
1961,428573
1962,456078
1963,472247
1964,528001
1965,539430
1966,508169
1967,590904
1968,629575
1969,624396
1970,858454
1971,609404
1972,660576
1973,654364
1974,644724
1975,694766
1976,687239
1977,667299
1978,712617
1979,782722
1980,1043981
1981,760823
1982,811472
1983,826800
1984,943737
1985,933032
1986,980534
1987,977258
1988,1043928
1989,1160579
1990,1487987
1991,1278328
1992,1391732
1993,1404358
1994,1553543
1995,1688549
1996,1807022
1997,1899936
1998,2085494
1999,2472031
2000,4207334
2001,2991078
2002,2967464
2003,3378018
2004,3659043
2005,4153464
2006,4650698
2007,5528332
2008,6684340
2009,6265061
2010,7300156
2011,7311398
2012,8362536
2013,8392959
2014,8456296
2015,8623391
2016,9277918
2017,9656534
2018,10146860
2019,9532150
2020,9894754
2021,6919083
2022,4290705
2023,800072
2024,272999
2025,298107
2026,118031
2027,85360
2028,67555
2029,37208
2030,369754
2031,31328
2032,27633
2033,21132
2034,15835
2035,52177
2036,17852
2037,13582
2038,14241
2039,11550
2040,69593
2041,14349
2042,17928
2043,9333
2044,10332
2045,23143
2046,11425
2047,15397
2048,120939
2049,22457
2050,191788
2051,9854
2052,10787
2053,8278
2054,7866
2055,10879
2056,9011
2057,7342
2058,9512
2059,7329
2060,34278
2061,8961
2062,7442
2063,10412
2064,8103
2065,9517
2066,7584
2067,7640
2068,7392
2069,7282
2070,27757
2071,8731
2072,8263
2073,7515
2074,8718
2075,9856
2076,7977
2077,33792
2078,6657
2079,7072
2080,33013
2081,7102
2082,6248
2083,7108
2084,7140
2085,6994
2086,6273
2087,6736
2088,7129
2089,6163
2090,10119
2091,6108
2092,6194
2093,6299
2094,6069
2095,6868
2096,6308
2097,6461
2098,5931
2099,15505
2100,116930
2101,13945
2102,11845
2103,11064
2104,11141
2105,15920
2106,11522
2107,9454
2108,9795
2109,8810
2110,39198
2111,31134
2112,16936
2113,9173
2114,8700
2115,10871
2116,8779
2117,7694
2118,9154
2119,8178
2120,12871
2121,14062
2122,9074
2123,7420
2124,6954
2125,9314
2126,7283
2127,6044
2128,6388
2129,6204
2130,11760
2131,7730
2132,6645
2133,10485
2134,7796
2135,7422
2136,6503
2137,8464
2138,8347
2139,10666
2140,11102
2141,8092
2142,8714
2143,7385
2144,6237
2145,7356
2146,5414
2147,7724
2148,6908
2149,6088
2150,16625
2151,7603
2152,6561
2153,6338
2154,6933
2155,8832
2156,6086
2157,6351
2158,5538
2159,5561
2160,25665
2161,6790
2162,5742
2163,5705
2164,6790
2165,7418
2166,6283
2167,5833
2168,5518
2169,5712
2170,8332
2171,6207
2172,6142
2173,5431
2174,7265
2175,7606
2176,6107
2177,5609
2178,5676
2179,5226
2180,8125
2181,14712
2182,5520
2183,5365
2184,5603
2185,5562
2186,4814
2187,6598
2188,5150
2189,4837
2190,7458
2191,6463
2192,5875
2193,6207
2194,5174
2195,6663
2196,6564
2197,5644
2198,5071
2199,8454
2200,86682
2201,15777
2202,11789
2203,11136
2204,10440
2205,13629
2206,8218
2207,6942
2208,7646
2209,6455
2210,10918
2211,9372
2212,11456
2213,6314
2214,6619
2215,10442
2216,6887
2217,6883
2218,6095
2219,6064
2220,10662
2221,7836
2222,28618
2223,8344
2224,7732
2225,9416
2226,5980
2227,6706
2228,6310
2229,6445
2230,10481
2231,7793
2232,6601
2233,8396
2234,6108
2235,6462
2236,6640
2237,5801
2238,5139
2239,5541
2240,10259
2241,7599
2242,6189
2243,6072
2244,7740
2245,6771
2246,5764
2247,5381
2248,5716
2249,6031
2250,21333
2251,7210
2252,6079
2253,6682
2254,11341
2255,14549
2256,6344
2257,6786
2258,5231
2259,5612
2260,7998
2261,6242
2262,5675
2263,5291
2264,6932
2265,6456
2266,5753
2267,6020
2268,5503
2269,5302
2270,6935
2271,5332
2272,6830
2273,6906
2274,4956
2275,6295
2276,5272
2277,6763
2278,6282
2279,4810
2280,11134
2281,6998
2282,5282
2283,5439
2284,5630
2285,5682
2286,5116
2287,6076
2288,6256
2289,4825
2290,7998
2291,5363
2292,5158
2293,5164
2294,4679
2295,5723
2296,5441
2297,4735
2298,4841
2299,6481
2300,66587
2301,9735
2302,7262
2303,6429
2304,10378
2305,7916
2306,5795
2307,13739
2308,6541
2309,5682
2310,10397
2311,8084
2312,8351
2313,6345
2314,6500
2315,6596
2316,5809
2317,6668
2318,5382
2319,6804
2320,9551
2321,6569
2322,6793
2323,9306
2324,6464
2325,6972
2326,5692
2327,5653
2328,5185
2329,5322
2330,8902
2331,6111
2332,5908
2333,8174
2334,6887
2335,5779
2336,5612
2337,7449
2338,4820
2339,5612
2340,19511
2341,6278
2342,6061
2343,5420
2344,6041
2345,15624
2346,5173
2347,6005
2348,5226
2349,5522
2350,12468
2351,5433
2352,6455
2353,5349
2354,5276
2355,5944
2356,5728
2357,6163
2358,4937
2359,6595
2360,7283
2361,5146
2362,5205
2363,4903
2364,5196
2365,5338
2366,5742
2367,5235
2368,6350
2369,5247
2370,6498
2371,5497
2372,5320
2373,5304
2374,4855
2375,8281
2376,6441
2377,5695
2378,4916
2379,9591
2380,9704
2381,6287
2382,4789
2383,5147
2384,4788
2385,5192
2386,4722
2387,4677
2388,4919
2389,4845
2390,5575
2391,6021
2392,5484
2393,4590
2394,4676
2395,5913
2396,4797
2397,4526
2398,4713
2399,6041
2400,96792
2401,10071
2402,6994
2403,7041
2404,6176
2405,6239
2406,5316
2407,6083
2408,5961
2409,5461
2410,7758
2411,6167
2412,8341
2413,5757
2414,5598
2415,6301
2416,5528
2417,5357
2418,4870
2419,5548
2420,8295
2421,5396
2422,6307
2423,5630
2424,7843
2425,7253
2426,5164
2427,5280
2428,4819
2429,4834
2430,6847
2431,5582
2432,5370
2433,5274
2434,4905
2435,5427
2436,5375
2437,4817
2438,5274
2439,4760
2440,7813
2441,5344
2442,5411
2443,5072
2444,5480
2445,5550
2446,4752
2447,4871
2448,6987
2449,5281
2450,12251
2451,5734
2452,4915
2453,4900
2454,5995
2455,6248
2456,5262
2457,4863
2458,5616
2459,4651
2460,8454
2461,4880
2462,4814
2463,4370
2464,4904
2465,5296
2466,4757
2467,4769
2468,5778
2469,4783
2470,5909
2471,5466
2472,5511
2473,4506
2474,4998
2475,6114
2476,5590
2477,5330
2478,5395
2479,4319
2480,6936
2481,4775
2482,4596
2483,4398
2484,4476
2485,4931
2486,4630
2487,4467
2488,4627
2489,4850
2490,6219
2491,4576
2492,4454
2493,4372
2494,4630
2495,5743
2496,5095
2497,4534
2498,4518
2499,7550
2500,272952
2501,10227
2502,6200
2503,5774
2504,5436
2505,6495
2506,5463
2507,5088
2508,5183
2509,5118
2510,9019
2511,6303
2512,5631
2513,4699
2514,5175
2515,5840
2516,5218
2517,4890
2518,5664
2519,5316
2520,17968
2521,5602
2522,6583
2523,5387
2524,5101
2525,11342
2526,6181
2527,5342
2528,4946
2529,5325
2530,6931
2531,5595
2532,6233
2533,4790
2534,4446
2535,5931
2536,5507
2537,4886
2538,4646
2539,4484
2540,7337
2541,5047
2542,4290
2543,4923
2544,4919
2545,5273
2546,4243
2547,4630
2548,4895
2549,4487
2550,12544
2551,5934
2552,6075
2553,5634
2554,4919
2555,7098
2556,4810
2557,5035
2558,4993
2559,5327
2560,28852
2561,4838
2562,5233
2563,5259
2564,5061
2565,5049
2566,4384
2567,4717
2568,4647
2569,3968
2570,5451
2571,4372
2572,3893
2573,3989
2574,10731
2575,5281
2576,4387
2577,4682
2578,4379
2579,4311
2580,6634
2581,4978
2582,4570
2583,4666
2584,4780
2585,4505
2586,4203
2587,4104
2588,4788
2589,4242
2590,5633
2591,4513
2592,6247
2593,4430
2594,3971
2595,5100
2596,4677
2597,4301
2598,3797
2599,5002
2600,82768
2601,8851
2602,5179
2603,5338
2604,5506
2605,5879
2606,7019
2607,5164
2608,4621
2609,4699
2610,8191
2611,5885
2612,4916
2613,4534
2614,4494
2615,5437
2616,6357
2617,4958
2618,4636
2619,4288
2620,7620
2621,4772
2622,4967
2623,5166
2624,4237
2625,6457
2626,5741
2627,4934
2628,4997
2629,3921
2630,6747
2631,4874
2632,4652
2633,4651
2634,3926
2635,4725
2636,4231
2637,4511
2638,4022
2639,4941
2640,9677
2641,4428
2642,6679
2643,4295
2644,4088
2645,4357
2646,4538
2647,4088
2648,4570
2649,3993
2650,11450
2651,4736
2652,4485
2653,4365
2654,3932
2655,4987
2656,4443
2657,4004
2658,3770
2659,3777
2660,6390
2661,4800
2662,4053
2663,4397
2664,4683
2665,5349
2666,8593
2667,5597
2668,3883
2669,3883
2670,5639
2671,4390
2672,4473
2673,4674
2674,3807
2675,4635
2676,3856
2677,4389
2678,3829
2679,3833
2680,6672
2681,4066
2682,3932
2683,4117
2684,3501
2685,4100
2686,4324
2687,3769
2688,5370
2689,3832
2690,5669
2691,4067
2692,3734
2693,3981
2694,3652
2695,5246
2696,3938
2697,4065
2698,3849
2699,5312
2700,52030
2701,7515
2702,5271
2703,5601
2704,6298
2705,5263
2706,4536
2707,4885
2708,5018
2709,4619
2710,7249
2711,5510
2712,4940
2713,4707
2714,4591
2715,4856
2716,4734
2717,4341
2718,4108
2719,4277
2720,7890
2721,4876
2722,4639
2723,4261
2724,3932
2725,4841
2726,4380
2727,6616
2728,4563
2729,4398
2730,6600
2731,4200
2732,4839
2733,4252
2734,4038
2735,4202
2736,4980
2737,4667
2738,4159
2739,4517
2740,5331
2741,4375
2742,4061
2743,4901
2744,4881
2745,4849
2746,4006
2747,4424
2748,3854
2749,3735
2750,13067
2751,4323
2752,4080
2753,4242
2754,3926
2755,4918
2756,4017
2757,3962
2758,3839
2759,3810
2760,6848
2761,3844
2762,3747
2763,3821
2764,4728
2765,4652
2766,3924
2767,5014
2768,4112
2769,3792
2770,5195
2771,3929
2772,4594
2773,3780
2774,4315
2775,5258
2776,3980
2777,5124
2778,4897
2779,3887
2780,5289
2781,4461
2782,4135
2783,3773
2784,3890
2785,4927
2786,3612
2787,6167
2788,4276
2789,4616
2790,5012
2791,3768
2792,3795
2793,3657
2794,3511
2795,4503
2796,4666
2797,3606
2798,3548
2799,6837
2800,56107
2801,7072
2802,5135
2803,5075
2804,4642
2805,5154
2806,4151
2807,4683
2808,5702
2809,4579
2810,6068
2811,5542
2812,4729
2813,4297
2814,4948
2815,4879
2816,4962
2817,4500
2818,4607
2819,3778
2820,6412
2821,4721
2822,5418
2823,4005
2824,6923
2825,5261
2826,3841
2827,6175
2828,5615
2829,4354
2830,5294
2831,4156
2832,4418
2833,4606
2834,4022
2835,5182
2836,5275
2837,3754
2838,4037
2839,3987
2840,6932
2841,4348
2842,3820
2843,3720
2844,3952
2845,4278
2846,3608
2847,4061
2848,4677
2849,3829
2850,9913
2851,4306
2852,4779
2853,3646
2854,3617
2855,4631
2856,3948
2857,4669
2858,3918
2859,3628
2860,5639
2861,3836
2862,3459
2863,3572
2864,3677
2865,4575
2866,8689
2867,3633
2868,3610
2869,3864
2870,4396
2871,3768
2872,3511
2873,3650
2874,3694
2875,5316
2876,3285
2877,3689
2878,3566
2879,3539
2880,11414
2881,4021
2882,4083
2883,4431
2884,3563
2885,5380
2886,3935
2887,4163
2888,5527
2889,3858
2890,4806
2891,4960
2892,4930
2893,4043
2894,3237
2895,4243
2896,3815
2897,3696
2898,3561
2899,4309
2900,31590
2901,6922
2902,4562
2903,5857
2904,4583
2905,4639
2906,4225
2907,4335
2908,4374
2909,4653
2910,5835
2911,5783
2912,4747
2913,4344
2914,4383
2915,5118
2916,4386
2917,4511
2918,4433
2919,4426
2920,8601
2921,4646
2922,3917
2923,4429
2924,4993
2925,5555
2926,3870
2927,3961
2928,3735
2929,6963
2930,5880
2931,4157
2932,3749
2933,5178
2934,3667
2935,3958
2936,3909
2937,3509
2938,3254
2939,3508
2940,5977
2941,4357
2942,3770
2943,3640
2944,3815
2945,3885
2946,3412
2947,3596
2948,3499
2949,3628
2950,9593
2951,4097
2952,3655
2953,3545
2954,3410
2955,3951
2956,3361
2957,3761
2958,4876
2959,3601
2960,7067
2961,3436
2962,3546
2963,3544
2964,3393
2965,3730
2966,3780
2967,3536
2968,3410
2969,3420
2970,4606
2971,3609
2972,3227
2973,3293
2974,3740
2975,4346
2976,3963
2977,3750
2978,3206
2979,3346
2980,4760
2981,3342
2982,3351
2983,3243
2984,3176
2985,3562
2986,3299
2987,4056
2988,3657
2989,3766
2990,5271
2991,4008
2992,4143
2993,3347
2994,3406
2995,4757
2996,3688
2997,4080
2998,4043
2999,9383
3000,668472
3001,26138
3002,11080
3003,10889
3004,8438
3005,7995
3006,7361
3007,6385
3008,10603
3009,5930
3010,11324
3011,6733
3012,6721
3013,5366
3014,5050
3015,6238
3016,5232
3017,4513
3018,5245
3019,5470
3020,9874
3021,6088
3022,4884
3023,4720
3024,8170
3025,6765
3026,4436
3027,4356
3028,4075
3029,4913
3030,14718
3031,5823
3032,4737
3033,5226
3034,4465
3035,5519
3036,4554
3037,3921
3038,4540
3039,4464
3040,8753
3041,4490
3042,4557
3043,4163
3044,4049
3045,4902
3046,3723
3047,3791
3048,5959
3049,4631
3050,14708
3051,4647
3052,4793
3053,4523
3054,3772
3055,4835
3056,4315
3057,4120
3058,3865
3059,3822
3060,17779
3061,3913
3062,3705
3063,3661
3064,3535
3065,4794
3066,4092
3067,4280
3068,4236
3069,3447
3070,17431
3071,4910
3072,11392
3073,3939
3074,3883
3075,4596
3076,3757
3077,4733
3078,3415
3079,3932
3080,25781
3081,4844
3082,3469
3083,3880
3084,3526
3085,4390
3086,3762
3087,3526
3088,4126
3089,3592
3090,16895
3091,3486
3092,3319
3093,3460
3094,3737
3095,4298
3096,3862
3097,3549
3098,3562
3099,4853
3100,37689
3101,8815
3102,5928
3103,4842
3104,5135
3105,5186
3106,4760
3107,4363
3108,4772
3109,7753
3110,7461
3111,7055
3112,5719
3113,4847
3114,4989
3115,6034
3116,4132
3117,4181
3118,3825
3119,3922
3120,8299
3121,7194
3122,4500
3123,4778
3124,4508
3125,27285
3126,4112
3127,4058
3128,7407
3129,4005
3130,6774
3131,6537
3132,4783
3133,4894
3134,3842
3135,5615
3136,4673
3137,3908
3138,3850
3139,3448
3140,5179
3141,5336
3142,5338
3143,3959
3144,4415
3145,4930
3146,3866
3147,4010
3148,3482
3149,3492
3150,10025
3151,4215
3152,3775
3153,3744
3154,3362
3155,4808
3156,4323
3157,4072
3158,3327
3159,3916
3160,5198
3161,4425
3162,3933
3163,4672
3164,3583
3165,3773
3166,11672
3167,3845
3168,4854
3169,3335
3170,4348
3171,4284
3172,3349
3173,3383
3174,3832
3175,4576
3176,3367
3177,3648
3178,3138
3179,3187
3180,4475
3181,3869
3182,3490
3183,3281
3184,3369
3185,3896
3186,3599
3187,3423
3188,3540
3189,3545
3190,3985
3191,3519
3192,3589
3193,3041
3194,4616
3195,3757
3196,3505
3197,2816
3198,3365
3199,3788
3200,78618
3201,9000
3202,5446
3203,4312
3204,4582
3205,5239
3206,3988
3207,4244
3208,4526
3209,3862
3210,7928
3211,6194
3212,4656
3213,4361
3214,4245
3215,4322
3216,4472
3217,3636
3218,3686
3219,3668
3220,6452
3221,4717
3222,4565
3223,4390
3224,4248
3225,4819
3226,4028
3227,3835
3228,3523
3229,3684
3230,5352
3231,4305
3232,9668
3233,5821
3234,3900
3235,5061
3236,3513
3237,3347
3238,3586
3239,4726
3240,6337
3241,4066
3242,3833
3243,3951
3244,3361
3245,4036
3246,3461
3247,3377
3248,3242
3249,3388
3250,9736
3251,3941
3252,3724
3253,3461
3254,3338
3255,4330
3256,3702
3257,3223
3258,3227
3259,3185
3260,5313
3261,3673
3262,3377
3263,3409
3264,5118
3265,3746
3266,3252
3267,3472
3268,3462
3269,3227
3270,6188
3271,3561
3272,3587
3273,3224
3274,3245
3275,3851
3276,3713
3277,3372
3278,3517
3279,3073
3280,5419
3281,3463
3282,4467
3283,3116
3284,3282
3285,3774
3286,3820
3287,3265
3288,4010
3289,3115
3290,3977
3291,3024
3292,3052
3293,3140
3294,3173
3295,3470
3296,3016
3297,3089
3298,2906
3299,4912
3300,39675
3301,8723
3302,4666
3303,5958
3304,4451
3305,4581
3306,33651
3307,5369
3308,4202
3309,4213
3310,11909
3311,5700
3312,4673
3313,4336
3314,3637
3315,4507
3316,3760
3317,3614
3318,3795
3319,3578
3320,5919
3321,4489
3322,5353
3323,3687
3324,4032
3325,5710
3326,3953
3327,3863
3328,4092
3329,3428
3330,7179
3331,4618
3332,4221
3333,30756
3334,4792
3335,4444
3336,3771
3337,4072
3338,3480
3339,5878
3340,5316
3341,3698
3342,3833
3343,3884
3344,4911
3345,4032
3346,3616
3347,3460
3348,3483
3349,3101
3350,9446
3351,3772
3352,3666
3353,3953
3354,4202
3355,4615
3356,3507
3357,3062
3358,3186
3359,4325
3360,6141
3361,3669
3362,3704
3363,3352
3364,3170
3365,3668
3366,5536
3367,3334
3368,3420
3369,3582
3370,4540
3371,3786
3372,3199
3373,3272
3374,3059
3375,5487
3376,3413
3377,3802
3378,3093
3379,3615
3380,4558
3381,3165
3382,3184
3383,3013
3384,3445
3385,3779
3386,4784
3387,2939
3388,3702
3389,19472
3390,19589
3391,3313
3392,3195
3393,3919
3394,3152
3395,3450
3396,4203
3397,3250
3398,2936
3399,5091
3400,33640
3401,7924
3402,8847
3403,6127
3404,4657
3405,4753
3406,4338
3407,4135
3408,3670
3409,3618
3410,5136
3411,4466
3412,5041
3413,3509
3414,3637
3415,3847
3416,3147
3417,3564
3418,3096
3419,3022
3420,6407
3421,4038
3422,3465
3423,4360
3424,3426
3425,3922
3426,3209
3427,3201
3428,3134
3429,3350
3430,4500
3431,3783
3432,4451
3433,3502
3434,4552
3435,4307
3436,3243
3437,3000
3438,3198
3439,3062
3440,7358
3441,3248
3442,3369
3443,3923
3444,4365
3445,3792
3446,2995
3447,3154
3448,3455
3449,3411
3450,8687
3451,3587
3452,3303
3453,3299
3454,3762
3455,3929
3456,11203
3457,3626
3458,3218
3459,2975
3460,4303
3461,3239
3462,3457
3463,3356
3464,3328
3465,3442
3466,3069
3467,3077
3468,3261
3469,2958
3470,4433
3471,4399
3472,3168
3473,2905
3474,3531
3475,4076
3476,3109
3477,3023
3478,4090
3479,2769
3480,4381
3481,3397
3482,2641
3483,2905
3484,2779
3485,2908
3486,2752
3487,2594
3488,3398
3489,2628
3490,4159
3491,2956
3492,2819
3493,3040
3494,2825
3495,3802
3496,2920
3497,3720
3498,2806
3499,4027
3500,130477
3501,7075
3502,3973
3503,3669
3504,3932
3505,4501
3506,3440
3507,3585
3508,3925
3509,3559
3510,5340
3511,4211
3512,3735
3513,3131
3514,3614
3515,3834
3516,3911
3517,3277
3518,3017
3519,3122
3520,7503
3521,4542
3522,3262
3523,3044
3524,3227
3525,4359
3526,3165
3527,3088
3528,3703
3529,3350
3530,4277
3531,3177
3532,3402
3533,2979
3534,3075
3535,5379
3536,3773
3537,3110
3538,3965
3539,2917
3540,5154
3541,3230
3542,3352
3543,3179
3544,3029
3545,3540
3546,2860
3547,2933
3548,3208
3549,3337
3550,8391
3551,3445
3552,3321
3553,6876
3554,2630
3555,4514
3556,2966
3557,2994
3558,2704
3559,2900
3560,4846
3561,2981
3562,2694
3563,2665
3564,2811
3565,3626
3566,2777
3567,3134
3568,2991
3569,2567
3570,4402
3571,3290
3572,2865
3573,2852
3574,2510
3575,3557
3576,2804
3577,2942
3578,3783
3579,3219
3580,3652
3581,2812
3582,3703
3583,3609
3584,4392
3585,3334
3586,2851
3587,2488
3588,4117
3589,2706
3590,4525
3591,2958
3592,3266
3593,3146
3594,2605
3595,3330
3596,2843
3597,3042
3598,2752
3599,4297
3600,125010
3601,5788
3602,3790
3603,4016
3604,4152
3605,3754
3606,3265
3607,3100
3608,3290
3609,3201
3610,5416
3611,3783
3612,3205
3613,3175
3614,2770
3615,3751
3616,3134
3617,2978
3618,2816
3619,2969
3620,4406
3621,3384
3622,3554
3623,2912
3624,3723
3625,3808
3626,3997
3627,3625
3628,3203
3629,2925
3630,5378
3631,3408
3632,3108
3633,3536
3634,3104
3635,3233
3636,4986
3637,3132
3638,3163
3639,3095
3640,4403
3641,3189
3642,2955
3643,2843
3644,2784
3645,3017
3646,2941
3647,3306
3648,3748
3649,2544
3650,9567
3651,3162
3652,3076
3653,2744
3654,2752
3655,3422
3656,2906
3657,2827
3658,3830
3659,2586
3660,4386
3661,3073
3662,2816
3663,3921
3664,3077
3665,3330
3666,3185
3667,3473
3668,2853
3669,2598
3670,3497
3671,2969
3672,2827
3673,2795
3674,2688
3675,3389
3676,3095
3677,2729
3678,2889
3679,2596
3680,4078
3681,2634
3682,2523
3683,3411
3684,2762
3685,2764
3686,3477
3687,2748
3688,2720
3689,2541
3690,3977
3691,2746
3692,2460
3693,2575
3694,2575
3695,2805
3696,3205
3697,2677
3698,2485
3699,3186
3700,27753
3701,5461
3702,3693
3703,3486
3704,3523
3705,3721
3706,3068
3707,2995
3708,3315
3709,2890
3710,4276
3711,4297
3712,3344
3713,3039
3714,3173
3715,3273
3716,2767
3717,3299
3718,3244
3719,3435
3720,4854
3721,3338
3722,2932
3723,3096
3724,3302
3725,3323
3726,3073
3727,4365
3728,3124
3729,4689
3730,5793
3731,3496
3732,3191
3733,4415
3734,2643
3735,3233
3736,2701
3737,4158
3738,2979
3739,3013
3740,3764
3741,3135
3742,3579
3743,3643
3744,3680
3745,3981
3746,2842
3747,2996
3748,3442
3749,2754
3750,11534
3751,2951
3752,3223
3753,2636
3754,3276
3755,4004
3756,3047
3757,2714
3758,3527
3759,2739
3760,3940
3761,2935
3762,2959
3763,2521
3764,2876
3765,2951
3766,2734
3767,2952
3768,2991
3769,2599
3770,7535
3771,2916
3772,3120
3773,3040
3774,2752
3775,3491
3776,3525
3777,3918
3778,2832
3779,2629
3780,4161
3781,2847
3782,2965
3783,2948
3784,2731
3785,2990
3786,3175
3787,2552
3788,2750
3789,2840
3790,7213
3791,3475
3792,2431
3793,2482
3794,2437
3795,2877
3796,2423
3797,2811
3798,2471
3799,3029
3800,33625
3801,5558
3802,3329
3803,3388
3804,3079
3805,3212
3806,2784
3807,2763
3808,3592
3809,4108
3810,4315
3811,3381
3812,3288
3813,2844
3814,2713
3815,3124
3816,2777
3817,2523
3818,2737
3819,2715
3820,4745
3821,3139
3822,3025
3823,2993
3824,3222
3825,3670
3826,2660
3827,2761
3828,3083
3829,2791
3830,3896
3831,2957
3832,2859
3833,4247
3834,2747
3835,3266
3836,2639
3837,2802
3838,4238
3839,3239
3840,17495
3841,3420
3842,3173
3843,2845
3844,3441
3845,3063
3846,2987
3847,3587
3848,3019
3849,2831
3850,7433
3851,3085
3852,2754
3853,2560
3854,2500
3855,3373
3856,2594
3857,6825
3858,2608
3859,2882
3860,3593
3861,2875
3862,2719
3863,2895
3864,2984
3865,3708
3866,2710
3867,2731
3868,2679
3869,2526
3870,4599
3871,2728
3872,6691
3873,2403
3874,2413
3875,3182
3876,2590
3877,2735
3878,2544
3879,2450
3880,4192
3881,2856
3882,2422
3883,2797
3884,2239
3885,2870
3886,2724
3887,2593
3888,5756
3889,2962
3890,3563
3891,2748
3892,3242
3893,2603
3894,2466
3895,2810
3896,2551
3897,2775
3898,2373
3899,2972
3900,22079
3901,4524
3902,3194
3903,3306
3904,4389
3905,3420
3906,4424
3907,3049
3908,2791
3909,3163
3910,3623
3911,3350
3912,3122
3913,2590
3914,2623
3915,3494
3916,2805
3917,2690
3918,2507
3919,2760
3920,4667
3921,3253
3922,3168
3923,3067
3924,2867
3925,3168
3926,3857
3927,4314
3928,3276
3929,2752
3930,3833
3931,3131
3932,3075
3933,3409
3934,20709
3935,2677
3936,2565
3937,3153
3938,2616
3939,4017
3940,4540
3941,2749
3942,2734
3943,2597
3944,2596
3945,4973
3946,2757
3947,2568
3948,2315
3949,2583
3950,5290
3951,2676
3952,3103
3953,2561
3954,2361
3955,2862
3956,3123
3957,2398
3958,2518
3959,3570
3960,4475
3961,2577
3962,3071
3963,2512
3964,2318
3965,2696
3966,2633
3967,2471
3968,3146
3969,3470
3970,3647
3971,2985
3972,2502
3973,2341
3974,2440
3975,2946
3976,2429
3977,2452
3978,2883
3979,2541
3980,3149
3981,2584
3982,2264
3983,2290
3984,2676
3985,2644
3986,4212
3987,4107
3988,2678
3989,2583
3990,3541
3991,2596
3992,2543
3993,2758
3994,2630
3995,3315
3996,2817
3997,2716
3998,3034
3999,6496
4000,404354
4001,15342
4002,7222
4003,5953
4004,8462
4005,6202
4006,4999
4007,4940
4008,4961
4009,4162
4010,7901
4011,5357
4012,4552
4013,4369
4014,5122
4015,4271
4016,3968
4017,4215
4018,3886
4019,3313
4020,7706
4021,3919
4022,4028
4023,3403
4024,3567
4025,4154
4026,3476
4027,3151
4028,3412
4029,3312
4030,5127
4031,4071
4032,6480
4033,14832
4034,3015
4035,3412
4036,3017
4037,3088
4038,3626
4039,3402
4040,9388
4041,4037
4042,3271
4043,3524
4044,4363
4045,4138
4046,3515
4047,3144
4048,3460
4049,4727
4050,8523
4051,5092
4052,3209
4053,3281
4054,3060
4055,3360
4056,3287
4057,3014
4058,2990
4059,2885
4060,5437
4061,3541
4062,3173
4063,2974
4064,3842
4065,3190
4066,3202
4067,3432
4068,3159
4069,3059
4070,5142
4071,2935
4072,3359
4073,2726
4074,2942
4075,3571
4076,3037
4077,3215
4078,2814
4079,2860
4080,8463
4081,3186
4082,2873
4083,2800
4084,2919
4085,3160
4086,2656
4087,2831
4088,3514
4089,2898
4090,7864
4091,3180
4092,3276
4093,2861
4094,3229
4095,10992
4096,112815
4097,4750
4098,3448
4099,3763
4100,24723
4101,7177
4102,5323
4103,8021
4104,4710
4105,3919
4106,3722
4107,3289
4108,3608
4109,3290
4110,5257
4111,5725
4112,4274
4113,3399
4114,3792
4115,3561
4116,3385
4117,3055
4118,3144
4119,3105
4120,5200
4121,4289
4122,4161
4123,4408
4124,3427
4125,4294
4126,2988
4127,3470
4128,4324
4129,3003
4130,8030
4131,3235
4132,2989
4133,3147
4134,2625
4135,7397
4136,2949
4137,2997
4138,2604
4139,2711
4140,7251
4141,5547
4142,4726
4143,3266
4144,3130
4145,3111
4146,2807
4147,3608
4148,2486
4149,2622
4150,7149
4151,4805
4152,2935
4153,2799
4154,2574
4155,3546
4156,2756
4157,2876
4158,2871
4159,3330
4160,5724
4161,4331
4162,2771
4163,3225
4164,2702
4165,3258
4166,2951
4167,3721
4168,2629
4169,2797
4170,3446
4171,3127
4172,4086
4173,2647
4174,2597
4175,2970
4176,2758
4177,2860
4178,2776
4179,2683
4180,4333
4181,3227
4182,2461
4183,3794
4184,2776
4185,2736
4186,2516
4187,2733
4188,2628
4189,2433
4190,3067
4191,3029
4192,2758
4193,2566
4194,2696
4195,2644
4196,2471
4197,2526
4198,2464
4199,2837
4200,42984
4201,5614
4202,4431
4203,3570
4204,3208
4205,3511
4206,2967
4207,3194
4208,3430
4209,2979
4210,5080
4211,3961
4212,4080
4213,3735
4214,3846
4215,3626
4216,2964
4217,5971
4218,3186
4219,2714
4220,4489
4221,3798
4222,5496
4223,3108
4224,3999
4225,4135
4226,3180
4227,4271
4228,3372
4229,3248
4230,4346
4231,7340
4232,3321
4233,3256
4234,2980
4235,2890
4236,7435
4237,2627
4238,2569
4239,2608
4240,5424
4241,3225
4242,6853
4243,3478
4244,4277
4245,3528
4246,2880
4247,3185
4248,2801
4249,2622
4250,7720
4251,3456
4252,2775
4253,2955
4254,3120
4255,3185
4256,2759
4257,2630
4258,3550
4259,2642
4260,4355
4261,2940
4262,2844
4263,2939
4264,2697
4265,2684
4266,2879
4267,3692
4268,2613
4269,3065
4270,3320
4271,5187
4272,2803
4273,3986
4274,2812
4275,3223
4276,2679
4277,2812
4278,3071
4279,2534
4280,4799
4281,2426
4282,2780
4283,2605
4284,2584
4285,3117
4286,2969
4287,2967
4288,2886
4289,2395
4290,3166
4291,2643
4292,3020
4293,2415
4294,2508
4295,2899
4296,2743
4297,2648
4298,2384
4299,2796
4300,23147
4301,5275
4302,3734
4303,3606
4304,3374
4305,3826
4306,3289
4307,3347
4308,2836
4309,2547
4310,4816
4311,3815
4312,4325
4313,2914
4314,3139
4315,3161
4316,2574
4317,3202
4318,2697
4319,3279
4320,6945
4321,10145
4322,4117
4323,3113
4324,4624
4325,3631
4326,19046
4327,2787
4328,3084
4329,2612
4330,4697
4331,3593
4332,3465
4333,4448
4334,3004
4335,3292
4336,2778
4337,2819
4338,2972
4339,2508
4340,5789
4341,3218
4342,2717
4343,4374
4344,2957
4345,2940
4346,2608
4347,2695
4348,2827
4349,2663
4350,6771
4351,2980
4352,3384
4353,3151
4354,2639
4355,3185
4356,3138
4357,6433
4358,2651
4359,2350
4360,3965
4361,2769
4362,2762
4363,3249
4364,2849
4365,3004
4366,2739
4367,2442
4368,4243
4369,2678
4370,3386
4371,2763
4372,2504
4373,2517
4374,2747
4375,10637
4376,2339
4377,2571
4378,2163
4379,2243
4380,3626
4381,2602
4382,2209
4383,2463
4384,2607
4385,2465
4386,2632
4387,2282
4388,2995
4389,3556
4390,2882
4391,2646
4392,2363
4393,2573
4394,2235
4395,3101
4396,2357
4397,2431
4398,2375
4399,3043
4400,27536
4401,5418
4402,3497
4403,3057
4404,3679
4405,3218
4406,2969
4407,2583
4408,2941
4409,2812
4410,4476
4411,4267
4412,3645
4413,2829
4414,3084
4415,3322
4416,4083
4417,2827
4418,2750
4419,3492
4420,3996
4421,3509
4422,4040
4423,3399
4424,2848
4425,3242
4426,2355
4427,2490
4428,2643
4429,2819
4430,5336
4431,2935
4432,2956
4433,3922
4434,2918
4435,3334
4436,2577
4437,2705
4438,2958
4439,2512
4440,4879
4441,3318
4442,2883
4443,4025
4444,20621
4445,4363
4446,2808
4447,2914
4448,2998
4449,3786
4450,5013
4451,3334
4452,2741
4453,3169
4454,2617
4455,4535
4456,2752
4457,2972
4458,2646
4459,2794
4460,4034
4461,2569
4462,2891
4463,2666
4464,3247
4465,3472
4466,3195
4467,2513
4468,2632
4469,2338
4470,3701
4471,3177
4472,4595
4473,5406
4474,2682
4475,2689
4476,2419
4477,3493
4478,2506
4479,2401
4480,3847
4481,2706
4482,2344
4483,2888
4484,2831
4485,3015
4486,2470
4487,2622
4488,3492
4489,2809
4490,3450
4491,2590
4492,2542
4493,2421
4494,2573
4495,2701
4496,2747
4497,2294
4498,2314
4499,3332
4500,76430
4501,6230
4502,6338
4503,4541
4504,2927
4505,4700
4506,4788
4507,2802
4508,2865
4509,2906
4510,4840
4511,3680
4512,3558
4513,3128
4514,3094
4515,3861
4516,2842
4517,2605
4518,2532
4519,2413
4520,5095
4521,3219
4522,3073
4523,3025
4524,2615
4525,3399
4526,2759
4527,2536
4528,2571
4529,2826
4530,3929
4531,2684
4532,2961
4533,2738
4534,2559
4535,2978
4536,2755
4537,2830
4538,2406
4539,2541
4540,3358
4541,2830
4542,2729
4543,2569
4544,2990
4545,5642
4546,3042
4547,2749
4548,2666
4549,2933
4550,5531
4551,3238
4552,2944
4553,2477
4554,2999
4555,3807
4556,2781
4557,2733
4558,2640
4559,2564
4560,4270
4561,2853
4562,3600
4563,2692
4564,2727
4565,3046
4566,3776
4567,10759
4568,2755
4569,2997
4570,3797
4571,2872
4572,2698
4573,2394
4574,2236
4575,3115
4576,2578
4577,2893
4578,2395
4579,2415
4580,2919
4581,2441
4582,2309
4583,2759
4584,2305
4585,2345
4586,2162
4587,2347
4588,2388
4589,2238
4590,3905
4591,2316
4592,2642
4593,2682
4594,2452
4595,2528
4596,2268
4597,2424
4598,2361
4599,2771
4600,22687
4601,4159
4602,2841
4603,2563
4604,2656
4605,2815
4606,3093
4607,2640
4608,4504
4609,3064
4610,4069
4611,2922
4612,2877
4613,2619
4614,3143
4615,3365
4616,2816
4617,2516
4618,2574
4619,2290
4620,4098
4621,2695
4622,2900
4623,2447
4624,3091
4625,3702
4626,2755
4627,2857
4628,2502
4629,2152
4630,3672
4631,2988
4632,2571
4633,2551
4634,2925
4635,2826
4636,4843
4637,2444
4638,2699
4639,2525
4640,3743
4641,2775
4642,2672
4643,2656
4644,2465
4645,2653
4646,3637
4647,2922
4648,3039
4649,2824
4650,5694
4651,3012
4652,2438
4653,2971
4654,2303
4655,3041
4656,2630
4657,2529
4658,2636
4659,2269
4660,3684
4661,2539
4662,2423
4663,2898
4664,3234
4665,2678
4666,2952
4667,3004
4668,2493
4669,2295
4670,4057
4671,2413
4672,2474
4673,4029
4674,2120
4675,2689
4676,2275
4677,2338
4678,2357
4679,2193
4680,5609
4681,2648
4682,2265
4683,2226
4684,2664
4685,2494
4686,3942
4687,2493
4688,4340
4689,2395
4690,3305
4691,2193
4692,2776
4693,2321
4694,2179
4695,2340
4696,2668
4697,2323
4698,2360
4699,2427
4700,19815
4701,3809
4702,2809
4703,3030
4704,3513
4705,2970
4706,2475
4707,3091
4708,2694
4709,2416
4710,3656
4711,6283
4712,2889
4713,2967
4714,2426
4715,3272
4716,2388
4717,2608
4718,2256
4719,2523
4720,3938
4721,2608
4722,2869
4723,3402
4724,2670
4725,3673
4726,2415
4727,2574
4728,2734
4729,2741
4730,3450
4731,2601
4732,2835
4733,2605
4734,2396
4735,2577
4736,3013
4737,2448
4738,2313
4739,2670
4740,3556
4741,2695
4742,2246
4743,2479
4744,2530
4745,2638
4746,2404
4747,4025
4748,2439
4749,2278
4750,6059
4751,2886
4752,2653
4753,2472
4754,2378
4755,3301
4756,2808
4757,2611
4758,2992
4759,2367
4760,3174
4761,2440
4762,2431
4763,2161
4764,2110
4765,2312
4766,2410
4767,2277
4768,2283
4769,3069
4770,4857
4771,2686
4772,2517
4773,2354
4774,2588
4775,2909
4776,2383
4777,3240
4778,2130
4779,2274
4780,2944
4781,2225
4782,2275
4783,2313
4784,2334
4785,2275
4786,2602
4787,2304
4788,2502
4789,2594
4790,3620
4791,2222
4792,2168
4793,2059
4794,1901
4795,2180
4796,2237
4797,2787
4798,2183
4799,2843
4800,36884
4801,4389
4802,3069
4803,2589
4804,2548
4805,3323
4806,2557
4807,2502
4808,2501
4809,8199
4810,4392
4811,3036
4812,2971
4813,2482
4814,2411
4815,2806
4816,2439
4817,2345
4818,2645
4819,3171
4820,3041
4821,2640
4822,3293
4823,2452
4824,2480
4825,3127
4826,2474
4827,2772
4828,2367
4829,1959
4830,9747
4831,2712
4832,2393
4833,2938
4834,2024
4835,2626
4836,2243
4837,2048
4838,2280
4839,2193
4840,3276
4841,2525
4842,2305
4843,2143
4844,2899
4845,2898
4846,2129
4847,2421
4848,3775
4849,2783
4850,6497
4851,2499
4852,2404
4853,2426
4854,2148
4855,2374
4856,2547
4857,2089
4858,2437
4859,2391
4860,3767
4861,3007
4862,2357
4863,2101
4864,2670
4865,2276
4866,2108
4867,2440
4868,3563
4869,2330
4870,5725
4871,2208
4872,2732
4873,2331
4874,2103
4875,2893
4876,2312
4877,2787
4878,2656
4879,2193
4880,3398
4881,2311
4882,2119
4883,2421
4884,2397
4885,2403
4886,2133
4887,2317
4888,3094
4889,2838
4890,3248
4891,2078
4892,2089
4893,2026
4894,2049
4895,2548
4896,2852
4897,2093
4898,2333
4899,2609
4900,14903
4901,3732
4902,2562
4903,2668
4904,2578
4905,2828
4906,2380
4907,2299
4908,2229
4909,2735
4910,3324
4911,3114
4912,2422
4913,2244
4914,2871
4915,3081
4916,2169
4917,2236
4918,2409
4919,2336
4920,3393
4921,2887
4922,2708
4923,2310
4924,2468
4925,2762
4926,2448
4927,2223
4928,2476
4929,2436
4930,2990
4931,2514
4932,2778
4933,2590
4934,2273
4935,2210
4936,2355
4937,2362
4938,2150
4939,2754
4940,3134
4941,2432
4942,2298
4943,2202
4944,2824
4945,3479
4946,2381
4947,2300
4948,2464
4949,3348
4950,4999
4951,2479
4952,2473
4953,2183
4954,2118
4955,2377
4956,2277
4957,2352
4958,2483
4959,3201
4960,3410
4961,2345
4962,2222
4963,2305
4964,2154
4965,2409
4966,2206
4967,2206
4968,2297
4969,2311
4970,2838
4971,2270
4972,2145
4973,2000
4974,2090
4975,3359
4976,2104
4977,2267
4978,2173
4979,2180
4980,3178
4981,2185
4982,2230
4983,2108
4984,2441
4985,2254
4986,2195
4987,2109
4988,2181
4989,2230
4990,3463
4991,2335
4992,3019
4993,2590
4994,2390
4995,3129
4996,3424
4997,2566
4998,2674
4999,7553
5000,638736
5001,19704
5002,7434
5003,5447
5004,4578
5005,8201
5006,4328
5007,7712
5008,6022
5009,3463
5010,7875
5011,4030
5012,3380
5013,3187
5014,3113
5015,4348
5016,3020
5017,2979
5018,2891
5019,2559
5020,5815
5021,3274
5022,3299
5023,2854
5024,2803
5025,3158
5026,2456
5027,2762
5028,2295
5029,2733
5030,4384
5031,2713
5032,2716
5033,2966
5034,2479
5035,2655
5036,2410
5037,3274
5038,2295
5039,2977
5040,6780
5041,2802
5042,2400
5043,2520
5044,3227
5045,2923
5046,2100
5047,2234
5048,2423
5049,2258
5050,14178
5051,4019
5052,4304
5053,2799
5054,2520
5055,4045
5056,2528
5057,2240
5058,2125
5059,2379
5060,6916
5061,4561
5062,2518
5063,2604
5064,2278
5065,2657
5066,2572
5067,2827
5068,1965
5069,2405
5070,3931
5071,2146
5072,2297
5073,2187
5074,2006
5075,3208
5076,2134
5077,2116
5078,2477
5079,2143
5080,4452
5081,2260
5082,2185
5083,3469
5084,2115
5085,2538
5086,2455
5087,1991
5088,2559
5089,2080
5090,3072
5091,2049
5092,2116
5093,1962
5094,1931
5095,2034
5096,2136
5097,2021
5098,1933
5099,2177
5100,23908
5101,5239
5102,3768
5103,3334
5104,3043
5105,8918
5106,2654
5107,2816
5108,2703
5109,2257
5110,4933
5111,4310
5112,2952
5113,2640
5114,3578
5115,3174
5116,2526
5117,2396
5118,2330
5119,2664
5120,8419
5121,3640
5122,2977
5123,3119
5124,2476
5125,3397
5126,2572
5127,2351
5128,3048
5129,2229
5130,3583
5131,2779
5132,2285
5133,2370
5134,2432
5135,2545
5136,2198
5137,2239
5138,1904
5139,2095
5140,3672
5141,2406
5142,2154
5143,1978
5144,2193
5145,2480
5146,2248
5147,2051
5148,2231
5149,2345
5150,11531
5151,3980
5152,2834
5153,2718
5154,2115
5155,2675
5156,2330
5157,2135
5158,2068
5159,1977
5160,4653
5161,2624
5162,2373
5163,1913
5164,2147
5165,2320
5166,2136
5167,3001
5168,2417
5169,2356
5170,3222
5171,2334
5172,3016
5173,2012
5174,1875
5175,2506
5176,2377
5177,2105
5178,1766
5179,2034
5180,2850
5181,2062
5182,2566
5183,2101
5184,2799
5185,2425
5186,1768
5187,1759
5188,2045
5189,2002
5190,2658
5191,2347
5192,2006
5193,2073
5194,11940
5195,2536
5196,2032
5197,2148
5198,2069
5199,2253
5200,31939
5201,4388
5202,2877
5203,2744
5204,2954
5205,2844
5206,2344
5207,2398
5208,2585
5209,2299
5210,4176
5211,2879
5212,2551
5213,2315
5214,2330
5215,2604
5216,2452
5217,3158
5218,2254
5219,1968
5220,4485
5221,2810
5222,4105
5223,2814
5224,2230
5225,3354
5226,2230
5227,2363
5228,2301
5229,1906
5230,4135
5231,2263
5232,2380
5233,2752
5234,2337
5235,2497
5236,2543
5237,2145
5238,2014
5239,1966
5240,3075
5241,2161
5242,2179
5243,1974
5244,2208
5245,2332
5246,2157
5247,2159
5248,2119
5249,2011
5250,8278
5251,2783
5252,3374
5253,2955
5254,2253
5255,3353
5256,2288
5257,2565
5258,2076
5259,1967
5260,2944
5261,2221
5262,2259
5263,2291
5264,1932
5265,2024
5266,2244
5267,2118
5268,1863
5269,2084
5270,2667
5271,2229
5272,2187
5273,2263
5274,1846
5275,2299
5276,1780
5277,2151
5278,2315
5279,2138
5280,7555
5281,9107
5282,2079
5283,2141
5284,2023
5285,2426
5286,1909
5287,2049
5288,2090
5289,1930
5290,2402
5291,2183
5292,2471
5293,1892
5294,1818
5295,1866
5296,1968
5297,1926
5298,1638
5299,2102
5300,19867
5301,4448
5302,3055
5303,2694
5304,2776
5305,2781
5306,2542
5307,2807
5308,2269
5309,3302
5310,4568
5311,2951
5312,2820
5313,2279
5314,1899
5315,2568
5316,2134
5317,2058
5318,1959
5319,2074
5320,3809
5321,2938
5322,2881
5323,2746
5324,2578
5325,2603
5326,2025
5327,2226
5328,2312
5329,2476
5330,3332
5331,2386
5332,2193
5333,3854
5334,2467
5335,2814
5336,1971
5337,2132
5338,1872
5339,2024
5340,2844
5341,2210
5342,2058
5343,2288
5344,2012
5345,2306
5346,2060
5347,2344
5348,2083
5349,2061
5350,4080
5351,2082
5352,2012
5353,3932
5354,2074
5355,2616
5356,2429
5357,2004
5358,1943
5359,2028
5360,2642
5361,1936
5362,2115
5363,2058
5364,1973
5365,1943
5366,1818
5367,1842
5368,1927
5369,1823
5370,2735
5371,2085
5372,2016
5373,2097
5374,1776
5375,2323
5376,2483
5377,2220
5378,1917
5379,1753
5380,2705
5381,2806
5382,1857
5383,1978
5384,1803
5385,1975
5386,1925
5387,1896
5388,1904
5389,1964
5390,2162
5391,2198
5392,1826
5393,1641
5394,1728
5395,2065
5396,1917
5397,1760
5398,1914
5399,1879
5400,25773
5401,4477
5402,2753
5403,2518
5404,2257
5405,3036
5406,2816
5407,2531
5408,2720
5409,2022
5410,2908
5411,2953
5412,2747
5413,1996
5414,2215
5415,2728
5416,2138
5417,2373
5418,2420
5419,2035
5420,3320
5421,2341
5422,2661
5423,2205
5424,2578
5425,2536
5426,1848
5427,1934
5428,2270
5429,1887
5430,2906
5431,2306
5432,25759
5433,3879
5434,2227
5435,2283
5436,2046
5437,2811
5438,2087
5439,2383
5440,3206
5441,2360
5442,2246
5443,2946
5444,2750
5445,2781
5446,2244
5447,2218
5448,2116
5449,2159
5450,4566
5451,2130
5452,2001
5453,2498
5454,3571
5455,2904
5456,2550
5457,2084
5458,1817
5459,1873
5460,2840
5461,3081
5462,1719
5463,2095
5464,2076
5465,2398
5466,2096
5467,1934
5468,1963
5469,2200
5470,2690
5471,2697
5472,4082
5473,1723
5474,1804
5475,2111
5476,2022
5477,2103
5478,1984
5479,2009
5480,2910
5481,2003
5482,1886
5483,1862
5484,1863
5485,1987
5486,1918
5487,1863
5488,2126
5489,1827
5490,2887
5491,2524
5492,1843
5493,1739
5494,1894
5495,2463
5496,1650
5497,1651
5498,2368
5499,2290
5500,55275
5501,4251
5502,2482
5503,2221
5504,2331
5505,3888
5506,2659
5507,2229
5508,2597
5509,2320
5510,4624
5511,3581
5512,3174
5513,2860
5514,2323
5515,3082
5516,2119
5517,2543
5518,2274
5519,1950
5520,4752
5521,2600
5522,2563
5523,3563
5524,2715
5525,3475
5526,2122
5527,2071
5528,2147
5529,1988
5530,3948
5531,2212
5532,2649
5533,2588
5534,2077
5535,2648
5536,2336
5537,2218
5538,1826
5539,2256
5540,3073
5541,2354
5542,2333
5543,1892
5544,2789
5545,2675
5546,1864
5547,2294
5548,2955
5549,1704
5550,5292
5551,2749
5552,2494
5553,2284
5554,3836
5555,22248
5556,3870
5557,2465
5558,2555
5559,2510
5560,2904
5561,2351
5562,1795
5563,1888
5564,1915
5565,2491
5566,3003
5567,2168
5568,2281
5569,1806
5570,3150
5571,2018
5572,1881
5573,1739
5574,1681
5575,2661
5576,1893
5577,2822
5578,1835
5579,1653
5580,2692
5581,1863
5582,1964
5583,1849
5584,1953
5585,2251
5586,1923
5587,1957
5588,2582
5589,1766
5590,2980
5591,1816
5592,1830
5593,1768
5594,1563
5595,1868
5596,1746
5597,1707
5598,1675
5599,2285
5600,24240
5601,5628
5602,2452
5603,3484
5604,2005
5605,2293
5606,2257
5607,1935
5608,1973
5609,1926
5610,4741
5611,2481
5612,2223
5613,1893
5614,1676
5615,2024
5616,2266
5617,1754
5618,1855
5619,1931
5620,2866
5621,2158
5622,2127
5623,2065
5624,1833
5625,10640
5626,2046
5627,2044
5628,1902
5629,1736
5630,2756
5631,2048
5632,2338
5633,1837
5634,2109
5635,2454
5636,1923
5637,2975
5638,2137
5639,1872
5640,2904
5641,2146
5642,1842
5643,2042
5644,1915
5645,2095
5646,2399
5647,1841
5648,1691
5649,1555
5650,4068
5651,2052
5652,2510
5653,1794
5654,1895
5655,2454
5656,3256
5657,2029
5658,1851
5659,1726
5660,2776
5661,2037
5662,2199
5663,1866
5664,2111
5665,2490
5666,2373
5667,2497
5668,1773
5669,1837
5670,3327
5671,2794
5672,6942
5673,1847
5674,1644
5675,2283
5676,1994
5677,1930
5678,11478
5679,1888
5680,2712
5681,3137
5682,1903
5683,2240
5684,2076
5685,1978
5686,1683
5687,2225
5688,2025
5689,1859
5690,2039
5691,1557
5692,1676
5693,1568
5694,1652
5695,2002
5696,1845
5697,1762
5698,1731
5699,1968
5700,22452
5701,5437
5702,2476
5703,2489
5704,1911
5705,2272
5706,1803
5707,2053
5708,2678
5709,2340
5710,2814
5711,3361
5712,2470
5713,2205
5714,2385
5715,2261
5716,1928
5717,2410
5718,1950
5719,2256
5720,2754
5721,2360
5722,2231
5723,1960
5724,1965
5725,2822
5726,1602
5727,2201
5728,2281
5729,1903
5730,3853
5731,1814
5732,1831
5733,2256
5734,2054
5735,2369
5736,1794
5737,1919
5738,1635
5739,1827
5740,2661
5741,2287
5742,2009
5743,1786
5744,2091
5745,2167
5746,1953
5747,1995
5748,1973
5749,1886
5750,5211
5751,2522
5752,1863
5753,2687
5754,2577
5755,2748
5756,1800
5757,2790
5758,2051
5759,2253
5760,5383
5761,2016
5762,1989
5763,1990
5764,1934
5765,2257
5766,2151
5767,2059
5768,2168
5769,2051
5770,4679
5771,2590
5772,4077
5773,2202
5774,2426
5775,3184
5776,2444
5777,3671
5778,2781
5779,2215
5780,3122
5781,2333
5782,2570
5783,1812
5784,1768
5785,1802
5786,1746
5787,1723
5788,1973
5789,1885
5790,1932
5791,1789
5792,1781
5793,2408
5794,1488
5795,1815
5796,1652
5797,2202
5798,1669
5799,1774
5800,20976
5801,3283
5802,2265
5803,1884
5804,1928
5805,2133
5806,1828
5807,1953
5808,2066
5809,1779
5810,2669
5811,2363
5812,2977
5813,1858
5814,1785
5815,2127
5816,1734
5817,1767
5818,1705
5819,1890
5820,2795
5821,1879
5822,2150
5823,1743
5824,1860
5825,2235
5826,1678
5827,1690
5828,1978
5829,1808
5830,2792
5831,1863
5832,2382
5833,2557
5834,1578
5835,1910
5836,1622
5837,1684
5838,1622
5839,2140
5840,2678
5841,1950
5842,1788
5843,1802
5844,1627
5845,2108
5846,2038
5847,1681
5848,1700
5849,1934
5850,4956
5851,1962
5852,1891
5853,1641
5854,1608
5855,2293
5856,1959
5857,1812
5858,3078
5859,2207
5860,2460
5861,1946
5862,1746
5863,1630
5864,1578
5865,1802
5866,1877
5867,1851
5868,1705
5869,1780
5870,4792
5871,1734
5872,1679
5873,1533
5874,1677
5875,2881
5876,2628
5877,1768
5878,1685
5879,1627
5880,2967
5881,2029
5882,2034
5883,1774
5884,1700
5885,2080
5886,1597
5887,1855
5888,2789
5889,1760
5890,2806
5891,1824
5892,1717
5893,1522
5894,1355
5895,2158
5896,1617
5897,1787
5898,1552
5899,1951
5900,13144
5901,3375
5902,2203
5903,1844
5904,2128
5905,2409
5906,2078
5907,2017
5908,2127
5909,1885
5910,2501
5911,2262
5912,1920
5913,1652
5914,1710
5915,1935
5916,1672
5917,1697
5918,1474
5919,1713
5920,2714
5921,1858
5922,1821
5923,2158
5924,1573
5925,2273
5926,1539
5927,1772
5928,1502
5929,1932
5930,3306
5931,1917
5932,1655
5933,1846
5934,1747
5935,2129
5936,1605
5937,1983
5938,1735
5939,1710
5940,2389
5941,1866
5942,1621
5943,1659
5944,1771
5945,1882
5946,1550
5947,1568
5948,1599
5949,1833
5950,3698
5951,1856
5952,2128
5953,1497
5954,1671
5955,1987
5956,1638
5957,1625
5958,1802
5959,2752
5960,2517
5961,1744
5962,2050
5963,1838
5964,1545
5965,1906
5966,1679
5967,1688
5968,1630
5969,1678
5970,3235
5971,1664
5972,1800
5973,2170
5974,1682
5975,2319
5976,2047
5977,1754
5978,1545
5979,1766
5980,2423
5981,1655
5982,1659
5983,1655
5984,4017
5985,2506
5986,2111
5987,1607
5988,2061
5989,1799
5990,2865
5991,1737
5992,1623
5993,1697
5994,1624
5995,2424
5996,2050
5997,1689
5998,2139
5999,4130
6000,224705
6001,10012
6002,5488
6003,3714
6004,3270
6005,4049
6006,5186
6007,2846
6008,3224
6009,3286
6010,5285
6011,4597
6012,3511
6013,3092
6014,2360
6015,3488
6016,2921
6017,2229
6018,2359
6019,2140
6020,4724
6021,2819
6022,2597
6023,2097
6024,2152
6025,2534
6026,2099
6027,2048
6028,2058
6029,1857
6030,3818
6031,2240
6032,2221
6033,2504
6034,1910
6035,2415
6036,1930
6037,2025
6038,1861
6039,1887
6040,3618
6041,2236
6042,2010
6043,1860
6044,1942
6045,2417
6046,1779
6047,1771
6048,2055
6049,2159
6050,4759
6051,2214
6052,2179
6053,1836
6054,1757
6055,3232
6056,2365
6057,1761
6058,1775
6059,1887
6060,10511
6061,13921
6062,2453
6063,3613
6064,2123
6065,2278
6066,2517
6067,2043
6068,1978
6069,2009
6070,3307
6071,2068
6072,2145
6073,1966
6074,1736
6075,2419
6076,1896
6077,2033
6078,1823
6079,1726
6080,4119
6081,2157
6082,3043
6083,1790
6084,3808
6085,2259
6086,1862
6087,1826
6088,2022
6089,1579
6090,3046
6091,1783
6092,1806
6093,1683
6094,1916
6095,2041
6096,3108
6097,1734
6098,1734
6099,2056
6100,17831
6101,4136
6102,3295
6103,3972
6104,2515
6105,3579
6106,2903
6107,2429
6108,2491
6109,2452
6110,3979
6111,4262
6112,2721
6113,2071
6114,2322
6115,2641
6116,2276
6117,1944
6118,1982
6119,2224
6120,4619
6121,2791
6122,2219
6123,2609
6124,2096
6125,2717
6126,2349
6127,2127
6128,2442
6129,1869
6130,3084
6131,2754
6132,1964
6133,2298
6134,1598
6135,1971
6136,1851
6137,1643
6138,1971
6139,2044
6140,2738
6141,2208
6142,1789
6143,2166
6144,4693
6145,2171
6146,1853
6147,1886
6148,1960
6149,1628
6150,5085
6151,2521
6152,1921
6153,1991
6154,2050
6155,2183
6156,1917
6157,1745
6158,1619
6159,1589
6160,3038
6161,3218
6162,2272
6163,1921
6164,2021
6165,1957
6166,2750
6167,2174
6168,1837
6169,1704
6170,2212
6171,1950
6172,1836
6173,1829
6174,1814
6175,1802
6176,1953
6177,1706
6178,1461
6179,4128
6180,3265
6181,1951
6182,2503
6183,1856
6184,1405
6185,1741
6186,1404
6187,1458
6188,1754
6189,1614
6190,2060
6191,1608
6192,1678
6193,1520
6194,1445
6195,1543
6196,1726
6197,1491
6198,1494
6199,2010
6200,18823
6201,3717
6202,2475
6203,2903
6204,2302
6205,2967
6206,2171
6207,2249
6208,2227
6209,2079
6210,3814
6211,2966
6212,2502
6213,2139
6214,1864
6215,2472
6216,1885
6217,1879
6218,1729
6219,1618
6220,3128
6221,3279
6222,3183
6223,2232
6224,2057
6225,2439
6226,2405
6227,2099
6228,1655
6229,2001
6230,3577
6231,2311
6232,2161
6233,2340
6234,1937
6235,2378
6236,1838
6237,1996
6238,2106
6239,2387
6240,3602
6241,2270
6242,2090
6243,1772
6244,1828
6245,2026
6246,1719
6247,1829
6248,1890
6249,1679
6250,9119
6251,2329
6252,2210
6253,2106
6254,1897
6255,2464
6256,2033
6257,1655
6258,1855
6259,1650
6260,2577
6261,2249
6262,2834
6263,2282
6264,2383
6265,2349
6266,2099
6267,1674
6268,1726
6269,1974
6270,2496
6271,2130
6272,2263
6273,2523
6274,1676
6275,2229
6276,1931
6277,2277
6278,1719
6279,1795
6280,2572
6281,1854
6282,1692
6283,2044
6284,1769
6285,2043
6286,1635
6287,1661
6288,1855
6289,1749
6290,2170
6291,1750
6292,1705
6293,1513
6294,1617
6295,1936
6296,1550
6297,1492
6298,1685
6299,2028
6300,21923
6301,4014
6302,2582
6303,2448
6304,2551
6305,2178
6306,2110
6307,1992
6308,1900
6309,2548
6310,3540
6311,2537
6312,2131
6313,1778
6314,1664
6315,2085
6316,1701
6317,1687
6318,1632
6319,1817
6320,3216
6321,2475
6322,2006
6323,2128
6324,2177
6325,2312
6326,1929
6327,1888
6328,1967
6329,1875
6330,3941
6331,2106
6332,2420
6333,3437
6334,2179
6335,1780
6336,2265
6337,1870
6338,1785
6339,1831
6340,2432
6341,1908
6342,1931
6343,1931
6344,1968
6345,1904
6346,1746
6347,1911
6348,1914
6349,1586
6350,3606
6351,2543
6352,1767
6353,1702
6354,1534
6355,2882
6356,1596
6357,1886
6358,1471
6359,1646
6360,2756
6361,3069
6362,1885
6363,3707
6364,2399
6365,2228
6366,1931
6367,1831
6368,1621
6369,1564
6370,2031
6371,3535
6372,1854
6373,1874
6374,1704
6375,2079
6376,1634
6377,1828
6378,2357
6379,20736
6380,3252
6381,1832
6382,1802
6383,1615
6384,1657
6385,1829
6386,1653
6387,1509
6388,2320
6389,1747
6390,2030
6391,1727
6392,1548
6393,1714
6394,1447
6395,1882
6396,1557
6397,3199
6398,1505
6399,1973
6400,28081
6401,3209
6402,2467
6403,1944
6404,2132
6405,2361
6406,2008
6407,1753
6408,1793
6409,1747
6410,2630
6411,2298
6412,1977
6413,1767
6414,1883
6415,1862
6416,1886
6417,1662
6418,1518
6419,1738
6420,2874
6421,1827
6422,1942
6423,1802
6424,1762
6425,2736
6426,1815
6427,1593
6428,1691
6429,1772
6430,2427
6431,1836
6432,2222
6433,1750
6434,1873
6435,2209
6436,1619
6437,1744
6438,1990
6439,1400
6440,2864
6441,2094
6442,1729
6443,5459
6444,2166
6445,1804
6446,1773
6447,1520
6448,1610
6449,1807
6450,4065
6451,1638
6452,1688
6453,1686
6454,1862
6455,2470
6456,1574
6457,1858
6458,1566
6459,1496
6460,2423
6461,1820
6462,1543
6463,1908
6464,2651
6465,1796
6466,1847
6467,1592
6468,2098
6469,1589
6470,2099
6471,1706
6472,1559
6473,1768
6474,1529
6475,2455
6476,1416
6477,1637
6478,1556
6479,1606
6480,2548
6481,1716
6482,1662
6483,1699
6484,1845
6485,1546
6486,1400
6487,1531
6488,1860
6489,1635
6490,2249
6491,1513
6492,1781
6493,1327
6494,1685
6495,1803
6496,1584
6497,1967
6498,1506
6499,1947
6500,46218
6501,3784
6502,9915
6503,2127
6504,1935
6505,3118
6506,2074
6507,1943
6508,2089
6509,2132
6510,3903
6511,3055
6512,3076
6513,1968
6514,1814
6515,2359
6516,2151
6517,1743
6518,1745
6519,1644
6520,3481
6521,1798
6522,2321
6523,1705
6524,1785
6525,2492
6526,1654
6527,1675
6528,1992
6529,1753
6530,2695
6531,1959
6532,1867
6533,2018
6534,1638
6535,2030
6536,1763
6537,1529
6538,2242
6539,1430
6540,2263
6541,1914
6542,1858
6543,2941
6544,1876
6545,2062
6546,1671
6547,1772
6548,1985
6549,1503
6550,4556
6551,1971
6552,2059
6553,2279
6554,1637
6555,2899
6556,1698
6557,1669
6558,1521
6559,1561
6560,2819
6561,2811
6562,1884
6563,2163
6564,1551
6565,2923
6566,2138
6567,1780
6568,1550
6569,2172
6570,2576
6571,1710
6572,1888
6573,1528
6574,1580
6575,1848
6576,1718
6577,1986
6578,1505
6579,1548
6580,2255
6581,1974
6582,1569
6583,2512
6584,2258
6585,1912
6586,1405
6587,1485
6588,1569
6589,1494
6590,1703
6591,1786
6592,1600
6593,1471
6594,1344
6595,1645
6596,2255
6597,1388
6598,1420
6599,1557
6600,23938
6601,2835
6602,2432
6603,2077
6604,2037
6605,2146
6606,2175
6607,1766
6608,1622
6609,1638
6610,3056
6611,3367
6612,1751
6613,1974
6614,1812
6615,2018
6616,1864
6617,1472
6618,1434
6619,1505
6620,2988
6621,2182
6622,2064
6623,1466
6624,1752
6625,2340
6626,1743
6627,1570
6628,1482
6629,1484
6630,2661
6631,1686
6632,2169
6633,3317
6634,1506
6635,1589
6636,1830
6637,1593
6638,1455
6639,1470
6640,2196
6641,1961
6642,1950
6643,1775
6644,1924
6645,1801
6646,1779
6647,1482
6648,1515
6649,1509
6650,3699
6651,2322
6652,1763
6653,2153
6654,1842
6655,2505
6656,2188
6657,1844
6658,1557
6659,1642
6660,2501
6661,1942
6662,2463
6663,1752
6664,2037
6665,2016
6666,10287
6667,9187
6668,1857
6669,1932
6670,3034
6671,1770
6672,2113
6673,1671
6674,1394
6675,1975
6676,1843
6677,2468
6678,2197
6679,1457
6680,2927
6681,1984
6682,1676
6683,1548
6684,1825
6685,1635
6686,1702
6687,1590
6688,2720
6689,1478
6690,1823
6691,1542
6692,1277
6693,1444
6694,1817
6695,1701
6696,1570
6697,1833
6698,1876
6699,3161
6700,16877
6701,2939
6702,1916
6703,1614
6704,1623
6705,1762
6706,1766
6707,2104
6708,2315
6709,1586
6710,2069
6711,1871
6712,1907
6713,1747
6714,1593
6715,2340
6716,2397
6717,2035
6718,1397
6719,1425
6720,3028
6721,1692
6722,2248
6723,1830
6724,1689
6725,2164
6726,1494
6727,1754
6728,1793
6729,1486
6730,2087
6731,2703
6732,1637
6733,1866
6734,1625
6735,1796
6736,7313
6737,1680
6738,1628
6739,1418
6740,2107
6741,1702
6742,1674
6743,1540
6744,1598
6745,1808
6746,1387
6747,1580
6748,1449
6749,2015
6750,4730
6751,1937
6752,2750
6753,1706
6754,1473
6755,1758
6756,1371
6757,1594
6758,2093
6759,1480
6760,2015
6761,1507
6762,1650
6763,1653
6764,1379
6765,2090
6766,1661
6767,2594
6768,1856
6769,1405
6770,2757
6771,1603
6772,1749
6773,1787
6774,1500
6775,1835
6776,2064
6777,2662
6778,1535
6779,1634
6780,2021
6781,1617
6782,1454
6783,1495
6784,1717
6785,1564
6786,1360
6787,2056
6788,1576
6789,6858
6790,2237
6791,2101
6792,1455
6793,1538
6794,1453
6795,1473
6796,1377
6797,1489
6798,1351
6799,1721
6800,23492
6801,2989
6802,1899
6803,3676
6804,1695
6805,1825
6806,1609
6807,1632
6808,1726
6809,2772
6810,2631
6811,3546
6812,1739
6813,1483
6814,1689
6815,1719
6816,1434
6817,1582
6818,1726
6819,1992
6820,2503
6821,1603
6822,2515
6823,1741
6824,1665
6825,2339
6826,1626
6827,1554
6828,1688
6829,1391
6830,2469
6831,2073
6832,1795
6833,1950
6834,1563
6835,1673
6836,1595
6837,1437
6838,1424
6839,1398
6840,2352
6841,1593
6842,1984
6843,1862
6844,1378
6845,1986
6846,1669
6847,1470
6848,1616
6849,1275
6850,4465
6851,2124
6852,1427
6853,1583
6854,2110
6855,1569
6856,1401
6857,1487
6858,1383
6859,1439
6860,1903
6861,1643
6862,1344
6863,1443
6864,1505
6865,1697
6866,1615
6867,1459
6868,2616
6869,1610
6870,3752
6871,1536
6872,1794
6873,1411
6874,1398
6875,8528
6876,1619
6877,1806
6878,1514
6879,1657
6880,2964
6881,2089
6882,1772
6883,1536
6884,1484
6885,1605
6886,1546
6887,1720
6888,2802
6889,1846
6890,2891
6891,1458
6892,1489
6893,1265
6894,1220
6895,1476
6896,1207
6897,1642
6898,1332
6899,1689
6900,12276
6901,3000
6902,2252
6903,1734
6904,1647
6905,1744
6906,1530
6907,1512
6908,1350
6909,1805
6910,2316
6911,2035
6912,2205
6913,1573
6914,1469
6915,1686
6916,1469
6917,1798
6918,1394
6919,1536
6920,2813
6921,1503
6922,2051
6923,1581
6924,1687
6925,1695
6926,1372
6927,1457
6928,1424
6929,1408
6930,2217
6931,1549
6932,1570
6933,1963
6934,1472
6935,1498
6936,1407
6937,1656
6938,1452
6939,1559
6940,2005
6941,1571
6942,1433
6943,1374
6944,1696
6945,1560
6946,3003
6947,1593
6948,1505
6949,1478
6950,4521
6951,1649
6952,1373
6953,1311
6954,1471
6955,1867
6956,1255
6957,1361
6958,1334
6959,1547
6960,2299
6961,1668
6962,1649
6963,2105
6964,1385
6965,1540
6966,1661
6967,1453
6968,1963
6969,3436
6970,3315
6971,1539
6972,1428
6973,1536
6974,1301
6975,1785
6976,2001
6977,1576
6978,1718
6979,1623
6980,2187
6981,1759
6982,1225
6983,1341
6984,1417
6985,1467
6986,1239
6987,1237
6988,2120
6989,1653
6990,11313
6991,1505
6992,1471
6993,1467
6994,1284
6995,1767
6996,1671
6997,1401
6998,1541
6999,3179
7000,138107
7001,9149
7002,5466
7003,4139
7004,4066
7005,4000
7006,3107
7007,3635
7008,2585
7009,2759
7010,5266
7011,2834
7012,2805
7013,2934
7014,2449
7015,3118
7016,2371
7017,2334
7018,2937
7019,3047
7020,5524
7021,2178
7022,2074
7023,2606
7024,1998
7025,2526
7026,1748
7027,2505
7028,1762
7029,1741
7030,4092
7031,2762
7032,1907
7033,1793
7034,1841
7035,2125
7036,1909
7037,1825
7038,1558
7039,1747
7040,3317
7041,2000
7042,2171
7043,1924
7044,2530
7045,1847
7046,1668
7047,1899
7048,1658
7049,1813
7050,5351
7051,2708
7052,1924
7053,1749
7054,2215
7055,2504
7056,1759
7057,1759
7058,1588
7059,1686
7060,2734
7061,1857
7062,1535
7063,1559
7064,1668
7065,2215
7066,1602
7067,1675
7068,1636
7069,1658
7070,5386
7071,5628
7072,2026
7073,1826
7074,1815
7075,7811
7076,1916
7077,3210
7078,1994
7079,1935
7080,3792
7081,1860
7082,2495
7083,1891
7084,1473
7085,1813
7086,1589
7087,1850
7088,1604
7089,1647
7090,2784
7091,1706
7092,1504
7093,1502
7094,2188
7095,2018
7096,1541
7097,1454
7098,1392
7099,1861
7100,17638
7101,2996
7102,2908
7103,2754
7104,2019
7105,2110
7106,2749
7107,2014
7108,1688
7109,1827
7110,3499
7111,3965
7112,2286
7113,1780
7114,2348
7115,2074
7116,2466
7117,2210
7118,1592
7119,1714
7120,3843
7121,2346
7122,2294
7123,2325
7124,1646
7125,2503
7126,1856
7127,1569
7128,1719
7129,2109
7130,2540
7131,2243
7132,1803
7133,1613
7134,1916
7135,2355
7136,1758
7137,1833
7138,1431
7139,1440
7140,2329
7141,2092
7142,1966
7143,2135
7144,1638
7145,1699
7146,1608
7147,1536
7148,1617
7149,1363
7150,4070
7151,2166
7152,2220
7153,1864
7154,1567
7155,2405
7156,1581
7157,1439
7158,1368
7159,1717
7160,2842
7161,1933
7162,1360
7163,1719
7164,1670
7165,1588
7166,1540
7167,2134
7168,2166
7169,1664
7170,2375
7171,2790
7172,1995
7173,1508
7174,1430
7175,1781
7176,2413
7177,1841
7178,1440
7179,1812
7180,2162
7181,1904
7182,1624
7183,1874
7184,1859
7185,1802
7186,1402
7187,1362
7188,2104
7189,1457
7190,2070
7191,1689
7192,1379
7193,1424
7194,1351
7195,1964
7196,1280
7197,1466
7198,1352
7199,2151
7200,34978
7201,3566
7202,2407
7203,2823
7204,1937
7205,2307
7206,2345
7207,1879
7208,2006
7209,1683
7210,3238
7211,2615
7212,2239
7213,1856
7214,1560
7215,2131
7216,1903
7217,1696
7218,1667
7219,2148
7220,2862
7221,1988
7222,2844
7223,2607
7224,3044
7225,2366
7226,1752
7227,2462
7228,1621
7229,1435
7230,2714
7231,2629
7232,1994
7233,3807
7234,2253
7235,1944
7236,1568
7237,1690
7238,1779
7239,1569
7240,2351
7241,1892
7242,1692
7243,2206
7244,1618
7245,2213
7246,1608
7247,1661
7248,1639
7249,1500
7250,4477
7251,1877
7252,1899
7253,1802
7254,1532
7255,1840
7256,1843
7257,1663
7258,1801
7259,1356
7260,3269
7261,1798
7262,1715
7263,1581
7264,1800
7265,2073
7266,1663
7267,1902
7268,1280
7269,1792
7270,2155
7271,1629
7272,2874
7273,2037
7274,1729
7275,2738
7276,1599
7277,2134
7278,1717
7279,1418
7280,2426
7281,1670
7282,1677
7283,1607
7284,1491
7285,1682
7286,1351
7287,1834
7288,1678
7289,1665
7290,2422
7291,1750
7292,1675
7293,1587
7294,1330
7295,1543
7296,1704
7297,1640
7298,1246
7299,1627
7300,14853
7301,2540
7302,2195
7303,2174
7304,2180
7305,2307
7306,2146
7307,1961
7308,1833
7309,1556
7310,2583
7311,2307
7312,1757
7313,1657
7314,1679
7315,1949
7316,1652
7317,1642
7318,1736
7319,1680
7320,2717
7321,2767
7322,1602
7323,2239
7324,2115
7325,2058
7326,2780
7327,1392
7328,1745
7329,1405
7330,2318
7331,2210
7332,1895
7333,3038
7334,1996
7335,1732
7336,1628
7337,1962
7338,1416
7339,1377
7340,2318
7341,1527
7342,1503
7343,1621
7344,1693
7345,1849
7346,1417
7347,1587
7348,1514
7349,1429
7350,3325
7351,1732
7352,1779
7353,1678
7354,1523
7355,2011
7356,1644
7357,2095
7358,1351
7359,1396
7360,2426
7361,1717
7362,1330
7363,1510
7364,1356
7365,1451
7366,1535
7367,1661
7368,2165
7369,1455
7370,2059
7371,1623
7372,1548
7373,2506
7374,1499
7375,2077
7376,1566
7377,1868
7378,2088
7379,1557
7380,2069
7381,1497
7382,1499
7383,1631
7384,1485
7385,1711
7386,1927
7387,1937
7388,1599
7389,1238
7390,2575
7391,1589
7392,1618
7393,1530
7394,1282
7395,1388
7396,1496
7397,1433
7398,1208
7399,4216
7400,13262
7401,2894
7402,3154
7403,1863
7404,2985
7405,2579
7406,1646
7407,1906
7408,2145
7409,1542
7410,2780
7411,3097
7412,1838
7413,1847
7414,1731
7415,2001
7416,1534
7417,1547
7418,1354
7419,1523
7420,3146
7421,1826
7422,2026
7423,3045
7424,2386
7425,2116
7426,1470
7427,1673
7428,1477
7429,1685
7430,2550
7431,1775
7432,1969
7433,2228
7434,1719
7435,1694
7436,1675
7437,1605
7438,1435
7439,1531
7440,3069
7441,1708
7442,1703
7443,2050
7444,2179
7445,2102
7446,1488
7447,2050
7448,1404
7449,1443
7450,3417
7451,1583
7452,1677
7453,1692
7454,1388
7455,1654
7456,1734
7457,1528
7458,1750
7459,1429
7460,1842
7461,1435
7462,1478
7463,1861
7464,1523
7465,1713
7466,1450
7467,1728
7468,1446
7469,2976
7470,2053
7471,1665
7472,1581
7473,1692
7474,3732
7475,2265
7476,1623
7477,1718
7478,1421
7479,1420
7480,2479
7481,1502
7482,1495
7483,1543
7484,1581
7485,1563
7486,1669
7487,1464
7488,1554
7489,1490
7490,2469
7491,1808
7492,1406
7493,1656
7494,1714
7495,1677
7496,1344
7497,1266
7498,1990
7499,2166
7500,57224
7501,3710
7502,2089
7503,2168
7504,1748
7505,2254
7506,2996
7507,1827
7508,1692
7509,1628
7510,3156
7511,2243
7512,1962
7513,1864
7514,1867
7515,2339
7516,1639
7517,1840
7518,1649
7519,2007
7520,3599
7521,2018
7522,2239
7523,1734
7524,1647
7525,2780
7526,1607
7527,1492
7528,1505
7529,2581
7530,2303
7531,1695
7532,1412
7533,1602
7534,1599
7535,1989
7536,1332
7537,1632
7538,1687
7539,1646
7540,2195
7541,1718
7542,1561
7543,1512
7544,1468
7545,2241
7546,1803
7547,1741
7548,1476
7549,1403
7550,3140
7551,1761
7552,1825
7553,1631
7554,3992
7555,2624
7556,1766
7557,1987
7558,1415
7559,2070
7560,2353
7561,1404
7562,1585
7563,1376
7564,1266
7565,1720
7566,2025
7567,1906
7568,1518
7569,1715
7570,2029
7571,1387
7572,1379
7573,1359
7574,1221
7575,3037
7576,1621
7577,1910
7578,1336
7579,1324
7580,2115
7581,1476
7582,1676
7583,1459
7584,1835
7585,1846
7586,1290
7587,1478
7588,1462
7589,1558
7590,2844
7591,1627
7592,1395
7593,1571
7594,1363
7595,1642
7596,1190
7597,1265
7598,1457
7599,1571
7600,16305
7601,5386
7602,2091
7603,1746
7604,1664
7605,1665
7606,1860
7607,1755
7608,1567
7609,1520
7610,3743
7611,2109
7612,1698
7613,2076
7614,1599
7615,1551
7616,1556
7617,1396
7618,1314
7619,1696
7620,3003
7621,1748
7622,1449
7623,1937
7624,1699
7625,2278
7626,1498
7627,1458
7628,1486
7629,1646
7630,2060
7631,2159
7632,1995
7633,1664
7634,1249
7635,1413
7636,1726
7637,1684
7638,1538
7639,1459
7640,2050
7641,1727
7642,1551
7643,1643
7644,1723
7645,2238
7646,1423
7647,1482
7648,1356
7649,1364
7650,3456
7651,1333
7652,1833
7653,1751
7654,2800
7655,1723
7656,1540
7657,1436
7658,1325
7659,1486
7660,2172
7661,1691
7662,1521
7663,1774
7664,1569
7665,1797
7666,1881
7667,2102
7668,1362
7669,1941
7670,1928
7671,2307
7672,1489
7673,1592
7674,1364
7675,1751
7676,2616
7677,1583
7678,1487
7679,1575
7680,3727
7681,1715
7682,1416
7683,1509
7684,1272
7685,1375
7686,1399
7687,2346
7688,1774
7689,1207
7690,1453
7691,1360
7692,1825
7693,1311
7694,1179
7695,1953
7696,1410
7697,1375
7698,1778
7699,1657
7700,16495
7701,4430
7702,2700
7703,2180
7704,1737
7705,1706
7706,2245
7707,1660
7708,1664
7709,1483
7710,3247
7711,3085
7712,1839
7713,1693
7714,5265
7715,1911
7716,1479
7717,3219
7718,1500
7719,1505
7720,2804
7721,3802
7722,2385
7723,1818
7724,1575
7725,2243
7726,2017
7727,2076
7728,1873
7729,1720
7730,2781
7731,1664
7732,1758
7733,2304
7734,2613
7735,1962
7736,1888
7737,1945
7738,1675
7739,1713
7740,3009
7741,1808
7742,1714
7743,1641
7744,1900
7745,1715
7746,1570
7747,2452
7748,1823
7749,1573
7750,7067
7751,2212
7752,1526
7753,2243
7754,1361
7755,2006
7756,1572
7757,1866
7758,1495
7759,1698
7760,2430
7761,1802
7762,1692
7763,1822
7764,2148
7765,1664
7766,2211
7767,1801
7768,1854
7769,1625
7770,3839
7771,2780
7772,1899
7773,1882
7774,1915
7775,2197
7776,2640
7777,14067
7778,2952
7779,2171
7780,2707
7781,1521
7782,1715
7783,1486
7784,1329
7785,1748
7786,1925
7787,1876
7788,3039
7789,2103
7790,2421
7791,1662
7792,1527
7793,2115
7794,1389
7795,1786
7796,1413
7797,1598
7798,1415
7799,2672
7800,18187
7801,2677
7802,1863
7803,2154
7804,1518
7805,3720
7806,1623
7807,1591
7808,1806
7809,1856
7810,2308
7811,2003
7812,3807
7813,1811
7814,1621
7815,1787
7816,2506
7817,1952
7818,1579
7819,1394
7820,2181
7821,1741
7822,1760
7823,1534
7824,1720
7825,2566
7826,1423
7827,2032
7828,1661
7829,1385
7830,1827
7831,2033
7832,1546
7833,2073
7834,2015
7835,1662
7836,2463
7837,1617
7838,1377
7839,2576
7840,2390
7841,1952
7842,1449
7843,2242
7844,1653
7845,1956
7846,1291
7847,1493
7848,1744
7849,1603
7850,4833
7851,1662
7852,1513
7853,1526
7854,1890
7855,2251
7856,1287
7857,1525
7858,1491
7859,1346
7860,2459
7861,1620
7862,1303
7863,1619
7864,1919
7865,1491
7866,2013
7867,2668
7868,1510
7869,2322
7870,4443
7871,1965
7872,1778
7873,1802
7874,1834
7875,2483
7876,1783
7877,1638
7878,2592
7879,2031
7880,2190
7881,1711
7882,1435
7883,1360
7884,1621
7885,2205
7886,1353
7887,2023
7888,2893
7889,1806
7890,5764
7891,1839
7892,1347
7893,1395
7894,1454
7895,1531
7896,1534
7897,1457
7898,1711
7899,1907
7900,13204
7901,4937
7902,2028
7903,1884
7904,1923
7905,1757
7906,1500
7907,1672
7908,1734
7909,2032
7910,2816
7911,2009
7912,1687
7913,1539
7914,1840
7915,1983
7916,1643
7917,2105
7918,1504
7919,1860
7920,3016
7921,2202
7922,1688
7923,1767
7924,1591
7925,2109
7926,1454
7927,1644
7928,1695
7929,1492
7930,2280
7931,1824
7932,1623
7933,1502
7934,1308
7935,1723
7936,2162
7937,1641
7938,1355
7939,1696
7940,2293
7941,1754
7942,2293
7943,1260
7944,1794
7945,1438
7946,1872
7947,1518
7948,1278
7949,1616
7950,5690
7951,1586
7952,1526
7953,1260
7954,1225
7955,1816
7956,1581
7957,1587
7958,1623
7959,1456
7960,2591
7961,1601
7962,1367
7963,1424
7964,1186
7965,1451
7966,1761
7967,1748
7968,1713
7969,1559
7970,6254
7971,1855
7972,1319
7973,2381
7974,2048
7975,1556
7976,1984
7977,2071
7978,1280
7979,2427
7980,2245
7981,1571
7982,1245
7983,1504
7984,1443
7985,1682
7986,1303
7987,1196
7988,1396
7989,1641
7990,2813
7991,1362
7992,1258
7993,1517
7994,1238
7995,1783
7996,1243
7997,1724
7998,1972
7999,3573
8000,240294
8001,14710
8002,6709
8003,4739
8004,3917
8005,4019
8006,3749
8007,3322
8008,6709
8009,3803
8010,6431
8011,3866
8012,2693
8013,2258
8014,2430
8015,2326
8016,2364
8017,2008
8018,2444
8019,1845
8020,7019
8021,2763
8022,2606
8023,2130
8024,1972
8025,2862
8026,1726
8027,1809
8028,2413
8029,1801
8030,3054
8031,2390
8032,2652
8033,2119
8034,2141
8035,2224
8036,1988
8037,1748
8038,1706
8039,1839
8040,3727
8041,1897
8042,2399
8043,1829
8044,1806
8045,1792
8046,1736
8047,2209
8048,2247
8049,1826
8050,4922
8051,7971
8052,2276
8053,2266
8054,1724
8055,2053
8056,1664
8057,2107
8058,1978
8059,1704
8060,3314
8061,2149
8062,1700
8063,1723
8064,1908
8065,2048
8066,1687
8067,1621
8068,1742
8069,2254
8070,2936
8071,2094
8072,1837
8073,1688
8074,1382
8075,2166
8076,1447
8077,1910
8078,2169
8079,1803
8080,257432
8081,22892
8082,8697
8083,5374
8084,3112
8085,6117
8086,13547
8087,3548
8088,9151
8089,3774
8090,8465
8091,4364
8092,2769
8093,2309
8094,2079
8095,2044
8096,2554
8097,1732
8098,2023
8099,2467
8100,17895
8101,3603
8102,2359
8103,2082
8104,1944
8105,2030
8106,1811
8107,1687
8108,2049
8109,1978
8110,4146
8111,4860
8112,2234
8113,1989
8114,1881
8115,2082
8116,1662
8117,1828
8118,2620
8119,1678
8120,3698
8121,1845
8122,2051
8123,3953
8124,2031
8125,10487
8126,1914
8127,2178
8128,1854
8129,2045
8130,2743
8131,2246
8132,1475
8133,1967
8134,1458
8135,2235
8136,1593
8137,1892
8138,1679
8139,1850
8140,2813
8141,1791
8142,1455
8143,1702
8144,1806
8145,1657
8146,1493
8147,1574
8148,1372
8149,1388
8150,3732
8151,1755
8152,2009
8153,1688
8154,1485
8155,1710
8156,1518
8157,1735
8158,1404
8159,1570
8160,2706
8161,2045
8162,1516
8163,1538
8164,1453
8165,1929
8166,1712
8167,1849
8168,2001
8169,1566
8170,1744
8171,2050
8172,1755
8173,1766
8174,1560
8175,1687
8176,1653
8177,1592
8178,1489
8179,1448
8180,3202
8181,5208
8182,2482
8183,1607
8184,1852
8185,1721
8186,1516
8187,1560
8188,2145
8189,1575
8190,2300
8191,5256
8192,39090
8193,2372
8194,2435
8195,2660
8196,1890
8197,1595
8198,1551
8199,1929
8200,18033
8201,3702
8202,3333
8203,15965
8204,2255
8205,3045
8206,1991
8207,1860
8208,2776
8209,2759
8210,3429
8211,20989
8212,15037
8213,2699
8214,1794
8215,2063
8216,8430
8217,91461
8218,2180
8219,1435
8220,29590
8221,38887
8222,4094
8223,2405
8224,2433
8225,2179
8226,15666
8227,1740
8228,2313
8229,1566
8230,10519
8231,1836
8232,2443
8233,2004
8234,1742
8235,1771
8236,1468
8237,1664
8238,1436
8239,1952
8240,2523
8241,1510
8242,1964
8243,2291
8244,1572
8245,1838
8246,1564
8247,1708
8248,1547
8249,1811
8250,4840
8251,1929
8252,1895
8253,1906
8254,1906
8255,9432
8256,2045
8257,1445
8258,1600
8259,1990
8260,2783
8261,1669
8262,1556
8263,1678
8264,1657
8265,2117
8266,2250
8267,2024
8268,1491
8269,1421
8270,2192
8271,1633
8272,1686
8273,1641
8274,1701
8275,1943
8276,1603
8277,1666
8278,1574
8279,1756
8280,2587
8281,2012
8282,3067
8283,2884
8284,1836
8285,1538
8286,1689
8287,1687
8288,2393
8289,1598
8290,1915
8291,1590
8292,1635
8293,1486
8294,1484
8295,1537
8296,1514
8297,2308
8298,1230
8299,1691
8300,14129
8301,4139
8302,2640
8303,2449
8304,1727
8305,1784
8306,1758
8307,1541
8308,1620
8309,1595
8310,3204
8311,2053
8312,1725
8313,1944
8314,1594
8315,1700
8316,1487
8317,1590
8318,1427
8319,1476
8320,3987
8321,1756
8322,1787
8323,1638
8324,1732
8325,2321
8326,1537
8327,1461
8328,1376
8329,1786
8330,3445
8331,1763
8332,2718
8333,7941
8334,1586
8335,1584
8336,2021
8337,1591
8338,1597
8339,1927
8340,2011
8341,1712
8342,1353
8343,1448
8344,1682
8345,1586
8346,1595
8347,1558
8348,1435
8349,1421
8350,5426
8351,1688
8352,1554
8353,1787
8354,1263
8355,1526
8356,1428
8357,1287
8358,1868
8359,1440
8360,2079
8361,1545
8362,1385
8363,1564
8364,2294
8365,1607
8366,1532
8367,1501
8368,1359
8369,1641
8370,1875
8371,1701
8372,1442
8373,1441
8374,1310
8375,1764
8376,1428
8377,2063
8378,1508
8379,1578
8380,1903
8381,1519
8382,1423
8383,2542
8384,1523
8385,1559
8386,1353
8387,1606
8388,1800
8389,1584
8390,1781
8391,1418
8392,1592
8393,1405
8394,1273
8395,1437
8396,1329
8397,1293
8398,1425
8399,1505
8400,14839
8401,2787
8402,1700
8403,1481
8404,1814
8405,1528
8406,1471
8407,1463
8408,1617
8409,1366
8410,1831
8411,2394
8412,1589
8413,1509
8414,1685
8415,1778
8416,1380
8417,1729
8418,1496
8419,1593
8420,1684
8421,1813
8422,1674
8423,1537
8424,2067
8425,1798
8426,1277
8427,1424
8428,1368
8429,1329
8430,1798
8431,1702
8432,1678
8433,1734
8434,1457
8435,1486
8436,1297
8437,1293
8438,1303
8439,1517
8440,1989
8441,1479
8442,1588
8443,15173
8444,3116
8445,1896
8446,1773
8447,1468
8448,2209
8449,1519
8450,2762
8451,2063
8452,1765
8453,2034
8454,1767
8455,1795
8456,2130
8457,2466
8458,1614
8459,1439
8460,1705
8461,1615
8462,1571
8463,1785
8464,1535
8465,1509
8466,1401
8467,1463
8468,1269
8469,1333
8470,1863
8471,1719
8472,2684
8473,1631
8474,1407
8475,1532
8476,1432
8477,9622
8478,1512
8479,1440
8480,1945
8481,1593
8482,2510
8483,1643
8484,2474
8485,1851
8486,1631
8487,1553
8488,1699
8489,1520
8490,1727
8491,1413
8492,1251
8493,1695
8494,1253
8495,1687
8496,1531
8497,1365
8498,1763
8499,2231
8500,31621
8501,4375
8502,2483
8503,1883
8504,1735
8505,2268
8506,1855
8507,1769
8508,1616
8509,1379
8510,2483
8511,2049
8512,1730
8513,1352
8514,1640
8515,1846
8516,1626
8517,1626
8518,1488
8519,1503
8520,4382
8521,1969
8522,1744
8523,1500
8524,1408
8525,2662
8526,1769
8527,1753
8528,1458
8529,1993
8530,2933
8531,1715
8532,1641
8533,1619
8534,1692
8535,1850
8536,1749
8537,1462
8538,1280
8539,1391
8540,2980
8541,1809
8542,2384
8543,1785
8544,2229
8545,4003
8546,1605
8547,1578
8548,1217
8549,1392
8550,3170
8551,1709
8552,1552
8553,1421
8554,1967
8555,2929
8556,1602
8557,1276
8558,1815
8559,1356
8560,2290
8561,1536
8562,1485
8563,1528
8564,1447
8565,1645
8566,1420
8567,1486
8568,1499
8569,1220
8570,2699
8571,2056
8572,1479
8573,1645
8574,1283
8575,1921
8576,1374
8577,1673
8578,1296
8579,1475
8580,2212
8581,1655
8582,1722
8583,2040
8584,1506
8585,3009
8586,1758
8587,1490
8588,1803
8589,1442
8590,1650
8591,1497
8592,2014
8593,1729
8594,3541
8595,1797
8596,1444
8597,1267
8598,1280
8599,1884
8600,24047
8601,19135
8602,1641
8603,1686
8604,1579
8605,1711
8606,3956
8607,1281
8608,1538
8609,1579
8610,3166
8611,2060
8612,1547
8613,1411
8614,2145
8615,1703
8616,2110
8617,1767
8618,11678
8619,1397
8620,2840
8621,1995
8622,1739
8623,1831
8624,1804
8625,2299
8626,1368
8627,1543
8628,1617
8629,1425
8630,1874
8631,1459
8632,1465
8633,1657
8634,1325
8635,1483
8636,1394
8637,1518
8638,1460
8639,1701
8640,2666
8641,1459
8642,1557
8643,1515
8644,2132
8645,1396
8646,1384
8647,1408
8648,1875
8649,1454
8650,2396
8651,1424
8652,1436
8653,1350
8654,1323
8655,1817
8656,1691
8657,1343
8658,1569
8659,1491
8660,2225
8661,1661
8662,1613
8663,1476
8664,2384
8665,1680
8666,1993
8667,2070
8668,1629
8669,1817
8670,1762
8671,1373
8672,1502
8673,1373
8674,3013
8675,1686
8676,1443
8677,1578
8678,1323
8679,1334
8680,1734
8681,1709
8682,1357
8683,2086
8684,1385
8685,1535
8686,2406
8687,1927
8688,2073
8689,1331
8690,1549
8691,1514
8692,1332
8693,1450
8694,1282
8695,1533
8696,1485
8697,1292
8698,1158
8699,1407
8700,12260
8701,2901
8702,1452
8703,1656
8704,1893
8705,2002
8706,1607
8707,1638
8708,1894
8709,1371
8710,2433
8711,2319
8712,1741
8713,1415
8714,1259
8715,1578
8716,1485
8717,1403
8718,1318
8719,1521
8720,2086
8721,1911
8722,2554
8723,1616
8724,1475
8725,1743
8726,1348
8727,1634
8728,1373
8729,1430
8730,2202
8731,1416
8732,1695
8733,1943
8734,1614
8735,1593
8736,1607
8737,1406
8738,1448
8739,1676
8740,2272
8741,1812
8742,1580
8743,1645
8744,1567
8745,1597
8746,2175
8747,1831
8748,1330
8749,1552
8750,4083
8751,1465
8752,1347
8753,1596
8754,1278
8755,1963
8756,1415
8757,1526
8758,1323
8759,1280
8760,3691
8761,2444
8762,1483
8763,1287
8764,1380
8765,2768
8766,1630
8767,3307
8768,1361
8769,1114
8770,1723
8771,1486
8772,1445
8773,1528
8774,1560
8775,1970
8776,2501
8777,2481
8778,1616
8779,1262
8780,1655
8781,1421
8782,1465
8783,1286
8784,1507
8785,1353
8786,1754
8787,3503
8788,1832
8789,1471
8790,1607
8791,1252
8792,1266
8793,1281
8794,1321
8795,1400
8796,1119
8797,1283
8798,1147
8799,2899
8800,22456
8801,3154
8802,2654
8803,1769
8804,2075
8805,1934
8806,1636
8807,1978
8808,1880
8809,1926
8810,2287
8811,2748
8812,1671
8813,1434
8814,1506
8815,1647
8816,1828
8817,1756
8818,1625
8819,1543
8820,2992
8821,1823
8822,2488
8823,1597
8824,1671
8825,2064
8826,1353
8827,1480
8828,1784
8829,1546
8830,2830
8831,1783
8832,1964
8833,2414
8834,1435
8835,1778
8836,1473
8837,1546
8838,1516
8839,1637
8840,2012
8841,1471
8842,1391
8843,1766
8844,2341
8845,1491
8846,1375
8847,1296
8848,3354
8849,1632
8850,3531
8851,1410
8852,1242
8853,1570
8854,2063
8855,2306
8856,1630
8857,1568
8858,1711
8859,37153
8860,2009
8861,1638
8862,1467
8863,1816
8864,1363
8865,1855
8866,2093
8867,1490
8868,1640
8869,1656
8870,1706
8871,1570
8872,1534
8873,1606
8874,1278
8875,1899
8876,1610
8877,2146
8878,1657
8879,1877
8880,3306
8881,2481
8882,1922
8883,3043
8884,1902
8885,1848
8886,1698
8887,2154
8888,33471
8889,4380
8890,2959
8891,1816
8892,1438
8893,1333
8894,1189
8895,2264
8896,1259
8897,1270
8898,1547
8899,2826
8900,11362
8901,4065
8902,1827
8903,1677
8904,1435
8905,1400
8906,1502
8907,1301
8908,1441
8909,1489
8910,3079
8911,1776
8912,1578
8913,1376
8914,1286
8915,1406
8916,1365
8917,1403
8918,1386
8919,1457
8920,1949
8921,1562
8922,1519
8923,1440
8924,1536
8925,1636
8926,1326
8927,1342
8928,1403
8929,1404
8930,1898
8931,2236
8932,1315
8933,1324
8934,1149
8935,1370
8936,1402
8937,1353
8938,2552
8939,1432
8940,1860
8941,1579
8942,1270
8943,1343
8944,1485
8945,1399
8946,1317
8947,1409
8948,1223
8949,2565
8950,2444
8951,1320
8952,1363
8953,1192
8954,1405
8955,1619
8956,1268
8957,1129
8958,1471
8959,1270
8960,2082
8961,1273
8962,1791
8963,1443
8964,2118
8965,1485
8966,1349
8967,1082
8968,1301
8969,2390
8970,1434
8971,1477
8972,1332
8973,1395
8974,1305
8975,1425
8976,1313
8977,1441
8978,1279
8979,1332
8980,1852
8981,1524
8982,1277
8983,3666
8984,2153
8985,1346
8986,1417
8987,1361
8988,1764
8989,3378
8990,2334
8991,1385
8992,1357
8993,1864
8994,1537
8995,1752
8996,1571
8997,1358
8998,1870
8999,3773
9000,141721
9001,87139
9002,7641
9003,5089
9004,4249
9005,4138
9006,3878
9007,3229
9008,2435
9009,4054
9010,5407
9011,2672
9012,2835
9013,1835
9014,1805
9015,2493
9016,1979
9017,1851
9018,1894
9019,1685
9020,3643
9021,2066
9022,1852
9023,1742
9024,1972
9025,2138
9026,1568
9027,1772
9028,1354
9029,1357
9030,2642
9031,1843
9032,1611
9033,1822
9034,1401
9035,1659
9036,1488
9037,1383
9038,1472
9039,1393
9040,2441
9041,1751
9042,3076
9043,1475
9044,1370
9045,1573
9046,1304
9047,1461
9048,1507
9049,1267
9050,4071
9051,1752
9052,1511
9053,1450
9054,1586
9055,1720
9056,1315
9057,1420
9058,1263
9059,1471
9060,3178
9061,1466
9062,1323
9063,1546
9064,1395
9065,1373
9066,3533
9067,1319
9068,1400
9069,1401
9070,2104
9071,1704
9072,1453
9073,1325
9074,1211
9075,1870
9076,1224
9077,1688
9078,2039
9079,1274
9080,5203
9081,1822
9082,1551
9083,1728
9084,1337
9085,1985
9086,1133
9087,1422
9088,1580
9089,1626
9090,14150
9091,4274
9092,12983
9093,3592
9094,2109
9095,1885
9096,1446
9097,1555
9098,1497
9099,2367
9100,15034
9101,3309
9102,2365
9103,1715
9104,1896
9105,1709
9106,1546
9107,1500
9108,1514
9109,1542
9110,2771
9111,3099
9112,1522
9113,1545
9114,1505
9115,1979
9116,1489
9117,1479
9118,1429
9119,1719
9120,2519
9121,1682
9122,2434
9123,2251
9124,1353
9125,2257
9126,1934
9127,1568
9128,2055
9129,1266
9130,2028
9131,1939
9132,1507
9133,1589
9134,1252
9135,1405
9136,1587
9137,1433
9138,1101
9139,1361
9140,2095
9141,1909
9142,1593
9143,1306
9144,2578
9145,1519
9146,1243
9147,1337
9148,1340
9149,1670
9150,3054
9151,1667
9152,1435
9153,1754
9154,1265
9155,1963
9156,1229
9157,1218
9158,1195
9159,1211
9160,2223
9161,1477
9162,1338
9163,1289
9164,1283
9165,2078
9166,1445
9167,2203
9168,1386
9169,1079
9170,1676
9171,1735
9172,1247
9173,1443
9174,1228
9175,1447
9176,1126
9177,1207
9178,1289
9179,1123
9180,1973
9181,1495
9182,1366
9183,1229
9184,1565
9185,1636
9186,1369
9187,1440
9188,1387
9189,1423
9190,1681
9191,2825
9192,1613
9193,1575
9194,1264
9195,1364
9196,1350
9197,1212
9198,1304
9199,1725
9200,26552
9201,3079
9202,1943
9203,2229
9204,1581
9205,1850
9206,1484
9207,1413
9208,1641
9209,1396
9210,2271
9211,2378
9212,2447
9213,1605
9214,1463
9215,1567
9216,2992
9217,1496
9218,1251
9219,1557
9220,2239
9221,1897
9222,3361
9223,1701
9224,1508
9225,2071
9226,1339
9227,1629
9228,1459
9229,2207
9230,2524
9231,1710
9232,1606
9233,1670
9234,1422
9235,1490
9236,1277
9237,1313
9238,1298
9239,1545
9240,2231
9241,2143
9242,1606
9243,1521
9244,1497
9245,1404
9246,1327
9247,1510
9248,1479
9249,1264
9250,3997
9251,1656
9252,1513
9253,1444
9254,1185
9255,1838
9256,1408
9257,1408
9258,1416
9259,1286
9260,2221
9261,1698
9262,1879
9263,1478
9264,1307
9265,1560
9266,1709
9267,1556
9268,1577
9269,1304
9270,1497
9271,1476
9272,1644
9273,1394
9274,1385
9275,1554
9276,1336
9277,1479
9278,1432
9279,1320
9280,1969
9281,1500
9282,1588
9283,1567
9284,1374
9285,1360
9286,1458
9287,1284
9288,1518
9289,1206
9290,2097
9291,1491
9292,4106
9293,1476
9294,1474
9295,1740
9296,1231
9297,1412
9298,1352
9299,1506
9300,14927
9301,2300
9302,1587
9303,1906
9304,1331
9305,1536
9306,1357
9307,1323
9308,1496
9309,1368
9310,2722
9311,2021
9312,1729
9313,1406
9314,1447
9315,1566
9316,1329
9317,1366
9318,1355
9319,1514
9320,2345
9321,1543
9322,1409
9323,1265
9324,1404
9325,2313
9326,2330
9327,1500
9328,1652
9329,1309
9330,2304
9331,1558
9332,1466
9333,3501
9334,1344
9335,1694
9336,1549
9337,1372
9338,1268
9339,1664
9340,1886
9341,1467
9342,1267
9343,1773
9344,1738
9345,1524
9346,1306
9347,1310
9348,1210
9349,1483
9350,3088
9351,1872
9352,1347
9353,1321
9354,1331
9355,1962
9356,1204
9357,1282
9358,1198
9359,1305
9360,2990
9361,1655
9362,1590
9363,1289
9364,1245
9365,1402
9366,1352
9367,1345
9368,1246
9369,1395
9370,2267
9371,1421
9372,1331
9373,1280
9374,1172
9375,16731
9376,1495
9377,1374
9378,1656
9379,1229
9380,2305
9381,1715
9382,1221
9383,1620
9384,1658
9385,1561
9386,1282
9387,1303
9388,1421
9389,1310
9390,1514
9391,1392
9392,1332
9393,2340
9394,1595
9395,1408
9396,1150
9397,1627
9398,1191
9399,1651
9400,10281
9401,2174
9402,1534
9403,1707
9404,1758
9405,1650
9406,1404
9407,1449
9408,1642
9409,1689
9410,2148
9411,2809
9412,1557
9413,1343
9414,1476
9415,1877
9416,1507
9417,1618
9418,1799
9419,1631
9420,1833
9421,1458
9422,1675
9423,1187
9424,1491
9425,1550
9426,1149
9427,1313
9428,1373
9429,1361
9430,1756
9431,1334
9432,1434
9433,1470
9434,1416
9435,1345
9436,1242
9437,1358
9438,1281
9439,1391
9440,2210
9441,1412
9442,1377
9443,3984
9444,2051
9445,1628
9446,1314
9447,1183
9448,1319
9449,1540
9450,2460
9451,1520
9452,1446
9453,1520
9454,1207
9455,1501
9456,1327
9457,1433
9458,1139
9459,1163
9460,1615
9461,1316
9462,1259
9463,1915
9464,1539
9465,1599
9466,1314
9467,1329
9468,1390
9469,1295
9470,1495
9471,1116
9472,2532
9473,1462
9474,1924
9475,1392
9476,1123
9477,1547
9478,1167
9479,1277
9480,1551
9481,1350
9482,1255
9483,1155
9484,1375
9485,1327
9486,1130
9487,1187
9488,1382
9489,1228
9490,1623
9491,1303
9492,1401
9493,1190
9494,1931
9495,1487
9496,1436
9497,1403
9498,1110
9499,1566
9500,22011
9501,2759
9502,1990
9503,2008
9504,1900
9505,2181
9506,1468
9507,1498
9508,1535
9509,1416
9510,2230
9511,1985
9512,1434
9513,1583
9514,1497
9515,1895
9516,1422
9517,1283
9518,1415
9519,1205
9520,2041
9521,1700
9522,1400
9523,1409
9524,1569
9525,2618
9526,1235
9527,1916
9528,1552
9529,1500
9530,2365
9531,1671
9532,1283
9533,1448
9534,1212
9535,1283
9536,1757
9537,1284
9538,1350
9539,1246
9540,1550
9541,1661
9542,1408
9543,1362
9544,1247
9545,2030
9546,1255
9547,1136
9548,1250
9549,1103
9550,3869
9551,1688
9552,1533
9553,1449
9554,1307
9555,3008
9556,1387
9557,1532
9558,1255
9559,2012
9560,2896
9561,1346
9562,1310
9563,1213
9564,1336
9565,1556
9566,1371
9567,1401
9568,1736
9569,1298
9570,2254
9571,1291
9572,1403
9573,1208
9574,1131
9575,1885
9576,1178
9577,1286
9578,1121
9579,1651
9580,1740
9581,1201
9582,1138
9583,1433
9584,1278
9585,1464
9586,1140
9587,1253
9588,1334
9589,1077
9590,2284
9591,1238
9592,1372
9593,1479
9594,1263
9595,2913
9596,1462
9597,1270
9598,1364
9599,1571
9600,30663
9601,2821
9602,1692
9603,1812
9604,2121
9605,1940
9606,3582
9607,2057
9608,2262
9609,1658
9610,2229
9611,2498
9612,1467
9613,1677
9614,1290
9615,1651
9616,1328
9617,1752
9618,1503
9619,1447
9620,1934
9621,1412
9622,2171
9623,1426
9624,1358
9625,1844
9626,1517
9627,1192
9628,1197
9629,1341
9630,2340
9631,1354
9632,1639
9633,1588
9634,1141
9635,1421
9636,1240
9637,1294
9638,1130
9639,1459
9640,1435
9641,1483
9642,3220
9643,1204
9644,1495
9645,1682
9646,1434
9647,1377
9648,1280
9649,1311
9650,3768
9651,1504
9652,1340
9653,1378
9654,2157
9655,1653
9656,1586
9657,1280
9658,1793
9659,1363
9660,3566
9661,1696
9662,9616
9663,1844
9664,1694
9665,1520
9666,1612
9667,1689
9668,1701
9669,1449
9670,12207
9671,1222
9672,1384
9673,1481
9674,2151
9675,1866
9676,1289
9677,1348
9678,1243
9679,1750
9680,1549
9681,1292
9682,1185
9683,1329
9684,1188
9685,1595
9686,1423
9687,1292
9688,3563
9689,1386
9690,1628
9691,1275
9692,1218
9693,1158
9694,1157
9695,1490
9696,2381
9697,1560
9698,1235
9699,1477
9700,13978
9701,2272
9702,1689
9703,1349
9704,1460
9705,1606
9706,1574
9707,1643
9708,1378
9709,1533
9710,1824
9711,1843
9712,1679
9713,1317
9714,1623
9715,1277
9716,1360
9717,1297
9718,1161
9719,1190
9720,2062
9721,1403
9722,1553
9723,1327
9724,1279
9725,1545
9726,1320
9727,1323
9728,1716
9729,1454
9730,1397
9731,1221
9732,1287
9733,3532
9734,1973
9735,1639
9736,1291
9737,1391
9738,1280
9739,1198
9740,1406
9741,1322
9742,1357
9743,1469
9744,2133
9745,1607
9746,1161
9747,1417
9748,1271
9749,1205
9750,2850
9751,1360
9752,1293
9753,1180
9754,1304
9755,1536
9756,1260
9757,1206
9758,1312
9759,1098
9760,1562
9761,1274
9762,1328
9763,1536
9764,1279
9765,1361
9766,1512
9767,1512
9768,1116
9769,1245
9770,1709
9771,1316
9772,1295
9773,1194
9774,1154
9775,1463
9776,2190
9777,2139
9778,1488
9779,1428
9780,2816
9781,1421
9782,1037
9783,1249
9784,1468
9785,1517
9786,1259
9787,1369
9788,1414
9789,1320
9790,2143
9791,1426
9792,1783
9793,2103
9794,1306
9795,1388
9796,2710
9797,1937
9798,1476
9799,1588
9800,16064
9801,3125
9802,1988
9803,1613
9804,1467
9805,1631
9806,1518
9807,1501
9808,1652
9809,1310
9810,3812
9811,1700
9812,1268
9813,1404
9814,1273
9815,1487
9816,1378
9817,1412
9818,1452
9819,1238
9820,2638
9821,1460
9822,1940
9823,1406
9824,1570
9825,2012
9826,1358
9827,1553
9828,1503
9829,1600
9830,1952
9831,1273
9832,1748
9833,1754
9834,1433
9835,1665
9836,1376
9837,1214
9838,1222
9839,1363
9840,1888
9841,1479
9842,1436
9843,1412
9844,1363
9845,1560
9846,1220
9847,1223
9848,1268
9849,1275
9850,2821
9851,1418
9852,1298
9853,1390
9854,1162
9855,1452
9856,1388
9857,1412
9858,1285
9859,1278
9860,3332
9861,1655
9862,1117
9863,1275
9864,1245
9865,1460
9866,1307
9867,1375
9868,1521
9869,1254
9870,1725
9871,1421
9872,1391
9873,1299
9874,1206
9875,1818
9876,6152
9877,1911
9878,1393
9879,1405
9880,2011
9881,1363
9882,1398
9883,1376
9884,1145
9885,1347
9886,1146
9887,1566
9888,2594
9889,2114
9890,1747
9891,1300
9892,1149
9893,1247
9894,1089
9895,1980
9896,1298
9897,1309
9898,3021
9899,2454
9900,17853
9901,3124
9902,1880
9903,1890
9904,1870
9905,1794
9906,1382
9907,1733
9908,1817
9909,1714
9910,2124
9911,2197
9912,1675
9913,1704
9914,1375
9915,1599
9916,1250
9917,1521
9918,1366
9919,1594
9920,1963
9921,1501
9922,1999
9923,1476
9924,1274
9925,1937
9926,1821
9927,1280
9928,1287
9929,1536
9930,2965
9931,1573
9932,1512
9933,2638
9934,1699
9935,1591
9936,1299
9937,1225
9938,1454
9939,1805
9940,1704
9941,1328
9942,1311
9943,1295
9944,1990
9945,1739
9946,1289
9947,1693
9948,1380
9949,1581
9950,2681
9951,1529
9952,1319
9953,1307
9954,1313
9955,1885
9956,1344
9957,1301
9958,1420
9959,1597
9960,2728
9961,1709
9962,1416
9963,1418
9964,1463
9965,1958
9966,2271
9967,1581
9968,1401
9969,1496
9970,1641
9971,1704
9972,1580
9973,1758
9974,1335
9975,2121
9976,1473
9977,1839
9978,1469
9979,1649
9980,2307
9981,2397
9982,1831
9983,1806
9984,2307
9985,1961
9986,1808
9987,2128
9988,3045
9989,2839
9990,4821
9991,3352
9992,2521
9993,2857
9994,3071
9995,4715
9996,3614
9997,4312
9998,6537
9999,117945
10000,337574
