number,count
0,164825826
1,181885739
2,130149612
3,85561363
4,64725453
5,68310504
6,43453558
7,36585542
8,36808882
9,28463017
10,49088239
11,20943480
12,25959915
13,14472940
14,14780469
15,21080912
16,15219545
17,11865028
18,13687886
19,14295882
20,24416762
21,10337944
22,9900579
23,8735523
24,12487847
25,14501299
26,7395029
27,7202426
28,7525691
29,6533610
30,21604096
31,6514242
32,6055784
33,4438098
34,4097164
35,5847370
36,4243035
37,3718241
38,3512039
39,4152843
40,10196471
41,3047055
42,3525369
43,2929772
44,3166356
45,5606181
46,2737533
47,2711892
48,3705032
49,2841973
50,15255061
51,2644800
52,2852583
53,2410494
54,2488237
55,3345656
56,2451456
57,2188720
58,2311345
59,2347259
60,7445988
61,1677461
62,1776665
63,1727386
64,3073626
65,2839870
66,1769674
67,1655037
68,1606796
69,1525115
70,4737181
71,1450961
72,2003294
73,1452825
74,1443345
75,4001149
76,1429717
77,1403887
78,1414193
79,1321575
80,5514262
81,1343846
82,1366675
83,1372840
84,1390070
85,2108708
86,1309767
87,1267009
88,1435770
89,1315449
90,5337904
91,1287904
92,1327059
93,1454480
94,1266492
95,3504286
96,1544009
97,1388961
98,1537365
99,3813718
100,17804589
101,1279023
102,768538
103,659923
104,700734
105,844529
106,661634
107,586489
108,634827
109,558653
110,1226626
111,745213
112,633196
113,495017
114,556936
115,680018
116,544182
117,488063
118,478789
119,471382
120,1956849
121,503485
122,497175
123,745260
124,466282
125,1045820
126,445888
127,798136
128,1005629
129,420819
130,990757
131,397785
132,433400
133,391426
134,369159
135,560623
136,372983
137,365648
138,365373
139,359758
140,953628
141,355100
142,340315
143,344932
144,431731
145,466112
146,324682
147,333261
148,317981
149,356266
150,2808983
151,334971
152,340792
153,323981
154,306963
155,403338
156,315385
157,302582
158,288311
159,290905
160,1131912
161,301028
162,310274
163,294056
164,292129
165,412342
166,275777
167,283111
168,564877
169,301178
170,631587
171,273114
172,442838
173,264829
174,268858
175,525322
176,285438
177,275109
178,263410
179,271743
180,1269768
181,254043
182,287115
183,320791
184,258391
185,363364
186,243226
187,254204
188,253426
189,261056
190,467904
191,268521
192,604769
193,245089
194,227121
195,323680
196,241674
197,235814
198,235707
199,328731
200,6252431
201,430120
202,388600
203,312381
204,344670
205,352183
206,303929
207,278558
208,301208
209,246223
210,494610
211,277993
212,340383
213,244541
214,259909
215,338161
216,269414
217,235725
218,230746
219,223871
220,620082
221,251762
222,317695
223,263259
224,326197
225,457722
226,232025
227,231852
228,246786
229,229684
230,480399
231,265543
232,257797
233,273865
234,240057
235,288742
236,207212
237,209178
238,217159
239,215350
240,653745
241,210929
242,222211
243,231071
244,216472
245,268926
246,213054
247,215853
248,218796
249,223843
250,2241584
251,210688
252,262225
253,207127
254,259556
255,1750314
256,724075
257,179221
258,164748
259,163386
260,379668
261,166805
262,183322
263,170250
264,230407
265,228355
266,165645
267,167668
268,159363
269,166417
270,401516
271,159975
272,173978
273,185076
274,158783
275,295175
276,159545
277,161343
278,152390
279,159781
280,383236
281,163271
282,151549
283,150165
284,148336
285,207087
286,150760
287,157117
288,180331
289,154131
290,246823
291,139755
292,146168
293,162503
294,140215
295,196101
296,144635
297,145818
298,150584
299,224034
300,3944453
301,295252
302,242727
303,239518
304,237444
305,226330
306,176225
307,168821
308,210673
309,154048
310,307699
311,190465
312,205451
313,166415
314,168492
315,226185
316,168068
317,155125
318,149745
319,152074
320,431340
321,177950
322,163268
323,168417
324,154033
325,279709
326,140221
327,144689
328,142908
329,136951
330,342948
331,140858
332,139278
333,278016
334,137506
335,177535
336,159020
337,136022
338,135719
339,126092
340,272696
341,137209
342,136609
343,153263
344,136353
345,187277
346,126530
347,132030
348,123573
349,139769
350,1081107
351,141294
352,144610
353,135206
354,126033
355,162253
356,133396
357,150448
358,125604
359,122765
360,1150270
361,128333
362,119902
363,125696
364,126959
365,696650
366,130294
367,118954
368,120740
369,114512
370,224074
371,119435
372,119244
373,121520
374,108740
375,318895
376,120641
377,373292
378,110016
379,110329
380,244536
381,110433
382,107164
383,114805
384,153417
385,145379
386,119767
387,107941
388,106526
389,111620
390,181764
391,106647
392,110033
393,101568
394,96291
395,141410
396,102508
397,102989
398,98397
399,159173
400,3217140
401,383819
402,145605
403,233245
404,484470
405,187309
406,136492
407,130062
408,137044
409,125152
410,223413
411,136601
412,137334
413,115809
414,126254
415,164162
416,142582
417,115238
418,106022
419,115447
420,267065
421,114767
422,136669
423,111118
424,111416
425,208044
426,101649
427,107438
428,100643
429,121204
430,192197
431,102490
432,122529
433,109136
434,99098
435,136856
436,95621
437,95688
438,98627
439,91669
440,219340
441,102492
442,100891
443,186326
444,142861
445,115825
446,88394
447,95111
448,103983
449,102865
450,662217
451,116789
452,93396
453,92251
454,107879
455,120420
456,138896
457,104091
458,101833
459,88144
460,185424
461,93509
462,91172
463,88060
464,93835
465,115019
466,87741
467,88453
468,93485
469,89593
470,158175
471,91132
472,88803
473,90628
474,83794
475,147171
476,91133
477,88902
478,84729
479,91325
480,295706
481,83543
482,85757
483,91215
484,87613
485,124080
486,97694
487,82828
488,121684
489,82429
490,141354
491,80178
492,81349
493,80096
494,79980
495,133450
496,84643
497,83221
498,84911
499,163672
500,6374371
501,285131
502,135170
503,142546
504,147008
505,137479
506,104273
507,97509
508,125925
509,113414
510,192977
511,109999
512,404927
513,94273
514,98456
515,113922
516,93774
517,88874
518,93170
519,87525
520,190872
521,95259
522,90477
523,86823
524,84616
525,140473
526,82920
527,84835
528,88474
529,116646
530,168195
531,82676
532,95296
533,85913
534,80127
535,103457
536,84261
537,129150
538,82040
539,75958
540,182473
541,91482
542,78664
543,80637
544,80666
545,93836
546,78360
547,75145
548,73004
549,82457
550,382746
551,78440
552,83255
553,76686
554,73226
555,167489
556,82365
557,71078
558,69738
559,73311
560,179708
561,85903
562,80864
563,74844
564,73195
565,86717
566,69909
567,79350
568,73980
569,68754
570,141020
571,80980
572,67977
573,75615
574,72107
575,115273
576,84242
577,73573
578,64853
579,69287
580,155865
581,72658
582,66711
583,69532
584,67026
585,90107
586,74483
587,78287
588,69868
589,66931
590,110614
591,65507
592,66211
593,65628
594,69586
595,91395
596,63628
597,65872
598,65162
599,104339
600,2114630
601,112502
602,96848
603,92236
604,97624
605,94533
606,85678
607,77355
608,86407
609,83455
610,142985
611,75796
612,92752
613,88340
614,77467
615,99802
616,87297
617,99374
618,83841
619,77920
620,151090
621,75133
622,75389
623,70374
624,78417
625,180979
626,81173
627,67391
628,68666
629,66183
630,149880
631,75145
632,75867
633,75385
634,64603
635,82927
636,75782
637,63996
638,64652
639,70947
640,217013
641,68659
642,80578
643,66581
644,88723
645,84931
646,74720
647,74040
648,69107
649,75846
650,397231
651,76254
652,64966
653,61464
654,62931
655,74193
656,69413
657,62645
658,59828
659,61414
660,143303
661,68691
662,71061
663,62323
664,65215
665,73751
666,144540
667,86015
668,64008
669,59618
670,107931
671,60369
672,66440
673,61679
674,58139
675,102046
676,60034
677,63403
678,71526
679,69417
680,133500
681,57723
682,61525
683,59290
684,60096
685,69598
686,62820
687,61706
688,63485
689,57108
690,94510
691,57969
692,58693
693,57878
694,55845
695,76660
696,58818
697,55162
698,55695
699,85445
700,1443676
701,92398
702,94692
703,87150
704,82419
705,82742
706,75187
707,93311
708,71063
709,67675
710,111978
711,75284
712,69598
713,74084
714,77068
715,79433
716,68095
717,73283
718,85363
719,64139
720,210252
721,66794
722,73788
723,60277
724,65855
725,92151
726,58748
727,78899
728,67637
729,61848
730,110853
731,62776
732,73751
733,62835
734,63240
735,70392
736,57398
737,133061
738,54377
739,54077
740,109240
741,59039
742,58097
743,55927
744,64724
745,77152
746,55355
747,106106
748,60998
749,62536
750,599393
751,60884
752,60461
753,58481
754,63152
755,96567
756,56560
757,75647
758,52840
759,50573
760,120474
761,55701
762,57685
763,56439
764,54684
765,75565
766,54756
767,76321
768,116284
769,54490
770,114862
771,56546
772,59532
773,64781
774,55698
775,90890
776,59204
777,182799
778,58549
779,51824
780,118774
781,62419
782,55034
783,53900
784,62100
785,68039
786,59039
787,97701
788,54845
789,68478
790,81412
791,50624
792,57892
793,50592
794,50382
795,67223
796,49226
797,52160
798,51191
799,80273
800,2144608
801,97405
802,230384
803,68278
804,68047
805,79323
806,60469
807,57299
808,103114
809,53881
810,103703
811,63325
812,69837
813,64421
814,60023
815,74663
816,63060
817,60304
818,64912
819,53842
820,108984
821,59130
822,57959
823,54788
824,56873
825,82597
826,54530
827,52378
828,64783
829,55076
830,98007
831,57668
832,62745
833,77196
834,50813
835,65624
836,50916
837,51572
838,50363
839,49900
840,115691
841,55064
842,53595
843,62871
844,78354
845,92902
846,52744
847,63380
848,55083
849,52025
850,284345
851,52203
852,59752
853,52375
854,53469
855,103418
856,58266
857,53055
858,59255
859,54549
860,101093
861,50095
862,49377
863,53922
864,62357
865,67168
866,133786
867,51772
868,51794
869,47737
870,96559
871,54116
872,50619
873,49430
874,48226
875,109532
876,52611
877,123728
878,47008
879,46944
880,103652
881,47954
882,49762
883,52124
884,48590
885,60223
886,52519
887,48951
888,252497
889,50485
890,75388
891,48882
892,47883
893,49001
894,44635
895,62035
896,52088
897,45794
898,48084
899,66834
900,949969
901,81175
902,65003
903,57927
904,62586
905,73067
906,55601
907,60098
908,58281
909,63496
910,84889
911,405600
912,63439
913,53057
914,60895
915,62897
916,64831
917,61531
918,60707
919,66933
920,117708
921,51788
922,56036
923,51000
924,56669
925,90979
926,47998
927,46664
928,60024
929,51232
930,87735
931,50534
932,48460
933,50058
934,46417
935,56954
936,50593
937,54240
938,46402
939,48554
940,82880
941,56348
942,47148
943,46246
944,54086
945,58634
946,45252
947,45539
948,44142
949,59017
950,192119
951,53678
952,52055
953,45915
954,56517
955,55109
956,47450
957,45340
958,42042
959,46484
960,122901
961,45695
962,48708
963,48039
964,46073
965,55708
966,46843
967,45478
968,47580
969,47908
970,97450
971,51765
972,59576
973,58638
974,46553
975,70349
976,48178
977,46964
978,199655
979,45692
980,101988
981,46017
982,44002
983,43631
984,46686
985,58289
986,44525
987,51504
988,50477
989,51036
990,133300
991,53074
992,52772
993,51776
994,47017
995,101253
996,59647
997,62348
998,62793
999,417402
1000,2826302
1001,127688
1002,99662
1003,39948
1004,34538
1005,36287
1006,34717
1007,113523
1008,30232
1009,25855
1010,71266
1011,41266
1012,33813
1013,28782
1014,27993
1015,33769
1016,218490
1017,34101
1018,26827
1019,22450
1020,52435
1021,42165
1022,24722
1023,42560
1024,409917
1025,30811
1026,22130
1027,21334
1028,20348
1029,31768
1030,41839
1031,39461
1032,20713
1033,26376
1034,19112
1035,24103
1036,17661
1037,24020
1038,76584
1039,21088
1040,58464
1041,20370
1042,21583
1043,18570
1044,20669
1045,24693
1046,24416
1047,17759
1048,19879
1049,19698
1050,71038
1051,21363
1052,19394
1053,21024
1054,23697
1055,25609
1056,26530
1057,18165
1058,16808
1059,17974
1060,44575
1061,18138
1062,18169
1063,22994
1064,25035
1065,21292
1066,36689
1067,19965
1068,19223
1069,16909
1070,45714
1071,18648
1072,22836
1073,32399
1074,24386
1075,20984
1076,17328
1077,22007
1078,17475
1079,18285
1080,177516
1081,18820
1082,17438
1083,19440
1084,18703
1085,21378
1086,31192
1087,18082
1088,33318
1089,22846
1090,28912
1091,16955
1092,17446
1093,54599
1094,17512
1095,28811
1096,19212
1097,38769
1098,27198
1099,72261
1100,192773
1101,50697
1102,24081
1103,31453
1104,21991
1105,24129
1106,19309
1107,21248
1108,20812
1109,38848
1110,35590
1111,126406
1112,23024
1113,20012
1114,17956
1115,24384
1116,17681
1117,19218
1118,18284
1119,17196
1120,33867
1121,19206
1122,22180
1123,19043
1124,17343
1125,24509
1126,28036
1127,17273
1128,30257
1129,15655
1130,30936
1131,17346
1132,17006
1133,16856
1134,15700
1135,18265
1136,28982
1137,18543
1138,16410
1139,15777
1140,25074
1141,15655
1142,18449
1143,15306
1144,15742
1145,45446
1146,19158
1147,14949
1148,14643
1149,17728
1150,43600
1151,17898
1152,24163
1153,15358
1154,14811
1155,27726
1156,16102
1157,15711
1158,18051
1159,18341
1160,21629
1161,19749
1162,15552
1163,15127
1164,15283
1165,15342
1166,14383
1167,17950
1168,13397
1169,14417
1170,25675
1171,15398
1172,18325
1173,15782
1174,13402
1175,22348
1176,17184
1177,34900
1178,13181
1179,15148
1180,22436
1181,14575
1182,16539
1183,14593
1184,14056
1185,17957
1186,54246
1187,14979
1188,15559
1189,16105
1190,20767
1191,15434
1192,17241
1193,13565
1194,16396
1195,14513
1196,13193
1197,14044
1198,15798
1199,23465
1200,427549
1201,28717
1202,26134
1203,18859
1204,23861
1205,19834
1206,20904
1207,19014
1208,17711
1209,17138
1210,27908
1211,19868
1212,28468
1213,18996
1214,18414
1215,25512
1216,18980
1217,15542
1218,16123
1219,16189
1220,28392
1221,19596
1222,20754
1223,20631
1224,17866
1225,23759
1226,16262
1227,17542
1228,15291
1229,15667
1230,29689
1231,18810
1232,17464
1233,15527
1234,137803
1235,20924
1236,15446
1237,14886
1238,14030
1239,14581
1240,26522
1241,16046
1242,18637
1243,16143
1244,17927
1245,20006
1246,15454
1247,13770
1248,16166
1249,15046
1250,73453
1251,17506
1252,28631
1253,16569
1254,16810
1255,16600
1256,16285
1257,15987
1258,15872
1259,15100
1260,32608
1261,14926
1262,12611
1263,13975
1264,13497
1265,15715
1266,13558
1267,14391
1268,13698
1269,12077
1270,22750
1271,15912
1272,15326
1273,22191
1274,16081
1275,20499
1276,13577
1277,13981
1278,13871
1279,16822
1280,75882
1281,13760
1282,13977
1283,14084
1284,15231
1285,15647
1286,12302
1287,13567
1288,13048
1289,13219
1290,23201
1291,17292
1292,15377
1293,13518
1294,12735
1295,17754
1296,19349
1297,13697
1298,13935
1299,18421
1300,204474
1301,49141
1302,20596
1303,18106
1304,17829
1305,19358
1306,16678
1307,34161
1308,16156
1309,15819
1310,24353
1311,17182
1312,17562
1313,20315
1314,16725
1315,18493
1316,15064
1317,15032
1318,13533
1319,13263
1320,28080
1321,15705
1322,15028
1323,15688
1324,15493
1325,24712
1326,15278
1327,16180
1328,14235
1329,13737
1330,25797
1331,16703
1332,21263
1333,22391
1334,15085
1335,16366
1336,13861
1337,34817
1338,13250
1339,12358
1340,21852
1341,14050
1342,14399
1343,14637
1344,17765
1345,16826
1346,14531
1347,14799
1348,15675
1349,14930
1350,45598
1351,14609
1352,12536
1353,14177
1354,12507
1355,14479
1356,13124
1357,13101
1358,12001
1359,12776
1360,21180
1361,14137
1362,12288
1363,12760
1364,14741
1365,26043
1366,22866
1367,14185
1368,17910
1369,12364
1370,19068
1371,56789
1372,14337
1373,15252
1374,12009
1375,16287
1376,12427
1377,15423
1378,13395
1379,11905
1380,20245
1381,14007
1382,13432
1383,12823
1384,13115
1385,15164
1386,14265
1387,12480
1388,12757
1389,13594
1390,17091
1391,12848
1392,16024
1393,11821
1394,19429
1395,14814
1396,12609
1397,13555
1398,13252
1399,17147
1400,179556
1401,22675
1402,17863
1403,16318
1404,18858
1405,18696
1406,15581
1407,14265
1408,16360
1409,14359
1410,22038
1411,15638
1412,14971
1413,13331
1414,16445
1415,22775
1416,14490
1417,12945
1418,13829
1419,13083
1420,25155
1421,14149
1422,14886
1423,15182
1424,13761
1425,16899
1426,11432
1427,12534
1428,12989
1429,14093
1430,23158
1431,14714
1432,14514
1433,19477
1434,13395
1435,16746
1436,12439
1437,12539
1438,13036
1439,13174
1440,59724
1441,18926
1442,13552
1443,12606
1444,15083
1445,14858
1446,12768
1447,12366
1448,11441
1449,12329
1450,43644
1451,13910
1452,14663
1453,20506
1454,11483
1455,17626
1456,12622
1457,11559
1458,11591
1459,12085
1460,21381
1461,14939
1462,12505
1463,12455
1464,12337
1465,12558
1466,11137
1467,13816
1468,12346
1469,14399
1470,18353
1471,24705
1472,15798
1473,14265
1474,11910
1475,18339
1476,13168
1477,13566
1478,12704
1479,12288
1480,20858
1481,11542
1482,13985
1483,18513
1484,13119
1485,17182
1486,12058
1487,11615
1488,13024
1489,11694
1490,17958
1491,13739
1492,31349
1493,16025
1494,15371
1495,15156
1496,11509
1497,13839
1498,13929
1499,18245
1500,575673
1501,26285
1502,21624
1503,18927
1504,17969
1505,18687
1506,17418
1507,15472
1508,15702
1509,17950
1510,23230
1511,19423
1512,19022
1513,16902
1514,14916
1515,24106
1516,17404
1517,18905
1518,17928
1519,18778
1520,39685
1521,24579
1522,16606
1523,17122
1524,17397
1525,22785
1526,16619
1527,16550
1528,14864
1529,15276
1530,29219
1531,14844
1532,16298
1533,16475
1534,16947
1535,21711
1536,32088
1537,15250
1538,17937
1539,16583
1540,29158
1541,17595
1542,18381
1543,16630
1544,14347
1545,18847
1546,14863
1547,18179
1548,15016
1549,16794
1550,45740
1551,16228
1552,15652
1553,17870
1554,14402
1555,19828
1556,15605
1557,16072
1558,19023
1559,20372
1560,25399
1561,14874
1562,16030
1563,15586
1564,18571
1565,18217
1566,15162
1567,15144
1568,15423
1569,14290
1570,22046
1571,16836
1572,17138
1573,15115
1574,13304
1575,19066
1576,14190
1577,14571
1578,13749
1579,13708
1580,23470
1581,14629
1582,18073
1583,14819
1584,16205
1585,17460
1586,15548
1587,15549
1588,18884
1589,14821
1590,23947
1591,18788
1592,17707
1593,15244
1594,15560
1595,16550
1596,16266
1597,15464
1598,18801
1599,20074
1600,261185
1601,26497
1602,22969
1603,34237
1604,25423
1605,25080
1606,22179
1607,26442
1608,21963
1609,24522
1610,31138
1611,25592
1612,21928
1613,18265
1614,17524
1615,19791
1616,22714
1617,17180
1618,19247
1619,24343
1620,34192
1621,21380
1622,18127
1623,20739
1624,18327
1625,24692
1626,17271
1627,15699
1628,18618
1629,17587
1630,30804
1631,17804
1632,20645
1633,18868
1634,20463
1635,20965
1636,18733
1637,18542
1638,20787
1639,18485
1640,54384
1641,19640
1642,26101
1643,19394
1644,25498
1645,21141
1646,23123
1647,16799
1648,24130
1649,20328
1650,57534
1651,18992
1652,17971
1653,17218
1654,17854
1655,19165
1656,19238
1657,16446
1658,17403
1659,16576
1660,44899
1661,19865
1662,20317
1663,17713
1664,19977
1665,22480
1666,23282
1667,22281
1668,16509
1669,16515
1670,24988
1671,15461
1672,18734
1673,16571
1674,16246
1675,21322
1676,16891
1677,16654
1678,16780
1679,16007
1680,32797
1681,17707
1682,17611
1683,18955
1684,16773
1685,22748
1686,16035
1687,17220
1688,25471
1689,23587
1690,25855
1691,16433
1692,21846
1693,16548
1694,16505
1695,18690
1696,16782
1697,17347
1698,16438
1699,20009
1700,159087
1701,31824
1702,23558
1703,25320
1704,22894
1705,20727
1706,22270
1707,26152
1708,21570
1709,24816
1710,29361
1711,23694
1712,20285
1713,19216
1714,21950
1715,26157
1716,19115
1717,22580
1718,20678
1719,18252
1720,32015
1721,19750
1722,21377
1723,20823
1724,19546
1725,23514
1726,19286
1727,21305
1728,23430
1729,19344
1730,31620
1731,19235
1732,21183
1733,21630
1734,21076
1735,22505
1736,19957
1737,20673
1738,20163
1739,19120
1740,31643
1741,21728
1742,21625
1743,22291
1744,21311
1745,27778
1746,21832
1747,20425
1748,23405
1749,22950
1750,69191
1751,22540
1752,25359
1753,25102
1754,25455
1755,31768
1756,26286
1757,27673
1758,29800
1759,26551
1760,38643
1761,23644
1762,24754
1763,32617
1764,25738
1765,29187
1766,25789
1767,25857
1768,26839
1769,29687
1770,43538
1771,26349
1772,30179
1773,29406
1774,35452
1775,55762
1776,80331
1777,40730
1778,35716
1779,31424
1780,48135
1781,35089
1782,36018
1783,43098
1784,35235
1785,36116
1786,32843
1787,48224
1788,43518
1789,68488
1790,59139
1791,45890
1792,53559
1793,48218
1794,42278
1795,45060
1796,42412
1797,41637
1798,48272
1799,46157
1800,357684
1801,55994
1802,48443
1803,60135
1804,52869
1805,50567
1806,52792
1807,46207
1808,48163
1809,58529
1810,62411
1811,48351
1812,100803
1813,50927
1814,56516
1815,73612
1816,50641
1817,50289
1818,56881
1819,55384
1820,83361
1821,59979
1822,51743
1823,48625
1824,57428
1825,61894
1826,51271
1827,51172
1828,56822
1829,55462
1830,104038
1831,62508
1832,70224
1833,63160
1834,63711
1835,71677
1836,74280
1837,77841
1838,67649
1839,70010
1840,112194
1841,75120
1842,71427
1843,70514
1844,74709
1845,81741
1846,80175
1847,80358
1848,106193
1849,83335
1850,166304
1851,97763
1852,79638
1853,79926
1854,88515
1855,88650
1856,86930
1857,96665
1858,89266
1859,95892
1860,160449
1861,149456
1862,133664
1863,132313
1864,137559
1865,153741
1866,99446
1867,108910
1868,106161
1869,100546
1870,157564
1871,116338
1872,106026
1873,100003
1874,96726
1875,118569
1876,109940
1877,99245
1878,102076
1879,104221
1880,176962
1881,124485
1882,122071
1883,116408
1884,114068
1885,125183
1886,120903
1887,121674
1888,129696
1889,131378
1890,182924
1891,133326
1892,130491
1893,132545
1894,124067
1895,147507
1896,141131
1897,133637
1898,147969
1899,147270
1900,404886
1901,196407
1902,161746
1903,174497
1904,172380
1905,192149
1906,179651
1907,174106
1908,193186
1909,182003
1910,259091
1911,249304
1912,226217
1913,213592
1914,293676
1915,235635
1916,230435
1917,284785
1918,310708
1919,254676
1920,423416
1921,211172
1922,217969
1923,208799
1924,207154
1925,222105
1926,215010
1927,216473
1928,226934
1929,262124
1930,352506
1931,217857
1932,232838
1933,286045
1934,252314
1935,257664
1936,273136
1937,269602
1938,282132
1939,357981
1940,418809
1941,341502
1942,334585
1943,304267
1944,349725
1945,494694
1946,322705
1947,352737
1948,387224
1949,333863
1950,529955
1951,304443
1952,322139
1953,332558
1954,343890
1955,356510
1956,372749
1957,370725
1958,372781
1959,385963
1960,617978
1961,428684
1962,458235
1963,473598
1964,528912
1965,538289
1966,509913
1967,589164
1968,629286
1969,626897
1970,859694
1971,606862
1972,659762
1973,654188
1974,642266
1975,693788
1976,685300
1977,665826
1978,712109
1979,780221
1980,1042261
1981,758920
1982,809011
1983,827271
1984,945594
1985,930239
1986,979399
1987,974327
1988,1047586
1989,1157776
1990,1485141
1991,1277824
1992,1390481
1993,1405947
1994,1549351
1995,1685892
1996,1802649
1997,1897008
1998,2088873
1999,2470900
2000,4213928
2001,2994849
2002,2971303
2003,3370683
2004,3659236
2005,4149202
2006,4655756
2007,5527033
2008,6672455
2009,6266694
2010,7312628
2011,7318778
2012,8353620
2013,8397060
2014,8461872
2015,8622830
2016,9285919
2017,9652609
2018,10159255
2019,9529487
2020,9901013
2021,6930261
2022,4288924
2023,798269
2024,271581
2025,298898
2026,117765
2027,84060
2028,67157
2029,37724
2030,371605
2031,30614
2032,27615
2033,21214
2034,15370
2035,52555
2036,17971
2037,13436
2038,14280
2039,11296
2040,69057
2041,14201
2042,17916
2043,9857
2044,10651
2045,22964
2046,11300
2047,15580
2048,120287
2049,23153
2050,193551
2051,9572
2052,10782
2053,8135
2054,7791
2055,10748
2056,9081
2057,7341
2058,9800
2059,7374
2060,33587
2061,8804
2062,7178
2063,10146
2064,8040
2065,9210
2066,7678
2067,7587
2068,7388
2069,7115
2070,27839
2071,8665
2072,8452
2073,7411
2074,8765
2075,9596
2076,8136
2077,34141
2078,6792
2079,6992
2080,32926
2081,7180
2082,5906
2083,7052
2084,7068
2085,7198
2086,6188
2087,6469
2088,6826
2089,6199
2090,9958
2091,6228
2092,6073
2093,6104
2094,5901
2095,7213
2096,6013
2097,6716
2098,5797
2099,15986
2100,116879
2101,13675
2102,11845
2103,11068
2104,11373
2105,15605
2106,11328
2107,9514
2108,9797
2109,9024
2110,38842
2111,31411
2112,17712
2113,9241
2114,9046
2115,10710
2116,8685
2117,7262
2118,9039
2119,7896
2120,12541
2121,13694
2122,9234
2123,7927
2124,6779
2125,9004
2126,6993
2127,5786
2128,6475
2129,6129
2130,11483
2131,7836
2132,6419
2133,10427
2134,7742
2135,7179
2136,6325
2137,8409
2138,8142
2139,10489
2140,11028
2141,7735
2142,8573
2143,7460
2144,6557
2145,7460
2146,5871
2147,7915
2148,6943
2149,6341
2150,16756
2151,7536
2152,6979
2153,6147
2154,6888
2155,8715
2156,6285
2157,6260
2158,5532
2159,5562
2160,25282
2161,6679
2162,5508
2163,5753
2164,7164
2165,7364
2166,6411
2167,5927
2168,5411
2169,6006
2170,8288
2171,6503
2172,6318
2173,5337
2174,7260
2175,7645
2176,6131
2177,5586
2178,5420
2179,5116
2180,8450
2181,14529
2182,5876
2183,5363
2184,5595
2185,5502
2186,5071
2187,6311
2188,5464
2189,4805
2190,7131
2191,6569
2192,6196
2193,6084
2194,5278
2195,6613
2196,6828
2197,5831
2198,4969
2199,8187
2200,87128
2201,15652
2202,12735
2203,11578
2204,11368
2205,12907
2206,8244
2207,6772
2208,7832
2209,6547
2210,11309
2211,9721
2212,12042
2213,6373
2214,6928
2215,10680
2216,7032
2217,7136
2218,6439
2219,6226
2220,10875
2221,8300
2222,28256
2223,8221
2224,7960
2225,9503
2226,6053
2227,6820
2228,6183
2229,6712
2230,10417
2231,7882
2232,6525
2233,8090
2234,6134
2235,6293
2236,6490
2237,6266
2238,5135
2239,5290
2240,10371
2241,7673
2242,6136
2243,6257
2244,7928
2245,6474
2246,5716
2247,5506
2248,5782
2249,5859
2250,21135
2251,7485
2252,6465
2253,6745
2254,11199
2255,14435
2256,6109
2257,6742
2258,5320
2259,5844
2260,7829
2261,6440
2262,5743
2263,5691
2264,6631
2265,6374
2266,5685
2267,6139
2268,5472
2269,5181
2270,6976
2271,5245
2272,6799
2273,6883
2274,5166
2275,6323
2276,4897
2277,6598
2278,5907
2279,4928
2280,10201
2281,6750
2282,5329
2283,5359
2284,5440
2285,5547
2286,4961
2287,5813
2288,6219
2289,5157
2290,7976
2291,5085
2292,5103
2293,4961
2294,4468
2295,5477
2296,5129
2297,4898
2298,4833
2299,6389
2300,67121
2301,10012
2302,7145
2303,6607
2304,10043
2305,7875
2306,5983
2307,13337
2308,6498
2309,5819
2310,10015
2311,8019
2312,8122
2313,6544
2314,6446
2315,6778
2316,5819
2317,6843
2318,5576
2319,6786
2320,9555
2321,6608
2322,7107
2323,9299
2324,6489
2325,6945
2326,5869
2327,5747
2328,5358
2329,5228
2330,9159
2331,6092
2332,5944
2333,8095
2334,6790
2335,5742
2336,5602
2337,7657
2338,5085
2339,5687
2340,19569
2341,6312
2342,6274
2343,5476
2344,6246
2345,16321
2346,5488
2347,5986
2348,5440
2349,5491
2350,12421
2351,5495
2352,6050
2353,5149
2354,4936
2355,5851
2356,5810
2357,6454
2358,4851
2359,6779
2360,7363
2361,5256
2362,5234
2363,5129
2364,5093
2365,5410
2366,5825
2367,5265
2368,6204
2369,5531
2370,6745
2371,5502
2372,5204
2373,5337
2374,5107
2375,8674
2376,6627
2377,5471
2378,5126
2379,9227
2380,9721
2381,6111
2382,4957
2383,5213
2384,4975
2385,5198
2386,4794
2387,4866
2388,4991
2389,4689
2390,5747
2391,6099
2392,5657
2393,4723
2394,4719
2395,5761
2396,4938
2397,4626
2398,4602
2399,5922
2400,96760
2401,9968
2402,6808
2403,7266
2404,6234
2405,6323
2406,5442
2407,6121
2408,6044
2409,5393
2410,8050
2411,6082
2412,8674
2413,5767
2414,5631
2415,6046
2416,5277
2417,5114
2418,4964
2419,5358
2420,8235
2421,5420
2422,6448
2423,5336
2424,7984
2425,7235
2426,4983
2427,5291
2428,4791
2429,5251
2430,6762
2431,5829
2432,5203
2433,5289
2434,5143
2435,5502
2436,5335
2437,4857
2438,5255
2439,4598
2440,7724
2441,5549
2442,5332
2443,5036
2444,5452
2445,5501
2446,4800
2447,4884
2448,6930
2449,5077
2450,12457
2451,5781
2452,4997
2453,4864
2454,5927
2455,6010
2456,5257
2457,5274
2458,5676
2459,4450
2460,8568
2461,4652
2462,4819
2463,4348
2464,4819
2465,5302
2466,4778
2467,4786
2468,5728
2469,4668
2470,5838
2471,5158
2472,5398
2473,4652
2474,5113
2475,5907
2476,5775
2477,5453
2478,5529
2479,4456
2480,7058
2481,4820
2482,4516
2483,4518
2484,4418
2485,4919
2486,4604
2487,4316
2488,4465
2489,5019
2490,5913
2491,4792
2492,4331
2493,4314
2494,4720
2495,5577
2496,5247
2497,4508
2498,4441
2499,7652
2500,270629
2501,9755
2502,6200
2503,5892
2504,5518
2505,6450
2506,5378
2507,5116
2508,5155
2509,5238
2510,8886
2511,6476
2512,5681
2513,4922
2514,5279
2515,5759
2516,5320
2517,4992
2518,5681
2519,5566
2520,18237
2521,5538
2522,6482
2523,5052
2524,5038
2525,11065
2526,6078
2527,5263
2528,5078
2529,5302
2530,7004
2531,5491
2532,5992
2533,4736
2534,4449
2535,5779
2536,5442
2537,4827
2538,4498
2539,4542
2540,7421
2541,5227
2542,4483
2543,4913
2544,4900
2545,5431
2546,4376
2547,4739
2548,5138
2549,4594
2550,12420
2551,6025
2552,5989
2553,5659
2554,5009
2555,7221
2556,4857
2557,5060
2558,4845
2559,5255
2560,28904
2561,5173
2562,5441
2563,4949
2564,5216
2565,5180
2566,4351
2567,4574
2568,4444
2569,4009
2570,5432
2571,4352
2572,3931
2573,3959
2574,11083
2575,5655
2576,4224
2577,4944
2578,4311
2579,4265
2580,6566
2581,4874
2582,4522
2583,4581
2584,4605
2585,4474
2586,4140
2587,3993
2588,4881
2589,4110
2590,5655
2591,4547
2592,6252
2593,4355
2594,4064
2595,5101
2596,4536
2597,4489
2598,4001
2599,4865
2600,82964
2601,8909
2602,5158
2603,5231
2604,5408
2605,5739
2606,6617
2607,5153
2608,4528
2609,4718
2610,8276
2611,5777
2612,4847
2613,4533
2614,4446
2615,5470
2616,6429
2617,4894
2618,4740
2619,4480
2620,8297
2621,4693
2622,5037
2623,5346
2624,4319
2625,6533
2626,5795
2627,4935
2628,4878
2629,3940
2630,6958
2631,4902
2632,4648
2633,4707
2634,4206
2635,5049
2636,4327
2637,4368
2638,3966
2639,4596
2640,9948
2641,4177
2642,6804
2643,4329
2644,4016
2645,4582
2646,4502
2647,4055
2648,4262
2649,3971
2650,11553
2651,4554
2652,4435
2653,4306
2654,3811
2655,5005
2656,4418
2657,3921
2658,3833
2659,3826
2660,6239
2661,4824
2662,4155
2663,4508
2664,4812
2665,5430
2666,8958
2667,5664
2668,4086
2669,4108
2670,5743
2671,4382
2672,4679
2673,4985
2674,4087
2675,4839
2676,3893
2677,4760
2678,4386
2679,4087
2680,6453
2681,4186
2682,4036
2683,4307
2684,3550
2685,4189
2686,3940
2687,3752
2688,5684
2689,3864
2690,5773
2691,4076
2692,4416
2693,4195
2694,3823
2695,5230
2696,3920
2697,4272
2698,4053
2699,5346
2700,51880
2701,7504
2702,5489
2703,5692
2704,6105
2705,5463
2706,4524
2707,4902
2708,4800
2709,4744
2710,7363
2711,5713
2712,4889
2713,4844
2714,4798
2715,4661
2716,4763
2717,4505
2718,4427
2719,4274
2720,8100
2721,5032
2722,4749
2723,4310
2724,4173
2725,4797
2726,4307
2727,6447
2728,4754
2729,4427
2730,6751
2731,4239
2732,4977
2733,4443
2734,4077
2735,4299
2736,5098
2737,4813
2738,4433
2739,4283
2740,5189
2741,4359
2742,3828
2743,5728
2744,4870
2745,4709
2746,3831
2747,4274
2748,3642
2749,3882
2750,13084
2751,4097
2752,3902
2753,4276
2754,3918
2755,4864
2756,3981
2757,4138
2758,3730
2759,3840
2760,6832
2761,4057
2762,3729
2763,3898
2764,4597
2765,4680
2766,3872
2767,4737
2768,4128
2769,3723
2770,5241
2771,3973
2772,4631
2773,3845
2774,3955
2775,5222
2776,3917
2777,5234
2778,5053
2779,3584
2780,5177
2781,4340
2782,4059
2783,4029
2784,3900
2785,4627
2786,3623
2787,6188
2788,4099
2789,4451
2790,4919
2791,3828
2792,3663
2793,3698
2794,3419
2795,4224
2796,4951
2797,3623
2798,3678
2799,6789
2800,56463
2801,7057
2802,5070
2803,5053
2804,4454
2805,5174
2806,4143
2807,4399
2808,5544
2809,4514
2810,6086
2811,5495
2812,4865
2813,4259
2814,4770
2815,4640
2816,4807
2817,4497
2818,4558
2819,3682
2820,6317
2821,5078
2822,5381
2823,4094
2824,6482
2825,5153
2826,3732
2827,6073
2828,5353
2829,4259
2830,5642
2831,4238
2832,4434
2833,4445
2834,3758
2835,5192
2836,5121
2837,3510
2838,3922
2839,3863
2840,6822
2841,4423
2842,3731
2843,3767
2844,3879
2845,4416
2846,3615
2847,4163
2848,4812
2849,3705
2850,9674
2851,3977
2852,4372
2853,3703
2854,3504
2855,4338
2856,3898
2857,4641
2858,3796
2859,3736
2860,5828
2861,4014
2862,3378
2863,3827
2864,3952
2865,4295
2866,8438
2867,3784
2868,3928
2869,3805
2870,4460
2871,3782
2872,3518
2873,3589
2874,3712
2875,5169
2876,3524
2877,3691
2878,3591
2879,3676
2880,11936
2881,4106
2882,4041
2883,4501
2884,3450
2885,5465
2886,3999
2887,4062
2888,5239
2889,3819
2890,4917
2891,4933
2892,4919
2893,4049
2894,3517
2895,4308
2896,3793
2897,3566
2898,3464
2899,4288
2900,30999
2901,6417
2902,4644
2903,5722
2904,4388
2905,4638
2906,4018
2907,4362
2908,4273
2909,4498
2910,5667
2911,5622
2912,4568
2913,4216
2914,4462
2915,4979
2916,4197
2917,4276
2918,4033
2919,4599
2920,8755
2921,4709
2922,4002
2923,4555
2924,5002
2925,5520
2926,3647
2927,3906
2928,3817
2929,6969
2930,5831
2931,3982
2932,4007
2933,4911
2934,3725
2935,4002
2936,3965
2937,3385
2938,3211
2939,3624
2940,5892
2941,4496
2942,3571
2943,3772
2944,3682
2945,3947
2946,3490
2947,3744
2948,3349
2949,3622
2950,9480
2951,4079
2952,3515
2953,3863
2954,3643
2955,4113
2956,3388
2957,3624
2958,4677
2959,3629
2960,7478
2961,3664
2962,3380
2963,3632
2964,3645
2965,3711
2966,3962
2967,3618
2968,3394
2969,3646
2970,4731
2971,3641
2972,3458
2973,3622
2974,3503
2975,4306
2976,3856
2977,3768
2978,3346
2979,3376
2980,4784
2981,3351
2982,3421
2983,3526
2984,3690
2985,3589
2986,3088
2987,4087
2988,3614
2989,3560
2990,4944
2991,4148
2992,3962
2993,3421
2994,3265
2995,4639
2996,3651
2997,4150
2998,4255
2999,9598
3000,669195
3001,27347
3002,11212
3003,11407
3004,8913
3005,7814
3006,7425
3007,6522
3008,11196
3009,6235
3010,11463
3011,6693
3012,6659
3013,5323
3014,5348
3015,6419
3016,5355
3017,4561
3018,5176
3019,5361
3020,10243
3021,6090
3022,4958
3023,4672
3024,8203
3025,6921
3026,4258
3027,4455
3028,4103
3029,5023
3030,14383
3031,5819
3032,5084
3033,5330
3034,4754
3035,5532
3036,4409
3037,3946
3038,4714
3039,4579
3040,8767
3041,4516
3042,4603
3043,4181
3044,4051
3045,5043
3046,3855
3047,4148
3048,6249
3049,4656
3050,14331
3051,4696
3052,4836
3053,4857
3054,3888
3055,5401
3056,4468
3057,4145
3058,3824
3059,3938
3060,17829
3061,3954
3062,3957
3063,3642
3064,3617
3065,4829
3066,4181
3067,4121
3068,4032
3069,3413
3070,17523
3071,4878
3072,11780
3073,3882
3074,3879
3075,4752
3076,3893
3077,4864
3078,3516
3079,4237
3080,26418
3081,4686
3082,3650
3083,3610
3084,3660
3085,4602
3086,3629
3087,3757
3088,4372
3089,3740
3090,16805
3091,3723
3092,3406
3093,3254
3094,3658
3095,4051
3096,3826
3097,3551
3098,3377
3099,4655
3100,38359
3101,9340
3102,6180
3103,4874
3104,5050
3105,5365
3106,4432
3107,4406
3108,4746
3109,7740
3110,7504
3111,7312
3112,5762
3113,4778
3114,5008
3115,6182
3116,4133
3117,4134
3118,3716
3119,3813
3120,8378
3121,7112
3122,4414
3123,4855
3124,4677
3125,28165
3126,4090
3127,4639
3128,7315
3129,4315
3130,6894
3131,6518
3132,4886
3133,4944
3134,3914
3135,5495
3136,4385
3137,4027
3138,4032
3139,3525
3140,5378
3141,5493
3142,5474
3143,4254
3144,4328
3145,4951
3146,3942
3147,4066
3148,3483
3149,3646
3150,9620
3151,4270
3152,3835
3153,3795
3154,3561
3155,4191
3156,4324
3157,4644
3158,3446
3159,3989
3160,5308
3161,4811
3162,4137
3163,4706
3164,3598
3165,4123
3166,12055
3167,3826
3168,4456
3169,3239
3170,4735
3171,4535
3172,3442
3173,3226
3174,3809
3175,4617
3176,3394
3177,3665
3178,3216
3179,3412
3180,4752
3181,4108
3182,3507
3183,3426
3184,3390
3185,3729
3186,3507
3187,3497
3188,3682
3189,3543
3190,4435
3191,3740
3192,3686
3193,3325
3194,4499
3195,4007
3196,3578
3197,3231
3198,3428
3199,4023
3200,78199
3201,9007
3202,5609
3203,4814
3204,4572
3205,5646
3206,4434
3207,4540
3208,4618
3209,4122
3210,7984
3211,6197
3212,4895
3213,4541
3214,4288
3215,4494
3216,4817
3217,3870
3218,3648
3219,3768
3220,6585
3221,4922
3222,4595
3223,4387
3224,4262
3225,4625
3226,4043
3227,3978
3228,3582
3229,3635
3230,5220
3231,4186
3232,10354
3233,6178
3234,3794
3235,5059
3236,3242
3237,3184
3238,3333
3239,4523
3240,6147
3241,4060
3242,3848
3243,3583
3244,3443
3245,4202
3246,3622
3247,3572
3248,3254
3249,3369
3250,10113
3251,4085
3252,3827
3253,3450
3254,3432
3255,4450
3256,3682
3257,3402
3258,3160
3259,3293
3260,5954
3261,4159
3262,3522
3263,3376
3264,5328
3265,3659
3266,3413
3267,3374
3268,3311
3269,3445
3270,6112
3271,3217
3272,3519
3273,3207
3274,3288
3275,3953
3276,3684
3277,3395
3278,3512
3279,3203
3280,5269
3281,3542
3282,4464
3283,3200
3284,3201
3285,3705
3286,3784
3287,3237
3288,3406
3289,3226
3290,4039
3291,2955
3292,3052
3293,3055
3294,3057
3295,3517
3296,2959
3297,2972
3298,2830
3299,4352
3300,39143
3301,8444
3302,4850
3303,6023
3304,4502
3305,4967
3306,34629
3307,5212
3308,4330
3309,4270
3310,11908
3311,6109
3312,4300
3313,4625
3314,3919
3315,4596
3316,3552
3317,3552
3318,3513
3319,3480
3320,6083
3321,4765
3322,5571
3323,3900
3324,4125
3325,5613
3326,3945
3327,3488
3328,4095
3329,3433
3330,7049
3331,4637
3332,4194
3333,32212
3334,4907
3335,4430
3336,3604
3337,4058
3338,3428
3339,6003
3340,5531
3341,3562
3342,3796
3343,3798
3344,4452
3345,4165
3346,3676
3347,3395
3348,3394
3349,3051
3350,9688
3351,3830
3352,3387
3353,3830
3354,3967
3355,4699
3356,3439
3357,3081
3358,3305
3359,4284
3360,5941
3361,3764
3362,3778
3363,3400
3364,3199
3365,3611
3366,5489
3367,3332
3368,3298
3369,3505
3370,4614
3371,3726
3372,3148
3373,3391
3374,2918
3375,5186
3376,3820
3377,3690
3378,3186
3379,3590
3380,4578
3381,3108
3382,3234
3383,3064
3384,3141
3385,3805
3386,4807
3387,2913
3388,3556
3389,19959
3390,19436
3391,3427
3392,3096
3393,3773
3394,3100
3395,3410
3396,4233
3397,3279
3398,2822
3399,4999
3400,33861
3401,8135
3402,9015
3403,5711
3404,4459
3405,4556
3406,4464
3407,4162
3408,3781
3409,3503
3410,5513
3411,4511
3412,4989
3413,3557
3414,3599
3415,3854
3416,3242
3417,3455
3418,3039
3419,2941
3420,5925
3421,4085
3422,3419
3423,4315
3424,3483
3425,3693
3426,3197
3427,3112
3428,2948
3429,3052
3430,4227
3431,3736
3432,4436
3433,3513
3434,4592
3435,4380
3436,3219
3437,2886
3438,3278
3439,3082
3440,7158
3441,3301
3442,3317
3443,3557
3444,4361
3445,3710
3446,2808
3447,3022
3448,3749
3449,3351
3450,8566
3451,3463
3452,3092
3453,3309
3454,3728
3455,3759
3456,10918
3457,3684
3458,3203
3459,2930
3460,4168
3461,3193
3462,3731
3463,3283
3464,3235
3465,3368
3466,2978
3467,3085
3468,3197
3469,2802
3470,4418
3471,4601
3472,2993
3473,2818
3474,3640
3475,3920
3476,3148
3477,3015
3478,4057
3479,2743
3480,4499
3481,3232
3482,2719
3483,2858
3484,2739
3485,2920
3486,2632
3487,2597
3488,3293
3489,2634
3490,4010
3491,2905
3492,2831
3493,2580
3494,2678
3495,3749
3496,2751
3497,3562
3498,2756
3499,4005
3500,131135
3501,6806
3502,3862
3503,3517
3504,3982
3505,4572
3506,3559
3507,3653
3508,3892
3509,3591
3510,5598
3511,4439
3512,3685
3513,2978
3514,3396
3515,4888
3516,3900
3517,3392
3518,2786
3519,3185
3520,7298
3521,4712
3522,3424
3523,3222
3524,3277
3525,4125
3526,3104
3527,3171
3528,3728
3529,3261
3530,4390
3531,4215
3532,3226
3533,3089
3534,2922
3535,5351
3536,3719
3537,3170
3538,4014
3539,2993
3540,5217
3541,3348
3542,3499
3543,2982
3544,3219
3545,3261
3546,2773
3547,2981
3548,3074
3549,2970
3550,8162
3551,3634
3552,3305
3553,7355
3554,2859
3555,4494
3556,2902
3557,2818
3558,2738
3559,2751
3560,4969
3561,3404
3562,2587
3563,2602
3564,3123
3565,3180
3566,2738
3567,3047
3568,2948
3569,2554
3570,4503
3571,3385
3572,3162
3573,2818
3574,2558
3575,3513
3576,2820
3577,2883
3578,3657
3579,3097
3580,3881
3581,2820
3582,3722
3583,3686
3584,4389
3585,3289
3586,3005
3587,2523
3588,4440
3589,2864
3590,4614
3591,2930
3592,3130
3593,3117
3594,2650
3595,2851
3596,2510
3597,2965
3598,2664
3599,4125
3600,124062
3601,5734
3602,3656
3603,4051
3604,4001
3605,3650
3606,3296
3607,3004
3608,3243
3609,3167
3610,5422
3611,3763
3612,3415
3613,3102
3614,2851
3615,3732
3616,3137
3617,2994
3618,2905
3619,2989
3620,4404
3621,3616
3622,3479
3623,2975
3624,3737
3625,3838
3626,3953
3627,3627
3628,2997
3629,2945
3630,5078
3631,3360
3632,3443
3633,3560
3634,2853
3635,3176
3636,4626
3637,3184
3638,3062
3639,3021
3640,4383
3641,3086
3642,2967
3643,2789
3644,2800
3645,3065
3646,3034
3647,3330
3648,3848
3649,2682
3650,9928
3651,3217
3652,2846
3653,3015
3654,2839
3655,3417
3656,2743
3657,2877
3658,3681
3659,2858
3660,4301
3661,3212
3662,2922
3663,3981
3664,3006
3665,3247
3666,3338
3667,3434
3668,2927
3669,2617
3670,3475
3671,3001
3672,2881
3673,2860
3674,2658
3675,3420
3676,3119
3677,2881
3678,2923
3679,2755
3680,4105
3681,2606
3682,2471
3683,3349
3684,2703
3685,2798
3686,3512
3687,2604
3688,2702
3689,2538
3690,4062
3691,2685
3692,2596
3693,2536
3694,2215
3695,2885
3696,3225
3697,2574
3698,2447
3699,3069
3700,28231
3701,5664
3702,3624
3703,3201
3704,3404
3705,3746
3706,2948
3707,2926
3708,3481
3709,2780
3710,4192
3711,4157
3712,3273
3713,2869
3714,2955
3715,3318
3716,2767
3717,3248
3718,2981
3719,3538
3720,4848
3721,3442
3722,2865
3723,2837
3724,3124
3725,3412
3726,2941
3727,4543
3728,3264
3729,4607
3730,6192
3731,3269
3732,3379
3733,4411
3734,2660
3735,3115
3736,2686
3737,4098
3738,2944
3739,3090
3740,3746
3741,2927
3742,3367
3743,3765
3744,3558
3745,4273
3746,2725
3747,3403
3748,3197
3749,2865
3750,11756
3751,3045
3752,3055
3753,2673
3754,2875
3755,4026
3756,2876
3757,2597
3758,3371
3759,2538
3760,4094
3761,2893
3762,2868
3763,2652
3764,2688
3765,2776
3766,2763
3767,3010
3768,2358
3769,2419
3770,7364
3771,2859
3772,2929
3773,3009
3774,2656
3775,3357
3776,3573
3777,3863
3778,2643
3779,2732
3780,4147
3781,2878
3782,3069
3783,2905
3784,2653
3785,2886
3786,3055
3787,2686
3788,2914
3789,2948
3790,6840
3791,3250
3792,2395
3793,2650
3794,2415
3795,2917
3796,2431
3797,2833
3798,2258
3799,2986
3800,33758
3801,5308
3802,3257
3803,3112
3804,2923
3805,3318
3806,2800
3807,2731
3808,3661
3809,4237
3810,4215
3811,3525
3812,3218
3813,2798
3814,2789
3815,2998
3816,2799
3817,2657
3818,2843
3819,2604
3820,4703
3821,3157
3822,2945
3823,3053
3824,3234
3825,3391
3826,2735
3827,2690
3828,2839
3829,2809
3830,3942
3831,3009
3832,2849
3833,3646
3834,3009
3835,3261
3836,2607
3837,2724
3838,4170
3839,3230
3840,16815
3841,3286
3842,2994
3843,2659
3844,3387
3845,3186
3846,4141
3847,3652
3848,2830
3849,2861
3850,7634
3851,3017
3852,2682
3853,2541
3854,2397
3855,3477
3856,2705
3857,6529
3858,2577
3859,3030
3860,3795
3861,2935
3862,2617
3863,3150
3864,2845
3865,3705
3866,2633
3867,2737
3868,2749
3869,2613
3870,4394
3871,2732
3872,6544
3873,2568
3874,2351
3875,3340
3876,2636
3877,2633
3878,2540
3879,2337
3880,4151
3881,2730
3882,2487
3883,2891
3884,2443
3885,2863
3886,2651
3887,2438
3888,5518
3889,3045
3890,3255
3891,2464
3892,3202
3893,2524
3894,2423
3895,2991
3896,2380
3897,2680
3898,2442
3899,2855
3900,22199
3901,4499
3902,3087
3903,3392
3904,4481
3905,3686
3906,4105
3907,2930
3908,4017
3909,3032
3910,4151
3911,3355
3912,3029
3913,2779
3914,2580
3915,3402
3916,2602
3917,2747
3918,2521
3919,2794
3920,4316
3921,3225
3922,3324
3923,2991
3924,2608
3925,3157
3926,2987
3927,4562
3928,3367
3929,2893
3930,3600
3931,3123
3932,3053
3933,3280
3934,19296
3935,2645
3936,2733
3937,3343
3938,2630
3939,4044
3940,4710
3941,3197
3942,2972
3943,2597
3944,2589
3945,5205
3946,2988
3947,2614
3948,2451
3949,2606
3950,5388
3951,2651
3952,2933
3953,2741
3954,2411
3955,2958
3956,3104
3957,2505
3958,2523
3959,3669
3960,4244
3961,2493
3962,2903
3963,2430
3964,2349
3965,2623
3966,2673
3967,2428
3968,3055
3969,3693
3970,3438
3971,2981
3972,2400
3973,2308
3974,2403
3975,3001
3976,2465
3977,2409
3978,2792
3979,2646
3980,3240
3981,2616
3982,2572
3983,2257
3984,2664
3985,2767
3986,4215
3987,4073
3988,3328
3989,2530
3990,3524
3991,2508
3992,2466
3993,2670
3994,2483
3995,3418
3996,2825
3997,2553
3998,3240
3999,6748
4000,403567
4001,14615
4002,7194
4003,6037
4004,8494
4005,6406
4006,5167
4007,4903
4008,5019
4009,4447
4010,7880
4011,5499
4012,4490
4013,4564
4014,5062
4015,4331
4016,3826
4017,4257
4018,4019
4019,3354
4020,7849
4021,4025
4022,4027
4023,3401
4024,3626
4025,4377
4026,3686
4027,3195
4028,3349
4029,3152
4030,5198
4031,4071
4032,6484
4033,15386
4034,3228
4035,3657
4036,3130
4037,2952
4038,3784
4039,3551
4040,9408
4041,4035
4042,3344
4043,3478
4044,4499
4045,4571
4046,3383
4047,3186
4048,3419
4049,4632
4050,8333
4051,4996
4052,3234
4053,3418
4054,3016
4055,3581
4056,3368
4057,2996
4058,2956
4059,2781
4060,5664
4061,3563
4062,3261
4063,3121
4064,4058
4065,3318
4066,3218
4067,3343
4068,3187
4069,3233
4070,5229
4071,2945
4072,3309
4073,2863
4074,2946
4075,3789
4076,2984
4077,3468
4078,2959
4079,2718
4080,8800
4081,3195
4082,2960
4083,2697
4084,3075
4085,3065
4086,2862
4087,2694
4088,3733
4089,2705
4090,8050
4091,3184
4092,3061
4093,3077
4094,3539
4095,10005
4096,111487
4097,4822
4098,3234
4099,4009
4100,24965
4101,6975
4102,5311
4103,8261
4104,4741
4105,4029
4106,3574
4107,3332
4108,3719
4109,3448
4110,5298
4111,5775
4112,4253
4113,3352
4114,3933
4115,4147
4116,3590
4117,2978
4118,3150
4119,3200
4120,5133
4121,4265
4122,4190
4123,4745
4124,3276
4125,4406
4126,2991
4127,3683
4128,4587
4129,3063
4130,8110
4131,3437
4132,3054
4133,3375
4134,3070
4135,7720
4136,2953
4137,2975
4138,2701
4139,2903
4140,7205
4141,5452
4142,4645
4143,3224
4144,3227
4145,3106
4146,2814
4147,3556
4148,2711
4149,2678
4150,7156
4151,4704
4152,2995
4153,3076
4154,2727
4155,3546
4156,2733
4157,3044
4158,2841
4159,3115
4160,6104
4161,4191
4162,2681
4163,3158
4164,2803
4165,3307
4166,3147
4167,3714
4168,2566
4169,3172
4170,3751
4171,3110
4172,4196
4173,2715
4174,2657
4175,3113
4176,2832
4177,2718
4178,2677
4179,2758
4180,4407
4181,3314
4182,2424
4183,3555
4184,2731
4185,2799
4186,2564
4187,2892
4188,2571
4189,2509
4190,3249
4191,3074
4192,2763
4193,2772
4194,2804
4195,2734
4196,2484
4197,2689
4198,2568
4199,2990
4200,43448
4201,5535
4202,4251
4203,3455
4204,3197
4205,3488
4206,2997
4207,3309
4208,3583
4209,3105
4210,5109
4211,4169
4212,4042
4213,3670
4214,3749
4215,3793
4216,3189
4217,5850
4218,3193
4219,2808
4220,4674
4221,3500
4222,5309
4223,3093
4224,3971
4225,4029
4226,3082
4227,4309
4228,3147
4229,2851
4230,4481
4231,5581
4232,3421
4233,3256
4234,2894
4235,3017
4236,7500
4237,2740
4238,2669
4239,2637
4240,5371
4241,3065
4242,7674
4243,3402
4244,4353
4245,3672
4246,2729
4247,3057
4248,2937
4249,2515
4250,7834
4251,3568
4252,2780
4253,3027
4254,3094
4255,3171
4256,2940
4257,2957
4258,3655
4259,2638
4260,4839
4261,3013
4262,2861
4263,2798
4264,2623
4265,2591
4266,2964
4267,3505
4268,2480
4269,3213
4270,3287
4271,5560
4272,2788
4273,3886
4274,2858
4275,3361
4276,2850
4277,2714
4278,2994
4279,2561
4280,4809
4281,2396
4282,3010
4283,2551
4284,2713
4285,2970
4286,2994
4287,3090
4288,2928
4289,2446
4290,3179
4291,2724
4292,2970
4293,2519
4294,2435
4295,3152
4296,2811
4297,2719
4298,2378
4299,2869
4300,23042
4301,5433
4302,3868
4303,3443
4304,3517
4305,3658
4306,3218
4307,3033
4308,2932
4309,2785
4310,4976
4311,3764
4312,4252
4313,2838
4314,3146
4315,3370
4316,2655
4317,2871
4318,2700
4319,3404
4320,6696
4321,10205
4322,3977
4323,2996
4324,4688
4325,3507
4326,19634
4327,2755
4328,2881
4329,2532
4330,4521
4331,3627
4332,3357
4333,4476
4334,3139
4335,3240
4336,3068
4337,3064
4338,2876
4339,2606
4340,5395
4341,2965
4342,2881
4343,4393
4344,2999
4345,3087
4346,2850
4347,2774
4348,2827
4349,2690
4350,6921
4351,3080
4352,3404
4353,3101
4354,2738
4355,3512
4356,3342
4357,6348
4358,2506
4359,2418
4360,4410
4361,2851
4362,2803
4363,3626
4364,2696
4365,2989
4366,2449
4367,2437
4368,4049
4369,2779
4370,3522
4371,2774
4372,2519
4373,2613
4374,2699
4375,10846
4376,2432
4377,2546
4378,2467
4379,2380
4380,3787
4381,2646
4382,2596
4383,2387
4384,2608
4385,2450
4386,2535
4387,2469
4388,3217
4389,3507
4390,2977
4391,2735
4392,2535
4393,2550
4394,2188
4395,2828
4396,2288
4397,2463
4398,2375
4399,3611
4400,27764
4401,5673
4402,3543
4403,3085
4404,3734
4405,3114
4406,3142
4407,2700
4408,3076
4409,2973
4410,4116
4411,4350
4412,3759
4413,2889
4414,3462
4415,3503
4416,4271
4417,2778
4418,2889
4419,3523
4420,4191
4421,3638
4422,4027
4423,3511
4424,2764
4425,3165
4426,2509
4427,2670
4428,2661
4429,2793
4430,5110
4431,2932
4432,2875
4433,4099
4434,2974
4435,3504
4436,2475
4437,2877
4438,2986
4439,2487
4440,5041
4441,3394
4442,2970
4443,4232
4444,20436
4445,4272
4446,2790
4447,2979
4448,3127
4449,3605
4450,5079
4451,3370
4452,2839
4453,3126
4454,2499
4455,4539
4456,2825
4457,3130
4458,2596
4459,2850
4460,4187
4461,2635
4462,2938
4463,2648
4464,2990
4465,3509
4466,3273
4467,2786
4468,2489
4469,2452
4470,3464
4471,3193
4472,4743
4473,5256
4474,2705
4475,2815
4476,2653
4477,3638
4478,2314
4479,2439
4480,3837
4481,2799
4482,2426
4483,2905
4484,3163
4485,3052
4486,2549
4487,2745
4488,3505
4489,2559
4490,3393
4491,2683
4492,2451
4493,2366
4494,2420
4495,2730
4496,2580
4497,2317
4498,2251
4499,3557
4500,76519
4501,5553
4502,5763
4503,4465
4504,2848
4505,4448
4506,4755
4507,2972
4508,2962
4509,3564
4510,4680
4511,4488
4512,3585
4513,2789
4514,2851
4515,3900
4516,2978
4517,2651
4518,2373
4519,2582
4520,5120
4521,3146
4522,3135
4523,2702
4524,2607
4525,3399
4526,2666
4527,2565
4528,2583
4529,2878
4530,4004
4531,2592
4532,2874
4533,2638
4534,2486
4535,2929
4536,2861
4537,2553
4538,2332
4539,2481
4540,3157
4541,2935
4542,2596
4543,2590
4544,3044
4545,5727
4546,2993
4547,2665
4548,2780
4549,2693
4550,5713
4551,3096
4552,2753
4553,2433
4554,2932
4555,3752
4556,2686
4557,2746
4558,2647
4559,2655
4560,3973
4561,2727
4562,3429
4563,2587
4564,2826
4565,3030
4566,3728
4567,10939
4568,2791
4569,2993
4570,3684
4571,2809
4572,2640
4573,2345
4574,2251
4575,3070
4576,2664
4577,3013
4578,2247
4579,2464
4580,3006
4581,2448
4582,2298
4583,2673
4584,2278
4585,2449
4586,2191
4587,2390
4588,2293
4589,2438
4590,3776
4591,2253
4592,2630
4593,2721
4594,2311
4595,2307
4596,2088
4597,2264
4598,2416
4599,2712
4600,22932
4601,4227
4602,2943
4603,2688
4604,2451
4605,3047
4606,3286
4607,2522
4608,4637
4609,2826
4610,4171
4611,2887
4612,2866
4613,2587
4614,2903
4615,3518
4616,2752
4617,2596
4618,2365
4619,2463
4620,4134
4621,2713
4622,3047
4623,2538
4624,3131
4625,3865
4626,2792
4627,2880
4628,2384
4629,2209
4630,3750
4631,3068
4632,2676
4633,2628
4634,2979
4635,2709
4636,5077
4637,2590
4638,2748
4639,2663
4640,3789
4641,2675
4642,2492
4643,2365
4644,2432
4645,2773
4646,3747
4647,2959
4648,2974
4649,2876
4650,5842
4651,2909
4652,2321
4653,2920
4654,2368
4655,2938
4656,2624
4657,2629
4658,2658
4659,2209
4660,3717
4661,2477
4662,2529
4663,2838
4664,3143
4665,2657
4666,2876
4667,2959
4668,2882
4669,2256
4670,4151
4671,2493
4672,2521
4673,4297
4674,2230
4675,2821
4676,2502
4677,2462
4678,2415
4679,2331
4680,5782
4681,2714
4682,2264
4683,2201
4684,2716
4685,2578
4686,3577
4687,2636
4688,4325
4689,2337
4690,3488
4691,2435
4692,2737
4693,2465
4694,2184
4695,2256
4696,2670
4697,2349
4698,2262
4699,2560
4700,20198
4701,3937
4702,3020
4703,2908
4704,3776
4705,3036
4706,2490
4707,2918
4708,2529
4709,2408
4710,3775
4711,6077
4712,2928
4713,2942
4714,2472
4715,3303
4716,2605
4717,2586
4718,2294
4719,2544
4720,3791
4721,2540
4722,2984
4723,3392
4724,2581
4725,3743
4726,2449
4727,2605
4728,2912
4729,2713
4730,3548
4731,2750
4732,2838
4733,2577
4734,2267
4735,2469
4736,2920
4737,2477
4738,2361
4739,2675
4740,3391
4741,2714
4742,2346
4743,2316
4744,2771
4745,2523
4746,2486
4747,3912
4748,2486
4749,2357
4750,6049
4751,2832
4752,2707
4753,2435
4754,2433
4755,3261
4756,2668
4757,2645
4758,2919
4759,2459
4760,3331
4761,2425
4762,2327
4763,2258
4764,2169
4765,2432
4766,2561
4767,2260
4768,2371
4769,3014
4770,4934
4771,2686
4772,2403
4773,2289
4774,2484
4775,3049
4776,2522
4777,3064
4778,1987
4779,2225
4780,2935
4781,2375
4782,2540
4783,2332
4784,2326
4785,2217
4786,2685
4787,2403
4788,2546
4789,2630
4790,3832
4791,2193
4792,2210
4793,2029
4794,1927
4795,2210
4796,2411
4797,3011
4798,2154
4799,2821
4800,37068
4801,4312
4802,3203
4803,2613
4804,2607
4805,3127
4806,2424
4807,2384
4808,2767
4809,8311
4810,4442
4811,3005
4812,2830
4813,2235
4814,2454
4815,2762
4816,2469
4817,2345
4818,2515
4819,3308
4820,3453
4821,2420
4822,3317
4823,2437
4824,2550
4825,2971
4826,2502
4827,2458
4828,2331
4829,2242
4830,10096
4831,2592
4832,2407
4833,3122
4834,2005
4835,2711
4836,2261
4837,2145
4838,2334
4839,2437
4840,3242
4841,2687
4842,2691
4843,2281
4844,3068
4845,3008
4846,2006
4847,2271
4848,3901
4849,2670
4850,6652
4851,2494
4852,2614
4853,2508
4854,2171
4855,2542
4856,2594
4857,2181
4858,2548
4859,2473
4860,3805
4861,2977
4862,2322
4863,2138
4864,2643
4865,2269
4866,2320
4867,2539
4868,3454
4869,2253
4870,5628
4871,2317
4872,2678
4873,2538
4874,2447
4875,3103
4876,2517
4877,3009
4878,2649
4879,2364
4880,3496
4881,2318
4882,2413
4883,2533
4884,2448
4885,2411
4886,2071
4887,2297
4888,3033
4889,2839
4890,3322
4891,2099
4892,2216
4893,2271
4894,2075
4895,2608
4896,3091
4897,2112
4898,2223
4899,2687
4900,15108
4901,3920
4902,2623
4903,2849
4904,2407
4905,2782
4906,2234
4907,2231
4908,2162
4909,2500
4910,3426
4911,3106
4912,2616
4913,2407
4914,3029
4915,3020
4916,2210
4917,2203
4918,2487
4919,2280
4920,3656
4921,2708
4922,2653
4923,2344
4924,2303
4925,2774
4926,2289
4927,2285
4928,2460
4929,2319
4930,2998
4931,2348
4932,2614
4933,2585
4934,2194
4935,2363
4936,2559
4937,2204
4938,2221
4939,2713
4940,3102
4941,2578
4942,2281
4943,2175
4944,2743
4945,3932
4946,2361
4947,2158
4948,2383
4949,3241
4950,5337
4951,2386
4952,2631
4953,2207
4954,2198
4955,2365
4956,2298
4957,2336
4958,2384
4959,3305
4960,3423
4961,2273
4962,2361
4963,2171
4964,2064
4965,2640
4966,2223
4967,2247
4968,2472
4969,2215
4970,3122
4971,2289
4972,2065
4973,2065
4974,2357
4975,3443
4976,2046
4977,2377
4978,2075
4979,2060
4980,3247
4981,2289
4982,2127
4983,2355
4984,2184
4985,2321
4986,2195
4987,1963
4988,2138
4989,2263
4990,3581
4991,2391
4992,2776
4993,2493
4994,2372
4995,3320
4996,3340
4997,2571
4998,2471
4999,7371
5000,640347
5001,18945
5002,7315
5003,5534
5004,4650
5005,8070
5006,4408
5007,7961
5008,5823
5009,3538
5010,7970
5011,4180
5012,3552
5013,3087
5014,3049
5015,4432
5016,3130
5017,3157
5018,3165
5019,2664
5020,5790
5021,3254
5022,3300
5023,3126
5024,2656
5025,3288
5026,2414
5027,2510
5028,2209
5029,2613
5030,4325
5031,2553
5032,2741
5033,2972
5034,2370
5035,2796
5036,2388
5037,3267
5038,2419
5039,3026
5040,6461
5041,2869
5042,2458
5043,2443
5044,3125
5045,2922
5046,2259
5047,2388
5048,2544
5049,2216
5050,14167
5051,3950
5052,4395
5053,2766
5054,2605
5055,4000
5056,2653
5057,2291
5058,2203
5059,2495
5060,6907
5061,4524
5062,2506
5063,2449
5064,2422
5065,2767
5066,2610
5067,2693
5068,2178
5069,2504
5070,4114
5071,2253
5072,2322
5073,2284
5074,2141
5075,3010
5076,2287
5077,2078
5078,2444
5079,2156
5080,4291
5081,2323
5082,2114
5083,3614
5084,2042
5085,2625
5086,2450
5087,1987
5088,2532
5089,2234
5090,3074
5091,2019
5092,2149
5093,1835
5094,1900
5095,2146
5096,2280
5097,2015
5098,1908
5099,2265
5100,24544
5101,5285
5102,3612
5103,3421
5104,3054
5105,9045
5106,2644
5107,2975
5108,2610
5109,2301
5110,5059
5111,4298
5112,2978
5113,2606
5114,3423
5115,3034
5116,2519
5117,2426
5118,2420
5119,2720
5120,8479
5121,3323
5122,2869
5123,2982
5124,2389
5125,3130
5126,2466
5127,2253
5128,3071
5129,2143
5130,3775
5131,2729
5132,2368
5133,2287
5134,2308
5135,2621
5136,2076
5137,2268
5138,1838
5139,2146
5140,3467
5141,2393
5142,2267
5143,2071
5144,2093
5145,2488
5146,2228
5147,2072
5148,2173
5149,2049
5150,11658
5151,4208
5152,2795
5153,2630
5154,2106
5155,2818
5156,2355
5157,2323
5158,1997
5159,2015
5160,4767
5161,2553
5162,2172
5163,1863
5164,2135
5165,2274
5166,2088
5167,2818
5168,2183
5169,1998
5170,3250
5171,2254
5172,3045
5173,1976
5174,1836
5175,2433
5176,2425
5177,1923
5178,1660
5179,1918
5180,2890
5181,2018
5182,2327
5183,2077
5184,2688
5185,2311
5186,1738
5187,1770
5188,2076
5189,1892
5190,2480
5191,2312
5192,2016
5193,2072
5194,12162
5195,2740
5196,2081
5197,1975
5198,1950
5199,2213
5200,31842
5201,4503
5202,2724
5203,2508
5204,2796
5205,2887
5206,2322
5207,2279
5208,2454
5209,2247
5210,4164
5211,3227
5212,2639
5213,2218
5214,2292
5215,2568
5216,2428
5217,3177
5218,2145
5219,2031
5220,4361
5221,2855
5222,4327
5223,2727
5224,2134
5225,3545
5226,2348
5227,2442
5228,2375
5229,1948
5230,4029
5231,2329
5232,2435
5233,2978
5234,2276
5235,2673
5236,2555
5237,2137
5238,2193
5239,1887
5240,2959
5241,2197
5242,2265
5243,2098
5244,2143
5245,2551
5246,2171
5247,2138
5248,2235
5249,2024
5250,8253
5251,2860
5252,3545
5253,2816
5254,2264
5255,3478
5256,2097
5257,2418
5258,2093
5259,1867
5260,3131
5261,2293
5262,2167
5263,2318
5264,1893
5265,1908
5266,2281
5267,2119
5268,1742
5269,1917
5270,2703
5271,2341
5272,2190
5273,2207
5274,1926
5275,2379
5276,1852
5277,2017
5278,2215
5279,2014
5280,7783
5281,9095
5282,1939
5283,2258
5284,2534
5285,2591
5286,1951
5287,2061
5288,1933
5289,1879
5290,2512
5291,2221
5292,2628
5293,1787
5294,1761
5295,1917
5296,1924
5297,1896
5298,1688
5299,2192
5300,20212
5301,4677
5302,2859
5303,3009
5304,2745
5305,3040
5306,2578
5307,2846
5308,2256
5309,3309
5310,4553
5311,3080
5312,2887
5313,2459
5314,2081
5315,2698
5316,2449
5317,2424
5318,2024
5319,2098
5320,3972
5321,2937
5322,3145
5323,2829
5324,2638
5325,2633
5326,2064
5327,2159
5328,2290
5329,2305
5330,3294
5331,2441
5332,2096
5333,3783
5334,2631
5335,2847
5336,1974
5337,2173
5338,1878
5339,2192
5340,2840
5341,2201
5342,2076
5343,2316
5344,2092
5345,2314
5346,2075
5347,2350
5348,2558
5349,1917
5350,3928
5351,2188
5352,2118
5353,3885
5354,2200
5355,2659
5356,2647
5357,2170
5358,1990
5359,2021
5360,2583
5361,2151
5362,1792
5363,2107
5364,1901
5365,2005
5366,1866
5367,1888
5368,1768
5369,1836
5370,2590
5371,2162
5372,1826
5373,2229
5374,1618
5375,2369
5376,2662
5377,2218
5378,1919
5379,1867
5380,2788
5381,2890
5382,1873
5383,1987
5384,1723
5385,2128
5386,1909
5387,1890
5388,1906
5389,1939
5390,2189
5391,2141
5392,1739
5393,1670
5394,1573
5395,2178
5396,1895
5397,1698
5398,1681
5399,1958
5400,25557
5401,4316
5402,2803
5403,2438
5404,2238
5405,3072
5406,2940
5407,2501
5408,2525
5409,1931
5410,2898
5411,2887
5412,2723
5413,1941
5414,2134
5415,2977
5416,2141
5417,2193
5418,2313
5419,1984
5420,3158
5421,2175
5422,2778
5423,2150
5424,2560
5425,2496
5426,1721
5427,1913
5428,2150
5429,1942
5430,2967
5431,2273
5432,26465
5433,4016
5434,2296
5435,2180
5436,1824
5437,2708
5438,2222
5439,2466
5440,3142
5441,2348
5442,2160
5443,2720
5444,2681
5445,2691
5446,2206
5447,1930
5448,2127
5449,2069
5450,4794
5451,2095
5452,2075
5453,2497
5454,3724
5455,2812
5456,2264
5457,2009
5458,1813
5459,1903
5460,2873
5461,3094
5462,1854
5463,2071
5464,2116
5465,2446
5466,2163
5467,2132
5468,1902
5469,2183
5470,2817
5471,2731
5472,4247
5473,1866
5474,1855
5475,2172
5476,1991
5477,1969
5478,2001
5479,2047
5480,2755
5481,2123
5482,1862
5483,1866
5484,2036
5485,1948
5486,1824
5487,1879
5488,2116
5489,1948
5490,2648
5491,2159
5492,1685
5493,1743
5494,1740
5495,2462
5496,1626
5497,1564
5498,2309
5499,2278
5500,54608
5501,4142
5502,2652
5503,2271
5504,2408
5505,3755
5506,2663
5507,2292
5508,2473
5509,2338
5510,4412
5511,3542
5512,3003
5513,2841
5514,2213
5515,3169
5516,2338
5517,2509
5518,2295
5519,2000
5520,4748
5521,2571
5522,2502
5523,3117
5524,2570
5525,3328
5526,2052
5527,2156
5528,2028
5529,1903
5530,4085
5531,2239
5532,2575
5533,2681
5534,2062
5535,2682
5536,2221
5537,2322
5538,1816
5539,2382
5540,3422
5541,2375
5542,2351
5543,1941
5544,2834
5545,2554
5546,1834
5547,2356
5548,3019
5549,1778
5550,5523
5551,2625
5552,2338
5553,2236
5554,3816
5555,22210
5556,4234
5557,2619
5558,2352
5559,2409
5560,3062
5561,2057
5562,1815
5563,1976
5564,1961
5565,2504
5566,3101
5567,2170
5568,2234
5569,1977
5570,3112
5571,2135
5572,1965
5573,1802
5574,1688
5575,2661
5576,1958
5577,2841
5578,1653
5579,1747
5580,2905
5581,1862
5582,1844
5583,1827
5584,1863
5585,2246
5586,1721
5587,2104
5588,2557
5589,1826
5590,2655
5591,1998
5592,1757
5593,1781
5594,1590
5595,1982
5596,1807
5597,1784
5598,1603
5599,2282
5600,24003
5601,5384
5602,2408
5603,3257
5604,1952
5605,2302
5606,2232
5607,2058
5608,1938
5609,1948
5610,4636
5611,2522
5612,2202
5613,1840
5614,1800
5615,2184
5616,2394
5617,1747
5618,1852
5619,1902
5620,2868
5621,2086
5622,2226
5623,2203
5624,1919
5625,10565
5626,2077
5627,1974
5628,1826
5629,1814
5630,2708
5631,1968
5632,2391
5633,1963
5634,2150
5635,2397
5636,1855
5637,3150
5638,1915
5639,1841
5640,2922
5641,2021
5642,1956
5643,1981
5644,1943
5645,2166
5646,2405
5647,1852
5648,1580
5649,1615
5650,4124
5651,2067
5652,2398
5653,1876
5654,1999
5655,2528
5656,3027
5657,2096
5658,1840
5659,1616
5660,2819
5661,1974
5662,2281
5663,2002
5664,2128
5665,2484
5666,2392
5667,2313
5668,1835
5669,1812
5670,3591
5671,2822
5672,7211
5673,1953
5674,1756
5675,2416
5676,2162
5677,1953
5678,11488
5679,1845
5680,2590
5681,2580
5682,1878
5683,2254
5684,1962
5685,1682
5686,1583
5687,2281
5688,2063
5689,1792
5690,2108
5691,1639
5692,1861
5693,1542
5694,1770
5695,1942
5696,1834
5697,1647
5698,1875
5699,2063
5700,22170
5701,5332
5702,2385
5703,2705
5704,1973
5705,2309
5706,1949
5707,2213
5708,2941
5709,2539
5710,2776
5711,3544
5712,2320
5713,2204
5714,2354
5715,2336
5716,1914
5717,2315
5718,1979
5719,2207
5720,2930
5721,2197
5722,2160
5723,1901
5724,1957
5725,2645
5726,1662
5727,2232
5728,2389
5729,1856
5730,4098
5731,1923
5732,1872
5733,2250
5734,2079
5735,2522
5736,1769
5737,2055
5738,1646
5739,1810
5740,2791
5741,2710
5742,1933
5743,1902
5744,2182
5745,2182
5746,1743
5747,2003
5748,1998
5749,1826
5750,5408
5751,2448
5752,1876
5753,2580
5754,2559
5755,2709
5756,1816
5757,2599
5758,1983
5759,2113
5760,5509
5761,1883
5762,1901
5763,1949
5764,1949
5765,2301
5766,2084
5767,2017
5768,2353
5769,2144
5770,4674
5771,2445
5772,3994
5773,2344
5774,2814
5775,3371
5776,2426
5777,3610
5778,2870
5779,2222
5780,3069
5781,2458
5782,2463
5783,1723
5784,1658
5785,1804
5786,1650
5787,1928
5788,2346
5789,1884
5790,2054
5791,1763
5792,1895
5793,2332
5794,1504
5795,1938
5796,1583
5797,2174
5798,1684
5799,1729
5800,21069
5801,3347
5802,2356
5803,1899
5804,1979
5805,2124
5806,1844
5807,2057
5808,2272
5809,1747
5810,2880
5811,2301
5812,3008
5813,1928
5814,1799
5815,2128
5816,1842
5817,2088
5818,1667
5819,1906
5820,3169
5821,2029
5822,2215
5823,1805
5824,1910
5825,2280
5826,1683
5827,1805
5828,1976
5829,1846
5830,2779
5831,1845
5832,2166
5833,2570
5834,1691
5835,1905
5836,1748
5837,1845
5838,1813
5839,1991
5840,2577
5841,2145
5842,1670
5843,2068
5844,1784
5845,2125
5846,2024
5847,1601
5848,1768
5849,1918
5850,5275
5851,2204
5852,1935
5853,1699
5854,1598
5855,2463
5856,2290
5857,1944
5858,3282
5859,2157
5860,2508
5861,2007
5862,1734
5863,1613
5864,1625
5865,1901
5866,1869
5867,1849
5868,1783
5869,1883
5870,4546
5871,1829
5872,1649
5873,1445
5874,1598
5875,2748
5876,2519
5877,1766
5878,1644
5879,1755
5880,2979
5881,1919
5882,2025
5883,1882
5884,1691
5885,2124
5886,1543
5887,1933
5888,2744
5889,1751
5890,2836
5891,1833
5892,1606
5893,1596
5894,1377
5895,2204
5896,1642
5897,1817
5898,1623
5899,1882
5900,13197
5901,3482
5902,2227
5903,1915
5904,1980
5905,2361
5906,2094
5907,2152
5908,1927
5909,1875
5910,2427
5911,2172
5912,1911
5913,1591
5914,1768
5915,1957
5916,1700
5917,1649
5918,1516
5919,1727
5920,2829
5921,1752
5922,1837
5923,2009
5924,1445
5925,2220
5926,1531
5927,1730
5928,1515
5929,1743
5930,3215
5931,1720
5932,1521
5933,1759
5934,1588
5935,2089
5936,1591
5937,1914
5938,1708
5939,1687
5940,2529
5941,1750
5942,1566
5943,1534
5944,1703
5945,1744
5946,1645
5947,1522
5948,1547
5949,1696
5950,3846
5951,1811
5952,1953
5953,1640
5954,1557
5955,1998
5956,1533
5957,1633
5958,1853
5959,2631
5960,2653
5961,1786
5962,1862
5963,1737
5964,1510
5965,2029
5966,1703
5967,1857
5968,1989
5969,1587
5970,3140
5971,1655
5972,1769
5973,2111
5974,1497
5975,2235
5976,1888
5977,1651
5978,1573
5979,1789
5980,2364
5981,1790
5982,1538
5983,1743
5984,3997
5985,2580
5986,2156
5987,1679
5988,1906
5989,1739
5990,2715
5991,1832
5992,1817
5993,1653
5994,1702
5995,2290
5996,1720
5997,1738
5998,2064
5999,4384
6000,225618
6001,10570
6002,5494
6003,3731
6004,3307
6005,3982
6006,5048
6007,2893
6008,3085
6009,3339
6010,5533
6011,4579
6012,3541
6013,3022
6014,2444
6015,3497
6016,2965
6017,2172
6018,2156
6019,2205
6020,4644
6021,2849
6022,2844
6023,2266
6024,2275
6025,2597
6026,2120
6027,2154
6028,2244
6029,2012
6030,3963
6031,2406
6032,2277
6033,2651
6034,1944
6035,2555
6036,2024
6037,2123
6038,1984
6039,2028
6040,3784
6041,2379
6042,2076
6043,1835
6044,1968
6045,2423
6046,1746
6047,1755
6048,2058
6049,2138
6050,5002
6051,2401
6052,2096
6053,1891
6054,1782
6055,3107
6056,2328
6057,1769
6058,1842
6059,2013
6060,9988
6061,13855
6062,2526
6063,3968
6064,2075
6065,2315
6066,2581
6067,2038
6068,2031
6069,1958
6070,3413
6071,1931
6072,2105
6073,2095
6074,1867
6075,2514
6076,1962
6077,2065
6078,1752
6079,1836
6080,4247
6081,2170
6082,3104
6083,2009
6084,3881
6085,2160
6086,2090
6087,1870
6088,2059
6089,1722
6090,3120
6091,2113
6092,1899
6093,1778
6094,1789
6095,1903
6096,2496
6097,1785
6098,1690
6099,2033
6100,17832
6101,4132
6102,3656
6103,3823
6104,2537
6105,3704
6106,2887
6107,2233
6108,2453
6109,2455
6110,4072
6111,4371
6112,2689
6113,2263
6114,2337
6115,2733
6116,2350
6117,2036
6118,2037
6119,2313
6120,4486
6121,2872
6122,2286
6123,2592
6124,2136
6125,2931
6126,2329
6127,2052
6128,2320
6129,2050
6130,3054
6131,2914
6132,1979
6133,2279
6134,1750
6135,1957
6136,1943
6137,1665
6138,1787
6139,2040
6140,2850
6141,2230
6142,1946
6143,2144
6144,4952
6145,2119
6146,1944
6147,1880
6148,2043
6149,1615
6150,5174
6151,2924
6152,2049
6153,2045
6154,2111
6155,2128
6156,2151
6157,1687
6158,1644
6159,1577
6160,3452
6161,3286
6162,2247
6163,1980
6164,1929
6165,1889
6166,2706
6167,1987
6168,1990
6169,1711
6170,2310
6171,2101
6172,2019
6173,1893
6174,1939
6175,1985
6176,1970
6177,1935
6178,1493
6179,4166
6180,3510
6181,2025
6182,2190
6183,1812
6184,1438
6185,1819
6186,1490
6187,1554
6188,1740
6189,1715
6190,2314
6191,1699
6192,1719
6193,1590
6194,1520
6195,1807
6196,1845
6197,1370
6198,1553
6199,2030
6200,18738
6201,3776
6202,2735
6203,2879
6204,2339
6205,3080
6206,2185
6207,2259
6208,2475
6209,1949
6210,3920
6211,3022
6212,2705
6213,2153
6214,2041
6215,2478
6216,1909
6217,1931
6218,1845
6219,1716
6220,3415
6221,3268
6222,3192
6223,2377
6224,2119
6225,2395
6226,2558
6227,2058
6228,1760
6229,2193
6230,3704
6231,2469
6232,2224
6233,2553
6234,2030
6235,2199
6236,1869
6237,2006
6238,2145
6239,2442
6240,3779
6241,2272
6242,2241
6243,1965
6244,1793
6245,2049
6246,1766
6247,1923
6248,1918
6249,1746
6250,9584
6251,2528
6252,2196
6253,2141
6254,2191
6255,2469
6256,2058
6257,1698
6258,1877
6259,1676
6260,2616
6261,2261
6262,3041
6263,2484
6264,2454
6265,2366
6266,1940
6267,1690
6268,1769
6269,2018
6270,2450
6271,2240
6272,2284
6273,2618
6274,1808
6275,2281
6276,1650
6277,2494
6278,1752
6279,1942
6280,2595
6281,1859
6282,1769
6283,2186
6284,1894
6285,2097
6286,1536
6287,1767
6288,1969
6289,1798
6290,2228
6291,1729
6292,1703
6293,1557
6294,1647
6295,1867
6296,1538
6297,1586
6298,1572
6299,2053
6300,21807
6301,3703
6302,2664
6303,2400
6304,2357
6305,2284
6306,2011
6307,2093
6308,1988
6309,2372
6310,3247
6311,2610
6312,2126
6313,1890
6314,1707
6315,2220
6316,1809
6317,1681
6318,1724
6319,1741
6320,3320
6321,2478
6322,2096
6323,2211
6324,2088
6325,2376
6326,1975
6327,1796
6328,2051
6329,1816
6330,3899
6331,2218
6332,2308
6333,3497
6334,2254
6335,1839
6336,2246
6337,1870
6338,1888
6339,1744
6340,2719
6341,2258
6342,1840
6343,1921
6344,1862
6345,1966
6346,1680
6347,2036
6348,1957
6349,1598
6350,3674
6351,2624
6352,1870
6353,1793
6354,1608
6355,2912
6356,1675
6357,1963
6358,1608
6359,1728
6360,2791
6361,3073
6362,1883
6363,3834
6364,2428
6365,2378
6366,1867
6367,1810
6368,1770
6369,1605
6370,2133
6371,3473
6372,1887
6373,1871
6374,1902
6375,2233
6376,1723
6377,1857
6378,2377
6379,21699
6380,3174
6381,2059
6382,1837
6383,1680
6384,1737
6385,1811
6386,1693
6387,1588
6388,2180
6389,1820
6390,2010
6391,1712
6392,1666
6393,1624
6394,1409
6395,1754
6396,1551
6397,2921
6398,1574
6399,2101
6400,28342
6401,3170
6402,2392
6403,1990
6404,1990
6405,2510
6406,1962
6407,1821
6408,1897
6409,1838
6410,2835
6411,2352
6412,1981
6413,1851
6414,1788
6415,1934
6416,1907
6417,1700
6418,1564
6419,1853
6420,2887
6421,1889
6422,1988
6423,1859
6424,1742
6425,2660
6426,1786
6427,1635
6428,1696
6429,1837
6430,2435
6431,2044
6432,2201
6433,1811
6434,1982
6435,2280
6436,1558
6437,1721
6438,1997
6439,1384
6440,2798
6441,2195
6442,1798
6443,5746
6444,2180
6445,1929
6446,1818
6447,1773
6448,1670
6449,1810
6450,4089
6451,1734
6452,1884
6453,1809
6454,1872
6455,2485
6456,1632
6457,1988
6458,1611
6459,1632
6460,2437
6461,1899
6462,1499
6463,1894
6464,2760
6465,1900
6466,1939
6467,1779
6468,2059
6469,1622
6470,2153
6471,1784
6472,1601
6473,1831
6474,1614
6475,2458
6476,1418
6477,1630
6478,1557
6479,1552
6480,2494
6481,1632
6482,1561
6483,1690
6484,2074
6485,1474
6486,1410
6487,1518
6488,1889
6489,1648
6490,2268
6491,1596
6492,1756
6493,1313
6494,1686
6495,1895
6496,1470
6497,1967
6498,1589
6499,1968
6500,46115
6501,3850
6502,9766
6503,2138
6504,1885
6505,2955
6506,1829
6507,2017
6508,1875
6509,2239
6510,3860
6511,3197
6512,2898
6513,1973
6514,1884
6515,2310
6516,2093
6517,1788
6518,1653
6519,1607
6520,3606
6521,1857
6522,2278
6523,1731
6524,1679
6525,2517
6526,1578
6527,1696
6528,1773
6529,1621
6530,2613
6531,1944
6532,1920
6533,1935
6534,1602
6535,2095
6536,1697
6537,1542
6538,2316
6539,1501
6540,2352
6541,2029
6542,1868
6543,2895
6544,1846
6545,2137
6546,1672
6547,1605
6548,2098
6549,1566
6550,4672
6551,1889
6552,2020
6553,2412
6554,1727
6555,2816
6556,1863
6557,1617
6558,1593
6559,1566
6560,2861
6561,2595
6562,2035
6563,2167
6564,1610
6565,2833
6566,2106
6567,1807
6568,1693
6569,2214
6570,2691
6571,1729
6572,1812
6573,1546
6574,1593
6575,1925
6576,1698
6577,1846
6578,1595
6579,1692
6580,2434
6581,1921
6582,1547
6583,2538
6584,2317
6585,2022
6586,1295
6587,1508
6588,1596
6589,1479
6590,1822
6591,1706
6592,1587
6593,1396
6594,1274
6595,1695
6596,2296
6597,1390
6598,1458
6599,1604
6600,23815
6601,2991
6602,2482
6603,2177
6604,2203
6605,2140
6606,2162
6607,1716
6608,1827
6609,1829
6610,3033
6611,3353
6612,1860
6613,2020
6614,1826
6615,2041
6616,1878
6617,1693
6618,1498
6619,1562
6620,2953
6621,2406
6622,2235
6623,1557
6624,1873
6625,2516
6626,1738
6627,1522
6628,1516
6629,1462
6630,2677
6631,1705
6632,2154
6633,3227
6634,1555
6635,1728
6636,1962
6637,1605
6638,1409
6639,1613
6640,2173
6641,2005
6642,1941
6643,1789
6644,1881
6645,1903
6646,1639
6647,1445
6648,1560
6649,1530
6650,3896
6651,2432
6652,1770
6653,2106
6654,1999
6655,2770
6656,2161
6657,1957
6658,1435
6659,1576
6660,2552
6661,2026
6662,2717
6663,1716
6664,2043
6665,1930
6666,10073
6667,9272
6668,1921
6669,1943
6670,3145
6671,1858
6672,1884
6673,1816
6674,1451
6675,1856
6676,1552
6677,2386
6678,2036
6679,1486
6680,2883
6681,2064
6682,1786
6683,1708
6684,1757
6685,1910
6686,1774
6687,1680
6688,2667
6689,1541
6690,1842
6691,1477
6692,1372
6693,1656
6694,1820
6695,1633
6696,1688
6697,1860
6698,2122
6699,3248
6700,17059
6701,2865
6702,1890
6703,1714
6704,1731
6705,1838
6706,1678
6707,2068
6708,2314
6709,1623
6710,2147
6711,1893
6712,1835
6713,1739
6714,1605
6715,2067
6716,2505
6717,2029
6718,1448
6719,1572
6720,3111
6721,1758
6722,2028
6723,1885
6724,1833
6725,2006
6726,1454
6727,1723
6728,2036
6729,1433
6730,2223
6731,2872
6732,1782
6733,1782
6734,1552
6735,1905
6736,7256
6737,1665
6738,1613
6739,1540
6740,2118
6741,1771
6742,1742
6743,1469
6744,1592
6745,1782
6746,1330
6747,1591
6748,1509
6749,1960
6750,4795
6751,1982
6752,2451
6753,1749
6754,1425
6755,1674
6756,1377
6757,1608
6758,1943
6759,1446
6760,2215
6761,1524
6762,1721
6763,1637
6764,1444
6765,1980
6766,1609
6767,2659
6768,1743
6769,1526
6770,2837
6771,1770
6772,1700
6773,1826
6774,1406
6775,1628
6776,2027
6777,2733
6778,1582
6779,1549
6780,2069
6781,1587
6782,1567
6783,1500
6784,1682
6785,1540
6786,1480
6787,2452
6788,1546
6789,6819
6790,2215
6791,2219
6792,1575
6793,1344
6794,1310
6795,1402
6796,1364
6797,1369
6798,1345
6799,1751
6800,23264
6801,2938
6802,1841
6803,3767
6804,1823
6805,1812
6806,1489
6807,1643
6808,1639
6809,2797
6810,2461
6811,2927
6812,1840
6813,1614
6814,1750
6815,1596
6816,1419
6817,1705
6818,1551
6819,2056
6820,2557
6821,1571
6822,2587
6823,1832
6824,1778
6825,2321
6826,1502
6827,1602
6828,1621
6829,1433
6830,2276
6831,2020
6832,1709
6833,2063
6834,1705
6835,1610
6836,1739
6837,1637
6838,1442
6839,1321
6840,2536
6841,1600
6842,1880
6843,1832
6844,1445
6845,1982
6846,1706
6847,1367
6848,1525
6849,1418
6850,4166
6851,2035
6852,1457
6853,1606
6854,2184
6855,1586
6856,1398
6857,1423
6858,1290
6859,1394
6860,1904
6861,1602
6862,1389
6863,1487
6864,1509
6865,1579
6866,1525
6867,1266
6868,2645
6869,1536
6870,3668
6871,1508
6872,1699
6873,1369
6874,1317
6875,9262
6876,1817
6877,1786
6878,1440
6879,1529
6880,2793
6881,2082
6882,1658
6883,1590
6884,1456
6885,1662
6886,1516
6887,1671
6888,2684
6889,1804
6890,2883
6891,1415
6892,1463
6893,1225
6894,1369
6895,1432
6896,1280
6897,1482
6898,1248
6899,1569
6900,12470
6901,2976
6902,2326
6903,1682
6904,1648
6905,1825
6906,1579
6907,1698
6908,1331
6909,1810
6910,2447
6911,2161
6912,2126
6913,1531
6914,1462
6915,1717
6916,1363
6917,1634
6918,1349
6919,1568
6920,2921
6921,1553
6922,2106
6923,1645
6924,1712
6925,1778
6926,1376
6927,1345
6928,1371
6929,1359
6930,2063
6931,1582
6932,1404
6933,2027
6934,1473
6935,1466
6936,1384
6937,1654
6938,1454
6939,1670
6940,2199
6941,1661
6942,1413
6943,1437
6944,1656
6945,1617
6946,2639
6947,1548
6948,1413
6949,1604
6950,4515
6951,1732
6952,1372
6953,1491
6954,1315
6955,2410
6956,1313
6957,1290
6958,1389
6959,1508
6960,2393
6961,1461
6962,1622
6963,2029
6964,1360
6965,1600
6966,1619
6967,1447
6968,2008
6969,3506
6970,3289
6971,1580
6972,1561
6973,1487
6974,1327
6975,1965
6976,1941
6977,1695
6978,1589
6979,1607
6980,2383
6981,1751
6982,1479
6983,1423
6984,1343
6985,1585
6986,1340
6987,1344
6988,2143
6989,1404
6990,11529
6991,1567
6992,1526
6993,1424
6994,1171
6995,1778
6996,1721
6997,1464
6998,1494
6999,3317
7000,139162
7001,8699
7002,5541
7003,4033
7004,4007
7005,3864
7006,2987
7007,3657
7008,2567
7009,2558
7010,5432
7011,3048
7012,2944
7013,2954
7014,2555
7015,3021
7016,2347
7017,2249
7018,3034
7019,3135
7020,5697
7021,2323
7022,2211
7023,2513
7024,2105
7025,2475
7026,1850
7027,2462
7028,1741
7029,1871
7030,4099
7031,2894
7032,1963
7033,1822
7034,1830
7035,2119
7036,1796
7037,1944
7038,1489
7039,1690
7040,3469
7041,2007
7042,2070
7043,1990
7044,2424
7045,1860
7046,1589
7047,2065
7048,1532
7049,1734
7050,5648
7051,2697
7052,1935
7053,1831
7054,2142
7055,2409
7056,1925
7057,1842
7058,1706
7059,1742
7060,2948
7061,1847
7062,1585
7063,1498
7064,1716
7065,2342
7066,1691
7067,1632
7068,1771
7069,1753
7070,5361
7071,5203
7072,2087
7073,1837
7074,1951
7075,7997
7076,1838
7077,3170
7078,1870
7079,2125
7080,3807
7081,1923
7082,2614
7083,1847
7084,1523
7085,1853
7086,1517
7087,1885
7088,1615
7089,1608
7090,2818
7091,1732
7092,1501
7093,1489
7094,2050
7095,1903
7096,1636
7097,1837
7098,1340
7099,1862
7100,17948
7101,3039
7102,2843
7103,2795
7104,2091
7105,2253
7106,2773
7107,2059
7108,1845
7109,1889
7110,3588
7111,3791
7112,2131
7113,1735
7114,2269
7115,1978
7116,2415
7117,2350
7118,1604
7119,1615
7120,3890
7121,2310
7122,2180
7123,2232
7124,1685
7125,2655
7126,1988
7127,1744
7128,1983
7129,2042
7130,2732
7131,2121
7132,1739
7133,1791
7134,1890
7135,2352
7136,1968
7137,1529
7138,1319
7139,1527
7140,2452
7141,1912
7142,1809
7143,2065
7144,1637
7145,1632
7146,1568
7147,1382
7148,1655
7149,1355
7150,3918
7151,1782
7152,2262
7153,1824
7154,1546
7155,2089
7156,1508
7157,1385
7158,1481
7159,1572
7160,2719
7161,1738
7162,1404
7163,1723
7164,1768
7165,1727
7166,1545
7167,2082
7168,2182
7169,1697
7170,2137
7171,2723
7172,2011
7173,1426
7174,1438
7175,1878
7176,2211
7177,1852
7178,1498
7179,1584
7180,2186
7181,1895
7182,1654
7183,1916
7184,1548
7185,1712
7186,1398
7187,1351
7188,2190
7189,1590
7190,2038
7191,1715
7192,1496
7193,1483
7194,1297
7195,1914
7196,1294
7197,1393
7198,1267
7199,2166
7200,35075
7201,3555
7202,2890
7203,2820
7204,1812
7205,2335
7206,2340
7207,1845
7208,1967
7209,1640
7210,3271
7211,2666
7212,2235
7213,1845
7214,1467
7215,1993
7216,1761
7217,1599
7218,1694
7219,2205
7220,2795
7221,1922
7222,2943
7223,2568
7224,3302
7225,2403
7226,1692
7227,2309
7228,1565
7229,1613
7230,2677
7231,2625
7232,1935
7233,3848
7234,2178
7235,1882
7236,1570
7237,1727
7238,1623
7239,1625
7240,2518
7241,1695
7242,1907
7243,2289
7244,1666
7245,2200
7246,1780
7247,1796
7248,1612
7249,1485
7250,4697
7251,1884
7252,2075
7253,1805
7254,1573
7255,1832
7256,1870
7257,1541
7258,1873
7259,1332
7260,3280
7261,1834
7262,1775
7263,1652
7264,2140
7265,2219
7266,1644
7267,1799
7268,1327
7269,1838
7270,2056
7271,1638
7272,2954
7273,2194
7274,1846
7275,2695
7276,1501
7277,2162
7278,1576
7279,1523
7280,2494
7281,1724
7282,1557
7283,1662
7284,1509
7285,1708
7286,1357
7287,1793
7288,1891
7289,1652
7290,2448
7291,1781
7292,1594
7293,1492
7294,1365
7295,1480
7296,1661
7297,1729
7298,1281
7299,1543
7300,14787
7301,2504
7302,2212
7303,1987
7304,2162
7305,2289
7306,1992
7307,1968
7308,1869
7309,1458
7310,2443
7311,2137
7312,1710
7313,1602
7314,1609
7315,2099
7316,1601
7317,1518
7318,1770
7319,1654
7320,2790
7321,2584
7322,1726
7323,2355
7324,2122
7325,2118
7326,2776
7327,1473
7328,1659
7329,1475
7330,2389
7331,2193
7332,1852
7333,3097
7334,1969
7335,1805
7336,1654
7337,1990
7338,1388
7339,1400
7340,2361
7341,1513
7342,1553
7343,1460
7344,1655
7345,1832
7346,1444
7347,1560
7348,1437
7349,1391
7350,3177
7351,1728
7352,2019
7353,1619
7354,1551
7355,1880
7356,1676
7357,1851
7358,1448
7359,1519
7360,2478
7361,1551
7362,1309
7363,1467
7364,1659
7365,1511
7366,1569
7367,1621
7368,2047
7369,1525
7370,2149
7371,1670
7372,1643
7373,2661
7374,1695
7375,2109
7376,1538
7377,2019
7378,2133
7379,1616
7380,2177
7381,1629
7382,1467
7383,1529
7384,1549
7385,1619
7386,1770
7387,2031
7388,1603
7389,1440
7390,2465
7391,1653
7392,1627
7393,1617
7394,1334
7395,1550
7396,1441
7397,1427
7398,1302
7399,4163
7400,13351
7401,2741
7402,2983
7403,1919
7404,2997
7405,2783
7406,1672
7407,1957
7408,1974
7409,1481
7410,2847
7411,3201
7412,1941
7413,1960
7414,1812
7415,1845
7416,1529
7417,1637
7418,1379
7419,1566
7420,3258
7421,1888
7422,2067
7423,3124
7424,2195
7425,2164
7426,1586
7427,1772
7428,1572
7429,1657
7430,2701
7431,1781
7432,2131
7433,2243
7434,1693
7435,1878
7436,1679
7437,1566
7438,1385
7439,1533
7440,2933
7441,1893
7442,1792
7443,2259
7444,2095
7445,2190
7446,1625
7447,2101
7448,1542
7449,1357
7450,3407
7451,1629
7452,1601
7453,1463
7454,1474
7455,1842
7456,1781
7457,1503
7458,1705
7459,1500
7460,2092
7461,1503
7462,1431
7463,1852
7464,1527
7465,1766
7466,1472
7467,1732
7468,1544
7469,3140
7470,2318
7471,1601
7472,1572
7473,1616
7474,3490
7475,2257
7476,1730
7477,1716
7478,1495
7479,1502
7480,2392
7481,1649
7482,1674
7483,1529
7484,1542
7485,1658
7486,1776
7487,1487
7488,1615
7489,1477
7490,2541
7491,1763
7492,1464
7493,1695
7494,1654
7495,1756
7496,1486
7497,1439
7498,2134
7499,2114
7500,57352
7501,3459
7502,2319
7503,2118
7504,1703
7505,2471
7506,2978
7507,1817
7508,1597
7509,1696
7510,2957
7511,2226
7512,2241
7513,1802
7514,1651
7515,2207
7516,1867
7517,1858
7518,1725
7519,2077
7520,3665
7521,1968
7522,2427
7523,1726
7524,1529
7525,2721
7526,1586
7527,1643
7528,1596
7529,2532
7530,2340
7531,1851
7532,1465
7533,1642
7534,1626
7535,1965
7536,1501
7537,1553
7538,1665
7539,1535
7540,2218
7541,1731
7542,1548
7543,1526
7544,1629
7545,2266
7546,1933
7547,1827
7548,1540
7549,1568
7550,3441
7551,1700
7552,1674
7553,1690
7554,4155
7555,2669
7556,1660
7557,1954
7558,1324
7559,2128
7560,2401
7561,1424
7562,1546
7563,1396
7564,1263
7565,1770
7566,1944
7567,1845
7568,1632
7569,1635
7570,2065
7571,1365
7572,1354
7573,1320
7574,1347
7575,3153
7576,1685
7577,1915
7578,1318
7579,1317
7580,2163
7581,1494
7582,1687
7583,1525
7584,1858
7585,1845
7586,1446
7587,1600
7588,1469
7589,1590
7590,2634
7591,1765
7592,1369
7593,1533
7594,1440
7595,1594
7596,1152
7597,1317
7598,1458
7599,1599
7600,16280
7601,5548
7602,2007
7603,1960
7604,1723
7605,1733
7606,1925
7607,1830
7608,1706
7609,1586
7610,3905
7611,2262
7612,1707
7613,2089
7614,1564
7615,1557
7616,1701
7617,1631
7618,1302
7619,1775
7620,2901
7621,1752
7622,1660
7623,2311
7624,1632
7625,2461
7626,1523
7627,1413
7628,1501
7629,1594
7630,2019
7631,1892
7632,2077
7633,1545
7634,1345
7635,1527
7636,1725
7637,1721
7638,1566
7639,1384
7640,1998
7641,1791
7642,1534
7643,1733
7644,1731
7645,2325
7646,1493
7647,1556
7648,1491
7649,1390
7650,3364
7651,1421
7652,1859
7653,1732
7654,2379
7655,1689
7656,1703
7657,1487
7658,1304
7659,1577
7660,2234
7661,1614
7662,1621
7663,1740
7664,1554
7665,1907
7666,1987
7667,2135
7668,1421
7669,1992
7670,1877
7671,2268
7672,1388
7673,1523
7674,1419
7675,1810
7676,2635
7677,1727
7678,1567
7679,1812
7680,3847
7681,1910
7682,1533
7683,1540
7684,1400
7685,1397
7686,1327
7687,2350
7688,1711
7689,1241
7690,1493
7691,1356
7692,1979
7693,1211
7694,1177
7695,2023
7696,1402
7697,1398
7698,1725
7699,1542
7700,16267
7701,4545
7702,2679
7703,2156
7704,1858
7705,1785
7706,2264
7707,1761
7708,1580
7709,1630
7710,3575
7711,3085
7712,1988
7713,1599
7714,5345
7715,1933
7716,1519
7717,3244
7718,1594
7719,1509
7720,3030
7721,4080
7722,2407
7723,1807
7724,1683
7725,2275
7726,1958
7727,2090
7728,1854
7729,1706
7730,2915
7731,1647
7732,1677
7733,2272
7734,2856
7735,2042
7736,1860
7737,2001
7738,1677
7739,1679
7740,3069
7741,1723
7742,1663
7743,1790
7744,1853
7745,1706
7746,1454
7747,2435
7748,1835
7749,1591
7750,7161
7751,2435
7752,1507
7753,2160
7754,1404
7755,2134
7756,1502
7757,1842
7758,1487
7759,1742
7760,2480
7761,1955
7762,1522
7763,1799
7764,2102
7765,1705
7766,2302
7767,1799
7768,1800
7769,1577
7770,3726
7771,2806
7772,2073
7773,1800
7774,1902
7775,2192
7776,2438
7777,14302
7778,2838
7779,2058
7780,2537
7781,1455
7782,1753
7783,1571
7784,1348
7785,1709
7786,2004
7787,1876
7788,2931
7789,2078
7790,2404
7791,1734
7792,1578
7793,2059
7794,1364
7795,1809
7796,1429
7797,1597
7798,1393
7799,2511
7800,18333
7801,2636
7802,1849
7803,2262
7804,1512
7805,3809
7806,1534
7807,1529
7808,1879
7809,1934
7810,2468
7811,1964
7812,3941
7813,1790
7814,1680
7815,1820
7816,2398
7817,1971
7818,1596
7819,1576
7820,2161
7821,1774
7822,1712
7823,1570
7824,1663
7825,2645
7826,1452
7827,2318
7828,1694
7829,1389
7830,2049
7831,2049
7832,1591
7833,2243
7834,2040
7835,1667
7836,2456
7837,1599
7838,1431
7839,2457
7840,2470
7841,2189
7842,1526
7843,2372
7844,1600
7845,2113
7846,1456
7847,1638
7848,1857
7849,1625
7850,4910
7851,1668
7852,1572
7853,1618
7854,2068
7855,2176
7856,1334
7857,1604
7858,1560
7859,1268
7860,2393
7861,1580
7862,1326
7863,1670
7864,1961
7865,1487
7866,2126
7867,2697
7868,1495
7869,2217
7870,4421
7871,2036
7872,1767
7873,1923
7874,1872
7875,2402
7876,1784
7877,1646
7878,2624
7879,2060
7880,2340
7881,1851
7882,1493
7883,1473
7884,1680
7885,2177
7886,1483
7887,2197
7888,2965
7889,1842
7890,5962
7891,1892
7892,1467
7893,1501
7894,1449
7895,1607
7896,1648
7897,1530
7898,1632
7899,1985
7900,13227
7901,5310
7902,2001
7903,1813
7904,2025
7905,1866
7906,1413
7907,1687
7908,1703
7909,2161
7910,2963
7911,2276
7912,1761
7913,1706
7914,1851
7915,1847
7916,1684
7917,2086
7918,1456
7919,2105
7920,3094
7921,2563
7922,1847
7923,1627
7924,1728
7925,2020
7926,1461
7927,1610
7928,1795
7929,1422
7930,2293
7931,1729
7932,1568
7933,1525
7934,1385
7935,1725
7936,2102
7937,1499
7938,1414
7939,1877
7940,2361
7941,1727
7942,2311
7943,1222
7944,1703
7945,1431
7946,2008
7947,1563
7948,1324
7949,1699
7950,5721
7951,1614
7952,1523
7953,1249
7954,1216
7955,1759
7956,1580
7957,1586
7958,1584
7959,1338
7960,2788
7961,1539
7962,1418
7963,1290
7964,1099
7965,1367
7966,1749
7967,1793
7968,1753
7969,1485
7970,6207
7971,1801
7972,1353
7973,2390
7974,2042
7975,1535
7976,1807
7977,2119
7978,1219
7979,2328
7980,2323
7981,1567
7982,1304
7983,1428
7984,1454
7985,1649
7986,1310
7987,1106
7988,1340
7989,1719
7990,2613
7991,1257
7992,1221
7993,1414
7994,1222
7995,1714
7996,1306
7997,1512
7998,2130
7999,3578
8000,240280
8001,14630
8002,7149
8003,4594
8004,3804
8005,4120
8006,3810
8007,3008
8008,6486
8009,3834
8010,6025
8011,3695
8012,2669
8013,2245
8014,2573
8015,2345
8016,2285
8017,1955
8018,2406
8019,1860
8020,7131
8021,2714
8022,2615
8023,2198
8024,1950
8025,2907
8026,1946
8027,1764
8028,2333
8029,1643
8030,2984
8031,2337
8032,2783
8033,2171
8034,2097
8035,2123
8036,1898
8037,1769
8038,1753
8039,1770
8040,3910
8041,1938
8042,2396
8043,2001
8044,1860
8045,1858
8046,1647
8047,2155
8048,2140
8049,1745
8050,5097
8051,8201
8052,2367
8053,2314
8054,1574
8055,2187
8056,1561
8057,2006
8058,1858
8059,1661
8060,3405
8061,2130
8062,1734
8063,1632
8064,2083
8065,2084
8066,1757
8067,1581
8068,1689
8069,2246
8070,3117
8071,2120
8072,1775
8073,1497
8074,1329
8075,2131
8076,1496
8077,1889
8078,1970
8079,1864
8080,257224
8081,23470
8082,8383
8083,5173
8084,2994
8085,6323
8086,13305
8087,3900
8088,9070
8089,3792
8090,8594
8091,4029
8092,2870
8093,2344
8094,1999
8095,2091
8096,2525
8097,1774
8098,2050
8099,2453
8100,18068
8101,3610
8102,2383
8103,2174
8104,1939
8105,2037
8106,1958
8107,1760
8108,2158
8109,2008
8110,4141
8111,4890
8112,2332
8113,2031
8114,1763
8115,2222
8116,1687
8117,1653
8118,2671
8119,1607
8120,3761
8121,1871
8122,2057
8123,4043
8124,1982
8125,10519
8126,2371
8127,1992
8128,1943
8129,2094
8130,3015
8131,2433
8132,1485
8133,1888
8134,1473
8135,2358
8136,1449
8137,1866
8138,1761
8139,1917
8140,2824
8141,1652
8142,1523
8143,1665
8144,1889
8145,1598
8146,1383
8147,1530
8148,1419
8149,1351
8150,4025
8151,1909
8152,1850
8153,1711
8154,1447
8155,1723
8156,1449
8157,1588
8158,1514
8159,1440
8160,2630
8161,2018
8162,1618
8163,1596
8164,1464
8165,1883
8166,1843
8167,1982
8168,2037
8169,1512
8170,1926
8171,1999
8172,1719
8173,1494
8174,1522
8175,1726
8176,1838
8177,1557
8178,1374
8179,1470
8180,3113
8181,5221
8182,2426
8183,1769
8184,1689
8185,1690
8186,1633
8187,1530
8188,2217
8189,1631
8190,2207
8191,5221
8192,38161
8193,2327
8194,2146
8195,2603
8196,1831
8197,1600
8198,1593
8199,1955
8200,18188
8201,3597
8202,3402
8203,15848
8204,2454
8205,2852
8206,2024
8207,2022
8208,2785
8209,2846
8210,3395
8211,20303
8212,14305
8213,2248
8214,1795
8215,2007
8216,8325
8217,92269
8218,2130
8219,1519
8220,29831
8221,38738
8222,3782
8223,2232
8224,2527
8225,2351
8226,15379
8227,1682
8228,2347
8229,1643
8230,10106
8231,1923
8232,2324
8233,1953
8234,1882
8235,1766
8236,1574
8237,1652
8238,1443
8239,1998
8240,2459
8241,1571
8242,1992
8243,2128
8244,1583
8245,1787
8246,1474
8247,1715
8248,1547
8249,1896
8250,4699
8251,1787
8252,1849
8253,1797
8254,1703
8255,9349
8256,1966
8257,1384
8258,1646
8259,1766
8260,2902
8261,1669
8262,1655
8263,1657
8264,1605
8265,2266
8266,2256
8267,1891
8268,1460
8269,1401
8270,2092
8271,1592
8272,1685
8273,1585
8274,1676
8275,2049
8276,1632
8277,1519
8278,1631
8279,1840
8280,2629
8281,2082
8282,3188
8283,3044
8284,1889
8285,1573
8286,1588
8287,1598
8288,2419
8289,1636
8290,1921
8291,1664
8292,1562
8293,1352
8294,1515
8295,1647
8296,1367
8297,2190
8298,1249
8299,1712
8300,14059
8301,4029
8302,2360
8303,2330
8304,1688
8305,1948
8306,1792
8307,1562
8308,1697
8309,1597
8310,3391
8311,2081
8312,1764
8313,1900
8314,1642
8315,1744
8316,1533
8317,1488
8318,1416
8319,1389
8320,3891
8321,1655
8322,1748
8323,1629
8324,1885
8325,2244
8326,1500
8327,1516
8328,1367
8329,1661
8330,3839
8331,1763
8332,2613
8333,7938
8334,1763
8335,1538
8336,1840
8337,1501
8338,1554
8339,1999
8340,2077
8341,1768
8342,1423
8343,1425
8344,1757
8345,1722
8346,1467
8347,1562
8348,1506
8349,1457
8350,5538
8351,1604
8352,1541
8353,1693
8354,1339
8355,1665
8356,1431
8357,1338
8358,1754
8359,1442
8360,2061
8361,1648
8362,1340
8363,1403
8364,2330
8365,1462
8366,1643
8367,1584
8368,1350
8369,1665
8370,1861
8371,1819
8372,1439
8373,1528
8374,1328
8375,1846
8376,1529
8377,2020
8378,1397
8379,1539
8380,2055
8381,1520
8382,1563
8383,2516
8384,1715
8385,1540
8386,1348
8387,1686
8388,1825
8389,1590
8390,1786
8391,1502
8392,1576
8393,1389
8394,1360
8395,1463
8396,1349
8397,1325
8398,1507
8399,1745
8400,15161
8401,2888
8402,1911
8403,1533
8404,1917
8405,1846
8406,1588
8407,1417
8408,1544
8409,1322
8410,1982
8411,2259
8412,1715
8413,1589
8414,1729
8415,1805
8416,1487
8417,1707
8418,1485
8419,1568
8420,1850
8421,1883
8422,1671
8423,1491
8424,2114
8425,1825
8426,1302
8427,1496
8428,1560
8429,1424
8430,1766
8431,1754
8432,1712
8433,1862
8434,1548
8435,1422
8436,1464
8437,1482
8438,1250
8439,1571
8440,2078
8441,1675
8442,1699
8443,14990
8444,3277
8445,1908
8446,1908
8447,1599
8448,2490
8449,1600
8450,2880
8451,2010
8452,1853
8453,2040
8454,1607
8455,1659
8456,2134
8457,2626
8458,1529
8459,1514
8460,1813
8461,1562
8462,1685
8463,1743
8464,1473
8465,1501
8466,1432
8467,1438
8468,1302
8469,1304
8470,1898
8471,1694
8472,2663
8473,1554
8474,1482
8475,1611
8476,1465
8477,9396
8478,1561
8479,1412
8480,2068
8481,1648
8482,2368
8483,1443
8484,2612
8485,1856
8486,1827
8487,1586
8488,1632
8489,1457
8490,1606
8491,1393
8492,1286
8493,1598
8494,1522
8495,1516
8496,1625
8497,1377
8498,1644
8499,2101
8500,32078
8501,4580
8502,2624
8503,1891
8504,1810
8505,2303
8506,1709
8507,1860
8508,1640
8509,1389
8510,2488
8511,2168
8512,1929
8513,1448
8514,1773
8515,1992
8516,1639
8517,1612
8518,1411
8519,1541
8520,4173
8521,1834
8522,1733
8523,1505
8524,1317
8525,2530
8526,1734
8527,1821
8528,1680
8529,2002
8530,2930
8531,1656
8532,1645
8533,1626
8534,1638
8535,1801
8536,1670
8537,1432
8538,1339
8539,1309
8540,3069
8541,1905
8542,2411
8543,1895
8544,2231
8545,4138
8546,1723
8547,1564
8548,1288
8549,1392
8550,3316
8551,1729
8552,1544
8553,1499
8554,1856
8555,3107
8556,1744
8557,1348
8558,1796
8559,1363
8560,2162
8561,1498
8562,1382
8563,1422
8564,1411
8565,1631
8566,1367
8567,1390
8568,1551
8569,1340
8570,2620
8571,2074
8572,1502
8573,1699
8574,1359
8575,1824
8576,1325
8577,1674
8578,1233
8579,1534
8580,2125
8581,1631
8582,1695
8583,1982
8584,1470
8585,2953
8586,1838
8587,1515
8588,1758
8589,1331
8590,1717
8591,1575
8592,2128
8593,1734
8594,3730
8595,1855
8596,1488
8597,1372
8598,1309
8599,1822
8600,24066
8601,19135
8602,1649
8603,1719
8604,1525
8605,1657
8606,3288
8607,1412
8608,1592
8609,1558
8610,3051
8611,2112
8612,1399
8613,1379
8614,1425
8615,1589
8616,2377
8617,1713
8618,11117
8619,1357
8620,2826
8621,2086
8622,1631
8623,2001
8624,1633
8625,2343
8626,1394
8627,1461
8628,1572
8629,1521
8630,1890
8631,1561
8632,1325
8633,1596
8634,1230
8635,1441
8636,1355
8637,1361
8638,1522
8639,1710
8640,2712
8641,1515
8642,1386
8643,1476
8644,2088
8645,1441
8646,1354
8647,1528
8648,1717
8649,1644
8650,2493
8651,1416
8652,1345
8653,1369
8654,1490
8655,1840
8656,1521
8657,1554
8658,1610
8659,1325
8660,2211
8661,1780
8662,1576
8663,1474
8664,2345
8665,1672
8666,1922
8667,2076
8668,1683
8669,1759
8670,1619
8671,1414
8672,1515
8673,1329
8674,2815
8675,1761
8676,1365
8677,1538
8678,1302
8679,1377
8680,1739
8681,1730
8682,1417
8683,2057
8684,1328
8685,1466
8686,2476
8687,2124
8688,1994
8689,1341
8690,1633
8691,1425
8692,1306
8693,1499
8694,1295
8695,1510
8696,1570
8697,1361
8698,1175
8699,1453
8700,12581
8701,2922
8702,1483
8703,1619
8704,1969
8705,1976
8706,1559
8707,1614
8708,1801
8709,1345
8710,2549
8711,2287
8712,1829
8713,1428
8714,1319
8715,1524
8716,1446
8717,1443
8718,1362
8719,1501
8720,2198
8721,1834
8722,2345
8723,1605
8724,1494
8725,1729
8726,1401
8727,1598
8728,1395
8729,1405
8730,2081
8731,1515
8732,1875
8733,2039
8734,1656
8735,1614
8736,1611
8737,1654
8738,1375
8739,1699
8740,2184
8741,1903
8742,1734
8743,1775
8744,1617
8745,1721
8746,2127
8747,1900
8748,1464
8749,1553
8750,3864
8751,1565
8752,1431
8753,1588
8754,1243
8755,1878
8756,1430
8757,1327
8758,1355
8759,1318
8760,3576
8761,2516
8762,1571
8763,1340
8764,1337
8765,2874
8766,1549
8767,3533
8768,1304
8769,1336
8770,1900
8771,1588
8772,1457
8773,1522
8774,1451
8775,2201
8776,2393
8777,2580
8778,1680
8779,1378
8780,1856
8781,1368
8782,1474
8783,1358
8784,1367
8785,1374
8786,1853
8787,3560
8788,2028
8789,1717
8790,1656
8791,1384
8792,1394
8793,1195
8794,1487
8795,1499
8796,1293
8797,1434
8798,1271
8799,3229
8800,22778
8801,3167
8802,2413
8803,1874
8804,2251
8805,1981
8806,1693
8807,1890
8808,1866
8809,1968
8810,2295
8811,2684
8812,1727
8813,1317
8814,1450
8815,1712
8816,1781
8817,1759
8818,1674
8819,1479
8820,2959
8821,1913
8822,2571
8823,1631
8824,1789
8825,2210
8826,1401
8827,1522
8828,1736
8829,1712
8830,2903
8831,1728
8832,2088
8833,2364
8834,1474
8835,1663
8836,1513
8837,1452
8838,1599
8839,1575
8840,2138
8841,1589
8842,1470
8843,1812
8844,2371
8845,1560
8846,1439
8847,1364
8848,3351
8849,1573
8850,3402
8851,1612
8852,1434
8853,1657
8854,2088
8855,2388
8856,1770
8857,1807
8858,1660
8859,36655
8860,2231
8861,1659
8862,1518
8863,1807
8864,1276
8865,1891
8866,2044
8867,1535
8868,1588
8869,1548
8870,1826
8871,1543
8872,1521
8873,1788
8874,1313
8875,1894
8876,1555
8877,2091
8878,1660
8879,1912
8880,3347
8881,2149
8882,1968
8883,3096
8884,1996
8885,1907
8886,1776
8887,2304
8888,32742
8889,4165
8890,3050
8891,1902
8892,1410
8893,1362
8894,1265
8895,2243
8896,1419
8897,1297
8898,1765
8899,2823
8900,11172
8901,4275
8902,1792
8903,1721
8904,1579
8905,1461
8906,1736
8907,1285
8908,1517
8909,1499
8910,3033
8911,1792
8912,1591
8913,1377
8914,1330
8915,1509
8916,1419
8917,1404
8918,1368
8919,1425
8920,1951
8921,1477
8922,1499
8923,1451
8924,1521
8925,1583
8926,1333
8927,1240
8928,1344
8929,1387
8930,1847
8931,2159
8932,1292
8933,1397
8934,1153
8935,1352
8936,1448
8937,1285
8938,2589
8939,1473
8940,1947
8941,1438
8942,1305
8943,1312
8944,1458
8945,1504
8946,1337
8947,1345
8948,1199
8949,2570
8950,2459
8951,1439
8952,1338
8953,1205
8954,1373
8955,1607
8956,1223
8957,1250
8958,1411
8959,1212
8960,2227
8961,1316
8962,1988
8963,1344
8964,2344
8965,1438
8966,1379
8967,1088
8968,1355
8969,2281
8970,1452
8971,1487
8972,1343
8973,1378
8974,1332
8975,1391
8976,1267
8977,1513
8978,1205
8979,1370
8980,1849
8981,1568
8982,1274
8983,3360
8984,2222
8985,1465
8986,1479
8987,1362
8988,1609
8989,3229
8990,2412
8991,1479
8992,1296
8993,1951
8994,1505
8995,1926
8996,1464
8997,1468
8998,1866
8999,3848
9000,140994
9001,87151
9002,7861
9003,5542
9004,4020
9005,3887
9006,3501
9007,2920
9008,2507
9009,4014
9010,5305
9011,2703
9012,3106
9013,1766
9014,1739
9015,2413
9016,1934
9017,1827
9018,1760
9019,1716
9020,3791
9021,2050
9022,1799
9023,1909
9024,2014
9025,2276
9026,1573
9027,1841
9028,1459
9029,1488
9030,2644
9031,1713
9032,1645
9033,1805
9034,1373
9035,1729
9036,1535
9037,1462
9038,1387
9039,1503
9040,2318
9041,1674
9042,3248
9043,1370
9044,1366
9045,1604
9046,1321
9047,1370
9048,1409
9049,1282
9050,3823
9051,1919
9052,1541
9053,1395
9054,1734
9055,1724
9056,1329
9057,1351
9058,1285
9059,1418
9060,3200
9061,1435
9062,1307
9063,1449
9064,1335
9065,1389
9066,3543
9067,1348
9068,1393
9069,1439
9070,2076
9071,1722
9072,1405
9073,1259
9074,1160
9075,1844
9076,1348
9077,1861
9078,2353
9079,1203
9080,5396
9081,1866
9082,1664
9083,1752
9084,1353
9085,1974
9086,1165
9087,1402
9088,1919
9089,1557
9090,14197
9091,4413
9092,12156
9093,3290
9094,2149
9095,2027
9096,1517
9097,1588
9098,1545
9099,2315
9100,14586
9101,3603
9102,2303
9103,1783
9104,1866
9105,1845
9106,1561
9107,1468
9108,1481
9109,1472
9110,2866
9111,3196
9112,1595
9113,1562
9114,1584
9115,1884
9116,1657
9117,1499
9118,1368
9119,1828
9120,2449
9121,1777
9122,2309
9123,2237
9124,1271
9125,2197
9126,1939
9127,1370
9128,2170
9129,1288
9130,2141
9131,1880
9132,1556
9133,1462
9134,1207
9135,1515
9136,1457
9137,1496
9138,1117
9139,1318
9140,2107
9141,1900
9142,1521
9143,1273
9144,2508
9145,1745
9146,1234
9147,1310
9148,1158
9149,1650
9150,3023
9151,1599
9152,1258
9153,1751
9154,1121
9155,1804
9156,1160
9157,1165
9158,1272
9159,1227
9160,2295
9161,1378
9162,1314
9163,1190
9164,1314
9165,2114
9166,1417
9167,2039
9168,1241
9169,1144
9170,1680
9171,1857
9172,1347
9173,1386
9174,1236
9175,1461
9176,1182
9177,1355
9178,1266
9179,1200
9180,1905
9181,1582
9182,1421
9183,1278
9184,1603
9185,1471
9186,1182
9187,1379
9188,1286
9189,1289
9190,1670
9191,2608
9192,1572
9193,1551
9194,1318
9195,1437
9196,1431
9197,1322
9198,1333
9199,1759
9200,26066
9201,3006
9202,1940
9203,2133
9204,1662
9205,1956
9206,1462
9207,1513
9208,1837
9209,1311
9210,2177
9211,2387
9212,2543
9213,1628
9214,1429
9215,1599
9216,3025
9217,1623
9218,1314
9219,1567
9220,2539
9221,1842
9222,3334
9223,1716
9224,1574
9225,2130
9226,1276
9227,1729
9228,1413
9229,2189
9230,3339
9231,2045
9232,1789
9233,1553
9234,1421
9235,1403
9236,1254
9237,1442
9238,1401
9239,1396
9240,2193
9241,2260
9242,1483
9243,1618
9244,1388
9245,1375
9246,1269
9247,1431
9248,1470
9249,1346
9250,3945
9251,1852
9252,1622
9253,1456
9254,1154
9255,1837
9256,1372
9257,1390
9258,1598
9259,1345
9260,2097
9261,1656
9262,1855
9263,1431
9264,1393
9265,1491
9266,1782
9267,1443
9268,1637
9269,1251
9270,1548
9271,1455
9272,1615
9273,1457
9274,1416
9275,1507
9276,1387
9277,1525
9278,1669
9279,1284
9280,2075
9281,1524
9282,1663
9283,1547
9284,1422
9285,1460
9286,1434
9287,1294
9288,1433
9289,1277
9290,2111
9291,1556
9292,4329
9293,1502
9294,1520
9295,1920
9296,1333
9297,1441
9298,1385
9299,1652
9300,14776
9301,2407
9302,1593
9303,1864
9304,1352
9305,1529
9306,1484
9307,1367
9308,1413
9309,1268
9310,2592
9311,1915
9312,1835
9313,1429
9314,1460
9315,1652
9316,1316
9317,1283
9318,1338
9319,1521
9320,2663
9321,1552
9322,1484
9323,1487
9324,1491
9325,2290
9326,2266
9327,1703
9328,1662
9329,1337
9330,2215
9331,1562
9332,1601
9333,3366
9334,1389
9335,1677
9336,1759
9337,1461
9338,1400
9339,1553
9340,1931
9341,1618
9342,1319
9343,1901
9344,1763
9345,1566
9346,1325
9347,1293
9348,1221
9349,1533
9350,2837
9351,1930
9352,1336
9353,1315
9354,1290
9355,2064
9356,1270
9357,1280
9358,1205
9359,1246
9360,2904
9361,1533
9362,1507
9363,1319
9364,1374
9365,1400
9366,1209
9367,1288
9368,1180
9369,1453
9370,2284
9371,1457
9372,1464
9373,1338
9374,1232
9375,17394
9376,1577
9377,1512
9378,1562
9379,1106
9380,2157
9381,1793
9382,1313
9383,1610
9384,1841
9385,1640
9386,1379
9387,1360
9388,1407
9389,1277
9390,1499
9391,1395
9392,1249
9393,2294
9394,1591
9395,1459
9396,1304
9397,1638
9398,1278
9399,1669
9400,9944
9401,2153
9402,1647
9403,1695
9404,1749
9405,1596
9406,1486
9407,1289
9408,1851
9409,1675
9410,2195
9411,2870
9412,1566
9413,1571
9414,1432
9415,1772
9416,1405
9417,1637
9418,1609
9419,1492
9420,1996
9421,1311
9422,1637
9423,1332
9424,1477
9425,1620
9426,1164
9427,1258
9428,1257
9429,1430
9430,1804
9431,1440
9432,1484
9433,1519
9434,1401
9435,1403
9436,1270
9437,1351
9438,1292
9439,1256
9440,2260
9441,1490
9442,1437
9443,4017
9444,2221
9445,1677
9446,1458
9447,1237
9448,1389
9449,1478
9450,2373
9451,1539
9452,1546
9453,1626
9454,1248
9455,1664
9456,1364
9457,1389
9458,1173
9459,1228
9460,1685
9461,1455
9462,1264
9463,1848
9464,1497
9465,1665
9466,1384
9467,1400
9468,1213
9469,1381
9470,1711
9471,1293
9472,1803
9473,1516
9474,1935
9475,1427
9476,1185
9477,1544
9478,1174
9479,1305
9480,1622
9481,1281
9482,1227
9483,1215
9484,1521
9485,1327
9486,1205
9487,1284
9488,1303
9489,1236
9490,1626
9491,1254
9492,1358
9493,1299
9494,1825
9495,1540
9496,1327
9497,1233
9498,1251
9499,1641
9500,22256
9501,2686
9502,2034
9503,1916
9504,1983
9505,2258
9506,1486
9507,1479
9508,1466
9509,1483
9510,2132
9511,2190
9512,1480
9513,1615
9514,1414
9515,1758
9516,1458
9517,1289
9518,1481
9519,1250
9520,2090
9521,1636
9522,1298
9523,1494
9524,1564
9525,2771
9526,1267
9527,1994
9528,1498
9529,1401
9530,2263
9531,1649
9532,1351
9533,1400
9534,1248
9535,1327
9536,1653
9537,1487
9538,1281
9539,1219
9540,1668
9541,1656
9542,1391
9543,1486
9544,1262
9545,2166
9546,1270
9547,1132
9548,1256
9549,1133
9550,4035
9551,1753
9552,1801
9553,1536
9554,1293
9555,3161
9556,1312
9557,1442
9558,1316
9559,1981
9560,2853
9561,1366
9562,1206
9563,1284
9564,1221
9565,1523
9566,1384
9567,1392
9568,1669
9569,1303
9570,2065
9571,1341
9572,1416
9573,1145
9574,1105
9575,1976
9576,1134
9577,1232
9578,1181
9579,1742
9580,1829
9581,1228
9582,1186
9583,1314
9584,1279
9585,1392
9586,1131
9587,1231
9588,1262
9589,1183
9590,2158
9591,1210
9592,1325
9593,1240
9594,1240
9595,2891
9596,1418
9597,1200
9598,1378
9599,1571
9600,30751
9601,2605
9602,1725
9603,1802
9604,1780
9605,1807
9606,3296
9607,1869
9608,1888
9609,1498
9610,2199
9611,2250
9612,1490
9613,1585
9614,1328
9615,1739
9616,1258
9617,1414
9618,1409
9619,1294
9620,1815
9621,1370
9622,2038
9623,1416
9624,1318
9625,1790
9626,1474
9627,1217
9628,1233
9629,1306
9630,2310
9631,1323
9632,1731
9633,1573
9634,1212
9635,1346
9636,1321
9637,1325
9638,1279
9639,1354
9640,1488
9641,1459
9642,3491
9643,1380
9644,1276
9645,1718
9646,1378
9647,1412
9648,1345
9649,1224
9650,3736
9651,1406
9652,1347
9653,1371
9654,2325
9655,1562
9656,1605
9657,1223
9658,1906
9659,1285
9660,3444
9661,1579
9662,9624
9663,1711
9664,1767
9665,1542
9666,1646
9667,1657
9668,1497
9669,1469
9670,12397
9671,1346
9672,1392
9673,1503
9674,2044
9675,1896
9676,1215
9677,1303
9678,1218
9679,2172
9680,1405
9681,1275
9682,1158
9683,1279
9684,1203
9685,1559
9686,1417
9687,1223
9688,3617
9689,1235
9690,1610
9691,1174
9692,1218
9693,1272
9694,1157
9695,1430
9696,2280
9697,1530
9698,1261
9699,1491
9700,14216
9701,2160
9702,1571
9703,1428
9704,1409
9705,1501
9706,1652
9707,1748
9708,1424
9709,1521
9710,1788
9711,1952
9712,1656
9713,1307
9714,1602
9715,1315
9716,1296
9717,1192
9718,1340
9719,1147
9720,1907
9721,1521
9722,1339
9723,1268
9724,1272
9725,1600
9726,1384
9727,1339
9728,1689
9729,1422
9730,1510
9731,1197
9732,1266
9733,3632
9734,2083
9735,1876
9736,1157
9737,1364
9738,1198
9739,1214
9740,1478
9741,1587
9742,1300
9743,1456
9744,2269
9745,1538
9746,1213
9747,1526
9748,1252
9749,1207
9750,2884
9751,1343
9752,1244
9753,1257
9754,1333
9755,1590
9756,1297
9757,1330
9758,1255
9759,1174
9760,1513
9761,1338
9762,1257
9763,1432
9764,1243
9765,1422
9766,1582
9767,1448
9768,1071
9769,1246
9770,1582
9771,1396
9772,1333
9773,1212
9774,1134
9775,1584
9776,2156
9777,2053
9778,1468
9779,1459
9780,2711
9781,1399
9782,1038
9783,1237
9784,1438
9785,1529
9786,1410
9787,1417
9788,1401
9789,1382
9790,2052
9791,1315
9792,1773
9793,1963
9794,1280
9795,1466
9796,2807
9797,2081
9798,1608
9799,1639
9800,15923
9801,3227
9802,1886
9803,1536
9804,1583
9805,1621
9806,1369
9807,1380
9808,1563
9809,1323
9810,3665
9811,1695
9812,1407
9813,1350
9814,1234
9815,1581
9816,1420
9817,1299
9818,1425
9819,1256
9820,2491
9821,1423
9822,1906
9823,1275
9824,1483
9825,1984
9826,1213
9827,1535
9828,1444
9829,1601
9830,1889
9831,1320
9832,1662
9833,1722
9834,1465
9835,1622
9836,1400
9837,1170
9838,1280
9839,1316
9840,1812
9841,1673
9842,1316
9843,1484
9844,1434
9845,1585
9846,1236
9847,1349
9848,1371
9849,1230
9850,2853
9851,1414
9852,1286
9853,1388
9854,1206
9855,1553
9856,1471
9857,1410
9858,1281
9859,1430
9860,2180
9861,1533
9862,1109
9863,1199
9864,1188
9865,1480
9866,1262
9867,1250
9868,1909
9869,1202
9870,1529
9871,1501
9872,1349
9873,1330
9874,1220
9875,1978
9876,6365
9877,1743
9878,1420
9879,1475
9880,2040
9881,1344
9882,1368
9883,1340
9884,1211
9885,1447
9886,1194
9887,1663
9888,2512
9889,1781
9890,1699
9891,1319
9892,1140
9893,1256
9894,1190
9895,2081
9896,1302
9897,1352
9898,3487
9899,2595
9900,18204
9901,3226
9902,1900
9903,1894
9904,2109
9905,1840
9906,1512
9907,1580
9908,1459
9909,1650
9910,2086
9911,2137
9912,1602
9913,1634
9914,1327
9915,1474
9916,1305
9917,1487
9918,1480
9919,1612
9920,2310
9921,1646
9922,1999
9923,1504
9924,1286
9925,2067
9926,1829
9927,1325
9928,1249
9929,1629
9930,2923
9931,1554
9932,1378
9933,2425
9934,1514
9935,1550
9936,1397
9937,1279
9938,1489
9939,1902
9940,1844
9941,1407
9942,1281
9943,1206
9944,1890
9945,1793
9946,1344
9947,1732
9948,1434
9949,1554
9950,2607
9951,1571
9952,1301
9953,1489
9954,1387
9955,1956
9956,1353
9957,1441
9958,1466
9959,1633
9960,2712
9961,1991
9962,1455
9963,1522
9964,1415
9965,1914
9966,2155
9967,1663
9968,1537
9969,1645
9970,1684
9971,1795
9972,1657
9973,1869
9974,1484
9975,2357
9976,1635
9977,1904
9978,1740
9979,1627
9980,2476
9981,2498
9982,1836
9983,1977
9984,2457
9985,2058
9986,1897
9987,2364
9988,3248
9989,2927
9990,5524
9991,3457
9992,2938
9993,3099
9994,3088
9995,4731
9996,3909
9997,4441
9998,6411
9999,113222
10000,336559
