number,count
0,164795507
1,181856498
2,130099046
3,85554270
4,64720971
5,68299171
6,43422611
7,36574980
8,36799847
9,28472762
10,49074852
11,20934441
12,25963145
13,14465747
14,14764178
15,21090666
16,15220239
17,11862292
18,13691397
19,14285911
20,24408070
21,10324903
22,9889772
23,8739789
24,12497342
25,14491531
26,7390231
27,7201406
28,7526073
29,6527703
30,21606333
31,6504835
32,6072474
33,4445695
34,4105130
35,5862064
36,4219854
37,3724148
38,3517811
39,4147349
40,10191958
41,3042441
42,3519602
43,2935504
44,3167004
45,5608711
46,2736958
47,2707691
48,3706652
49,2843433
50,15248732
51,2643297
52,2848129
53,2408721
54,2484232
55,3350008
56,2451555
57,2188664
58,2312151
59,2351698
60,7437626
61,1676105
62,1775604
63,1725793
64,3062876
65,2838670
66,1771535
67,1656246
68,1606794
69,1522665
70,4739227
71,1448207
72,2004857
73,1452118
74,1444224
75,3993895
76,1430022
77,1404584
78,1411951
79,1319174
80,5509404
81,1345377
82,1366581
83,1377144
84,1389022
85,2108164
86,1311056
87,1263930
88,1435040
89,1323245
90,5335858
91,1290717
92,1325591
93,1453428
94,1261287
95,3505427
96,1540168
97,1387806
98,1539172
99,3809701
100,17810271
101,1281673
102,767424
103,662061
104,700536
105,847027
106,660545
107,588892
108,635445
109,562427
110,1226060
111,747492
112,629915
113,502469
114,559998
115,678797
116,542569
117,487028
118,478742
119,471737
120,1954651
121,502587
122,497369
123,749454
124,467352
125,1047970
126,448172
127,801288
128,1017631
129,420518
130,992936
131,405106
132,431569
133,389196
134,366851
135,561278
136,372282
137,367725
138,365197
139,360113
140,955289
141,355447
142,343291
143,347341
144,432460
145,466345
146,323731
147,333253
148,320906
149,356764
150,2806298
151,334817
152,343031
153,324064
154,309045
155,406968
156,316985
157,302262
158,291134
159,291102
160,1129514
161,302625
162,311341
163,294469
164,292933
165,412387
166,276606
167,283706
168,565443
169,300917
170,635343
171,273179
172,443722
173,264708
174,270397
175,525183
176,283603
177,274440
178,262330
179,272820
180,1271679
181,253385
182,287211
183,325940
184,258592
185,360075
186,245498
187,256000
188,251914
189,258936
190,472302
191,268490
192,604154
193,246500
194,228268
195,322864
196,241686
197,234466
198,236340
199,332082
200,6249258
201,432797
202,388820
203,314665
204,342582
205,353692
206,302149
207,280556
208,300589
209,248649
210,496714
211,281237
212,341554
213,246588
214,259163
215,343353
216,270444
217,237654
218,235437
219,226488
220,622086
221,251328
222,318344
223,266068
224,328532
225,460035
226,229397
227,231028
228,248207
229,232477
230,481167
231,267759
232,262860
233,273061
234,240472
235,288459
236,206177
237,210917
238,218373
239,215329
240,653293
241,211617
242,221719
243,230813
244,217691
245,267905
246,212288
247,216993
248,221242
249,224039
250,2242488
251,210898
252,261601
253,204297
254,262414
255,1773029
256,719629
257,178622
258,166787
259,162786
260,380598
261,166206
262,183585
263,170133
264,231191
265,227255
266,166425
267,167685
268,158421
269,165537
270,401731
271,160224
272,174590
273,185339
274,155995
275,296019
276,160446
277,162222
278,153019
279,158877
280,381757
281,164150
282,153009
283,149798
284,147735
285,207664
286,149081
287,154927
288,179537
289,152594
290,249635
291,139449
292,145708
293,162555
294,139875
295,196138
296,144105
297,147139
298,151169
299,224422
300,3941704
301,294968
302,240918
303,238488
304,236895
305,225412
306,176883
307,169536
308,209050
309,153474
310,307868
311,189577
312,205130
313,166812
314,168790
315,226212
316,166951
317,153704
318,149757
319,152716
320,432550
321,179011
322,164927
323,167062
324,152635
325,279717
326,139776
327,146239
328,142812
329,137525
330,342689
331,141028
332,138891
333,278239
334,136968
335,179416
336,159475
337,135785
338,135404
339,125328
340,264849
341,137579
342,136389
343,154034
344,137067
345,188618
346,126412
347,132993
348,124364
349,140212
350,1078027
351,141433
352,145642
353,135745
354,126896
355,161428
356,134285
357,150552
358,123979
359,123786
360,1152684
361,129255
362,120101
363,123155
364,127301
365,696012
366,129981
367,118688
368,120804
369,114633
370,224965
371,120444
372,118507
373,123319
374,109652
375,321424
376,121694
377,355672
378,108853
379,109925
380,245187
381,110192
382,106624
383,114312
384,153650
385,143925
386,119507
387,110119
388,106160
389,110065
390,180783
391,104989
392,109237
393,101600
394,96784
395,141450
396,104891
397,101928
398,98703
399,159691
400,3216140
401,379916
402,145556
403,232872
404,483735
405,186400
406,136416
407,131063
408,137135
409,126245
410,224469
411,137902
412,139039
413,114631
414,126734
415,163722
416,144365
417,115635
418,106199
419,116152
420,268879
421,115668
422,135546
423,111900
424,112870
425,209129
426,102231
427,107639
428,99969
429,119635
430,192316
431,102229
432,122266
433,109124
434,99999
435,136089
436,97226
437,95937
438,99696
439,92383
440,221763
441,104561
442,101139
443,187489
444,142333
445,116088
446,88082
447,94833
448,104419
449,103494
450,661529
451,117297
452,93048
453,93688
454,107237
455,121282
456,140760
457,103856
458,102114
459,89412
460,187976
461,92960
462,91441
463,89261
464,94746
465,116276
466,86865
467,89014
468,92858
469,89475
470,158936
471,90830
472,89367
473,89953
474,84105
475,146287
476,90707
477,90190
478,85650
479,91058
480,298028
481,84491
482,85894
483,91425
484,87626
485,123755
486,97134
487,83789
488,121338
489,82013
490,141143
491,80027
492,81352
493,79117
494,79666
495,135658
496,84926
497,83615
498,85383
499,163376
500,6372714
501,286103
502,134901
503,142199
504,146557
505,137158
506,102646
507,95902
508,126477
509,112283
510,190201
511,109438
512,405247
513,94083
514,97670
515,114813
516,93876
517,88035
518,92360
519,87691
520,190381
521,95127
522,89338
523,87352
524,85267
525,139766
526,83464
527,83968
528,88632
529,116138
530,167363
531,82450
532,93647
533,85696
534,79872
535,102585
536,82990
537,128887
538,81702
539,76558
540,181095
541,91857
542,77968
543,80892
544,81312
545,94965
546,77979
547,75103
548,73787
549,81906
550,381947
551,79344
552,82183
553,75612
554,73213
555,167851
556,82044
557,71374
558,69264
559,73929
560,178392
561,85212
562,80801
563,74204
564,72243
565,88277
566,70113
567,79912
568,74397
569,69743
570,142603
571,81183
572,68345
573,76092
574,71997
575,116073
576,84719
577,74182
578,65137
579,69014
580,154921
581,71869
582,66428
583,69597
584,66419
585,90199
586,74868
587,78542
588,69887
589,66068
590,111953
591,65501
592,66590
593,66434
594,68612
595,91068
596,63827
597,65471
598,65541
599,105094
600,2115458
601,111939
602,97373
603,91990
604,97465
605,93589
606,85635
607,75814
608,87441
609,84077
610,143204
611,75209
612,92124
613,87947
614,77357
615,99758
616,87307
617,97446
618,83547
619,77278
620,150097
621,74813
622,75597
623,71758
624,78918
625,180253
626,79431
627,67390
628,69674
629,65716
630,150513
631,74736
632,75292
633,75010
634,64486
635,82080
636,76665
637,63644
638,64587
639,70435
640,217528
641,68025
642,80451
643,66181
644,88242
645,84294
646,74046
647,73469
648,68230
649,75336
650,397324
651,76559
652,65950
653,61668
654,62594
655,74284
656,69443
657,62087
658,60157
659,60712
660,142667
661,68119
662,70272
663,60890
664,65471
665,73692
666,143912
667,85397
668,64707
669,59792
670,109166
671,60781
672,67156
673,61043
674,57743
675,102070
676,60463
677,64009
678,70335
679,69540
680,132687
681,57459
682,61812
683,59185
684,60867
685,69922
686,62766
687,62335
688,64395
689,57934
690,95585
691,59576
692,58809
693,57957
694,55531
695,75398
696,58509
697,54645
698,56168
699,84931
700,1444678
701,92533
702,94428
703,85671
704,82732
705,82657
706,74666
707,92641
708,71370
709,66973
710,112641
711,74401
712,70384
713,74072
714,78261
715,81258
716,68980
717,73009
718,84195
719,63870
720,209582
721,66985
722,73410
723,59804
724,65660
725,92489
726,57836
727,78611
728,67521
729,62349
730,110754
731,62796
732,73690
733,62746
734,63083
735,70051
736,57875
737,133305
738,54692
739,54929
740,109981
741,59466
742,58096
743,56049
744,63835
745,77533
746,55322
747,105938
748,61437
749,62284
750,599143
751,61150
752,60381
753,58676
754,62114
755,97187
756,57530
757,75967
758,53201
759,51575
760,120484
761,56040
762,58041
763,56513
764,54734
765,76896
766,55155
767,75868
768,115774
769,54617
770,113823
771,57006
772,60232
773,64548
774,56576
775,92045
776,59063
777,182786
778,58286
779,51971
780,117910
781,62850
782,55311
783,54042
784,62959
785,68952
786,60026
787,98115
788,54717
789,68772
790,81004
791,51756
792,57515
793,50569
794,51535
795,66993
796,49718
797,52456
798,51399
799,81239
800,2144891
801,98385
802,232389
803,68926
804,68455
805,79076
806,60673
807,58115
808,103227
809,54930
810,104377
811,63109
812,69368
813,64504
814,60560
815,75019
816,63122
817,60922
818,64730
819,53655
820,108100
821,58534
822,58263
823,55094
824,56834
825,83243
826,55404
827,53372
828,65252
829,54427
830,98766
831,57444
832,63548
833,77302
834,50775
835,65598
836,52032
837,51428
838,49984
839,48723
840,116567
841,55486
842,54053
843,62698
844,79029
845,93050
846,52668
847,63253
848,54726
849,51783
850,284887
851,52130
852,60514
853,52759
854,53209
855,103615
856,58596
857,52803
858,59254
859,53338
860,100723
861,49284
862,50006
863,54136
864,65373
865,67995
866,133359
867,52091
868,52373
869,47313
870,96988
871,54872
872,51910
873,49995
874,48533
875,111199
876,52381
877,124762
878,47262
879,47363
880,103242
881,47695
882,50123
883,52527
884,47806
885,60696
886,52841
887,49885
888,254403
889,51248
890,75310
891,49619
892,47651
893,48727
894,44570
895,61873
896,53075
897,45910
898,48494
899,66770
900,950826
901,81221
902,65020
903,57199
904,61858
905,72525
906,54825
907,59763
908,58129
909,63263
910,84346
911,403601
912,64181
913,53268
914,60969
915,62572
916,65244
917,61806
918,60089
919,67631
920,117021
921,51269
922,55760
923,50040
924,56212
925,91130
926,47582
927,46247
928,59230
929,51416
930,87583
931,50698
932,48297
933,50041
934,45674
935,57161
936,50312
937,54400
938,46206
939,48918
940,82137
941,56550
942,46426
943,45800
944,53295
945,57997
946,45154
947,45617
948,44575
949,58950
950,191597
951,53259
952,51809
953,46193
954,56848
955,54390
956,46913
957,45357
958,41748
959,46267
960,123856
961,46663
962,48225
963,48623
964,47143
965,55047
966,47445
967,45546
968,47759
969,47888
970,96902
971,52075
972,60453
973,59671
974,45943
975,69965
976,47916
977,46490
978,199981
979,45623
980,102217
981,45804
982,44923
983,44197
984,46491
985,57042
986,44942
987,51853
988,51211
989,50493
990,133677
991,53343
992,53045
993,50985
994,47361
995,101656
996,58944
997,62079
998,64041
999,419378
1000,2826374
1001,126420
1002,98563
1003,39999
1004,34415
1005,35286
1006,34454
1007,114260
1008,29910
1009,26096
1010,69743
1011,41269
1012,34079
1013,28585
1014,28526
1015,33443
1016,218788
1017,33799
1018,25607
1019,22665
1020,53479
1021,41345
1022,24849
1023,42680
1024,407602
1025,31252
1026,21722
1027,21114
1028,20160
1029,32287
1030,41051
1031,38778
1032,20974
1033,26189
1034,18831
1035,23452
1036,17705
1037,23793
1038,77114
1039,20913
1040,58364
1041,20054
1042,21059
1043,18757
1044,20438
1045,24237
1046,24940
1047,17826
1048,20300
1049,19694
1050,70198
1051,20990
1052,18844
1053,21834
1054,22676
1055,25367
1056,26318
1057,18642
1058,16712
1059,17370
1060,44227
1061,17910
1062,18213
1063,22839
1064,24955
1065,21113
1066,37143
1067,19412
1068,19106
1069,16776
1070,45987
1071,18841
1072,22505
1073,32531
1074,23997
1075,21098
1076,17578
1077,21704
1078,17492
1079,17873
1080,176964
1081,18666
1082,17484
1083,19499
1084,17890
1085,21057
1086,30665
1087,17309
1088,33199
1089,22727
1090,29046
1091,16801
1092,16014
1093,54416
1094,17155
1095,28933
1096,19121
1097,38684
1098,27042
1099,72768
1100,194413
1101,51185
1102,24365
1103,31519
1104,22450
1105,24804
1106,19589
1107,21667
1108,20606
1109,38726
1110,35372
1111,126983
1112,23431
1113,20314
1114,18574
1115,25265
1116,18321
1117,19137
1118,18978
1119,17053
1120,33482
1121,19041
1122,22174
1123,18922
1124,17153
1125,25136
1126,28336
1127,17195
1128,29936
1129,15821
1130,31228
1131,17063
1132,16622
1133,16990
1134,15929
1135,18320
1136,29382
1137,18622
1138,17244
1139,15869
1140,25631
1141,15655
1142,18623
1143,15575
1144,15752
1145,46441
1146,19313
1147,15542
1148,14989
1149,18138
1150,43819
1151,18074
1152,24195
1153,15284
1154,15749
1155,27186
1156,15912
1157,15563
1158,18221
1159,18690
1160,22619
1161,19420
1162,15784
1163,15280
1164,15170
1165,15139
1166,14317
1167,18493
1168,13449
1169,14296
1170,25431
1171,15547
1172,18271
1173,15382
1174,13358
1175,22296
1176,17167
1177,35145
1178,13187
1179,15558
1180,23004
1181,14024
1182,16662
1183,14631
1184,14390
1185,18581
1186,54287
1187,15083
1188,16803
1189,15789
1190,20612
1191,15381
1192,16901
1193,13599
1194,16561
1195,14874
1196,13304
1197,14061
1198,15773
1199,23394
1200,430483
1201,28593
1202,25848
1203,19171
1204,23685
1205,20078
1206,20178
1207,19018
1208,17681
1209,17280
1210,28562
1211,20390
1212,27930
1213,19488
1214,18171
1215,26246
1216,18927
1217,16084
1218,15707
1219,16322
1220,28469
1221,19518
1222,20312
1223,20849
1224,17817
1225,24197
1226,15766
1227,17170
1228,15374
1229,15123
1230,29716
1231,19129
1232,17416
1233,15612
1234,137775
1235,20306
1236,15314
1237,14874
1238,14273
1239,15183
1240,25955
1241,16688
1242,18644
1243,15998
1244,17933
1245,20186
1246,15190
1247,13502
1248,16416
1249,15011
1250,72879
1251,17566
1252,28168
1253,16458
1254,16779
1255,16425
1256,16268
1257,15720
1258,15508
1259,15282
1260,31932
1261,14853
1262,12223
1263,13807
1264,13513
1265,15557
1266,13500
1267,14366
1268,13513
1269,11830
1270,22674
1271,15567
1272,14782
1273,21648
1274,15520
1275,20879
1276,13109
1277,13635
1278,13483
1279,16729
1280,74618
1281,13353
1282,13858
1283,14141
1284,15391
1285,15517
1286,12380
1287,13509
1288,12986
1289,13113
1290,22538
1291,16592
1292,14828
1293,12902
1294,13119
1295,17795
1296,18454
1297,13222
1298,13601
1299,18145
1300,202888
1301,48760
1302,20035
1303,17963
1304,17666
1305,18861
1306,16664
1307,34473
1308,16104
1309,15715
1310,24685
1311,16943
1312,17645
1313,20121
1314,16476
1315,18626
1316,14954
1317,14510
1318,13376
1319,13493
1320,28429
1321,15611
1322,15081
1323,15557
1324,15692
1325,24669
1326,15212
1327,16182
1328,14388
1329,13553
1330,25024
1331,17260
1332,21729
1333,22760
1334,15383
1335,15916
1336,14125
1337,34819
1338,13315
1339,12486
1340,22089
1341,14176
1342,14762
1343,14491
1344,19205
1345,16650
1346,14752
1347,14729
1348,15595
1349,15089
1350,45906
1351,14328
1352,12775
1353,14296
1354,12212
1355,14583
1356,13000
1357,13347
1358,11981
1359,13153
1360,20949
1361,14047
1362,12675
1363,12913
1364,14878
1365,26541
1366,22946
1367,14463
1368,17568
1369,12655
1370,18502
1371,56571
1372,14653
1373,14974
1374,11873
1375,16326
1376,12509
1377,14979
1378,12833
1379,11804
1380,20151
1381,13887
1382,13440
1383,14337
1384,12783
1385,14934
1386,14170
1387,12538
1388,12816
1389,13659
1390,16605
1391,12869
1392,15920
1393,11697
1394,18687
1395,14864
1396,12463
1397,13045
1398,13029
1399,17386
1400,180958
1401,23055
1402,17958
1403,15914
1404,19248
1405,18450
1406,15764
1407,13903
1408,16695
1409,13871
1410,22108
1411,15479
1412,15058
1413,13634
1414,16337
1415,22422
1416,14280
1417,12835
1418,12359
1419,12863
1420,24975
1421,14040
1422,15337
1423,13986
1424,14006
1425,17016
1426,11383
1427,12342
1428,13264
1429,13891
1430,23851
1431,14909
1432,14747
1433,19437
1434,13936
1435,17019
1436,12710
1437,12395
1438,12820
1439,13586
1440,59576
1441,19433
1442,13684
1443,12896
1444,15223
1445,15111
1446,13095
1447,12308
1448,11668
1449,12247
1450,43531
1451,13865
1452,15433
1453,19925
1454,11606
1455,17603
1456,12654
1457,11778
1458,12141
1459,12552
1460,21990
1461,15276
1462,12885
1463,12922
1464,12565
1465,12481
1466,11383
1467,14016
1468,12776
1469,14447
1470,18476
1471,24569
1472,15903
1473,14311
1474,11950
1475,18255
1476,13366
1477,13145
1478,12492
1479,11959
1480,20700
1481,11557
1482,13888
1483,18405
1484,12966
1485,17698
1486,12317
1487,11917
1488,12763
1489,11847
1490,17587
1491,13947
1492,30884
1493,15821
1494,15164
1495,15392
1496,11492
1497,14013
1498,13821
1499,18186
1500,578114
1501,26366
1502,21666
1503,18955
1504,17668
1505,19477
1506,17296
1507,15192
1508,15591
1509,18134
1510,23713
1511,19265
1512,19013
1513,17003
1514,15257
1515,24106
1516,18060
1517,18837
1518,19661
1519,19133
1520,40218
1521,24245
1522,16486
1523,17577
1524,17292
1525,22869
1526,17044
1527,16633
1528,15016
1529,15359
1530,28928
1531,15002
1532,15815
1533,16057
1534,17020
1535,21952
1536,31818
1537,15026
1538,17103
1539,16649
1540,28833
1541,17526
1542,18361
1543,16330
1544,13471
1545,18566
1546,14637
1547,17634
1548,14313
1549,16643
1550,44998
1551,16075
1552,15404
1553,17856
1554,14232
1555,19427
1556,15427
1557,15586
1558,18733
1559,19284
1560,25622
1561,14632
1562,15729
1563,15053
1564,18150
1565,18157
1566,15228
1567,14834
1568,15324
1569,14216
1570,21699
1571,16391
1572,16975
1573,15352
1574,13239
1575,19514
1576,14159
1577,14535
1578,13818
1579,13385
1580,23227
1581,14734
1582,18359
1583,14741
1584,15877
1585,17251
1586,15471
1587,16104
1588,18989
1589,14392
1590,23580
1591,18463
1592,18001
1593,15269
1594,15572
1595,16378
1596,16249
1597,15619
1598,18730
1599,20361
1600,262000
1601,26518
1602,23548
1603,34248
1604,24874
1605,25123
1606,21937
1607,26072
1608,22038
1609,24711
1610,31801
1611,25040
1612,21389
1613,18275
1614,17643
1615,19713
1616,22671
1617,17178
1618,19145
1619,24810
1620,34646
1621,20890
1622,18494
1623,20422
1624,18481
1625,24763
1626,17216
1627,15783
1628,18765
1629,17424
1630,30504
1631,17462
1632,20242
1633,18690
1634,19751
1635,20926
1636,18593
1637,18652
1638,20407
1639,18003
1640,54638
1641,19695
1642,25973
1643,19332
1644,25757
1645,20160
1646,22393
1647,16246
1648,23841
1649,20269
1650,57135
1651,19243
1652,17701
1653,17395
1654,17884
1655,19325
1656,18927
1657,15999
1658,16874
1659,16485
1660,44734
1661,20139
1662,20435
1663,17840
1664,20128
1665,21954
1666,23675
1667,21841
1668,16349
1669,16130
1670,24788
1671,15814
1672,18626
1673,16645
1674,16355
1675,21334
1676,16467
1677,16162
1678,16552
1679,16051
1680,33355
1681,17604
1682,17999
1683,18681
1684,16625
1685,22676
1686,16128
1687,17637
1688,25300
1689,23967
1690,25469
1691,16273
1692,21422
1693,16237
1694,16638
1695,18299
1696,16587
1697,17113
1698,16467
1699,19521
1700,160136
1701,31114
1702,23346
1703,24334
1704,22078
1705,20812
1706,21616
1707,25819
1708,21753
1709,24397
1710,28926
1711,23208
1712,19938
1713,18755
1714,21334
1715,25727
1716,18926
1717,22413
1718,20450
1719,18239
1720,31460
1721,20006
1722,21443
1723,20639
1724,19289
1725,23476
1726,19054
1727,21147
1728,23954
1729,19164
1730,31220
1731,18793
1732,20920
1733,21426
1734,20969
1735,22335
1736,19351
1737,20252
1738,19941
1739,19136
1740,31355
1741,21942
1742,21891
1743,21975
1744,21042
1745,27965
1746,22099
1747,20259
1748,23299
1749,22890
1750,68696
1751,22112
1752,25386
1753,25005
1754,25200
1755,32363
1756,26359
1757,27720
1758,29350
1759,26698
1760,38834
1761,23668
1762,25110
1763,33311
1764,26265
1765,29306
1766,25719
1767,25387
1768,26580
1769,28878
1770,43520
1771,25858
1772,30041
1773,28836
1774,34348
1775,55297
1776,80274
1777,40615
1778,35393
1779,30998
1780,48561
1781,35142
1782,36276
1783,42819
1784,35326
1785,36112
1786,32610
1787,47145
1788,43238
1789,69234
1790,59289
1791,45533
1792,54070
1793,47432
1794,42194
1795,45348
1796,42513
1797,41607
1798,47659
1799,46152
1800,357770
1801,55783
1802,47650
1803,60495
1804,53248
1805,50350
1806,52003
1807,45894
1808,47275
1809,58366
1810,62269
1811,48675
1812,100382
1813,49882
1814,56615
1815,73949
1816,50064
1817,49840
1818,57180
1819,55124
1820,83702
1821,60275
1822,52047
1823,48486
1824,56991
1825,62230
1826,51497
1827,50874
1828,56689
1829,55425
1830,104316
1831,61798
1832,71084
1833,63729
1834,63786
1835,72055
1836,73479
1837,77237
1838,67558
1839,70148
1840,112176
1841,74428
1842,71219
1843,70704
1844,73951
1845,80815
1846,79436
1847,79533
1848,106137
1849,83503
1850,164779
1851,97031
1852,79523
1853,78963
1854,87684
1855,88978
1856,87257
1857,96260
1858,89314
1859,95608
1860,159200
1861,150421
1862,134455
1863,133228
1864,135335
1865,155015
1866,98978
1867,108413
1868,106236
1869,100813
1870,156991
1871,115795
1872,106548
1873,100742
1874,97522
1875,117789
1876,109622
1877,98303
1878,102043
1879,104070
1880,176348
1881,125270
1882,120627
1883,116235
1884,113988
1885,125891
1886,120990
1887,121169
1888,130643
1889,131969
1890,184885
1891,133498
1892,129805
1893,132941
1894,124411
1895,148545
1896,140439
1897,133835
1898,147959
1899,147713
1900,404341
1901,196427
1902,161135
1903,172384
1904,171446
1905,192343
1906,180507
1907,173774
1908,191595
1909,181095
1910,259433
1911,249836
1912,226450
1913,213352
1914,296145
1915,238619
1916,232118
1917,284159
1918,311149
1919,256107
1920,423955
1921,212124
1922,219148
1923,208449
1924,207747
1925,222281
1926,214329
1927,216421
1928,227034
1929,261248
1930,355379
1931,219062
1932,234077
1933,286052
1934,251955
1935,257481
1936,273975
1937,268701
1938,282702
1939,359003
1940,421016
1941,339394
1942,333891
1943,304044
1944,350726
1945,496855
1946,323659
1947,353843
1948,389199
1949,332981
1950,529983
1951,304633
1952,322502
1953,333377
1954,344318
1955,356122
1956,371032
1957,370733
1958,373812
1959,387963
1960,618645
1961,428715
1962,456257
1963,473993
1964,528567
1965,538168
1966,509407
1967,588021
1968,629279
1969,625261
1970,858518
1971,610000
1972,659178
1973,654742
1974,643823
1975,692589
1976,687955
1977,666600
1978,712192
1979,778065
1980,1041686
1981,758315
1982,811016
1983,828483
1984,945965
1985,930459
1986,984177
1987,973932
1988,1046972
1989,1161252
1990,1483380
1991,1277922
1992,1391507
1993,1404054
1994,1551114
1995,1682095
1996,1805054
1997,1897202
1998,2086298
1999,2474880
2000,4205902
2001,2994605
2002,2969693
2003,3368910
2004,3656894
2005,4145200
2006,4657986
2007,5520207
2008,6675633
2009,6265397
2010,7300331
2011,7320111
2012,8368160
2013,8389958
2014,8461189
2015,8611022
2016,9282621
2017,9656166
2018,10151372
2019,9525193
2020,9886115
2021,6930468
2022,4289918
2023,797670
2024,272418
2025,299057
2026,118647
2027,85935
2028,67057
2029,37148
2030,371234
2031,30963
2032,27395
2033,20775
2034,15827
2035,52262
2036,17834
2037,13135
2038,14138
2039,11515
2040,69090
2041,14415
2042,18235
2043,9866
2044,10252
2045,22924
2046,11339
2047,15230
2048,121099
2049,23457
2050,192658
2051,9757
2052,10527
2053,8118
2054,7738
2055,10719
2056,9124
2057,7251
2058,9618
2059,7450
2060,34316
2061,8528
2062,7300
2063,10330
2064,7931
2065,9045
2066,7730
2067,7486
2068,7513
2069,7270
2070,27344
2071,8704
2072,8288
2073,7504
2074,9011
2075,9754
2076,7915
2077,34138
2078,7558
2079,7184
2080,32587
2081,7355
2082,6029
2083,6993
2084,6875
2085,7171
2086,6182
2087,6559
2088,7068
2089,6487
2090,9705
2091,6206
2092,6095
2093,5992
2094,6005
2095,7103
2096,6147
2097,6703
2098,5831
2099,15676
2100,117011
2101,13991
2102,11550
2103,11215
2104,10983
2105,15602
2106,11729
2107,9276
2108,10109
2109,9231
2110,39124
2111,31144
2112,16999
2113,9439
2114,9429
2115,11084
2116,9077
2117,7877
2118,9176
2119,7739
2120,13120
2121,14156
2122,9444
2123,7714
2124,6942
2125,9215
2126,7291
2127,5949
2128,6491
2129,6263
2130,11722
2131,7736
2132,6421
2133,10246
2134,7696
2135,7676
2136,6558
2137,8721
2138,8570
2139,10806
2140,11195
2141,8030
2142,8857
2143,7300
2144,6462
2145,7631
2146,5779
2147,7722
2148,6970
2149,6228
2150,16577
2151,7386
2152,6608
2153,6355
2154,6912
2155,8780
2156,6051
2157,6217
2158,5559
2159,5781
2160,25428
2161,6657
2162,5616
2163,5787
2164,7041
2165,7225
2166,6545
2167,5887
2168,5512
2169,5820
2170,8428
2171,6098
2172,6335
2173,5481
2174,7229
2175,7410
2176,5907
2177,5599
2178,5518
2179,5404
2180,8365
2181,14338
2182,5583
2183,5398
2184,5489
2185,5654
2186,5198
2187,6102
2188,5357
2189,4771
2190,7024
2191,6668
2192,6071
2193,6299
2194,5156
2195,6528
2196,6578
2197,5702
2198,4965
2199,8457
2200,86972
2201,15368
2202,12826
2203,11037
2204,10518
2205,12808
2206,8084
2207,6799
2208,7804
2209,6392
2210,11193
2211,10094
2212,11929
2213,6313
2214,6798
2215,10594
2216,7004
2217,6878
2218,6251
2219,6096
2220,10587
2221,8189
2222,28040
2223,8307
2224,7944
2225,9518
2226,5889
2227,6954
2228,6401
2229,6405
2230,10825
2231,7844
2232,6419
2233,7749
2234,6107
2235,6411
2236,6664
2237,6129
2238,5373
2239,5627
2240,10100
2241,7662
2242,6489
2243,6462
2244,7930
2245,6704
2246,5668
2247,5329
2248,5534
2249,5750
2250,20796
2251,7094
2252,6212
2253,6810
2254,11509
2255,14680
2256,6044
2257,6698
2258,5391
2259,5808
2260,7941
2261,6720
2262,5528
2263,5394
2264,6314
2265,6416
2266,5587
2267,6034
2268,5558
2269,5142
2270,7308
2271,5241
2272,6840
2273,6720
2274,5170
2275,6409
2276,5297
2277,6800
2278,5891
2279,4732
2280,10533
2281,6875
2282,5141
2283,5199
2284,5299
2285,5689
2286,4965
2287,5988
2288,6175
2289,4932
2290,7478
2291,4967
2292,5156
2293,4938
2294,4612
2295,5602
2296,4973
2297,4687
2298,5005
2299,6309
2300,67061
2301,9904
2302,7317
2303,6670
2304,10594
2305,7748
2306,5695
2307,13827
2308,6577
2309,5787
2310,9853
2311,7853
2312,8231
2313,6462
2314,6793
2315,6714
2316,5675
2317,6863
2318,5568
2319,6955
2320,9434
2321,6846
2322,6878
2323,9256
2324,6478
2325,7113
2326,5916
2327,5624
2328,5488
2329,5188
2330,9044
2331,6040
2332,5904
2333,8275
2334,6689
2335,5865
2336,5578
2337,7302
2338,5091
2339,5936
2340,20771
2341,6463
2342,6260
2343,5630
2344,6533
2345,15774
2346,5790
2347,5974
2348,5415
2349,5455
2350,12887
2351,5494
2352,6615
2353,5275
2354,5009
2355,6092
2356,5640
2357,6150
2358,4916
2359,6655
2360,7202
2361,5007
2362,4939
2363,5111
2364,5135
2365,5530
2366,5767
2367,5175
2368,6049
2369,5169
2370,6594
2371,5416
2372,5334
2373,5625
2374,4962
2375,8326
2376,6391
2377,5541
2378,4549
2379,9255
2380,9391
2381,6151
2382,4926
2383,5114
2384,4664
2385,5127
2386,4615
2387,4575
2388,4900
2389,4581
2390,5783
2391,5926
2392,5646
2393,4685
2394,4702
2395,5655
2396,4725
2397,4687
2398,4507
2399,6320
2400,97260
2401,9894
2402,6864
2403,7004
2404,6295
2405,6724
2406,5337
2407,6015
2408,5674
2409,5566
2410,8025
2411,6222
2412,8509
2413,5687
2414,5503
2415,6261
2416,4959
2417,4995
2418,4827
2419,5498
2420,8334
2421,5322
2422,6272
2423,5468
2424,7906
2425,7231
2426,5056
2427,5261
2428,4796
2429,4925
2430,6768
2431,5730
2432,5149
2433,5322
2434,4723
2435,5312
2436,5303
2437,4632
2438,5250
2439,4685
2440,7885
2441,5422
2442,5467
2443,5189
2444,5600
2445,5504
2446,4925
2447,5039
2448,6887
2449,5173
2450,12637
2451,5879
2452,4971
2453,5017
2454,5879
2455,6023
2456,5351
2457,5145
2458,5805
2459,4631
2460,8841
2461,4933
2462,4777
2463,4444
2464,4899
2465,5366
2466,4822
2467,4938
2468,5498
2469,4668
2470,6079
2471,5207
2472,5318
2473,4492
2474,4863
2475,5923
2476,5749
2477,5042
2478,5537
2479,4319
2480,6898
2481,4743
2482,4991
2483,4423
2484,4406
2485,5202
2486,4657
2487,4506
2488,4554
2489,4951
2490,5953
2491,4579
2492,4435
2493,4579
2494,4738
2495,5591
2496,5224
2497,4472
2498,4280
2499,7618
2500,271397
2501,10101
2502,6349
2503,5801
2504,5640
2505,6607
2506,5287
2507,5447
2508,5289
2509,5148
2510,8573
2511,6309
2512,5739
2513,5111
2514,5349
2515,5997
2516,5360
2517,4628
2518,5676
2519,5729
2520,17414
2521,5583
2522,6743
2523,5069
2524,5267
2525,11521
2526,6278
2527,5324
2528,4964
2529,5361
2530,6871
2531,5479
2532,6044
2533,4793
2534,4383
2535,5863
2536,5383
2537,4895
2538,4497
2539,4647
2540,7432
2541,5000
2542,4398
2543,4791
2544,4691
2545,5232
2546,4480
2547,4619
2548,5136
2549,4673
2550,12661
2551,5922
2552,5982
2553,5740
2554,5216
2555,7141
2556,4792
2557,5110
2558,4937
2559,5303
2560,28424
2561,5039
2562,5612
2563,5566
2564,5152
2565,5105
2566,4453
2567,4736
2568,4597
2569,4248
2570,5515
2571,4530
2572,4097
2573,4090
2574,10743
2575,5532
2576,4542
2577,4678
2578,4491
2579,4394
2580,6761
2581,5107
2582,4585
2583,4776
2584,4908
2585,4810
2586,4469
2587,4235
2588,5046
2589,4163
2590,5606
2591,4786
2592,6060
2593,4198
2594,3969
2595,5009
2596,4704
2597,4384
2598,3959
2599,4914
2600,82895
2601,9135
2602,5454
2603,5352
2604,5748
2605,5750
2606,6685
2607,5146
2608,4538
2609,4834
2610,8484
2611,5875
2612,5071
2613,4506
2614,4495
2615,5329
2616,6229
2617,4915
2618,4505
2619,4421
2620,8118
2621,4799
2622,5011
2623,5539
2624,4458
2625,6690
2626,6097
2627,4905
2628,5052
2629,4297
2630,7043
2631,4852
2632,4521
2633,4710
2634,4104
2635,5317
2636,4537
2637,4615
2638,4138
2639,4615
2640,9493
2641,4142
2642,6343
2643,4293
2644,3935
2645,4370
2646,4493
2647,4032
2648,4442
2649,4068
2650,11526
2651,4848
2652,4780
2653,4295
2654,3752
2655,5034
2656,4618
2657,4123
2658,3789
2659,3738
2660,6199
2661,4803
2662,4354
2663,4462
2664,5059
2665,5453
2666,8848
2667,5735
2668,4035
2669,4067
2670,5690
2671,4439
2672,4483
2673,4729
2674,4078
2675,4774
2676,4197
2677,4665
2678,3887
2679,3839
2680,6382
2681,3999
2682,3917
2683,3919
2684,3604
2685,4061
2686,4002
2687,3677
2688,5628
2689,3933
2690,5746
2691,4215
2692,4053
2693,4303
2694,3754
2695,5413
2696,4001
2697,4345
2698,4178
2699,5727
2700,51115
2701,7812
2702,5383
2703,5396
2704,6317
2705,5470
2706,4535
2707,5138
2708,4982
2709,4978
2710,7029
2711,5785
2712,4962
2713,4756
2714,4841
2715,4990
2716,4728
2717,4256
2718,4107
2719,4248
2720,8071
2721,4984
2722,4618
2723,4351
2724,4409
2725,4849
2726,4343
2727,6491
2728,4915
2729,4498
2730,6483
2731,4395
2732,5169
2733,4271
2734,4140
2735,4366
2736,4898
2737,4705
2738,3908
2739,4347
2740,5127
2741,4445
2742,3969
2743,5137
2744,4809
2745,4952
2746,3869
2747,4281
2748,3721
2749,3829
2750,12862
2751,4220
2752,4052
2753,4427
2754,3934
2755,4966
2756,4095
2757,3991
2758,3974
2759,3898
2760,7013
2761,3892
2762,4394
2763,3736
2764,4732
2765,4489
2766,3958
2767,4892
2768,4368
2769,3882
2770,5271
2771,3937
2772,4812
2773,3969
2774,4171
2775,5306
2776,4054
2777,5142
2778,4836
2779,3764
2780,5441
2781,4320
2782,4032
2783,3793
2784,3904
2785,4706
2786,3781
2787,6432
2788,4116
2789,4460
2790,4763
2791,3874
2792,3762
2793,3635
2794,3523
2795,4354
2796,4680
2797,3707
2798,3642
2799,6756
2800,55256
2801,7488
2802,5241
2803,5108
2804,4399
2805,5001
2806,4315
2807,4509
2808,5922
2809,4438
2810,5986
2811,5650
2812,4655
2813,4247
2814,4804
2815,4658
2816,5184
2817,4466
2818,4539
2819,3871
2820,6221
2821,4797
2822,5459
2823,4004
2824,6650
2825,5206
2826,3699
2827,6148
2828,5823
2829,4398
2830,5247
2831,4020
2832,4297
2833,4521
2834,3969
2835,5186
2836,4968
2837,3561
2838,3881
2839,3947
2840,6803
2841,4587
2842,3681
2843,3705
2844,3986
2845,4168
2846,3576
2847,4068
2848,5074
2849,3655
2850,9667
2851,4338
2852,4712
2853,3690
2854,3614
2855,4511
2856,3949
2857,4621
2858,4022
2859,3717
2860,5483
2861,3959
2862,3286
2863,3493
2864,4196
2865,4518
2866,8160
2867,3606
2868,3692
2869,3856
2870,4340
2871,3824
2872,3452
2873,3572
2874,3912
2875,5101
2876,3361
2877,3612
2878,3458
2879,3582
2880,11916
2881,3996
2882,4073
2883,4477
2884,3367
2885,5512
2886,3855
2887,4143
2888,5399
2889,3750
2890,4811
2891,5114
2892,4837
2893,3731
2894,3348
2895,4386
2896,3690
2897,3504
2898,3362
2899,4327
2900,31311
2901,6824
2902,4662
2903,5715
2904,4500
2905,4560
2906,3919
2907,4084
2908,4239
2909,4408
2910,6212
2911,5782
2912,4448
2913,4527
2914,4175
2915,5104
2916,4210
2917,4417
2918,4224
2919,4333
2920,8847
2921,4615
2922,4035
2923,4581
2924,4853
2925,5851
2926,3726
2927,3876
2928,3694
2929,7263
2930,5834
2931,4071
2932,3865
2933,4945
2934,3899
2935,3871
2936,4244
2937,3424
2938,3437
2939,3637
2940,5827
2941,4370
2942,3666
2943,3851
2944,3972
2945,3950
2946,3401
2947,3714
2948,3489
2949,3502
2950,9551
2951,4049
2952,3726
2953,3740
2954,3483
2955,4226
2956,3321
2957,3739
2958,4721
2959,3480
2960,7059
2961,3604
2962,3431
2963,3427
2964,3532
2965,3932
2966,3777
2967,3868
2968,3232
2969,3544
2970,4727
2971,3512
2972,3334
2973,3629
2974,3695
2975,4299
2976,3808
2977,3664
2978,3287
2979,3491
2980,4812
2981,3325
2982,3423
2983,3407
2984,3234
2985,3674
2986,3183
2987,3964
2988,3847
2989,3672
2990,4896
2991,4025
2992,3915
2993,3468
2994,3373
2995,4861
2996,3691
2997,4055
2998,4014
2999,9267
3000,668538
3001,26824
3002,11440
3003,11776
3004,8418
3005,7854
3006,7492
3007,6487
3008,10823
3009,6392
3010,11362
3011,6532
3012,6726
3013,5370
3014,5192
3015,6354
3016,5498
3017,4708
3018,5277
3019,5283
3020,10378
3021,6305
3022,4734
3023,4797
3024,7886
3025,6801
3026,4520
3027,4488
3028,3997
3029,5017
3030,14407
3031,6220
3032,5063
3033,5541
3034,4683
3035,5501
3036,4651
3037,3915
3038,4423
3039,4455
3040,9005
3041,4576
3042,4613
3043,4151
3044,4238
3045,5030
3046,3726
3047,3804
3048,6185
3049,4652
3050,14291
3051,4543
3052,4741
3053,4636
3054,3725
3055,5131
3056,4265
3057,4051
3058,3672
3059,3763
3060,18033
3061,3928
3062,3880
3063,3713
3064,3893
3065,4714
3066,4274
3067,4307
3068,4112
3069,4008
3070,17735
3071,4922
3072,11517
3073,3960
3074,4030
3075,4611
3076,3989
3077,4422
3078,3448
3079,4082
3080,26025
3081,4748
3082,3756
3083,3832
3084,3401
3085,4548
3086,3616
3087,3625
3088,4128
3089,3605
3090,17717
3091,3674
3092,3338
3093,3335
3094,3824
3095,4094
3096,3641
3097,3384
3098,3470
3099,4763
3100,38025
3101,8998
3102,6021
3103,4955
3104,4882
3105,5308
3106,4660
3107,4103
3108,4468
3109,7704
3110,7537
3111,7584
3112,5661
3113,4883
3114,5049
3115,6048
3116,4226
3117,4336
3118,3859
3119,4098
3120,8612
3121,7256
3122,4397
3123,4780
3124,4659
3125,27180
3126,4132
3127,3954
3128,7625
3129,4007
3130,6766
3131,6608
3132,4817
3133,4818
3134,3882
3135,5562
3136,4974
3137,3919
3138,3907
3139,3737
3140,5485
3141,5371
3142,5273
3143,3940
3144,4756
3145,4826
3146,3678
3147,3781
3148,3555
3149,3510
3150,9689
3151,3995
3152,3830
3153,3902
3154,3454
3155,4156
3156,4171
3157,4087
3158,3202
3159,3808
3160,5204
3161,4616
3162,3945
3163,4640
3164,3517
3165,3895
3166,11797
3167,3677
3168,4667
3169,3073
3170,4761
3171,4457
3172,3405
3173,3238
3174,3858
3175,4535
3176,3291
3177,3542
3178,3036
3179,3299
3180,4734
3181,4062
3182,3498
3183,3372
3184,3442
3185,3704
3186,3456
3187,3487
3188,3426
3189,3524
3190,4142
3191,3756
3192,3447
3193,3151
3194,4241
3195,3837
3196,3413
3197,2982
3198,3455
3199,3919
3200,78593
3201,9331
3202,5766
3203,4668
3204,4485
3205,5580
3206,4044
3207,4480
3208,4464
3209,3908
3210,7879
3211,5945
3212,4781
3213,4395
3214,4192
3215,4446
3216,4518
3217,3712
3218,3523
3219,3808
3220,6437
3221,4631
3222,4530
3223,4421
3224,4080
3225,4730
3226,3957
3227,3861
3228,3518
3229,3527
3230,5090
3231,4307
3232,9828
3233,5967
3234,3857
3235,5068
3236,3385
3237,3298
3238,3413
3239,4456
3240,6330
3241,4071
3242,3860
3243,3781
3244,3252
3245,4220
3246,3519
3247,3454
3248,3424
3249,3167
3250,10235
3251,4181
3252,3718
3253,3396
3254,3264
3255,4385
3256,3595
3257,3512
3258,3239
3259,3259
3260,5050
3261,4002
3262,3446
3263,3486
3264,5257
3265,3612
3266,3309
3267,3436
3268,3494
3269,3234
3270,6294
3271,3238
3272,3568
3273,3160
3274,3190
3275,3759
3276,3696
3277,3364
3278,3866
3279,3190
3280,5133
3281,3602
3282,4248
3283,3109
3284,3061
3285,3751
3286,3732
3287,3196
3288,3464
3289,3314
3290,4089
3291,2878
3292,3098
3293,3028
3294,3064
3295,3386
3296,3034
3297,2920
3298,2676
3299,4229
3300,39626
3301,8519
3302,4958
3303,5791
3304,4445
3305,4805
3306,34119
3307,5382
3308,4312
3309,4243
3310,11864
3311,5964
3312,4376
3313,4415
3314,3976
3315,4657
3316,3512
3317,3540
3318,3693
3319,3553
3320,5809
3321,4689
3322,5172
3323,3636
3324,4061
3325,5496
3326,3974
3327,3597
3328,3992
3329,3431
3330,7071
3331,4680
3332,4163
3333,32372
3334,4863
3335,4487
3336,3605
3337,4044
3338,3427
3339,5803
3340,5498
3341,3472
3342,3677
3343,3846
3344,4482
3345,3991
3346,3426
3347,3262
3348,3127
3349,3094
3350,9918
3351,3738
3352,3493
3353,3904
3354,4064
3355,4548
3356,3446
3357,2994
3358,3383
3359,4088
3360,6100
3361,4291
3362,3848
3363,3138
3364,3182
3365,3579
3366,5437
3367,2991
3368,3276
3369,3492
3370,4358
3371,3696
3372,3297
3373,3176
3374,2863
3375,5212
3376,3333
3377,3646
3378,3108
3379,3346
3380,4334
3381,3224
3382,3196
3383,3010
3384,3399
3385,3917
3386,4753
3387,2837
3388,3499
3389,19498
3390,19459
3391,3332
3392,3038
3393,3859
3394,2925
3395,3499
3396,4145
3397,3131
3398,2678
3399,4959
3400,34141
3401,7364
3402,9028
3403,5769
3404,4506
3405,4407
3406,4390
3407,4217
3408,3649
3409,3546
3410,5010
3411,4503
3412,5115
3413,3436
3414,3452
3415,3997
3416,3087
3417,3547
3418,3081
3419,3098
3420,6833
3421,3895
3422,3433
3423,4293
3424,3450
3425,3630
3426,3133
3427,3653
3428,2828
3429,3053
3430,4381
3431,3597
3432,4391
3433,3629
3434,4698
3435,4134
3436,3122
3437,3040
3438,2919
3439,3051
3440,6946
3441,3280
3442,3257
3443,3518
3444,4243
3445,3708
3446,3038
3447,3054
3448,3558
3449,3153
3450,8301
3451,3598
3452,3837
3453,3112
3454,3532
3455,3601
3456,11054
3457,3827
3458,3019
3459,2895
3460,4084
3461,3153
3462,4151
3463,3353
3464,3909
3465,3396
3466,3233
3467,3081
3468,3398
3469,2892
3470,4427
3471,4489
3472,3155
3473,2918
3474,3677
3475,3948
3476,3039
3477,2968
3478,4128
3479,2773
3480,4503
3481,3070
3482,2746
3483,2883
3484,2778
3485,2969
3486,2550
3487,2594
3488,3179
3489,2594
3490,4078
3491,2869
3492,2889
3493,2676
3494,2674
3495,3820
3496,2811
3497,3564
3498,2840
3499,4323
3500,130877
3501,6655
3502,4143
3503,3572
3504,3739
3505,4382
3506,3420
3507,3124
3508,4007
3509,3458
3510,5392
3511,4113
3512,3633
3513,3101
3514,3485
3515,3621
3516,4023
3517,3455
3518,2921
3519,3087
3520,7096
3521,4068
3522,3395
3523,3340
3524,3408
3525,4080
3526,3088
3527,3077
3528,3735
3529,3099
3530,4210
3531,4434
3532,3098
3533,3132
3534,2944
3535,5294
3536,3604
3537,3388
3538,3920
3539,2949
3540,5225
3541,3348
3542,3326
3543,3100
3544,3093
3545,3486
3546,2782
3547,3011
3548,3122
3549,3108
3550,8483
3551,3583
3552,3159
3553,7035
3554,2773
3555,4568
3556,3117
3557,2827
3558,2936
3559,2989
3560,4905
3561,3285
3562,2805
3563,2953
3564,2881
3565,3347
3566,2699
3567,3023
3568,3155
3569,2699
3570,4484
3571,3412
3572,2687
3573,2768
3574,2451
3575,3801
3576,3008
3577,2949
3578,4007
3579,3090
3580,3739
3581,2737
3582,3555
3583,3560
3584,4186
3585,3402
3586,2765
3587,2471
3588,4091
3589,2715
3590,4416
3591,2853
3592,3116
3593,3218
3594,2563
3595,3065
3596,2694
3597,2926
3598,2540
3599,4234
3600,124788
3601,5904
3602,3635
3603,3906
3604,4112
3605,3638
3606,3343
3607,3166
3608,3226
3609,3208
3610,5314
3611,3595
3612,3052
3613,3115
3614,2701
3615,3585
3616,3192
3617,3173
3618,2669
3619,2956
3620,4543
3621,3571
3622,3428
3623,2914
3624,3681
3625,3739
3626,3830
3627,3530
3628,2849
3629,2837
3630,5099
3631,3270
3632,3226
3633,3610
3634,3085
3635,3175
3636,4639
3637,3340
3638,3011
3639,3226
3640,4564
3641,3115
3642,2878
3643,2780
3644,2756
3645,3093
3646,3001
3647,2942
3648,3691
3649,2623
3650,9835
3651,3067
3652,2923
3653,2842
3654,2793
3655,3196
3656,2741
3657,2843
3658,3865
3659,2535
3660,4527
3661,3319
3662,2883
3663,3789
3664,2961
3665,2967
3666,3128
3667,3444
3668,3043
3669,2623
3670,3396
3671,3057
3672,3020
3673,2912
3674,2698
3675,3317
3676,3016
3677,2871
3678,2758
3679,2686
3680,4058
3681,2761
3682,2558
3683,3324
3684,2753
3685,2874
3686,3686
3687,2736
3688,2747
3689,2563
3690,4039
3691,2766
3692,2489
3693,2602
3694,2353
3695,2949
3696,3167
3697,2561
3698,2375
3699,2953
3700,27755
3701,5633
3702,3523
3703,3184
3704,3158
3705,3586
3706,3079
3707,2941
3708,3468
3709,2877
3710,4226
3711,4266
3712,3206
3713,2922
3714,3003
3715,3092
3716,2645
3717,3085
3718,2970
3719,3381
3720,4689
3721,3335
3722,2854
3723,3061
3724,3220
3725,3485
3726,3073
3727,4430
3728,3333
3729,4842
3730,5719
3731,3144
3732,2974
3733,4591
3734,2561
3735,3011
3736,2668
3737,4128
3738,3010
3739,3367
3740,3642
3741,2880
3742,3282
3743,3740
3744,3542
3745,4131
3746,2722
3747,2745
3748,3272
3749,2637
3750,11568
3751,3080
3752,2901
3753,2548
3754,2869
3755,3860
3756,2848
3757,2765
3758,3458
3759,2328
3760,3980
3761,2862
3762,2925
3763,2474
3764,2704
3765,2858
3766,2648
3767,2955
3768,2657
3769,2510
3770,7206
3771,2844
3772,3180
3773,3148
3774,2939
3775,3472
3776,3567
3777,3834
3778,2816
3779,2627
3780,3990
3781,2879
3782,2850
3783,2995
3784,2730
3785,2988
3786,3120
3787,2606
3788,2758
3789,2657
3790,7383
3791,3271
3792,2625
3793,2524
3794,2528
3795,2738
3796,2479
3797,2795
3798,2444
3799,2999
3800,33628
3801,5431
3802,3047
3803,3140
3804,2804
3805,3291
3806,2829
3807,2845
3808,3656
3809,4131
3810,4353
3811,3363
3812,3385
3813,2856
3814,2752
3815,3058
3816,2790
3817,2728
3818,2635
3819,2653
3820,4684
3821,3126
3822,2940
3823,3076
3824,3205
3825,3577
3826,2641
3827,2750
3828,2779
3829,2829
3830,4082
3831,2821
3832,2847
3833,4105
3834,2870
3835,3151
3836,2558
3837,2689
3838,4193
3839,3013
3840,16629
3841,3243
3842,2893
3843,2716
3844,3434
3845,3002
3846,3449
3847,3461
3848,2862
3849,2706
3850,7142
3851,2764
3852,2848
3853,2566
3854,2381
3855,3388
3856,2733
3857,6659
3858,2689
3859,3103
3860,3600
3861,3013
3862,2568
3863,2900
3864,2915
3865,3877
3866,2629
3867,2712
3868,2729
3869,2516
3870,4344
3871,2830
3872,7219
3873,2541
3874,2221
3875,3478
3876,2620
3877,2670
3878,2440
3879,2315
3880,4407
3881,2888
3882,2383
3883,2814
3884,2507
3885,2917
3886,2774
3887,2471
3888,5680
3889,2899
3890,3373
3891,2656
3892,3162
3893,2498
3894,2453
3895,2829
3896,2419
3897,2754
3898,2589
3899,2958
3900,22709
3901,4275
3902,3407
3903,3468
3904,4523
3905,3205
3906,4104
3907,3117
3908,4457
3909,3081
3910,3550
3911,3391
3912,3052
3913,3446
3914,2715
3915,3679
3916,2686
3917,2905
3918,2578
3919,2770
3920,4647
3921,3539
3922,3450
3923,2884
3924,2809
3925,3164
3926,3945
3927,4653
3928,3451
3929,2764
3930,3702
3931,2956
3932,3009
3933,3363
3934,19619
3935,2769
3936,2778
3937,3426
3938,2522
3939,3948
3940,4571
3941,3332
3942,2553
3943,2563
3944,2702
3945,5127
3946,3143
3947,2653
3948,2368
3949,2753
3950,5369
3951,2714
3952,2610
3953,2509
3954,2493
3955,2984
3956,3226
3957,2452
3958,2327
3959,3494
3960,4331
3961,2430
3962,2920
3963,2609
3964,2426
3965,2689
3966,2702
3967,2623
3968,3115
3969,3460
3970,3566
3971,2796
3972,2407
3973,2176
3974,2334
3975,3242
3976,2427
3977,2475
3978,2865
3979,2567
3980,3264
3981,2738
3982,2983
3983,2372
3984,2538
3985,2697
3986,4201
3987,4506
3988,2933
3989,2504
3990,3763
3991,2636
3992,2460
3993,2738
3994,2518
3995,3428
3996,2924
3997,2678
3998,3063
3999,6537
4000,402987
4001,15081
4002,6956
4003,6000
4004,8237
4005,6343
4006,5359
4007,4849
4008,4836
4009,4267
4010,8633
4011,5220
4012,4434
4013,4606
4014,5058
4015,4236
4016,3883
4017,4477
4018,4027
4019,3289
4020,7820
4021,3997
4022,3942
4023,3397
4024,3579
4025,4194
4026,3486
4027,3126
4028,3337
4029,3055
4030,5121
4031,3836
4032,6674
4033,15132
4034,3196
4035,3883
4036,3138
4037,3128
4038,3638
4039,3613
4040,9241
4041,4070
4042,3368
4043,3423
4044,4436
4045,4020
4046,3425
4047,3309
4048,3538
4049,4519
4050,8290
4051,4901
4052,3312
4053,3445
4054,3091
4055,3327
4056,3376
4057,2912
4058,2969
4059,2932
4060,5432
4061,3454
4062,3178
4063,3033
4064,3975
4065,3433
4066,3158
4067,3292
4068,2965
4069,3195
4070,5363
4071,3031
4072,3363
4073,2974
4074,3132
4075,3547
4076,2832
4077,3377
4078,2742
4079,2591
4080,8686
4081,3149
4082,2634
4083,2871
4084,2802
4085,3070
4086,2893
4087,2749
4088,3427
4089,2680
4090,7793
4091,3046
4092,3194
4093,2813
4094,3422
4095,10667
4096,111334
4097,5151
4098,3710
4099,3826
4100,24699
4101,6939
4102,5251
4103,8233
4104,4768
4105,4071
4106,3592
4107,3308
4108,3490
4109,3400
4110,5067
4111,5943
4112,4133
4113,3582
4114,3926
4115,3839
4116,3724
4117,3120
4118,3271
4119,3137
4120,5507
4121,4224
4122,4405
4123,4415
4124,3510
4125,4522
4126,2942
4127,3653
4128,4395
4129,2995
4130,8188
4131,3332
4132,3056
4133,3171
4134,2752
4135,7622
4136,3044
4137,3046
4138,2779
4139,2557
4140,7196
4141,5855
4142,4559
4143,3175
4144,3071
4145,2989
4146,2626
4147,3587
4148,2588
4149,2697
4150,7135
4151,4630
4152,3173
4153,2915
4154,2492
4155,3658
4156,2784
4157,2920
4158,2851
4159,3209
4160,5622
4161,4259
4162,2823
4163,3182
4164,2799
4165,3228
4166,3190
4167,3781
4168,2661
4169,2884
4170,3698
4171,3312
4172,4266
4173,2769
4174,2595
4175,3069
4176,2931
4177,2938
4178,2771
4179,2791
4180,4226
4181,3314
4182,2450
4183,3821
4184,2830
4185,2822
4186,2692
4187,2778
4188,2609
4189,2655
4190,3244
4191,3176
4192,2692
4193,2628
4194,2619
4195,2573
4196,2383
4197,2699
4198,2509
4199,3062
4200,42925
4201,5344
4202,4107
4203,3512
4204,3230
4205,3340
4206,2994
4207,3244
4208,3493
4209,3159
4210,4993
4211,4090
4212,3960
4213,3586
4214,3683
4215,3639
4216,2937
4217,6166
4218,3252
4219,2820
4220,4677
4221,3562
4222,5497
4223,2904
4224,3924
4225,4077
4226,3024
4227,4029
4228,3283
4229,2995
4230,4395
4231,5965
4232,3433
4233,3225
4234,2935
4235,3018
4236,7575
4237,2606
4238,2657
4239,2594
4240,5528
4241,3043
4242,7136
4243,3511
4244,4296
4245,3545
4246,2664
4247,3034
4248,3268
4249,2398
4250,7662
4251,3320
4252,2714
4253,2921
4254,2885
4255,3120
4256,2865
4257,2611
4258,3598
4259,2678
4260,4814
4261,3025
4262,2945
4263,2741
4264,2637
4265,2615
4266,2980
4267,3511
4268,2570
4269,3132
4270,3226
4271,5319
4272,2869
4273,4309
4274,2693
4275,3272
4276,2766
4277,2831
4278,2978
4279,2555
4280,4715
4281,2558
4282,2954
4283,2631
4284,2574
4285,2956
4286,2817
4287,2998
4288,2873
4289,2438
4290,3456
4291,2997
4292,3132
4293,2476
4294,2413
4295,2993
4296,2743
4297,2745
4298,2365
4299,2829
4300,22905
4301,5261
4302,3604
4303,3378
4304,3370
4305,3769
4306,3415
4307,3049
4308,2691
4309,2843
4310,4587
4311,3760
4312,4205
4313,2802
4314,3115
4315,3126
4316,2539
4317,2884
4318,2785
4319,3223
4320,6699
4321,9852
4322,3949
4323,3190
4324,4575
4325,3481
4326,19049
4327,2758
4328,2920
4329,2701
4330,4325
4331,3711
4332,3220
4333,4384
4334,2961
4335,3145
4336,2698
4337,2692
4338,2881
4339,2527
4340,5250
4341,2781
4342,2729
4343,4596
4344,2978
4345,3053
4346,2638
4347,2723
4348,2780
4349,2737
4350,7041
4351,2926
4352,3720
4353,2904
4354,2647
4355,3279
4356,3594
4357,6244
4358,2612
4359,2477
4360,4004
4361,2866
4362,2828
4363,3612
4364,2781
4365,2931
4366,2545
4367,2573
4368,4172
4369,2833
4370,3564
4371,2802
4372,2606
4373,2693
4374,2788
4375,10781
4376,2606
4377,2656
4378,2356
4379,2421
4380,3626
4381,2640
4382,2412
4383,2731
4384,2711
4385,2645
4386,2873
4387,2411
4388,3240
4389,3391
4390,2871
4391,2715
4392,2419
4393,2353
4394,2296
4395,3061
4396,2233
4397,2449
4398,2412
4399,3296
4400,28152
4401,5599
4402,3833
4403,3065
4404,3681
4405,3227
4406,3193
4407,2713
4408,2961
4409,2982
4410,4498
4411,4519
4412,4036
4413,3180
4414,3269
4415,3512
4416,3571
4417,2887
4418,3116
4419,3604
4420,4003
4421,3465
4422,3873
4423,3450
4424,2924
4425,3341
4426,2460
4427,2707
4428,2772
4429,2640
4430,4884
4431,3091
4432,3079
4433,3978
4434,3115
4435,3619
4436,2620
4437,2782
4438,2946
4439,2596
4440,4921
4441,3526
4442,2927
4443,4417
4444,20135
4445,3808
4446,2844
4447,3018
4448,3103
4449,3803
4450,5154
4451,3396
4452,2892
4453,3248
4454,2547
4455,4674
4456,2616
4457,2916
4458,2893
4459,2719
4460,4049
4461,2577
4462,2945
4463,2571
4464,2862
4465,3499
4466,3197
4467,2657
4468,2616
4469,2454
4470,3562
4471,3228
4472,4699
4473,5406
4474,2697
4475,2850
4476,2849
4477,3463
4478,2527
4479,2417
4480,3886
4481,2865
4482,2422
4483,2857
4484,2686
4485,3086
4486,2601
4487,2644
4488,3549
4489,2613
4490,3462
4491,2567
4492,2576
4493,2477
4494,2382
4495,2782
4496,2581
4497,2617
4498,2201
4499,3442
4500,77096
4501,5997
4502,5856
4503,4782
4504,2795
4505,4954
4506,4823
4507,3053
4508,3003
4509,2870
4510,4882
4511,4015
4512,3652
4513,3054
4514,2936
4515,4138
4516,2865
4517,2569
4518,2383
4519,2591
4520,4631
4521,3338
4522,3245
4523,2981
4524,2632
4525,3427
4526,2737
4527,2642
4528,2499
4529,2931
4530,4057
4531,2732
4532,2994
4533,2710
4534,2530
4535,3095
4536,3110
4537,2522
4538,2469
4539,2501
4540,3332
4541,2865
4542,2646
4543,2612
4544,2924
4545,5650
4546,2966
4547,2596
4548,2699
4549,2763
4550,5611
4551,3215
4552,2955
4553,2581
4554,3117
4555,3738
4556,2624
4557,2724
4558,2741
4559,2621
4560,3960
4561,2544
4562,3475
4563,2646
4564,2704
4565,3098
4566,3774
4567,10617
4568,2856
4569,2998
4570,4478
4571,2985
4572,2781
4573,2417
4574,2238
4575,3178
4576,2693
4577,2919
4578,2406
4579,2417
4580,2863
4581,2533
4582,2280
4583,2629
4584,2257
4585,2333
4586,2209
4587,2388
4588,2317
4589,2448
4590,3932
4591,2255
4592,2524
4593,2711
4594,2370
4595,2281
4596,2038
4597,2258
4598,2319
4599,2700
4600,23155
4601,4114
4602,2960
4603,2729
4604,2497
4605,3021
4606,3107
4607,2646
4608,4481
4609,3099
4610,3947
4611,2901
4612,2778
4613,2564
4614,2892
4615,3571
4616,2670
4617,2514
4618,2530
4619,2336
4620,3902
4621,2723
4622,2794
4623,2525
4624,3127
4625,3894
4626,2822
4627,2787
4628,2360
4629,2273
4630,3569
4631,3012
4632,2621
4633,2636
4634,2978
4635,3013
4636,4950
4637,2379
4638,2745
4639,2628
4640,3741
4641,3013
4642,2519
4643,2578
4644,2556
4645,2683
4646,3695
4647,3037
4648,3255
4649,2796
4650,5891
4651,3000
4652,2321
4653,3049
4654,2553
4655,2987
4656,2833
4657,2724
4658,2533
4659,2252
4660,3725
4661,2601
4662,2527
4663,2929
4664,3376
4665,2618
4666,2995
4667,2835
4668,2510
4669,2256
4670,4068
4671,2363
4672,2511
4673,4119
4674,2115
4675,2821
4676,2339
4677,2434
4678,2317
4679,2284
4680,5585
4681,2756
4682,2205
4683,2093
4684,2456
4685,2422
4686,3596
4687,2666
4688,4332
4689,2429
4690,3462
4691,2305
4692,2674
4693,2174
4694,2152
4695,2323
4696,2565
4697,2524
4698,2204
4699,2557
4700,20139
4701,3986
4702,2900
4703,3024
4704,3256
4705,3112
4706,2582
4707,2941
4708,2596
4709,2419
4710,3498
4711,6354
4712,3045
4713,2879
4714,2450
4715,3750
4716,2601
4717,2684
4718,2393
4719,2520
4720,3875
4721,2792
4722,2880
4723,3389
4724,2503
4725,3648
4726,2388
4727,2807
4728,2616
4729,2620
4730,3595
4731,2661
4732,2945
4733,2619
4734,2429
4735,2480
4736,3062
4737,2436
4738,2385
4739,2750
4740,3539
4741,2674
4742,2372
4743,2308
4744,2565
4745,2598
4746,2441
4747,4001
4748,2403
4749,2306
4750,6134
4751,2967
4752,3213
4753,2385
4754,2650
4755,3281
4756,2745
4757,2542
4758,2914
4759,2368
4760,3276
4761,2338
4762,2428
4763,2471
4764,2187
4765,2408
4766,2331
4767,2279
4768,2445
4769,2922
4770,5001
4771,2729
4772,2568
4773,2306
4774,2541
4775,2697
4776,2594
4777,3175
4778,2119
4779,2284
4780,2889
4781,2504
4782,2653
4783,2413
4784,2286
4785,2339
4786,2706
4787,2247
4788,2648
4789,2665
4790,3794
4791,2430
4792,2304
4793,2081
4794,2149
4795,2295
4796,2365
4797,2785
4798,2114
4799,2730
4800,37415
4801,4176
4802,3057
4803,2805
4804,2724
4805,3181
4806,2434
4807,2371
4808,2693
4809,8480
4810,4449
4811,3118
4812,2799
4813,2424
4814,2493
4815,2853
4816,2678
4817,2449
4818,2479
4819,3479
4820,3212
4821,2676
4822,3279
4823,2356
4824,2623
4825,3066
4826,2321
4827,2741
4828,2266
4829,2108
4830,9700
4831,2508
4832,2286
4833,2957
4834,2065
4835,2509
4836,2155
4837,2095
4838,2250
4839,2262
4840,3267
4841,2662
4842,2796
4843,2200
4844,2837
4845,2891
4846,2043
4847,2275
4848,3834
4849,2559
4850,6757
4851,2311
4852,2572
4853,2418
4854,2118
4855,2315
4856,2485
4857,2029
4858,2495
4859,2231
4860,3913
4861,2924
4862,2243
4863,2100
4864,2679
4865,2277
4866,2222
4867,2473
4868,3600
4869,2366
4870,5399
4871,2344
4872,2717
4873,2514
4874,2241
4875,3000
4876,2281
4877,2939
4878,2618
4879,2458
4880,3418
4881,2188
4882,2258
4883,2341
4884,2432
4885,2446
4886,2135
4887,2177
4888,2965
4889,2707
4890,3129
4891,2034
4892,2005
4893,2205
4894,1952
4895,2602
4896,2960
4897,2155
4898,2280
4899,2614
4900,14744
4901,3890
4902,2539
4903,2693
4904,2440
4905,2779
4906,2376
4907,2259
4908,2160
4909,2669
4910,3290
4911,3077
4912,2558
4913,2434
4914,2886
4915,3003
4916,2187
4917,2181
4918,2382
4919,2291
4920,3359
4921,2729
4922,2626
4923,2417
4924,2350
4925,2601
4926,2378
4927,2193
4928,2203
4929,2391
4930,2850
4931,2481
4932,2602
4933,2521
4934,2112
4935,2229
4936,2429
4937,2167
4938,2223
4939,2641
4940,2927
4941,2494
4942,2356
4943,2174
4944,2792
4945,4033
4946,2344
4947,2301
4948,2474
4949,3252
4950,5307
4951,2502
4952,2458
4953,2268
4954,2119
4955,2333
4956,2274
4957,2340
4958,2354
4959,3337
4960,3463
4961,2262
4962,2455
4963,2306
4964,2310
4965,2481
4966,2241
4967,2223
4968,2482
4969,2205
4970,2840
4971,2415
4972,2301
4973,2021
4974,2034
4975,3400
4976,2151
4977,2281
4978,2073
4979,2133
4980,3230
4981,2277
4982,2110
4983,2162
4984,2373
4985,2299
4986,2284
4987,2156
4988,2103
4989,2457
4990,3571
4991,2346
4992,2946
4993,2466
4994,2336
4995,3230
4996,3191
4997,2529
4998,2500
4999,7298
5000,639484
5001,19065
5002,7507
5003,5555
5004,4747
5005,8353
5006,4250
5007,7901
5008,6145
5009,3437
5010,8122
5011,4102
5012,3391
5013,3097
5014,3078
5015,4292
5016,3032
5017,2999
5018,2953
5019,2644
5020,5990
5021,3291
5022,3424
5023,2965
5024,2821
5025,3151
5026,2442
5027,2422
5028,2189
5029,2819
5030,4592
5031,2586
5032,2746
5033,3036
5034,2527
5035,2732
5036,2465
5037,3168
5038,2445
5039,2921
5040,6554
5041,2838
5042,2416
5043,2406
5044,2977
5045,2825
5046,2238
5047,2147
5048,2245
5049,2275
5050,14218
5051,3875
5052,4243
5053,2766
5054,2588
5055,4127
5056,2523
5057,2189
5058,2118
5059,2483
5060,7224
5061,4471
5062,2473
5063,2622
5064,2188
5065,2804
5066,2626
5067,2819
5068,2204
5069,2271
5070,3797
5071,2285
5072,2345
5073,2266
5074,2050
5075,3078
5076,2298
5077,1980
5078,2694
5079,2152
5080,4416
5081,2224
5082,2089
5083,3320
5084,2160
5085,2554
5086,2367
5087,2054
5088,2639
5089,2221
5090,3146
5091,1995
5092,2081
5093,1916
5094,1965
5095,2091
5096,2194
5097,1895
5098,2025
5099,2220
5100,24436
5101,5294
5102,3788
5103,3307
5104,3217
5105,8971
5106,2473
5107,2812
5108,2615
5109,2325
5110,4845
5111,4415
5112,2957
5113,2584
5114,3326
5115,3227
5116,2583
5117,2530
5118,2287
5119,2685
5120,8369
5121,3324
5122,2964
5123,3075
5124,2426
5125,3297
5126,2620
5127,2191
5128,3051
5129,2223
5130,3735
5131,2866
5132,2362
5133,2432
5134,2426
5135,2717
5136,2085
5137,2089
5138,1757
5139,1987
5140,3522
5141,2357
5142,2368
5143,1976
5144,2135
5145,2612
5146,2154
5147,1934
5148,2032
5149,2147
5150,11506
5151,4438
5152,3051
5153,2620
5154,2036
5155,2584
5156,2444
5157,2086
5158,2059
5159,2051
5160,4774
5161,2618
5162,2106
5163,1952
5164,2158
5165,2292
5166,2024
5167,2983
5168,2156
5169,2285
5170,3408
5171,2181
5172,2832
5173,1942
5174,1900
5175,2504
5176,2277
5177,1946
5178,1705
5179,1929
5180,2783
5181,2181
5182,2320
5183,1995
5184,2739
5185,2530
5186,1747
5187,1776
5188,2066
5189,1931
5190,2700
5191,2512
5192,1985
5193,2040
5194,11919
5195,2545
5196,2097
5197,2077
5198,2058
5199,2315
5200,32283
5201,4778
5202,2806
5203,2599
5204,2909
5205,2781
5206,2379
5207,2327
5208,2552
5209,2278
5210,4047
5211,2889
5212,2642
5213,2202
5214,2150
5215,2382
5216,2592
5217,3242
5218,2222
5219,2118
5220,4468
5221,2808
5222,4181
5223,2653
5224,2254
5225,3559
5226,2262
5227,2505
5228,2419
5229,2027
5230,4040
5231,2272
5232,2382
5233,2918
5234,2305
5235,2627
5236,2518
5237,2109
5238,2007
5239,1836
5240,3277
5241,2154
5242,2095
5243,2069
5244,2423
5245,2387
5246,2156
5247,2156
5248,2176
5249,2029
5250,8165
5251,2829
5252,3511
5253,2915
5254,2275
5255,3240
5256,2128
5257,2450
5258,2094
5259,1934
5260,3150
5261,2413
5262,2174
5263,2298
5264,1927
5265,1886
5266,2273
5267,2005
5268,1762
5269,1895
5270,2824
5271,2094
5272,2145
5273,2229
5274,1787
5275,2263
5276,1709
5277,2110
5278,2243
5279,2049
5280,8004
5281,8850
5282,2028
5283,2250
5284,2224
5285,2576
5286,1875
5287,1862
5288,2063
5289,1956
5290,2462
5291,2004
5292,2545
5293,1916
5294,1811
5295,1829
5296,2019
5297,1882
5298,1650
5299,2090
5300,19923
5301,4178
5302,2856
5303,2815
5304,2804
5305,2871
5306,2398
5307,2633
5308,2188
5309,3262
5310,4468
5311,3126
5312,2733
5313,2370
5314,2008
5315,2469
5316,2332
5317,2150
5318,2124
5319,2109
5320,3887
5321,3007
5322,3047
5323,2767
5324,2520
5325,2880
5326,2090
5327,1964
5328,2149
5329,2380
5330,3313
5331,2359
5332,2229
5333,3819
5334,2642
5335,2869
5336,1977
5337,2095
5338,1805
5339,2068
5340,2638
5341,2429
5342,1939
5343,2288
5344,2058
5345,2445
5346,1939
5347,2267
5348,2293
5349,1891
5350,3882
5351,2194
5352,2051
5353,3772
5354,2308
5355,2606
5356,2530
5357,2117
5358,1936
5359,2156
5360,2460
5361,2016
5362,1871
5363,2107
5364,1812
5365,1934
5366,1821
5367,1834
5368,1816
5369,1744
5370,2610
5371,1974
5372,1811
5373,2086
5374,1863
5375,2350
5376,2696
5377,2046
5378,1904
5379,1725
5380,2638
5381,2656
5382,1775
5383,1885
5384,1804
5385,2107
5386,1936
5387,1932
5388,1838
5389,1772
5390,2133
5391,2117
5392,1692
5393,1615
5394,1611
5395,2091
5396,1903
5397,1750
5398,1743
5399,1949
5400,25824
5401,4280
5402,2747
5403,2576
5404,2248
5405,3013
5406,2983
5407,2247
5408,2512
5409,1957
5410,2883
5411,2976
5412,2688
5413,1914
5414,2168
5415,2841
5416,2238
5417,2286
5418,2293
5419,1871
5420,3266
5421,2193
5422,2652
5423,2195
5424,2719
5425,2510
5426,1770
5427,1747
5428,2125
5429,1867
5430,2905
5431,2281
5432,26070
5433,4099
5434,2156
5435,2209
5436,1932
5437,2768
5438,2224
5439,2419
5440,3399
5441,2301
5442,2339
5443,2624
5444,2874
5445,2735
5446,2313
5447,2110
5448,2114
5449,2334
5450,4604
5451,2073
5452,2127
5453,2457
5454,3535
5455,2924
5456,2470
5457,1874
5458,1792
5459,1861
5460,2785
5461,3149
5462,1817
5463,2150
5464,2137
5465,2559
5466,2291
5467,1887
5468,2208
5469,2330
5470,2801
5471,2831
5472,4109
5473,1763
5474,1942
5475,2108
5476,1926
5477,1958
5478,1892
5479,1971
5480,2797
5481,2072
5482,1905
5483,1875
5484,1784
5485,1930
5486,1823
5487,1863
5488,2168
5489,1849
5490,2947
5491,2229
5492,1830
5493,1813
5494,1806
5495,2558
5496,1609
5497,1485
5498,2460
5499,2254
5500,55216
5501,4044
5502,2409
5503,2321
5504,2378
5505,3871
5506,2728
5507,2193
5508,2613
5509,2359
5510,4577
5511,3822
5512,3083
5513,2808
5514,2189
5515,2923
5516,2161
5517,2602
5518,2443
5519,1966
5520,4444
5521,2493
5522,2609
5523,2951
5524,2434
5525,3340
5526,1974
5527,2136
5528,1900
5529,2012
5530,3967
5531,2122
5532,2761
5533,2486
5534,2014
5535,2598
5536,2177
5537,2181
5538,1948
5539,2287
5540,3117
5541,2329
5542,2402
5543,1808
5544,2838
5545,2786
5546,1930
5547,2577
5548,3035
5549,1697
5550,5514
5551,2693
5552,2505
5553,2272
5554,3871
5555,21784
5556,3954
5557,2734
5558,2451
5559,2309
5560,3019
5561,2167
5562,1758
5563,1882
5564,1890
5565,2624
5566,3060
5567,2076
5568,2236
5569,2086
5570,3295
5571,2028
5572,1876
5573,1794
5574,1592
5575,2649
5576,1768
5577,2818
5578,1856
5579,1738
5580,2710
5581,2025
5582,1859
5583,1758
5584,2002
5585,2443
5586,1797
5587,1992
5588,2595
5589,1780
5590,2558
5591,1757
5592,1878
5593,1971
5594,1625
5595,1952
5596,1711
5597,1706
5598,1749
5599,2233
5600,24357
5601,5481
5602,2498
5603,3307
5604,1925
5605,2335
5606,2364
5607,2056
5608,1902
5609,1916
5610,4708
5611,2593
5612,2148
5613,2102
5614,1761
5615,2153
5616,2310
5617,1810
5618,1840
5619,1946
5620,2767
5621,2175
5622,2055
5623,2094
5624,1956
5625,10662
5626,2003
5627,1832
5628,1941
5629,1743
5630,2723
5631,1978
5632,2448
5633,1923
5634,2152
5635,2389
5636,1892
5637,3006
5638,1857
5639,1909
5640,2656
5641,2000
5642,1939
5643,2087
5644,1930
5645,2053
5646,2391
5647,1820
5648,1689
5649,1650
5650,4083
5651,1993
5652,2451
5653,1930
5654,1924
5655,2584
5656,3188
5657,2070
5658,1862
5659,1687
5660,2646
5661,2043
5662,2239
5663,1860
5664,2077
5665,2567
5666,2411
5667,2490
5668,1920
5669,1861
5670,3473
5671,2797
5672,7201
5673,1915
5674,1692
5675,2204
5676,2312
5677,1941
5678,11173
5679,1989
5680,2651
5681,2815
5682,1721
5683,2308
5684,2109
5685,1812
5686,1628
5687,2174
5688,1989
5689,1871
5690,2119
5691,1610
5692,1758
5693,1698
5694,1804
5695,2057
5696,1888
5697,1661
5698,1816
5699,1946
5700,22501
5701,5895
5702,2413
5703,2666
5704,1997
5705,2297
5706,1938
5707,2107
5708,2539
5709,2552
5710,2726
5711,3260
5712,2533
5713,2285
5714,2278
5715,2309
5716,1852
5717,2307
5718,2002
5719,2069
5720,2764
5721,2247
5722,2130
5723,1898
5724,1948
5725,2725
5726,1694
5727,2159
5728,2135
5729,1877
5730,3932
5731,1886
5732,1859
5733,2198
5734,1997
5735,2432
5736,1823
5737,2094
5738,1682
5739,1773
5740,2540
5741,2333
5742,2013
5743,1875
5744,2061
5745,2112
5746,2027
5747,1874
5748,2008
5749,1991
5750,5402
5751,2550
5752,1931
5753,2439
5754,2688
5755,2883
5756,1829
5757,2751
5758,2061
5759,2217
5760,5710
5761,2047
5762,2013
5763,2068
5764,1926
5765,2377
5766,2026
5767,2130
5768,2217
5769,2256
5770,4780
5771,2479
5772,4151
5773,2431
5774,2489
5775,3287
5776,2259
5777,3721
5778,2808
5779,2131
5780,3073
5781,2287
5782,2542
5783,1807
5784,1659
5785,1748
5786,1663
5787,1802
5788,1817
5789,1886
5790,2095
5791,1770
5792,1903
5793,2355
5794,1509
5795,1862
5796,1608
5797,2379
5798,1627
5799,1787
5800,20707
5801,3390
5802,2279
5803,1912
5804,1884
5805,2113
5806,1810
5807,2017
5808,2163
5809,1793
5810,2743
5811,2314
5812,2908
5813,1969
5814,1774
5815,2095
5816,1755
5817,1797
5818,1638
5819,1910
5820,2970
5821,1805
5822,2240
5823,1787
5824,1873
5825,2273
5826,1564
5827,1791
5828,2040
5829,2009
5830,2832
5831,1855
5832,2233
5833,2567
5834,1593
5835,2011
5836,1640
5837,1802
5838,1769
5839,2042
5840,2562
5841,2076
5842,1632
5843,1804
5844,1608
5845,2146
5846,1925
5847,1625
5848,1691
5849,1953
5850,5119
5851,2141
5852,1869
5853,1773
5854,1628
5855,2581
5856,1910
5857,1794
5858,3034
5859,2133
5860,2440
5861,2112
5862,1637
5863,1739
5864,1588
5865,1946
5866,1934
5867,1802
5868,1876
5869,1782
5870,4444
5871,1836
5872,1709
5873,1503
5874,1715
5875,2996
5876,2540
5877,1747
5878,1622
5879,1641
5880,3036
5881,2033
5882,1946
5883,1925
5884,1657
5885,2125
5886,1705
5887,1978
5888,2643
5889,2055
5890,2691
5891,1774
5892,1674
5893,1663
5894,1466
5895,2117
5896,1653
5897,1916
5898,1559
5899,1723
5900,13429
5901,3482
5902,2185
5903,1906
5904,2006
5905,2453
5906,2104
5907,2219
5908,1883
5909,1925
5910,2432
5911,2110
5912,1850
5913,1517
5914,1642
5915,1839
5916,1603
5917,1668
5918,1549
5919,1783
5920,2658
5921,1766
5922,1723
5923,2100
5924,1490
5925,2290
5926,1530
5927,1842
5928,1487
5929,1758
5930,3252
5931,1743
5932,1576
5933,1773
5934,1775
5935,2176
5936,1538
5937,1930
5938,1611
5939,1631
5940,2574
5941,1777
5942,1631
5943,1538
5944,1719
5945,1813
5946,1477
5947,1512
5948,1557
5949,1607
5950,3891
5951,1785
5952,2084
5953,1597
5954,1618
5955,1961
5956,1759
5957,1638
5958,1730
5959,2600
5960,2649
5961,1673
5962,1946
5963,1679
5964,1581
5965,1855
5966,1697
5967,1802
5968,1638
5969,1610
5970,3304
5971,1794
5972,1919
5973,2105
5974,1562
5975,2179
5976,1860
5977,1553
5978,1540
5979,1722
5980,2420
5981,1695
5982,1665
5983,1589
5984,3874
5985,2456
5986,2220
5987,1698
5988,1908
5989,1687
5990,2673
5991,1662
5992,1824
5993,1608
5994,1581
5995,2324
5996,1777
5997,1939
5998,2090
5999,4283
6000,225757
6001,9956
6002,5629
6003,3573
6004,3118
6005,4033
6006,5140
6007,2764
6008,3051
6009,3236
6010,5480
6011,4455
6012,3377
6013,2988
6014,2384
6015,3434
6016,2919
6017,2149
6018,2225
6019,2208
6020,4306
6021,2674
6022,2500
6023,2137
6024,2212
6025,2659
6026,1983
6027,1874
6028,2075
6029,1875
6030,3789
6031,2337
6032,2491
6033,2525
6034,1841
6035,2456
6036,1908
6037,2058
6038,1831
6039,1858
6040,3774
6041,2111
6042,2095
6043,1793
6044,1952
6045,2495
6046,1774
6047,1688
6048,2059
6049,2247
6050,4962
6051,2419
6052,2036
6053,1894
6054,1758
6055,3214
6056,2159
6057,1667
6058,1770
6059,1988
6060,10121
6061,13740
6062,2292
6063,3724
6064,2051
6065,2238
6066,2708
6067,2111
6068,1970
6069,2057
6070,3372
6071,1990
6072,2049
6073,2035
6074,1711
6075,2491
6076,1897
6077,1986
6078,1840
6079,1856
6080,4260
6081,2232
6082,3124
6083,1846
6084,3924
6085,2255
6086,1925
6087,1807
6088,2037
6089,1638
6090,3141
6091,2001
6092,2001
6093,1924
6094,1758
6095,2168
6096,2649
6097,1667
6098,1608
6099,1951
6100,18010
6101,4197
6102,3530
6103,3930
6104,2372
6105,3700
6106,2941
6107,2254
6108,2445
6109,2495
6110,4100
6111,4394
6112,2736
6113,2087
6114,2424
6115,2655
6116,2308
6117,2031
6118,2002
6119,2158
6120,4577
6121,2785
6122,2370
6123,2462
6124,2208
6125,2906
6126,2421
6127,2085
6128,2527
6129,1846
6130,3042
6131,2869
6132,1949
6133,2253
6134,1663
6135,1959
6136,1934
6137,1863
6138,1832
6139,1987
6140,2786
6141,2238
6142,1806
6143,2113
6144,4605
6145,2151
6146,2126
6147,1864
6148,2096
6149,1644
6150,5111
6151,2739
6152,1992
6153,1955
6154,2056
6155,2146
6156,2020
6157,1794
6158,1643
6159,1627
6160,3056
6161,3184
6162,2270
6163,1969
6164,1920
6165,1969
6166,2794
6167,2159
6168,1854
6169,1858
6170,2285
6171,2054
6172,2000
6173,1971
6174,1926
6175,1878
6176,1899
6177,1719
6178,1588
6179,4162
6180,3291
6181,1976
6182,2162
6183,1921
6184,1450
6185,1823
6186,1536
6187,1523
6188,1799
6189,1737
6190,2371
6191,1572
6192,1707
6193,1491
6194,1534
6195,1628
6196,1697
6197,1453
6198,1576
6199,1924
6200,18668
6201,3765
6202,2550
6203,2957
6204,2346
6205,3012
6206,2076
6207,2191
6208,2333
6209,1909
6210,3943
6211,3028
6212,2478
6213,2105
6214,1951
6215,2369
6216,1950
6217,1994
6218,1867
6219,1654
6220,3197
6221,3398
6222,3171
6223,2376
6224,2014
6225,2515
6226,2367
6227,2093
6228,1729
6229,2098
6230,3673
6231,2461
6232,2225
6233,2406
6234,2001
6235,2355
6236,1792
6237,2145
6238,2080
6239,2409
6240,3524
6241,2115
6242,2214
6243,1737
6244,1842
6245,1976
6246,1923
6247,1965
6248,1791
6249,1798
6250,9463
6251,2462
6252,2053
6253,2062
6254,1992
6255,2283
6256,2116
6257,1687
6258,1789
6259,1671
6260,2541
6261,2252
6262,2790
6263,2391
6264,2313
6265,2259
6266,2122
6267,1735
6268,1719
6269,1997
6270,2350
6271,2038
6272,2347
6273,2352
6274,1743
6275,2134
6276,1719
6277,2371
6278,1750
6279,1819
6280,2620
6281,1710
6282,1780
6283,2065
6284,1748
6285,1978
6286,1549
6287,1733
6288,1848
6289,1779
6290,2199
6291,1688
6292,1631
6293,1573
6294,1598
6295,1906
6296,1563
6297,1502
6298,1658
6299,2026
6300,21874
6301,3969
6302,2580
6303,2572
6304,2523
6305,2239
6306,1975
6307,2105
6308,1925
6309,2494
6310,3300
6311,2553
6312,2143
6313,1817
6314,1686
6315,2013
6316,1770
6317,1686
6318,1717
6319,1721
6320,3273
6321,2341
6322,2287
6323,2206
6324,2026
6325,2219
6326,1899
6327,1967
6328,1964
6329,1680
6330,3711
6331,2117
6332,2385
6333,3384
6334,2252
6335,1790
6336,2198
6337,1957
6338,1834
6339,1664
6340,2515
6341,1923
6342,1760
6343,1835
6344,1754
6345,1777
6346,1762
6347,1944
6348,1926
6349,1576
6350,3685
6351,2578
6352,2010
6353,1717
6354,1555
6355,2861
6356,1546
6357,1927
6358,1488
6359,1652
6360,2785
6361,2930
6362,2092
6363,3769
6364,2226
6365,2546
6366,1961
6367,1870
6368,1708
6369,1637
6370,2083
6371,3626
6372,1702
6373,1813
6374,1715
6375,2100
6376,1718
6377,1712
6378,2349
6379,21704
6380,3291
6381,2049
6382,1945
6383,1713
6384,1734
6385,1862
6386,1489
6387,1570
6388,2187
6389,1860
6390,2023
6391,1711
6392,1692
6393,1609
6394,1559
6395,1792
6396,1619
6397,2969
6398,1547
6399,2041
6400,28392
6401,3225
6402,2546
6403,1936
6404,2108
6405,2409
6406,1939
6407,1648
6408,1833
6409,1747
6410,2932
6411,2330
6412,1977
6413,1738
6414,1735
6415,1793
6416,2015
6417,1783
6418,1527
6419,1661
6420,3129
6421,1814
6422,1875
6423,1813
6424,1911
6425,2582
6426,1682
6427,1526
6428,1638
6429,1729
6430,2292
6431,2079
6432,2276
6433,1866
6434,1979
6435,2281
6436,1550
6437,1711
6438,1858
6439,1475
6440,2812
6441,2037
6442,1777
6443,5524
6444,2269
6445,1876
6446,1923
6447,1759
6448,1675
6449,1869
6450,4066
6451,1688
6452,1715
6453,1956
6454,1896
6455,2361
6456,1718
6457,2015
6458,1477
6459,1568
6460,2502
6461,1773
6462,1544
6463,1869
6464,2699
6465,2090
6466,1800
6467,1701
6468,2162
6469,1500
6470,2270
6471,1771
6472,1566
6473,1706
6474,1611
6475,2405
6476,1473
6477,1830
6478,1659
6479,1500
6480,2607
6481,1620
6482,1670
6483,1758
6484,1925
6485,1488
6486,1217
6487,1500
6488,2005
6489,1680
6490,2209
6491,1586
6492,1813
6493,1473
6494,1754
6495,2006
6496,1520
6497,1898
6498,1540
6499,1911
6500,46183
6501,3888
6502,10193
6503,2145
6504,1868
6505,2906
6506,1906
6507,1952
6508,2010
6509,2133
6510,3894
6511,3303
6512,2990
6513,1958
6514,1822
6515,2298
6516,2054
6517,1722
6518,1716
6519,1666
6520,3628
6521,1727
6522,2270
6523,1722
6524,1655
6525,2584
6526,1550
6527,1725
6528,1875
6529,1811
6530,2707
6531,1956
6532,2095
6533,1924
6534,1711
6535,2207
6536,1768
6537,1488
6538,2157
6539,1515
6540,2233
6541,2055
6542,1931
6543,2892
6544,2037
6545,2013
6546,1606
6547,1583
6548,2058
6549,1533
6550,4621
6551,1833
6552,2070
6553,2191
6554,1695
6555,2872
6556,1823
6557,1586
6558,1480
6559,1869
6560,2849
6561,2594
6562,1864
6563,2137
6564,1610
6565,3109
6566,2104
6567,1785
6568,1504
6569,2075
6570,2639
6571,1662
6572,1708
6573,1516
6574,1549
6575,1895
6576,1713
6577,1781
6578,1557
6579,1592
6580,2293
6581,1962
6582,1643
6583,2435
6584,2298
6585,2113
6586,1420
6587,1616
6588,1628
6589,1505
6590,1730
6591,1648
6592,1648
6593,1359
6594,1418
6595,1609
6596,2282
6597,1421
6598,1484
6599,1628
6600,23652
6601,3214
6602,2514
6603,2191
6604,2194
6605,2210
6606,2055
6607,1695
6608,1753
6609,1719
6610,2976
6611,3405
6612,1809
6613,2076
6614,1855
6615,2098
6616,1855
6617,1462
6618,1502
6619,1533
6620,2878
6621,2173
6622,2132
6623,1553
6624,1785
6625,2556
6626,1695
6627,1627
6628,1499
6629,1501
6630,2658
6631,1710
6632,2184
6633,3428
6634,1546
6635,1613
6636,1925
6637,1604
6638,1407
6639,1579
6640,2097
6641,1925
6642,1956
6643,1742
6644,1991
6645,1781
6646,1701
6647,1409
6648,1503
6649,1521
6650,3632
6651,2335
6652,1688
6653,2061
6654,2064
6655,2632
6656,2383
6657,1883
6658,1433
6659,1511
6660,2561
6661,1991
6662,2669
6663,1755
6664,2048
6665,2103
6666,9937
6667,9675
6668,1737
6669,1933
6670,2925
6671,1825
6672,1997
6673,1743
6674,1449
6675,1848
6676,1587
6677,2399
6678,2132
6679,1453
6680,2817
6681,2066
6682,1680
6683,1706
6684,1622
6685,1721
6686,1804
6687,1576
6688,2443
6689,1513
6690,1757
6691,1543
6692,1513
6693,1572
6694,1861
6695,1574
6696,1636
6697,1947
6698,2182
6699,3255
6700,17356
6701,3031
6702,1915
6703,1727
6704,1686
6705,1834
6706,1653
6707,2129
6708,2356
6709,1705
6710,2199
6711,1909
6712,1864
6713,1789
6714,1637
6715,2056
6716,2177
6717,2261
6718,1368
6719,1508
6720,2985
6721,1821
6722,2001
6723,1902
6724,1599
6725,2169
6726,1558
6727,1633
6728,1766
6729,1523
6730,2021
6731,2799
6732,1663
6733,1758
6734,1536
6735,1909
6736,7209
6737,1721
6738,1491
6739,1383
6740,2053
6741,1755
6742,1625
6743,1534
6744,1665
6745,1872
6746,1339
6747,1610
6748,1321
6749,1975
6750,4819
6751,2019
6752,2657
6753,1649
6754,1419
6755,1758
6756,1268
6757,1618
6758,2125
6759,1378
6760,2057
6761,1534
6762,1632
6763,1642
6764,1380
6765,2045
6766,1561
6767,2493
6768,1766
6769,1502
6770,2904
6771,1548
6772,1690
6773,1842
6774,1458
6775,1746
6776,1916
6777,2691
6778,1446
6779,1695
6780,2054
6781,1523
6782,1395
6783,1499
6784,1727
6785,1545
6786,1439
6787,2067
6788,1531
6789,6808
6790,2415
6791,2197
6792,1367
6793,1327
6794,1432
6795,1436
6796,1347
6797,1347
6798,1353
6799,1609
6800,23360
6801,2989
6802,1802
6803,3781
6804,1824
6805,1820
6806,1603
6807,1567
6808,1626
6809,2700
6810,2588
6811,2663
6812,1775
6813,1492
6814,1612
6815,1762
6816,1534
6817,1631
6818,1494
6819,2077
6820,2383
6821,1702
6822,2684
6823,1885
6824,1737
6825,2324
6826,1631
6827,1531
6828,1834
6829,1349
6830,2466
6831,1979
6832,1628
6833,2028
6834,1709
6835,1625
6836,1602
6837,1499
6838,1488
6839,1346
6840,2469
6841,1680
6842,1880
6843,1940
6844,1521
6845,1971
6846,1666
6847,1546
6848,1611
6849,1326
6850,4411
6851,2054
6852,1601
6853,1578
6854,2110
6855,1507
6856,1419
6857,1596
6858,1514
6859,1369
6860,1942
6861,1585
6862,1372
6863,1477
6864,1450
6865,1521
6866,1710
6867,1372
6868,2797
6869,1702
6870,3812
6871,1549
6872,1675
6873,1483
6874,1352
6875,8511
6876,1907
6877,1775
6878,1514
6879,1515
6880,2954
6881,2277
6882,1680
6883,1530
6884,1464
6885,1610
6886,1642
6887,1572
6888,2724
6889,1636
6890,2820
6891,1426
6892,1477
6893,1293
6894,1382
6895,1500
6896,1354
6897,1536
6898,1339
6899,1623
6900,12415
6901,2975
6902,2212
6903,1757
6904,1638
6905,1829
6906,1527
6907,1502
6908,1300
6909,1743
6910,2494
6911,2015
6912,2189
6913,1571
6914,1458
6915,1650
6916,1375
6917,1684
6918,1409
6919,1503
6920,2712
6921,1592
6922,2121
6923,1610
6924,1840
6925,1831
6926,1396
6927,1461
6928,1429
6929,1473
6930,2200
6931,1653
6932,1389
6933,1980
6934,1451
6935,1506
6936,1380
6937,1709
6938,1528
6939,1600
6940,2139
6941,1671
6942,1411
6943,1327
6944,1673
6945,1561
6946,2717
6947,1501
6948,1341
6949,1459
6950,4867
6951,1761
6952,1352
6953,1331
6954,1329
6955,1998
6956,1375
6957,1439
6958,1233
6959,1520
6960,2343
6961,1448
6962,1583
6963,2024
6964,1466
6965,1642
6966,1657
6967,1504
6968,1996
6969,3611
6970,3312
6971,1498
6972,1512
6973,1498
6974,1341
6975,1855
6976,1849
6977,1520
6978,1712
6979,1608
6980,2164
6981,1813
6982,1295
6983,1358
6984,1280
6985,1419
6986,1281
6987,1246
6988,2221
6989,1638
6990,11729
6991,1518
6992,1621
6993,1407
6994,1213
6995,1770
6996,1634
6997,1419
6998,1559
6999,3266
7000,139197
7001,9026
7002,5429
7003,4271
7004,4339
7005,3840
7006,3171
7007,3621
7008,2601
7009,2728
7010,5188
7011,2984
7012,2830
7013,2899
7014,2601
7015,3064
7016,2320
7017,2426
7018,2900
7019,2986
7020,5601
7021,2379
7022,2180
7023,2410
7024,2055
7025,2515
7026,1883
7027,2423
7028,1651
7029,1907
7030,4192
7031,2893
7032,1755
7033,1766
7034,1826
7035,2166
7036,1859
7037,1958
7038,1567
7039,1689
7040,3373
7041,1849
7042,2161
7043,2047
7044,2482
7045,1967
7046,1596
7047,1933
7048,1535
7049,1779
7050,5409
7051,2732
7052,2071
7053,1799
7054,2201
7055,2424
7056,1746
7057,1766
7058,1593
7059,1823
7060,2591
7061,1786
7062,1409
7063,1569
7064,1743
7065,2243
7066,1655
7067,1695
7068,1791
7069,1699
7070,5361
7071,5045
7072,1982
7073,1952
7074,1980
7075,7965
7076,1810
7077,3293
7078,2017
7079,1919
7080,3715
7081,1990
7082,2663
7083,1905
7084,1470
7085,1842
7086,1407
7087,1764
7088,1535
7089,2070
7090,2836
7091,1718
7092,1495
7093,1520
7094,2262
7095,1905
7096,1501
7097,1412
7098,1281
7099,1887
7100,17785
7101,3134
7102,2790
7103,2858
7104,2062
7105,2142
7106,3015
7107,2162
7108,1721
7109,1975
7110,3537
7111,3727
7112,2103
7113,1755
7114,2314
7115,1890
7116,2299
7117,2144
7118,1502
7119,1727
7120,3608
7121,2545
7122,2394
7123,2082
7124,1825
7125,2421
7126,1839
7127,1691
7128,1912
7129,1939
7130,2586
7131,1912
7132,1767
7133,1800
7134,1917
7135,2325
7136,1644
7137,1464
7138,1430
7139,1497
7140,2411
7141,2126
7142,1900
7143,1953
7144,1549
7145,1588
7146,1566
7147,1528
7148,1467
7149,1257
7150,3836
7151,1808
7152,2252
7153,1949
7154,1510
7155,2291
7156,1359
7157,1387
7158,1489
7159,1591
7160,2641
7161,1814
7162,1316
7163,1677
7164,1650
7165,1740
7166,1561
7167,1916
7168,2418
7169,1514
7170,2144
7171,2755
7172,1982
7173,1537
7174,1444
7175,1753
7176,2188
7177,1920
7178,1388
7179,1640
7180,2287
7181,1890
7182,1532
7183,1864
7184,1555
7185,1731
7186,1476
7187,1351
7188,2067
7189,1588
7190,1898
7191,1813
7192,1603
7193,1612
7194,1309
7195,1942
7196,1266
7197,1418
7198,1209
7199,2010
7200,35082
7201,3603
7202,2531
7203,2829
7204,1830
7205,2363
7206,2291
7207,1926
7208,2161
7209,1600
7210,3102
7211,2667
7212,2253
7213,1814
7214,1495
7215,1969
7216,1907
7217,1673
7218,1693
7219,2285
7220,2905
7221,2022
7222,2882
7223,2477
7224,3033
7225,2430
7226,1751
7227,2424
7228,1599
7229,1511
7230,2805
7231,2613
7232,1959
7233,3779
7234,2187
7235,1914
7236,1490
7237,1687
7238,1615
7239,1662
7240,2409
7241,1748
7242,1760
7243,2080
7244,1689
7245,2217
7246,1663
7247,1714
7248,1626
7249,1458
7250,4748
7251,1895
7252,1901
7253,1765
7254,1449
7255,1866
7256,1932
7257,1541
7258,1854
7259,1476
7260,3269
7261,1719
7262,1686
7263,1606
7264,2003
7265,2200
7266,1666
7267,1913
7268,1431
7269,1754
7270,2278
7271,1672
7272,2778
7273,2035
7274,1685
7275,2723
7276,1595
7277,2201
7278,1630
7279,1496
7280,2332
7281,1634
7282,1727
7283,1683
7284,1381
7285,1634
7286,1312
7287,1919
7288,1676
7289,1700
7290,2582
7291,1753
7292,1598
7293,1574
7294,1258
7295,1598
7296,1552
7297,1718
7298,1254
7299,1692
7300,14788
7301,2355
7302,2100
7303,1992
7304,2034
7305,2161
7306,1945
7307,1868
7308,1742
7309,1503
7310,2527
7311,2259
7312,1815
7313,1704
7314,1679
7315,1902
7316,1696
7317,1712
7318,1749
7319,1656
7320,2720
7321,2679
7322,1687
7323,2150
7324,2191
7325,2191
7326,2816
7327,1599
7328,1756
7329,1375
7330,2423
7331,2163
7332,1776
7333,3053
7334,2032
7335,1707
7336,1676
7337,1967
7338,1380
7339,1453
7340,2358
7341,1392
7342,1412
7343,1532
7344,1662
7345,1709
7346,1335
7347,1596
7348,1484
7349,1304
7350,3091
7351,1631
7352,1926
7353,1595
7354,1515
7355,1807
7356,1604
7357,1944
7358,1386
7359,1337
7360,2557
7361,1604
7362,1332
7363,1488
7364,1844
7365,1478
7366,1697
7367,1624
7368,1934
7369,1609
7370,2109
7371,1589
7372,1590
7373,2649
7374,1733
7375,2033
7376,1474
7377,1931
7378,2100
7379,1619
7380,2234
7381,1559
7382,1580
7383,1676
7384,1520
7385,1649
7386,1953
7387,2108
7388,1582
7389,1339
7390,2500
7391,1696
7392,1682
7393,1610
7394,1376
7395,1541
7396,1343
7397,1458
7398,1274
7399,4441
7400,13075
7401,2859
7402,3073
7403,2025
7404,3175
7405,2613
7406,1607
7407,1916
7408,2007
7409,1538
7410,3048
7411,3264
7412,2016
7413,1900
7414,1893
7415,1819
7416,1382
7417,1932
7418,1417
7419,1551
7420,3233
7421,1948
7422,1921
7423,2234
7424,2243
7425,2190
7426,1582
7427,1804
7428,1521
7429,1678
7430,2545
7431,1670
7432,2020
7433,2218
7434,1662
7435,1833
7436,1707
7437,1648
7438,1407
7439,1690
7440,2846
7441,1828
7442,1746
7443,2122
7444,2220
7445,2100
7446,1753
7447,2111
7448,1595
7449,1475
7450,3455
7451,1587
7452,1588
7453,1586
7454,1433
7455,1582
7456,1753
7457,1475
7458,1675
7459,1497
7460,1972
7461,1373
7462,1426
7463,1825
7464,1465
7465,1712
7466,1455
7467,1666
7468,1424
7469,2951
7470,2322
7471,1587
7472,1400
7473,1574
7474,3566
7475,2192
7476,1559
7477,1724
7478,1531
7479,1382
7480,2534
7481,1748
7482,1525
7483,1505
7484,1641
7485,1631
7486,1548
7487,1455
7488,1600
7489,1471
7490,2646
7491,1858
7492,1330
7493,1453
7494,1613
7495,1756
7496,1388
7497,1408
7498,1944
7499,2077
7500,57416
7501,3464
7502,2135
7503,2142
7504,1627
7505,2402
7506,2904
7507,1665
7508,1502
7509,1689
7510,3076
7511,2145
7512,1952
7513,1897
7514,1591
7515,2305
7516,1826
7517,1918
7518,1721
7519,2125
7520,3612
7521,1969
7522,2140
7523,1678
7524,1428
7525,2652
7526,1500
7527,1559
7528,1504
7529,2516
7530,2426
7531,1803
7532,1495
7533,1611
7534,1524
7535,1989
7536,1318
7537,1568
7538,1802
7539,1577
7540,2223
7541,1607
7542,1471
7543,1597
7544,1601
7545,2188
7546,1824
7547,1672
7548,1430
7549,1519
7550,3256
7551,1748
7552,1674
7553,1617
7554,3901
7555,2619
7556,1651
7557,1990
7558,1354
7559,1980
7560,2379
7561,1557
7562,1557
7563,1408
7564,1205
7565,1748
7566,2045
7567,1948
7568,1533
7569,1653
7570,2078
7571,1440
7572,1381
7573,1336
7574,1249
7575,3179
7576,1637
7577,1905
7578,1348
7579,1419
7580,2252
7581,1478
7582,1816
7583,1383
7584,1799
7585,1864
7586,1269
7587,1563
7588,1554
7589,1608
7590,2829
7591,1673
7592,1383
7593,1416
7594,1440
7595,1608
7596,1214
7597,1280
7598,1539
7599,1587
7600,16400
7601,5569
7602,1933
7603,1777
7604,1881
7605,1662
7606,2025
7607,1723
7608,1541
7609,1552
7610,3858
7611,2229
7612,1752
7613,1951
7614,1545
7615,1549
7616,1607
7617,1609
7618,1320
7619,1633
7620,2845
7621,1652
7622,1498
7623,2030
7624,1690
7625,2388
7626,1522
7627,1372
7628,1473
7629,1571
7630,2054
7631,2187
7632,1860
7633,1558
7634,1308
7635,1342
7636,1733
7637,1656
7638,1588
7639,1438
7640,1817
7641,1814
7642,1522
7643,1705
7644,1682
7645,2146
7646,1487
7647,1545
7648,1419
7649,1346
7650,3348
7651,1481
7652,1907
7653,1783
7654,2577
7655,1662
7656,1721
7657,1528
7658,1248
7659,1436
7660,2023
7661,1692
7662,1599
7663,1739
7664,1587
7665,1794
7666,1945
7667,2184
7668,1332
7669,2044
7670,1748
7671,2237
7672,1334
7673,1491
7674,1450
7675,1734
7676,2610
7677,1686
7678,1515
7679,1626
7680,3711
7681,1736
7682,1405
7683,1522
7684,1355
7685,1304
7686,1318
7687,2575
7688,1746
7689,1254
7690,1542
7691,1382
7692,1669
7693,1222
7694,1079
7695,2061
7696,1472
7697,1304
7698,1730
7699,1609
7700,16133
7701,4586
7702,2613
7703,2200
7704,2056
7705,1664
7706,2313
7707,1658
7708,1777
7709,1526
7710,3283
7711,2985
7712,1845
7713,1502
7714,5228
7715,1996
7716,1539
7717,3108
7718,1554
7719,1614
7720,2942
7721,3957
7722,2347
7723,1764
7724,1764
7725,2252
7726,1878
7727,2033
7728,1760
7729,1739
7730,2840
7731,1633
7732,1680
7733,2353
7734,2712
7735,1990
7736,1777
7737,2029
7738,1535
7739,1799
7740,2985
7741,1683
7742,1864
7743,1702
7744,1860
7745,1715
7746,1446
7747,2526
7748,1880
7749,1623
7750,6865
7751,2206
7752,1583
7753,2195
7754,1415
7755,2179
7756,1564
7757,1773
7758,1577
7759,1712
7760,2479
7761,2011
7762,1658
7763,1804
7764,2189
7765,1682
7766,2441
7767,1756
7768,1799
7769,1608
7770,3881
7771,2758
7772,2186
7773,1874
7774,1858
7775,2240
7776,2632
7777,14359
7778,2850
7779,2124
7780,2586
7781,1500
7782,1807
7783,1443
7784,1381
7785,1695
7786,2013
7787,2085
7788,3030
7789,2042
7790,2478
7791,1708
7792,1570
7793,2246
7794,1453
7795,1852
7796,1357
7797,1689
7798,1435
7799,2461
7800,18435
7801,2568
7802,2036
7803,2207
7804,1669
7805,3671
7806,1672
7807,1730
7808,1874
7809,1955
7810,2396
7811,1945
7812,3990
7813,1726
7814,1582
7815,1728
7816,2395
7817,1796
7818,1617
7819,1602
7820,2145
7821,1702
7822,1663
7823,1444
7824,1705
7825,2619
7826,1493
7827,2191
7828,1678
7829,1441
7830,1689
7831,1994
7832,1485
7833,2236
7834,2034
7835,1768
7836,2435
7837,1670
7838,1390
7839,2357
7840,2340
7841,1915
7842,1401
7843,2163
7844,1642
7845,2047
7846,1337
7847,1609
7848,1710
7849,1520
7850,4871
7851,1683
7852,1595
7853,1545
7854,1950
7855,2162
7856,1286
7857,1513
7858,1567
7859,1210
7860,2465
7861,1539
7862,1402
7863,1580
7864,2020
7865,1461
7866,2089
7867,2751
7868,1480
7869,2138
7870,4342
7871,1997
7872,1797
7873,2088
7874,1772
7875,2313
7876,1732
7877,1614
7878,2627
7879,2186
7880,2366
7881,1862
7882,1551
7883,1529
7884,1705
7885,2143
7886,1312
7887,2090
7888,2830
7889,1744
7890,5816
7891,1873
7892,1252
7893,1404
7894,1444
7895,1610
7896,1512
7897,1507
7898,1712
7899,1992
7900,13307
7901,5127
7902,1884
7903,1883
7904,1951
7905,1720
7906,1474
7907,1653
7908,1605
7909,2015
7910,2783
7911,1927
7912,1693
7913,1611
7914,1819
7915,2130
7916,1608
7917,1982
7918,1405
7919,1951
7920,2935
7921,2260
7922,1668
7923,1607
7924,1594
7925,2148
7926,1355
7927,1460
7928,1785
7929,1334
7930,2287
7931,1646
7932,1628
7933,1386
7934,1245
7935,1667
7936,1978
7937,1427
7938,1414
7939,1684
7940,2256
7941,1688
7942,2340
7943,1171
7944,1728
7945,1372
7946,2077
7947,1541
7948,1237
7949,1540
7950,5566
7951,1623
7952,1468
7953,1191
7954,1224
7955,1832
7956,1584
7957,1550
7958,1494
7959,1490
7960,2744
7961,1616
7962,1398
7963,1335
7964,1257
7965,1406
7966,1767
7967,1707
7968,1707
7969,1581
7970,6414
7971,1784
7972,1348
7973,2312
7974,2136
7975,1500
7976,1897
7977,2145
7978,1321
7979,2370
7980,2215
7981,1589
7982,1338
7983,1440
7984,1425
7985,1477
7986,1242
7987,1203
7988,1406
7989,1675
7990,2710
7991,1446
7992,1278
7993,1402
7994,1269
7995,1945
7996,1235
7997,1691
7998,2065
7999,3666
8000,240283
8001,14595
8002,6883
8003,4651
8004,3836
8005,4078
8006,3768
8007,3307
8008,6858
8009,3827
8010,6488
8011,3666
8012,2763
8013,2299
8014,2442
8015,2222
8016,2440
8017,2013
8018,2578
8019,1809
8020,7193
8021,2743
8022,2608
8023,2150
8024,1992
8025,3070
8026,1840
8027,1754
8028,2384
8029,1738
8030,2932
8031,2360
8032,2755
8033,2162
8034,2091
8035,2074
8036,1956
8037,1825
8038,1873
8039,2012
8040,3870
8041,1858
8042,2418
8043,1992
8044,1852
8045,1884
8046,1634
8047,2154
8048,2280
8049,1853
8050,4868
8051,8118
8052,2465
8053,2284
8054,1832
8055,2159
8056,1577
8057,1917
8058,1802
8059,1786
8060,3317
8061,2147
8062,1594
8063,1644
8064,1922
8065,2173
8066,1592
8067,1608
8068,1586
8069,2213
8070,2876
8071,2066
8072,1908
8073,1511
8074,1477
8075,2293
8076,1450
8077,1928
8078,1887
8079,1702
8080,258079
8081,23103
8082,8713
8083,5310
8084,3202
8085,6069
8086,13726
8087,4075
8088,9355
8089,3511
8090,8533
8091,4138
8092,2919
8093,2288
8094,2081
8095,1998
8096,2456
8097,1734
8098,2083
8099,2596
8100,17947
8101,3452
8102,2267
8103,2124
8104,1900
8105,1957
8106,1834
8107,1722
8108,2110
8109,1948
8110,3920
8111,4800
8112,2190
8113,1912
8114,1662
8115,2150
8116,1719
8117,1723
8118,2626
8119,1667
8120,3821
8121,1925
8122,2051
8123,4169
8124,2156
8125,10374
8126,1890
8127,1892
8128,1926
8129,2015
8130,2905
8131,2359
8132,1489
8133,1920
8134,1428
8135,2422
8136,1565
8137,1973
8138,1655
8139,1981
8140,2790
8141,1852
8142,1596
8143,1679
8144,1898
8145,1605
8146,1432
8147,1535
8148,1270
8149,1270
8150,3959
8151,1794
8152,2011
8153,1726
8154,1298
8155,1734
8156,1421
8157,1607
8158,1314
8159,1537
8160,2665
8161,2009
8162,1585
8163,1491
8164,1417
8165,1853
8166,1668
8167,1861
8168,1988
8169,1510
8170,1766
8171,2288
8172,1685
8173,1622
8174,1509
8175,1607
8176,1670
8177,1546
8178,1411
8179,1419
8180,3099
8181,5421
8182,2385
8183,1631
8184,1646
8185,1657
8186,1543
8187,1642
8188,2060
8189,1528
8190,2174
8191,5616
8192,38187
8193,2082
8194,2078
8195,2502
8196,1782
8197,1592
8198,1429
8199,1961
8200,17717
8201,3710
8202,3176
8203,16001
8204,2363
8205,2696
8206,1929
8207,1736
8208,2771
8209,2964
8210,3273
8211,20472
8212,15084
8213,2083
8214,1765
8215,1996
8216,8568
8217,92272
8218,2103
8219,1382
8220,29085
8221,38625
8222,3751
8223,2158
8224,2512
8225,2201
8226,15237
8227,1551
8228,2264
8229,1538
8230,10408
8231,1766
8232,2371
8233,2094
8234,1966
8235,1774
8236,1719
8237,1742
8238,1426
8239,2005
8240,2473
8241,1579
8242,2020
8243,2187
8244,1584
8245,1889
8246,1528
8247,1754
8248,1559
8249,1963
8250,4643
8251,1825
8252,1776
8253,1892
8254,1793
8255,9429
8256,1980
8257,1427
8258,1590
8259,1780
8260,2932
8261,1672
8262,1672
8263,1584
8264,1441
8265,2117
8266,2288
8267,1929
8268,1415
8269,1376
8270,2095
8271,1504
8272,1654
8273,1517
8274,1591
8275,1892
8276,1684
8277,1602
8278,1578
8279,1711
8280,2638
8281,2004
8282,3158
8283,2841
8284,1911
8285,1535
8286,1521
8287,1567
8288,2480
8289,1521
8290,2061
8291,1688
8292,1525
8293,1499
8294,1420
8295,1588
8296,1393
8297,2121
8298,1207
8299,1719
8300,13940
8301,3851
8302,2415
8303,2489
8304,1562
8305,1713
8306,1722
8307,1437
8308,1730
8309,1537
8310,3093
8311,2049
8312,1637
8313,1836
8314,1546
8315,1690
8316,1448
8317,1541
8318,1429
8319,1442
8320,3694
8321,1657
8322,1638
8323,1617
8324,1675
8325,2255
8326,1711
8327,1371
8328,1410
8329,1549
8330,3904
8331,1788
8332,2447
8333,7585
8334,1635
8335,1457
8336,1601
8337,1506
8338,1523
8339,1759
8340,2048
8341,1636
8342,1288
8343,1556
8344,1649
8345,1506
8346,1466
8347,1379
8348,1435
8349,1410
8350,5434
8351,1657
8352,1609
8353,1660
8354,1305
8355,1592
8356,1648
8357,1245
8358,1779
8359,1392
8360,2093
8361,1582
8362,1467
8363,1463
8364,2372
8365,1452
8366,1636
8367,1486
8368,1471
8369,1567
8370,1871
8371,1657
8372,1607
8373,1447
8374,1235
8375,1708
8376,1481
8377,2194
8378,1421
8379,1553
8380,1905
8381,1493
8382,1578
8383,2478
8384,1767
8385,1505
8386,1378
8387,1706
8388,1792
8389,1650
8390,1747
8391,1387
8392,1615
8393,1345
8394,1288
8395,1391
8396,1339
8397,1406
8398,1594
8399,1677
8400,14847
8401,2773
8402,1715
8403,1564
8404,1849
8405,1480
8406,1637
8407,1421
8408,1518
8409,1372
8410,1973
8411,2263
8412,1696
8413,1526
8414,1682
8415,1827
8416,1518
8417,1734
8418,1491
8419,1541
8420,1907
8421,1861
8422,1622
8423,1639
8424,2011
8425,1943
8426,1310
8427,1490
8428,1392
8429,1505
8430,1891
8431,1737
8432,1830
8433,1817
8434,1508
8435,1463
8436,1329
8437,1381
8438,1367
8439,1527
8440,2145
8441,1515
8442,1705
8443,14905
8444,3244
8445,1822
8446,1780
8447,1535
8448,2353
8449,1483
8450,2773
8451,1941
8452,1824
8453,1972
8454,1718
8455,1670
8456,2127
8457,2518
8458,1575
8459,1446
8460,1668
8461,1549
8462,1756
8463,1767
8464,1502
8465,1479
8466,1421
8467,1391
8468,1250
8469,1350
8470,1822
8471,1754
8472,2552
8473,1612
8474,1352
8475,1493
8476,1325
8477,9266
8478,1544
8479,1455
8480,2018
8481,1567
8482,2402
8483,1475
8484,2625
8485,1985
8486,1602
8487,1518
8488,1619
8489,1431
8490,1721
8491,1456
8492,1265
8493,1637
8494,1337
8495,1543
8496,1505
8497,1448
8498,1703
8499,2230
8500,31498
8501,4412
8502,2339
8503,1792
8504,1775
8505,2357
8506,1760
8507,1904
8508,1615
8509,1431
8510,2320
8511,2094
8512,1982
8513,1412
8514,1534
8515,1974
8516,1756
8517,1611
8518,1421
8519,1475
8520,4555
8521,1808
8522,1651
8523,1636
8524,1565
8525,2715
8526,1793
8527,1691
8528,1757
8529,2037
8530,2810
8531,1780
8532,1626
8533,1609
8534,1655
8535,1847
8536,1757
8537,1522
8538,1257
8539,1390
8540,3318
8541,1835
8542,2670
8543,1844
8544,2161
8545,4016
8546,1778
8547,1591
8548,1327
8549,1372
8550,3392
8551,1888
8552,1667
8553,1460
8554,1819
8555,2861
8556,1670
8557,1439
8558,1714
8559,1374
8560,2328
8561,1515
8562,1471
8563,1501
8564,1402
8565,1664
8566,1423
8567,1524
8568,1447
8569,1225
8570,2519
8571,1946
8572,1596
8573,1698
8574,1427
8575,1920
8576,1415
8577,1756
8578,1355
8579,1455
8580,2108
8581,1591
8582,1634
8583,2028
8584,1494
8585,2981
8586,1773
8587,1530
8588,1679
8589,1398
8590,1587
8591,1698
8592,1985
8593,1837
8594,3667
8595,2007
8596,1519
8597,1283
8598,1352
8599,1799
8600,23904
8601,19387
8602,1793
8603,1774
8604,1509
8605,1773
8606,3111
8607,1437
8608,1576
8609,1608
8610,3220
8611,1946
8612,1554
8613,1532
8614,1738
8615,1707
8616,2182
8617,1766
8618,11209
8619,1441
8620,2867
8621,1998
8622,1587
8623,1917
8624,1806
8625,2302
8626,1448
8627,1619
8628,1702
8629,1473
8630,1873
8631,1671
8632,1349
8633,1811
8634,1267
8635,1347
8636,1431
8637,1254
8638,1376
8639,1623
8640,2681
8641,1418
8642,1462
8643,1512
8644,2159
8645,1540
8646,1385
8647,1474
8648,1638
8649,1530
8650,2449
8651,1359
8652,1369
8653,1404
8654,1388
8655,1804
8656,1507
8657,1394
8658,1679
8659,1481
8660,2303
8661,1791
8662,1540
8663,1466
8664,2496
8665,1696
8666,2080
8667,2021
8668,1525
8669,1819
8670,1639
8671,1311
8672,1533
8673,1405
8674,2889
8675,1684
8676,1523
8677,1656
8678,1252
8679,1431
8680,2005
8681,1715
8682,1460
8683,1960
8684,1405
8685,1371
8686,2547
8687,1893
8688,2070
8689,1350
8690,1573
8691,1529
8692,1281
8693,1455
8694,1229
8695,1461
8696,1516
8697,1314
8698,1226
8699,1418
8700,12484
8701,2812
8702,1446
8703,1587
8704,1878
8705,1794
8706,1575
8707,1595
8708,1872
8709,1405
8710,2368
8711,2239
8712,1791
8713,1485
8714,1241
8715,1504
8716,1471
8717,1549
8718,1316
8719,1573
8720,2160
8721,1870
8722,2395
8723,1513
8724,1521
8725,1755
8726,1413
8727,1622
8728,1376
8729,1404
8730,2031
8731,1457
8732,1751
8733,2096
8734,1608
8735,1520
8736,1612
8737,1556
8738,1427
8739,1598
8740,2267
8741,1678
8742,1684
8743,1347
8744,1525
8745,1733
8746,2237
8747,1871
8748,1354
8749,1619
8750,4081
8751,1518
8752,1548
8753,1666
8754,1265
8755,1874
8756,1430
8757,1532
8758,1328
8759,1321
8760,3652
8761,2583
8762,1707
8763,1274
8764,1387
8765,3090
8766,1604
8767,3616
8768,1367
8769,1301
8770,1890
8771,1445
8772,1479
8773,1445
8774,1437
8775,2188
8776,2737
8777,2517
8778,1635
8779,1310
8780,1659
8781,1382
8782,1410
8783,1397
8784,1382
8785,1422
8786,1737
8787,3683
8788,1924
8789,1482
8790,1604
8791,1366
8792,1256
8793,1223
8794,1420
8795,1357
8796,1187
8797,1343
8798,1117
8799,3228
8800,22281
8801,3141
8802,2629
8803,1661
8804,2175
8805,2033
8806,1634
8807,1967
8808,1919
8809,1874
8810,2297
8811,2599
8812,1699
8813,1516
8814,1463
8815,1645
8816,1724
8817,1758
8818,1662
8819,1394
8820,2805
8821,1870
8822,2492
8823,1443
8824,1682
8825,2075
8826,1412
8827,1442
8828,1794
8829,1681
8830,2714
8831,1637
8832,2046
8833,2415
8834,1451
8835,1629
8836,1379
8837,1429
8838,1563
8839,1759
8840,2075
8841,1450
8842,1360
8843,1637
8844,2166
8845,1510
8846,1504
8847,1320
8848,3271
8849,1596
8850,3111
8851,1464
8852,1365
8853,1545
8854,2044
8855,2273
8856,1720
8857,1584
8858,1619
8859,37989
8860,2177
8861,1718
8862,1497
8863,1653
8864,1237
8865,1841
8866,2004
8867,1539
8868,1604
8869,1682
8870,1877
8871,1613
8872,1563
8873,1573
8874,1163
8875,1900
8876,1587
8877,2106
8878,1696
8879,1961
8880,3312
8881,2211
8882,1925
8883,3209
8884,1936
8885,1909
8886,1811
8887,2330
8888,33753
8889,4089
8890,2834
8891,1674
8892,1330
8893,1348
8894,1296
8895,2329
8896,1323
8897,1230
8898,1600
8899,2912
8900,11117
8901,4107
8902,1780
8903,1697
8904,1593
8905,1401
8906,1531
8907,1328
8908,1569
8909,1528
8910,3046
8911,1784
8912,1580
8913,1354
8914,1293
8915,1374
8916,1393
8917,1451
8918,1382
8919,1385
8920,1918
8921,1435
8922,1474
8923,1390
8924,1438
8925,1706
8926,1309
8927,1272
8928,1385
8929,1391
8930,2044
8931,2173
8932,1331
8933,1448
8934,1111
8935,1390
8936,1428
8937,1431
8938,2819
8939,1481
8940,2018
8941,1590
8942,1367
8943,1412
8944,1586
8945,1466
8946,1359
8947,1329
8948,1164
8949,2524
8950,2381
8951,1398
8952,1342
8953,1254
8954,1427
8955,1517
8956,1309
8957,1079
8958,1382
8959,1191
8960,2177
8961,1314
8962,1736
8963,1233
8964,2643
8965,1498
8966,1458
8967,1053
8968,1300
8969,2331
8970,1496
8971,1592
8972,1413
8973,1368
8974,1313
8975,1348
8976,1304
8977,1409
8978,1234
8979,1365
8980,1765
8981,1538
8982,1222
8983,3428
8984,2160
8985,1345
8986,1417
8987,1228
8988,1527
8989,3223
8990,2404
8991,1328
8992,1374
8993,1926
8994,1410
8995,1764
8996,1540
8997,1512
8998,1834
8999,4070
9000,140908
9001,87393
9002,7699
9003,5533
9004,3829
9005,4043
9006,3619
9007,3076
9008,2368
9009,4100
9010,5395
9011,2865
9012,2935
9013,1851
9014,1728
9015,2472
9016,1991
9017,1821
9018,1854
9019,1678
9020,3816
9021,2091
9022,1897
9023,1889
9024,1882
9025,2081
9026,1589
9027,1750
9028,1297
9029,1486
9030,2791
9031,1730
9032,1590
9033,1888
9034,1384
9035,1735
9036,1515
9037,1406
9038,1552
9039,1539
9040,2326
9041,1672
9042,3007
9043,1321
9044,1338
9045,1559
9046,1433
9047,1293
9048,1478
9049,1362
9050,3915
9051,1822
9052,1536
9053,1517
9054,1584
9055,1820
9056,1379
9057,1325
9058,1226
9059,1433
9060,3092
9061,1469
9062,1336
9063,1365
9064,1395
9065,1404
9066,3592
9067,1321
9068,1385
9069,1393
9070,2073
9071,1795
9072,1518
9073,1341
9074,1235
9075,1883
9076,1363
9077,1750
9078,2032
9079,1254
9080,5298
9081,1904
9082,1448
9083,1696
9084,1282
9085,2010
9086,1093
9087,1382
9088,2006
9089,1568
9090,14306
9091,4211
9092,12359
9093,3568
9094,2277
9095,2076
9096,1418
9097,1539
9098,1519
9099,2366
9100,14559
9101,3386
9102,2309
9103,1843
9104,2037
9105,1812
9106,1575
9107,1516
9108,1497
9109,1631
9110,2877
9111,3243
9112,1584
9113,1514
9114,1554
9115,1902
9116,1598
9117,1487
9118,1351
9119,1848
9120,2436
9121,1808
9122,2376
9123,2266
9124,1386
9125,2133
9126,1969
9127,1491
9128,2074
9129,1277
9130,2039
9131,1963
9132,1552
9133,1556
9134,1260
9135,1488
9136,1479
9137,1434
9138,1078
9139,1314
9140,2186
9141,1944
9142,1501
9143,1273
9144,2555
9145,1555
9146,1193
9147,1312
9148,1298
9149,1691
9150,2987
9151,1542
9152,1343
9153,1715
9154,1214
9155,1875
9156,1249
9157,1169
9158,1182
9159,1208
9160,2299
9161,1536
9162,1321
9163,1255
9164,1360
9165,2103
9166,1486
9167,2075
9168,1346
9169,1223
9170,1555
9171,1779
9172,1281
9173,1527
9174,1187
9175,1380
9176,1224
9177,1354
9178,1294
9179,1234
9180,1899
9181,1680
9182,1410
9183,1309
9184,1736
9185,1745
9186,1340
9187,1533
9188,1397
9189,1279
9190,1708
9191,2778
9192,1561
9193,1536
9194,1214
9195,1439
9196,1392
9197,1166
9198,1277
9199,1783
9200,26041
9201,2776
9202,1864
9203,2233
9204,1585
9205,1920
9206,1395
9207,1400
9208,1657
9209,1356
9210,2179
9211,2345
9212,2521
9213,1624
9214,1490
9215,1574
9216,2762
9217,1597
9218,1250
9219,1541
9220,2305
9221,1935
9222,3403
9223,1685
9224,1422
9225,2076
9226,1343
9227,1654
9228,1445
9229,2293
9230,3129
9231,1613
9232,1566
9233,1628
9234,1480
9235,1439
9236,1214
9237,1390
9238,1518
9239,1680
9240,2082
9241,2092
9242,1444
9243,1576
9244,1436
9245,1441
9246,1267
9247,1457
9248,1493
9249,1256
9250,4051
9251,1627
9252,1530
9253,1434
9254,1093
9255,1777
9256,1319
9257,1462
9258,1528
9259,1242
9260,2133
9261,1627
9262,1775
9263,1447
9264,1300
9265,1595
9266,1713
9267,1360
9268,1528
9269,1255
9270,1546
9271,1445
9272,1499
9273,1275
9274,1342
9275,1436
9276,1275
9277,1492
9278,1487
9279,1335
9280,2112
9281,1572
9282,1607
9283,1550
9284,1314
9285,1412
9286,1301
9287,1241
9288,1391
9289,1330
9290,2151
9291,1597
9292,4128
9293,1380
9294,1417
9295,1842
9296,1280
9297,1352
9298,1462
9299,1553
9300,14839
9301,2316
9302,1568
9303,1815
9304,1356
9305,1630
9306,1433
9307,1334
9308,1508
9309,1391
9310,2633
9311,2171
9312,1780
9313,1414
9314,1359
9315,1525
9316,1328
9317,1294
9318,1326
9319,1343
9320,2393
9321,1488
9322,1479
9323,1506
9324,1375
9325,2443
9326,2344
9327,1633
9328,1751
9329,1294
9330,2210
9331,1578
9332,1553
9333,3526
9334,1289
9335,1625
9336,1610
9337,1495
9338,1314
9339,1512
9340,1915
9341,1545
9342,1269
9343,1839
9344,1725
9345,1568
9346,1298
9347,1307
9348,1298
9349,1371
9350,3040
9351,1898
9352,1355
9353,1299
9354,1342
9355,1890
9356,1254
9357,1294
9358,1195
9359,1235
9360,3082
9361,1652
9362,1662
9363,1237
9364,1413
9365,1561
9366,1309
9367,1428
9368,1156
9369,1424
9370,2287
9371,1543
9372,1375
9373,1330
9374,1174
9375,17046
9376,1541
9377,1436
9378,1604
9379,1111
9380,2379
9381,1751
9382,1373
9383,1679
9384,1778
9385,1660
9386,1323
9387,1488
9388,1488
9389,1394
9390,1624
9391,1439
9392,1269
9393,2278
9394,1613
9395,1361
9396,1240
9397,1505
9398,1152
9399,1629
9400,9867
9401,2169
9402,1525
9403,1607
9404,1757
9405,1514
9406,1302
9407,1389
9408,1600
9409,1701
9410,2225
9411,2849
9412,1499
9413,1334
9414,1317
9415,1861
9416,1364
9417,1630
9418,1542
9419,1461
9420,1903
9421,1387
9422,1525
9423,1201
9424,1308
9425,1526
9426,1171
9427,1313
9428,1277
9429,1303
9430,1956
9431,1422
9432,1490
9433,1487
9434,1368
9435,1392
9436,1226
9437,1413
9438,1313
9439,1321
9440,2163
9441,1487
9442,1288
9443,4028
9444,2157
9445,1612
9446,1475
9447,1254
9448,1238
9449,1487
9450,2395
9451,1517
9452,1422
9453,1606
9454,1263
9455,1539
9456,1277
9457,1494
9458,1155
9459,1221
9460,1536
9461,1370
9462,1183
9463,1955
9464,1464
9465,1733
9466,1348
9467,1326
9468,1164
9469,1421
9470,1503
9471,1213
9472,1791
9473,1510
9474,1961
9475,1301
9476,1138
9477,1478
9478,1159
9479,1357
9480,1546
9481,1282
9482,1070
9483,1178
9484,1324
9485,1311
9486,1153
9487,1250
9488,1333
9489,1268
9490,1572
9491,1247
9492,1439
9493,1283
9494,1802
9495,1536
9496,1364
9497,1399
9498,1199
9499,1627
9500,22248
9501,2840
9502,1961
9503,1885
9504,1839
9505,2010
9506,1440
9507,1392
9508,1436
9509,1383
9510,2145
9511,2176
9512,1645
9513,1567
9514,1478
9515,1697
9516,1414
9517,1255
9518,1346
9519,1274
9520,1954
9521,1635
9522,1375
9523,1456
9524,1468
9525,2828
9526,1263
9527,1852
9528,1437
9529,1422
9530,2090
9531,1607
9532,1313
9533,1429
9534,1325
9535,1334
9536,1801
9537,1325
9538,1393
9539,1249
9540,1662
9541,1644
9542,1288
9543,1456
9544,1214
9545,2155
9546,1327
9547,1201
9548,1278
9549,1198
9550,4028
9551,1648
9552,1729
9553,1426
9554,1219
9555,2791
9556,1358
9557,1432
9558,1343
9559,2227
9560,2618
9561,1306
9562,1178
9563,1266
9564,1315
9565,1498
9566,1435
9567,1429
9568,1855
9569,1304
9570,2234
9571,1279
9572,1405
9573,1188
9574,1157
9575,1855
9576,1163
9577,1294
9578,1172
9579,1682
9580,1700
9581,1195
9582,1134
9583,1355
9584,1260
9585,1487
9586,1137
9587,1196
9588,1279
9589,1119
9590,2056
9591,1258
9592,1352
9593,1309
9594,1153
9595,2862
9596,1421
9597,1224
9598,1429
9599,1700
9600,30871
9601,2736
9602,1691
9603,1815
9604,1739
9605,2048
9606,3456
9607,1922
9608,1796
9609,1436
9610,2137
9611,2412
9612,1502
9613,1657
9614,1335
9615,1662
9616,1276
9617,1481
9618,1471
9619,1376
9620,1940
9621,1380
9622,2177
9623,1344
9624,1351
9625,1760
9626,1471
9627,1163
9628,1199
9629,1315
9630,2317
9631,1283
9632,1655
9633,1505
9634,1176
9635,1326
9636,1252
9637,1381
9638,1133
9639,1318
9640,1489
9641,1426
9642,3417
9643,1291
9644,1283
9645,1688
9646,1463
9647,1341
9648,1336
9649,1260
9650,3755
9651,1424
9652,1271
9653,1332
9654,2409
9655,1655
9656,1607
9657,1290
9658,1923
9659,1433
9660,3537
9661,1618
9662,9708
9663,1801
9664,1702
9665,1498
9666,1463
9667,1792
9668,1529
9669,1433
9670,12023
9671,1182
9672,1374
9673,1480
9674,2154
9675,1879
9676,1252
9677,1369
9678,1195
9679,2033
9680,1507
9681,1293
9682,1156
9683,1342
9684,1239
9685,1529
9686,1378
9687,1185
9688,3555
9689,1449
9690,1667
9691,1247
9692,1152
9693,1184
9694,1043
9695,1487
9696,2280
9697,1567
9698,1290
9699,1626
9700,14467
9701,2387
9702,1538
9703,1385
9704,1471
9705,1519
9706,1756
9707,1700
9708,1319
9709,1664
9710,1686
9711,1761
9712,1628
9713,1239
9714,1535
9715,1367
9716,1265
9717,1382
9718,1105
9719,1216
9720,1995
9721,1404
9722,1354
9723,1403
9724,1274
9725,1461
9726,1375
9727,1370
9728,1672
9729,1465
9730,1486
9731,1243
9732,1171
9733,3677
9734,1850
9735,1765
9736,1208
9737,1404
9738,1291
9739,1198
9740,1404
9741,1336
9742,1313
9743,1466
9744,1859
9745,1532
9746,1278
9747,1492
9748,1193
9749,1331
9750,2982
9751,1435
9752,1208
9753,1333
9754,1312
9755,1574
9756,1379
9757,1225
9758,1232
9759,1112
9760,1569
9761,1264
9762,1159
9763,1365
9764,1240
9765,1405
9766,1760
9767,1502
9768,1212
9769,1207
9770,1762
9771,1320
9772,1249
9773,1218
9774,1222
9775,1601
9776,2177
9777,1968
9778,1457
9779,1528
9780,2519
9781,1370
9782,1086
9783,1254
9784,1449
9785,1494
9786,1402
9787,1395
9788,1336
9789,1380
9790,2131
9791,1309
9792,1758
9793,1923
9794,1235
9795,1425
9796,2972
9797,1993
9798,1494
9799,1608
9800,15740
9801,3410
9802,1995
9803,1601
9804,1542
9805,1656
9806,1390
9807,1422
9808,1637
9809,1305
9810,3652
9811,1528
9812,1330
9813,1495
9814,1323
9815,1466
9816,1288
9817,1316
9818,1396
9819,1261
9820,2501
9821,1480
9822,1838
9823,1243
9824,1460
9825,1937
9826,1275
9827,1444
9828,1395
9829,1799
9830,1846
9831,1316
9832,1660
9833,1741
9834,1451
9835,1742
9836,1252
9837,1155
9838,1317
9839,1309
9840,1760
9841,1493
9842,1434
9843,1416
9844,1517
9845,1723
9846,1231
9847,1314
9848,1290
9849,1238
9850,2705
9851,1426
9852,1279
9853,1432
9854,1107
9855,1434
9856,1288
9857,1449
9858,1415
9859,1483
9860,3312
9861,1565
9862,1113
9863,1326
9864,1276
9865,1578
9866,1403
9867,1266
9868,1546
9869,1268
9870,1625
9871,1501
9872,1461
9873,1256
9874,1102
9875,1876
9876,6252
9877,1965
9878,1400
9879,1457
9880,1853
9881,1283
9882,1332
9883,1306
9884,1183
9885,1374
9886,1193
9887,1647
9888,2520
9889,2197
9890,1688
9891,1298
9892,1145
9893,1167
9894,1121
9895,1968
9896,1160
9897,1420
9898,2755
9899,2494
9900,17821
9901,3235
9902,1784
9903,2004
9904,1827
9905,1782
9906,1488
9907,1657
9908,1677
9909,1689
9910,1969
9911,2071
9912,1686
9913,1681
9914,1288
9915,1434
9916,1233
9917,1460
9918,1358
9919,1562
9920,1840
9921,1493
9922,1992
9923,1524
9924,1182
9925,1947
9926,1766
9927,1361
9928,1254
9929,1485
9930,2891
9931,1587
9932,1536
9933,2445
9934,1645
9935,1649
9936,1422
9937,1340
9938,1594
9939,1853
9940,1630
9941,1347
9942,1232
9943,1313
9944,1952
9945,1737
9946,1345
9947,1642
9948,1249
9949,1589
9950,2572
9951,1406
9952,1384
9953,1369
9954,1371
9955,1863
9956,1424
9957,1259
9958,1377
9959,1717
9960,2568
9961,1860
9962,1410
9963,1325
9964,1410
9965,1854
9966,2146
9967,1564
9968,1328
9969,1617
9970,1596
9971,1601
9972,1481
9973,1723
9974,1311
9975,2186
9976,1439
9977,1815
9978,1588
9979,1607
9980,2456
9981,2286
9982,1816
9983,1853
9984,2356
9985,2011
9986,1872
9987,2128
9988,3258
9989,2733
9990,4744
9991,3244
9992,2644
9993,2870
9994,3106
9995,4735
9996,3963
9997,4403
9998,6297
9999,112932
10000,335270
