number,count
0,164973833
1,181995499
2,130270769
3,85601818
4,64789735
5,68294328
6,43458048
7,36596144
8,36809298
9,28459434
10,49085506
11,20949776
12,25978959
13,14468976
14,14775952
15,21085319
16,15231223
17,11872282
18,13696619
19,14296219
20,24417267
21,10327752
22,9892670
23,8730918
24,12485571
25,14503350
26,7393613
27,7202941
28,7516622
29,6527925
30,21612553
31,6504547
32,6063516
33,4413083
34,4106070
35,5845019
36,4234956
37,3717009
38,3516454
39,4134625
40,10209733
41,3047206
42,3524296
43,2927226
44,3163191
45,5608609
46,2737188
47,2707464
48,3703103
49,2848690
50,15254886
51,2637158
52,2849530
53,2413076
54,2506136
55,3357584
56,2456579
57,2198817
58,2339880
59,2348507
60,7437482
61,1675890
62,1779315
63,1727847
64,3071679
65,2849127
66,1767984
67,1657013
68,1606102
69,1522338
70,4736659
71,1450210
72,2008077
73,1447143
74,1443016
75,3995634
76,1425416
77,1401802
78,1414446
79,1320559
80,5517908
81,1345976
82,1367174
83,1379947
84,1393658
85,2106839
86,1312537
87,1266134
88,1439061
89,1323947
90,5338201
91,1286259
92,1325373
93,1452422
94,1262967
95,3505510
96,1540803
97,1387161
98,1536186
99,3811861
100,17823905
101,1278222
102,764094
103,659112
104,700695
105,845257
106,657336
107,588361
108,636633
109,558606
110,1227537
111,744681
112,630325
113,496150
114,558905
115,679568
116,543454
117,487148
118,480317
119,474847
120,1960243
121,503836
122,496189
123,750230
124,467024
125,1043909
126,442604
127,795133
128,1011513
129,421005
130,994274
131,404732
132,432289
133,388598
134,367725
135,559742
136,374752
137,366034
138,366100
139,357887
140,955942
141,354153
142,345288
143,346200
144,435229
145,465469
146,323364
147,334817
148,319419
149,356635
150,2804963
151,336516
152,342400
153,323790
154,306949
155,405337
156,314136
157,300196
158,287724
159,292898
160,1129590
161,304971
162,312305
163,293193
164,290831
165,414232
166,277644
167,283436
168,565565
169,301529
170,631618
171,272684
172,439247
173,263470
174,269013
175,521485
176,283740
177,275471
178,262325
179,273482
180,1269272
181,252547
182,284905
183,322687
184,258254
185,362523
186,242924
187,255414
188,253034
189,259133
190,467670
191,268564
192,604081
193,244398
194,226610
195,323330
196,242019
197,234717
198,236039
199,330143
200,6252146
201,432448
202,385561
203,314985
204,343481
205,352354
206,301132
207,280388
208,299402
209,247546
210,496984
211,279814
212,339921
213,245117
214,260292
215,339256
216,267435
217,236805
218,231438
219,223871
220,620195
221,252205
222,317308
223,262402
224,325418
225,454909
226,230087
227,231159
228,247624
229,230671
230,477660
231,264047
232,258254
233,272346
234,238362
235,286454
236,206109
237,209277
238,217604
239,213840
240,656813
241,212385
242,220855
243,230636
244,216429
245,267348
246,211376
247,216861
248,219316
249,223166
250,2239849
251,210017
252,261476
253,204490
254,259569
255,1763897
256,721028
257,178033
258,164590
259,161322
260,379765
261,166874
262,183263
263,169246
264,230006
265,227235
266,165740
267,166737
268,157898
269,165570
270,402864
271,160198
272,172508
273,186069
274,156184
275,292709
276,159573
277,160173
278,153544
279,159437
280,382996
281,161924
282,151077
283,149481
284,148761
285,206800
286,149313
287,156600
288,180535
289,152882
290,248180
291,138728
292,145470
293,162125
294,138714
295,196046
296,144485
297,144703
298,148641
299,223225
300,3947853
301,292844
302,239961
303,236719
304,237629
305,224096
306,175166
307,168461
308,208837
309,154229
310,310064
311,187589
312,202795
313,164690
314,168282
315,225286
316,165916
317,153482
318,148977
319,151831
320,431611
321,176668
322,164004
323,166840
324,152804
325,278801
326,138876
327,143126
328,141837
329,137301
330,342166
331,141156
332,137430
333,279386
334,137059
335,177255
336,157097
337,134401
338,134049
339,124592
340,270338
341,136812
342,135604
343,152667
344,135460
345,188284
346,126102
347,131698
348,124798
349,138784
350,1079967
351,141949
352,147325
353,134232
354,125388
355,160702
356,133835
357,150361
358,124028
359,122222
360,1151853
361,128071
362,119869
363,126303
364,127693
365,696013
366,129529
367,118501
368,119794
369,115620
370,224020
371,119774
372,118181
373,122411
374,110037
375,321039
376,123591
377,338085
378,108902
379,109029
380,244210
381,110617
382,107047
383,113818
384,153297
385,143858
386,119756
387,109051
388,106282
389,110476
390,182314
391,105645
392,110028
393,102515
394,96297
395,141108
396,102998
397,103030
398,98704
399,159604
400,3219522
401,381612
402,145991
403,232238
404,485043
405,188095
406,135781
407,129713
408,137636
409,126074
410,223350
411,135779
412,137465
413,115451
414,127027
415,163272
416,143393
417,115462
418,106156
419,115286
420,267568
421,114818
422,135020
423,110292
424,112742
425,207336
426,102577
427,107746
428,100767
429,120311
430,193067
431,103590
432,122489
433,109571
434,99770
435,135285
436,95331
437,95326
438,99258
439,91932
440,220238
441,102356
442,101974
443,187253
444,142188
445,116293
446,89195
447,95635
448,104621
449,102251
450,663415
451,118052
452,92576
453,93309
454,107376
455,120023
456,140474
457,105565
458,103388
459,89029
460,188061
461,93652
462,92820
463,88709
464,94948
465,115039
466,88357
467,88977
468,92681
469,89769
470,158622
471,91865
472,88748
473,89941
474,83074
475,145322
476,90114
477,88720
478,85685
479,90695
480,297286
481,83154
482,85198
483,90881
484,87233
485,123045
486,97323
487,84448
488,121471
489,81593
490,141668
491,81595
492,82376
493,79695
494,80717
495,133915
496,84624
497,84635
498,85831
499,162372
500,6369143
501,285895
502,135839
503,141793
504,148567
505,137826
506,102235
507,96293
508,125860
509,112744
510,192695
511,109573
512,405583
513,94617
514,98578
515,114814
516,93892
517,88750
518,93316
519,88207
520,190050
521,95479
522,89592
523,87225
524,84764
525,140125
526,83301
527,85737
528,89339
529,116840
530,167650
531,82567
532,94817
533,85873
534,80138
535,103311
536,83844
537,130401
538,82261
539,77135
540,181162
541,90891
542,78325
543,80610
544,79573
545,94366
546,77417
547,74780
548,73097
549,82502
550,384229
551,79215
552,82568
553,75813
554,73590
555,168023
556,83240
557,70828
558,70307
559,73831
560,180631
561,85200
562,80551
563,74438
564,72608
565,87812
566,69383
567,79260
568,74570
569,69455
570,141972
571,80493
572,69048
573,76497
574,72465
575,115724
576,84616
577,73821
578,66779
579,69369
580,154768
581,73097
582,66840
583,69872
584,67042
585,90087
586,74355
587,79912
588,69640
589,67326
590,111924
591,65550
592,66844
593,65427
594,69783
595,92262
596,64390
597,65547
598,66023
599,105299
600,2116634
601,112760
602,96424
603,92983
604,97442
605,95093
606,87468
607,76726
608,87088
609,84218
610,143150
611,75494
612,93131
613,88733
614,77677
615,98091
616,86923
617,98491
618,84265
619,77357
620,149572
621,75417
622,75378
623,70780
624,78122
625,178376
626,79148
627,67477
628,67755
629,65571
630,150676
631,75312
632,75978
633,74633
634,64385
635,82122
636,77021
637,63802
638,64011
639,70876
640,219966
641,68164
642,80985
643,66097
644,88885
645,86213
646,74453
647,74534
648,67568
649,75398
650,397593
651,76109
652,65977
653,60946
654,62474
655,75418
656,69586
657,62809
658,60791
659,61008
660,144034
661,68702
662,70752
663,61985
664,66289
665,73890
666,144859
667,86058
668,63990
669,59664
670,108417
671,59449
672,66660
673,61832
674,59320
675,102354
676,60408
677,63346
678,70479
679,69474
680,133882
681,57801
682,61767
683,59633
684,59808
685,68968
686,62590
687,62241
688,64007
689,56992
690,96437
691,58080
692,58589
693,57926
694,55639
695,75337
696,59363
697,55313
698,55501
699,84700
700,1442720
701,93379
702,94717
703,86465
704,83670
705,82668
706,75337
707,92466
708,70820
709,66080
710,112857
711,74794
712,70227
713,73483
714,77716
715,79526
716,68286
717,73314
718,84533
719,63030
720,209790
721,66670
722,73403
723,60352
724,66076
725,93397
726,58435
727,78346
728,67360
729,61551
730,109625
731,61978
732,73894
733,62795
734,63382
735,70263
736,57742
737,134199
738,54296
739,54008
740,108854
741,59219
742,57966
743,56455
744,63787
745,76467
746,55614
747,105189
748,61355
749,62270
750,598041
751,61371
752,59837
753,57908
754,62523
755,97297
756,56110
757,75343
758,52457
759,50349
760,120751
761,55743
762,57558
763,56919
764,54709
765,75658
766,54913
767,76396
768,116554
769,54769
770,114419
771,57104
772,59421
773,64178
774,55562
775,91820
776,58546
777,182154
778,58345
779,52169
780,118783
781,62445
782,56753
783,53779
784,62637
785,69071
786,59306
787,98384
788,54711
789,69974
790,81686
791,50475
792,57753
793,50625
794,50816
795,66931
796,50212
797,53259
798,51183
799,80515
800,2143370
801,97231
802,232948
803,69110
804,67627
805,79200
806,60311
807,57786
808,102367
809,55477
810,104687
811,62982
812,69415
813,63628
814,60495
815,74750
816,63487
817,60632
818,65261
819,53239
820,108353
821,58712
822,57589
823,55061
824,56368
825,83507
826,54488
827,52565
828,65295
829,54457
830,98922
831,58067
832,63080
833,77061
834,50643
835,65679
836,51003
837,51304
838,50150
839,49496
840,116755
841,55066
842,54297
843,63627
844,78479
845,93204
846,52693
847,63726
848,55407
849,51881
850,286499
851,52781
852,60006
853,52645
854,52765
855,102948
856,59190
857,52758
858,58594
859,54197
860,100728
861,50532
862,49518
863,53810
864,63775
865,68151
866,133575
867,51842
868,53629
869,47476
870,96673
871,54470
872,50733
873,50272
874,48516
875,109993
876,52516
877,124240
878,47850
879,47180
880,103344
881,47447
882,49641
883,53199
884,48000
885,60283
886,52470
887,51474
888,252182
889,50161
890,75362
891,49370
892,47521
893,49380
894,44298
895,61885
896,53389
897,46245
898,48160
899,66580
900,951675
901,81543
902,65584
903,57703
904,62522
905,72187
906,55686
907,60797
908,57624
909,63401
910,85495
911,403543
912,64416
913,53657
914,60913
915,63562
916,64629
917,61661
918,59808
919,67360
920,117219
921,50958
922,56168
923,51036
924,57202
925,92161
926,48312
927,46798
928,60097
929,50897
930,87360
931,50448
932,48303
933,49105
934,45692
935,57285
936,50752
937,54323
938,46240
939,48669
940,82406
941,56434
942,47308
943,46252
944,54131
945,58216
946,45223
947,45902
948,43919
949,58982
950,191973
951,53828
952,52222
953,46211
954,56643
955,54652
956,47341
957,45464
958,42134
959,46935
960,124385
961,45889
962,47796
963,48615
964,46204
965,55733
966,46869
967,45917
968,48270
969,48304
970,96897
971,51587
972,59530
973,59629
974,46045
975,69762
976,47413
977,47419
978,198164
979,45535
980,103239
981,46296
982,44500
983,43868
984,46347
985,57104
986,45419
987,51425
988,51264
989,50422
990,134141
991,52545
992,53205
993,51984
994,47165
995,101871
996,59118
997,62795
998,63399
999,417116
1000,2832580
1001,127408
1002,99100
1003,39936
1004,34517
1005,35718
1006,34911
1007,113916
1008,30711
1009,26137
1010,70595
1011,41526
1012,33622
1013,28484
1014,28370
1015,33332
1016,218832
1017,33530
1018,25691
1019,23166
1020,53015
1021,41787
1022,24390
1023,42605
1024,408661
1025,31314
1026,22462
1027,21000
1028,20723
1029,32866
1030,42301
1031,38659
1032,20962
1033,26081
1034,19006
1035,23641
1036,17776
1037,23794
1038,76837
1039,21014
1040,58999
1041,20430
1042,21361
1043,18532
1044,20626
1045,24241
1046,24093
1047,17984
1048,21075
1049,19781
1050,71476
1051,20865
1052,19108
1053,21874
1054,23035
1055,25827
1056,27128
1057,18705
1058,16739
1059,16133
1060,45898
1061,17882
1062,18019
1063,22665
1064,24717
1065,21267
1066,37044
1067,19533
1068,18958
1069,16875
1070,46036
1071,18553
1072,21704
1073,31864
1074,23914
1075,20897
1076,17172
1077,20925
1078,17782
1079,17757
1080,175854
1081,18213
1082,17194
1083,19719
1084,18141
1085,21263
1086,30307
1087,17392
1088,33289
1089,22250
1090,28835
1091,16751
1092,17240
1093,54289
1094,17556
1095,28721
1096,19470
1097,38492
1098,26719
1099,72262
1100,193658
1101,50809
1102,24380
1103,31878
1104,22207
1105,24657
1106,19330
1107,21643
1108,21179
1109,38568
1110,35590
1111,126663
1112,23431
1113,20088
1114,18587
1115,24289
1116,17909
1117,19178
1118,18659
1119,17110
1120,33292
1121,19321
1122,22629
1123,19427
1124,17754
1125,24880
1126,28021
1127,17443
1128,30290
1129,15761
1130,30601
1131,17126
1132,16802
1133,17004
1134,15520
1135,18078
1136,29186
1137,18702
1138,16703
1139,15707
1140,25589
1141,15657
1142,18027
1143,15555
1144,15914
1145,46222
1146,19594
1147,15101
1148,14891
1149,17751
1150,43565
1151,18324
1152,24364
1153,15841
1154,15164
1155,27739
1156,15513
1157,15165
1158,18233
1159,18429
1160,22386
1161,19358
1162,15703
1163,14944
1164,14945
1165,15511
1166,14343
1167,17802
1168,13221
1169,14266
1170,24923
1171,15472
1172,18448
1173,15506
1174,13493
1175,22310
1176,17060
1177,34904
1178,13055
1179,15499
1180,22647
1181,14813
1182,16698
1183,14141
1184,14261
1185,18587
1186,53943
1187,14875
1188,15548
1189,16095
1190,20548
1191,15484
1192,17801
1193,13647
1194,16090
1195,14853
1196,12931
1197,14112
1198,15964
1199,23857
1200,428515
1201,28862
1202,25699
1203,18796
1204,23958
1205,20609
1206,21025
1207,19114
1208,17984
1209,17181
1210,28675
1211,20422
1212,28196
1213,19396
1214,18432
1215,25851
1216,19314
1217,15519
1218,15845
1219,16362
1220,28664
1221,19546
1222,21177
1223,20456
1224,17691
1225,23780
1226,16086
1227,16983
1228,15098
1229,15569
1230,29504
1231,18748
1232,17603
1233,15587
1234,138879
1235,20145
1236,14952
1237,14569
1238,13877
1239,13872
1240,26249
1241,16243
1242,18779
1243,16084
1244,17830
1245,19790
1246,15094
1247,13594
1248,16464
1249,15250
1250,73251
1251,17518
1252,30278
1253,16598
1254,17200
1255,16424
1256,16426
1257,16130
1258,16215
1259,15151
1260,32225
1261,14627
1262,12793
1263,13710
1264,13931
1265,15350
1266,13537
1267,14166
1268,13785
1269,12035
1270,22426
1271,15382
1272,14703
1273,21962
1274,15949
1275,20190
1276,13335
1277,14078
1278,13918
1279,16771
1280,74440
1281,13641
1282,14034
1283,14126
1284,15210
1285,15483
1286,12082
1287,13191
1288,13188
1289,13361
1290,22919
1291,17145
1292,14949
1293,13424
1294,13134
1295,18063
1296,19031
1297,13769
1298,13658
1299,18622
1300,203218
1301,49401
1302,19987
1303,18138
1304,18062
1305,19660
1306,16612
1307,34224
1308,16300
1309,16219
1310,24878
1311,16803
1312,17943
1313,19885
1314,16343
1315,18185
1316,14671
1317,14932
1318,13510
1319,13112
1320,27831
1321,15691
1322,14932
1323,15662
1324,15701
1325,25010
1326,15151
1327,15991
1328,14251
1329,13484
1330,25730
1331,16897
1332,20234
1333,23095
1334,15063
1335,15920
1336,13838
1337,35080
1338,13455
1339,12551
1340,22239
1341,14561
1342,14603
1343,14753
1344,16485
1345,17464
1346,14572
1347,14810
1348,16151
1349,15422
1350,46041
1351,14460
1352,12555
1353,14517
1354,12037
1355,14021
1356,12671
1357,13347
1358,11772
1359,12504
1360,20895
1361,13587
1362,12726
1363,13041
1364,14654
1365,26330
1366,23112
1367,14242
1368,17830
1369,12492
1370,19127
1371,57244
1372,14199
1373,14847
1374,12392
1375,15867
1376,12647
1377,15546
1378,13904
1379,11670
1380,20000
1381,13622
1382,13658
1383,12344
1384,12303
1385,15022
1386,14225
1387,12580
1388,12385
1389,13458
1390,16660
1391,12692
1392,15891
1393,11919
1394,19298
1395,15513
1396,12574
1397,13348
1398,12879
1399,17421
1400,180540
1401,23185
1402,17548
1403,15959
1404,19566
1405,18447
1406,15834
1407,14429
1408,16855
1409,14175
1410,23332
1411,15405
1412,15094
1413,13253
1414,16260
1415,22929
1416,14713
1417,12823
1418,12867
1419,13401
1420,24517
1421,14022
1422,14645
1423,14723
1424,13985
1425,17292
1426,11434
1427,12295
1428,13699
1429,14070
1430,23103
1431,14823
1432,14374
1433,19125
1434,13414
1435,16979
1436,12559
1437,12539
1438,13019
1439,13255
1440,59858
1441,18670
1442,13888
1443,13134
1444,15069
1445,14933
1446,12766
1447,12083
1448,11744
1449,12199
1450,44088
1451,13668
1452,15030
1453,20132
1454,11130
1455,18358
1456,12830
1457,11556
1458,11961
1459,11804
1460,21766
1461,15400
1462,12735
1463,12253
1464,12407
1465,12589
1466,11370
1467,13741
1468,12407
1469,14167
1470,18351
1471,24388
1472,15508
1473,14195
1474,11886
1475,18364
1476,13172
1477,13231
1478,12308
1479,11778
1480,22120
1481,11445
1482,13696
1483,18185
1484,13180
1485,17453
1486,11785
1487,11403
1488,12916
1489,11676
1490,17433
1491,13787
1492,31423
1493,15518
1494,15188
1495,15156
1496,11202
1497,14059
1498,13709
1499,17925
1500,579828
1501,26497
1502,21778
1503,19149
1504,18171
1505,18877
1506,17298
1507,15126
1508,15889
1509,17962
1510,23544
1511,19332
1512,18443
1513,16644
1514,15030
1515,24305
1516,18007
1517,19263
1518,19299
1519,19016
1520,39889
1521,24729
1522,17003
1523,17137
1524,17572
1525,22793
1526,16876
1527,16179
1528,15081
1529,15395
1530,28779
1531,15076
1532,15835
1533,16226
1534,17074
1535,22399
1536,31794
1537,15475
1538,17440
1539,16257
1540,28825
1541,17784
1542,18098
1543,16590
1544,13923
1545,18451
1546,14985
1547,17643
1548,14827
1549,16677
1550,45382
1551,16040
1552,15584
1553,17924
1554,13867
1555,19225
1556,15318
1557,15706
1558,18288
1559,19167
1560,25383
1561,14862
1562,15982
1563,15172
1564,18282
1565,18212
1566,15229
1567,14689
1568,15161
1569,14301
1570,21669
1571,16529
1572,17099
1573,15359
1574,13370
1575,19137
1576,14106
1577,14859
1578,13605
1579,13399
1580,22925
1581,14622
1582,18108
1583,14839
1584,15790
1585,17312
1586,14974
1587,15689
1588,18676
1589,14646
1590,23915
1591,18641
1592,17852
1593,14936
1594,15532
1595,16371
1596,16067
1597,15635
1598,18442
1599,20625
1600,261682
1601,26029
1602,23219
1603,34007
1604,24984
1605,24833
1606,21767
1607,25989
1608,21939
1609,24338
1610,30766
1611,24794
1612,21660
1613,18100
1614,17163
1615,19081
1616,22436
1617,17319
1618,19462
1619,24669
1620,34691
1621,20788
1622,18010
1623,20771
1624,17942
1625,24647
1626,17335
1627,15587
1628,18185
1629,17327
1630,30648
1631,17410
1632,20629
1633,18887
1634,19928
1635,20994
1636,18765
1637,18415
1638,20679
1639,18168
1640,54533
1641,19534
1642,26178
1643,19320
1644,26129
1645,20232
1646,22995
1647,16803
1648,23536
1649,20125
1650,57774
1651,19307
1652,18028
1653,17041
1654,17680
1655,19183
1656,18409
1657,16253
1658,17270
1659,16348
1660,45260
1661,19778
1662,20190
1663,17756
1664,19431
1665,22165
1666,23127
1667,22098
1668,16800
1669,16306
1670,25312
1671,15707
1672,19062
1673,16481
1674,16787
1675,21475
1676,16556
1677,16102
1678,16522
1679,16226
1680,33291
1681,17415
1682,17615
1683,18665
1684,16966
1685,23279
1686,16005
1687,17560
1688,25520
1689,23687
1690,25331
1691,16731
1692,21680
1693,16270
1694,16617
1695,18617
1696,16835
1697,17514
1698,16105
1699,20015
1700,159897
1701,31616
1702,23317
1703,24527
1704,22752
1705,21156
1706,21889
1707,26151
1708,21968
1709,24980
1710,29389
1711,23104
1712,19998
1713,19243
1714,21682
1715,26279
1716,18987
1717,22475
1718,20688
1719,18697
1720,31888
1721,19895
1722,21489
1723,20917
1724,19276
1725,23696
1726,19020
1727,21253
1728,23999
1729,19463
1730,31709
1731,18760
1732,21292
1733,21624
1734,20846
1735,22691
1736,19834
1737,20913
1738,20305
1739,18912
1740,31381
1741,21668
1742,21730
1743,21837
1744,21032
1745,28121
1746,21988
1747,20502
1748,23671
1749,22755
1750,68933
1751,22276
1752,25334
1753,25307
1754,25179
1755,31567
1756,26023
1757,27578
1758,29389
1759,26504
1760,38232
1761,23464
1762,24763
1763,32950
1764,25914
1765,29102
1766,25931
1767,25469
1768,26478
1769,28978
1770,44000
1771,26125
1772,29921
1773,28987
1774,35018
1775,55272
1776,80323
1777,41248
1778,35372
1779,31335
1780,48299
1781,35487
1782,35987
1783,43196
1784,35851
1785,36843
1786,33218
1787,48549
1788,44319
1789,68395
1790,59257
1791,45939
1792,53241
1793,47963
1794,42347
1795,45290
1796,42303
1797,41693
1798,48387
1799,45717
1800,358265
1801,56176
1802,47918
1803,60478
1804,52776
1805,49988
1806,51862
1807,45822
1808,48149
1809,58060
1810,61924
1811,47768
1812,100234
1813,50660
1814,56182
1815,73576
1816,50196
1817,49981
1818,57116
1819,54777
1820,83160
1821,60039
1822,52025
1823,48860
1824,57351
1825,62201
1826,51277
1827,51069
1828,56316
1829,55491
1830,103499
1831,61171
1832,69697
1833,63008
1834,63526
1835,72202
1836,74012
1837,77145
1838,67932
1839,70132
1840,113119
1841,74615
1842,71173
1843,69709
1844,73729
1845,81564
1846,79530
1847,80031
1848,105956
1849,83833
1850,166268
1851,98290
1852,79810
1853,79888
1854,87985
1855,89157
1856,88436
1857,96038
1858,90000
1859,97116
1860,160097
1861,149909
1862,133227
1863,132322
1864,135746
1865,153313
1866,99498
1867,108184
1868,105948
1869,100142
1870,156241
1871,115657
1872,106683
1873,99577
1874,96765
1875,117486
1876,109303
1877,99395
1878,101299
1879,104086
1880,175813
1881,124433
1882,120040
1883,116171
1884,113782
1885,125315
1886,120960
1887,121117
1888,129623
1889,130745
1890,182623
1891,133057
1892,128861
1893,132329
1894,123863
1895,147059
1896,139508
1897,134457
1898,146943
1899,146647
1900,404121
1901,196125
1902,161929
1903,173920
1904,171887
1905,191594
1906,179075
1907,173254
1908,191149
1909,181482
1910,259387
1911,249169
1912,227876
1913,213181
1914,293284
1915,237314
1916,230200
1917,284711
1918,307913
1919,253702
1920,423164
1921,211579
1922,217374
1923,207379
1924,208648
1925,223006
1926,215282
1927,215760
1928,225646
1929,261072
1930,353253
1931,218670
1932,233420
1933,285552
1934,252780
1935,258015
1936,273301
1937,268726
1938,282017
1939,357722
1940,417782
1941,338603
1942,332792
1943,303410
1944,351674
1945,495852
1946,324905
1947,351855
1948,387461
1949,333026
1950,530681
1951,303198
1952,321091
1953,332427
1954,343470
1955,356496
1956,373048
1957,372672
1958,372847
1959,386318
1960,616122
1961,427495
1962,456470
1963,474180
1964,529940
1965,539907
1966,508837
1967,590321
1968,629916
1969,624927
1970,861252
1971,608859
1972,659094
1973,654386
1974,644311
1975,692853
1976,683363
1977,664425
1978,713317
1979,778043
1980,1042992
1981,757556
1982,809533
1983,827623
1984,945434
1985,930964
1986,980382
1987,975370
1988,1046617
1989,1158807
1990,1483055
1991,1280429
1992,1393724
1993,1403791
1994,1554829
1995,1687670
1996,1806864
1997,1894847
1998,2090222
1999,2472927
2000,4205075
2001,2991581
2002,2970746
2003,3369357
2004,3658456
2005,4147197
2006,4652424
2007,5527785
2008,6679712
2009,6266646
2010,7298157
2011,7309026
2012,8361728
2013,8384175
2014,8454042
2015,8614394
2016,9279954
2017,9652583
2018,10160498
2019,9530454
2020,9900843
2021,6929805
2022,4283076
2023,798357
2024,273398
2025,300485
2026,117421
2027,84451
2028,67271
2029,37696
2030,370517
2031,30523
2032,27259
2033,21000
2034,15665
2035,52093
2036,17487
2037,13491
2038,14278
2039,11719
2040,68568
2041,14083
2042,18068
2043,9443
2044,10303
2045,23069
2046,11295
2047,15380
2048,122479
2049,22553
2050,193816
2051,9765
2052,10387
2053,8135
2054,7745
2055,10929
2056,9321
2057,7269
2058,9795
2059,7399
2060,33430
2061,8764
2062,7179
2063,10039
2064,7999
2065,9099
2066,7881
2067,7386
2068,7181
2069,7047
2070,28190
2071,8670
2072,8629
2073,7405
2074,8686
2075,9972
2076,7864
2077,34623
2078,7199
2079,7638
2080,32897
2081,7136
2082,6285
2083,6732
2084,7149
2085,7214
2086,6122
2087,6840
2088,6886
2089,6239
2090,9821
2091,6129
2092,6028
2093,6075
2094,6142
2095,7156
2096,5991
2097,6623
2098,5751
2099,15568
2100,117080
2101,13977
2102,11641
2103,11005
2104,11397
2105,15269
2106,11034
2107,9408
2108,10077
2109,9103
2110,39442
2111,30647
2112,16518
2113,9463
2114,8865
2115,10876
2116,9284
2117,7892
2118,9208
2119,8313
2120,12896
2121,13879
2122,9199
2123,7587
2124,6855
2125,9322
2126,7121
2127,5763
2128,6611
2129,6027
2130,11716
2131,7748
2132,6458
2133,10221
2134,7584
2135,7280
2136,6279
2137,8358
2138,8001
2139,10812
2140,11202
2141,7811
2142,8734
2143,7246
2144,6487
2145,7283
2146,5614
2147,7339
2148,7073
2149,6272
2150,16913
2151,7292
2152,6649
2153,6515
2154,6578
2155,8726
2156,6077
2157,6280
2158,5390
2159,5610
2160,24726
2161,6547
2162,5738
2163,5841
2164,6846
2165,6936
2166,6175
2167,5708
2168,5421
2169,5630
2170,8256
2171,6102
2172,6061
2173,5263
2174,7112
2175,7350
2176,6020
2177,5299
2178,5193
2179,5242
2180,8436
2181,14463
2182,5598
2183,5382
2184,5546
2185,5449
2186,4851
2187,6528
2188,5295
2189,5142
2190,7317
2191,6596
2192,5766
2193,6053
2194,5204
2195,6610
2196,6498
2197,5810
2198,5000
2199,8409
2200,86562
2201,14797
2202,12841
2203,10368
2204,11389
2205,13932
2206,8017
2207,6715
2208,7561
2209,6478
2210,11275
2211,9815
2212,11889
2213,6767
2214,6953
2215,10615
2216,7134
2217,6973
2218,6432
2219,6252
2220,10836
2221,8240
2222,28473
2223,8264
2224,7739
2225,9677
2226,5882
2227,6799
2228,6327
2229,6368
2230,10437
2231,7841
2232,6640
2233,7975
2234,6009
2235,6446
2236,6755
2237,6189
2238,5263
2239,5713
2240,10056
2241,7769
2242,6655
2243,6380
2244,8342
2245,6932
2246,5863
2247,5324
2248,5660
2249,5938
2250,21380
2251,7101
2252,6343
2253,6635
2254,11691
2255,14824
2256,6044
2257,6764
2258,5170
2259,5685
2260,7878
2261,6223
2262,5381
2263,5385
2264,6221
2265,6471
2266,5624
2267,6055
2268,5606
2269,5242
2270,6988
2271,5417
2272,7185
2273,6538
2274,5123
2275,6277
2276,5528
2277,7083
2278,6087
2279,4746
2280,10764
2281,6783
2282,5434
2283,5865
2284,5365
2285,5580
2286,4912
2287,5875
2288,6148
2289,4856
2290,7821
2291,5026
2292,4957
2293,4980
2294,4579
2295,5680
2296,5068
2297,4664
2298,4737
2299,6315
2300,66818
2301,9961
2302,7204
2303,6510
2304,10248
2305,7846
2306,5561
2307,13495
2308,6625
2309,5722
2310,9903
2311,7968
2312,8225
2313,6288
2314,6648
2315,6682
2316,5871
2317,6701
2318,5593
2319,6749
2320,9754
2321,6531
2322,6965
2323,9346
2324,6631
2325,7065
2326,5920
2327,5586
2328,5403
2329,5304
2330,8863
2331,5910
2332,5947
2333,7851
2334,6741
2335,5757
2336,5668
2337,7442
2338,4936
2339,5675
2340,20951
2341,6284
2342,6222
2343,5462
2344,6608
2345,15957
2346,5457
2347,5818
2348,5397
2349,5397
2350,12405
2351,5486
2352,6171
2353,5364
2354,4918
2355,5940
2356,5641
2357,6002
2358,4817
2359,6698
2360,7238
2361,5025
2362,5106
2363,4854
2364,5118
2365,5369
2366,5674
2367,5262
2368,6319
2369,5353
2370,6611
2371,5417
2372,5213
2373,5248
2374,4803
2375,8420
2376,6573
2377,5618
2378,4864
2379,9119
2380,9575
2381,6016
2382,4800
2383,5228
2384,4610
2385,5069
2386,4646
2387,4396
2388,4913
2389,4688
2390,5620
2391,6156
2392,5551
2393,4766
2394,4849
2395,5796
2396,4868
2397,4617
2398,4559
2399,6061
2400,96089
2401,10240
2402,6690
2403,7123
2404,6162
2405,6240
2406,5318
2407,5977
2408,5899
2409,5264
2410,7874
2411,6401
2412,8432
2413,5989
2414,5540
2415,6254
2416,5360
2417,5130
2418,5112
2419,5559
2420,8116
2421,5314
2422,6343
2423,5435
2424,7971
2425,7159
2426,5157
2427,4945
2428,4821
2429,4978
2430,7016
2431,5736
2432,5248
2433,5269
2434,5001
2435,5228
2436,5237
2437,4826
2438,5165
2439,4574
2440,8292
2441,5515
2442,5380
2443,5089
2444,5359
2445,5480
2446,4819
2447,5080
2448,6873
2449,5156
2450,12661
2451,5913
2452,5078
2453,4754
2454,6015
2455,5933
2456,5029
2457,5100
2458,5633
2459,4442
2460,8471
2461,4940
2462,4803
2463,4382
2464,4938
2465,5369
2466,4583
2467,4819
2468,5584
2469,4590
2470,5984
2471,5016
2472,5163
2473,4610
2474,4947
2475,5825
2476,5578
2477,5114
2478,5254
2479,4304
2480,7056
2481,4821
2482,4471
2483,4400
2484,4450
2485,4827
2486,4728
2487,4331
2488,4566
2489,4749
2490,6069
2491,4556
2492,4463
2493,4448
2494,4526
2495,5607
2496,4995
2497,4670
2498,4389
2499,7858
2500,270028
2501,9710
2502,6209
2503,5780
2504,5563
2505,6540
2506,5430
2507,5305
2508,5230
2509,5245
2510,9034
2511,6383
2512,5441
2513,4937
2514,5317
2515,5848
2516,5234
2517,4640
2518,5481
2519,5600
2520,17246
2521,5918
2522,6775
2523,5131
2524,5110
2525,11366
2526,6123
2527,5278
2528,4960
2529,5494
2530,6810
2531,5337
2532,6065
2533,4872
2534,4452
2535,5684
2536,5170
2537,4643
2538,4638
2539,4580
2540,7515
2541,4847
2542,4264
2543,4778
2544,4856
2545,5198
2546,4255
2547,4477
2548,4978
2549,4414
2550,12795
2551,5761
2552,5982
2553,5755
2554,4943
2555,7333
2556,4683
2557,5156
2558,5003
2559,5130
2560,28799
2561,5030
2562,5392
2563,5180
2564,5382
2565,5307
2566,4313
2567,4592
2568,4596
2569,3769
2570,5547
2571,4325
2572,4020
2573,3913
2574,10969
2575,5301
2576,4248
2577,4791
2578,4466
2579,4391
2580,6864
2581,4940
2582,4560
2583,4720
2584,4721
2585,4526
2586,4106
2587,4052
2588,4912
2589,4220
2590,5487
2591,4627
2592,6129
2593,4168
2594,4100
2595,5095
2596,4380
2597,4488
2598,3948
2599,4911
2600,82994
2601,8996
2602,5452
2603,5269
2604,5398
2605,5804
2606,6872
2607,5142
2608,4687
2609,4881
2610,8665
2611,5944
2612,4738
2613,4484
2614,4371
2615,5506
2616,6518
2617,4858
2618,4424
2619,4107
2620,8139
2621,4836
2622,5075
2623,5355
2624,4166
2625,6608
2626,6222
2627,5038
2628,5024
2629,3880
2630,6938
2631,4908
2632,4680
2633,4596
2634,4110
2635,5043
2636,4190
2637,4906
2638,3949
2639,4625
2640,9912
2641,4232
2642,7067
2643,4199
2644,4004
2645,4485
2646,4670
2647,4029
2648,4452
2649,4065
2650,11409
2651,4787
2652,4513
2653,4295
2654,3864
2655,4975
2656,4492
2657,4008
2658,3833
2659,3717
2660,6270
2661,4641
2662,4013
2663,4474
2664,4614
2665,5268
2666,9028
2667,5651
2668,3643
2669,3913
2670,5579
2671,4524
2672,4355
2673,4550
2674,3940
2675,4706
2676,3866
2677,4697
2678,3869
2679,4035
2680,6898
2681,3943
2682,4017
2683,3946
2684,3689
2685,4030
2686,4145
2687,3690
2688,5253
2689,3746
2690,5690
2691,4089
2692,4368
2693,4262
2694,3593
2695,5016
2696,3791
2697,4395
2698,3822
2699,5543
2700,51397
2701,7232
2702,5309
2703,5440
2704,5909
2705,5305
2706,4333
2707,4866
2708,4626
2709,4673
2710,6755
2711,5420
2712,4820
2713,4595
2714,4509
2715,5047
2716,4555
2717,4256
2718,4204
2719,4313
2720,7782
2721,4751
2722,4636
2723,4267
2724,4224
2725,4896
2726,4296
2727,6423
2728,4562
2729,4330
2730,6257
2731,4232
2732,4973
2733,4390
2734,4018
2735,4041
2736,4974
2737,4594
2738,4282
2739,4271
2740,5211
2741,4241
2742,4022
2743,5043
2744,4878
2745,4740
2746,3813
2747,4330
2748,3517
2749,3690
2750,13158
2751,4276
2752,4005
2753,4296
2754,3965
2755,4984
2756,3789
2757,4076
2758,3701
2759,3652
2760,6692
2761,3971
2762,3838
2763,3818
2764,4969
2765,4462
2766,3825
2767,4753
2768,4191
2769,3864
2770,5362
2771,3893
2772,4589
2773,3938
2774,4196
2775,5275
2776,3992
2777,5183
2778,4993
2779,3687
2780,5379
2781,4436
2782,4126
2783,3857
2784,3991
2785,4748
2786,3656
2787,6219
2788,3918
2789,4442
2790,4853
2791,3650
2792,3552
2793,3712
2794,3258
2795,4345
2796,4707
2797,3682
2798,3747
2799,6888
2800,55510
2801,7318
2802,5185
2803,5044
2804,4415
2805,4832
2806,4342
2807,4384
2808,5694
2809,4440
2810,5933
2811,5571
2812,4833
2813,4377
2814,4710
2815,4655
2816,5073
2817,4259
2818,4526
2819,3769
2820,5913
2821,4737
2822,5516
2823,3893
2824,6457
2825,4929
2826,3885
2827,6261
2828,5753
2829,4252
2830,5434
2831,4113
2832,4258
2833,4384
2834,3793
2835,5413
2836,5263
2837,3640
2838,3809
2839,3816
2840,6578
2841,4493
2842,3799
2843,3738
2844,3841
2845,4170
2846,3455
2847,4203
2848,4636
2849,3696
2850,9847
2851,4362
2852,5231
2853,3624
2854,3635
2855,4420
2856,4111
2857,4606
2858,3894
2859,3623
2860,5660
2861,4047
2862,3311
2863,3516
2864,4175
2865,4510
2866,8495
2867,3582
2868,3782
2869,3756
2870,4396
2871,3711
2872,3685
2873,3629
2874,3635
2875,5271
2876,3680
2877,3658
2878,3572
2879,3643
2880,11606
2881,3989
2882,3864
2883,4506
2884,3409
2885,5586
2886,3742
2887,3904
2888,5541
2889,3747
2890,4765
2891,4909
2892,4929
2893,3990
2894,3425
2895,4109
2896,3790
2897,3305
2898,3577
2899,4320
2900,31065
2901,6562
2902,4694
2903,5506
2904,4385
2905,4580
2906,3976
2907,4191
2908,4139
2909,4551
2910,5973
2911,5631
2912,4442
2913,4223
2914,4033
2915,4842
2916,4210
2917,5142
2918,4037
2919,4309
2920,8709
2921,4577
2922,4072
2923,4461
2924,4593
2925,5402
2926,3634
2927,3786
2928,3858
2929,6769
2930,6178
2931,4059
2932,3617
2933,5186
2934,3848
2935,3988
2936,3862
2937,3386
2938,3369
2939,3706
2940,5873
2941,4153
2942,3646
2943,3747
2944,3693
2945,3828
2946,3330
2947,3634
2948,3571
2949,3852
2950,9502
2951,4135
2952,3624
2953,3786
2954,3515
2955,4060
2956,3181
2957,3645
2958,4888
2959,3736
2960,6932
2961,3573
2962,3472
2963,3578
2964,3436
2965,3778
2966,3705
2967,3856
2968,3636
2969,3588
2970,4868
2971,3433
2972,3429
2973,3561
2974,3528
2975,4245
2976,3829
2977,3813
2978,3316
2979,3352
2980,4930
2981,3507
2982,3448
2983,3385
2984,3177
2985,3701
2986,3396
2987,4055
2988,3599
2989,3453
2990,5054
2991,3974
2992,4259
2993,3320
2994,3327
2995,4587
2996,3778
2997,4108
2998,4221
2999,9515
3000,668795
3001,26823
3002,11527
3003,11249
3004,8530
3005,7651
3006,7426
3007,6326
3008,10958
3009,6309
3010,11159
3011,6488
3012,6871
3013,5562
3014,5374
3015,6353
3016,5266
3017,4609
3018,5240
3019,5313
3020,9775
3021,5840
3022,4781
3023,4930
3024,8144
3025,6708
3026,4116
3027,4332
3028,3865
3029,4936
3030,14642
3031,6023
3032,4946
3033,5273
3034,4434
3035,5376
3036,4305
3037,4032
3038,4440
3039,4453
3040,8926
3041,4257
3042,4415
3043,4106
3044,4096
3045,4666
3046,3722
3047,3575
3048,5875
3049,3893
3050,14043
3051,4436
3052,4795
3053,5061
3054,3664
3055,5199
3056,4337
3057,4029
3058,3599
3059,3763
3060,17390
3061,3788
3062,3918
3063,3636
3064,3600
3065,4660
3066,4216
3067,4038
3068,3894
3069,3429
3070,17537
3071,4554
3072,11551
3073,3749
3074,3877
3075,4417
3076,3755
3077,4608
3078,3466
3079,4066
3080,26680
3081,4766
3082,3609
3083,3794
3084,3639
3085,4475
3086,3528
3087,3558
3088,3999
3089,3598
3090,17365
3091,3764
3092,3265
3093,3213
3094,3536
3095,4162
3096,3931
3097,3454
3098,3655
3099,4796
3100,37783
3101,8962
3102,6016
3103,4692
3104,4852
3105,5127
3106,4378
3107,4404
3108,4639
3109,7499
3110,7356
3111,7270
3112,5947
3113,4620
3114,5048
3115,5841
3116,4044
3117,3987
3118,3772
3119,3877
3120,8307
3121,6931
3122,4460
3123,4597
3124,4801
3125,27172
3126,4053
3127,3828
3128,7464
3129,4228
3130,6795
3131,6547
3132,5019
3133,4884
3134,4048
3135,5357
3136,4766
3137,4021
3138,3877
3139,3442
3140,5318
3141,5062
3142,5328
3143,3955
3144,4747
3145,4847
3146,3798
3147,3949
3148,3470
3149,3475
3150,9921
3151,4186
3152,3714
3153,3652
3154,3374
3155,4246
3156,4059
3157,4439
3158,3245
3159,3886
3160,5275
3161,4643
3162,3854
3163,4891
3164,3504
3165,3919
3166,11733
3167,3809
3168,4726
3169,3087
3170,4697
3171,4561
3172,3496
3173,3321
3174,3876
3175,4664
3176,3312
3177,3548
3178,3050
3179,3281
3180,4812
3181,4092
3182,3516
3183,3211
3184,3512
3185,3695
3186,3398
3187,3348
3188,3602
3189,3427
3190,4250
3191,3545
3192,3403
3193,3147
3194,4187
3195,3727
3196,3431
3197,2947
3198,3393
3199,4327
3200,78722
3201,9071
3202,5637
3203,4562
3204,4405
3205,5816
3206,4212
3207,4369
3208,4473
3209,4103
3210,7584
3211,6169
3212,4743
3213,4452
3214,4259
3215,4703
3216,4619
3217,3757
3218,3591
3219,3646
3220,6495
3221,4818
3222,4434
3223,4555
3224,4159
3225,4658
3226,3899
3227,3880
3228,3497
3229,3695
3230,5220
3231,4406
3232,9770
3233,5842
3234,3780
3235,4960
3236,3356
3237,3250
3238,3316
3239,4460
3240,6134
3241,3987
3242,3759
3243,3640
3244,3303
3245,3902
3246,3514
3247,3517
3248,3298
3249,3219
3250,9773
3251,3827
3252,3837
3253,3325
3254,3167
3255,4355
3256,3669
3257,3419
3258,3215
3259,3143
3260,5163
3261,4031
3262,3351
3263,3294
3264,5110
3265,3783
3266,3178
3267,3319
3268,3279
3269,3353
3270,6142
3271,3297
3272,3447
3273,3159
3274,3266
3275,3789
3276,3689
3277,3323
3278,3630
3279,3153
3280,5637
3281,3623
3282,4518
3283,3065
3284,3106
3285,3697
3286,3521
3287,3175
3288,4598
3289,3256
3290,4354
3291,2980
3292,3076
3293,3125
3294,3347
3295,3494
3296,3053
3297,2949
3298,2865
3299,4744
3300,39757
3301,8471
3302,4707
3303,5867
3304,4714
3305,5040
3306,33986
3307,5433
3308,4032
3309,4153
3310,11958
3311,5992
3312,4388
3313,4366
3314,3663
3315,4365
3316,3576
3317,3703
3318,3556
3319,3392
3320,5644
3321,4559
3322,5337
3323,3809
3324,3823
3325,5608
3326,3931
3327,3758
3328,4420
3329,3442
3330,7070
3331,4410
3332,4170
3333,32705
3334,4978
3335,4483
3336,3691
3337,3963
3338,3465
3339,5971
3340,5498
3341,3797
3342,4035
3343,3804
3344,4685
3345,4059
3346,3601
3347,3232
3348,3393
3349,3190
3350,9554
3351,3655
3352,3464
3353,3770
3354,4014
3355,4432
3356,3232
3357,3159
3358,3062
3359,3963
3360,6337
3361,3602
3362,3780
3363,3329
3364,3211
3365,3676
3366,5522
3367,2998
3368,3404
3369,3638
3370,4402
3371,3635
3372,3157
3373,3266
3374,3094
3375,4802
3376,3401
3377,3789
3378,3240
3379,3498
3380,4429
3381,3301
3382,3131
3383,3003
3384,3330
3385,3771
3386,4659
3387,2920
3388,3551
3389,19560
3390,19447
3391,3417
3392,3126
3393,3760
3394,3009
3395,3380
3396,4061
3397,3146
3398,2925
3399,5083
3400,33807
3401,7682
3402,8948
3403,5716
3404,4632
3405,4477
3406,4289
3407,4122
3408,3663
3409,3507
3410,5049
3411,4551
3412,5108
3413,3527
3414,3598
3415,3805
3416,3340
3417,3660
3418,3068
3419,2959
3420,6116
3421,3906
3422,3462
3423,4394
3424,3493
3425,4074
3426,3206
3427,3172
3428,3149
3429,3156
3430,4311
3431,3735
3432,4495
3433,3416
3434,4612
3435,4214
3436,3158
3437,2947
3438,3047
3439,2912
3440,7088
3441,3303
3442,3117
3443,3871
3444,4213
3445,3707
3446,2818
3447,3077
3448,3422
3449,3205
3450,8206
3451,3504
3452,3231
3453,3138
3454,4076
3455,3760
3456,11463
3457,3749
3458,3101
3459,2923
3460,3995
3461,3109
3462,4196
3463,3159
3464,3885
3465,3474
3466,3268
3467,3010
3468,3360
3469,2978
3470,4403
3471,4887
3472,3140
3473,2820
3474,3675
3475,3908
3476,3146
3477,3004
3478,4137
3479,2812
3480,4538
3481,3134
3482,2647
3483,2837
3484,2811
3485,2920
3486,2766
3487,2609
3488,3238
3489,2716
3490,4040
3491,2797
3492,2855
3493,2775
3494,2879
3495,3738
3496,2800
3497,3607
3498,2817
3499,4071
3500,130299
3501,6893
3502,3945
3503,3623
3504,3814
3505,4161
3506,3644
3507,3324
3508,3991
3509,3390
3510,5442
3511,4375
3512,3697
3513,3018
3514,3444
3515,3928
3516,3766
3517,3579
3518,2723
3519,3067
3520,7015
3521,4406
3522,3434
3523,3199
3524,3332
3525,4273
3526,3090
3527,3065
3528,3610
3529,3140
3530,4155
3531,4307
3532,3028
3533,3253
3534,2963
3535,5217
3536,3676
3537,3118
3538,4162
3539,2820
3540,5241
3541,3254
3542,3438
3543,3155
3544,3059
3545,3452
3546,2872
3547,3012
3548,3180
3549,2785
3550,8124
3551,3488
3552,3267
3553,7208
3554,2773
3555,4581
3556,3042
3557,2897
3558,2969
3559,2935
3560,5006
3561,3290
3562,2804
3563,2635
3564,2786
3565,3309
3566,2663
3567,3180
3568,3141
3569,2743
3570,4530
3571,3322
3572,3515
3573,2808
3574,2462
3575,3661
3576,2870
3577,2946
3578,3833
3579,3100
3580,3920
3581,2797
3582,3745
3583,3779
3584,4474
3585,3521
3586,2751
3587,2534
3588,4582
3589,2755
3590,4498
3591,2895
3592,3225
3593,3172
3594,2489
3595,3194
3596,2494
3597,2950
3598,2632
3599,4382
3600,124276
3601,5803
3602,3730
3603,3838
3604,4158
3605,3613
3606,3226
3607,2928
3608,3137
3609,3303
3610,5393
3611,4088
3612,3145
3613,3145
3614,2847
3615,3617
3616,3161
3617,3080
3618,2902
3619,2778
3620,4411
3621,3420
3622,3269
3623,2875
3624,3607
3625,3750
3626,3843
3627,3483
3628,2922
3629,2836
3630,5133
3631,3150
3632,3036
3633,3502
3634,2812
3635,3030
3636,4622
3637,3106
3638,2971
3639,3112
3640,4364
3641,3039
3642,2962
3643,2866
3644,2719
3645,3038
3646,2967
3647,3156
3648,3954
3649,2729
3650,9556
3651,3355
3652,3151
3653,2751
3654,2744
3655,3234
3656,2749
3657,2982
3658,3887
3659,2845
3660,4513
3661,3039
3662,2930
3663,3842
3664,3101
3665,3047
3666,3186
3667,3524
3668,2749
3669,2690
3670,3475
3671,2979
3672,2942
3673,2693
3674,2521
3675,3352
3676,3096
3677,2959
3678,2788
3679,2660
3680,4232
3681,2690
3682,2593
3683,3416
3684,2783
3685,2867
3686,3373
3687,2745
3688,2857
3689,2622
3690,4384
3691,2654
3692,2630
3693,2651
3694,2409
3695,2898
3696,3277
3697,2515
3698,2461
3699,3052
3700,27875
3701,5952
3702,3652
3703,3239
3704,3331
3705,3734
3706,3087
3707,2989
3708,3431
3709,2816
3710,4174
3711,4251
3712,3547
3713,3053
3714,3045
3715,3274
3716,2999
3717,3331
3718,2913
3719,3268
3720,4661
3721,3276
3722,2859
3723,3022
3724,3197
3725,3378
3726,2941
3727,4434
3728,3150
3729,4962
3730,6029
3731,3438
3732,3211
3733,4658
3734,2689
3735,3190
3736,2808
3737,4079
3738,2945
3739,2833
3740,3670
3741,2921
3742,3551
3743,3722
3744,3616
3745,4077
3746,2820
3747,2813
3748,3212
3749,2497
3750,11472
3751,3031
3752,2922
3753,2625
3754,2936
3755,4054
3756,2662
3757,2612
3758,3601
3759,2470
3760,3986
3761,2880
3762,3039
3763,2465
3764,2767
3765,2782
3766,2654
3767,2838
3768,2598
3769,2451
3770,7248
3771,2873
3772,3116
3773,3009
3774,2805
3775,3392
3776,3837
3777,3879
3778,2697
3779,2631
3780,4047
3781,2776
3782,2908
3783,2834
3784,2596
3785,3010
3786,2934
3787,2666
3788,2664
3789,2800
3790,7591
3791,3415
3792,2535
3793,2536
3794,2472
3795,3049
3796,2598
3797,2792
3798,2408
3799,2986
3800,33412
3801,5319
3802,3259
3803,3241
3804,2989
3805,3503
3806,2911
3807,2789
3808,3739
3809,4157
3810,4591
3811,3435
3812,3199
3813,2799
3814,2786
3815,3101
3816,2898
3817,2688
3818,2848
3819,2656
3820,4842
3821,3086
3822,2841
3823,3029
3824,3246
3825,3415
3826,2603
3827,2739
3828,2876
3829,2843
3830,4109
3831,2838
3832,2784
3833,4089
3834,2847
3835,3115
3836,2534
3837,2766
3838,3990
3839,3041
3840,16800
3841,3223
3842,3011
3843,2651
3844,3472
3845,3070
3846,2796
3847,3767
3848,2714
3849,2661
3850,7531
3851,2932
3852,2573
3853,2542
3854,2395
3855,3449
3856,2603
3857,6660
3858,2510
3859,3271
3860,3472
3861,2966
3862,2600
3863,3103
3864,2930
3865,3746
3866,2838
3867,2741
3868,2623
3869,2492
3870,4504
3871,2694
3872,6447
3873,2491
3874,2376
3875,3304
3876,2673
3877,2662
3878,2507
3879,2345
3880,4405
3881,2787
3882,2346
3883,2825
3884,2409
3885,2922
3886,2760
3887,2546
3888,5644
3889,3030
3890,3318
3891,2555
3892,3142
3893,2634
3894,2484
3895,2741
3896,2536
3897,2839
3898,2484
3899,2708
3900,21977
3901,4494
3902,3229
3903,3367
3904,4299
3905,3187
3906,4309
3907,2724
3908,3086
3909,2992
3910,4221
3911,3404
3912,3145
3913,3207
3914,2596
3915,3620
3916,2716
3917,3077
3918,2604
3919,2730
3920,3939
3921,3200
3922,3397
3923,2874
3924,2920
3925,2983
3926,2835
3927,4595
3928,3533
3929,2915
3930,3679
3931,2973
3932,2853
3933,3121
3934,20625
3935,2512
3936,2527
3937,3189
3938,2398
3939,3870
3940,4436
3941,3158
3942,2372
3943,2496
3944,2563
3945,5257
3946,2951
3947,2628
3948,2385
3949,2599
3950,5294
3951,2575
3952,2552
3953,2495
3954,2368
3955,2795
3956,2831
3957,2439
3958,2455
3959,3492
3960,4225
3961,2394
3962,2943
3963,2421
3964,2412
3965,2470
3966,2650
3967,2398
3968,3000
3969,3346
3970,3521
3971,2863
3972,2312
3973,2299
3974,2467
3975,2831
3976,2193
3977,2386
3978,2833
3979,2471
3980,3135
3981,2546
3982,3043
3983,2407
3984,2983
3985,2769
3986,4252
3987,4271
3988,3067
3989,2535
3990,3546
3991,2723
3992,2480
3993,2736
3994,2476
3995,3318
3996,2830
3997,2511
3998,3031
3999,6615
4000,403836
4001,14953
4002,7086
4003,6281
4004,8572
4005,6364
4006,5051
4007,4680
4008,4889
4009,4398
4010,7974
4011,5373
4012,4767
4013,4749
4014,5095
4015,4270
4016,3980
4017,4287
4018,4058
4019,3516
4020,7642
4021,4175
4022,3867
4023,3598
4024,3614
4025,4274
4026,3695
4027,3225
4028,3416
4029,3176
4030,5344
4031,4249
4032,6770
4033,14817
4034,3310
4035,3657
4036,3161
4037,3316
4038,3628
4039,3567
4040,9516
4041,4079
4042,3274
4043,3671
4044,4376
4045,4189
4046,3108
4047,3261
4048,3382
4049,4700
4050,8310
4051,4974
4052,3392
4053,3492
4054,3252
4055,3467
4056,3425
4057,3037
4058,2999
4059,2900
4060,5554
4061,3554
4062,3298
4063,3162
4064,4033
4065,3245
4066,3277
4067,3280
4068,3101
4069,3258
4070,4994
4071,3066
4072,3266
4073,2892
4074,3015
4075,3554
4076,2898
4077,3723
4078,2851
4079,2753
4080,8343
4081,3148
4082,2925
4083,2751
4084,2861
4085,2985
4086,2712
4087,2886
4088,3602
4089,2903
4090,7765
4091,3132
4092,3280
4093,2927
4094,3446
4095,9698
4096,112584
4097,5520
4098,3459
4099,3818
4100,24959
4101,6995
4102,4944
4103,8444
4104,4739
4105,4026
4106,3681
4107,3238
4108,3527
4109,3450
4110,5078
4111,5990
4112,4348
4113,3619
4114,4081
4115,3962
4116,3606
4117,3095
4118,3322
4119,3168
4120,5037
4121,4154
4122,4608
4123,4393
4124,3453
4125,4346
4126,2869
4127,3618
4128,4402
4129,2926
4130,7974
4131,3421
4132,3070
4133,3152
4134,2843
4135,7325
4136,3020
4137,3181
4138,2637
4139,2965
4140,7160
4141,5406
4142,4567
4143,3244
4144,3112
4145,3239
4146,2926
4147,3767
4148,2594
4149,2699
4150,7199
4151,4736
4152,3071
4153,2978
4154,2527
4155,3477
4156,2829
4157,2969
4158,2805
4159,3120
4160,5766
4161,4201
4162,2788
4163,3302
4164,2743
4165,3203
4166,2987
4167,3776
4168,2705
4169,2862
4170,3637
4171,3277
4172,4023
4173,2723
4174,2465
4175,3205
4176,2745
4177,2943
4178,2721
4179,2944
4180,4313
4181,3262
4182,2446
4183,3469
4184,2730
4185,2657
4186,2563
4187,2761
4188,2584
4189,2711
4190,3209
4191,3086
4192,2660
4193,2596
4194,2813
4195,2864
4196,2539
4197,2477
4198,2621
4199,3229
4200,42268
4201,5582
4202,4228
4203,3555
4204,3279
4205,3515
4206,3079
4207,3260
4208,3723
4209,3048
4210,5116
4211,4181
4212,3996
4213,3656
4214,3698
4215,3831
4216,3110
4217,5950
4218,3319
4219,2878
4220,4752
4221,3879
4222,5354
4223,3133
4224,3949
4225,4097
4226,3071
4227,4194
4228,3089
4229,2909
4230,4568
4231,6135
4232,3403
4233,3235
4234,3061
4235,3087
4236,7315
4237,2690
4238,2699
4239,2607
4240,5568
4241,3196
4242,7453
4243,3489
4244,4357
4245,3677
4246,2716
4247,3273
4248,2678
4249,2453
4250,7743
4251,3394
4252,2711
4253,3065
4254,2929
4255,3135
4256,2749
4257,2619
4258,3475
4259,2560
4260,4697
4261,3184
4262,2761
4263,2747
4264,2671
4265,2630
4266,2941
4267,3619
4268,2698
4269,3371
4270,3275
4271,5095
4272,2965
4273,3694
4274,2881
4275,3456
4276,2705
4277,2816
4278,3004
4279,2526
4280,4803
4281,2712
4282,3047
4283,2672
4284,2653
4285,3164
4286,2884
4287,3182
4288,2907
4289,2577
4290,3248
4291,2782
4292,2977
4293,2560
4294,2616
4295,3140
4296,3160
4297,2798
4298,2601
4299,2854
4300,23013
4301,5489
4302,3851
4303,3552
4304,3450
4305,3832
4306,3365
4307,3218
4308,2916
4309,2792
4310,4847
4311,3743
4312,4398
4313,2892
4314,3098
4315,3443
4316,2623
4317,3143
4318,2817
4319,3266
4320,6994
4321,10378
4322,4229
4323,3235
4324,4803
4325,3722
4326,19520
4327,2651
4328,2898
4329,2763
4330,4587
4331,3638
4332,3305
4333,4397
4334,3068
4335,3241
4336,2758
4337,2796
4338,3168
4339,2584
4340,5435
4341,2938
4342,2889
4343,4283
4344,3264
4345,3156
4346,2674
4347,2786
4348,2777
4349,2799
4350,6882
4351,2946
4352,3320
4353,3034
4354,2496
4355,3389
4356,3250
4357,6813
4358,2466
4359,2522
4360,4295
4361,2690
4362,2865
4363,3574
4364,2886
4365,3085
4366,2887
4367,2381
4368,3937
4369,2682
4370,3581
4371,2680
4372,2582
4373,2566
4374,2686
4375,10882
4376,2455
4377,2646
4378,2126
4379,2329
4380,3668
4381,2654
4382,2385
4383,2377
4384,2665
4385,2584
4386,2618
4387,2380
4388,3137
4389,3620
4390,2994
4391,2643
4392,2551
4393,2506
4394,2271
4395,3192
4396,2357
4397,2443
4398,2468
4399,3314
4400,28019
4401,5411
4402,3627
4403,3095
4404,3714
4405,3145
4406,3218
4407,2708
4408,3144
4409,2892
4410,4297
4411,4455
4412,3946
4413,2928
4414,3153
4415,3094
4416,3642
4417,2711
4418,2825
4419,3516
4420,4155
4421,3483
4422,3969
4423,3422
4424,2999
4425,3186
4426,2570
4427,2774
4428,2713
4429,2757
4430,5187
4431,3067
4432,3070
4433,4131
4434,3087
4435,3540
4436,2593
4437,2954
4438,3057
4439,2566
4440,5008
4441,3400
4442,2874
4443,4045
4444,20534
4445,4796
4446,2949
4447,3006
4448,3156
4449,3665
4450,5090
4451,3144
4452,2835
4453,3113
4454,2697
4455,4691
4456,2887
4457,3051
4458,2873
4459,2804
4460,4206
4461,2677
4462,2937
4463,2607
4464,3102
4465,3393
4466,3303
4467,2596
4468,2587
4469,2435
4470,3468
4471,3458
4472,4545
4473,5467
4474,2527
4475,2751
4476,2633
4477,3586
4478,2430
4479,2548
4480,3741
4481,2814
4482,2485
4483,2821
4484,2814
4485,3066
4486,2610
4487,2757
4488,3564
4489,2542
4490,3483
4491,2738
4492,2605
4493,2514
4494,2555
4495,2636
4496,2618
4497,2469
4498,2304
4499,3608
4500,77136
4501,5614
4502,5549
4503,4560
4504,2974
4505,4484
4506,4811
4507,2857
4508,3009
4509,3181
4510,4679
4511,4021
4512,3575
4513,3029
4514,2828
4515,3720
4516,2847
4517,2429
4518,2480
4519,2576
4520,4599
4521,3157
4522,3195
4523,2673
4524,2633
4525,3595
4526,2825
4527,2546
4528,2503
4529,2880
4530,4076
4531,2607
4532,2857
4533,2697
4534,2657
4535,2966
4536,2954
4537,2465
4538,2475
4539,2520
4540,3215
4541,2868
4542,2938
4543,2531
4544,2884
4545,5425
4546,3064
4547,2714
4548,2738
4549,2800
4550,5490
4551,3156
4552,2637
4553,2440
4554,2777
4555,3996
4556,2734
4557,2706
4558,2601
4559,2593
4560,4137
4561,2667
4562,3487
4563,2971
4564,2670
4565,2891
4566,3763
4567,10969
4568,2728
4569,2926
4570,4000
4571,2798
4572,2776
4573,2371
4574,2136
4575,3269
4576,2907
4577,3015
4578,2523
4579,2446
4580,2881
4581,2450
4582,2296
4583,2675
4584,2387
4585,2382
4586,2131
4587,2417
4588,2369
4589,2234
4590,3881
4591,2392
4592,2541
4593,2741
4594,2246
4595,2392
4596,2136
4597,2398
4598,2305
4599,2597
4600,22994
4601,4081
4602,2843
4603,2783
4604,2615
4605,2962
4606,3291
4607,2908
4608,4669
4609,2991
4610,4213
4611,2850
4612,2816
4613,2699
4614,3060
4615,3180
4616,2981
4617,2465
4618,2532
4619,2506
4620,3994
4621,2727
4622,2942
4623,2582
4624,3200
4625,3477
4626,2890
4627,2821
4628,2520
4629,2277
4630,3583
4631,2954
4632,2766
4633,2524
4634,3189
4635,2709
4636,5099
4637,2491
4638,2856
4639,2537
4640,3624
4641,2825
4642,2531
4643,2575
4644,2540
4645,2829
4646,3691
4647,2950
4648,3200
4649,2879
4650,5813
4651,2837
4652,2550
4653,2960
4654,2435
4655,3024
4656,2701
4657,2543
4658,2634
4659,2220
4660,3748
4661,2572
4662,2544
4663,2891
4664,3357
4665,2702
4666,2822
4667,3145
4668,2474
4669,2200
4670,4101
4671,2416
4672,2479
4673,4295
4674,2241
4675,2700
4676,2431
4677,2472
4678,2587
4679,2249
4680,5111
4681,2796
4682,2256
4683,2220
4684,2649
4685,2405
4686,3890
4687,2583
4688,4371
4689,2232
4690,3395
4691,2376
4692,2768
4693,2292
4694,2158
4695,2438
4696,2537
4697,2483
4698,2384
4699,2496
4700,19903
4701,3961
4702,2831
4703,2782
4704,3183
4705,3047
4706,2459
4707,2849
4708,2778
4709,2507
4710,3778
4711,6285
4712,3024
4713,2939
4714,2435
4715,3470
4716,2446
4717,2809
4718,2399
4719,2496
4720,3842
4721,2599
4722,2749
4723,3447
4724,2659
4725,3644
4726,2456
4727,2649
4728,2414
4729,2477
4730,3644
4731,2693
4732,2681
4733,2664
4734,2229
4735,2478
4736,3173
4737,2534
4738,2286
4739,2812
4740,3444
4741,2714
4742,2467
4743,2335
4744,2545
4745,2548
4746,2435
4747,4020
4748,2493
4749,2228
4750,6003
4751,2861
4752,2869
4753,2335
4754,2622
4755,3149
4756,2558
4757,2488
4758,2944
4759,2196
4760,3299
4761,2491
4762,2299
4763,2241
4764,2092
4765,2472
4766,2443
4767,2311
4768,2404
4769,2797
4770,5006
4771,2794
4772,2476
4773,2277
4774,2443
4775,2713
4776,2702
4777,3152
4778,2036
4779,2355
4780,3069
4781,2354
4782,2202
4783,2418
4784,2381
4785,2340
4786,2738
4787,2324
4788,2483
4789,2571
4790,3755
4791,2294
4792,2101
4793,2081
4794,2031
4795,2230
4796,2266
4797,2667
4798,2262
4799,2704
4800,36843
4801,4354
4802,2997
4803,2713
4804,2673
4805,3238
4806,2416
4807,2509
4808,2756
4809,8571
4810,4412
4811,3107
4812,2576
4813,2387
4814,2391
4815,2676
4816,2491
4817,2318
4818,2485
4819,3406
4820,3302
4821,2741
4822,3321
4823,2269
4824,2413
4825,2806
4826,2554
4827,2471
4828,2332
4829,2097
4830,10025
4831,2549
4832,2515
4833,3059
4834,2065
4835,2561
4836,2167
4837,1955
4838,2282
4839,2248
4840,3270
4841,2616
4842,2261
4843,2271
4844,2975
4845,2945
4846,1997
4847,2327
4848,4027
4849,2696
4850,6761
4851,2476
4852,2563
4853,2562
4854,2186
4855,2329
4856,2537
4857,2072
4858,2395
4859,2243
4860,3727
4861,3014
4862,2246
4863,2273
4864,2446
4865,2255
4866,2395
4867,2508
4868,3584
4869,2244
4870,5558
4871,2396
4872,2621
4873,2471
4874,2343
4875,2983
4876,2309
4877,2937
4878,2574
4879,2417
4880,3420
4881,2273
4882,2007
4883,2475
4884,2441
4885,2452
4886,2061
4887,2500
4888,2924
4889,2780
4890,3186
4891,2002
4892,2131
4893,1904
4894,2061
4895,2541
4896,2759
4897,2141
4898,2494
4899,2672
4900,15001
4901,3854
4902,2682
4903,2792
4904,2507
4905,2723
4906,2350
4907,2310
4908,2159
4909,2553
4910,3554
4911,3230
4912,2650
4913,2383
4914,2954
4915,2963
4916,2212
4917,2194
4918,2391
4919,2294
4920,3391
4921,2915
4922,2527
4923,2334
4924,2418
4925,2661
4926,2491
4927,2116
4928,2291
4929,2349
4930,2959
4931,2449
4932,2628
4933,2613
4934,2259
4935,2295
4936,2549
4937,2233
4938,2102
4939,2808
4940,3193
4941,2441
4942,2141
4943,2137
4944,2811
4945,3777
4946,2315
4947,2269
4948,2491
4949,3403
4950,5298
4951,2340
4952,2614
4953,2113
4954,2119
4955,2367
4956,2228
4957,2461
4958,2560
4959,3234
4960,3596
4961,2233
4962,2531
4963,2089
4964,2212
4965,2396
4966,2334
4967,2227
4968,2406
4969,2134
4970,3096
4971,2227
4972,2215
4973,2137
4974,2099
4975,3244
4976,2140
4977,2317
4978,2074
4979,2171
4980,3040
4981,2139
4982,2110
4983,2147
4984,2311
4985,2360
4986,2174
4987,2074
4988,2112
4989,2202
4990,3567
4991,2261
4992,2453
4993,2547
4994,2373
4995,3056
4996,3300
4997,2465
4998,2654
4999,7738
5000,638767
5001,19373
5002,7409
5003,5904
5004,4707
5005,8145
5006,4327
5007,7976
5008,6435
5009,3462
5010,8061
5011,4119
5012,3477
5013,3144
5014,3046
5015,4295
5016,2891
5017,3038
5018,3049
5019,2765
5020,5774
5021,3228
5022,3407
5023,2887
5024,2655
5025,3289
5026,2346
5027,2517
5028,2163
5029,2965
5030,4371
5031,2669
5032,2743
5033,2859
5034,2273
5035,2735
5036,2433
5037,3065
5038,2447
5039,2934
5040,6707
5041,2794
5042,2249
5043,2550
5044,3157
5045,2831
5046,2316
5047,2235
5048,2300
5049,2263
5050,14085
5051,3927
5052,4393
5053,2624
5054,2555
5055,4218
5056,2577
5057,2283
5058,2086
5059,2467
5060,6915
5061,4605
5062,2417
5063,2388
5064,2245
5065,2698
5066,2708
5067,2886
5068,2051
5069,2111
5070,4138
5071,2233
5072,2318
5073,2272
5074,2096
5075,2938
5076,2319
5077,2124
5078,2242
5079,2265
5080,4331
5081,2285
5082,2061
5083,3680
5084,2063
5085,2555
5086,2248
5087,2004
5088,2582
5089,2198
5090,3054
5091,1950
5092,2078
5093,1912
5094,1969
5095,2090
5096,2134
5097,1982
5098,2035
5099,2214
5100,24092
5101,5327
5102,3755
5103,3416
5104,2871
5105,8917
5106,2614
5107,2915
5108,2765
5109,2231
5110,5314
5111,4386
5112,2953
5113,2598
5114,3650
5115,3129
5116,2647
5117,2507
5118,2385
5119,2700
5120,8399
5121,3611
5122,3036
5123,3110
5124,2442
5125,3199
5126,2575
5127,2201
5128,2929
5129,2266
5130,3630
5131,2660
5132,2383
5133,2403
5134,2474
5135,2772
5136,2063
5137,2364
5138,1909
5139,2106
5140,3708
5141,2494
5142,2310
5143,2008
5144,2206
5145,2561
5146,2234
5147,1998
5148,2102
5149,2252
5150,11648
5151,4177
5152,2813
5153,2770
5154,2282
5155,2736
5156,2389
5157,2198
5158,2149
5159,2004
5160,4861
5161,2604
5162,2262
5163,1900
5164,2131
5165,2346
5166,2105
5167,2694
5168,2120
5169,2366
5170,3190
5171,2255
5172,2989
5173,2084
5174,1879
5175,2486
5176,2420
5177,1973
5178,1746
5179,2136
5180,2907
5181,2027
5182,2603
5183,2179
5184,2755
5185,2425
5186,1976
5187,1852
5188,2107
5189,2029
5190,2678
5191,2398
5192,1958
5193,2126
5194,12187
5195,2591
5196,2070
5197,2050
5198,2013
5199,2402
5200,31650
5201,4376
5202,2710
5203,2491
5204,2942
5205,2730
5206,2449
5207,2302
5208,2607
5209,2256
5210,4238
5211,2902
5212,2697
5213,2253
5214,2288
5215,2473
5216,2407
5217,3197
5218,2178
5219,2002
5220,4545
5221,2794
5222,4261
5223,2718
5224,2148
5225,3289
5226,2301
5227,2573
5228,2367
5229,1928
5230,4253
5231,2444
5232,2299
5233,2848
5234,2227
5235,2617
5236,2530
5237,2335
5238,2298
5239,1999
5240,3252
5241,2222
5242,2050
5243,2054
5244,2239
5245,2438
5246,2160
5247,2303
5248,2209
5249,2206
5250,8084
5251,2690
5252,3357
5253,2781
5254,2317
5255,3446
5256,2097
5257,2521
5258,2251
5259,1890
5260,3024
5261,2293
5262,2146
5263,2313
5264,1886
5265,1893
5266,2416
5267,2079
5268,1999
5269,2080
5270,2773
5271,2163
5272,2224
5273,2246
5274,1920
5275,2464
5276,1847
5277,2191
5278,2142
5279,1886
5280,7839
5281,8775
5282,2194
5283,2214
5284,2086
5285,2463
5286,1912
5287,1814
5288,1940
5289,2034
5290,2485
5291,2030
5292,2613
5293,1779
5294,1735
5295,1883
5296,1959
5297,2074
5298,1668
5299,2139
5300,19841
5301,4355
5302,2980
5303,2778
5304,2592
5305,2730
5306,2291
5307,2796
5308,2142
5309,3364
5310,4622
5311,2952
5312,2682
5313,2296
5314,2037
5315,2527
5316,2154
5317,2232
5318,1883
5319,1927
5320,4015
5321,2929
5322,3188
5323,2850
5324,2424
5325,2775
5326,2197
5327,2057
5328,2276
5329,2681
5330,3224
5331,2347
5332,2211
5333,3803
5334,2468
5335,2858
5336,1962
5337,2141
5338,1834
5339,2112
5340,2814
5341,2194
5342,2075
5343,2368
5344,2150
5345,2339
5346,2042
5347,2470
5348,2505
5349,1961
5350,3935
5351,2127
5352,2085
5353,3701
5354,2266
5355,2669
5356,2502
5357,2132
5358,2080
5359,2061
5360,2601
5361,2012
5362,1871
5363,2045
5364,1847
5365,2081
5366,1901
5367,1755
5368,1869
5369,1687
5370,2572
5371,1956
5372,1747
5373,2165
5374,1728
5375,2354
5376,2440
5377,2080
5378,1998
5379,1776
5380,2691
5381,2675
5382,1745
5383,1853
5384,1831
5385,2269
5386,1912
5387,1911
5388,1833
5389,1862
5390,2266
5391,2313
5392,1676
5393,1709
5394,1684
5395,2129
5396,1952
5397,1733
5398,2047
5399,1984
5400,26552
5401,4555
5402,2913
5403,2596
5404,2199
5405,2799
5406,2959
5407,2378
5408,2574
5409,2018
5410,2984
5411,3070
5412,2763
5413,2037
5414,2222
5415,2968
5416,2185
5417,2240
5418,2297
5419,1970
5420,3558
5421,2252
5422,2744
5423,2145
5424,2734
5425,2573
5426,1802
5427,1967
5428,2271
5429,1993
5430,3180
5431,2313
5432,25921
5433,3958
5434,2172
5435,2220
5436,1951
5437,2954
5438,2055
5439,2452
5440,3108
5441,2300
5442,2275
5443,2749
5444,2801
5445,2874
5446,2299
5447,1977
5448,2122
5449,2178
5450,4667
5451,2114
5452,2092
5453,2550
5454,3632
5455,2825
5456,2587
5457,1994
5458,1781
5459,1791
5460,2965
5461,3132
5462,1829
5463,2107
5464,2019
5465,2416
5466,2256
5467,2005
5468,2132
5469,2363
5470,2698
5471,2825
5472,4057
5473,1757
5474,1938
5475,2133
5476,1958
5477,1999
5478,2011
5479,2099
5480,2954
5481,2135
5482,1940
5483,1905
5484,1767
5485,1955
5486,1806
5487,1837
5488,2134
5489,1902
5490,2656
5491,2329
5492,1831
5493,1733
5494,1837
5495,2565
5496,1726
5497,1581
5498,2302
5499,2113
5500,54425
5501,3986
5502,2449
5503,2279
5504,2388
5505,3933
5506,2850
5507,2246
5508,2509
5509,2373
5510,4598
5511,3572
5512,2977
5513,2771
5514,2153
5515,3128
5516,2335
5517,2530
5518,2347
5519,2105
5520,4672
5521,2553
5522,2499
5523,3459
5524,2361
5525,3424
5526,2044
5527,2116
5528,1905
5529,1995
5530,4104
5531,2160
5532,2649
5533,2729
5534,2041
5535,2651
5536,2207
5537,2168
5538,1848
5539,2357
5540,3306
5541,2271
5542,2450
5543,1914
5544,2828
5545,2752
5546,1861
5547,2174
5548,2764
5549,1712
5550,5438
5551,2698
5552,2512
5553,2422
5554,4012
5555,22293
5556,3953
5557,2742
5558,2343
5559,2359
5560,2853
5561,2060
5562,1775
5563,1856
5564,1968
5565,2635
5566,3006
5567,2121
5568,2310
5569,1789
5570,3201
5571,2100
5572,1896
5573,1802
5574,1609
5575,2597
5576,1848
5577,2813
5578,1626
5579,1694
5580,2949
5581,1856
5582,1832
5583,1768
5584,2134
5585,2179
5586,1769
5587,2087
5588,2489
5589,1923
5590,2759
5591,1807
5592,1711
5593,1864
5594,1749
5595,2028
5596,1967
5597,1776
5598,1645
5599,2178
5600,24020
5601,5473
5602,2331
5603,3272
5604,1920
5605,2467
5606,2275
5607,1975
5608,1792
5609,1971
5610,4803
5611,2502
5612,2147
5613,1969
5614,1737
5615,2106
5616,2238
5617,1732
5618,1792
5619,1917
5620,2996
5621,2193
5622,1962
5623,1946
5624,1930
5625,10549
5626,2086
5627,2048
5628,1926
5629,1811
5630,2761
5631,2106
5632,2346
5633,1944
5634,1974
5635,2395
5636,1928
5637,3019
5638,1884
5639,1841
5640,2699
5641,2014
5642,1947
5643,2066
5644,2078
5645,2117
5646,2307
5647,1833
5648,1768
5649,1562
5650,4124
5651,2116
5652,2297
5653,1763
5654,1917
5655,2502
5656,3067
5657,2099
5658,1895
5659,1649
5660,2850
5661,2045
5662,2229
5663,2193
5664,2089
5665,2385
5666,2397
5667,2455
5668,1879
5669,1787
5670,3315
5671,2767
5672,7294
5673,1965
5674,1658
5675,2216
5676,2399
5677,1986
5678,11706
5679,1952
5680,2495
5681,2783
5682,1686
5683,2216
5684,1791
5685,1889
5686,1586
5687,2239
5688,2066
5689,1969
5690,2146
5691,1619
5692,1689
5693,1570
5694,1773
5695,1966
5696,1845
5697,1645
5698,1809
5699,2011
5700,22231
5701,5628
5702,2337
5703,2556
5704,1923
5705,2442
5706,1917
5707,2132
5708,2778
5709,2771
5710,2602
5711,3462
5712,2554
5713,2273
5714,2360
5715,2303
5716,1892
5717,2389
5718,1938
5719,2244
5720,2925
5721,2347
5722,2281
5723,1920
5724,2077
5725,2844
5726,1619
5727,2180
5728,2240
5729,1840
5730,3899
5731,1921
5732,1753
5733,2313
5734,2119
5735,2408
5736,1891
5737,1962
5738,1711
5739,1770
5740,2738
5741,2107
5742,2095
5743,2032
5744,2107
5745,2241
5746,1925
5747,1991
5748,2004
5749,2017
5750,5249
5751,2518
5752,2026
5753,2614
5754,2429
5755,2688
5756,1901
5757,2939
5758,2020
5759,2144
5760,5372
5761,2102
5762,1979
5763,1991
5764,1952
5765,2391
5766,2070
5767,2185
5768,2332
5769,2084
5770,4865
5771,2584
5772,3944
5773,2283
5774,2548
5775,3323
5776,2435
5777,3605
5778,2778
5779,2192
5780,3203
5781,2559
5782,2602
5783,1854
5784,1711
5785,1790
5786,1665
5787,1784
5788,2008
5789,1945
5790,2079
5791,1847
5792,1990
5793,2469
5794,1558
5795,2007
5796,1594
5797,2155
5798,1719
5799,1796
5800,20852
5801,3368
5802,2301
5803,2000
5804,1945
5805,2339
5806,1921
5807,2091
5808,2153
5809,1794
5810,2852
5811,2254
5812,3068
5813,1919
5814,1855
5815,2159
5816,1884
5817,1861
5818,1706
5819,1960
5820,2950
5821,1963
5822,2124
5823,1846
5824,1880
5825,2201
5826,1574
5827,1772
5828,1901
5829,1829
5830,3006
5831,1825
5832,2346
5833,2569
5834,1632
5835,1908
5836,1644
5837,1710
5838,1779
5839,2056
5840,2708
5841,2058
5842,1626
5843,1786
5844,1609
5845,1960
5846,1992
5847,1816
5848,1740
5849,1986
5850,4951
5851,2075
5852,1831
5853,1737
5854,1545
5855,2338
5856,1949
5857,1703
5858,3171
5859,2118
5860,2410
5861,2028
5862,1765
5863,1683
5864,1568
5865,1852
5866,1861
5867,1810
5868,1744
5869,1791
5870,4677
5871,1749
5872,1670
5873,1482
5874,1554
5875,2672
5876,2473
5877,1826
5878,1577
5879,1640
5880,2903
5881,2016
5882,1903
5883,1775
5884,1651
5885,2176
5886,1620
5887,1920
5888,2644
5889,1662
5890,2840
5891,1740
5892,1537
5893,1653
5894,1393
5895,2173
5896,1633
5897,1862
5898,1639
5899,1818
5900,13051
5901,3400
5902,2137
5903,1971
5904,1993
5905,2401
5906,2162
5907,2215
5908,2041
5909,1788
5910,2430
5911,2188
5912,1997
5913,1517
5914,1613
5915,1951
5916,1643
5917,1608
5918,1690
5919,1691
5920,2791
5921,1763
5922,1997
5923,2122
5924,1540
5925,2399
5926,1590
5927,1747
5928,1544
5929,1727
5930,3292
5931,1882
5932,1682
5933,1785
5934,1837
5935,2129
5936,1607
5937,2008
5938,1706
5939,1648
5940,2535
5941,1869
5942,1669
5943,1556
5944,1725
5945,1878
5946,1684
5947,1591
5948,1541
5949,1657
5950,3748
5951,1881
5952,2103
5953,1634
5954,1537
5955,2041
5956,1645
5957,1755
5958,1831
5959,2685
5960,2558
5961,1770
5962,1880
5963,1835
5964,1605
5965,2039
5966,1700
5967,1673
5968,1673
5969,1558
5970,3153
5971,1847
5972,1759
5973,2155
5974,1483
5975,2180
5976,1889
5977,1687
5978,1594
5979,1638
5980,2507
5981,1763
5982,1538
5983,1560
5984,3838
5985,2510
5986,2329
5987,1688
5988,1927
5989,1805
5990,2868
5991,1807
5992,1679
5993,1752
5994,1608
5995,2360
5996,1946
5997,1777
5998,1947
5999,4112
6000,226756
6001,10408
6002,5546
6003,3663
6004,3386
6005,4292
6006,5476
6007,3090
6008,3153
6009,3180
6010,5747
6011,4644
6012,3611
6013,2978
6014,2309
6015,3525
6016,3033
6017,2189
6018,2136
6019,2083
6020,4666
6021,2850
6022,2416
6023,2279
6024,2207
6025,2541
6026,2018
6027,2126
6028,2049
6029,1928
6030,3846
6031,2191
6032,2396
6033,2666
6034,1890
6035,2476
6036,2029
6037,2048
6038,1878
6039,1910
6040,3977
6041,2375
6042,2263
6043,1901
6044,2069
6045,2512
6046,1819
6047,1786
6048,2191
6049,2303
6050,5179
6051,2390
6052,2339
6053,1873
6054,1684
6055,3162
6056,2178
6057,1750
6058,1858
6059,1895
6060,10695
6061,13536
6062,2496
6063,3733
6064,2088
6065,2310
6066,2599
6067,2029
6068,2323
6069,2012
6070,3303
6071,1850
6072,1940
6073,1959
6074,1784
6075,2426
6076,1964
6077,2024
6078,1762
6079,1822
6080,4397
6081,2137
6082,2915
6083,1902
6084,3717
6085,2147
6086,1903
6087,1874
6088,2045
6089,1609
6090,3242
6091,1937
6092,1678
6093,1969
6094,1885
6095,2009
6096,2533
6097,1718
6098,1663
6099,2099
6100,17584
6101,4266
6102,3206
6103,3885
6104,2565
6105,3769
6106,3043
6107,2414
6108,2457
6109,2555
6110,3995
6111,4338
6112,2637
6113,2039
6114,2416
6115,2713
6116,2392
6117,2001
6118,2030
6119,2228
6120,4585
6121,2809
6122,2201
6123,2484
6124,2092
6125,2816
6126,2390
6127,2261
6128,2413
6129,1687
6130,2959
6131,2623
6132,1979
6133,2449
6134,1708
6135,1942
6136,1777
6137,1606
6138,1852
6139,2121
6140,2636
6141,2440
6142,1777
6143,2077
6144,4578
6145,2062
6146,2086
6147,1902
6148,2047
6149,1634
6150,4941
6151,2615
6152,2060
6153,2015
6154,2115
6155,2216
6156,2016
6157,1768
6158,1553
6159,1785
6160,3094
6161,3140
6162,2175
6163,1893
6164,1897
6165,1977
6166,2696
6167,2134
6168,1811
6169,1737
6170,2337
6171,2067
6172,1810
6173,1824
6174,1910
6175,1973
6176,1942
6177,1801
6178,1518
6179,4137
6180,3310
6181,2018
6182,2215
6183,1877
6184,1568
6185,1791
6186,1578
6187,1667
6188,1768
6189,1663
6190,2098
6191,1677
6192,1634
6193,1475
6194,1453
6195,1732
6196,1798
6197,1392
6198,1512
6199,2003
6200,18532
6201,3880
6202,2459
6203,2890
6204,2207
6205,2959
6206,2143
6207,2122
6208,2292
6209,1892
6210,3979
6211,3144
6212,2495
6213,2283
6214,1957
6215,2494
6216,2116
6217,1924
6218,1799
6219,1596
6220,3146
6221,3322
6222,3075
6223,2426
6224,1990
6225,2438
6226,2321
6227,2156
6228,1689
6229,2098
6230,3668
6231,2350
6232,2406
6233,2391
6234,2024
6235,2248
6236,1889
6237,1998
6238,2038
6239,2357
6240,3669
6241,2191
6242,2088
6243,1783
6244,1869
6245,2183
6246,1803
6247,2047
6248,1857
6249,1793
6250,9359
6251,2486
6252,2095
6253,2147
6254,1932
6255,2347
6256,2000
6257,1671
6258,1811
6259,1658
6260,2636
6261,2217
6262,2810
6263,2462
6264,2159
6265,2326
6266,2107
6267,1694
6268,1815
6269,1996
6270,2415
6271,2124
6272,2403
6273,2543
6274,1836
6275,2212
6276,1601
6277,2402
6278,1785
6279,1974
6280,2585
6281,1806
6282,1843
6283,2239
6284,1854
6285,2146
6286,1552
6287,1749
6288,1845
6289,1762
6290,2181
6291,1860
6292,1632
6293,1591
6294,1603
6295,1859
6296,1503
6297,1538
6298,1700
6299,1941
6300,21701
6301,3641
6302,2656
6303,2399
6304,2641
6305,2196
6306,2021
6307,1976
6308,1854
6309,2381
6310,3111
6311,2459
6312,2113
6313,1938
6314,1592
6315,2131
6316,1865
6317,1753
6318,1726
6319,1678
6320,3134
6321,2605
6322,2102
6323,2071
6324,2009
6325,2347
6326,1946
6327,2014
6328,1899
6329,1933
6330,3627
6331,2211
6332,2397
6333,3548
6334,2285
6335,1811
6336,2200
6337,1881
6338,1802
6339,1698
6340,2652
6341,2022
6342,1832
6343,1871
6344,1767
6345,1884
6346,1823
6347,1879
6348,2042
6349,1549
6350,3809
6351,2722
6352,1776
6353,1827
6354,1534
6355,2830
6356,1601
6357,1989
6358,1609
6359,1640
6360,2777
6361,3021
6362,1996
6363,3906
6364,2296
6365,2251
6366,1998
6367,2049
6368,1757
6369,1650
6370,2160
6371,3524
6372,1825
6373,1921
6374,1802
6375,2215
6376,1728
6377,1837
6378,2517
6379,21317
6380,3332
6381,2122
6382,1827
6383,1830
6384,1899
6385,1958
6386,1649
6387,1703
6388,2265
6389,1716
6390,2022
6391,1669
6392,1595
6393,1650
6394,1447
6395,1834
6396,1482
6397,2929
6398,1622
6399,1992
6400,28813
6401,3075
6402,2561
6403,2026
6404,2140
6405,2400
6406,1920
6407,1789
6408,1774
6409,1878
6410,2672
6411,2367
6412,1952
6413,1812
6414,1754
6415,1897
6416,1972
6417,1699
6418,1690
6419,1723
6420,2872
6421,1990
6422,2057
6423,1841
6424,1817
6425,2790
6426,1833
6427,1674
6428,1687
6429,1731
6430,2354
6431,1982
6432,2182
6433,1888
6434,1902
6435,2237
6436,1496
6437,1751
6438,1878
6439,1450
6440,2739
6441,2169
6442,1803
6443,5557
6444,2107
6445,1846
6446,1926
6447,1569
6448,1748
6449,1834
6450,4084
6451,1765
6452,1899
6453,1904
6454,1959
6455,2366
6456,1721
6457,1979
6458,1611
6459,1567
6460,2612
6461,1825
6462,1594
6463,1841
6464,2806
6465,1939
6466,1981
6467,1636
6468,2037
6469,1654
6470,2208
6471,1769
6472,1701
6473,1693
6474,1615
6475,2411
6476,1478
6477,1673
6478,1582
6479,1598
6480,2688
6481,1753
6482,1698
6483,1679
6484,1793
6485,1533
6486,1408
6487,1612
6488,1961
6489,1688
6490,2324
6491,1754
6492,1671
6493,1374
6494,1752
6495,1825
6496,1587
6497,1884
6498,1632
6499,2045
6500,46222
6501,4008
6502,10212
6503,2135
6504,1860
6505,2883
6506,1882
6507,2064
6508,1923
6509,2057
6510,3736
6511,3224
6512,3126
6513,1838
6514,1862
6515,2355
6516,1940
6517,1757
6518,1708
6519,1673
6520,3705
6521,1827
6522,2268
6523,1729
6524,1761
6525,2520
6526,1605
6527,1806
6528,1947
6529,1706
6530,2768
6531,1953
6532,1982
6533,1946
6534,1792
6535,2096
6536,1696
6537,1521
6538,2138
6539,1482
6540,2421
6541,1975
6542,1794
6543,2915
6544,1891
6545,2028
6546,1567
6547,1584
6548,2122
6549,1499
6550,4749
6551,1903
6552,2010
6553,2178
6554,1781
6555,2725
6556,1855
6557,1586
6558,1440
6559,1543
6560,2855
6561,2791
6562,1863
6563,2223
6564,1743
6565,2941
6566,2218
6567,1739
6568,1533
6569,2024
6570,2579
6571,1729
6572,1823
6573,1502
6574,1682
6575,1957
6576,1708
6577,1890
6578,1497
6579,1707
6580,2257
6581,2062
6582,1617
6583,2504
6584,2373
6585,1974
6586,1274
6587,1609
6588,1569
6589,1419
6590,1737
6591,1640
6592,1492
6593,1404
6594,1471
6595,1598
6596,2262
6597,1455
6598,1390
6599,1709
6600,23581
6601,2927
6602,2450
6603,2121
6604,2082
6605,2064
6606,2281
6607,1785
6608,1721
6609,1722
6610,3017
6611,3424
6612,1826
6613,1984
6614,1803
6615,2045
6616,1873
6617,1551
6618,1409
6619,1495
6620,2961
6621,2067
6622,2117
6623,1567
6624,1801
6625,2670
6626,1792
6627,1592
6628,1493
6629,1593
6630,2747
6631,1815
6632,2175
6633,3211
6634,1572
6635,1725
6636,1961
6637,1557
6638,1525
6639,1691
6640,2264
6641,2013
6642,1765
6643,1870
6644,2005
6645,1803
6646,1685
6647,1491
6648,1607
6649,1634
6650,3692
6651,2376
6652,1694
6653,2238
6654,2008
6655,2617
6656,2293
6657,1807
6658,1375
6659,1645
6660,2528
6661,2175
6662,2553
6663,1625
6664,2034
6665,2104
6666,10346
6667,9801
6668,1935
6669,2034
6670,3001
6671,1841
6672,2069
6673,1771
6674,1441
6675,1989
6676,1696
6677,2374
6678,2136
6679,1473
6680,2905
6681,1950
6682,1779
6683,1717
6684,1706
6685,1669
6686,1650
6687,1603
6688,2882
6689,1514
6690,1877
6691,1440
6692,1435
6693,1574
6694,1899
6695,1561
6696,1754
6697,1878
6698,2004
6699,3159
6700,17428
6701,3041
6702,2040
6703,1656
6704,1603
6705,1784
6706,1656
6707,2021
6708,2272
6709,1709
6710,2094
6711,2033
6712,1880
6713,1786
6714,1589
6715,2072
6716,2210
6717,2117
6718,1404
6719,1422
6720,3245
6721,1727
6722,2241
6723,1863
6724,1665
6725,2014
6726,1605
6727,1763
6728,1899
6729,1482
6730,2084
6731,2847
6732,1587
6733,1953
6734,1547
6735,1872
6736,7238
6737,1675
6738,1604
6739,1348
6740,2019
6741,1699
6742,1733
6743,1479
6744,1518
6745,1807
6746,1318
6747,1614
6748,1428
6749,2157
6750,4721
6751,1989
6752,2675
6753,1756
6754,1568
6755,1735
6756,1416
6757,1706
6758,1949
6759,1453
6760,2005
6761,1530
6762,1621
6763,1680
6764,1433
6765,2015
6766,1757
6767,2458
6768,1866
6769,1453
6770,2982
6771,1632
6772,1690
6773,1785
6774,1460
6775,1686
6776,2033
6777,2841
6778,1570
6779,1602
6780,1996
6781,1637
6782,1445
6783,1512
6784,1779
6785,1472
6786,1409
6787,2132
6788,1572
6789,6900
6790,2358
6791,2215
6792,1443
6793,1385
6794,1304
6795,1433
6796,1372
6797,1471
6798,1382
6799,1740
6800,23251
6801,2926
6802,1735
6803,3872
6804,1651
6805,2000
6806,1587
6807,1783
6808,1592
6809,2589
6810,2713
6811,3218
6812,1873
6813,1421
6814,1545
6815,1789
6816,1480
6817,1735
6818,1572
6819,2074
6820,2700
6821,1721
6822,2683
6823,1782
6824,1797
6825,2419
6826,1581
6827,1483
6828,1566
6829,1413
6830,2622
6831,2038
6832,1864
6833,2057
6834,1748
6835,1670
6836,1685
6837,1608
6838,1542
6839,1438
6840,2529
6841,1658
6842,1960
6843,1823
6844,1539
6845,2015
6846,1713
6847,1475
6848,1531
6849,1375
6850,4372
6851,2036
6852,1494
6853,1799
6854,2193
6855,1610
6856,1480
6857,1470
6858,1352
6859,1473
6860,2031
6861,1574
6862,1422
6863,1610
6864,1487
6865,1625
6866,1817
6867,1459
6868,2662
6869,1565
6870,3676
6871,1649
6872,1697
6873,1433
6874,1403
6875,8580
6876,2085
6877,1738
6878,1524
6879,1610
6880,2991
6881,2047
6882,1761
6883,1428
6884,1390
6885,1674
6886,1630
6887,1651
6888,2702
6889,1722
6890,2905
6891,1491
6892,1512
6893,1338
6894,1261
6895,1461
6896,1258
6897,1624
6898,1299
6899,1631
6900,12644
6901,2984
6902,2279
6903,1763
6904,1692
6905,1843
6906,1556
6907,1604
6908,1399
6909,1994
6910,2565
6911,2079
6912,2010
6913,1491
6914,1468
6915,1747
6916,1385
6917,1556
6918,1302
6919,1585
6920,2790
6921,1600
6922,2098
6923,1751
6924,1906
6925,1871
6926,1457
6927,1345
6928,1391
6929,1519
6930,2198
6931,1565
6932,1547
6933,1921
6934,1479
6935,1581
6936,1421
6937,1739
6938,1402
6939,1655
6940,2052
6941,1674
6942,1475
6943,1352
6944,1651
6945,1548
6946,2817
6947,1576
6948,1405
6949,1617
6950,4684
6951,1689
6952,1460
6953,1293
6954,1406
6955,2111
6956,1317
6957,1380
6958,1347
6959,1598
6960,2289
6961,1609
6962,1633
6963,2191
6964,1530
6965,1595
6966,1676
6967,1447
6968,1956
6969,3628
6970,3296
6971,1605
6972,1476
6973,2244
6974,1389
6975,1725
6976,1901
6977,1678
6978,1647
6979,1573
6980,2267
6981,1672
6982,1624
6983,1496
6984,1403
6985,1410
6986,1239
6987,1288
6988,2230
6989,1543
6990,11610
6991,1565
6992,1543
6993,1438
6994,1195
6995,1812
6996,1667
6997,1398
6998,1589
6999,3455
7000,139487
7001,8919
7002,5480
7003,3903
7004,4174
7005,3862
7006,3052
7007,3639
7008,2463
7009,2663
7010,5276
7011,2865
7012,2902
7013,2997
7014,2581
7015,3239
7016,2351
7017,2317
7018,2948
7019,2986
7020,5079
7021,2176
7022,2267
7023,2452
7024,1968
7025,2713
7026,1950
7027,2460
7028,1707
7029,1916
7030,3946
7031,2851
7032,1743
7033,1962
7034,1819
7035,2085
7036,1878
7037,1816
7038,1518
7039,1673
7040,3348
7041,1948
7042,2041
7043,2107
7044,2638
7045,1861
7046,1575
7047,1784
7048,1483
7049,1684
7050,5397
7051,2665
7052,1885
7053,1819
7054,2239
7055,2474
7056,1781
7057,1821
7058,1632
7059,1755
7060,2759
7061,1758
7062,1680
7063,1534
7064,1646
7065,2325
7066,1716
7067,1770
7068,1818
7069,1741
7070,5467
7071,5506
7072,1896
7073,1883
7074,1978
7075,7571
7076,1820
7077,3233
7078,1932
7079,1875
7080,3891
7081,1931
7082,2555
7083,1828
7084,1402
7085,1862
7086,1604
7087,1844
7088,1681
7089,1465
7090,2849
7091,1674
7092,1523
7093,1468
7094,2096
7095,1786
7096,1535
7097,1449
7098,1250
7099,1799
7100,17541
7101,3038
7102,3049
7103,2726
7104,1995
7105,2330
7106,2827
7107,2000
7108,1703
7109,1978
7110,3474
7111,4012
7112,2358
7113,1742
7114,2285
7115,2040
7116,2389
7117,2177
7118,1557
7119,1698
7120,3616
7121,2289
7122,2115
7123,2232
7124,1589
7125,2288
7126,1854
7127,1662
7128,1693
7129,2036
7130,2814
7131,2047
7132,1753
7133,2084
7134,1803
7135,2313
7136,1724
7137,1519
7138,1524
7139,1540
7140,2423
7141,1986
7142,1994
7143,2048
7144,1590
7145,1637
7146,1478
7147,1487
7148,1468
7149,1275
7150,4135
7151,2126
7152,2521
7153,1858
7154,1750
7155,2064
7156,1489
7157,1279
7158,1311
7159,1575
7160,2732
7161,1718
7162,1367
7163,1625
7164,1684
7165,1712
7166,1587
7167,2057
7168,2187
7169,1535
7170,2079
7171,2756
7172,2025
7173,1595
7174,1494
7175,1759
7176,2066
7177,1814
7178,1452
7179,1639
7180,2316
7181,1826
7182,1512
7183,1743
7184,1521
7185,1786
7186,1499
7187,1372
7188,2152
7189,1589
7190,1999
7191,1709
7192,1425
7193,1494
7194,1262
7195,1902
7196,1380
7197,1488
7198,1254
7199,1982
7200,34923
7201,3550
7202,2926
7203,2808
7204,2042
7205,2377
7206,2163
7207,1938
7208,1979
7209,1551
7210,3515
7211,2756
7212,2204
7213,1811
7214,1609
7215,1905
7216,1793
7217,1694
7218,1662
7219,2140
7220,2985
7221,1940
7222,2774
7223,2471
7224,3089
7225,2442
7226,1987
7227,2427
7228,1606
7229,1571
7230,2852
7231,2743
7232,1949
7233,3779
7234,2107
7235,1836
7236,1468
7237,1761
7238,1542
7239,1613
7240,2391
7241,1641
7242,1787
7243,2206
7244,1683
7245,2353
7246,1636
7247,1624
7248,1564
7249,1502
7250,4682
7251,1832
7252,1911
7253,1770
7254,1442
7255,1738
7256,1923
7257,1626
7258,1905
7259,1333
7260,3511
7261,1913
7262,1789
7263,1628
7264,1740
7265,2275
7266,1798
7267,1897
7268,1426
7269,1925
7270,2057
7271,1552
7272,3120
7273,2116
7274,1775
7275,2767
7276,1630
7277,2285
7278,1612
7279,1561
7280,2282
7281,1755
7282,1607
7283,1631
7284,1538
7285,1623
7286,1438
7287,1989
7288,1792
7289,1787
7290,2535
7291,1721
7292,1612
7293,1567
7294,1358
7295,1608
7296,1686
7297,1725
7298,1315
7299,1593
7300,14828
7301,2419
7302,2159
7303,2042
7304,2105
7305,2370
7306,2211
7307,1930
7308,1935
7309,1604
7310,2655
7311,2399
7312,1799
7313,1602
7314,1798
7315,2090
7316,1819
7317,1734
7318,1709
7319,1621
7320,2801
7321,2558
7322,1664
7323,2319
7324,2067
7325,2215
7326,2937
7327,1425
7328,1724
7329,1375
7330,2404
7331,2185
7332,1872
7333,2957
7334,2019
7335,1838
7336,1673
7337,1972
7338,1405
7339,1361
7340,2407
7341,1500
7342,1440
7343,1554
7344,1644
7345,1824
7346,1417
7347,1615
7348,1502
7349,1383
7350,3377
7351,1753
7352,1867
7353,1704
7354,1500
7355,1911
7356,1725
7357,2014
7358,1454
7359,1409
7360,2515
7361,1650
7362,1432
7363,1496
7364,1701
7365,1447
7366,1600
7367,1579
7368,2032
7369,1556
7370,2046
7371,1711
7372,1680
7373,2552
7374,1694
7375,2135
7376,1434
7377,1954
7378,2084
7379,1693
7380,2145
7381,1657
7382,1492
7383,1610
7384,1528
7385,1771
7386,1827
7387,2046
7388,1630
7389,1522
7390,2397
7391,1609
7392,1616
7393,1642
7394,1417
7395,1554
7396,1426
7397,1416
7398,1267
7399,4054
7400,13009
7401,2842
7402,3051
7403,2112
7404,3085
7405,2584
7406,1564
7407,2014
7408,1998
7409,1455
7410,2994
7411,3210
7412,1846
7413,1917
7414,1731
7415,1969
7416,1554
7417,1561
7418,1371
7419,1611
7420,3422
7421,2008
7422,2037
7423,2031
7424,2123
7425,2168
7426,1570
7427,1718
7428,1613
7429,1629
7430,2356
7431,1776
7432,2117
7433,2239
7434,1709
7435,1766
7436,1662
7437,1565
7438,1419
7439,1492
7440,2944
7441,1850
7442,1666
7443,2080
7444,2146
7445,2036
7446,1749
7447,2052
7448,1544
7449,1468
7450,3383
7451,1685
7452,1612
7453,1415
7454,1468
7455,1780
7456,1775
7457,1552
7458,1737
7459,1466
7460,1944
7461,1449
7462,1501
7463,1923
7464,1456
7465,1719
7466,1550
7467,1745
7468,1419
7469,2980
7470,2098
7471,1621
7472,1606
7473,1627
7474,3802
7475,2083
7476,1595
7477,1695
7478,1370
7479,1484
7480,2322
7481,1578
7482,1631
7483,1567
7484,1603
7485,1735
7486,1713
7487,1483
7488,1625
7489,1482
7490,2565
7491,1781
7492,1451
7493,1499
7494,1752
7495,1832
7496,1440
7497,1435
7498,2251
7499,2112
7500,57459
7501,3394
7502,2134
7503,2220
7504,1781
7505,2404
7506,2854
7507,1797
7508,1661
7509,1768
7510,2919
7511,2295
7512,2022
7513,2059
7514,1746
7515,2467
7516,1832
7517,1815
7518,1763
7519,2049
7520,3448
7521,2051
7522,2256
7523,1850
7524,1534
7525,2703
7526,1637
7527,1549
7528,1654
7529,2691
7530,2342
7531,1734
7532,1541
7533,1642
7534,1564
7535,1930
7536,1435
7537,1633
7538,1848
7539,1524
7540,2231
7541,1842
7542,1637
7543,1599
7544,1542
7545,2358
7546,1917
7547,1670
7548,1502
7549,1558
7550,3108
7551,1755
7552,1592
7553,1534
7554,3968
7555,2589
7556,1783
7557,1925
7558,1342
7559,1985
7560,2489
7561,1585
7562,1575
7563,1443
7564,1286
7565,1722
7566,1989
7567,1890
7568,1541
7569,1685
7570,2320
7571,1405
7572,1383
7573,1380
7574,1372
7575,3075
7576,1696
7577,1994
7578,1401
7579,1421
7580,2151
7581,1583
7582,1758
7583,1458
7584,1804
7585,1871
7586,1429
7587,1642
7588,1533
7589,1602
7590,2800
7591,1838
7592,1545
7593,1554
7594,1452
7595,1685
7596,1246
7597,1277
7598,1478
7599,1628
7600,16352
7601,5679
7602,2297
7603,1950
7604,1868
7605,1784
7606,2031
7607,1657
7608,1773
7609,1571
7610,3838
7611,2202
7612,1744
7613,2060
7614,1617
7615,1537
7616,1593
7617,1592
7618,1310
7619,1827
7620,2870
7621,1853
7622,1678
7623,2079
7624,1764
7625,2517
7626,1582
7627,1546
7628,1554
7629,1847
7630,2177
7631,2197
7632,1904
7633,1557
7634,1434
7635,1428
7636,1716
7637,1705
7638,1753
7639,1395
7640,1988
7641,1812
7642,1444
7643,1724
7644,1756
7645,2299
7646,1562
7647,1654
7648,1435
7649,1392
7650,3450
7651,1444
7652,1878
7653,1840
7654,2575
7655,1755
7656,1833
7657,1455
7658,1297
7659,1385
7660,2138
7661,1794
7662,1507
7663,1797
7664,1510
7665,1685
7666,1965
7667,2167
7668,1411
7669,2046
7670,1929
7671,2192
7672,1480
7673,1518
7674,1448
7675,1838
7676,2742
7677,1840
7678,1565
7679,1647
7680,3869
7681,1796
7682,1597
7683,1560
7684,1416
7685,1426
7686,1439
7687,2752
7688,1762
7689,1224
7690,1520
7691,1422
7692,1804
7693,1303
7694,1179
7695,2109
7696,1426
7697,1378
7698,1818
7699,1676
7700,16579
7701,4563
7702,2865
7703,2233
7704,1909
7705,1720
7706,2274
7707,1708
7708,1611
7709,1656
7710,3348
7711,2943
7712,1943
7713,1566
7714,5178
7715,2037
7716,1586
7717,3161
7718,1561
7719,1491
7720,3241
7721,3942
7722,2398
7723,1779
7724,1766
7725,2264
7726,1954
7727,2136
7728,1824
7729,1737
7730,2771
7731,1758
7732,1754
7733,2489
7734,2689
7735,1970
7736,1819
7737,2011
7738,1692
7739,1842
7740,2878
7741,1758
7742,1796
7743,1741
7744,1801
7745,1806
7746,1519
7747,2634
7748,1968
7749,1705
7750,6808
7751,2227
7752,1723
7753,2155
7754,1438
7755,2111
7756,1558
7757,1966
7758,1528
7759,1793
7760,2447
7761,1945
7762,1532
7763,1884
7764,2098
7765,1729
7766,2323
7767,1765
7768,1760
7769,1620
7770,3865
7771,2800
7772,1920
7773,1990
7774,1957
7775,2143
7776,2581
7777,14262
7778,2821
7779,2040
7780,2498
7781,1491
7782,1875
7783,1549
7784,1356
7785,1688
7786,1824
7787,1894
7788,3032
7789,2043
7790,2458
7791,1594
7792,1659
7793,2049
7794,1430
7795,1815
7796,1455
7797,1709
7798,1404
7799,2578
7800,18608
7801,2479
7802,1943
7803,2169
7804,1605
7805,3619
7806,1624
7807,1580
7808,1874
7809,1714
7810,2372
7811,2073
7812,3972
7813,1632
7814,1585
7815,1820
7816,2352
7817,1812
7818,1597
7819,1504
7820,2248
7821,1771
7822,1797
7823,1458
7824,1959
7825,2792
7826,1485
7827,2168
7828,1694
7829,1473
7830,1856
7831,2002
7832,1682
7833,2070
7834,1975
7835,1699
7836,2483
7837,1618
7838,1364
7839,2449
7840,2330
7841,1967
7842,1524
7843,2144
7844,1563
7845,1968
7846,1343
7847,1607
7848,1874
7849,1637
7850,4879
7851,1684
7852,1640
7853,1613
7854,1848
7855,2057
7856,1272
7857,1514
7858,1530
7859,1329
7860,2546
7861,1597
7862,1380
7863,1688
7864,2118
7865,1512
7866,2135
7867,2797
7868,1514
7869,2376
7870,4479
7871,1957
7872,1805
7873,2108
7874,1716
7875,2336
7876,1822
7877,1725
7878,2679
7879,2029
7880,2339
7881,1820
7882,1562
7883,1600
7884,1618
7885,2052
7886,1374
7887,2223
7888,2891
7889,1787
7890,5975
7891,1889
7892,1337
7893,1390
7894,1429
7895,1452
7896,1597
7897,1599
7898,1645
7899,1996
7900,13328
7901,5215
7902,1875
7903,1854
7904,2220
7905,1791
7906,1408
7907,1755
7908,1631
7909,2189
7910,2964
7911,1987
7912,1687
7913,1621
7914,1818
7915,1820
7916,1522
7917,2002
7918,1557
7919,2006
7920,2979
7921,2229
7922,1767
7923,1640
7924,1590
7925,1943
7926,1358
7927,1533
7928,1705
7929,1430
7930,2342
7931,1618
7932,1597
7933,1445
7934,1436
7935,1640
7936,2122
7937,1587
7938,1482
7939,1843
7940,2360
7941,1840
7942,2348
7943,1292
7944,1808
7945,1533
7946,2056
7947,1487
7948,1314
7949,1670
7950,5930
7951,1589
7952,1475
7953,1260
7954,1209
7955,1789
7956,1677
7957,1626
7958,1466
7959,1275
7960,2802
7961,1641
7962,1386
7963,1396
7964,1124
7965,1424
7966,1728
7967,1735
7968,1670
7969,1567
7970,6313
7971,1820
7972,1319
7973,2375
7974,2024
7975,1691
7976,1910
7977,2040
7978,1239
7979,2351
7980,2445
7981,1506
7982,1242
7983,1438
7984,1366
7985,1503
7986,1297
7987,1109
7988,1287
7989,1662
7990,2818
7991,1336
7992,1286
7993,1444
7994,1224
7995,1807
7996,1277
7997,1683
7998,2081
7999,3539
8000,239533
8001,15043
8002,7092
8003,4586
8004,3833
8005,4027
8006,3682
8007,3005
8008,6467
8009,3991
8010,6341
8011,3537
8012,2583
8013,2278
8014,2592
8015,2279
8016,2337
8017,1949
8018,2481
8019,1814
8020,7114
8021,2672
8022,2666
8023,2099
8024,1936
8025,2792
8026,1745
8027,1662
8028,2326
8029,1652
8030,3030
8031,2372
8032,2661
8033,2153
8034,2030
8035,2084
8036,1941
8037,1685
8038,1816
8039,1803
8040,3840
8041,1741
8042,2432
8043,1860
8044,1810
8045,1794
8046,1622
8047,2101
8048,2317
8049,1744
8050,5027
8051,7868
8052,2243
8053,2198
8054,1723
8055,2111
8056,1560
8057,2066
8058,1874
8059,1603
8060,3351
8061,2141
8062,1640
8063,1675
8064,1910
8065,2188
8066,1739
8067,1659
8068,1750
8069,2233
8070,2936
8071,2106
8072,1792
8073,1556
8074,1313
8075,1943
8076,1384
8077,1850
8078,1923
8079,1645
8080,253987
8081,23073
8082,8500
8083,5132
8084,3079
8085,6253
8086,13787
8087,3882
8088,9582
8089,3500
8090,8572
8091,4002
8092,2729
8093,2326
8094,2031
8095,2149
8096,2567
8097,1812
8098,1991
8099,2411
8100,18211
8101,3559
8102,2670
8103,2171
8104,1912
8105,1851
8106,1831
8107,1677
8108,2023
8109,1865
8110,3977
8111,4935
8112,2242
8113,2022
8114,1626
8115,2168
8116,1666
8117,1712
8118,2759
8119,1750
8120,3881
8121,1905
8122,2129
8123,4263
8124,2124
8125,9928
8126,2135
8127,1968
8128,1922
8129,2040
8130,2951
8131,2334
8132,1525
8133,2000
8134,1483
8135,2380
8136,1478
8137,1740
8138,1695
8139,2004
8140,2682
8141,1791
8142,1578
8143,1580
8144,1905
8145,1555
8146,1306
8147,1462
8148,1370
8149,1340
8150,3750
8151,1923
8152,1848
8153,1708
8154,1447
8155,1649
8156,1500
8157,1661
8158,1336
8159,1492
8160,2626
8161,1973
8162,1524
8163,1599
8164,1456
8165,1874
8166,1708
8167,1926
8168,2087
8169,1514
8170,1859
8171,2051
8172,1718
8173,1604
8174,1404
8175,1632
8176,1789
8177,1574
8178,1338
8179,1482
8180,3156
8181,5417
8182,2468
8183,1706
8184,1765
8185,1589
8186,1540
8187,1666
8188,2314
8189,1579
8190,2288
8191,5097
8192,37384
8193,2356
8194,2003
8195,2567
8196,1768
8197,1386
8198,1334
8199,1866
8200,18213
8201,3583
8202,3396
8203,15991
8204,2064
8205,2790
8206,2063
8207,1813
8208,2575
8209,2798
8210,3202
8211,21018
8212,14679
8213,2912
8214,1749
8215,2000
8216,8972
8217,93394
8218,2199
8219,1523
8220,29758
8221,38957
8222,3666
8223,2293
8224,2461
8225,2256
8226,15553
8227,1656
8228,2365
8229,1516
8230,10533
8231,1945
8232,2447
8233,2215
8234,1935
8235,1753
8236,1718
8237,1724
8238,1388
8239,1864
8240,2637
8241,1505
8242,2066
8243,2206
8244,1505
8245,1662
8246,1442
8247,1602
8248,1488
8249,1938
8250,4870
8251,1747
8252,1714
8253,1819
8254,1849
8255,9511
8256,2106
8257,1350
8258,1679
8259,1783
8260,2796
8261,1699
8262,1504
8263,1580
8264,1594
8265,2110
8266,2289
8267,2110
8268,1499
8269,1478
8270,2073
8271,1451
8272,1778
8273,1581
8274,1679
8275,1817
8276,1600
8277,1670
8278,1598
8279,1782
8280,2795
8281,1985
8282,3065
8283,2930
8284,1871
8285,1465
8286,1604
8287,1549
8288,2448
8289,1586
8290,2007
8291,1567
8292,1622
8293,1672
8294,1558
8295,1583
8296,1512
8297,2033
8298,1262
8299,1637
8300,13582
8301,4077
8302,2591
8303,2402
8304,1810
8305,1737
8306,1834
8307,1554
8308,1644
8309,1507
8310,3468
8311,2064
8312,1773
8313,1957
8314,1580
8315,1648
8316,1625
8317,1580
8318,1350
8319,1431
8320,3809
8321,1680
8322,1778
8323,1562
8324,1694
8325,2182
8326,1451
8327,1395
8328,1430
8329,1700
8330,3574
8331,1805
8332,2634
8333,7922
8334,1615
8335,1517
8336,1823
8337,1569
8338,1671
8339,1942
8340,2028
8341,1732
8342,1278
8343,1355
8344,1804
8345,1644
8346,1466
8347,1602
8348,1406
8349,1431
8350,5538
8351,1563
8352,1595
8353,1612
8354,1330
8355,1574
8356,1548
8357,1298
8358,1763
8359,1454
8360,2184
8361,1445
8362,1434
8363,1467
8364,2283
8365,1524
8366,1605
8367,1568
8368,1425
8369,1748
8370,1848
8371,1656
8372,1496
8373,1446
8374,1325
8375,1712
8376,1336
8377,2250
8378,1489
8379,1555
8380,1996
8381,1539
8382,1455
8383,2418
8384,1840
8385,1540
8386,1311
8387,1694
8388,1831
8389,1539
8390,1762
8391,1392
8392,1535
8393,1456
8394,1213
8395,1456
8396,1340
8397,1302
8398,1547
8399,1697
8400,14874
8401,2795
8402,1758
8403,1515
8404,1907
8405,1601
8406,1544
8407,1502
8408,1523
8409,1336
8410,1903
8411,2269
8412,1608
8413,1459
8414,1743
8415,1850
8416,1482
8417,1699
8418,1536
8419,1539
8420,1778
8421,1767
8422,1716
8423,1546
8424,2072
8425,2003
8426,1371
8427,1384
8428,1403
8429,1356
8430,1677
8431,1701
8432,1654
8433,1832
8434,1476
8435,1415
8436,1415
8437,1360
8438,1314
8439,1546
8440,2087
8441,1452
8442,1642
8443,14760
8444,3196
8445,1970
8446,1718
8447,1497
8448,2205
8449,1511
8450,2844
8451,2030
8452,1592
8453,1983
8454,1664
8455,1742
8456,2109
8457,2544
8458,1640
8459,1406
8460,1818
8461,1522
8462,1589
8463,1661
8464,1426
8465,1436
8466,1520
8467,1613
8468,1233
8469,1332
8470,1798
8471,1752
8472,2474
8473,1505
8474,1365
8475,1740
8476,1325
8477,9161
8478,1442
8479,1380
8480,2013
8481,1450
8482,2393
8483,1491
8484,2538
8485,1935
8486,1678
8487,1453
8488,1629
8489,1453
8490,1648
8491,1481
8492,1261
8493,1682
8494,1245
8495,1533
8496,1481
8497,1408
8498,1719
8499,2124
8500,32242
8501,4558
8502,2206
8503,1679
8504,1674
8505,2360
8506,1663
8507,1875
8508,1664
8509,1412
8510,2398
8511,2108
8512,1823
8513,1501
8514,1506
8515,1756
8516,1868
8517,1544
8518,1372
8519,1466
8520,4517
8521,1664
8522,1546
8523,1441
8524,1390
8525,2477
8526,1865
8527,1536
8528,1529
8529,2060
8530,2868
8531,1637
8532,1564
8533,1504
8534,1582
8535,1786
8536,1732
8537,1404
8538,1262
8539,1361
8540,3060
8541,1765
8542,2498
8543,1871
8544,2208
8545,4135
8546,1609
8547,1544
8548,1279
8549,1364
8550,3395
8551,1787
8552,1656
8553,1428
8554,1827
8555,3004
8556,1766
8557,1296
8558,1718
8559,1313
8560,2113
8561,1384
8562,1369
8563,1370
8564,1260
8565,1485
8566,1322
8567,1376
8568,1380
8569,1202
8570,2649
8571,2068
8572,1550
8573,1709
8574,1315
8575,1773
8576,1415
8577,1722
8578,1293
8579,1481
8580,2089
8581,1609
8582,1694
8583,2034
8584,1387
8585,2917
8586,1775
8587,1490
8588,1576
8589,1274
8590,1596
8591,1559
8592,2038
8593,1816
8594,4048
8595,1822
8596,1474
8597,1194
8598,1273
8599,1838
8600,24439
8601,18781
8602,1595
8603,1597
8604,1561
8605,1593
8606,4115
8607,1386
8608,1654
8609,1425
8610,3115
8611,2083
8612,1432
8613,1424
8614,1383
8615,1720
8616,2213
8617,1664
8618,11454
8619,1330
8620,2920
8621,1938
8622,1709
8623,1964
8624,1589
8625,2218
8626,1466
8627,1537
8628,1580
8629,1531
8630,1885
8631,1445
8632,1385
8633,1588
8634,1306
8635,1518
8636,1412
8637,1353
8638,1552
8639,1703
8640,2882
8641,1470
8642,1453
8643,1515
8644,2085
8645,1393
8646,1410
8647,1459
8648,1709
8649,1692
8650,2555
8651,1531
8652,1440
8653,1375
8654,1406
8655,1913
8656,1624
8657,1445
8658,1609
8659,1378
8660,2345
8661,1691
8662,1806
8663,1636
8664,2520
8665,1610
8666,1951
8667,2112
8668,1582
8669,1868
8670,1769
8671,1478
8672,1532
8673,1343
8674,2893
8675,1731
8676,1457
8677,1600
8678,1363
8679,1400
8680,1826
8681,1818
8682,1397
8683,2165
8684,1342
8685,1480
8686,2431
8687,1918
8688,2060
8689,1306
8690,1680
8691,1549
8692,1292
8693,1576
8694,1367
8695,1544
8696,1462
8697,1340
8698,1272
8699,1426
8700,12662
8701,2709
8702,1680
8703,1655
8704,1942
8705,1896
8706,1585
8707,1746
8708,1846
8709,1466
8710,2371
8711,2215
8712,1912
8713,1563
8714,1294
8715,1683
8716,1464
8717,1538
8718,1334
8719,1590
8720,2084
8721,1894
8722,2291
8723,1523
8724,1537
8725,1716
8726,1378
8727,1624
8728,1422
8729,1347
8730,2226
8731,1591
8732,1821
8733,2101
8734,1568
8735,1529
8736,1554
8737,1524
8738,1324
8739,1646
8740,2326
8741,1694
8742,1729
8743,1455
8744,1655
8745,1748
8746,2219
8747,1911
8748,1467
8749,1475
8750,4060
8751,1649
8752,1458
8753,1716
8754,1253
8755,1867
8756,1350
8757,1479
8758,1301
8759,1390
8760,3689
8761,2623
8762,1589
8763,1300
8764,1331
8765,2997
8766,1557
8767,3126
8768,1329
8769,1248
8770,1916
8771,1454
8772,1496
8773,1521
8774,1510
8775,2076
8776,2524
8777,2503
8778,1656
8779,1421
8780,1735
8781,1354
8782,1515
8783,1396
8784,1369
8785,1420
8786,1656
8787,3581
8788,1860
8789,1633
8790,1592
8791,1276
8792,1377
8793,1169
8794,1327
8795,1420
8796,1132
8797,1336
8798,1127
8799,3126
8800,22018
8801,3107
8802,2715
8803,1769
8804,2067
8805,2034
8806,1642
8807,1905
8808,1845
8809,1885
8810,2521
8811,2582
8812,1653
8813,1327
8814,1496
8815,1730
8816,1759
8817,1749
8818,1594
8819,1382
8820,2851
8821,1849
8822,2411
8823,1570
8824,1726
8825,2040
8826,1465
8827,1505
8828,1814
8829,1592
8830,2741
8831,1766
8832,2025
8833,2336
8834,1323
8835,1631
8836,1485
8837,1414
8838,1463
8839,1605
8840,2120
8841,1561
8842,1368
8843,1874
8844,2160
8845,1550
8846,1536
8847,1199
8848,3308
8849,1588
8850,3341
8851,1459
8852,1356
8853,1583
8854,2108
8855,2344
8856,1729
8857,1613
8858,1702
8859,36865
8860,2162
8861,1677
8862,1541
8863,1878
8864,1291
8865,2009
8866,1943
8867,1535
8868,1682
8869,1538
8870,1829
8871,1577
8872,1487
8873,1556
8874,1274
8875,1624
8876,1597
8877,2142
8878,1636
8879,1952
8880,3412
8881,2230
8882,1943
8883,3177
8884,1956
8885,1813
8886,1663
8887,2290
8888,33611
8889,4248
8890,2887
8891,1843
8892,1425
8893,1429
8894,1123
8895,2198
8896,1377
8897,1241
8898,1548
8899,2943
8900,10996
8901,3988
8902,1770
8903,1818
8904,1557
8905,1386
8906,1581
8907,1296
8908,1372
8909,1500
8910,3149
8911,1853
8912,1511
8913,1375
8914,1215
8915,1412
8916,1348
8917,1487
8918,1398
8919,1360
8920,1977
8921,1363
8922,1536
8923,1457
8924,1513
8925,1612
8926,1254
8927,1191
8928,1392
8929,1458
8930,1948
8931,2328
8932,1359
8933,1382
8934,1134
8935,1293
8936,1374
8937,1418
8938,2743
8939,1411
8940,1875
8941,1455
8942,1351
8943,1324
8944,1372
8945,1451
8946,1298
8947,1454
8948,1174
8949,2662
8950,2531
8951,1432
8952,1347
8953,1400
8954,1477
8955,1569
8956,1275
8957,1310
8958,1395
8959,1276
8960,2181
8961,1231
8962,1814
8963,1354
8964,2316
8965,1536
8966,1380
8967,1143
8968,1427
8969,2314
8970,1470
8971,1533
8972,1262
8973,1357
8974,1254
8975,1348
8976,1261
8977,1409
8978,1218
8979,1307
8980,1899
8981,1430
8982,1219
8983,3491
8984,2148
8985,1355
8986,1353
8987,1228
8988,1659
8989,3264
8990,2366
8991,1367
8992,1332
8993,1915
8994,1497
8995,1748
8996,1430
8997,1418
8998,1867
8999,3771
9000,141735
9001,86571
9002,7760
9003,5098
9004,3958
9005,4044
9006,3617
9007,3110
9008,2697
9009,4110
9010,5180
9011,2734
9012,2968
9013,1900
9014,1860
9015,2586
9016,1903
9017,1839
9018,1858
9019,1623
9020,3563
9021,2047
9022,1782
9023,1773
9024,1983
9025,2069
9026,1513
9027,1809
9028,1294
9029,1366
9030,2656
9031,1809
9032,1569
9033,1759
9034,1379
9035,1705
9036,1541
9037,1449
9038,1344
9039,1409
9040,2343
9041,1675
9042,3112
9043,1333
9044,1427
9045,1736
9046,1290
9047,1439
9048,1429
9049,1256
9050,3943
9051,1777
9052,1548
9053,1482
9054,1540
9055,1868
9056,1315
9057,1335
9058,1233
9059,1419
9060,3135
9061,1432
9062,1371
9063,1372
9064,1353
9065,1358
9066,3450
9067,1301
9068,1442
9069,1441
9070,2058
9071,1626
9072,1492
9073,1331
9074,1189
9075,1890
9076,1235
9077,1687
9078,2099
9079,1253
9080,5395
9081,1901
9082,1665
9083,1744
9084,1300
9085,1904
9086,1090
9087,1492
9088,1585
9089,1584
9090,14170
9091,4216
9092,12368
9093,3454
9094,2155
9095,2068
9096,1445
9097,1485
9098,1443
9099,2402
9100,14619
9101,3484
9102,2539
9103,1933
9104,1966
9105,1960
9106,1569
9107,1580
9108,1442
9109,1510
9110,2753
9111,3142
9112,1609
9113,1614
9114,1572
9115,1972
9116,1644
9117,1495
9118,1430
9119,1780
9120,2394
9121,1871
9122,2181
9123,2273
9124,1428
9125,2164
9126,1896
9127,1391
9128,2178
9129,1213
9130,2027
9131,1779
9132,1465
9133,1615
9134,1265
9135,1474
9136,1442
9137,1444
9138,1079
9139,1305
9140,2055
9141,1711
9142,1458
9143,1160
9144,2511
9145,1608
9146,1152
9147,1333
9148,1217
9149,1673
9150,3134
9151,1537
9152,1286
9153,1688
9154,1157
9155,1891
9156,1136
9157,1089
9158,1157
9159,1137
9160,2150
9161,1402
9162,1238
9163,1192
9164,1148
9165,2103
9166,1329
9167,2082
9168,1324
9169,1063
9170,1658
9171,1602
9172,1207
9173,1366
9174,1184
9175,1460
9176,1163
9177,1176
9178,1284
9179,1142
9180,1961
9181,1592
9182,1432
9183,1251
9184,1537
9185,1502
9186,1299
9187,1462
9188,1308
9189,1337
9190,1743
9191,2737
9192,1583
9193,1500
9194,1220
9195,1373
9196,1529
9197,1147
9198,1308
9199,1743
9200,26522
9201,2932
9202,1831
9203,1997
9204,1566
9205,1920
9206,1440
9207,1526
9208,1845
9209,1319
9210,2142
9211,2313
9212,2474
9213,1587
9214,1412
9215,1553
9216,2738
9217,1446
9218,1293
9219,1479
9220,2186
9221,1785
9222,3357
9223,1669
9224,1539
9225,2057
9226,1418
9227,1612
9228,1458
9229,2206
9230,3009
9231,1683
9232,1409
9233,1669
9234,1406
9235,1488
9236,1264
9237,1487
9238,1279
9239,1371
9240,2048
9241,2211
9242,1354
9243,1640
9244,1320
9245,1326
9246,1334
9247,1351
9248,1481
9249,1251
9250,4282
9251,1654
9252,1586
9253,1410
9254,1231
9255,1763
9256,1280
9257,1292
9258,1463
9259,1199
9260,2143
9261,1613
9262,1840
9263,1287
9264,1376
9265,1651
9266,1681
9267,1516
9268,1805
9269,1188
9270,1478
9271,1385
9272,1472
9273,1220
9274,1325
9275,1442
9276,1405
9277,1604
9278,1354
9279,1293
9280,1919
9281,1558
9282,1583
9283,1531
9284,1297
9285,1389
9286,1406
9287,1207
9288,1466
9289,1327
9290,2125
9291,1601
9292,4270
9293,1442
9294,1424
9295,1729
9296,1208
9297,1434
9298,1378
9299,1553
9300,14648
9301,2355
9302,1531
9303,1752
9304,1252
9305,1542
9306,1354
9307,1301
9308,1337
9309,1312
9310,2578
9311,2043
9312,1608
9313,1417
9314,1345
9315,1601
9316,1217
9317,1214
9318,1234
9319,1311
9320,2431
9321,1487
9322,1575
9323,1381
9324,1376
9325,2310
9326,2266
9327,1570
9328,1598
9329,1230
9330,2265
9331,1631
9332,1444
9333,3351
9334,1328
9335,1554
9336,1465
9337,1455
9338,1270
9339,1488
9340,1699
9341,1506
9342,1200
9343,2024
9344,1641
9345,1494
9346,1296
9347,1334
9348,1207
9349,1267
9350,2999
9351,1884
9352,1271
9353,1349
9354,1228
9355,1962
9356,1132
9357,1250
9358,1146
9359,1288
9360,3022
9361,1596
9362,1566
9363,1285
9364,1375
9365,1349
9366,1284
9367,1198
9368,1266
9369,1354
9370,2412
9371,1397
9372,1342
9373,1343
9374,1162
9375,16748
9376,1327
9377,1432
9378,1642
9379,1136
9380,2270
9381,1674
9382,1233
9383,1625
9384,1755
9385,1604
9386,1181
9387,1301
9388,1377
9389,1264
9390,1438
9391,1431
9392,1279
9393,2281
9394,1486
9395,1405
9396,1218
9397,1550
9398,1213
9399,1710
9400,9712
9401,2117
9402,1588
9403,1686
9404,1549
9405,1584
9406,1284
9407,1280
9408,1420
9409,1573
9410,2149
9411,2770
9412,1431
9413,1349
9414,1402
9415,1869
9416,1599
9417,1758
9418,1572
9419,1573
9420,1984
9421,1354
9422,1660
9423,1244
9424,1387
9425,1711
9426,1168
9427,1280
9428,1260
9429,1398
9430,1837
9431,1312
9432,1404
9433,1544
9434,1308
9435,1406
9436,1155
9437,1329
9438,1208
9439,1285
9440,2155
9441,1478
9442,1373
9443,3919
9444,2059
9445,1600
9446,1471
9447,1144
9448,1338
9449,1515
9450,2552
9451,1591
9452,1465
9453,1539
9454,1287
9455,1473
9456,1294
9457,1378
9458,1096
9459,1130
9460,1514
9461,1353
9462,1210
9463,1820
9464,1511
9465,1677
9466,1402
9467,1329
9468,1406
9469,1249
9470,1614
9471,1165
9472,2259
9473,1899
9474,2143
9475,1387
9476,1271
9477,1588
9478,1219
9479,1412
9480,1578
9481,1341
9482,1184
9483,1165
9484,1338
9485,1351
9486,1202
9487,1262
9488,1351
9489,1162
9490,1572
9491,1263
9492,1292
9493,1170
9494,1818
9495,1565
9496,1470
9497,1287
9498,1303
9499,1620
9500,21946
9501,2735
9502,1943
9503,1919
9504,2173
9505,2108
9506,1492
9507,1377
9508,1533
9509,1319
9510,1961
9511,2118
9512,1457
9513,1474
9514,1486
9515,1913
9516,1519
9517,1260
9518,1385
9519,1299
9520,1960
9521,1617
9522,1508
9523,1515
9524,1500
9525,2698
9526,1285
9527,2118
9528,1504
9529,1303
9530,2030
9531,1766
9532,1375
9533,1359
9534,1240
9535,1326
9536,1901
9537,1342
9538,1195
9539,1145
9540,1686
9541,1703
9542,1221
9543,1333
9544,1176
9545,2042
9546,1290
9547,1236
9548,1171
9549,1215
9550,4018
9551,1616
9552,1532
9553,1404
9554,1249
9555,2971
9556,1360
9557,1422
9558,1277
9559,1928
9560,2837
9561,1262
9562,1222
9563,1122
9564,1326
9565,1453
9566,1361
9567,1468
9568,1669
9569,1338
9570,2142
9571,1385
9572,1392
9573,1119
9574,1108
9575,2061
9576,1290
9577,1343
9578,1276
9579,1716
9580,1687
9581,1176
9582,1147
9583,1270
9584,1218
9585,1479
9586,1071
9587,1201
9588,1258
9589,1196
9590,2215
9591,1184
9592,1418
9593,1328
9594,1308
9595,2827
9596,1478
9597,1249
9598,1328
9599,1760
9600,30298
9601,2563
9602,1645
9603,1854
9604,2029
9605,2186
9606,3227
9607,1864
9608,2060
9609,1548
9610,2136
9611,2366
9612,1513
9613,1644
9614,1314
9615,1713
9616,1371
9617,1767
9618,1454
9619,1409
9620,1767
9621,1576
9622,2023
9623,1431
9624,1271
9625,1712
9626,1436
9627,1251
9628,1189
9629,1399
9630,2228
9631,1379
9632,1613
9633,1579
9634,1123
9635,1425
9636,1299
9637,1377
9638,1210
9639,1369
9640,1456
9641,1387
9642,3555
9643,1286
9644,1331
9645,1619
9646,1366
9647,1306
9648,1225
9649,1262
9650,3879
9651,1487
9652,1417
9653,1376
9654,2200
9655,1464
9656,1657
9657,1239
9658,1755
9659,1374
9660,3587
9661,1528
9662,9490
9663,1692
9664,1598
9665,1426
9666,1560
9667,1820
9668,1474
9669,1498
9670,12457
9671,1216
9672,1348
9673,1413
9674,2242
9675,1825
9676,1230
9677,1335
9678,1401
9679,2350
9680,1484
9681,1299
9682,1139
9683,1351
9684,1218
9685,1605
9686,1365
9687,1275
9688,3653
9689,1337
9690,1569
9691,1165
9692,1117
9693,1128
9694,1118
9695,1442
9696,2374
9697,1549
9698,1178
9699,1478
9700,14241
9701,2243
9702,1586
9703,1376
9704,1403
9705,1592
9706,1782
9707,1535
9708,1433
9709,1718
9710,1982
9711,1835
9712,1663
9713,1318
9714,1532
9715,1304
9716,1310
9717,1376
9718,1104
9719,1251
9720,2040
9721,1580
9722,1484
9723,1267
9724,1205
9725,1566
9726,1334
9727,1373
9728,1603
9729,1490
9730,1341
9731,1238
9732,1262
9733,3940
9734,1929
9735,1659
9736,1281
9737,1418
9738,1209
9739,1220
9740,1382
9741,1555
9742,1276
9743,1493
9744,2371
9745,1865
9746,1194
9747,1515
9748,1077
9749,1132
9750,2907
9751,1384
9752,1239
9753,1312
9754,1284
9755,1576
9756,1394
9757,1286
9758,1236
9759,1152
9760,1459
9761,1274
9762,1284
9763,1393
9764,1135
9765,1324
9766,1562
9767,1431
9768,1142
9769,1119
9770,1669
9771,1285
9772,1285
9773,1197
9774,1137
9775,1530
9776,2245
9777,2117
9778,1436
9779,1495
9780,2704
9781,1362
9782,1058
9783,1169
9784,1447
9785,1421
9786,1372
9787,1354
9788,1286
9789,1285
9790,2139
9791,1364
9792,1674
9793,2032
9794,1197
9795,1411
9796,2915
9797,2053
9798,1437
9799,1711
9800,15799
9801,3271
9802,1959
9803,1702
9804,1520
9805,1618
9806,1553
9807,1392
9808,1594
9809,1329
9810,3575
9811,1505
9812,1362
9813,1320
9814,1282
9815,1464
9816,1362
9817,1374
9818,1404
9819,1282
9820,2644
9821,1567
9822,1869
9823,1387
9824,1483
9825,1974
9826,1323
9827,1414
9828,1347
9829,1496
9830,1830
9831,1280
9832,1667
9833,1823
9834,1389
9835,1626
9836,1277
9837,1213
9838,1312
9839,1414
9840,1900
9841,1452
9842,1408
9843,1436
9844,1530
9845,1559
9846,1270
9847,1140
9848,1352
9849,1184
9850,2933
9851,1377
9852,1334
9853,1440
9854,1231
9855,1443
9856,1321
9857,1509
9858,1396
9859,1413
9860,2650
9861,1541
9862,1112
9863,1240
9864,1394
9865,1482
9866,1289
9867,1499
9868,1525
9869,1272
9870,1650
9871,1414
9872,1430
9873,1220
9874,1188
9875,1827
9876,6459
9877,1771
9878,1416
9879,1440
9880,1966
9881,1236
9882,1385
9883,1332
9884,1268
9885,1370
9886,1148
9887,1672
9888,2535
9889,2023
9890,1779
9891,1351
9892,1207
9893,1264
9894,1115
9895,2005
9896,1220
9897,1283
9898,2785
9899,2536
9900,18322
9901,2805
9902,1811
9903,1883
9904,1894
9905,1763
9906,1522
9907,1660
9908,1682
9909,1535
9910,1999
9911,2209
9912,1774
9913,1603
9914,1289
9915,1532
9916,1249
9917,1512
9918,1399
9919,1604
9920,1953
9921,1706
9922,1917
9923,1578
9924,1366
9925,1885
9926,1864
9927,1233
9928,1223
9929,1560
9930,2767
9931,1484
9932,1308
9933,2654
9934,1469
9935,1740
9936,1284
9937,1375
9938,1463
9939,1875
9940,1777
9941,1335
9942,1217
9943,1272
9944,1903
9945,1660
9946,1305
9947,1868
9948,1541
9949,1625
9950,2667
9951,1489
9952,1365
9953,1441
9954,1298
9955,1826
9956,1513
9957,1374
9958,1476
9959,1653
9960,2609
9961,1751
9962,1262
9963,1442
9964,1545
9965,2112
9966,2240
9967,1681
9968,1371
9969,1651
9970,1631
9971,1708
9972,1522
9973,1832
9974,1320
9975,2105
9976,1515
9977,1914
9978,1755
9979,1728
9980,2257
9981,2516
9982,1811
9983,1989
9984,2347
9985,2030
9986,1911
9987,2361
9988,3284
9989,2856
9990,5161
9991,3495
9992,2698
9993,3095
9994,3237
9995,4728
9996,3863
9997,4390
9998,6464
9999,119785
10000,337228
