number,count
0,733673245
1,809524113
2,579274450
3,380782054
4,288109411
5,303927538
6,193332138
7,162839057
8,163753510
9,126652421
10,218445946
11,93182436
12,115556427
13,64369666
14,65770790
15,93829016
16,67737364
17,52802882
18,60931892
19,63607468
20,108632953
21,45958267
22,43995728
23,38875262
24,55592371
25,64523794
26,32892658
27,32051015
28,33484177
29,29047816
30,96174937
31,28972991
32,26984810
33,19728211
34,18253074
35,26050821
36,18822837
37,16549535
38,15644295
39,18444032
40,45400489
41,13555383
42,15685187
43,13044875
44,14086816
45,24964918
46,12181394
47,12050427
48,16494556
49,12665091
50,67880757
51,11760627
52,12698666
53,10726722
54,11111545
55,14906692
56,10919686
57,9760011
58,10340949
59,10447420
60,33119847
61,7460150
62,7903527
63,7682954
64,13639669
65,12646269
66,7871410
67,7366819
68,7152227
69,6775480
70,21087636
71,6459433
72,8929698
73,6458408
74,6426628
75,17787074
76,6363811
77,6247243
78,6286501
79,5875912
80,24539039
81,5985921
82,6083110
83,6120626
84,6189170
85,9389305
86,5831541
87,5629034
88,6384704
89,5873755
90,23747392
91,5724690
92,5902031
93,6466809
94,5623733
95,15598363
96,6859556
97,6180161
98,6849339
99,16968071
100,79268182
101,5692524
102,3410968
103,2941902
104,3120287
105,3763556
106,2930581
107,2608670
108,2830152
109,2492251
110,5460913
111,3323022
112,2810978
113,2216791
114,2490413
115,3026216
116,2417637
117,2167710
118,2134932
119,2101643
120,8711102
121,2244901
122,2208580
123,3333092
124,2078781
125,4650903
126,1982812
127,3551055
128,4503204
129,1872176
130,4417707
131,1789767
132,1925924
133,1730165
134,1636595
135,2496256
136,1660130
137,1631159
138,1624302
139,1602405
140,4248240
141,1580557
142,1527688
143,1541851
144,1927443
145,2074123
146,1441570
147,1486213
148,1425359
149,1587005
150,12486073
151,1494600
152,1520233
153,1437413
154,1371291
155,1804153
156,1404064
157,1346181
158,1288575
159,1295180
160,5033606
161,1346049
162,1385890
163,1306820
164,1298433
165,1840714
166,1232195
167,1258533
168,2516668
169,1340267
170,2810705
171,1213098
172,1967920
173,1177161
174,1199487
175,2329494
176,1266476
177,1221849
178,1166483
179,1213420
180,5653856
181,1127641
182,1273745
183,1437925
184,1151946
185,1605373
186,1086441
187,1137861
188,1125671
189,1151915
190,2085983
191,1193861
192,2693674
193,1088539
194,1006953
195,1436715
196,1072920
197,1045458
198,1052765
199,1473093
200,27825274
201,1920692
202,1724640
203,1397160
204,1525554
205,1569173
206,1343123
207,1244454
208,1342058
209,1102455
210,2204593
211,1241421
212,1517690
213,1090052
214,1156272
215,1510369
216,1194040
217,1052743
218,1031913
219,998067
220,2759115
221,1120096
222,1410872
223,1174194
224,1454398
225,2036712
226,1025504
227,1027674
228,1097172
229,1027428
230,2131591
231,1178512
232,1156296
233,1216785
234,1063819
235,1281000
236,918963
237,929758
238,966428
239,954901
240,2909827
241,943145
242,984732
243,1026720
244,964473
245,1192779
246,944551
247,962429
248,979138
249,996610
250,9970422
251,938934
252,1165389
253,913672
254,1157555
255,7836610
256,3208582
257,795684
258,736143
259,722809
260,1692037
261,743854
262,818255
263,755653
264,1025055
265,1011558
266,736993
267,743953
268,705404
269,737487
270,1793147
271,713472
272,773035
273,822454
274,698599
275,1315951
276,712626
277,719101
278,681321
279,708833
280,1707671
281,724994
282,675113
283,667089
284,663491
285,922562
286,666411
287,694932
288,803147
289,682624
290,1104218
291,620351
292,648188
293,724340
294,621296
295,873604
296,639640
297,648844
298,669276
299,998300
300,17564879
301,1306279
302,1072481
303,1056172
304,1056562
305,1002949
306,782769
307,753787
308,935928
309,687352
310,1373530
311,843932
312,911729
313,740661
314,751382
315,1009119
316,742054
317,686660
318,666957
319,678339
320,1925906
321,791859
322,731985
323,745220
324,680817
325,1245405
326,623717
327,647766
328,636381
329,610826
330,1526986
331,629957
332,617548
333,1239967
334,611282
335,798449
336,705370
337,606394
338,603537
339,558143
340,1202494
341,610839
342,606590
343,682652
344,604810
345,839353
346,562260
347,589596
348,555102
349,622388
350,4802722
351,628966
352,649067
353,601494
354,562695
355,719929
356,595978
357,670353
358,555122
359,547437
360,5131264
361,569230
362,532834
363,554169
364,566902
365,3096103
366,579399
367,529455
368,535317
369,510568
370,997504
371,534047
372,528939
373,544565
374,485851
375,1425739
376,542953
377,1608818
378,486307
379,491422
380,1090044
381,492431
382,477568
383,507561
384,681470
385,643448
386,535184
387,486554
388,473865
389,491116
390,808906
391,472626
392,488987
393,455070
394,428435
395,632358
396,461429
397,457473
398,438864
399,711881
400,14313893
401,1701113
402,649086
403,1038154
404,2152926
405,831935
406,606976
407,580414
408,610148
409,560355
410,998279
411,608921
412,613619
413,511976
414,565156
415,730019
416,639626
417,515459
418,471945
419,515716
420,1192763
421,512242
422,603736
423,496273
424,501431
425,926742
426,454907
427,478851
428,447135
429,535967
430,858058
431,457854
432,545419
433,485745
434,443375
435,606053
436,428128
437,426054
438,441211
439,409209
440,981115
441,460174
442,454566
443,832420
444,633708
445,518373
446,395541
447,423113
448,464050
449,459146
450,2943755
451,522734
452,413276
453,413624
454,478891
455,537020
456,623757
457,464326
458,457486
459,395637
460,831275
461,415953
462,409559
463,395882
464,420159
465,514876
466,390491
467,395586
468,415478
469,400409
470,705588
471,406206
472,396234
473,400781
474,372546
475,648641
476,404242
477,397684
478,379345
479,403204
480,1321676
481,373255
482,382027
483,405622
484,389879
485,550719
486,434993
487,372553
488,540902
489,365067
490,628258
491,360106
492,363858
493,356750
494,358247
495,598161
496,376984
497,374025
498,380604
499,725822
500,28369062
501,1271106
502,601851
503,633664
504,656743
505,611003
506,459509
507,428713
508,559487
509,503018
510,852665
511,488795
512,1804138
513,418559
514,435740
515,508801
516,416650
517,395162
518,413459
519,389836
520,846497
521,424077
522,399795
523,388464
524,377606
525,624609
526,371133
527,377659
528,393759
529,520827
530,746980
531,367805
532,421482
533,382422
534,357618
535,458782
536,372515
537,575742
538,361839
539,339685
540,808251
541,405673
542,348783
543,358722
544,358779
545,419106
546,344766
547,331180
548,324815
549,365876
550,1700273
551,350139
552,366923
553,338860
554,325473
555,744404
556,368523
557,316742
558,312797
559,329119
560,800502
561,380665
562,359794
563,330552
564,323747
565,389729
566,310743
567,353377
568,329817
569,308845
570,632777
571,358135
572,304864
573,339918
574,322072
575,515119
576,377327
577,330752
578,292123
579,308918
580,690695
581,323199
582,298120
583,311422
584,297689
585,400976
586,330885
587,352985
588,311753
589,297631
590,496104
591,291356
592,296158
593,292639
594,308438
595,406573
596,285490
597,292682
598,291997
599,467192
600,9413782
601,501203
602,432457
603,412793
604,433714
605,420098
606,383939
607,341294
608,387444
609,373201
610,635618
611,336331
612,410513
613,392017
614,343691
615,441259
616,388640
617,439795
618,373695
619,344261
620,669705
621,334243
622,333751
623,315410
624,349705
625,801026
626,354993
627,301371
628,304248
629,292375
630,671337
631,333949
632,336493
633,335306
634,286619
635,365247
636,339741
637,284577
638,285644
639,314588
640,971455
641,304627
642,360371
643,294909
644,394154
645,379329
646,329353
647,330153
648,302899
649,335941
650,1766625
651,340284
652,292048
653,273343
654,279336
655,332576
656,309100
657,277258
658,268521
659,271617
660,639301
661,304098
662,315576
663,275574
664,292976
665,328529
666,644761
667,381909
668,285533
669,265860
670,482709
671,269777
672,298143
673,272653
674,260127
675,454256
676,269266
677,283431
678,313703
679,308062
680,592696
681,257201
682,274311
683,264459
684,268144
685,310332
686,278707
687,276400
688,284179
689,255565
690,425367
691,260839
692,262298
693,257895
694,247589
695,337384
696,262566
697,245320
698,247436
699,377611
700,6423259
701,413299
702,421540
703,385940
704,369576
705,366654
706,332437
707,412625
708,315923
709,298423
710,500996
711,333239
712,311948
713,328682
714,345299
715,357075
716,303641
717,325588
718,378137
719,282911
720,935601
721,298787
722,328461
723,266457
724,293268
725,411511
726,260504
727,349809
728,300778
729,274483
730,491494
731,278699
732,330472
733,279344
734,281787
735,313168
736,257569
737,594601
738,242287
739,242455
740,488091
741,263559
742,259403
743,249722
744,285683
745,343623
746,246463
747,470651
748,273108
749,278688
750,2667627
751,273364
752,268911
753,260598
754,278944
755,432854
756,254444
757,339240
758,234943
759,228289
760,537184
761,249473
762,257775
763,252985
764,244979
765,338477
766,245433
767,340642
768,517299
769,243179
770,507676
771,253091
772,265789
773,287799
774,250204
775,407900
776,262821
777,812637
778,262029
779,233337
780,528641
781,278655
782,248308
783,240413
784,279175
785,306590
786,264893
787,437177
788,244216
789,307610
790,362155
791,227378
792,256657
793,225325
794,227264
795,298645
796,223162
797,235516
798,229188
799,359673
800,9541742
801,436408
802,1031787
803,305580
804,302599
805,353100
806,269519
807,257576
808,460376
809,245119
810,465588
811,280950
812,310246
813,285218
814,268877
815,335482
816,282046
817,269930
818,288165
819,238861
820,482459
821,262844
822,258462
823,244553
824,252202
825,371129
826,243690
827,235428
828,290946
829,242991
830,439835
831,256783
832,280675
833,344627
834,226668
835,292079
836,228681
837,229572
838,223416
839,220420
840,519596
841,244621
842,239638
843,281400
844,350752
845,413810
846,233972
847,282409
848,245816
849,231368
850,1271647
851,231626
852,267264
853,233891
854,236038
855,460883
856,261198
857,234132
858,262983
859,240520
860,449644
861,222581
862,220801
863,240417
864,284713
865,302391
866,594383
867,231396
868,233953
869,211588
870,430795
871,241705
872,228330
873,221331
874,216929
875,489973
876,235303
877,551212
878,210384
879,210001
880,460227
881,212853
882,222342
883,233758
884,213736
885,269574
886,234271
887,223136
888,1124183
889,225540
890,334499
891,218482
892,211706
893,219579
894,199289
895,275772
896,234693
897,205079
898,215955
899,296848
900,4236242
901,362258
902,289498
903,255969
904,278583
905,322328
906,246139
907,268408
908,257326
909,280919
910,377354
911,1799176
912,284335
913,238664
914,271876
915,281228
916,288691
917,274373
918,267966
919,298614
920,521685
921,228392
922,249382
923,226439
924,253125
925,407347
926,213526
927,208360
928,267155
929,228620
930,389670
931,226269
932,216199
933,221874
934,204848
935,254569
936,224735
937,241605
938,206770
939,217154
940,366771
941,251448
942,209493
943,205699
944,239405
945,260580
946,201203
947,203825
948,196382
949,263353
950,854904
951,239223
952,231209
953,205581
954,251909
955,242741
956,210816
957,202960
958,186924
959,206961
960,551302
961,206609
962,215235
963,215594
964,206904
965,246593
966,208836
967,203617
968,213579
969,213618
970,431837
971,230691
972,266403
973,262935
974,206052
975,313125
976,213244
977,209971
978,886819
979,203023
980,457482
981,204830
982,198402
983,194882
984,206017
985,255083
986,200110
987,230264
988,227885
989,227284
990,597596
991,237930
992,236505
993,231197
994,210036
995,453208
996,263384
997,278445
998,282707
999,1862483
1000,12586413
1001,567054
1002,442107
1003,177908
1004,153295
1005,158175
1006,154089
1007,506136
1008,134760
1009,116761
1010,312276
1011,183957
1012,149887
1013,126472
1014,125202
1015,148467
1016,971451
1017,150395
1018,115396
1019,100867
1020,234838
1021,185689
1022,109444
1023,190451
1024,1819434
1025,137669
1026,98109
1027,93922
1028,91563
1029,143842
1030,185877
1031,172454
1032,93561
1033,115654
1034,84452
1035,105348
1036,79314
1037,106155
1038,341350
1039,93787
1040,261574
1041,90869
1042,95138
1043,83164
1044,91730
1045,108067
1046,108052
1047,79922
1048,91025
1049,87728
1050,313953
1051,94418
1052,84893
1053,95687
1054,102876
1055,113178
1056,118546
1057,82429
1058,74485
1059,76295
1060,198552
1061,79920
1062,80551
1063,101973
1064,110197
1065,94705
1066,163289
1067,87497
1068,84974
1069,74644
1070,204175
1071,83190
1072,98702
1073,142644
1074,106386
1075,93236
1076,77043
1077,95750
1078,78248
1079,78705
1080,785059
1081,82788
1082,76620
1083,86172
1084,80960
1085,93519
1086,137214
1087,78516
1088,147905
1089,100241
1090,128459
1091,75112
1092,74449
1093,241869
1094,77663
1095,128573
1096,85734
1097,170801
1098,119466
1099,323881
1100,863662
1101,225820
1102,108600
1103,140226
1104,98492
1105,108944
1106,86441
1107,95642
1108,92234
1109,172336
1110,156340
1111,562417
1112,103812
1113,89777
1114,81499
1115,109414
1116,80094
1117,85158
1118,82417
1119,76360
1120,149873
1121,85340
1122,98852
1123,84795
1124,77187
1125,110079
1126,125066
1127,77016
1128,133859
1129,70155
1130,136801
1131,76064
1132,75088
1133,75159
1134,69482
1135,81723
1136,129503
1137,82308
1138,74647
1139,70146
1140,112648
1141,69817
1142,81462
1143,69035
1144,70573
1145,204934
1146,85512
1147,67500
1148,65956
1149,78803
1150,193377
1151,81297
1152,108776
1153,68977
1154,67426
1155,122471
1156,70189
1157,68790
1158,80290
1159,81744
1160,98774
1161,86831
1162,69485
1163,66882
1164,68658
1165,68240
1166,63972
1167,80323
1168,59424
1169,64275
1170,112347
1171,68735
1172,81501
1173,68949
1174,59658
1175,99762
1176,76789
1177,155710
1178,58218
1179,68313
1180,100909
1181,64187
1182,73789
1183,64450
1184,63507
1185,81444
1186,241471
1187,66305
1188,70518
1189,71213
1190,91811
1191,68190
1192,75997
1193,60731
1194,73140
1195,65518
1196,58696
1197,62825
1198,70259
1199,104884
1200,1909784
1201,127788
1202,114475
1203,84653
1204,105802
1205,90178
1206,92234
1207,84615
1208,79587
1209,77183
1210,127117
1211,90176
1212,126161
1213,85700
1214,81687
1215,115730
1216,84880
1217,69709
1218,70161
1219,71510
1220,125723
1221,86455
1222,92406
1223,91305
1224,78975
1225,106030
1226,71354
1227,76459
1228,68014
1229,68621
1230,131617
1231,83824
1232,77135
1233,69177
1234,612869
1235,91287
1236,67831
1237,65938
1238,62780
1239,64004
1240,117223
1241,72146
1242,82905
1243,71721
1244,79405
1245,88974
1246,68099
1247,60861
1248,72281
1249,67524
1250,325702
1251,77880
1252,128245
1253,73815
1254,74870
1255,73926
1256,72772
1257,71069
1258,70641
1259,67869
1260,142584
1261,66546
1262,56072
1263,62856
1264,60921
1265,69134
1266,60655
1267,63657
1268,60184
1269,53458
1270,100453
1271,69668
1272,66287
1273,96675
1274,70557
1275,91373
1276,59346
1277,61823
1278,61064
1279,75191
1280,333553
1281,60535
1282,62121
1283,63172
1284,67713
1285,69172
1286,54409
1287,60232
1288,58004
1289,58593
1290,102436
1291,75974
1292,67058
1293,58920
1294,57723
1295,79506
1296,85086
1297,60427
1298,61095
1299,80927
1300,906036
1301,218058
1302,90059
1303,79980
1304,79427
1305,86698
1306,73818
1307,153118
1308,71623
1309,70753
1310,108668
1311,75362
1312,79127
1313,90578
1314,73695
1315,81384
1316,66432
1317,65516
1318,59484
1319,58742
1320,125511
1321,69910
1322,66536
1323,69715
1324,69186
1325,109737
1326,67824
1327,71709
1328,63604
1329,60637
1330,112721
1331,74877
1332,95009
1333,101386
1334,67418
1335,71263
1336,62308
1337,155675
1338,59766
1339,55988
1340,99731
1341,63793
1342,65145
1343,65360
1344,78991
1345,75586
1346,64959
1347,65841
1348,71260
1349,67466
1350,204401
1351,64624
1352,56278
1353,63588
1354,54693
1355,64292
1356,57600
1357,58951
1358,53097
1359,56706
1360,94527
1361,61280
1362,55971
1363,57363
1364,65350
1365,116759
1366,102797
1367,63443
1368,78431
1369,55721
1370,83648
1371,252559
1372,65049
1373,67416
1374,53279
1375,71927
1376,55473
1377,68006
1378,58133
1379,52577
1380,89847
1381,61761
1382,60128
1383,57064
1384,56341
1385,66918
1386,63430
1387,55937
1388,56533
1389,60628
1390,74793
1391,56819
1392,70836
1393,52372
1394,84558
1395,66186
1396,55252
1397,59041
1398,58041
1399,78084
1400,804830
1401,101541
1402,79147
1403,70606
1404,85098
1405,82852
1406,69720
1407,63464
1408,74648
1409,63071
1410,99401
1411,68850
1412,67358
1413,59510
1414,72811
1415,100660
1416,64878
1417,57092
1418,57208
1419,57424
1420,110439
1421,63671
1422,66189
1423,65355
1424,62330
1425,75845
1426,50966
1427,55419
1428,59476
1429,62496
1430,104330
1431,66414
1432,64293
1433,85851
1434,60729
1435,76572
1436,56286
1437,56345
1438,57752
1439,59644
1440,266026
1441,83090
1442,60938
1443,56793
1444,67167
1445,66495
1446,57268
1447,54728
1448,51641
1449,54707
1450,194423
1451,61163
1452,65971
1453,89911
1454,51388
1455,79030
1456,56079
1457,51850
1458,52960
1459,54302
1460,97194
1461,67679
1462,56534
1463,55812
1464,55142
1465,56027
1466,50401
1467,61507
1468,55822
1469,64007
1470,81974
1471,110487
1472,70082
1473,63657
1474,52771
1475,81449
1476,59272
1477,59082
1478,56048
1479,53143
1480,94544
1481,51530
1482,61519
1483,81365
1484,58002
1485,77639
1486,53324
1487,51528
1488,57442
1489,52041
1490,79277
1491,61855
1492,138721
1493,70354
1494,67944
1495,67453
1496,51112
1497,61935
1498,61573
1499,79497
1500,2573717
1501,116929
1502,96390
1503,84465
1504,79820
1505,85505
1506,77138
1507,67984
1508,70042
1509,80187
1510,104604
1511,85968
1512,83615
1513,74461
1514,67006
1515,107731
1516,79033
1517,84399
1518,83767
1519,84211
1520,177357
1521,108803
1522,74732
1523,76924
1524,77871
1525,101431
1526,75632
1527,73060
1528,67241
1529,68503
1530,128258
1531,66407
1532,70613
1533,72396
1534,75778
1535,97831
1536,141502
1537,67250
1538,77939
1539,73936
1540,129239
1541,78728
1542,81259
1543,73347
1544,61586
1545,83295
1546,66180
1547,79815
1548,66029
1549,74633
1550,201312
1551,72143
1552,69432
1553,79579
1554,63086
1555,87255
1556,68952
1557,70414
1558,83088
1559,87640
1560,113748
1561,65940
1562,70986
1563,68232
1564,81329
1565,80965
1566,67577
1567,66161
1568,68335
1569,63792
1570,97454
1571,73673
1572,75768
1573,67924
1574,59704
1575,85461
1576,63911
1577,65504
1578,61296
1579,59732
1580,103693
1581,65390
1582,80920
1583,66149
1584,71048
1585,76848
1586,68516
1587,69975
1588,84026
1589,64096
1590,105959
1591,83158
1592,79424
1593,67298
1594,68856
1595,72969
1596,72289
1597,69453
1598,82707
1599,90163
1600,1166573
1601,118219
1602,103224
1603,152790
1604,112657
1605,110952
1606,97565
1607,116152
1608,97322
1609,109184
1610,139223
1611,111886
1612,96000
1613,81087
1614,77683
1615,86474
1616,100356
1617,76698
1618,86003
1619,108938
1620,155216
1621,93274
1622,81244
1623,92561
1624,81106
1625,109589
1626,76329
1627,69636
1628,82625
1629,77172
1630,136619
1631,78179
1632,90984
1633,84058
1634,88934
1635,93858
1636,83493
1637,82582
1638,92086
1639,80872
1640,243622
1641,87687
1642,115843
1643,86418
1644,114814
1645,90975
1646,101244
1647,73532
1648,106062
1649,89975
1650,255149
1651,84785
1652,79383
1653,76070
1654,79054
1655,85256
1656,84141
1657,72031
1658,76492
1659,73205
1660,200178
1661,89084
1662,90299
1663,78823
1664,88532
1665,99382
1666,104496
1667,98200
1668,73870
1669,72819
1670,111559
1671,69415
1672,84213
1673,73260
1674,73381
1675,94984
1676,74698
1677,72663
1678,73584
1679,71572
1680,147834
1681,77781
1682,79054
1683,83841
1684,74973
1685,102073
1686,71571
1687,77614
1688,114092
1689,105617
1690,113274
1691,73505
1692,95984
1693,72617
1694,73872
1695,82498
1696,73835
1697,77119
1698,72501
1699,88158
1700,710529
1701,140170
1702,103675
1703,109537
1704,99908
1705,92907
1706,97888
1707,116801
1708,96791
1709,109676
1710,130452
1711,103647
1712,89427
1713,85191
1714,96127
1715,115419
1716,84537
1717,100359
1718,92020
1719,81953
1720,141891
1721,88719
1722,95671
1723,93349
1724,86277
1725,104424
1726,85566
1727,94709
1728,104714
1729,85998
1730,140748
1731,83835
1732,93887
1733,95266
1734,93479
1735,99784
1736,87465
1737,91400
1738,89560
1739,85222
1740,140462
1741,96893
1742,96647
1743,97967
1744,94102
1745,124470
1746,97713
1747,90578
1748,104433
1749,102170
1750,307483
1751,100497
1752,113136
1753,111514
1754,112469
1755,142613
1756,117331
1757,123377
1758,131810
1759,119089
1760,171844
1761,104678
1762,110728
1763,147250
1764,115825
1765,130201
1766,114730
1767,112949
1768,118839
1769,129099
1770,194004
1771,116914
1772,134145
1773,128916
1774,156146
1775,246844
1776,357312
1777,181547
1778,157986
1779,139190
1780,215581
1781,157025
1782,159841
1783,191340
1784,157965
1785,161616
1786,146383
1787,212719
1788,193909
1789,306095
1790,264035
1791,204271
1792,237893
1793,213262
1794,188480
1795,201295
1796,187841
1797,185328
1798,214489
1799,204324
1800,1593718
1801,250147
1802,213682
1803,270210
1804,235950
1805,223743
1806,233290
1807,205084
1808,213232
1809,259234
1810,277129
1811,214851
1812,446977
1813,224606
1814,251651
1815,327100
1816,223767
1817,222010
1818,253044
1819,245366
1820,371690
1821,266485
1822,230652
1823,216568
1824,254931
1825,276813
1826,228714
1827,227370
1828,252301
1829,246320
1830,462293
1831,274189
1832,312074
1833,281147
1834,282254
1835,318763
1836,329256
1837,343919
1838,301473
1839,312022
1840,499120
1841,332285
1842,316562
1843,312929
1844,330298
1845,361754
1846,355272
1847,356867
1848,473713
1849,372095
1850,739541
1851,432932
1852,353536
1853,353676
1854,392158
1855,395627
1856,390733
1857,429613
1858,398295
1859,427412
1860,712956
1861,667102
1862,595973
1863,589437
1864,608633
1865,685108
1866,443734
1867,483494
1868,472889
1869,446704
1870,698821
1871,517805
1872,473411
1873,444366
1874,431172
1875,525713
1876,487254
1877,440321
1878,451603
1879,463083
1880,784631
1881,554370
1882,534575
1883,518020
1884,508005
1885,558314
1886,538157
1887,539968
1888,577949
1889,584154
1890,817587
1891,593549
1892,577384
1893,590713
1894,553394
1895,657929
1896,625025
1897,594784
1898,657346
1899,657764
1900,1801335
1901,874203
1902,720002
1903,772754
1904,766994
1905,854675
1906,800290
1907,774051
1908,853806
1909,807681
1910,1154052
1911,1112651
1912,1007772
1913,949367
1914,1311483
1915,1054441
1916,1027157
1917,1266672
1918,1379351
1919,1134185
1920,1887600
1921,940875
1922,971898
1923,927556
1924,925067
1925,989680
1926,957252
1927,963484
1928,1009034
1929,1166963
1930,1573372
1931,974106
1932,1038743
1933,1272031
1934,1124546
1935,1146160
1936,1216057
1937,1198089
1938,1256049
1939,1595946
1940,1863611
1941,1511776
1942,1482250
1943,1353510
1944,1562756
1945,2207542
1946,1442080
1947,1569793
1948,1727272
1949,1485660
1950,2362570
1951,1350466
1952,1432315
1953,1482763
1954,1530941
1955,1583932
1956,1655478
1957,1649797
1958,1661392
1959,1720706
1960,2747580
1961,1905285
1962,2030979
1963,2106541
1964,2352142
1965,2396697
1966,2265243
1967,2624565
1968,2799990
1969,2781994
1970,3824737
1971,2711214
1972,2934971
1973,2910702
1974,2864910
1975,3084456
1976,3052417
1977,2962677
1978,3170973
1979,3467234
1980,4640023
1981,3377344
1982,3604464
1983,3681901
1984,4207569
1985,4142719
1986,4363641
1987,4336609
1988,4654129
1989,5158226
1990,6603734
1991,5687700
1992,6190534
1993,6248271
1994,6904565
1995,7501690
1996,8033092
1997,8445667
1998,9289268
1999,11001327
2000,18730340
2001,13321965
2002,13214846
2003,15005086
2004,16286371
2005,18464697
2006,20713165
2007,24591165
2008,29714011
2009,27885542
2010,32495021
2011,32542099
2012,37210822
2013,37332346
2014,37617997
2015,38348057
2016,41304487
2017,42960345
2018,45178074
2019,42404067
2020,44021486
2021,30838310
2022,19081289
2023,3554722
2024,1215495
2025,1329647
2026,524548
2027,377305
2028,299501
2029,166216
2030,1651161
2031,137145
2032,122121
2033,93467
2034,69004
2035,232594
2036,78866
2037,59667
2038,62419
2039,51307
2040,308220
2041,63454
2042,80032
2043,43360
2044,46465
2045,102718
2046,50159
2047,68157
2048,539910
2049,102105
2050,858172
2051,43310
2052,47604
2053,36588
2054,34592
2055,48490
2056,40412
2057,32662
2058,42618
2059,32969
2060,150434
2061,38961
2062,32461
2063,45588
2064,35796
2065,40895
2066,34155
2067,33301
2068,32808
2069,31966
2070,124017
2071,38814
2072,37185
2073,33129
2074,38946
2075,43602
2076,35395
2077,152829
2078,31325
2079,32082
2080,146168
2081,32271
2082,26998
2083,31115
2084,31696
2085,31746
2086,27434
2087,29483
2088,31119
2089,27778
2090,44254
2091,27560
2092,27170
2093,27369
2094,26905
2095,31625
2096,27476
2097,29252
2098,26145
2099,69606
2100,520756
2101,62005
2102,52655
2103,49490
2104,50280
2105,69668
2106,50780
2107,41828
2108,44566
2109,40333
2110,174451
2111,138622
2112,75704
2113,41497
2114,39824
2115,48415
2116,39824
2117,33460
2118,40773
2119,35450
2120,57572
2121,62186
2122,41337
2123,34164
2124,30886
2125,41195
2126,31824
2127,26395
2128,28909
2129,27527
2130,51796
2131,34603
2132,29048
2133,46363
2134,34366
2135,33196
2136,28607
2137,37948
2138,36844
2139,47577
2140,49769
2141,35272
2142,38996
2143,32762
2144,28791
2145,33247
2146,25877
2147,34216
2148,31018
2149,27752
2150,74765
2151,33329
2152,29882
2153,28210
2154,30673
2155,39319
2156,27153
2157,27757
2158,24802
2159,25188
2160,112402
2161,29927
2162,25028
2163,25414
2164,30949
2165,32048
2166,28280
2167,25999
2168,24244
2169,25948
2170,37022
2171,27789
2172,27300
2173,23816
2174,32124
2175,33397
2176,26775
2177,24544
2178,24080
2179,23544
2180,37216
2181,64382
2182,25001
2183,23909
2184,24682
2185,24786
2186,22147
2187,28232
2188,23757
2189,22193
2190,32072
2191,29354
2192,26587
2193,27371
2194,23176
2195,29567
2196,29386
2197,25474
2198,22192
2199,37193
2200,387110
2201,69434
2202,56371
2203,51040
2204,48684
2205,60055
2206,36294
2207,30529
2208,34434
2209,28764
2210,49762
2211,43394
2212,52633
2213,28780
2214,30611
2215,47053
2216,31314
2217,30938
2218,28168
2219,27552
2220,47748
2221,36188
2222,126420
2223,36986
2224,34860
2225,42451
2226,26600
2227,30425
2228,28011
2229,28931
2230,47239
2231,35087
2232,29198
2233,35805
2234,27046
2235,28601
2236,29559
2237,27143
2238,23224
2239,24465
2240,45380
2241,34576
2242,28504
2243,28773
2244,35460
2245,30124
2246,25433
2247,23945
2248,25382
2249,26241
2250,94202
2251,31908
2252,27985
2253,29745
2254,51056
2255,65188
2256,27440
2257,30273
2258,23592
2259,25633
2260,35423
2261,28509
2262,24777
2263,24245
2264,28985
2265,28662
2266,25470
2267,27009
2268,24755
2269,23309
2270,31388
2271,23552
2272,30517
2273,29858
2274,22646
2275,28095
2276,23331
2277,30222
2278,26622
2279,21327
2280,47691
2281,30523
2282,23685
2283,24579
2284,24027
2285,25041
2286,22258
2287,26469
2288,27566
2289,22147
2290,34643
2291,22462
2292,22887
2293,22369
2294,20560
2295,25150
2296,23024
2297,21179
2298,21817
2299,28171
2300,297889
2301,44386
2302,32162
2303,30128
2304,46161
2305,35225
2306,26000
2307,61194
2308,29455
2309,25604
2310,44848
2311,35359
2312,36973
2313,28793
2314,29148
2315,29797
2316,25933
2317,30165
2318,24506
2319,30269
2320,42565
2321,29626
2322,30814
2323,41418
2324,29151
2325,31556
2326,26040
2327,25171
2328,23631
2329,23268
2330,40054
2331,26783
2332,26588
2333,36012
2334,30125
2335,25857
2336,24865
2337,33407
2338,21975
2339,25403
2340,89935
2341,28061
2342,27549
2343,24416
2344,28307
2345,70760
2346,24461
2347,26601
2348,23862
2349,24294
2350,56055
2351,24382
2352,27862
2353,23541
2354,22566
2355,26462
2356,25350
2357,27566
2358,21745
2359,29786
2360,32719
2361,22851
2362,22758
2363,22162
2364,22867
2365,24293
2366,25496
2367,23367
2368,27508
2369,23505
2370,29263
2371,24133
2372,23367
2373,23889
2374,22112
2375,37525
2376,28887
2377,24868
2378,21817
2379,41443
2380,42827
2381,27336
2382,21674
2383,23315
2384,21249
2385,22809
2386,20825
2387,20588
2388,22047
2389,20738
2390,25412
2391,27316
2392,24564
2393,21009
2394,21142
2395,26029
2396,21534
2397,20616
2398,20241
2399,26859
2400,430788
2401,44732
2402,30010
2403,31561
2404,27233
2405,28351
2406,23806
2407,26882
2408,26005
2409,23810
2410,35162
2411,27444
2412,37814
2413,25640
2414,24772
2415,27685
2416,23324
2417,22723
2418,21652
2419,24403
2420,36597
2421,23828
2422,28445
2423,24108
2424,35328
2425,32179
2426,22604
2427,23060
2428,21314
2429,22210
2430,30346
2431,24978
2432,23269
2433,23680
2434,21926
2435,23784
2436,23522
2437,21342
2438,23379
2439,20631
2440,34763
2441,24289
2442,23860
2443,22508
2444,24225
2445,24739
2446,21349
2447,22216
2448,30703
2449,22879
2450,55387
2451,25885
2452,22308
2453,21684
2454,26628
2455,26942
2456,23331
2457,22660
2458,25221
2459,20289
2460,37956
2461,21726
2462,21402
2463,19664
2464,21909
2465,23836
2466,21273
2467,21509
2468,25395
2469,20780
2470,26369
2471,23131
2472,23856
2473,20287
2474,22039
2475,26605
2476,25213
2477,23453
2478,24257
2479,19415
2480,31138
2481,21079
2482,20778
2483,19798
2484,19910
2485,21890
2486,20709
2487,19477
2488,20284
2489,21734
2490,26984
2491,20589
2492,19703
2493,19742
2494,21012
2495,24971
2496,22913
2497,20344
2498,19677
2499,34122
2500,1208220
2501,44584
2502,27907
2503,25965
2504,24660
2505,28945
2506,24318
2507,23562
2508,23221
2509,23260
2510,39598
2511,28433
2512,25209
2513,22268
2514,23576
2515,26054
2516,23589
2517,21455
2518,25097
2519,24655
2520,78263
2521,25367
2522,29943
2523,23269
2524,22798
2525,50362
2526,27297
2527,23744
2528,22159
2529,24002
2530,30630
2531,24438
2532,27415
2533,21303
2534,19858
2535,25900
2536,24074
2537,21504
2538,20324
2539,20360
2540,33106
2541,22293
2542,19507
2543,21484
2544,21622
2545,23570
2546,19411
2547,20459
2548,22392
2549,20251
2550,55949
2551,26478
2552,26673
2553,25456
2554,22444
2555,32083
2556,21279
2557,22749
2558,21998
2559,23535
2560,127894
2561,22343
2562,24205
2563,23236
2564,23192
2565,22894
2566,19541
2567,20617
2568,21028
2569,17899
2570,24361
2571,19552
2572,17783
2573,17855
2574,48332
2575,24349
2576,19307
2577,21341
2578,19618
2579,19134
2580,29710
2581,22298
2582,20485
2583,20917
2584,20984
2585,20482
2586,18850
2587,18202
2588,21910
2589,18633
2590,24879
2591,20315
2592,27236
2593,19130
2594,17836
2595,22354
2596,20412
2597,19628
2598,17348
2599,21726
2600,369172
2601,39894
2602,23862
2603,23493
2604,24223
2605,25858
2606,30446
2607,22833
2608,20325
2609,21392
2610,37191
2611,26016
2612,21792
2613,20334
2614,19878
2615,24139
2616,28269
2617,21982
2618,20288
2619,19292
2620,35844
2621,21397
2622,22257
2623,23928
2624,19245
2625,29334
2626,26313
2627,22060
2628,22127
2629,17898
2630,30823
2631,21507
2632,20467
2633,20719
2634,18199
2635,22333
2636,19422
2637,20434
2638,17872
2639,20776
2640,43728
2641,18828
2642,29972
2643,19218
2644,17757
2645,19894
2646,20266
2647,17996
2648,19569
2649,17891
2650,50999
2651,21045
2652,20103
2653,19323
2654,17171
2655,22317
2656,19912
2657,17756
2658,16863
2659,16750
2660,27778
2661,21145
2662,18557
2663,19834
2664,20950
2665,23794
2666,39572
2667,25037
2668,17306
2669,17821
2670,25100
2671,19743
2672,20153
2673,20803
2674,17521
2675,20989
2676,17534
2677,20595
2678,17694
2679,17560
2680,29384
2681,17830
2682,17652
2683,17919
2684,16139
2685,18200
2686,18410
2687,16695
2688,24154
2689,17035
2690,25294
2691,18199
2692,18060
2693,18645
2694,16474
2695,23114
2696,17439
2697,18878
2698,17311
2699,24577
2700,229525
2701,33705
2702,23850
2703,24628
2704,27153
2705,23919
2706,20091
2707,22000
2708,21373
2709,21154
2710,31258
2711,25100
2712,21781
2713,21218
2714,20666
2715,21677
2716,20828
2717,19397
2718,18782
2719,19020
2720,35501
2721,21791
2722,20745
2723,19173
2724,18646
2725,21493
2726,18914
2727,28962
2728,20901
2729,19602
2730,28880
2731,18930
2732,22051
2733,19424
2734,18094
2735,18862
2736,22192
2737,20795
2738,18560
2739,19476
2740,23062
2741,19463
2742,17540
2743,23152
2744,21530
2745,21418
2746,17417
2747,19279
2748,16553
2749,17035
2750,58028
2751,18898
2752,17924
2753,18972
2754,17376
2755,21823
2756,17657
2757,18076
2758,17000
2759,16874
2760,30713
2761,17623
2762,17577
2763,17021
2764,21090
2765,20366
2766,17218
2767,21339
2768,18698
2769,16772
2770,23380
2771,17313
2772,20718
2773,17235
2774,18567
2775,23310
2776,17772
2777,23092
2778,21829
2779,16383
2780,24014
2781,19599
2782,18231
2783,17063
2784,17546
2785,20922
2786,16347
2787,27829
2788,18081
2789,20007
2790,21662
2791,16710
2792,16356
2793,16415
2794,15295
2795,19431
2796,21295
2797,16317
2798,16325
2799,30436
2800,248645
2801,32514
2802,22680
2803,22499
2804,19870
2805,22351
2806,18906
2807,19818
2808,25298
2809,19799
2810,26888
2811,24812
2812,21236
2813,19125
2814,21240
2815,20935
2816,22269
2817,19732
2818,20161
2819,16800
2820,27893
2821,21595
2822,24111
2823,17905
2824,29325
2825,22725
2826,16801
2827,27569
2828,25243
2829,19338
2830,24130
2831,18418
2832,19381
2833,20081
2834,17346
2835,23306
2836,22922
2837,16046
2838,17826
2839,17492
2840,30454
2841,19925
2842,16774
2843,16655
2844,17443
2845,18893
2846,15851
2847,18492
2848,21222
2849,16525
2850,43431
2851,19063
2852,20623
2853,16424
2854,15933
2855,19850
2856,17643
2857,20550
2858,17342
2859,16357
2860,25378
2861,17683
2862,15011
2863,16006
2864,17144
2865,20003
2866,37788
2867,16233
2868,16778
2869,17112
2870,19668
2871,16852
2872,15639
2873,16157
2874,16648
2875,23171
2876,15643
2877,16263
2878,15861
2879,16050
2880,51825
2881,17897
2882,17977
2883,20009
2884,15134
2885,24681
2886,17193
2887,18043
2888,23998
2889,16870
2890,21603
2891,22174
2892,21664
2893,17593
2894,14985
2895,18936
2896,16698
2897,15680
2898,15366
2899,18733
2900,138722
2901,29917
2902,20784
2903,25300
2904,19817
2905,20421
2906,17773
2907,18890
2908,18879
2909,19953
2910,26270
2911,25231
2912,20262
2913,19071
2914,19010
2915,22248
2916,18868
2917,20762
2918,18521
2919,19740
2920,38594
2921,20648
2922,17954
2923,20078
2924,21704
2925,24711
2926,16547
2927,17235
2928,16776
2929,31160
2930,26554
2931,17989
2932,16790
2933,22545
2934,16853
2935,17572
2936,17687
2937,15317
2938,14833
2939,16004
2940,25983
2941,19242
2942,16408
2943,16696
2944,16969
2945,17372
2946,15223
2947,16326
2948,15468
2949,16293
2950,42349
2951,17959
2952,16311
2953,16583
2954,15921
2955,18231
2956,14747
2957,16269
2958,21134
2959,16020
2960,31593
2961,15754
2962,15519
2963,15950
2964,15480
2965,16831
2966,16964
2967,16532
2968,15212
2969,15775
2970,21078
2971,15621
2972,14826
2973,15511
2974,16267
2975,19012
2976,17125
2977,16567
2978,14588
2979,15080
2980,21425
2981,14986
2982,15215
2983,14819
2984,14741
2985,16411
2986,14321
2987,17851
2988,16293
2989,15914
2990,22489
2991,17973
2992,18102
2993,14997
2994,14854
2995,20968
2996,16337
2997,18010
2998,18287
2999,41608
3000,2974455
3001,118709
3002,50268
3003,50566
3004,38139
3005,34888
3006,33104
3007,28261
3008,48327
3009,27518
3010,50171
3011,29540
3012,29901
3013,24164
3014,23168
3015,28265
3016,23677
3017,20690
3018,23362
3019,23439
3020,44610
3021,26917
3022,21696
3023,21242
3024,36010
3025,30178
3026,19301
3027,19510
3028,17695
3029,21979
3030,65046
3031,26462
3032,21968
3033,23713
3034,20274
3035,24444
3036,19690
3037,17887
3038,20101
3039,19908
3040,39426
3041,19758
3042,20168
3043,18539
3044,18242
3045,21927
3046,16627
3047,17109
3048,27160
3049,19604
3050,63593
3051,20485
3052,21430
3053,21049
3054,16783
3055,22795
3056,19712
3057,18094
3058,16844
3059,17229
3060,79346
3061,17551
3062,17133
3063,16356
3064,16417
3065,21200
3066,18599
3067,18731
3068,18158
3069,15927
3070,77501
3071,21462
3072,51730
3073,17142
3074,17609
3075,20525
3076,17018
3077,20520
3078,15207
3079,18102
3080,116658
3081,21104
3082,16005
3083,16747
3084,15810
3085,19942
3086,16075
3087,15915
3088,18466
3089,16272
3090,76196
3091,16577
3092,15046
3093,14876
3094,16274
3095,18673
3096,17152
3097,15652
3098,15780
3099,21159
3100,168833
3101,40126
3102,26831
3103,21591
3104,22250
3105,23485
3106,20407
3107,19318
3108,20772
3109,34099
3110,33295
3111,32631
3112,25637
3113,21301
3114,22271
3115,26750
3116,18624
3117,18470
3118,17053
3119,17691
3120,37290
3121,31805
3122,19890
3123,21085
3124,20646
3125,122045
3126,18198
3127,18057
3128,33095
3129,17953
3130,30277
3131,29111
3132,21854
3133,21950
3134,17458
3135,24746
3136,21020
3137,17828
3138,17884
3139,15752
3140,23866
3141,23452
3142,23728
3143,17821
3144,20130
3145,21610
3146,16793
3147,17406
3148,15774
3149,15814
3150,43908
3151,18552
3152,16767
3153,16761
3154,15436
3155,19935
3156,18751
3157,19563
3158,14662
3159,17280
3160,23337
3161,20424
3162,17746
3163,20847
3164,15761
3165,17370
3166,52912
3167,16903
3168,20525
3169,14275
3170,20403
3171,19672
3172,15319
3173,14743
3174,17021
3175,20486
3176,14952
3177,16091
3178,13831
3179,14595
3180,20945
3181,17962
3182,15719
3183,14729
3184,15133
3185,16690
3186,15435
3187,15419
3188,15880
3189,15716
3190,18697
3191,16294
3192,15750
3193,14056
3194,19424
3195,17051
3196,15368
3197,13361
3198,15082
3199,18037
3200,349039
3201,40870
3202,25017
3203,20405
3204,20483
3205,25197
3206,18611
3207,19388
3208,19908
3209,17570
3210,34785
3211,27099
3212,21205
3213,19606
3214,19029
3215,19997
3216,20297
3217,16668
3218,16158
3219,16619
3220,29397
3221,21357
3222,20526
3223,19534
3224,18801
3225,20907
3226,17799
3227,17288
3228,15746
3229,16263
3230,23183
3231,18964
3232,44315
3233,26660
3234,17140
3235,22540
3236,15160
3237,14886
3238,15095
3239,20363
3240,27690
3241,18040
3242,16966
3243,16510
3244,14989
3245,18326
3246,15557
3247,15569
3248,14782
3249,14740
3250,44728
3251,17774
3252,16889
3253,15125
3254,14511
3255,19567
3256,16407
3257,15116
3258,14280
3259,14366
3260,23720
3261,17706
3262,15412
3263,14924
3264,23241
3265,16516
3266,14666
3267,15097
3268,15183
3269,14753
3270,27357
3271,14714
3272,15787
3273,14123
3274,14364
3275,17099
3276,16475
3277,15102
3278,16037
3279,14139
3280,23829
3281,16002
3282,19688
3283,13992
3284,14084
3285,16580
3286,16472
3287,14210
3288,17061
3289,14316
3290,18485
3291,13426
3292,13637
3293,13809
3294,13932
3295,15425
3296,13418
3297,13195
3298,12466
3299,20125
3300,176225
3301,38421
3302,21581
3303,26340
3304,20077
3305,21713
3306,152553
3307,23804
3308,18477
3309,18652
3310,53126
3311,26246
3312,19612
3313,19898
3314,16869
3315,20127
3316,15989
3317,16054
3318,16137
3319,15643
3320,26071
3321,20875
3322,23917
3323,16541
3324,17862
3325,25295
3326,17341
3327,16240
3328,18643
3329,15279
3330,31452
3331,20272
3332,18637
3333,141418
3334,21723
3335,19760
3336,16376
3337,17972
3338,15400
3339,26476
3340,24298
3341,16215
3342,17009
3343,17056
3344,20623
3345,18157
3346,15949
3347,14965
3348,14864
3349,13956
3350,43131
3351,16677
3352,15355
3353,17026
3354,18081
3355,20436
3356,15413
3357,13760
3358,14249
3359,18608
3360,27116
3361,17003
3362,16903
3363,14657
3364,14097
3365,16107
3366,24366
3367,14084
3368,14793
3369,15804
3370,20117
3371,16551
3372,14214
3373,14603
3374,13106
3375,22796
3376,15391
3377,16446
3378,13873
3379,15557
3380,19773
3381,14406
3382,14069
3383,13352
3384,14674
3385,16683
3386,21026
3387,12787
3388,15806
3389,87514
3390,86329
3391,14810
3392,13815
3393,17038
3394,13354
3395,14993
3396,18333
3397,14068
3398,12683
3399,22062
3400,150395
3401,34845
3402,40045
3403,25725
3404,20020
3405,20080
3406,19435
3407,18652
3408,16282
3409,15702
3410,22901
3411,19936
3412,22504
3413,15471
3414,15899
3415,17129
3416,14388
3417,15820
3418,13481
3419,13477
3420,28548
3421,17716
3422,15327
3423,19841
3424,15370
3425,17198
3426,14245
3427,14898
3428,13353
3429,13846
3430,19215
3431,16273
3432,19365
3433,15736
3434,20539
3435,18941
3436,14110
3437,13307
3438,13913
3439,13710
3440,31788
3441,14561
3442,14652
3443,16217
3444,19145
3445,16344
3446,13549
3447,13691
3448,15585
3449,14727
3450,37469
3451,15810
3452,14939
3453,14322
3454,16819
3455,16588
3456,49644
3457,16363
3458,14024
3459,13090
3460,18404
3461,14016
3462,16832
3463,14735
3464,15261
3465,15302
3466,14146
3467,13654
3468,14706
3469,12906
3470,19802
3471,20214
3472,13778
3473,12692
3474,16005
3475,17550
3476,13863
3477,13302
3478,18113
3479,12460
3480,19893
3481,14024
3482,12077
3483,12864
3484,12322
3485,13005
3486,11983
3487,11640
3488,14448
3489,11846
3490,17931
3491,13522
3492,12544
3493,12620
3494,12272
3495,16795
3496,12367
3497,16024
3498,12373
3499,17915
3500,581682
3501,30524
3502,17884
3503,15988
3504,17394
3505,19625
3506,15646
3507,15233
3508,17621
3509,15486
3510,24404
3511,19243
3512,16442
3513,13710
3514,15615
3515,17837
3516,17473
3517,15065
3518,13020
3519,14036
3520,32340
3521,19753
3522,15115
3523,14271
3524,14691
3525,18744
3526,13919
3527,13936
3528,16405
3529,14292
3530,19145
3531,17065
3532,14220
3533,13969
3534,13195
3535,23681
3536,16431
3537,14250
3538,18043
3539,12923
3540,23266
3541,14926
3542,14970
3543,13893
3544,13864
3545,15195
3546,12647
3547,13134
3548,13991
3549,13615
3550,36704
3551,15956
3552,14490
3553,31152
3554,12188
3555,20186
3556,13508
3557,12805
3558,12671
3559,12763
3560,22125
3561,14460
3562,12133
3563,11974
3564,12944
3565,14971
3566,12170
3567,13722
3568,13643
3569,11893
3570,19950
3571,14935
3572,13501
3573,12588
3574,11020
3575,16141
3576,12764
3577,12924
3578,16883
3579,13771
3580,17014
3581,12428
3582,16449
3583,16376
3584,19658
3585,14909
3586,12608
3587,11204
3588,19839
3589,12206
3590,20113
3591,12899
3592,13848
3593,14080
3594,11513
3595,13828
3596,11803
3597,13089
3598,11735
3599,18868
3600,553046
3601,25888
3602,16459
3603,17500
3604,18339
3605,15840
3606,14590
3607,13738
3608,14272
3609,14153
3610,23737
3611,16939
3612,14321
3613,14027
3614,12277
3615,16416
3616,13933
3617,13555
3618,12435
3619,13099
3620,19790
3621,15604
3622,15341
3623,12957
3624,16460
3625,16578
3626,17480
3627,15958
3628,13219
3629,12735
3630,22636
3631,14613
3632,14213
3633,15830
3634,12945
3635,14204
3636,20821
3637,14093
3638,13681
3639,13885
3640,19769
3641,13862
3642,13160
3643,12607
3644,12370
3645,13685
3646,13343
3647,14319
3648,16834
3649,11886
3650,43048
3651,14213
3652,13287
3653,12627
3654,12517
3655,14800
3656,12355
3657,12806
3658,17127
3659,12085
3660,19645
3661,13947
3662,12780
3663,17215
3664,13449
3665,13853
3666,14314
3667,15533
3668,12826
3669,11729
3670,15380
3671,13253
3672,13119
3673,12710
3674,11709
3675,14983
3676,13651
3677,12661
3678,12582
3679,11824
3680,18139
3681,11968
3682,11197
3683,14849
3684,12199
3685,12675
3686,15598
3687,11963
3688,12475
3689,11431
3690,18015
3691,12165
3692,11390
3693,11435
3694,10549
3695,12843
3696,14305
3697,11410
3698,10972
3699,13658
3700,124361
3701,25203
3702,16201
3703,14697
3704,14832
3705,16602
3706,13593
3707,13044
3708,15418
3709,12607
3710,18761
3711,18858
3712,14962
3713,13275
3714,13504
3715,14354
3716,12582
3717,14552
3718,13538
3719,15020
3720,21077
3721,15010
3722,12880
3723,13281
3724,14278
3725,15168
3726,13252
3727,19517
3728,14121
3729,21244
3730,26155
3731,14745
3732,14417
3733,19956
3734,11765
3735,13917
3736,12072
3737,18436
3738,13191
3739,13865
3740,16444
3741,13128
3742,15252
3743,16561
3744,15790
3745,18333
3746,12509
3747,13225
3748,14657
3749,12008
3750,52177
3751,13530
3752,13384
3753,11513
3754,13142
3755,17539
3756,12945
3757,12051
3758,15666
3759,11304
3760,17622
3761,12979
3762,13238
3763,11371
3764,12197
3765,12802
3766,11997
3767,13101
3768,12132
3769,11175
3770,32817
3771,12903
3772,13804
3773,13655
3774,12464
3775,15162
3776,16114
3777,17128
3778,12111
3779,11939
3780,17997
3781,12607
3782,13090
3783,13145
3784,11850
3785,13329
3786,13895
3787,11726
3788,12309
3789,12549
3790,32762
3791,14799
3792,11106
3793,11329
3794,10964
3795,12935
3796,10969
3797,12492
3798,10579
3799,13410
3800,149570
3801,23900
3802,14303
3803,14381
3804,13122
3805,14934
3806,12572
3807,12439
3808,16499
3809,18226
3810,19535
3811,15178
3812,14508
3813,12614
3814,12234
3815,13710
3816,12605
3817,11772
3818,12294
3819,11834
3820,21283
3821,13837
3822,12986
3823,13390
3824,14481
3825,15715
3826,11841
3827,12206
3828,12896
3829,12665
3830,17877
3831,12887
3832,12551
3833,17617
3834,12728
3835,14399
3836,11477
3837,12102
3838,18341
3839,13759
3840,75190
3841,14616
3842,13633
3843,12007
3844,15358
3845,13643
3846,14646
3847,16158
3848,12610
3849,12273
3850,32794
3851,13139
3852,12208
3853,11286
3854,10656
3855,15106
3856,11618
3857,29802
3858,11504
3859,13253
3860,15993
3861,13044
3862,11633
3863,13406
3864,13074
3865,16723
3866,11970
3867,12091
3868,12048
3869,11274
3870,19725
3871,12136
3872,30101
3873,11094
3874,10525
3875,14691
3876,11719
3877,11829
3878,10983
3879,10572
3880,19133
3881,12407
3882,10543
3883,12584
3884,10590
3885,12620
3886,12009
3887,11057
3888,25111
3889,13143
3890,14883
3891,11544
3892,13954
3893,11519
3894,10918
3895,12542
3896,10982
3897,12222
3898,10923
3899,12694
3900,99738
3901,19531
3902,14409
3903,14855
3904,19490
3905,14845
3906,18689
3907,12940
3908,14415
3909,13609
3910,17046
3911,15183
3912,13643
3913,13145
3914,11676
3915,15512
3916,11974
3917,12690
3918,11302
3919,12216
3920,19241
3921,14682
3922,14826
3923,13074
3924,12462
3925,13857
3926,14318
3927,20239
3928,15271
3929,12542
3930,16505
3931,13392
3932,13227
3933,14715
3934,88696
3935,11716
3936,11763
3937,14756
3938,11278
3939,17683
3940,20052
3941,13631
3942,12196
3943,11564
3944,11664
3945,22772
3946,12836
3947,11547
3948,10631
3949,11712
3950,23787
3951,11767
3952,12575
3953,11327
3954,10811
3955,12749
3956,13158
3957,10731
3958,10852
3959,15952
3960,19139
3961,10827
3962,13073
3963,11119
3964,10533
3965,11650
3966,11871
3967,10867
3968,13860
3969,15494
3970,15673
3971,12877
3972,10642
3973,10093
3974,10723
3975,13465
3976,10592
3977,10846
3978,12634
3979,11418
3980,14142
3981,11566
3982,12085
3983,10628
3984,12012
3985,12256
3986,18831
3987,19002
3988,12825
3989,11176
3990,16010
3991,11445
3992,10974
3993,12109
3994,11174
3995,14832
3996,12549
3997,11385
3998,13521
3999,29412
4000,1796194
4001,66225
4002,31492
4003,26634
4004,37512
4005,28168
4006,22801
4007,21457
4008,21607
4009,19013
4010,36414
4011,23750
4012,20480
4013,20009
4014,22475
4015,19012
4016,17442
4017,19117
4018,17675
4019,15003
4020,34391
4021,17808
4022,17804
4023,15194
4024,15977
4025,18931
4026,16005
4027,13985
4028,15168
4029,14089
4030,23054
4031,18255
4032,29500
4033,66193
4034,14109
4035,16114
4036,13637
4037,13870
4038,16204
4039,15563
4040,41711
4041,18018
4042,14595
4043,15636
4044,19467
4045,18693
4046,14792
4047,14337
4048,15402
4049,20778
4050,37245
4051,21950
4052,14495
4053,15037
4054,13895
4055,15313
4056,14888
4057,13291
4058,13221
4059,12623
4060,24539
4061,15547
4062,14310
4063,13514
4064,17568
4065,14785
4066,14196
4067,14901
4068,13637
4069,14079
4070,22992
4071,13335
4072,14803
4073,12712
4074,13403
4075,16356
4076,13024
4077,15411
4078,12580
4079,12178
4080,38073
4081,14104
4082,12628
4083,12355
4084,13049
4085,13497
4086,12497
4087,12339
4088,15750
4089,12364
4090,35322
4091,14009
4092,14240
4093,13072
4094,15215
4095,45204
4096,498622
4097,22304
4098,15479
4099,17140
4100,110755
4101,31081
4102,23081
4103,36690
4104,21183
4105,17800
4106,16172
4107,14773
4108,15838
4109,15242
4110,22988
4111,26158
4112,18684
4113,15507
4114,17213
4115,16893
4116,15848
4117,13673
4118,14251
4119,13902
4120,23087
4121,18582
4122,19117
4123,19886
4124,14845
4125,19227
4126,12867
4127,15999
4128,20067
4129,13154
4130,35991
4131,14942
4132,13623
4133,14092
4134,12408
4135,33706
4136,13254
4137,13377
4138,11992
4139,12356
4140,32129
4141,24674
4142,21257
4143,14448
4144,13970
4145,13699
4146,12459
4147,16128
4148,11587
4149,11960
4150,31834
4151,21009
4152,13481
4153,13082
4154,11457
4155,15932
4156,12343
4157,13169
4158,12596
4159,14189
4160,25924
4161,18772
4162,12218
4163,14112
4164,12350
4165,14499
4166,13621
4167,16676
4168,11767
4169,12978
4170,16166
4171,14264
4172,18331
4173,11951
4174,11403
4175,13684
4176,12327
4177,12676
4178,12121
4179,12667
4180,19253
4181,14777
4182,11245
4183,16349
4184,12411
4185,12037
4186,11606
4187,12358
4188,11447
4189,11426
4190,14212
4191,13818
4192,12003
4193,11655
4194,12119
4195,12001
4196,11003
4197,11480
4198,11237
4199,13573
4200,191082
4201,24807
4202,18994
4203,15810
4204,14268
4205,15491
4206,13614
4207,14364
4208,15800
4209,13453
4210,22563
4211,18480
4212,17890
4213,16333
4214,16484
4215,16514
4216,13433
4217,26455
4218,14497
4219,12532
4220,20538
4221,16332
4222,23976
4223,13604
4224,17904
4225,18155
4226,13639
4227,18559
4228,13929
4229,13271
4230,19599
4231,27605
4232,15096
4233,14211
4234,12911
4235,13425
4236,33216
4237,11777
4238,11949
4239,11527
4240,24442
4241,13903
4242,32440
4243,15520
4244,19271
4245,16008
4246,11983
4247,13793
4248,12923
4249,11118
4250,34307
4251,15260
4252,12251
4253,13284
4254,13366
4255,14084
4256,12556
4257,12219
4258,15885
4259,11733
4260,20964
4261,13683
4262,12703
4263,12418
4264,11737
4265,11672
4266,13015
4267,15870
4268,11397
4269,14229
4270,14613
4271,23740
4272,12731
4273,18220
4274,12519
4275,14698
4276,12385
4277,12440
4278,13397
4279,11353
4280,21290
4281,11364
4282,12936
4283,11550
4284,11661
4285,13603
4286,13072
4287,13437
4288,12748
4289,10729
4290,14420
4291,12214
4292,13418
4293,11228
4294,11043
4295,13426
4296,12885
4297,11932
4298,10794
4299,12668
4300,102527
4301,23971
4302,16874
4303,15521
4304,15136
4305,16514
4306,14535
4307,13721
4308,12572
4309,12101
4310,21249
4311,16751
4312,18925
4313,12705
4314,14012
4315,14637
4316,11433
4317,13354
4318,12236
4319,14613
4320,30584
4321,45178
4322,18029
4323,13993
4324,20869
4325,15901
4326,86366
4327,12163
4328,13083
4329,11573
4330,20184
4331,16192
4332,14600
4333,19626
4334,13561
4335,14151
4336,12515
4337,12534
4338,12992
4339,11438
4340,24269
4341,13064
4342,12502
4343,19560
4344,13534
4345,13691
4346,11896
4347,12199
4348,12338
4349,12022
4350,30705
4351,13244
4352,15369
4353,13376
4354,11633
4355,15084
4356,14713
4357,28704
4358,11343
4359,10795
4360,18295
4361,12601
4362,12605
4363,15199
4364,12449
4365,13359
4366,11615
4367,10880
4368,18088
4369,12227
4370,15471
4371,12158
4372,11266
4373,11606
4374,12281
4375,48114
4376,11099
4377,11561
4378,10027
4379,10363
4380,16179
4381,11706
4382,10928
4383,11038
4384,11482
4385,11155
4386,11847
4387,10526
4388,13853
4389,15515
4390,13140
4391,12013
4392,10932
4393,11041
4394,9885
4395,13388
4396,10270
4397,10749
4398,10749
4399,14763
4400,123761
4401,24419
4402,15852
4403,13669
4404,16614
4405,14058
4406,13929
4407,11929
4408,13377
4409,12909
4410,19155
4411,19365
4412,17078
4413,13090
4414,14284
4415,14871
4416,17249
4417,12439
4418,12960
4419,15836
4420,18090
4421,15805
4422,17882
4423,15215
4424,12924
4425,14281
4426,11067
4427,11807
4428,11991
4429,12420
4430,22707
4431,13235
4432,13227
4433,17721
4434,13456
4435,15472
4436,11301
4437,12440
4438,13393
4439,11249
4440,21897
4441,15241
4442,12965
4443,18609
4444,91246
4445,18324
4446,12465
4447,13099
4448,13700
4449,16456
4450,22714
4451,14221
4452,12421
4453,13903
4454,11492
4455,20547
4456,12310
4457,13459
4458,11994
4459,12282
4460,18266
4461,11635
4462,13102
4463,11613
4464,13512
4465,15341
4466,14457
4467,11729
4468,11508
4469,10880
4470,15830
4471,14537
4472,20768
4473,24054
4474,11917
4475,12225
4476,11622
4477,15666
4478,10833
4479,10997
4480,17047
4481,12392
4482,10753
4483,12740
4484,12805
4485,13693
4486,11362
4487,11967
4488,15650
4489,11610
4490,15213
4491,11709
4492,11234
4493,10906
4494,11197
4495,12186
4496,11829
4497,10790
4498,10230
4499,15425
4500,341780
4501,26252
4502,25934
4503,20437
4504,12954
4505,20587
4506,21270
4507,13059
4508,13366
4509,13740
4510,21344
4511,18263
4512,15898
4513,13336
4514,13025
4515,17424
4516,12686
4517,11410
4518,10863
4519,11224
4520,21445
4521,14148
4522,14057
4523,12477
4524,11622
4525,15139
4526,12065
4527,11327
4528,11318
4529,12771
4530,17684
4531,11740
4532,13054
4533,12020
4534,11251
4535,13291
4536,12966
4537,11469
4538,10864
4539,11172
4540,14647
4541,12765
4542,12134
4543,11483
4544,13066
4545,25121
4546,13367
4547,11921
4548,12116
4549,12271
4550,24668
4551,14177
4552,12526
4553,11011
4554,13122
4555,16909
4556,11996
4557,12138
4558,11833
4559,11541
4560,18078
4561,12004
4562,15576
4563,11930
4564,12146
4565,13390
4566,16762
4567,48300
4568,12501
4569,13240
4570,17485
4571,12871
4572,12076
4573,10602
4574,10025
4575,13913
4576,12031
4577,13266
4578,10585
4579,10852
4580,12974
4581,10896
4582,10160
4583,11870
4584,10151
4585,10596
4586,9640
4587,10630
4588,10488
4589,10383
4590,17034
4591,10264
4592,11607
4593,11979
4594,10149
4595,10618
4596,9461
4597,10230
4598,10406
4599,12087
4600,101664
4601,18479
4602,12852
4603,12001
4604,11342
4605,13249
4606,14229
4607,11937
4608,20593
4609,13111
4610,18178
4611,12924
4612,12611
4613,11635
4614,13453
4615,14799
4616,12479
4617,11192
4618,11198
4619,10694
4620,17828
4621,12023
4622,13007
4623,11154
4624,13912
4625,16595
4626,12326
4627,12542
4628,10933
4629,9890
4630,16351
4631,13389
4632,11782
4633,11604
4634,13473
4635,12282
4636,22396
4637,11118
4638,12352
4639,11356
4640,16488
4641,12489
4642,11439
4643,11236
4644,11118
4645,12035
4646,16570
4647,13232
4648,13824
4649,12695
4650,25877
4651,13020
4652,10904
4653,13244
4654,10859
4655,13294
4656,11908
4657,11447
4658,11680
4659,9863
4660,16664
4661,11292
4662,11190
4663,12909
4664,14507
4665,11877
4666,12853
4667,13299
4668,11518
4669,9894
4670,18031
4671,10810
4672,11225
4673,18569
4674,9791
4675,12254
4676,10599
4677,10778
4678,10938
4679,10182
4680,24337
4681,12326
4682,10024
4683,9782
4684,11560
4685,10954
4686,17073
4687,11538
4688,19170
4689,10486
4690,15122
4691,10458
4692,11996
4693,10090
4694,9669
4695,10461
4696,11643
4697,10801
4698,10320
4699,11072
4700,88853
4701,17315
4702,12871
4703,13098
4704,15423
4705,13304
4706,11049
4707,12948
4708,11910
4709,10836
4710,16321
4711,27865
4712,13225
4713,13117
4714,10969
4715,15290
4716,11232
4717,11831
4718,10366
4719,11059
4720,17350
4721,11650
4722,12751
4723,15114
4724,11813
4725,16182
4726,10758
4727,11827
4728,11656
4729,11746
4730,15719
4731,12008
4732,12365
4733,11625
4734,10240
4735,11063
4736,13510
4737,10925
4738,10378
4739,12072
4740,15348
4741,12119
4742,10514
4743,10255
4744,11710
4745,11308
4746,10839
4747,17790
4748,10885
4749,10115
4750,27156
4751,12737
4752,12746
4753,10594
4754,11184
4755,14420
4756,11793
4757,11593
4758,13035
4759,10437
4760,14522
4761,10646
4762,10558
4763,9890
4764,9666
4765,10705
4766,10817
4767,10128
4768,10710
4769,13107
4770,21817
4771,12013
4772,11106
4773,10327
4774,10960
4775,12479
4776,11302
4777,14210
4778,9273
4779,10021
4780,13147
4781,10410
4782,10638
4783,10471
4784,10372
4785,10358
4786,11913
4787,10349
4788,11215
4789,11635
4790,16648
4791,10118
4792,9674
4793,9202
4794,8770
4795,9896
4796,10448
4797,12534
4798,9662
4799,12276
4800,164955
4801,19339
4802,13559
4803,12067
4804,11624
4805,14277
4806,10864
4807,10923
4808,11898
4809,37596
4810,19705
4811,13567
4812,12469
4813,10601
4814,10740
4815,12440
4816,11235
4817,10558
4818,11215
4819,14613
4820,14460
4821,11283
4822,14791
4823,10435
4824,11181
4825,13139
4826,10966
4827,11645
4828,10466
4829,9314
4830,43882
4831,11558
4832,10689
4833,13477
4834,9168
4835,11734
4836,10061
4837,9080
4838,10239
4839,10149
4840,14608
4841,11628
4842,11159
4843,9987
4844,13234
4845,12910
4846,9123
4847,10293
4848,17248
4849,11978
4850,29472
4851,11080
4852,11406
4853,10964
4854,9511
4855,10627
4856,11239
4857,9332
4858,10883
4859,10368
4860,17147
4861,13294
4862,10205
4863,9664
4864,11639
4865,10081
4866,10035
4867,10993
4868,15940
4869,10316
4870,24950
4871,10252
4872,12092
4873,10839
4874,10314
4875,13320
4876,10423
4877,12937
4878,11741
4879,10407
4880,15380
4881,10068
4882,9872
4883,10881
4884,10996
4885,10908
4886,9352
4887,10526
4888,13361
4889,12571
4890,14379
4891,9452
4892,9416
4893,9318
4894,9327
4895,11447
4896,13092
4897,9504
4898,10514
4899,11915
4900,66438
4901,17143
4902,11515
4903,12311
4904,11141
4905,12526
4906,10525
4907,10231
4908,9736
4909,11743
4910,15252
4911,14003
4912,11503
4913,10583
4914,12932
4915,13388
4916,9835
4917,9854
4918,10684
4919,10361
4920,15211
4921,12547
4922,11700
4923,10386
4924,10663
4925,12040
4926,10855
4927,9834
4928,10515
4929,10596
4930,13025
4931,11040
4932,11764
4933,11420
4934,9785
4935,10050
4936,10940
4937,9878
4938,9685
4939,11991
4940,13747
4941,11054
4942,10218
4943,9805
4944,12367
4945,17162
4946,10726
4947,10105
4948,11062
4949,14541
4950,23531
4951,10843
4952,11307
4953,9760
4954,9521
4955,10679
4956,10070
4957,10520
4958,10808
4959,14648
4960,15276
4961,10261
4962,10701
4963,9962
4964,9414
4965,10969
4966,10024
4967,9958
4968,10744
4969,9883
4970,13237
4971,10187
4972,9744
4973,9285
4974,9598
4975,14779
4976,9438
4977,10241
4978,9443
4979,9518
4980,14085
4981,10018
4982,9477
4983,9756
4984,10413
4985,10362
4986,9774
4987,9265
4988,9476
4989,10231
4990,15743
4991,10411
4992,12558
4993,11227
4994,10580
4995,14112
4996,14822
4997,11283
4998,11446
4999,33553
5000,2845807
5001,86091
5002,33221
5003,24719
5004,21032
5005,36340
5006,19070
5007,35020
5008,26880
5009,15428
5010,35814
5011,18364
5012,15111
5013,13774
5014,13726
5015,19322
5016,13454
5017,13489
5018,13692
5019,11846
5020,26141
5021,14686
5022,14766
5023,13049
5024,12160
5025,14445
5026,10788
5027,11488
5028,9838
5029,12198
5030,19534
5031,11772
5032,12260
5033,13133
5034,10743
5035,12170
5036,10698
5037,14288
5038,10653
5039,13183
5040,29553
5041,12549
5042,10771
5043,10983
5044,13875
5045,12597
5046,9947
5047,10000
5048,10548
5049,10034
5050,63242
5051,17416
5052,19117
5053,12104
5054,11571
5055,18139
5056,11380
5057,9946
5058,9361
5059,10739
5060,31238
5061,20405
5062,10953
5063,11141
5064,10110
5065,12446
5066,11736
5067,12459
5068,9369
5069,10228
5070,17610
5071,9919
5072,10351
5073,9988
5074,9229
5075,13350
5076,9913
5077,9096
5078,10930
5079,9437
5080,19472
5081,10109
5082,9455
5083,15236
5084,9221
5085,11488
5086,10248
5087,8892
5088,11596
5089,9720
5090,13666
5091,8948
5092,9845
5093,8551
5094,8544
5095,9331
5096,9853
5097,8714
5098,8718
5099,9972
5100,108477
5101,23586
5102,16609
5103,14980
5104,13586
5105,40066
5106,11562
5107,12709
5108,11833
5109,10248
5110,22570
5111,19158
5112,13160
5113,11466
5114,15301
5115,13902
5116,11275
5117,11027
5118,10474
5119,11893
5120,37427
5121,15369
5122,13098
5123,13699
5124,10946
5125,14490
5126,11260
5127,9956
5128,13407
5129,9789
5130,16495
5131,12033
5132,10616
5133,10482
5134,10636
5135,11702
5136,9233
5137,9966
5138,8248
5139,9281
5140,15898
5141,10689
5142,9999
5143,8936
5144,9604
5145,11245
5146,9891
5147,8875
5148,9477
5149,9898
5150,51617
5151,18708
5152,12917
5153,11904
5154,9528
5155,12111
5156,10389
5157,9677
5158,9140
5159,8880
5160,21089
5161,11536
5162,10049
5163,8574
5164,9515
5165,10323
5166,9284
5167,12954
5168,9806
5169,9894
5170,14442
5171,10072
5172,12953
5173,8961
5174,8394
5175,11073
5176,10556
5177,8821
5178,7606
5179,8865
5180,12542
5181,9195
5182,10866
5183,9101
5184,12366
5185,10653
5186,7946
5187,8324
5188,9142
5189,8771
5190,11640
5191,10632
5192,8728
5193,9412
5194,53805
5195,11652
5196,9283
5197,9166
5198,8964
5199,10308
5200,141536
5201,19799
5202,12379
5203,11555
5204,13072
5205,12502
5206,10581
5207,10474
5208,11426
5209,10211
5210,18434
5211,13291
5212,11811
5213,9921
5214,9970
5215,11190
5216,10974
5217,14070
5218,9920
5219,9030
5220,19649
5221,12857
5222,18872
5223,12179
5224,9802
5225,15195
5226,10289
5227,11052
5228,10747
5229,8797
5230,18226
5231,10444
5232,10679
5233,12569
5234,10172
5235,11749
5236,11348
5237,9682
5238,9389
5239,8553
5240,13877
5241,9796
5242,9548
5243,9179
5244,9847
5245,10764
5246,9675
5247,9586
5248,9627
5249,9059
5250,36274
5251,12599
5252,15236
5253,12821
5254,10132
5255,14810
5256,9489
5257,10639
5258,9448
5259,8454
5260,13309
5261,10281
5262,9659
5263,10186
5264,8490
5265,8453
5266,10316
5267,9256
5268,8045
5269,8889
5270,12101
5271,9664
5272,9702
5273,9995
5274,8358
5275,10388
5276,8139
5277,9707
5278,9881
5279,9055
5280,34712
5281,40180
5282,9069
5283,9936
5284,9676
5285,11230
5286,8535
5287,8655
5288,9039
5289,8666
5290,10857
5291,9467
5292,11407
5293,8158
5294,7783
5295,8502
5296,8880
5297,8678
5298,7479
5299,9574
5300,88913
5301,19537
5302,13091
5303,12647
5304,12031
5305,12828
5306,10841
5307,12337
5308,9826
5309,14698
5310,20232
5311,13423
5312,12355
5313,10620
5314,8985
5315,11467
5316,10076
5317,9849
5318,8868
5319,9160
5320,17608
5321,13174
5322,13616
5323,12410
5324,11571
5325,12091
5326,9151
5327,9307
5328,10001
5329,10870
5330,14384
5331,10566
5332,9691
5333,16957
5334,11313
5335,12336
5336,8805
5337,9448
5338,8244
5339,9274
5340,12514
5341,10082
5342,9098
5343,10372
5344,9265
5345,10377
5346,8934
5347,10630
5348,10749
5349,8823
5350,17789
5351,9627
5352,9152
5353,17065
5354,9994
5355,11724
5356,11470
5357,9248
5358,8778
5359,9065
5360,11639
5361,9056
5362,8799
5363,9335
5364,8422
5365,8765
5366,8399
5367,8158
5368,8276
5369,7740
5370,11815
5371,9135
5372,8229
5373,9557
5374,7743
5375,10332
5376,11575
5377,9383
5378,8596
5379,7956
5380,12043
5381,12329
5382,7950
5383,8503
5384,8099
5385,9121
5386,8572
5387,8728
5388,8362
5389,8295
5390,9732
5391,9490
5392,7729
5393,7494
5394,7456
5395,9434
5396,8479
5397,7690
5398,7860
5399,8562
5400,115189
5401,19568
5402,12682
5403,11365
5404,10050
5405,13468
5406,13124
5407,10753
5408,11372
5409,8815
5410,12950
5411,13489
5412,12245
5413,8923
5414,9915
5415,12717
5416,9751
5417,10134
5418,10419
5419,8795
5420,14808
5421,10044
5422,12169
5423,9789
5424,11680
5425,11214
5426,7989
5427,8483
5428,9788
5429,8647
5430,13427
5431,10194
5432,115960
5433,17842
5434,9749
5435,9941
5436,8635
5437,12566
5438,9376
5439,10900
5440,14471
5441,10334
5442,10078
5443,12220
5444,12460
5445,12356
5446,10109
5447,9144
5448,9440
5449,9677
5450,20721
5451,9480
5452,9171
5453,11095
5454,15969
5455,12741
5456,10917
5457,8841
5458,8001
5459,8248
5460,12641
5461,13882
5462,8069
5463,9398
5464,9260
5465,10886
5466,9840
5467,8932
5468,9199
5469,10077
5470,12253
5471,12605
5472,18388
5473,7999
5474,8436
5475,9571
5476,8746
5477,8953
5478,8831
5479,9095
5480,12643
5481,9241
5482,8568
5483,8358
5484,8240
5485,8598
5486,8370
5487,8217
5488,9637
5489,8336
5490,12127
5491,10322
5492,7966
5493,7789
5494,8073
5495,11281
5496,7499
5497,6952
5498,10473
5499,9973
5500,243806
5501,18346
5502,11172
5503,10152
5504,10854
5505,17265
5506,12051
5507,10120
5508,11384
5509,10435
5510,20075
5511,16102
5512,13596
5513,12533
5514,9891
5515,13725
5516,9979
5517,11314
5518,10400
5519,8893
5520,20685
5521,11392
5522,11406
5523,14450
5524,11107
5525,15087
5526,9106
5527,9353
5528,8710
5529,8837
5530,17847
5531,9764
5532,11704
5533,11760
5534,9208
5535,11937
5536,9971
5537,9899
5538,8371
5539,10460
5540,14508
5541,10373
5542,10638
5543,8482
5544,12770
5545,11993
5546,8311
5547,10498
5548,13404
5549,7720
5550,24232
5551,12115
5552,11056
5553,10298
5554,17123
5555,98785
5556,17907
5557,11821
5558,10971
5559,10750
5560,13295
5561,9588
5562,7892
5563,8595
5564,8625
5565,11450
5566,13412
5567,9395
5568,9917
5569,8396
5570,14200
5571,9174
5572,8433
5573,7951
5574,7372
5575,11751
5576,8356
5577,12468
5578,7804
5579,7611
5580,12645
5581,8528
5582,8244
5583,7989
5584,8953
5585,10198
5586,7948
5587,8695
5588,11269
5589,8175
5590,12348
5591,8274
5592,8194
5593,8160
5594,7369
5595,8695
5596,8050
5597,7749
5598,7752
5599,10078
5600,107788
5601,24414
5602,10867
5603,14831
5604,8670
5605,10452
5606,10031
5607,8933
5608,8518
5609,8675
5610,21070
5611,11591
5612,9693
5613,8798
5614,7875
5615,9576
5616,10223
5617,7817
5618,8196
5619,8468
5620,12765
5621,9581
5622,9365
5623,9238
5624,8430
5625,47818
5626,9126
5627,8854
5628,8401
5629,7802
5630,12111
5631,9021
5632,10791
5633,8517
5634,9175
5635,10655
5636,8360
5637,13569
5638,8694
5639,8325
5640,12563
5641,9170
5642,8617
5643,9063
5644,8777
5645,9505
5646,10689
5647,8142
5648,7530
5649,7235
5650,18300
5651,9134
5652,10557
5653,8134
5654,8703
5655,11421
5656,13834
5657,9201
5658,8349
5659,7509
5660,12303
5661,9067
5662,9921
5663,8720
5664,9399
5665,11050
5666,10573
5667,10968
5668,8128
5669,8104
5670,15122
5671,12286
5672,31746
5673,8449
5674,7572
5675,10418
5676,9955
5677,8702
5678,51118
5679,8422
5680,11690
5681,12178
5682,7977
5683,10231
5684,8789
5685,8085
5686,7205
5687,9824
5688,9027
5689,8347
5690,9302
5691,7172
5692,7638
5693,7027
5694,7715
5695,8848
5696,8213
5697,7402
5698,8037
5699,8827
5700,99630
5701,24644
5702,10748
5703,11573
5704,8653
5705,10363
5706,8312
5707,9506
5708,12308
5709,10893
5710,12021
5711,15227
5712,10928
5713,9873
5714,10322
5715,10202
5716,8268
5717,10589
5718,8767
5719,9710
5720,12721
5721,10139
5722,9752
5723,8527
5724,8796
5725,12266
5726,7299
5727,9718
5728,9979
5729,8410
5730,17587
5731,8431
5732,8266
5733,10018
5734,9143
5735,10575
5736,8101
5737,8943
5738,7478
5739,8010
5740,11911
5741,10466
5742,8953
5743,8404
5744,9386
5745,9619
5746,8357
5747,8698
5748,8771
5749,8568
5750,23657
5751,11209
5752,8449
5753,11226
5754,11270
5755,12224
5756,8057
5757,12246
5758,8999
5759,9529
5760,24312
5761,8869
5762,8764
5763,8834
5764,8649
5765,10310
5766,9575
5767,9351
5768,10088
5769,9544
5770,20902
5771,11060
5772,18132
5773,10266
5774,11800
5775,14704
5776,10643
5777,16417
5778,12714
5779,9858
5780,13853
5781,10816
5782,11334
5783,8001
5784,7485
5785,7957
5786,7448
5787,8099
5788,9059
5789,8593
5790,9159
5791,7952
5792,8325
5793,10495
5794,6734
5795,8557
5796,6998
5797,9843
5798,7319
5799,7965
5800,93451
5801,14858
5802,10298
5803,8568
5804,8549
5805,9680
5806,8349
5807,9016
5808,9698
5809,7771
5810,12439
5811,10202
5812,13305
5813,8850
5814,8106
5815,9510
5816,7914
5817,8375
5818,7458
5819,8315
5820,13198
5821,8464
5822,9732
5823,8051
5824,8347
5825,10005
5826,7248
5827,7854
5828,8733
5829,8204
5830,12714
5831,8206
5832,10068
5833,11454
5834,7311
5835,8585
5836,7482
5837,7771
5838,7798
5839,8935
5840,11805
5841,9273
5842,7523
5843,8298
5844,7422
5845,9337
5846,8902
5847,7508
5848,7711
5849,8800
5850,22589
5851,9321
5852,8469
5853,7712
5854,7109
5855,10658
5856,9079
5857,8170
5858,14041
5859,9705
5860,11057
5861,9010
5862,7653
5863,7316
5864,7198
5865,8454
5866,8466
5867,8070
5868,7903
5869,8010
5870,20717
5871,7972
5872,7446
5873,6712
5874,7340
5875,12965
5876,11286
5877,7925
5878,7369
5879,7529
5880,13395
5881,8956
5882,8854
5883,7993
5884,7418
5885,9458
5886,7143
5887,8627
5888,12082
5889,7977
5890,12429
5891,8000
5892,7264
5893,7086
5894,6437
5895,9551
5896,7333
5897,8260
5898,7129
5899,8146
5900,58825
5901,15365
5902,9742
5903,8442
5904,9125
5905,10774
5906,9369
5907,9665
5908,8853
5909,8293
5910,10932
5911,9648
5912,8519
5913,6962
5914,7823
5915,8490
5916,7339
5917,7491
5918,6896
5919,7854
5920,12225
5921,8008
5922,8228
5923,9425
5924,6965
5925,10167
5926,6862
5927,7896
5928,6829
5929,7877
5930,14394
5931,8060
5932,7139
5933,7876
5934,7697
5935,9521
5936,7073
5937,8750
5938,7494
5939,7406
5940,11125
5941,8056
5942,7301
5943,6923
5944,7646
5945,8316
5946,7091
5947,6862
5948,6946
5949,7566
5950,17038
5951,8217
5952,9212
5953,7056
5954,7074
5955,8985
5956,7321
5957,7491
5958,8180
5959,11846
5960,11565
5961,7731
5962,8617
5963,8036
5964,6954
5965,8892
5966,7503
5967,7828
5968,7633
5969,6972
5970,14559
5971,7536
5972,8025
5973,9593
5974,6820
5975,9945
5976,8368
5977,7522
5978,6979
5979,7612
5980,10806
5981,7704
5982,7149
5983,7230
5984,17556
5985,11188
5986,9856
5987,7444
5988,8601
5989,7790
5990,12440
5991,7814
5992,7793
5993,7446
5994,7300
5995,10562
5996,8620
5997,7803
5998,9121
5999,18709
6000,1003606
6001,45526
6002,24631
6003,16159
6004,14511
6005,18243
6006,23030
6007,12932
6008,13899
6009,14507
6010,24577
6011,20186
6012,15486
6013,13337
6014,10609
6015,15680
6016,13375
6017,9819
6018,9986
6019,9600
6020,20441
6021,12541
6022,11398
6023,9739
6024,9804
6025,11544
6026,9185
6027,9308
6028,9344
6029,8586
6030,17070
6031,10073
6032,10404
6033,11415
6034,8486
6035,10978
6036,8714
6037,9219
6038,8458
6039,8592
6040,16931
6041,10143
6042,9360
6043,8179
6044,8932
6045,10893
6046,7919
6047,7806
6048,9308
6049,9700
6050,22164
6051,10522
6052,9546
6053,8438
6054,7624
6055,14086
6056,9992
6057,7708
6058,8046
6059,8606
6060,47008
6061,61142
6062,10782
6063,16587
6064,9364
6065,10197
6066,11584
6067,9144
6068,9266
6069,8802
6070,14826
6071,8744
6072,9062
6073,9135
6074,8003
6075,11078
6076,8512
6077,8932
6078,8046
6079,8047
6080,18878
6081,9566
6082,13481
6083,8469
6084,17021
6085,9805
6086,8715
6087,8177
6088,9092
6089,7337
6090,13801
6091,8819
6092,8398
6093,8102
6094,8220
6095,8963
6096,11812
6097,7625
6098,7440
6099,9074
6100,79572
6101,18529
6102,15385
6103,17031
6104,11123
6105,16470
6106,13050
6107,10415
6108,10945
6109,11178
6110,17750
6111,19316
6112,12017
6113,9403
6114,10555
6115,11963
6116,10288
6117,8927
6118,9124
6119,9945
6120,20234
6121,12634
6122,10147
6123,11370
6124,9372
6125,12815
6126,10581
6127,9617
6128,10788
6129,8236
6130,13513
6131,12384
6132,8871
6133,10387
6134,7610
6135,8592
6136,8373
6137,7538
6138,8258
6139,9087
6140,12131
6141,10088
6142,8113
6143,9355
6144,20885
6145,9535
6146,8920
6147,8373
6148,9035
6149,7293
6150,22581
6151,12074
6152,9046
6153,8946
6154,9167
6155,9638
6156,8986
6157,7863
6158,7138
6159,7422
6160,13969
6161,14137
6162,9935
6163,8664
6164,8798
6165,8801
6166,12163
6167,9418
6168,8293
6169,7705
6170,10173
6171,9068
6172,8497
6173,8378
6174,8413
6175,8612
6176,8707
6177,7891
6178,6764
6179,18446
6180,14837
6181,8863
6182,10191
6183,8214
6184,6586
6185,8037
6186,6673
6187,6819
6188,7810
6189,7476
6190,9629
6191,7296
6192,7433
6193,6667
6194,6672
6195,7419
6196,7867
6197,6300
6198,6834
6199,8833
6200,83410
6201,16879
6202,11309
6203,12867
6204,10306
6205,13297
6206,9479
6207,10009
6208,10335
6209,8728
6210,17463
6211,13552
6212,11060
6213,9706
6214,8588
6215,10746
6216,8755
6217,8626
6218,8141
6219,7352
6220,14421
6221,14883
6222,14028
6223,10416
6224,8973
6225,10912
6226,10753
6227,9482
6228,7597
6229,9297
6230,16299
6231,10626
6232,9874
6233,10761
6234,8969
6235,10156
6236,8135
6237,8943
6238,9379
6239,10690
6240,16125
6241,9746
6242,9614
6243,8128
6244,8183
6245,9089
6246,7972
6247,8657
6248,8368
6249,7687
6250,42119
6251,10960
6252,9348
6253,9421
6254,8938
6255,10629
6256,9201
6257,7456
6258,8283
6259,7386
6260,11409
6261,10106
6262,12813
6263,10775
6264,10244
6265,10378
6266,9220
6267,7598
6268,7813
6269,9005
6270,10882
6271,9579
6272,10306
6273,11160
6274,7984
6275,9782
6276,7660
6277,10650
6278,7986
6279,8523
6280,11479
6281,8126
6282,7891
6283,9509
6284,8005
6285,9209
6286,7071
6287,7690
6288,8417
6289,7868
6290,9668
6291,7780
6292,7441
6293,6909
6294,7126
6295,8358
6296,6883
6297,6907
6298,7444
6299,8940
6300,96634
6301,16938
6302,11676
6303,11015
6304,10958
6305,10037
6306,8965
6307,9077
6308,8399
6309,10935
6310,14490
6311,11267
6312,9298
6313,8311
6314,7324
6315,9407
6316,7970
6317,7578
6318,7575
6319,7697
6320,14234
6321,10899
6322,9400
6323,9757
6324,9019
6325,10365
6326,8637
6327,8486
6328,8879
6329,7968
6330,17081
6331,9649
6332,10594
6333,15326
6334,10090
6335,8038
6336,9908
6337,8512
6338,8143
6339,7708
6340,11429
6341,8934
6342,8117
6343,8307
6344,8130
6345,8434
6346,7840
6347,8658
6348,8677
6349,6960
6350,16479
6351,11498
6352,8188
6353,7759
6354,6900
6355,12662
6356,7088
6357,8651
6358,6744
6359,7385
6360,12343
6361,13464
6362,8776
6363,16902
6364,10251
6365,10453
6366,8656
6367,8321
6368,7647
6369,7200
6370,9319
6371,15683
6372,8108
6373,8265
6374,7902
6375,9469
6376,7442
6377,8032
6378,10683
6379,95012
6380,14598
6381,8959
6382,8172
6383,7569
6384,7649
6385,8326
6386,7182
6387,7135
6388,9858
6389,7952
6390,9046
6391,7588
6392,7159
6393,7388
6394,6457
6395,8053
6396,6911
6397,13502
6398,6927
6399,8974
6400,127234
6401,14104
6402,11188
6403,8765
6404,9287
6405,10764
6406,8714
6407,7821
6408,8133
6409,8020
6410,12226
6411,10427
6412,8685
6413,7980
6414,7918
6415,8487
6416,8712
6417,7575
6418,6948
6419,7814
6420,13090
6421,8414
6422,8733
6423,8086
6424,8049
6425,12013
6426,7994
6427,7213
6428,7557
6429,7797
6430,10433
6431,8757
6432,9869
6433,8047
6434,8637
6435,10127
6436,6865
6437,7695
6438,8516
6439,6474
6440,12344
6441,9560
6442,7832
6443,24674
6444,9765
6445,8408
6446,8342
6447,7317
6448,7343
6449,8098
6450,18036
6451,7545
6452,7883
6453,8143
6454,8371
6455,10748
6456,7317
6457,8604
6458,6998
6459,6990
6460,11242
6461,8370
6462,6956
6463,8378
6464,12176
6465,8613
6466,8264
6467,7427
6468,9355
6469,7064
6470,9608
6471,7722
6472,7207
6473,7801
6474,7033
6475,10819
6476,6529
6477,7516
6478,7021
6479,6904
6480,11425
6481,7433
6482,7317
6483,7595
6484,8485
6485,6747
6486,6002
6487,6978
6488,8490
6489,7473
6490,10044
6491,7034
6492,7803
6493,6129
6494,7621
6495,8140
6496,6919
6497,8484
6498,7066
6499,8785
6500,205217
6501,17434
6502,44738
6503,9522
6504,8455
6505,13421
6506,8432
6507,8818
6508,8822
6509,9587
6510,17029
6511,14178
6512,13580
6513,8640
6514,8355
6515,10382
6516,9196
6517,7855
6518,7524
6519,7463
6520,15948
6521,8199
6522,10325
6523,7741
6524,7671
6525,11360
6526,7137
6527,7629
6528,8257
6529,7721
6530,12001
6531,8594
6532,8824
6533,8649
6534,7419
6535,9410
6536,7770
6537,6688
6538,9879
6539,6675
6540,10195
6541,8808
6542,8371
6543,12933
6544,8522
6545,9167
6546,7227
6547,7253
6548,9225
6549,6719
6550,20663
6551,8521
6552,9097
6553,10052
6554,7625
6555,12760
6556,8121
6557,7102
6558,6654
6559,7187
6560,12604
6561,11817
6562,8469
6563,9614
6564,7126
6565,13122
6566,9387
6567,7943
6568,6942
6569,9227
6570,11703
6571,7713
6572,8169
6573,6711
6574,7004
6575,8458
6576,7624
6577,8189
6578,6901
6579,7264
6580,10222
6581,9061
6582,7117
6583,11181
6584,10298
6585,8943
6586,5982
6587,6889
6588,7030
6589,6527
6590,7697
6591,7464
6592,6976
6593,6262
6594,5951
6595,7325
6596,10161
6597,6383
6598,6386
6599,7232
6600,105997
6601,13093
6602,10975
6603,9324
6604,9533
6605,9505
6606,9790
6607,7713
6608,7828
6609,7562
6610,13260
6611,15112
6612,8135
6613,8904
6614,8163
6615,9198
6616,8222
6617,6828
6618,6573
6619,6783
6620,13050
6621,9669
6622,9666
6623,6842
6624,8177
6625,11180
6626,7716
6627,7003
6628,6694
6629,6825
6630,12029
6631,7891
6632,9680
6633,14623
6634,6841
6635,7430
6636,8486
6637,7067
6638,6441
6639,7061
6640,9672
6641,8844
6642,8312
6643,8060
6644,8691
6645,8093
6646,7618
6647,6463
6648,6903
6649,6781
6650,16529
6651,10511
6652,7723
6653,9514
6654,8879
6655,11530
6656,10109
6657,8548
6658,6495
6659,7177
6660,11249
6661,9112
6662,11447
6663,7558
6664,9177
6665,9021
6666,45184
6667,41957
6668,8411
6669,8740
6670,13440
6671,8258
6672,9128
6673,7954
6674,6461
6675,8622
6676,7352
6677,10674
6678,9541
6679,6582
6680,12866
6681,9034
6682,7643
6683,7559
6684,7821
6685,7712
6686,7688
6687,7220
6688,11655
6689,6705
6690,8118
6691,6738
6692,6250
6693,7021
6694,8200
6695,7229
6696,7362
6697,8377
6698,8855
6699,14529
6700,76498
6701,13160
6702,8663
6703,7601
6704,7352
6705,8114
6706,7516
6707,9203
6708,10351
6709,7390
6710,9453
6711,8446
6712,8401
6713,7855
6714,7090
6715,9385
6716,10340
6717,9315
6718,6276
6719,6547
6720,13777
6721,7651
6722,9243
6723,8265
6724,7455
6725,9358
6726,6796
6727,7570
6728,8258
6729,6548
6730,9419
6731,12274
6732,7442
6733,8366
6734,6927
6735,8365
6736,32277
6737,7528
6738,7023
6739,6278
6740,9196
6741,7836
6742,7815
6743,6729
6744,7138
6745,8147
6746,6025
6747,7171
6748,6399
6749,9020
6750,21224
6751,8710
6752,11854
6753,7691
6754,6587
6755,7749
6756,6086
6757,7144
6758,9054
6759,6499
6760,9138
6761,6894
6762,7462
6763,7438
6764,6300
6765,8977
6766,7408
6767,11321
6768,8011
6769,6714
6770,12682
6771,7403
6772,7600
6773,8012
6774,6549
6775,7693
6776,8908
6777,12340
6778,6774
6779,7354
6780,9089
6781,7267
6782,6514
6783,6724
6784,7671
6785,6922
6786,6272
6787,9457
6788,6983
6789,30359
6790,10119
6791,9678
6792,6526
6793,6184
6794,6189
6795,6540
6796,6036
6797,6451
6798,6165
6799,7607
6800,103703
6801,13100
6802,8060
6803,16909
6804,7757
6805,8270
6806,7085
6807,7378
6808,7426
6809,12148
6810,11550
6811,13731
6812,8024
6813,6606
6814,7271
6815,7606
6816,6582
6817,7292
6818,7015
6819,9154
6820,11164
6821,7181
6822,11836
6823,8130
6824,7742
6825,10527
6826,7075
6827,6833
6828,7406
6829,6231
6830,11003
6831,9161
6832,7865
6833,9035
6834,7536
6835,7189
6836,7479
6837,6831
6838,6551
6839,6069
6840,11079
6841,7298
6842,8704
6843,8199
6844,6673
6845,8810
6846,7544
6847,6630
6848,7037
6849,5900
6850,19289
6851,9298
6852,6752
6853,7449
6854,9495
6855,6982
6856,6343
6857,6582
6858,6132
6859,6389
6860,8599
6861,7149
6862,6063
6863,6643
6864,6653
6865,7132
6866,7274
6867,6190
6868,11867
6869,7186
6870,16553
6871,6886
6872,7566
6873,6237
6874,6020
6875,38878
6876,8279
6877,7770
6878,6723
6879,7014
6880,13053
6881,9564
6882,7589
6883,6774
6884,6378
6885,7338
6886,7078
6887,7271
6888,12137
6889,7894
6890,12902
6891,6389
6892,6530
6893,5688
6894,5809
6895,6488
6896,5657
6897,7069
6898,5674
6899,7333
6900,55692
6901,13165
6902,10026
6903,7749
6904,7360
6905,8095
6906,6971
6907,6925
6908,6029
6909,7981
6910,10987
6911,9367
6912,9545
6913,6814
6914,6484
6915,7568
6916,6168
6917,7307
6918,6063
6919,6818
6920,12454
6921,6954
6922,9179
6923,7275
6924,7911
6925,7943
6926,6187
6927,6212
6928,6319
6929,6337
6930,9666
6931,7050
6932,6508
6933,8715
6934,6507
6935,6663
6936,6130
6937,7428
6938,6422
6939,7200
6940,9291
6941,7254
6942,6375
6943,6008
6944,7395
6945,6892
6946,12387
6947,6867
6948,6313
6949,6787
6950,20662
6951,7551
6952,6152
6953,6064
6954,6089
6955,9630
6956,5784
6957,6036
6958,5980
6959,6741
6960,10326
6961,6705
6962,7155
6963,9245
6964,6434
6965,7041
6966,7438
6967,6543
6968,8820
6969,15539
6970,14451
6971,6829
6972,6592
6973,7294
6974,6011
6975,8099
6976,8465
6977,7168
6978,7411
6979,7072
6980,10021
6981,7853
6982,5913
6983,6192
6984,6072
6985,6456
6986,5656
6987,5699
6988,9751
6989,6882
6990,51392
6991,6850
6992,6841
6993,6403
6994,5412
6995,8066
6996,7388
6997,6331
6998,6877
6999,14605
7000,619372
7001,39678
7002,24216
7003,18051
7004,18444
7005,16986
7006,13647
7007,16156
7008,11311
7009,11862
7010,23763
7011,13002
7012,12871
7013,13146
7014,11147
7015,13887
7016,10451
7017,10337
7018,12773
7019,13523
7020,24279
7021,10040
7022,9765
7023,10947
7024,8951
7025,11309
7026,8217
7027,10960
7028,7529
7029,8327
7030,18350
7031,12889
7032,8237
7033,8146
7034,8152
7035,9654
7036,8265
7037,8392
7038,6929
7039,7537
7040,15225
7041,8791
7042,9448
7043,9217
7044,11156
7045,8382
7046,7231
7047,8448
7048,6908
7049,7695
7050,24129
7051,12124
7052,8598
7053,7977
7054,9840
7055,11012
7056,8047
7057,8093
7058,7278
7059,7749
7060,12178
7061,7994
7062,6920
7063,6798
7064,7453
7065,10141
7066,7482
7067,7572
7068,7683
7069,7578
7070,23829
7071,23605
7072,8991
7073,8316
7074,8667
7075,34853
7076,8193
7077,14432
7078,8701
7079,8638
7080,16914
7081,8427
7082,11653
7083,8400
7084,6484
7085,8164
7086,6889
7087,8213
7088,7137
7089,7519
7090,12660
7091,7601
7092,6684
7093,6661
7094,10082
7095,8590
7096,6857
7097,6850
7098,5837
7099,8243
7100,78668
7101,13714
7102,12960
7103,12435
7104,9128
7105,9851
7106,12642
7107,9119
7108,7734
7109,8486
7110,15628
7111,17161
7112,9952
7113,7779
7114,10384
7115,8825
7116,10589
7117,9826
7118,6974
7119,7519
7120,16683
7121,10552
7122,9917
7123,9797
7124,7593
7125,11104
7126,8298
7127,7573
7128,8037
7129,8964
7130,11591
7131,8840
7132,7762
7133,7975
7134,8255
7135,10398
7136,7847
7137,7127
7138,6364
7139,6736
7140,10560
7141,9064
7142,8488
7143,9154
7144,7146
7145,7177
7146,6848
7147,6615
7148,7033
7149,5979
7150,17548
7151,8789
7152,10314
7153,8401
7154,7000
7155,9722
7156,6626
7157,6221
7158,6218
7159,7277
7160,12173
7161,8045
7162,6012
7163,7625
7164,7501
7165,7546
7166,6992
7167,9000
7168,9888
7169,7089
7170,9692
7171,12359
7172,8942
7173,6755
7174,6348
7175,7970
7176,9885
7177,8281
7178,6383
7179,7434
7180,9866
7181,8322
7182,7052
7183,8260
7184,7149
7185,7858
7186,6439
7187,6130
7188,9404
7189,6807
7190,8879
7191,7610
7192,6641
7193,6748
7194,5847
7195,8482
7196,5860
7197,6264
7198,5707
7199,9128
7200,155867
7201,16155
7202,12116
7203,12570
7204,8479
7205,10463
7206,9970
7207,8500
7208,9190
7209,7255
7210,14618
7211,12042
7212,9786
7213,8243
7214,6811
7215,8878
7216,8220
7217,7355
7218,7573
7219,9878
7220,12875
7221,8714
7222,12969
7223,11355
7224,13914
7225,10824
7226,7934
7227,10753
7228,7192
7229,6880
7230,12240
7231,11831
7232,8890
7233,17009
7234,9614
7235,8534
7236,6934
7237,7620
7238,7357
7239,7177
7240,10716
7241,7706
7242,7907
7243,9834
7244,7364
7245,10074
7246,7451
7247,7529
7248,7122
7249,6720
7250,20676
7251,8532
7252,8585
7253,7860
7254,6626
7255,8214
7256,8427
7257,7128
7258,8387
7259,6194
7260,14727
7261,8085
7262,7744
7263,7249
7264,8468
7265,9678
7266,7601
7267,8496
7268,6032
7269,8112
7270,9501
7271,7341
7272,13034
7273,9450
7274,7857
7275,12167
7276,7038
7277,9769
7278,7279
7279,6680
7280,10663
7281,7414
7282,7280
7283,7313
7284,6504
7285,7458
7286,6185
7287,8467
7288,7818
7289,7706
7290,11033
7291,7919
7292,7145
7293,7060
7294,5988
7295,6991
7296,7258
7297,7600
7298,5743
7299,7316
7300,66000
7301,10932
7302,9591
7303,9089
7304,9580
7305,10249
7306,9273
7307,8686
7308,8337
7309,6797
7310,11364
7311,9936
7312,7971
7313,7286
7314,7588
7315,8989
7316,7536
7317,7469
7318,7952
7319,7387
7320,12291
7321,11992
7322,7500
7323,10035
7324,9541
7325,9719
7326,12751
7327,6536
7328,7679
7329,6240
7330,10578
7331,9730
7332,8242
7333,13374
7334,9073
7335,7884
7336,7401
7337,8820
7338,6287
7339,6207
7340,10440
7341,6654
7342,6515
7343,6901
7344,7417
7345,8026
7346,6405
7347,7177
7348,6576
7349,6192
7350,14651
7351,7655
7352,8949
7353,7407
7354,6815
7355,8443
7356,7486
7357,8761
7358,6323
7359,6311
7360,11229
7361,7361
7362,5957
7363,6699
7364,7200
7365,6523
7366,7248
7367,7250
7368,9290
7369,6895
7370,9500
7371,7308
7372,7188
7373,11725
7374,7311
7375,9202
7376,6585
7377,8636
7378,9364
7379,7168
7380,9598
7381,7133
7382,6756
7383,7190
7384,6875
7385,7644
7386,8349
7387,8976
7388,7077
7389,6247
7390,11227
7391,7293
7392,7231
7393,7222
7394,6031
7395,6694
7396,6401
7397,6414
7398,5579
7399,18892
7400,58737
7401,12573
7402,13731
7403,8753
7404,13637
7405,12185
7406,7289
7407,8728
7408,9079
7409,6875
7410,13296
7411,14299
7412,8552
7413,8542
7414,8030
7415,8553
7416,6659
7417,7658
7418,6176
7419,6920
7420,14469
7421,8558
7422,9027
7423,11121
7424,10111
7425,9620
7426,7036
7427,7733
7428,6764
7429,7282
7430,11463
7431,7749
7432,9240
7433,9954
7434,7632
7435,7894
7436,7533
7437,7220
7438,6405
7439,7095
7440,13162
7441,8196
7442,7587
7443,9558
7444,9673
7445,9479
7446,7419
7447,9285
7448,6790
7449,6442
7450,15317
7451,7309
7452,7167
7453,6749
7454,6495
7455,7881
7456,7798
7457,6864
7458,7713
7459,6591
7460,8547
7461,6475
7462,6477
7463,8274
7464,6540
7465,7663
7466,6547
7467,7653
7468,6466
7469,13548
7470,9828
7471,7194
7472,6909
7473,7244
7474,16238
7475,9827
7476,7216
7477,7610
7478,6493
7479,6393
7480,10733
7481,7260
7482,7226
7483,6884
7484,6982
7485,7293
7486,7371
7487,6671
7488,7138
7489,6575
7490,11230
7491,8061
7492,6254
7493,6949
7494,7580
7495,7701
7496,6256
7497,6100
7498,9292
7499,9504
7500,255152
7501,15872
7502,9822
7503,9564
7504,7537
7505,10481
7506,13008
7507,7929
7508,7214
7509,7526
7510,13441
7511,9879
7512,9082
7513,8498
7514,7540
7515,10317
7516,7885
7517,8115
7518,7550
7519,9069
7520,15886
7521,8824
7522,10099
7523,7656
7524,6804
7525,12190
7526,7032
7527,6871
7528,6894
7529,11619
7530,10530
7531,7910
7532,6646
7533,7242
7534,7132
7535,8762
7536,6248
7537,7151
7538,7737
7539,7026
7540,10083
7541,7567
7542,6957
7543,6852
7544,6907
7545,10195
7546,8255
7547,7779
7548,6681
7549,6816
7550,14401
7551,7690
7552,7470
7553,7151
7554,17738
7555,11687
7556,7563
7557,8827
7558,6024
7559,8971
7560,10633
7561,6740
7562,7073
7563,6189
7564,5641
7565,7738
7566,8930
7567,8460
7568,6818
7569,7551
7570,9473
7571,6169
7572,6071
7573,6038
7574,5728
7575,13874
7576,7348
7577,8735
7578,6011
7579,6153
7580,9755
7581,6712
7582,7667
7583,6430
7584,8045
7585,8242
7586,6111
7587,6799
7588,6570
7589,7046
7590,12263
7591,7571
7592,6217
7593,6785
7594,6390
7595,7261
7596,5309
7597,5686
7598,6471
7599,7160
7600,73011
7601,24657
7602,9335
7603,8199
7604,7894
7605,7549
7606,8507
7607,7849
7608,7270
7609,7055
7610,17213
7611,9740
7612,7683
7613,9125
7614,6974
7615,6821
7616,7207
7617,6937
7618,5805
7619,7798
7620,12985
7621,7636
7622,6999
7623,9497
7624,7551
7625,10598
7626,6771
7627,6443
7628,6703
7629,7248
7630,9209
7631,9635
7632,8724
7633,7051
7634,5920
7635,6355
7636,7576
7637,7467
7638,7040
7639,6257
7640,8670
7641,7716
7642,6798
7643,7529
7644,7633
7645,10101
7646,6698
7647,6957
7648,6376
7649,6181
7650,15239
7651,6302
7652,8356
7653,7854
7654,11643
7655,7603
7656,7463
7657,6566
7658,5685
7659,6527
7660,9655
7661,7411
7662,6937
7663,7881
7664,6952
7665,7906
7666,8683
7667,9477
7668,6112
7669,8916
7670,8373
7671,9976
7672,6385
7673,6713
7674,6274
7675,7920
7676,11812
7677,7514
7678,6878
7679,7456
7680,17200
7681,8055
7682,6502
7683,6869
7684,6000
7685,6093
7686,6152
7687,11038
7688,7948
7689,5466
7690,6712
7691,6214
7692,8050
7693,5694
7694,5133
7695,9088
7696,6431
7697,6096
7698,7824
7699,7384
7700,72875
7701,20247
7702,12221
7703,9861
7704,8348
7705,7634
7706,10103
7707,7524
7708,7377
7709,6885
7710,15037
7711,13436
7712,8517
7713,7123
7714,23359
7715,8779
7716,6811
7717,14070
7718,6947
7719,6866
7720,13378
7721,17422
7722,10608
7723,7880
7724,7618
7725,10103
7726,8756
7727,9228
7728,8131
7729,7743
7730,12649
7731,7410
7732,7660
7733,10513
7734,12308
7735,8815
7736,8182
7737,8918
7738,7264
7739,7813
7740,13128
7741,7673
7742,7746
7743,7554
7744,8277
7745,7759
7746,6776
7747,11147
7748,8449
7749,7088
7750,31295
7751,9947
7752,7204
7753,9799
7754,6281
7755,9439
7756,7026
7757,8329
7758,6772
7759,7818
7760,11064
7761,8596
7762,7013
7763,8136
7764,9465
7765,7566
7766,10367
7767,7882
7768,7976
7769,7186
7770,16973
7771,12412
7772,8920
7773,8457
7774,8589
7775,9900
7776,11552
7777,63639
7778,12714
7779,9375
7780,11136
7781,6607
7782,7852
7783,6860
7784,5940
7785,7520
7786,8546
7787,8586
7788,13293
7789,9265
7790,10865
7791,7439
7792,7051
7793,9380
7794,6260
7795,8045
7796,6231
7797,7185
7798,6347
7799,11409
7800,81882
7801,11478
7802,8544
7803,9838
7804,6998
7805,16368
7806,7357
7807,7245
7808,8381
7809,8144
7810,10649
7811,8951
7812,17435
7813,7748
7814,7225
7815,7906
7816,10778
7817,8246
7818,6994
7819,6607
7820,9711
7821,7749
7822,7619
7823,6627
7824,7762
7825,11715
7826,6507
7827,9678
7828,7506
7829,6302
7830,8352
7831,8963
7832,6973
7833,9564
7834,8944
7835,7386
7836,10791
7837,7162
7838,6186
7839,10878
7840,10549
7841,8992
7842,6517
7843,9837
7844,7204
7845,9082
7846,6124
7847,7144
7848,7924
7849,7047
7850,21743
7851,7365
7852,6932
7853,7058
7854,8562
7855,9520
7856,5777
7857,6900
7858,6760
7859,5803
7860,10983
7861,7016
7862,5997
7863,7142
7864,8764
7865,6554
7866,9230
7867,12151
7868,6882
7869,9970
7870,19664
7871,8881
7872,7965
7873,8726
7874,8028
7875,10560
7876,7946
7877,7454
7878,11698
7879,9179
7880,10206
7881,8091
7882,6765
7883,6591
7884,7506
7885,9582
7886,6154
7887,9454
7888,12822
7889,7943
7890,26065
7891,8399
7892,6015
7893,6344
7894,6396
7895,6805
7896,7081
7897,6800
7898,7323
7899,8707
7900,59431
7901,22731
7902,8590
7903,8185
7904,8969
7905,7878
7906,6408
7907,7587
7908,7455
7909,9373
7910,12794
7911,9086
7912,7738
7913,7345
7914,8146
7915,8703
7916,7073
7917,9078
7918,6651
7919,8744
7920,13276
7921,10257
7922,7767
7923,7344
7924,7115
7925,8886
7926,6343
7927,6940
7928,7761
7929,6380
7930,10331
7931,7596
7932,7254
7933,6494
7934,6012
7935,7379
7936,9489
7937,6902
7938,6302
7939,7897
7940,10380
7941,7904
7942,10213
7943,5504
7944,7675
7945,6465
7946,8893
7947,6770
7948,5795
7949,7206
7950,25577
7951,7157
7952,6680
7953,5569
7954,5453
7955,8015
7956,7250
7957,6991
7958,6880
7959,6192
7960,12174
7961,7260
7962,6252
7963,6085
7964,5190
7965,6320
7966,7778
7967,7828
7968,7703
7969,6838
7970,28006
7971,8077
7972,5904
7973,10480
7974,9309
7975,6977
7976,8464
7977,9475
7978,5671
7979,10504
7980,10343
7981,7018
7982,5663
7983,6520
7984,6371
7985,6947
7986,5636
7987,5138
7988,5970
7989,7416
7990,12195
7991,6014
7992,5649
7993,6458
7994,5519
7995,8100
7996,5681
7997,7352
7998,9242
7999,15892
8000,1068507
8001,65246
8002,31263
8003,20718
8004,17139
8005,18017
8006,16576
8007,13980
8008,29265
8009,17427
8010,28249
8011,16481
8012,11997
8013,10203
8014,11117
8015,10192
8016,10501
8017,8848
8018,11097
8019,8196
8020,31541
8021,12089
8022,11657
8023,9489
8024,8788
8025,13040
8026,8146
8027,7885
8028,10593
8029,7692
8030,13406
8031,10478
8032,12092
8033,9592
8034,9254
8035,9345
8036,8575
8037,7880
8038,7920
8039,8248
8040,17124
8041,8293
8042,10743
8043,8519
8044,8175
8045,8365
8046,7446
8047,9613
8048,10041
8049,8065
8050,22470
8051,35824
8052,10491
8053,9980
8054,7661
8055,9525
8056,7167
8057,9056
8058,8329
8059,7609
8060,14937
8061,9441
8062,7536
8063,7584
8064,8827
8065,9333
8066,7571
8067,7295
8068,7462
8069,9810
8070,13081
8071,9493
8072,8194
8073,7049
8074,6138
8075,9572
8076,6503
8077,8500
8078,8726
8079,7865
8080,1144097
8081,103423
8082,37978
8083,23564
8084,13936
8085,27470
8086,61021
8087,17216
8088,41418
8089,16218
8090,37880
8091,18225
8092,12473
8093,10359
8094,9075
8095,9378
8096,11301
8097,7831
8098,9049
8099,11102
8100,80396
8101,15874
8102,10623
8103,9546
8104,8512
8105,8827
8106,8239
8107,7515
8108,9360
8109,8681
8110,18047
8111,21836
8112,9878
8113,8908
8114,7785
8115,9428
8116,7536
8117,7790
8118,11892
8119,7421
8120,16574
8121,8381
8122,9323
8123,18432
8124,9422
8125,45993
8126,9093
8127,8910
8128,8462
8129,9132
8130,12967
8131,10373
8132,6702
8133,8605
8134,6502
8135,10401
8136,6760
8137,8386
8138,7556
8139,8796
8140,12244
8141,7819
8142,6797
8143,7373
8144,8407
8145,7198
8146,6476
8147,6977
8148,6118
8149,5999
8150,17260
8151,8520
8152,8598
8153,7552
8154,6524
8155,7596
8156,6557
8157,7219
8158,6210
8159,6804
8160,11875
8161,8847
8162,6805
8163,7063
8164,6438
8165,8398
8166,7850
8167,8509
8168,9077
8169,6761
8170,8041
8171,9378
8172,7651
8173,7254
8174,6808
8175,7399
8176,7727
8177,7080
8178,6412
8179,6610
8180,13926
8181,23707
8182,10753
8183,7474
8184,7796
8185,7462
8186,6975
8187,7409
8188,9661
8189,7082
8190,9876
8191,23758
8192,169957
8193,10073
8194,10270
8195,11585
8196,8194
8197,6831
8198,6642
8199,8826
8200,80054
8201,16234
8202,14502
8203,72345
8204,10199
8205,12572
8206,8931
8207,8475
8208,12201
8209,12777
8210,14518
8211,91556
8212,65327
8213,10910
8214,7869
8215,9126
8216,38050
8217,410165
8218,9662
8219,6600
8220,131708
8221,172401
8222,17026
8223,9919
8224,11253
8225,9941
8226,69248
8227,7454
8228,10359
8229,7021
8230,45991
8231,8457
8232,10656
8233,9053
8234,8334
8235,7911
8236,6995
8237,7569
8238,6459
8239,8773
8240,11292
8241,7038
8242,8995
8243,9781
8244,7041
8245,7948
8246,6811
8247,7782
8248,6753
8249,8465
8250,21539
8251,8231
8252,8115
8253,8274
8254,8104
8255,42219
8256,9105
8257,6216
8258,7279
8259,8195
8260,12454
8261,7349
8262,7137
8263,7305
8264,6984
8265,9620
8266,9897
8267,8851
8268,6601
8269,6377
8270,9412
8271,6953
8272,7595
8273,7024
8274,7424
8275,8458
8276,7242
8277,7145
8278,7036
8279,7794
8280,11777
8281,8956
8282,13836
8283,13053
8284,8271
8285,6694
8286,7116
8287,7100
8288,10858
8289,6940
8290,8770
8291,7174
8292,7042
8293,6771
8294,6549
8295,7100
8296,6456
8297,9613
8298,5517
8299,7514
8300,61916
8301,17595
8302,10953
8303,10825
8304,7512
8305,7929
8306,7903
8307,6734
8308,7499
8309,6870
8310,14740
8311,9187
8312,7811
8313,8540
8314,7128
8315,7518
8316,6846
8317,6910
8318,6390
8319,6474
8320,17009
8321,7486
8322,7729
8323,7126
8324,7633
8325,10079
8326,6987
8327,6449
8328,6260
8329,7479
8330,16158
8331,8017
8332,11561
8333,35384
8334,7484
8335,6832
8336,8047
8337,6863
8338,7067
8339,8484
8340,9072
8341,7557
8342,5962
8343,6533
8344,7708
8345,7140
8346,6714
8347,6791
8348,6467
8349,6303
8350,24510
8351,7233
8352,6937
8353,7599
8354,5735
8355,7037
8356,6829
8357,5786
8358,8067
8359,6555
8360,9302
8361,6931
8362,6242
8363,6553
8364,10283
8365,6685
8366,7029
8367,6820
8368,6221
8369,7532
8370,8217
8371,7594
8372,6699
8373,6601
8374,5851
8375,7801
8376,6449
8377,9438
8378,6540
8379,7009
8380,8702
8381,6759
8382,6666
8383,10971
8384,7603
8385,6842
8386,6048
8387,7432
8388,8056
8389,7107
8390,7930
8391,6473
8392,7013
8393,6181
8394,5656
8395,6440
8396,5948
8397,5905
8398,6843
8399,7273
8400,66193
8401,12491
8402,7859
8403,6892
8404,8203
8405,7225
8406,6829
8407,6470
8408,6803
8409,5974
8410,8646
8411,10236
8412,7296
8413,6883
8414,7510
8415,8263
8416,6646
8417,7606
8418,6687
8419,6946
8420,7991
8421,8063
8422,7359
8423,6857
8424,9147
8425,8447
8426,5830
8427,6528
8428,6328
8429,6293
8430,7876
8431,7583
8432,7721
8433,7937
8434,6645
8435,6527
8436,6183
8437,6156
8438,5816
8439,6887
8440,9346
8441,6873
8442,7436
8443,66578
8444,14452
8445,8404
8446,7997
8447,6846
8448,10404
8449,6856
8450,12575
8451,8885
8452,7779
8453,8981
8454,7637
8455,7619
8456,9437
8457,11229
8458,6994
8459,6437
8460,7687
8461,6987
8462,7430
8463,7686
8464,6675
8465,6570
8466,6467
8467,6632
8468,5691
8469,5910
8470,8625
8471,7729
8472,11672
8473,7032
8474,6265
8475,7084
8476,6391
8477,41728
8478,6912
8479,6324
8480,8998
8481,6841
8482,10707
8483,6793
8484,11364
8485,8522
8486,7468
8487,6673
8488,7343
8489,6621
8490,7502
8491,6429
8492,5619
8493,7324
8494,6026
8495,6980
8496,6750
8497,6250
8498,7470
8499,9671
8500,141716
8501,19981
8502,10718
8503,8039
8504,7820
8505,10203
8506,7722
8507,8191
8508,7218
8509,6295
8510,10915
8511,9333
8512,8412
8513,6428
8514,7348
8515,8420
8516,7801
8517,7152
8518,6439
8519,6715
8520,19983
8521,8042
8522,7439
8523,6780
8524,6372
8525,11660
8526,7808
8527,7494
8528,7100
8529,8971
8530,12998
8531,7669
8532,7201
8533,7086
8534,7330
8535,8139
8536,7657
8537,6244
8538,5891
8539,6198
8540,13897
8541,8233
8542,11183
8543,8274
8544,9995
8545,18290
8546,7567
8547,7063
8548,5743
8549,6147
8550,14776
8551,7925
8552,7315
8553,6548
8554,8438
8555,13128
8556,7554
8557,5972
8558,7971
8559,5985
8560,9962
8561,6675
8562,6454
8563,6547
8564,6079
8565,7205
8566,6211
8567,6509
8568,6513
8569,5601
8570,11662
8571,9104
8572,6844
8573,7531
8574,5945
8575,8200
8576,6232
8577,7561
8578,5796
8579,6646
8580,9451
8581,7233
8582,7522
8583,8882
8584,6522
8585,13126
8586,7974
8587,6736
8588,7568
8589,6118
8590,7216
8591,7089
8592,9242
8593,8022
8594,16638
8595,8377
8596,6572
8597,5690
8598,5894
8599,8127
8600,107513
8601,84214
8602,7351
8603,7540
8604,6806
8605,7560
8606,16140
8607,6138
8608,7106
8609,6847
8610,14019
8611,9116
8612,6534
8613,6382
8614,7363
8615,7520
8616,9716
8617,7707
8618,50482
8619,6159
8620,12561
8621,8992
8622,7333
8623,8624
8624,7620
8625,10132
8626,6236
8627,6844
8628,7230
8629,6689
8630,8420
8631,6779
8632,6183
8633,7616
8634,5743
8635,6389
8636,6227
8637,6105
8638,6440
8639,7418
8640,12183
8641,6589
8642,6447
8643,6681
8644,9420
8645,6399
8646,6105
8647,6459
8648,7690
8649,6875
8650,10764
8651,6332
8652,6238
8653,6070
8654,6197
8655,8374
8656,7190
8657,6495
8658,7231
8659,6286
8660,9995
8661,7665
8662,7401
8663,6745
8664,10856
8665,7555
8666,8889
8667,9160
8668,7033
8669,8103
8670,7570
8671,6211
8672,6932
8673,6043
8674,12944
8675,7628
8676,6425
8677,7092
8678,5823
8679,6092
8680,8163
8681,7843
8682,6360
8683,9169
8684,6051
8685,6476
8686,10915
8687,8632
8688,8987
8689,6030
8690,7268
8691,6775
8692,5896
8693,6678
8694,5656
8695,6770
8696,6642
8697,5902
8698,5369
8699,6388
8700,55409
8701,12844
8702,6820
8703,7289
8704,8520
8705,8467
8706,7057
8707,7414
8708,8246
8709,6319
8710,10805
8711,10160
8712,8135
8713,6678
8714,5666
8715,6945
8716,6515
8717,6610
8718,6032
8719,6961
8720,9525
8721,8450
8722,10713
8723,6962
8724,6690
8725,7805
8726,6187
8727,7127
8728,6351
8729,6142
8730,9565
8731,6638
8732,7991
8733,9285
8734,7194
8735,6968
8736,7211
8737,6811
8738,6235
8739,7361
8740,10078
8741,7882
8742,7411
8743,6997
8744,7111
8745,7520
8746,9826
8747,8353
8748,6246
8749,7007
8750,18003
8751,6964
8752,6461
8753,7462
8754,5656
8755,8287
8756,6258
8757,6574
8758,5945
8759,5904
8760,16472
8761,11334
8762,7018
8763,5860
8764,6120
8765,13050
8766,7195
8767,14754
8768,6095
8769,5658
8770,8201
8771,6648
8772,6483
8773,6928
8774,6848
8775,9340
8776,11291
8777,11274
8778,7363
8779,6062
8780,7773
8781,6166
8782,6497
8783,6087
8784,6235
8785,6194
8786,7851
8787,16066
8788,8591
8789,7010
8790,7367
8791,5832
8792,6043
8793,5486
8794,6200
8795,6291
8796,5271
8797,6042
8798,5202
8799,13724
8800,100208
8801,14184
8802,11541
8803,7902
8804,9468
8805,8939
8806,7414
8807,8483
8808,8335
8809,8482
8810,10405
8811,11873
8812,7445
8813,6279
8814,6629
8815,7387
8816,7843
8817,7866
8818,7278
8819,6571
8820,12777
8821,8335
8822,10954
8823,6927
8824,7645
8825,9361
8826,6298
8827,6765
8828,7902
8829,7175
8830,12289
8831,7584
8832,8982
8833,10756
8834,6297
8835,7538
8836,6625
8837,6580
8838,6833
8839,7296
8840,9213
8841,6672
8842,6159
8843,7876
8844,10004
8845,6905
8846,6491
8847,5880
8848,14593
8849,7059
8850,15043
8851,6588
8852,6073
8853,7009
8854,9263
8855,10408
8856,7658
8857,7329
8858,7480
8859,165181
8860,9441
8861,7547
8862,6736
8863,8061
8864,5819
8865,8527
8866,8986
8867,6747
8868,7340
8869,7149
8870,8104
8871,6975
8872,6698
8873,7291
8874,5653
8875,8182
8876,7093
8877,9551
8878,7422
8879,8590
8880,14999
8881,10004
8882,8500
8883,13989
8884,8623
8885,8363
8886,7802
8887,10119
8888,149209
8889,19121
8890,13204
8891,8119
8892,6268
8893,6145
8894,5487
8895,10017
8896,5961
8897,5540
8898,7215
8899,12651
8900,49935
8901,18394
8902,7820
8903,7889
8904,6827
8905,6340
8906,7122
8907,5791
8908,6459
8909,6654
8910,13768
8911,8146
8912,6979
8913,6037
8914,5680
8915,6312
8916,6161
8917,6476
8918,6109
8919,6205
8920,8616
8921,6496
8922,6708
8923,6452
8924,6732
8925,7267
8926,5792
8927,5570
8928,6223
8929,6225
8930,8637
8931,9974
8932,5964
8933,6181
8934,5155
8935,5982
8936,6352
8937,6065
8938,11996
8939,6371
8940,8468
8941,6864
8942,5924
8943,6129
8944,6689
8945,6497
8946,5936
8947,6254
8948,5318
8949,11418
8950,10813
8951,6216
8952,6052
8953,5716
8954,6363
8955,6955
8956,5631
8957,5233
8958,6344
8959,5591
8960,9754
8961,5814
8962,8212
8963,6009
8964,10437
8965,6654
8966,6372
8967,4922
8968,5985
8969,10315
8970,6532
8971,6758
8972,5904
8973,6066
8974,5831
8975,6124
8976,5742
8977,6409
8978,5551
8979,5935
8980,8175
8981,6799
8982,5594
8983,15337
8984,9765
8985,6292
8986,6344
8987,5870
8988,7318
8989,14581
8990,10678
8991,6185
8992,5954
8993,8485
8994,6652
8995,8045
8996,6687
8997,6366
8998,8399
8999,17169
9000,630907
9001,387888
9002,34848
9003,23598
9004,17712
9005,17892
9006,16136
9007,13676
9008,10979
9009,18094
9010,23542
9011,12118
9012,13231
9013,8188
9014,8126
9015,11080
9016,8773
9017,8162
9018,8350
9019,7533
9020,16401
9021,9225
9022,8223
9023,8090
9024,8784
9025,9608
9026,6974
9027,8019
9028,6070
9029,6414
9030,11961
9031,8036
9032,7226
9033,8105
9034,6229
9035,7579
9036,6916
9037,6459
9038,6375
9039,6533
9040,10464
9041,7464
9042,13757
9043,6198
9044,6270
9045,7257
9046,6028
9047,6252
9048,6555
9049,5775
9050,17546
9051,8175
9052,6875
9053,6493
9054,7164
9055,7978
9056,6000
9057,6126
9058,5736
9059,6578
9060,14002
9061,6483
9062,6001
9063,6481
9064,6142
9065,6069
9066,15673
9067,5842
9068,6276
9069,6347
9070,9278
9071,7478
9072,6500
9073,5825
9074,5353
9075,8345
9076,5832
9077,7632
9078,9653
9079,5607
9080,23707
9081,8306
9082,7224
9083,7714
9084,5884
9085,8700
9086,5007
9087,6354
9088,7485
9089,6989
9090,63205
9091,19119
9092,55112
9093,15230
9094,9638
9095,8907
9096,6543
9097,6755
9098,6595
9099,10521
9100,65472
9101,15477
9102,10427
9103,8066
9104,8666
9105,8086
9106,6953
9107,6666
9108,6639
9109,6835
9110,12501
9111,14114
9112,7004
9113,6928
9114,6805
9115,8583
9116,7127
9117,6561
9118,6134
9119,7942
9120,10770
9121,7990
9122,10286
9123,9918
9124,6069
9125,9663
9126,8698
9127,6420
9128,9335
9129,5518
9130,9112
9131,8366
9132,6788
9133,6935
9134,5556
9135,6540
9136,6637
9137,6430
9138,5024
9139,5843
9140,9416
9141,8251
9142,6704
9143,5626
9144,11312
9145,7051
9146,5425
9147,5894
9148,5534
9149,7458
9150,13564
9151,7051
9152,5916
9153,7699
9154,5349
9155,8472
9156,5278
9157,5160
9158,5313
9159,5370
9160,9945
9161,6375
9162,5897
9163,5461
9164,5642
9165,9303
9166,6334
9167,9362
9168,5894
9169,5170
9170,7268
9171,7839
9172,5733
9173,6407
9174,5350
9175,6331
9176,5241
9177,5803
9178,5718
9179,5244
9180,8638
9181,7065
9182,6244
9183,5604
9184,7353
9185,6693
9186,5654
9187,6396
9188,6036
9189,5808
9190,7640
9191,12083
9192,7018
9193,6827
9194,5639
9195,6244
9196,6251
9197,5402
9198,5766
9199,7741
9200,117005
9201,13056
9202,8578
9203,9478
9204,6973
9205,8598
9206,6431
9207,6477
9208,7819
9209,6089
9210,9645
9211,10545
9212,11031
9213,7275
9214,6412
9215,7068
9216,12766
9217,6818
9218,5811
9219,6824
9220,10396
9221,8306
9222,15042
9223,7606
9224,6762
9225,9372
9226,6087
9227,7331
9228,6311
9229,9895
9230,13301
9231,7904
9232,7012
9233,7352
9234,6426
9235,6462
9236,5587
9237,6137
9238,6158
9239,6678
9240,9370
9241,9560
9242,6568
9243,7066
9244,6322
9245,6204
9246,5778
9247,6327
9248,6666
9249,5693
9250,18014
9251,7532
9252,6976
9253,6389
9254,5162
9255,7908
9256,5870
9257,6183
9258,6677
9259,5432
9260,9460
9261,7308
9262,8274
9263,6183
9264,5946
9265,7073
9266,7508
9267,6499
9268,7115
9269,5588
9270,6717
9271,6354
9272,6918
9273,5965
9274,5990
9275,6654
9276,5973
9277,6789
9278,6573
9279,5822
9280,9016
9281,6793
9282,6973
9283,6962
9284,6023
9285,6207
9286,6221
9287,5578
9288,6447
9289,5644
9290,9447
9291,6823
9292,18572
9293,6481
9294,6480
9295,7806
9296,5546
9297,6220
9298,6125
9299,7009
9300,65949
9301,10423
9302,7047
9303,8170
9304,5901
9305,6994
9306,6234
9307,5901
9308,6375
9309,6002
9310,11703
9311,9148
9312,7531
9313,6449
9314,6235
9315,7028
9316,5691
9317,5712
9318,5860
9319,6267
9320,11216
9321,6720
9322,6596
9323,6196
9324,6389
9325,10348
9326,10193
9327,7082
9328,7447
9329,5754
9330,9894
9331,7018
9332,6754
9333,15345
9334,5969
9335,7324
9336,7150
9337,6438
9338,5801
9339,7010
9340,8241
9341,6851
9342,5693
9343,8440
9344,7627
9345,6873
9346,5781
9347,5861
9348,5418
9349,6325
9350,13466
9351,8374
9352,5821
9353,5974
9354,5647
9355,8759
9356,5419
9357,5785
9358,5363
9359,5710
9360,13670
9361,7077
9362,7314
9363,5715
9364,6200
9365,6436
9366,5637
9367,5822
9368,5410
9369,6138
9370,10461
9371,6432
9372,6017
9373,5795
9374,5327
9375,76328
9376,6544
9377,6336
9378,7137
9379,4982
9380,10082
9381,7718
9382,5714
9383,7125
9384,7723
9385,7212
9386,5628
9387,6122
9388,6406
9389,5859
9390,6775
9391,6277
9392,5792
9393,10425
9394,6938
9395,6278
9396,5461
9397,7154
9398,5459
9399,7460
9400,44362
9401,9638
9402,6963
9403,7504
9404,7538
9405,7111
9406,6124
9407,5975
9408,6943
9409,7269
9410,9633
9411,12634
9412,6828
9413,6289
9414,6270
9415,8227
9416,6565
9417,7410
9418,7296
9419,6875
9420,8642
9421,6213
9422,7218
9423,5581
9424,6251
9425,7172
9426,5117
9427,5796
9428,5835
9429,6187
9430,8192
9431,6118
9432,6451
9433,6723
9434,6188
9435,6165
9436,5556
9437,6031
9438,5701
9439,5872
9440,9710
9441,6521
9442,6211
9443,17784
9444,9482
9445,7256
9446,6320
9447,5460
9448,5914
9449,6820
9450,10956
9451,6865
9452,6648
9453,7005
9454,5590
9455,6825
9456,5852
9457,6267
9458,5078
9459,5323
9460,6993
9461,6070
9462,5471
9463,8441
9464,6631
9465,7483
9466,5973
9467,6101
9468,5743
9469,5980
9470,6940
9471,5303
9472,9659
9473,7233
9474,8815
9475,6276
9476,5319
9477,6944
9478,5270
9479,5968
9480,6999
9481,5882
9482,5250
9483,5239
9484,6138
9485,6033
9486,5254
9487,5652
9488,5943
9489,5356
9490,7100
9491,5662
9492,6181
9493,5576
9494,8256
9495,6738
9496,6189
9497,5881
9498,5349
9499,7142
9500,98525
9501,12190
9502,8773
9503,8476
9504,8534
9505,9389
9506,6543
9507,6385
9508,6665
9509,6150
9510,9445
9511,9498
9512,6712
9513,6966
9514,6513
9515,8142
9516,6500
9517,5653
9518,6269
9519,5663
9520,9044
9521,7445
9522,6236
9523,6628
9524,6745
9525,12212
9526,5597
9527,8806
9528,6716
9529,6284
9530,9714
9531,7628
9532,5940
9533,6234
9534,5537
9535,5929
9536,7850
9537,6031
9538,5806
9539,5363
9540,7342
9541,7444
9542,5931
9543,6202
9544,5573
9545,9379
9546,5632
9547,5362
9548,5484
9549,5264
9550,17731
9551,7377
9552,7299
9553,6398
9554,5539
9555,13233
9556,6042
9557,6450
9558,5669
9559,9191
9560,12521
9561,5835
9562,5492
9563,5413
9564,5869
9565,6689
9566,6299
9567,6323
9568,7677
9569,5901
9570,9781
9571,5896
9572,6106
9573,5290
9574,5006
9575,8693
9576,5282
9577,5715
9578,5262
9579,7537
9580,7717
9581,5388
9582,5111
9583,6006
9584,5496
9585,6455
9586,4894
9587,5599
9588,5601
9589,5084
9590,9890
9591,5416
9592,6008
9593,5881
9594,5524
9595,12670
9596,6324
9597,5536
9598,6018
9599,7355
9600,136807
9601,11877
9602,7376
9603,8105
9604,8434
9605,8596
9606,15068
9607,8623
9608,8862
9609,6898
9610,9689
9611,10563
9612,6689
9613,7257
9614,5806
9615,7477
9616,5817
9617,7098
9618,6439
9619,6084
9620,8338
9621,6295
9622,9387
9623,6287
9624,5929
9625,7874
9626,6464
9627,5304
9628,5312
9629,5923
9630,10188
9631,5958
9632,7370
9633,6975
9634,5159
9635,6088
9636,5705
9637,5942
9638,5339
9639,6083
9640,6474
9641,6349
9642,15110
9643,5842
9644,6021
9645,7269
9646,6390
9647,6083
9648,5836
9649,5707
9650,16953
9651,6501
9652,6093
9653,6155
9654,10109
9655,7078
9656,7104
9657,5630
9658,8187
9659,6086
9660,15588
9661,7148
9662,42866
9663,7864
9664,7663
9665,6542
9666,6917
9667,7789
9668,6969
9669,6552
9670,54297
9671,5510
9672,6139
9673,6535
9674,9702
9675,8377
9676,5517
9677,5958
9678,5680
9679,9189
9680,6679
9681,5808
9682,5244
9683,5863
9684,5333
9685,7005
9686,6231
9687,5595
9688,16037
9689,5974
9690,7234
9691,5397
9692,5319
9693,5241
9694,5080
9695,6303
9696,10437
9697,6909
9698,5509
9699,6675
9700,63542
9701,10126
9702,7140
9703,6215
9704,6496
9705,6912
9706,7188
9707,7333
9708,6160
9709,7284
9710,8017
9711,8335
9712,7447
9713,5674
9714,6903
9715,5857
9716,5816
9717,5772
9718,5220
9719,5308
9720,8881
9721,6411
9722,6421
9723,5861
9724,5666
9725,6954
9726,6061
9727,6035
9728,7496
9729,6506
9730,6416
9731,5348
9732,5512
9733,16354
9734,8733
9735,7729
9736,5552
9737,6107
9738,5548
9739,5333
9740,6402
9741,6746
9742,5786
9743,6642
9744,9777
9745,7491
9746,5356
9747,6518
9748,5431
9749,5437
9750,13037
9751,6104
9752,5645
9753,5757
9754,5772
9755,7005
9756,5903
9757,5594
9758,5620
9759,5098
9760,6890
9761,5707
9762,5451
9763,6377
9764,5473
9765,5992
9766,7139
9767,6590
9768,5039
9769,5364
9770,7453
9771,5951
9772,5810
9773,5426
9774,5166
9775,6949
9776,9736
9777,9315
9778,6547
9779,6626
9780,12023
9781,6082
9782,4844
9783,5559
9784,6018
9785,6670
9786,5965
9787,6174
9788,6021
9789,5989
9790,9415
9791,5942
9792,7755
9793,9341
9794,5673
9795,6369
9796,12764
9797,8885
9798,6597
9799,7288
9800,70768
9801,14228
9802,8787
9803,7132
9804,6921
9805,7372
9806,6506
9807,6420
9808,7160
9809,5895
9810,16319
9811,7199
9812,5978
9813,6282
9814,5690
9815,6692
9816,6163
9817,5971
9818,6339
9819,5572
9820,11503
9821,6644
9822,8461
9823,5918
9824,6617
9825,8790
9826,5759
9827,6686
9828,6288
9829,7298
9830,8459
9831,5891
9832,7457
9833,7859
9834,6382
9835,7466
9836,5816
9837,5469
9838,5812
9839,6057
9840,8133
9841,6771
9842,6359
9843,6446
9844,6529
9845,7132
9846,5531
9847,5546
9848,5908
9849,5499
9850,12717
9851,6320
9852,5811
9853,6294
9854,5340
9855,6699
9856,6053
9857,6523
9858,5910
9859,6189
9860,12461
9861,7211
9862,5040
9863,5637
9864,5768
9865,6726
9866,5916
9867,5989
9868,7213
9869,5571
9870,7390
9871,6547
9872,6270
9873,5777
9874,5352
9875,8338
9876,27813
9877,8335
9878,6312
9879,6434
9880,8693
9881,5877
9882,5995
9883,5914
9884,5327
9885,6120
9886,5347
9887,7241
9888,11149
9889,9046
9890,7803
9891,5856
9892,5154
9893,5469
9894,5113
9895,8995
9896,5533
9897,6011
9898,13342
9899,11168
9900,81018
9901,13830
9902,8246
9903,8446
9904,8573
9905,7921
9906,6598
9907,7450
9908,7271
9909,7328
9910,9070
9911,9604
9912,7503
9913,7445
9914,5780
9915,6762
9916,5658
9917,6668
9918,6175
9919,7072
9920,9110
9921,6905
9922,8671
9923,6677
9924,5664
9925,8776
9926,8061
9927,5720
9928,5678
9929,6966
9930,12760
9931,6771
9932,6445
9933,11299
9934,7031
9935,7111
9936,6022
9937,5881
9938,6723
9939,8346
9940,7699
9941,6053
9942,5605
9943,5612
9944,8600
9945,7660
9946,5820
9947,7731
9948,6216
9949,7110
9950,11716
9951,6777
9952,6114
9953,6214
9954,6110
9955,8515
9956,6287
9957,5898
9958,6400
9959,7350
9960,11835
9961,8117
9962,6165
9963,6231
9964,6492
9965,8673
9966,9779
9967,7171
9968,6346
9969,7020
9970,7306
9971,7575
9972,6959
9973,7996
9974,6015
9975,9797
9976,6734
9977,8292
9978,7438
9979,7322
9980,10603
9981,10799
9982,8063
9983,8492
9984,10575
9985,8993
9986,8278
9987,10002
9988,14140
9989,12369
9990,22410
9991,15114
9992,12050
9993,13126
9994,13815
9995,20923
9996,17101
9997,19332
9998,28504
9999,513216
10000,1501057
