number,count
0,165861046
1,182702314
2,130627771
3,85834247
4,64937850
5,68367629
6,43543199
7,36689056
8,36925193
9,28520488
10,49221546
11,20955416
12,26031165
13,14477375
14,14778637
15,21117842
16,15251947
17,11875109
18,13715684
19,14333338
20,24447523
21,10324684
22,9883261
23,8734753
24,12500069
25,14503818
26,7391597
27,7193345
28,7510600
29,6526885
30,21638070
31,6506214
32,6079379
33,4436293
34,4097522
35,5877623
36,4236428
37,3736088
38,3530290
39,4139446
40,10237638
41,3050654
42,3536994
43,2936695
44,3173266
45,5619553
46,2749177
47,2714993
48,3708528
49,2854110
50,15305889
51,2643196
52,2862620
53,2413837
54,2500537
55,3355571
56,2454079
57,2196953
58,2337308
59,2345202
60,7461611
61,1671989
62,1782807
63,1729127
64,3077471
65,2852615
66,1772903
67,1659435
68,1609647
69,1526070
70,4750261
71,1453535
72,2013450
73,1448952
74,1444597
75,4007845
76,1430980
77,1399511
78,1413546
79,1321741
80,5520419
81,1347431
82,1370178
83,1375390
84,1389623
85,2113857
86,1312191
87,1266553
88,1439965
89,1321566
90,5348586
91,1285693
92,1326277
93,1449711
94,1265331
95,3514747
96,1544270
97,1393680
98,1538635
99,3825001
100,17882484
101,1285526
102,765759
103,662304
104,702393
105,849156
106,657142
107,585941
108,634026
109,559292
110,1230165
111,750019
112,635140
113,497858
114,559380
115,682367
116,544754
117,488817
118,482285
119,470627
120,1957820
121,504972
122,500046
123,751110
124,467114
125,1045465
126,446456
127,805943
128,1014877
129,422136
130,995049
131,401576
132,434701
133,387930
134,367390
135,560830
136,372543
137,365568
138,363663
139,359776
140,957472
141,354512
142,341452
143,348148
144,434028
145,468932
146,324290
147,334538
148,320027
149,354816
150,2814513
151,336023
152,342299
153,319926
154,306884
155,405547
156,316020
157,303945
158,289823
159,291215
160,1130755
161,303279
162,312603
163,296265
164,291424
165,415923
166,277958
167,282180
168,566182
169,302849
170,627571
171,274125
172,442133
173,266583
174,271435
175,525793
176,284091
177,276325
178,262816
179,273276
180,1271038
181,253865
182,288023
183,322665
184,259622
185,356478
186,245455
187,256397
188,254108
189,260480
190,469911
191,269686
192,605322
193,243805
194,225481
195,324178
196,241518
197,234494
198,236692
199,332439
200,6267972
201,432805
202,389777
203,313500
204,346036
205,352262
206,302863
207,278184
208,302583
209,247482
210,495483
211,279234
212,341137
213,245673
214,259989
215,339967
216,271545
217,237565
218,231810
219,224117
220,621597
221,252184
222,315553
223,263772
224,328356
225,459203
226,231758
227,229751
228,244680
229,229992
230,480532
231,264762
232,259825
233,276348
234,240612
235,288576
236,206546
237,208777
238,213986
239,216994
240,657179
241,212230
242,222830
243,231672
244,217624
245,268936
246,213883
247,217034
248,220071
249,224895
250,2245273
251,209999
252,261750
253,205682
254,261275
255,1798764
256,724848
257,178351
258,165254
259,162789
260,379271
261,166543
262,184341
263,169321
264,231293
265,227349
266,164404
267,166360
268,160518
269,166726
270,405290
271,160881
272,175206
273,182595
274,156566
275,296990
276,159557
277,161417
278,152900
279,159919
280,384554
281,163071
282,153195
283,149129
284,148790
285,208134
286,150669
287,156161
288,179747
289,153823
290,248225
291,140419
292,145658
293,163448
294,139591
295,197208
296,144054
297,145527
298,151058
299,225675
300,3955806
301,295148
302,242555
303,239992
304,238806
305,226375
306,176298
307,169892
308,211888
309,154800
310,310683
311,189687
312,206231
313,166807
314,169746
315,229501
316,168505
317,155102
318,150451
319,152939
320,434244
321,177283
322,164658
323,168012
324,153760
325,280885
326,140891
327,145845
328,143105
329,137337
330,344801
331,141548
332,139308
333,276408
334,138151
335,177679
336,158390
337,135775
338,136138
339,124257
340,266932
341,138178
342,135559
343,153176
344,135101
345,188368
346,124941
347,133005
348,124097
349,140343
350,1081908
351,140245
352,144941
353,135881
354,128709
355,163508
356,133067
357,151016
358,124534
359,123033
360,1155241
361,127796
362,119664
363,123098
364,128907
365,698338
366,130166
367,118852
368,124466
369,114121
370,222255
371,119979
372,120277
373,122529
374,109007
375,322299
376,122096
377,371246
378,108403
379,109748
380,245391
381,108811
382,107252
383,113775
384,154164
385,143955
386,119535
387,109713
388,105100
389,110977
390,184220
391,107423
392,110582
393,102923
394,95898
395,143595
396,102768
397,102122
398,97814
399,160173
400,3225618
401,382310
402,145906
403,233574
404,488802
405,187811
406,136686
407,130894
408,137264
409,126023
410,223995
411,137931
412,138192
413,115914
414,127384
415,164692
416,144192
417,116712
418,105609
419,115940
420,268526
421,115430
422,135357
423,111759
424,112219
425,208607
426,102801
427,107406
428,100432
429,120859
430,192759
431,103142
432,123070
433,108756
434,100290
435,135204
436,95685
437,94738
438,99884
439,91931
440,219586
441,103397
442,101803
443,187654
444,141191
445,116825
446,88507
447,94721
448,104773
449,103398
450,663015
451,117587
452,92340
453,92790
454,108637
455,121048
456,139581
457,104109
458,102037
459,88030
460,186783
461,92453
462,92510
463,88982
464,93853
465,115825
466,88244
467,88776
468,92181
469,88392
470,159055
471,91462
472,88470
473,90837
474,84898
475,146621
476,89988
477,89191
478,85344
479,90425
480,298311
481,83763
482,85675
483,90402
484,87565
485,124624
486,96975
487,82623
488,121006
489,82465
490,141691
491,80541
492,81478
493,80216
494,80154
495,133094
496,84792
497,83742
498,85234
499,161553
500,6395584
501,286279
502,134183
503,141667
504,147036
505,136275
506,103443
507,96727
508,126095
509,113339
510,191919
511,110256
512,407927
513,94354
514,97567
515,115031
516,94292
517,88626
518,92359
519,87554
520,190334
521,95643
522,90389
523,87782
524,84503
525,140808
526,83790
527,85231
528,89456
529,117751
530,167372
531,83340
532,95280
533,85870
534,80638
535,104450
536,83228
537,128425
538,81445
539,76269
540,181894
541,91876
542,77499
543,80057
544,80701
545,94566
546,77485
547,75358
548,72795
549,81753
550,381883
551,78421
552,82306
553,76267
554,73038
555,167844
556,82063
557,71079
558,69912
559,74504
560,180071
561,86145
562,80609
563,74710
564,72572
565,87147
566,69215
567,79601
568,73711
569,68639
570,142069
571,81022
572,68401
573,77483
574,72695
575,116195
576,84335
577,74416
578,65263
579,69325
580,155846
581,72976
582,67581
583,69732
584,67140
585,89969
586,74579
587,80438
588,69895
589,66424
590,111181
591,64775
592,66021
593,65994
594,69477
595,91971
596,64826
597,66320
598,65372
599,106287
600,2119427
601,112041
602,96803
603,94531
604,97850
605,94642
606,86705
607,76246
608,86870
609,84661
610,144310
611,75531
612,92965
613,82866
614,76967
615,99126
616,87684
617,98222
618,83540
619,77015
620,151137
621,74883
622,74337
623,69965
624,78592
625,180894
626,80342
627,68219
628,68760
629,66143
630,150826
631,75463
632,75283
633,74321
634,64016
635,82979
636,76325
637,64051
638,64423
639,71558
640,219848
641,67731
642,80967
643,66316
644,88861
645,84910
646,74027
647,73940
648,67903
649,75439
650,397737
651,76669
652,65402
653,61286
654,63094
655,74976
656,69375
657,61579
658,59920
659,60806
660,143813
661,67996
662,70771
663,61647
664,65826
665,73692
666,144380
667,86020
668,63810
669,58982
670,108780
671,60731
672,65370
673,61594
674,58988
675,102635
676,59623
677,64053
678,70835
679,69868
680,133418
681,58339
682,61852
683,59702
684,59512
685,70428
686,62702
687,61769
688,64054
689,57670
690,95874
691,58127
692,59874
693,58164
694,55798
695,76523
696,58877
697,55571
698,55434
699,85293
700,1447887
701,93691
702,95501
703,87019
704,83795
705,83343
706,76127
707,94283
708,72511
709,67655
710,112668
711,75306
712,69665
713,73603
714,78074
715,80362
716,69542
717,73431
718,84279
719,63634
720,212219
721,66939
722,73547
723,59216
724,65801
725,92977
726,59305
727,78546
728,67800
729,61268
730,111510
731,63496
732,74812
733,63421
734,64151
735,70507
736,57999
737,134233
738,54853
739,54604
740,111264
741,59373
742,58162
743,56853
744,65061
745,77682
746,55759
747,105418
748,61158
749,62966
750,600982
751,61648
752,60450
753,59129
754,62739
755,97770
756,57126
757,75978
758,53276
759,51515
760,120631
761,55689
762,57124
763,57179
764,55477
765,76421
766,55307
767,77637
768,115013
769,54687
770,113871
771,56977
772,60054
773,65166
774,56432
775,92160
776,58797
777,183378
778,58232
779,52464
780,118954
781,62388
782,55306
783,53252
784,63511
785,69586
786,59950
787,99134
788,54903
789,69370
790,81132
791,50822
792,57622
793,50799
794,51387
795,67542
796,50512
797,52741
798,51050
799,81343
800,2149149
801,98492
802,231868
803,68091
804,68478
805,80096
806,60694
807,57550
808,103597
809,55844
810,105343
811,63953
812,70202
813,64079
814,60981
815,76002
816,63696
817,60325
818,64841
819,51997
820,108419
821,59739
822,58384
823,54870
824,56627
825,84279
826,54910
827,53053
828,65274
829,55029
830,100047
831,58193
832,63039
833,77938
834,51220
835,66027
836,51661
837,51676
838,50724
839,49827
840,117271
841,55017
842,53671
843,63701
844,78965
845,93271
846,52582
847,64629
848,55247
849,51667
850,285280
851,51649
852,59388
853,52550
854,53062
855,105172
856,59210
857,52923
858,59468
859,53840
860,100985
861,50806
862,49967
863,54153
864,63593
865,68060
866,133468
867,51417
868,52521
869,47891
870,97949
871,54390
872,51444
873,49551
874,48493
875,110238
876,52555
877,124654
878,47163
879,47323
880,103720
881,47524
882,49492
883,52609
884,46705
885,61172
886,52053
887,50418
888,254746
889,50445
890,75181
891,49136
892,47801
893,49528
894,44613
895,62392
896,52717
897,46791
898,47809
899,67394
900,954323
901,80806
902,63920
903,56740
904,62876
905,73564
906,56283
907,60831
908,58636
909,63309
910,85122
911,403717
912,64438
913,53742
914,60372
915,63193
916,64980
917,61836
918,60665
919,67179
920,117949
921,51667
922,56197
923,50703
924,56236
925,91747
926,48154
927,47207
928,60213
929,51698
930,88491
931,49473
932,48276
933,50570
934,46166
935,57405
936,50682
937,54422
938,46700
939,49266
940,83534
941,56589
942,47093
943,45645
944,53993
945,58728
946,45445
947,45325
948,43922
949,59683
950,192682
951,53576
952,51581
953,46194
954,56066
955,53814
956,47391
957,45319
958,41913
959,46086
960,124612
961,46281
962,48272
963,47040
964,46738
965,55432
966,46349
967,45807
968,47302
969,47358
970,96843
971,51246
972,60840
973,58816
974,46355
975,70944
976,48105
977,46870
978,200477
979,44931
980,102782
981,46305
982,44448
983,43745
984,46516
985,57801
986,44789
987,51052
988,50448
989,50950
990,135394
991,53853
992,52521
993,51540
994,46808
995,101231
996,59504
997,62102
998,63989
999,419773
1000,2845463
1001,128906
1002,98788
1003,39654
1004,34335
1005,35532
1006,34063
1007,114473
1008,30880
1009,25970
1010,70477
1011,41093
1012,34489
1013,28410
1014,28070
1015,33432
1016,219190
1017,33183
1018,26738
1019,22794
1020,53865
1021,42932
1022,25101
1023,42998
1024,413512
1025,30927
1026,22002
1027,21268
1028,20466
1029,32814
1030,41998
1031,39046
1032,21044
1033,25706
1034,19053
1035,23476
1036,17997
1037,23696
1038,78031
1039,21064
1040,59071
1041,19751
1042,21516
1043,18400
1044,20857
1045,24326
1046,24196
1047,17619
1048,19705
1049,19263
1050,71305
1051,21299
1052,19913
1053,22043
1054,22336
1055,25426
1056,26369
1057,18371
1058,16857
1059,17008
1060,45185
1061,18283
1062,17865
1063,22930
1064,25326
1065,21376
1066,36074
1067,19748
1068,19258
1069,16686
1070,46205
1071,18615
1072,22577
1073,32244
1074,24402
1075,21060
1076,16859
1077,22433
1078,17522
1079,17695
1080,177777
1081,18416
1082,16994
1083,19237
1084,18364
1085,21476
1086,31648
1087,17309
1088,33512
1089,22638
1090,28699
1091,17014
1092,17330
1093,54459
1094,17604
1095,28267
1096,19282
1097,38301
1098,27199
1099,73010
1100,194256
1101,50839
1102,24642
1103,31618
1104,22222
1105,24537
1106,19442
1107,21034
1108,21336
1109,39592
1110,35688
1111,126737
1112,22645
1113,19893
1114,18115
1115,24295
1116,18190
1117,19398
1118,18601
1119,17163
1120,33553
1121,19174
1122,22222
1123,18945
1124,17603
1125,24701
1126,27967
1127,17290
1128,29865
1129,15787
1130,30509
1131,16970
1132,16497
1133,16669
1134,15492
1135,18254
1136,29146
1137,18366
1138,16472
1139,15461
1140,24903
1141,15432
1142,18397
1143,15320
1144,15975
1145,46130
1146,19065
1147,14941
1148,14684
1149,17277
1150,43110
1151,18051
1152,24201
1153,15278
1154,14522
1155,27503
1156,15408
1157,14897
1158,18501
1159,18123
1160,22011
1161,19851
1162,15544
1163,14581
1164,14720
1165,15322
1166,14247
1167,17758
1168,13268
1169,14067
1170,25104
1171,15578
1172,18109
1173,15420
1174,13333
1175,22261
1176,17313
1177,34870
1178,13069
1179,15140
1180,22197
1181,14742
1182,16641
1183,14106
1184,14158
1185,17979
1186,54960
1187,14928
1188,15496
1189,15799
1190,20657
1191,15181
1192,17489
1193,13644
1194,16208
1195,15008
1196,13455
1197,14305
1198,15592
1199,23353
1200,431002
1201,28512
1202,25784
1203,19088
1204,23403
1205,19994
1206,21061
1207,18755
1208,17838
1209,17128
1210,28759
1211,19981
1212,28911
1213,19260
1214,18280
1215,26158
1216,19137
1217,15219
1218,15634
1219,15950
1220,28086
1221,19089
1222,21110
1223,20360
1224,17597
1225,24246
1226,16186
1227,17017
1228,15227
1229,15472
1230,29628
1231,18815
1232,17356
1233,15525
1234,137953
1235,20202
1236,15665
1237,14600
1238,14002
1239,14229
1240,26528
1241,16162
1242,18574
1243,15805
1244,17159
1245,20192
1246,15374
1247,13577
1248,16147
1249,15035
1250,73343
1251,17160
1252,27598
1253,16379
1254,16687
1255,16514
1256,16659
1257,15591
1258,16140
1259,14916
1260,32131
1261,14840
1262,12450
1263,13530
1264,13438
1265,15461
1266,13642
1267,13726
1268,13437
1269,11926
1270,22770
1271,15422
1272,14972
1273,21830
1274,16391
1275,20688
1276,13433
1277,13597
1278,13852
1279,16589
1280,75505
1281,13429
1282,14033
1283,14170
1284,15144
1285,15693
1286,12132
1287,13136
1288,12951
1289,13128
1290,22817
1291,17389
1292,15147
1293,13079
1294,13209
1295,17742
1296,19192
1297,13611
1298,13597
1299,18022
1300,204546
1301,49330
1302,19820
1303,18269
1304,17492
1305,19218
1306,16530
1307,34928
1308,16211
1309,16090
1310,24460
1311,16875
1312,17577
1313,20116
1314,16609
1315,18039
1316,14850
1317,14651
1318,13433
1319,13364
1320,27936
1321,15955
1322,14763
1323,15425
1324,15624
1325,24283
1326,15547
1327,16288
1328,14041
1329,13509
1330,25616
1331,16822
1332,19819
1333,22732
1334,15102
1335,15844
1336,13741
1337,35489
1338,13499
1339,12639
1340,22068
1341,14234
1342,14120
1343,14578
1344,20505
1345,16834
1346,14376
1347,14364
1348,15849
1349,15210
1350,45226
1351,14602
1352,12375
1353,14345
1354,12336
1355,14180
1356,13242
1357,13381
1358,12101
1359,12170
1360,21218
1361,14077
1362,12220
1363,12728
1364,14703
1365,25905
1366,23325
1367,14253
1368,17297
1369,12372
1370,18740
1371,57344
1372,14327
1373,13620
1374,11749
1375,15977
1376,12296
1377,15115
1378,13388
1379,12085
1380,20468
1381,13553
1382,13475
1383,13156
1384,12605
1385,14948
1386,13852
1387,12568
1388,12481
1389,13378
1390,16691
1391,12827
1392,15778
1393,11951
1394,18583
1395,14509
1396,12505
1397,13257
1398,12898
1399,17390
1400,180593
1401,22579
1402,17422
1403,16004
1404,18656
1405,18612
1406,15295
1407,14393
1408,16426
1409,13777
1410,22516
1411,15313
1412,14776
1413,13079
1414,16458
1415,22419
1416,14603
1417,12946
1418,12939
1419,12623
1420,24961
1421,13893
1422,15244
1423,14922
1424,14073
1425,17383
1426,11293
1427,12429
1428,13128
1429,14101
1430,23586
1431,14636
1432,14461
1433,19702
1434,13538
1435,17572
1436,12902
1437,12812
1438,13211
1439,13244
1440,60938
1441,19665
1442,13609
1443,12554
1444,14837
1445,15038
1446,12703
1447,12012
1448,11409
1449,12002
1450,44468
1451,13632
1452,14724
1453,20018
1454,11329
1455,17820
1456,12801
1457,11500
1458,11868
1459,12015
1460,21509
1461,15038
1462,12642
1463,12292
1464,12348
1465,12328
1466,11687
1467,13439
1468,12418
1469,14707
1470,18454
1471,24475
1472,15527
1473,14195
1474,11945
1475,18319
1476,13367
1477,13490
1478,12224
1479,11887
1480,21306
1481,11473
1482,13793
1483,18129
1484,12919
1485,16970
1486,11889
1487,11200
1488,12636
1489,11299
1490,17276
1491,13732
1492,31031
1493,15130
1494,15221
1495,15160
1496,10890
1497,13388
1498,13584
1499,18522
1500,582330
1501,25512
1502,21065
1503,18595
1504,17805
1505,18429
1506,17452
1507,15152
1508,15361
1509,17698
1510,23471
1511,19141
1512,18385
1513,16417
1514,14441
1515,23677
1516,17631
1517,18609
1518,18595
1519,18705
1520,39398
1521,23909
1522,16893
1523,16952
1524,17391
1525,22529
1526,16593
1527,16522
1528,15373
1529,15366
1530,28764
1531,14782
1532,15896
1533,16335
1534,16463
1535,21703
1536,32236
1537,14608
1538,17599
1539,16285
1540,28392
1541,17714
1542,18097
1543,16350
1544,13481
1545,18447
1546,14575
1547,17334
1548,15317
1549,16431
1550,44422
1551,16056
1552,15588
1553,17568
1554,13822
1555,19763
1556,15420
1557,15806
1558,18080
1559,19665
1560,25187
1561,14580
1562,15972
1563,15505
1564,18103
1565,17944
1566,14776
1567,14407
1568,15332
1569,14542
1570,21833
1571,16556
1572,17008
1573,14976
1574,13149
1575,18756
1576,14525
1577,14768
1578,13534
1579,13241
1580,23210
1581,14333
1582,17990
1583,14738
1584,15536
1585,16950
1586,15223
1587,15429
1588,18785
1589,14036
1590,24018
1591,18180
1592,17317
1593,14985
1594,15319
1595,16499
1596,16086
1597,15197
1598,18494
1599,20103
1600,262877
1601,26415
1602,22392
1603,33742
1604,25401
1605,24571
1606,22078
1607,26119
1608,21625
1609,24325
1610,31497
1611,25294
1612,21159
1613,18016
1614,17304
1615,19394
1616,22267
1617,17051
1618,19196
1619,23933
1620,34634
1621,20836
1622,18059
1623,20001
1624,17748
1625,24470
1626,17001
1627,15848
1628,18322
1629,16863
1630,30815
1631,17175
1632,20151
1633,18658
1634,19185
1635,21035
1636,18511
1637,18456
1638,20559
1639,17882
1640,54760
1641,19687
1642,25371
1643,18765
1644,25351
1645,19791
1646,22710
1647,16125
1648,23576
1649,20097
1650,57747
1651,18836
1652,17881
1653,17066
1654,17527
1655,18514
1656,18451
1657,15941
1658,16845
1659,16232
1660,44326
1661,19656
1662,20032
1663,17719
1664,19632
1665,21831
1666,22805
1667,21506
1668,16706
1669,15913
1670,24510
1671,15252
1672,18469
1673,16069
1674,15976
1675,21140
1676,16364
1677,15703
1678,16359
1679,15689
1680,33135
1681,17287
1682,17453
1683,18544
1684,16448
1685,22772
1686,16071
1687,16997
1688,25151
1689,23845
1690,25217
1691,16067
1692,20983
1693,15902
1694,16717
1695,18200
1696,16586
1697,17044
1698,16077
1699,19283
1700,159278
1701,31049
1702,23035
1703,23951
1704,22089
1705,20649
1706,21618
1707,25795
1708,21459
1709,24840
1710,29274
1711,23013
1712,20275
1713,19158
1714,21120
1715,25900
1716,18756
1717,22459
1718,20456
1719,18030
1720,31872
1721,19573
1722,21645
1723,20417
1724,18962
1725,23019
1726,18296
1727,21133
1728,23935
1729,19028
1730,30300
1731,18550
1732,21126
1733,21296
1734,21044
1735,22103
1736,19466
1737,20282
1738,20212
1739,19136
1740,31832
1741,21345
1742,21492
1743,22108
1744,20798
1745,27366
1746,22042
1747,20417
1748,23565
1749,22599
1750,68731
1751,21795
1752,25314
1753,24631
1754,24462
1755,31539
1756,25404
1757,26988
1758,29502
1759,26105
1760,37856
1761,22378
1762,24379
1763,31379
1764,25713
1765,28911
1766,25644
1767,25022
1768,26626
1769,28531
1770,43186
1771,26278
1772,30064
1773,28643
1774,34658
1775,54299
1776,79173
1777,41231
1778,35227
1779,30862
1780,48308
1781,35275
1782,35786
1783,42424
1784,35425
1785,35700
1786,32226
1787,46604
1788,43296
1789,67888
1790,59498
1791,45192
1792,52665
1793,47070
1794,41867
1795,44274
1796,41886
1797,40891
1798,47695
1799,45550
1800,359520
1801,55305
1802,47278
1803,60020
1804,52464
1805,49942
1806,51765
1807,45688
1808,46968
1809,57649
1810,61902
1811,47931
1812,99202
1813,49788
1814,55308
1815,72812
1816,49983
1817,49116
1818,55489
1819,54000
1820,82200
1821,59324
1822,50723
1823,48052
1824,56338
1825,61855
1826,50163
1827,50232
1828,55307
1829,54166
1830,102811
1831,61370
1832,69529
1833,62288
1834,63202
1835,70419
1836,72837
1837,76999
1838,66348
1839,69204
1840,111059
1841,73449
1842,70200
1843,69735
1844,72837
1845,80485
1846,78815
1847,79362
1848,104500
1849,81817
1850,164774
1851,96924
1852,79264
1853,78427
1854,87641
1855,88155
1856,86965
1857,95893
1858,88352
1859,93602
1860,158490
1861,146307
1862,131348
1863,128513
1864,132832
1865,151056
1866,98621
1867,105467
1868,103764
1869,98130
1870,154828
1871,114411
1872,104002
1873,97649
1874,95314
1875,115948
1876,107173
1877,97281
1878,99756
1879,102079
1880,173830
1881,122006
1882,120235
1883,113611
1884,112503
1885,121988
1886,119044
1887,117883
1888,126887
1889,128189
1890,180330
1891,129761
1892,126910
1893,129393
1894,121090
1895,144005
1896,136932
1897,129684
1898,143338
1899,143240
1900,400925
1901,194496
1902,158774
1903,170233
1904,166855
1905,188492
1906,175648
1907,168627
1908,187073
1909,176734
1910,254175
1911,244302
1912,219417
1913,207548
1914,287220
1915,231345
1916,224716
1917,276486
1918,302648
1919,246825
1920,416318
1921,205041
1922,212047
1923,202574
1924,200459
1925,215880
1926,208719
1927,210098
1928,219293
1929,255893
1930,346151
1931,212603
1932,226697
1933,278567
1934,244580
1935,250863
1936,265641
1937,259892
1938,274747
1939,349565
1940,410287
1941,330589
1942,323347
1943,294715
1944,338978
1945,480566
1946,312531
1947,341725
1948,377229
1949,321222
1950,519375
1951,291783
1952,310923
1953,320683
1954,331230
1955,343320
1956,359200
1957,359593
1958,361203
1959,374775
1960,603488
1961,415992
1962,442898
1963,457687
1964,512985
1965,523047
1966,494703
1967,575266
1968,614833
1969,608916
1970,844254
1971,592746
1972,641899
1973,639478
1974,627726
1975,678982
1976,668684
1977,650905
1978,697321
1979,759715
1980,1022733
1981,739313
1982,791824
1983,809098
1984,923870
1985,909728
1986,961931
1987,950764
1988,1024927
1989,1138269
1990,1458112
1991,1253892
1992,1364533
1993,1379814
1994,1522487
1995,1656886
1996,1775151
1997,1865649
1998,2056174
1999,2433086
2000,4162211
2001,2931877
2002,2916191
2003,3313965
2004,3600457
2005,4083997
2006,4570834
2007,5456770
2008,6621801
2009,6236940
2010,7265160
2011,7284565
2012,8339780
2013,8371652
2014,8447916
2015,8640897
2016,9350586
2017,9731667
2018,10235209
2019,9618281
2020,9984688
2021,6984492
2022,4325995
2023,806378
2024,274292
2025,301042
2026,118200
2027,85280
2028,67796
2029,37778
2030,373363
2031,31898
2032,28255
2033,21220
2034,15717
2035,52331
2036,17391
2037,13231
2038,14255
2039,11351
2040,69243
2041,14269
2042,18318
2043,9719
2044,10243
2045,23423
2046,11367
2047,15427
2048,120539
2049,22881
2050,192051
2051,9869
2052,10740
2053,7989
2054,7787
2055,11089
2056,8945
2057,7156
2058,8716
2059,7336
2060,33727
2061,9065
2062,7444
2063,10232
2064,8003
2065,9271
2066,7585
2067,7456
2068,7443
2069,7332
2070,27698
2071,8874
2072,8152
2073,7354
2074,8500
2075,9705
2076,8136
2077,34244
2078,7091
2079,6896
2080,33714
2081,7355
2082,6031
2083,6969
2084,7195
2085,7093
2086,5981
2087,6343
2088,6871
2089,6183
2090,10119
2091,6107
2092,6019
2093,5990
2094,6028
2095,7193
2096,6379
2097,6703
2098,5822
2099,15406
2100,118607
2101,13755
2102,11949
2103,11177
2104,11151
2105,16161
2106,11206
2107,9380
2108,10011
2109,9123
2110,39509
2111,31449
2112,16506
2113,9672
2114,9056
2115,10461
2116,8746
2117,7324
2118,9207
2119,7886
2120,12603
2121,13998
2122,9334
2123,7645
2124,6864
2125,9359
2126,7277
2127,6187
2128,6592
2129,6171
2130,11932
2131,7845
2132,6593
2133,10332
2134,7850
2135,7409
2136,6693
2137,8602
2138,8501
2139,10552
2140,11215
2141,8025
2142,8923
2143,7331
2144,6436
2145,7747
2146,6150
2147,7470
2148,6897
2149,6017
2150,16648
2151,7415
2152,6440
2153,6121
2154,6743
2155,8716
2156,6203
2157,6111
2158,5610
2159,5680
2160,25009
2161,6396
2162,5616
2163,5820
2164,6979
2165,7204
2166,6380
2167,5766
2168,5431
2169,5704
2170,8293
2171,6170
2172,6190
2173,5397
2174,7234
2175,7539
2176,5900
2177,5362
2178,5532
2179,5252
2180,8420
2181,14276
2182,5821
2183,5607
2184,5290
2185,5529
2186,5042
2187,6183
2188,5299
2189,4899
2190,7339
2191,6518
2192,5887
2193,5935
2194,5225
2195,6586
2196,6722
2197,5731
2198,5039
2199,8315
2200,87588
2201,16649
2202,13823
2203,11658
2204,10044
2205,13334
2206,8014
2207,6873
2208,7536
2209,6630
2210,11298
2211,9510
2212,12106
2213,6396
2214,6746
2215,10476
2216,7174
2217,7006
2218,6422
2219,6233
2220,10928
2221,8226
2222,29048
2223,8117
2224,7896
2225,9498
2226,6087
2227,6428
2228,6513
2229,6446
2230,10577
2231,7882
2232,6552
2233,8160
2234,6215
2235,6547
2236,6600
2237,6218
2238,5293
2239,5361
2240,10573
2241,7609
2242,6579
2243,6557
2244,8359
2245,7028
2246,5865
2247,5446
2248,5598
2249,5841
2250,21323
2251,7069
2252,6305
2253,6763
2254,11667
2255,13962
2256,6112
2257,6944
2258,5134
2259,5647
2260,8294
2261,6695
2262,5501
2263,5286
2264,6277
2265,6481
2266,5914
2267,5983
2268,5604
2269,5019
2270,6922
2271,5189
2272,6424
2273,6662
2274,4990
2275,6335
2276,5175
2277,6557
2278,5852
2279,4764
2280,10473
2281,6920
2282,5344
2283,5455
2284,5208
2285,5594
2286,5279
2287,5852
2288,6097
2289,4912
2290,7771
2291,5034
2292,5060
2293,4993
2294,4734
2295,5786
2296,5169
2297,4678
2298,5101
2299,6176
2300,67972
2301,10029
2302,7129
2303,6728
2304,10585
2305,7918
2306,5913
2307,13867
2308,6517
2309,5742
2310,9975
2311,9099
2312,8370
2313,6437
2314,6428
2315,6973
2316,5881
2317,6927
2318,5394
2319,6841
2320,9763
2321,6543
2322,6739
2323,9220
2324,6718
2325,7249
2326,6040
2327,5560
2328,5379
2329,5097
2330,8925
2331,6067
2332,6017
2333,8066
2334,6949
2335,5641
2336,5526
2337,7575
2338,4883
2339,5516
2340,17871
2341,6292
2342,6334
2343,5737
2344,6388
2345,16216
2346,5412
2347,6135
2348,5495
2349,5423
2350,12746
2351,5594
2352,6192
2353,5353
2354,5173
2355,6024
2356,5836
2357,6268
2358,4933
2359,6752
2360,7343
2361,5339
2362,5126
2363,5085
2364,5249
2365,5329
2366,5811
2367,5481
2368,6025
2369,5183
2370,6519
2371,5371
2372,5420
2373,5187
2374,4907
2375,8313
2376,6631
2377,5439
2378,4935
2379,9305
2380,9928
2381,5969
2382,4733
2383,5259
2384,4790
2385,5273
2386,4592
2387,4623
2388,5045
2389,4436
2390,5594
2391,5540
2392,5461
2393,4730
2394,4739
2395,5515
2396,4968
2397,4612
2398,4413
2399,5908
2400,98223
2401,10157
2402,6823
2403,7410
2404,6222
2405,6395
2406,5345
2407,5870
2408,6003
2409,5330
2410,7928
2411,5850
2412,8367
2413,5536
2414,5744
2415,6231
2416,5006
2417,5046
2418,4930
2419,5430
2420,8379
2421,5365
2422,6435
2423,5417
2424,8048
2425,7207
2426,5113
2427,5316
2428,4930
2429,4888
2430,6898
2431,5617
2432,5405
2433,5363
2434,4983
2435,5276
2436,5397
2437,4854
2438,5081
2439,4622
2440,8047
2441,5354
2442,5587
2443,4965
2444,5414
2445,5406
2446,4964
2447,5012
2448,6988
2449,5108
2450,13089
2451,5916
2452,5166
2453,4907
2454,6022
2455,6251
2456,5415
2457,5130
2458,5747
2459,4531
2460,8633
2461,4899
2462,4860
2463,4378
2464,4987
2465,5345
2466,4852
2467,4698
2468,5763
2469,4540
2470,6089
2471,5292
2472,5332
2473,4509
2474,5092
2475,6011
2476,5639
2477,5422
2478,5545
2479,4319
2480,7146
2481,4934
2482,4625
2483,4499
2484,4333
2485,4850
2486,4477
2487,4449
2488,4688
2489,4973
2490,5974
2491,4472
2492,4428
2493,4420
2494,4661
2495,5731
2496,5141
2497,4537
2498,4426
2499,7666
2500,275139
2501,9608
2502,6112
2503,6017
2504,5379
2505,6305
2506,5424
2507,5284
2508,5250
2509,5153
2510,9185
2511,6313
2512,5452
2513,5757
2514,5250
2515,6002
2516,5177
2517,4840
2518,5523
2519,5406
2520,18188
2521,5901
2522,6742
2523,5103
2524,5306
2525,11515
2526,6129
2527,5371
2528,5038
2529,5397
2530,6945
2531,5236
2532,6461
2533,4807
2534,4435
2535,5757
2536,5259
2537,4778
2538,4673
2539,4668
2540,7456
2541,5023
2542,4630
2543,4723
2544,4907
2545,5218
2546,4453
2547,4573
2548,5188
2549,4497
2550,12801
2551,6323
2552,5875
2553,5606
2554,5078
2555,7087
2556,4857
2557,5074
2558,4780
2559,5285
2560,29130
2561,5173
2562,5362
2563,5291
2564,5133
2565,5076
2566,4448
2567,4763
2568,4461
2569,3838
2570,5681
2571,4305
2572,4112
2573,4101
2574,10885
2575,5687
2576,4326
2577,4595
2578,4447
2579,4339
2580,6668
2581,5128
2582,4615
2583,4754
2584,4710
2585,4532
2586,4357
2587,4169
2588,4754
2589,4247
2590,5690
2591,4479
2592,6349
2593,4286
2594,3955
2595,4932
2596,4652
2597,4406
2598,3883
2599,4714
2600,83444
2601,8698
2602,5318
2603,5248
2604,5174
2605,5519
2606,6808
2607,5176
2608,4767
2609,4963
2610,8346
2611,5660
2612,5146
2613,4451
2614,4434
2615,5301
2616,6356
2617,4826
2618,4648
2619,4390
2620,7959
2621,4863
2622,5152
2623,5438
2624,4318
2625,6373
2626,5930
2627,5082
2628,5069
2629,4041
2630,7094
2631,4564
2632,4631
2633,4522
2634,4169
2635,5137
2636,4176
2637,4463
2638,4012
2639,4662
2640,10057
2641,4440
2642,6996
2643,4305
2644,3983
2645,4655
2646,4601
2647,4065
2648,4547
2649,3907
2650,11768
2651,4549
2652,4280
2653,4216
2654,3837
2655,5065
2656,4584
2657,4008
2658,3778
2659,3655
2660,6235
2661,4894
2662,4147
2663,4506
2664,4636
2665,5278
2666,9053
2667,5663
2668,4035
2669,3945
2670,5782
2671,4407
2672,4533
2673,4870
2674,4172
2675,4722
2676,3869
2677,4773
2678,3980
2679,3868
2680,6571
2681,4101
2682,3886
2683,4018
2684,3709
2685,3987
2686,4146
2687,3642
2688,5320
2689,3700
2690,5700
2691,4124
2692,4150
2693,4342
2694,3821
2695,5223
2696,3954
2697,4331
2698,4031
2699,5541
2700,51841
2701,7835
2702,5395
2703,5464
2704,5924
2705,5479
2706,4527
2707,5043
2708,5240
2709,4746
2710,7118
2711,5730
2712,4965
2713,4709
2714,4548
2715,4867
2716,4757
2717,4388
2718,4152
2719,4317
2720,8071
2721,4969
2722,4706
2723,4362
2724,4316
2725,4771
2726,4428
2727,6570
2728,4795
2729,4389
2730,6323
2731,4234
2732,4969
2733,4411
2734,3949
2735,4169
2736,5214
2737,4509
2738,4467
2739,4374
2740,5173
2741,4548
2742,3868
2743,4869
2744,4663
2745,4850
2746,4081
2747,4334
2748,3737
2749,3677
2750,13170
2751,4150
2752,3968
2753,4230
2754,3938
2755,4905
2756,3859
2757,4138
2758,3693
2759,3700
2760,6853
2761,3946
2762,3788
2763,3740
2764,4830
2765,4634
2766,3809
2767,4882
2768,4028
2769,3539
2770,5176
2771,3887
2772,4483
2773,3891
2774,4208
2775,5076
2776,3950
2777,5142
2778,4858
2779,3471
2780,5287
2781,4499
2782,4042
2783,3990
2784,3948
2785,4605
2786,3823
2787,6276
2788,4068
2789,4179
2790,4969
2791,3743
2792,3722
2793,3704
2794,3375
2795,4184
2796,4792
2797,3695
2798,3556
2799,4698
2800,56346
2801,7298
2802,5177
2803,4933
2804,4385
2805,4745
2806,3975
2807,4497
2808,5779
2809,4266
2810,5966
2811,5365
2812,4433
2813,4139
2814,4292
2815,4907
2816,4882
2817,4469
2818,4337
2819,3806
2820,6171
2821,4951
2822,5458
2823,3889
2824,6511
2825,5054
2826,3818
2827,6294
2828,5331
2829,4154
2830,5366
2831,4195
2832,4350
2833,4524
2834,3823
2835,5307
2836,5042
2837,3541
2838,4101
2839,3821
2840,7092
2841,4499
2842,3667
2843,3696
2844,3937
2845,4056
2846,3514
2847,4227
2848,4987
2849,3715
2850,9840
2851,4331
2852,4652
2853,3690
2854,3654
2855,4365
2856,3980
2857,4672
2858,3865
2859,3741
2860,5847
2861,3956
2862,3330
2863,3596
2864,3861
2865,4510
2866,8371
2867,3733
2868,3792
2869,3619
2870,4396
2871,3823
2872,3587
2873,3715
2874,3448
2875,5106
2876,3465
2877,3622
2878,3625
2879,3563
2880,11818
2881,3888
2882,4280
2883,4531
2884,3335
2885,5514
2886,3804
2887,3806
2888,5255
2889,3749
2890,5094
2891,5048
2892,4772
2893,3957
2894,3441
2895,4239
2896,3715
2897,3700
2898,3359
2899,4111
2900,31292
2901,6912
2902,4631
2903,5713
2904,4497
2905,4490
2906,4086
2907,4177
2908,4263
2909,4643
2910,6115
2911,5721
2912,4615
2913,4292
2914,4200
2915,4816
2916,4172
2917,4719
2918,4538
2919,4321
2920,8886
2921,4520
2922,4106
2923,4568
2924,4991
2925,5322
2926,3764
2927,3898
2928,3515
2929,6690
2930,5892
2931,3915
2932,3758
2933,5070
2934,3787
2935,3757
2936,4057
2937,3314
2938,3313
2939,3576
2940,5688
2941,4436
2942,3479
2943,3596
2944,3768
2945,3824
2946,3413
2947,3509
2948,3411
2949,3557
2950,9303
2951,4046
2952,3578
2953,3602
2954,3607
2955,4112
2956,3489
2957,3701
2958,4599
2959,3508
2960,7224
2961,3480
2962,3357
2963,3450
2964,3337
2965,3838
2966,3723
2967,3568
2968,3377
2969,3366
2970,4928
2971,3367
2972,3271
2973,3360
2974,3745
2975,4317
2976,4081
2977,3597
2978,3424
2979,3268
2980,4808
2981,3182
2982,3266
2983,3261
2984,3200
2985,3602
2986,2975
2987,4009
2988,3576
2989,3450
2990,5030
2991,3865
2992,4062
2993,3413
2994,3445
2995,4814
2996,3591
2997,4058
2998,4066
2999,9496
3000,672235
3001,26970
3002,11630
3003,11166
3004,8530
3005,7669
3006,7391
3007,5938
3008,11130
3009,6122
3010,11301
3011,6505
3012,6948
3013,5398
3014,5094
3015,6393
3016,5446
3017,4542
3018,5390
3019,5121
3020,10199
3021,5859
3022,4772
3023,4583
3024,7967
3025,6737
3026,4333
3027,4281
3028,4007
3029,4825
3030,14727
3031,5609
3032,4965
3033,5431
3034,4583
3035,5371
3036,4330
3037,3813
3038,4581
3039,4544
3040,8891
3041,4217
3042,4517
3043,4083
3044,4274
3045,5062
3046,3849
3047,3833
3048,6213
3049,4521
3050,14226
3051,4760
3052,5081
3053,4684
3054,3986
3055,5038
3056,4499
3057,4083
3058,3622
3059,3816
3060,17966
3061,3799
3062,3871
3063,3713
3064,3514
3065,4550
3066,4095
3067,4169
3068,3956
3069,3677
3070,17460
3071,4896
3072,11632
3073,3862
3074,3953
3075,4664
3076,4244
3077,4661
3078,3534
3079,4065
3080,26597
3081,4888
3082,3587
3083,3637
3084,3537
3085,4447
3086,3590
3087,3574
3088,4193
3089,3813
3090,17674
3091,3652
3092,3448
3093,3335
3094,3668
3095,4032
3096,4161
3097,3646
3098,3574
3099,4920
3100,38200
3101,9107
3102,5932
3103,4880
3104,5094
3105,5317
3106,4501
3107,4281
3108,4785
3109,7769
3110,7554
3111,7182
3112,5719
3113,4778
3114,5232
3115,6096
3116,4362
3117,4169
3118,3986
3119,3826
3120,8456
3121,7035
3122,4516
3123,4692
3124,4660
3125,27415
3126,4208
3127,4116
3128,7697
3129,3622
3130,6695
3131,6635
3132,4835
3133,4756
3134,3925
3135,5722
3136,4893
3137,4078
3138,4147
3139,3331
3140,5303
3141,5233
3142,5405
3143,3908
3144,4318
3145,5017
3146,3870
3147,3815
3148,3698
3149,3623
3150,9935
3151,4219
3152,3790
3153,3650
3154,3494
3155,4246
3156,4312
3157,4454
3158,3404
3159,4035
3160,5398
3161,4336
3162,3836
3163,4799
3164,3439
3165,3917
3166,11467
3167,4053
3168,4567
3169,3073
3170,4607
3171,4352
3172,3398
3173,3111
3174,3650
3175,4527
3176,3408
3177,3597
3178,3212
3179,3128
3180,4645
3181,3988
3182,3466
3183,3237
3184,3376
3185,3489
3186,3400
3187,3439
3188,3577
3189,3552
3190,4181
3191,3573
3192,3617
3193,3052
3194,4446
3195,3974
3196,3537
3197,3099
3198,3522
3199,3902
3200,78850
3201,9069
3202,5486
3203,4602
3204,4490
3205,5714
3206,4199
3207,4418
3208,4515
3209,3748
3210,7920
3211,6013
3212,4923
3213,4351
3214,4173
3215,4553
3216,4534
3217,3645
3218,3513
3219,3606
3220,6506
3221,4682
3222,4510
3223,4453
3224,4039
3225,4625
3226,3950
3227,3825
3228,3485
3229,3596
3230,5020
3231,4162
3232,9815
3233,5800
3234,3893
3235,4997
3236,3335
3237,3360
3238,3351
3239,4438
3240,6267
3241,3983
3242,3813
3243,3586
3244,3317
3245,4013
3246,3627
3247,3278
3248,3276
3249,3438
3250,10331
3251,4022
3252,3663
3253,3350
3254,3087
3255,4217
3256,3602
3257,3418
3258,3278
3259,3125
3260,5127
3261,3852
3262,3475
3263,3287
3264,5370
3265,3755
3266,3376
3267,3267
3268,3409
3269,3296
3270,6228
3271,3205
3272,3408
3273,2995
3274,3172
3275,3689
3276,3592
3277,3387
3278,3468
3279,3261
3280,5329
3281,3834
3282,4288
3283,3109
3284,3206
3285,3670
3286,3768
3287,3156
3288,3362
3289,3058
3290,4017
3291,2874
3292,3003
3293,3047
3294,3165
3295,3373
3296,3233
3297,2841
3298,2779
3299,4720
3300,40124
3301,8405
3302,4718
3303,5775
3304,4400
3305,4713
3306,35068
3307,5490
3308,4346
3309,4398
3310,12138
3311,5793
3312,4318
3313,4306
3314,3540
3315,4581
3316,3574
3317,3430
3318,3535
3319,3600
3320,5671
3321,4545
3322,5255
3323,3689
3324,4004
3325,5591
3326,3791
3327,3547
3328,4154
3329,3382
3330,6983
3331,4508
3332,4191
3333,32130
3334,4777
3335,4407
3336,3535
3337,4011
3338,3573
3339,5970
3340,5550
3341,3740
3342,3693
3343,3679
3344,4644
3345,4012
3346,3566
3347,3201
3348,3308
3349,2933
3350,9888
3351,3682
3352,3234
3353,3702
3354,4007
3355,4553
3356,3440
3357,3049
3358,3245
3359,4211
3360,6176
3361,3590
3362,3714
3363,3182
3364,3165
3365,3507
3366,5360
3367,3203
3368,3239
3369,3092
3370,4558
3371,3577
3372,3105
3373,3162
3374,3102
3375,5443
3376,3250
3377,3668
3378,3184
3379,3524
3380,4379
3381,3060
3382,3099
3383,2980
3384,3285
3385,3564
3386,4717
3387,2710
3388,3351
3389,19771
3390,19202
3391,3281
3392,3192
3393,3790
3394,3124
3395,3125
3396,4288
3397,3089
3398,2887
3399,4936
3400,34460
3401,7994
3402,9193
3403,6069
3404,4824
3405,4542
3406,4303
3407,4166
3408,3640
3409,3473
3410,4992
3411,4317
3412,5097
3413,3454
3414,3813
3415,3689
3416,3122
3417,3421
3418,2931
3419,2907
3420,5986
3421,3976
3422,3481
3423,4557
3424,3454
3425,3701
3426,3100
3427,3010
3428,3009
3429,3040
3430,4295
3431,3763
3432,3668
3433,3441
3434,4567
3435,4073
3436,3127
3437,2946
3438,3225
3439,3091
3440,6989
3441,3178
3442,3287
3443,3668
3444,4100
3445,3466
3446,3439
3447,2973
3448,3509
3449,3246
3450,8414
3451,3534
3452,3272
3453,3059
3454,3580
3455,3673
3456,11109
3457,3568
3458,2970
3459,2917
3460,4418
3461,3179
3462,5126
3463,3146
3464,3254
3465,3461
3466,3275
3467,3029
3468,3208
3469,2721
3470,4291
3471,4498
3472,2931
3473,2840
3474,3307
3475,3839
3476,3072
3477,3002
3478,4037
3479,2757
3480,4473
3481,2921
3482,2743
3483,2756
3484,2705
3485,3000
3486,2507
3487,2571
3488,3397
3489,2561
3490,4116
3491,2878
3492,2735
3493,2840
3494,2710
3495,3763
3496,2759
3497,3597
3498,2725
3499,3823
3500,131634
3501,6940
3502,4154
3503,3601
3504,3882
3505,4534
3506,3631
3507,3591
3508,3910
3509,3765
3510,5681
3511,4399
3512,3686
3513,3106
3514,3462
3515,3723
3516,4198
3517,3283
3518,2905
3519,3113
3520,7385
3521,4502
3522,3480
3523,3343
3524,3249
3525,4238
3526,3118
3527,3157
3528,3674
3529,3323
3530,4170
3531,3327
3532,3343
3533,3148
3534,2952
3535,5426
3536,3703
3537,3069
3538,4104
3539,2849
3540,5121
3541,3304
3542,3370
3543,3075
3544,3125
3545,3356
3546,2854
3547,2886
3548,3102
3549,2724
3550,8038
3551,3388
3552,3321
3553,6838
3554,2779
3555,4497
3556,3143
3557,2822
3558,2775
3559,2813
3560,5081
3561,3212
3562,2756
3563,2547
3564,2845
3565,3203
3566,2825
3567,2976
3568,3146
3569,2518
3570,4241
3571,3354
3572,2890
3573,2861
3574,2469
3575,3585
3576,2898
3577,2736
3578,3719
3579,3166
3580,3852
3581,2814
3582,3490
3583,3712
3584,4431
3585,3545
3586,2835
3587,2380
3588,4985
3589,2756
3590,4218
3591,2841
3592,3103
3593,3262
3594,2586
3595,3106
3596,2552
3597,2940
3598,2640
3599,4108
3600,125904
3601,5761
3602,3747
3603,4034
3604,4673
3605,3454
3606,3252
3607,3141
3608,3255
3609,3171
3610,5495
3611,3744
3612,3278
3613,3156
3614,2872
3615,3657
3616,3175
3617,2980
3618,2869
3619,2826
3620,4441
3621,3598
3622,3332
3623,2742
3624,3640
3625,3612
3626,4008
3627,3475
3628,3021
3629,2723
3630,5066
3631,3132
3632,3225
3633,3573
3634,3011
3635,3156
3636,4702
3637,3171
3638,3043
3639,3155
3640,4515
3641,3150
3642,2963
3643,2773
3644,2848
3645,3028
3646,2966
3647,3120
3648,3607
3649,2518
3650,9703
3651,3044
3652,2877
3653,2909
3654,2859
3655,3292
3656,2827
3657,2975
3658,3779
3659,2766
3660,4530
3661,2990
3662,2886
3663,3982
3664,2999
3665,2929
3666,3229
3667,3719
3668,3071
3669,2480
3670,3476
3671,3015
3672,2995
3673,2967
3674,2698
3675,3379
3676,3054
3677,2929
3678,2822
3679,2553
3680,4118
3681,2728
3682,2633
3683,3320
3684,2887
3685,2836
3686,3551
3687,2558
3688,2808
3689,2499
3690,3882
3691,2722
3692,2632
3693,2466
3694,2338
3695,2806
3696,3572
3697,2599
3698,2401
3699,2993
3700,28283
3701,5543
3702,3710
3703,3283
3704,3739
3705,3710
3706,3033
3707,2945
3708,3407
3709,2768
3710,4272
3711,4274
3712,3251
3713,3077
3714,3018
3715,3126
3716,2745
3717,3181
3718,2959
3719,3331
3720,4744
3721,3315
3722,2928
3723,2912
3724,3278
3725,3424
3726,2876
3727,4406
3728,3271
3729,5055
3730,5979
3731,3196
3732,3130
3733,4310
3734,2735
3735,3102
3736,2764
3737,4197
3738,3057
3739,3255
3740,3770
3741,2890
3742,3496
3743,3781
3744,3661
3745,4099
3746,2840
3747,3319
3748,3373
3749,3125
3750,12081
3751,3153
3752,3182
3753,2789
3754,3128
3755,4125
3756,2946
3757,2746
3758,3520
3759,2623
3760,4104
3761,2999
3762,3081
3763,2654
3764,2832
3765,2948
3766,2811
3767,3042
3768,2470
3769,2517
3770,7391
3771,2889
3772,3231
3773,3081
3774,2804
3775,3432
3776,3828
3777,3775
3778,2813
3779,2622
3780,4087
3781,2810
3782,2877
3783,2813
3784,2771
3785,2830
3786,2769
3787,2626
3788,2791
3789,2861
3790,7204
3791,3325
3792,2496
3793,2552
3794,2494
3795,2823
3796,2456
3797,2815
3798,2380
3799,3074
3800,33406
3801,5477
3802,3367
3803,3284
3804,2987
3805,3409
3806,2864
3807,2875
3808,3962
3809,4148
3810,4367
3811,3302
3812,3317
3813,3007
3814,2787
3815,3030
3816,2923
3817,2664
3818,2828
3819,2632
3820,4977
3821,3164
3822,2924
3823,2957
3824,3248
3825,3618
3826,2805
3827,2678
3828,2917
3829,2683
3830,3963
3831,2762
3832,2793
3833,3829
3834,2960
3835,3210
3836,2595
3837,2647
3838,4126
3839,3123
3840,16588
3841,3356
3842,3034
3843,2604
3844,3395
3845,3194
3846,2936
3847,3570
3848,2813
3849,2700
3850,7317
3851,2810
3852,2844
3853,2551
3854,2453
3855,3268
3856,2640
3857,6824
3858,2443
3859,2794
3860,3628
3861,2835
3862,2681
3863,2987
3864,2950
3865,3601
3866,2633
3867,2830
3868,2732
3869,2503
3870,4727
3871,2693
3872,6486
3873,2540
3874,2442
3875,3059
3876,2607
3877,2629
3878,2514
3879,2446
3880,4220
3881,2692
3882,2391
3883,2900
3884,2394
3885,2845
3886,2709
3887,2527
3888,5555
3889,2816
3890,3326
3891,2554
3892,3225
3893,2620
3894,2361
3895,2636
3896,2396
3897,2724
3898,2408
3899,2818
3900,22107
3901,4416
3902,3294
3903,3174
3904,4603
3905,3337
3906,4472
3907,2738
3908,3281
3909,3014
3910,3493
3911,3353
3912,3196
3913,3130
3914,2591
3915,3447
3916,2750
3917,2636
3918,2458
3919,2800
3920,4194
3921,3204
3922,3252
3923,2745
3924,2716
3925,3011
3926,2676
3927,4604
3928,3369
3929,2904
3930,3690
3931,2840
3932,2861
3933,3336
3934,19791
3935,2854
3936,2706
3937,3297
3938,2485
3939,3893
3940,4578
3941,2765
3942,2579
3943,2645
3944,2614
3945,5186
3946,2772
3947,2688
3948,2488
3949,2660
3950,5185
3951,2553
3952,3030
3953,2475
3954,2477
3955,2687
3956,2914
3957,2384
3958,2450
3959,3677
3960,4307
3961,2533
3962,3005
3963,2354
3964,2270
3965,2639
3966,2615
3967,2414
3968,3101
3969,3208
3970,3510
3971,2828
3972,2409
3973,2145
3974,2443
3975,2967
3976,2383
3977,2368
3978,2633
3979,2426
3980,3173
3981,2467
3982,2390
3983,2186
3984,2499
3985,2604
3986,4178
3987,4003
3988,2594
3989,2326
3990,3459
3991,2453
3992,2318
3993,2726
3994,2508
3995,3212
3996,2680
3997,2432
3998,2944
3999,6470
4000,407761
4001,14901
4002,7024
4003,5868
4004,8474
4005,5932
4006,5094
4007,4760
4008,5039
4009,4099
4010,7752
4011,5390
4012,4557
4013,4198
4014,4972
4015,4216
4016,4012
4017,4183
4018,4038
4019,3203
4020,7658
4021,3927
4022,4073
4023,3500
4024,3589
4025,4148
4026,3533
4027,3058
4028,3480
4029,3144
4030,5227
4031,4128
4032,6593
4033,14898
4034,3263
4035,3532
4036,2997
4037,3231
4038,3674
4039,3463
4040,9374
4041,3890
4042,3259
4043,3362
4044,4422
4045,3771
4046,3245
4047,3102
4048,3387
4049,4727
4050,8427
4051,4789
4052,3396
4053,3344
4054,3313
4055,3525
4056,3433
4057,2889
4058,3049
4059,2885
4060,5385
4061,3340
4062,3236
4063,3084
4064,3934
4065,3055
4066,3214
4067,3323
4068,2958
4069,3113
4070,5256
4071,2973
4072,3409
4073,2895
4074,2818
4075,3657
4076,2972
4077,3326
4078,2785
4079,2661
4080,8322
4081,2932
4082,2822
4083,2727
4084,2869
4085,3049
4086,2752
4087,2690
4088,3457
4089,2575
4090,8013
4091,2999
4092,3272
4093,2813
4094,3383
4095,10442
4096,110962
4097,4938
4098,3493
4099,3948
4100,25356
4101,6771
4102,5316
4103,8040
4104,4615
4105,3865
4106,3423
4107,3206
4108,3477
4109,3247
4110,5127
4111,5851
4112,4199
4113,3396
4114,3915
4115,3703
4116,3620
4117,2914
4118,3129
4119,2910
4120,4945
4121,4148
4122,4474
4123,4549
4124,3444
4125,4307
4126,2764
4127,3648
4128,4538
4129,3027
4130,8018
4131,3334
4132,3114
4133,3260
4134,2856
4135,7833
4136,2908
4137,2836
4138,2525
4139,2664
4140,7258
4141,5665
4142,4215
4143,3204
4144,3031
4145,3100
4146,2688
4147,3689
4148,2729
4149,2575
4150,7015
4151,4808
4152,2967
4153,2758
4154,2715
4155,3454
4156,2690
4157,2883
4158,2790
4159,3220
4160,6067
4161,4198
4162,2699
4163,3150
4164,2691
4165,3064
4166,3135
4167,3863
4168,2635
4169,2963
4170,3640
4171,3032
4172,4039
4173,2667
4174,2630
4175,3275
4176,2886
4177,2637
4178,2652
4179,2640
4180,4350
4181,3130
4182,2434
4183,3803
4184,2546
4185,2605
4186,2637
4187,2787
4188,2548
4189,2507
4190,3126
4191,3086
4192,2708
4193,2620
4194,2674
4195,2598
4196,2384
4197,2333
4198,2520
4199,3002
4200,43703
4201,5443
4202,4183
4203,3398
4204,3208
4205,3519
4206,2943
4207,3168
4208,3511
4209,2974
4210,5257
4211,4317
4212,3770
4213,3634
4214,3755
4215,3895
4216,3194
4217,5912
4218,3255
4219,2777
4220,4625
4221,3611
4222,5299
4223,3117
4224,3871
4225,4094
4226,3199
4227,4631
4228,3136
4229,3130
4230,4268
4231,5880
4232,3468
4233,3074
4234,2774
4235,2852
4236,7447
4237,2612
4238,2694
4239,2526
4240,5319
4241,2895
4242,7318
4243,3256
4244,4294
4245,3010
4246,2545
4247,3088
4248,2719
4249,2426
4250,7704
4251,3409
4252,2897
4253,2856
4254,2848
4255,3103
4256,2749
4257,2544
4258,3559
4259,2531
4260,4734
4261,3064
4262,2973
4263,2757
4264,2650
4265,2700
4266,3077
4267,3448
4268,2562
4269,3100
4270,3166
4271,5271
4272,2815
4273,3807
4274,2825
4275,3376
4276,2659
4277,2861
4278,2952
4279,2533
4280,4648
4281,2540
4282,3005
4283,2572
4284,2559
4285,3056
4286,2983
4287,2882
4288,2865
4289,2422
4290,3267
4291,2712
4292,2803
4293,2459
4294,2461
4295,2949
4296,2773
4297,2690
4298,2390
4299,2819
4300,22917
4301,5327
4302,3810
4303,3404
4304,3410
4305,3753
4306,3267
4307,3051
4308,2903
4309,2606
4310,4843
4311,3782
4312,4546
4313,2885
4314,3218
4315,3380
4316,2611
4317,3059
4318,2712
4319,3267
4320,6815
4321,10117
4322,4047
4323,3147
4324,4716
4325,3527
4326,20065
4327,2649
4328,2868
4329,2549
4330,4564
4331,3736
4332,3286
4333,4454
4334,3000
4335,3074
4336,2742
4337,2948
4338,2748
4339,2582
4340,5234
4341,2876
4342,2831
4343,4393
4344,3019
4345,3195
4346,2734
4347,2810
4348,2732
4349,2755
4350,6984
4351,2823
4352,3370
4353,2884
4354,2663
4355,3263
4356,3142
4357,6407
4358,2904
4359,2312
4360,4032
4361,2695
4362,2890
4363,3711
4364,2704
4365,2872
4366,2735
4367,2435
4368,3626
4369,2870
4370,3647
4371,2705
4372,2630
4373,2521
4374,2799
4375,10540
4376,2324
4377,2614
4378,2207
4379,2222
4380,3681
4381,2463
4382,2438
4383,2553
4384,2621
4385,2599
4386,2537
4387,2332
4388,3111
4389,3331
4390,3021
4391,2615
4392,2459
4393,2456
4394,2277
4395,2927
4396,2364
4397,2413
4398,2454
4399,3288
4400,28322
4401,5264
4402,3735
4403,2993
4404,3662
4405,3334
4406,3094
4407,2712
4408,2983
4409,2919
4410,4258
4411,4269
4412,3777
4413,2930
4414,3547
4415,3372
4416,3769
4417,2740
4418,3118
4419,3548
4420,4243
4421,3604
4422,4017
4423,3391
4424,2914
4425,3054
4426,2501
4427,2419
4428,2729
4429,2671
4430,5289
4431,2942
4432,2897
4433,3965
4434,3007
4435,3469
4436,2594
4437,2648
4438,2951
4439,2554
4440,4879
4441,3399
4442,2774
4443,4286
4444,20430
4445,4081
4446,2780
4447,2868
4448,3077
4449,3573
4450,5015
4451,3153
4452,2682
4453,3154
4454,2567
4455,4464
4456,2814
4457,2870
4458,2615
4459,2803
4460,4075
4461,2513
4462,3008
4463,2549
4464,2998
4465,3386
4466,3128
4467,2706
4468,2556
4469,2464
4470,3588
4471,3249
4472,4539
4473,5417
4474,2686
4475,2612
4476,2406
4477,3450
4478,2371
4479,2392
4480,3806
4481,2832
4482,2520
4483,2644
4484,2767
4485,3014
4486,2564
4487,2484
4488,3401
4489,2544
4490,3255
4491,2545
4492,2349
4493,2458
4494,2353
4495,2530
4496,2522
4497,2237
4498,2219
4499,3452
4500,77559
4501,5552
4502,6135
4503,4400
4504,2888
4505,4730
4506,4773
4507,2961
4508,2967
4509,3079
4510,4801
4511,4347
4512,3631
4513,2885
4514,2820
4515,3807
4516,2970
4517,2413
4518,2419
4519,2590
4520,4869
4521,3089
4522,3216
4523,3094
4524,2660
4525,3436
4526,2784
4527,2584
4528,2593
4529,2700
4530,3873
4531,2525
4532,3013
4533,2894
4534,2626
4535,2994
4536,2869
4537,2512
4538,2465
4539,2529
4540,3336
4541,2880
4542,2703
4543,2492
4544,3008
4545,5555
4546,2998
4547,2687
4548,2752
4549,2830
4550,5547
4551,3082
4552,2775
4553,2412
4554,3109
4555,3867
4556,2661
4557,2717
4558,2564
4559,2473
4560,4049
4561,2592
4562,3651
4563,2682
4564,2988
4565,3279
4566,3714
4567,11140
4568,2958
4569,3076
4570,3937
4571,2901
4572,2726
4573,2312
4574,2371
4575,3438
4576,2810
4577,2990
4578,2345
4579,2396
4580,2915
4581,2553
4582,2328
4583,2699
4584,2242
4585,2435
4586,2204
4587,2276
4588,2335
4589,2356
4590,3974
4591,2197
4592,2470
4593,2472
4594,2251
4595,2165
4596,2059
4597,2212
4598,2272
4599,2538
4600,22810
4601,4099
4602,2909
4603,2627
4604,2516
4605,2946
4606,3205
4607,2562
4608,4675
4609,3078
4610,4235
4611,2952
4612,2955
4613,2661
4614,3008
4615,3417
4616,2773
4617,2509
4618,2507
4619,2434
4620,3911
4621,2616
4622,2777
4623,2364
4624,3357
4625,3486
4626,2749
4627,2726
4628,2447
4629,2222
4630,3774
4631,2968
4632,2687
4633,2515
4634,3072
4635,2499
4636,5040
4637,2456
4638,2734
4639,2400
4640,3673
4641,2598
4642,2467
4643,2521
4644,2467
4645,2611
4646,3684
4647,2922
4648,3094
4649,2938
4650,5787
4651,3025
4652,2370
4653,2992
4654,2500
4655,2991
4656,2794
4657,2484
4658,2690
4659,2195
4660,3727
4661,2530
4662,2579
4663,2979
4664,3220
4665,2623
4666,2833
4667,3038
4668,2648
4669,2258
4670,3985
4671,2412
4672,2537
4673,4230
4674,2167
4675,2582
4676,2436
4677,2331
4678,2577
4679,2737
4680,5548
4681,2751
4682,2267
4683,2202
4684,2653
4685,2403
4686,3755
4687,2487
4688,4251
4689,2316
4690,3492
4691,2418
4692,2646
4693,2212
4694,2311
4695,2361
4696,2643
4697,2477
4698,2242
4699,2468
4700,20129
4701,3925
4702,2806
4703,2908
4704,3509
4705,2937
4706,2587
4707,2861
4708,2669
4709,2444
4710,3748
4711,6278
4712,3065
4713,2867
4714,2636
4715,3407
4716,2567
4717,2627
4718,2372
4719,2412
4720,3869
4721,2494
4722,2939
4723,3533
4724,2679
4725,3507
4726,2543
4727,2570
4728,2586
4729,2482
4730,3613
4731,2447
4732,2831
4733,2456
4734,2223
4735,2414
4736,2874
4737,2316
4738,2374
4739,2788
4740,3566
4741,2777
4742,2267
4743,2245
4744,2582
4745,2434
4746,2483
4747,3759
4748,2316
4749,2212
4750,5932
4751,2723
4752,2811
4753,2352
4754,2575
4755,3181
4756,2946
4757,2530
4758,2704
4759,2202
4760,3326
4761,2347
4762,2346
4763,2076
4764,2084
4765,2358
4766,2491
4767,2140
4768,2362
4769,2798
4770,4946
4771,2718
4772,2613
4773,2251
4774,2528
4775,2759
4776,2541
4777,3146
4778,2046
4779,2234
4780,2937
4781,2369
4782,2379
4783,2262
4784,2339
4785,2304
4786,2610
4787,2240
4788,2418
4789,2571
4790,3674
4791,2382
4792,2275
4793,2098
4794,2013
4795,2174
4796,2391
4797,2944
4798,2141
4799,2786
4800,37189
4801,4170
4802,3015
4803,2577
4804,2682
4805,3105
4806,2391
4807,2331
4808,2709
4809,8456
4810,4324
4811,3043
4812,2776
4813,2294
4814,2399
4815,2781
4816,2584
4817,2396
4818,2589
4819,3136
4820,3337
4821,2381
4822,3341
4823,2303
4824,2697
4825,2926
4826,2538
4827,2416
4828,2429
4829,1966
4830,9918
4831,2541
4832,2481
4833,2834
4834,2245
4835,2772
4836,2190
4837,2102
4838,2319
4839,2233
4840,3369
4841,2905
4842,2577
4843,2193
4844,2950
4845,2794
4846,2141
4847,2298
4848,3843
4849,2776
4850,6572
4851,2430
4852,2602
4853,2321
4854,2157
4855,2506
4856,2442
4857,2195
4858,2387
4859,2257
4860,3800
4861,3014
4862,2385
4863,2213
4864,2959
4865,2311
4866,2373
4867,2570
4868,3644
4869,2358
4870,5447
4871,2271
4872,2731
4873,2344
4874,2250
4875,2937
4876,2165
4877,2708
4878,2517
4879,2345
4880,3523
4881,2189
4882,2113
4883,2400
4884,2476
4885,2559
4886,2099
4887,2350
4888,2999
4889,2702
4890,3321
4891,2092
4892,2083
4893,1842
4894,1960
4895,2504
4896,2914
4897,2162
4898,2246
4899,2658
4900,15013
4901,3899
4902,2671
4903,2884
4904,2506
4905,2780
4906,2412
4907,2292
4908,2162
4909,2605
4910,3478
4911,3152
4912,2672
4913,2289
4914,2893
4915,3172
4916,2279
4917,2046
4918,2348
4919,2319
4920,3458
4921,2745
4922,2558
4923,2389
4924,2522
4925,2718
4926,2569
4927,2197
4928,2586
4929,2323
4930,2990
4931,2439
4932,2714
4933,2576
4934,2192
4935,2314
4936,2613
4937,2099
4938,2147
4939,2660
4940,3121
4941,2334
4942,2349
4943,2066
4944,2849
4945,3606
4946,2459
4947,2212
4948,2521
4949,3254
4950,5363
4951,2402
4952,2615
4953,2153
4954,2033
4955,2349
4956,2270
4957,2281
4958,2352
4959,3349
4960,3470
4961,2374
4962,2285
4963,2157
4964,2283
4965,2387
4966,2238
4967,2117
4968,2519
4969,2167
4970,2924
4971,2303
4972,2118
4973,2083
4974,2069
4975,3233
4976,2051
4977,2243
4978,2303
4979,2116
4980,3249
4981,2181
4982,2160
4983,2067
4984,2186
4985,2251
4986,2235
4987,1979
4988,2115
4989,2297
4990,3651
4991,2217
4992,2533
4993,2479
4994,2345
4995,3021
4996,3284
4997,2570
4998,2562
4999,7467
5000,644206
5001,19388
5002,7452
5003,5519
5004,4796
5005,8041
5006,4128
5007,8155
5008,6006
5009,3328
5010,8106
5011,4211
5012,3295
5013,3081
5014,2980
5015,4056
5016,2908
5017,3122
5018,3051
5019,2577
5020,5718
5021,3070
5022,3424
5023,3022
5024,2753
5025,3194
5026,2476
5027,2491
5028,2285
5029,2720
5030,4388
5031,2645
5032,2680
5033,2971
5034,2399
5035,2722
5036,2302
5037,2960
5038,2364
5039,3063
5040,6566
5041,3057
5042,2385
5043,2677
5044,3201
5045,2699
5046,2300
5047,2128
5048,2401
5049,2399
5050,14241
5051,3761
5052,4296
5053,2630
5054,2481
5055,4000
5056,2610
5057,2218
5058,2088
5059,2422
5060,6940
5061,4800
5062,2535
5063,2348
5064,2163
5065,2822
5066,2599
5067,2884
5068,2242
5069,2250
5070,3838
5071,2322
5072,2356
5073,2317
5074,2086
5075,3185
5076,2211
5077,2012
5078,2353
5079,2072
5080,4290
5081,2208
5082,2146
5083,3304
5084,2035
5085,2602
5086,2254
5087,1976
5088,2658
5089,2028
5090,2924
5091,2019
5092,2042
5093,1832
5094,1961
5095,2152
5096,2196
5097,1947
5098,2088
5099,2319
5100,24498
5101,5299
5102,3877
5103,3244
5104,2964
5105,8972
5106,2497
5107,2652
5108,2701
5109,2206
5110,4957
5111,4224
5112,2901
5113,2589
5114,3508
5115,2916
5116,2609
5117,2447
5118,2426
5119,2590
5120,8455
5121,3502
5122,2941
5123,2991
5124,2415
5125,3234
5126,2417
5127,2133
5128,3003
5129,2034
5130,3563
5131,2731
5132,2934
5133,2417
5134,2342
5135,2715
5136,2217
5137,2241
5138,1867
5139,2074
5140,3515
5141,2385
5142,2322
5143,1996
5144,2108
5145,2339
5146,2181
5147,1929
5148,2062
5149,2398
5150,11530
5151,4094
5152,2932
5153,2579
5154,2079
5155,2629
5156,2254
5157,2016
5158,1947
5159,2015
5160,4781
5161,2402
5162,2258
5163,1772
5164,2220
5165,2301
5166,2093
5167,2961
5168,2205
5169,2045
5170,3328
5171,2073
5172,2799
5173,1882
5174,1918
5175,2446
5176,2362
5177,1802
5178,1725
5179,1874
5180,2901
5181,1914
5182,2416
5183,1991
5184,2840
5185,2133
5186,1718
5187,1751
5188,2043
5189,1939
5190,2625
5191,2309
5192,1839
5193,2033
5194,11947
5195,2545
5196,1952
5197,1904
5198,1955
5199,2340
5200,31797
5201,4291
5202,2776
5203,2610
5204,3008
5205,2714
5206,2435
5207,2337
5208,2648
5209,2126
5210,4000
5211,3013
5212,2617
5213,2180
5214,2147
5215,2548
5216,2652
5217,3120
5218,2325
5219,1911
5220,4375
5221,2830
5222,4051
5223,2818
5224,2279
5225,3375
5226,2378
5227,2368
5228,2466
5229,2007
5230,4046
5231,2281
5232,2417
5233,2940
5234,2195
5235,2595
5236,2715
5237,2135
5238,1939
5239,1992
5240,3083
5241,2124
5242,2042
5243,2032
5244,2168
5245,2355
5246,2090
5247,2104
5248,2083
5249,1902
5250,8219
5251,2685
5252,3521
5253,2723
5254,2287
5255,3486
5256,2227
5257,2179
5258,2078
5259,1846
5260,2843
5261,2260
5262,2136
5263,2253
5264,1851
5265,1710
5266,2316
5267,1970
5268,1759
5269,1793
5270,2680
5271,2115
5272,2106
5273,2264
5274,1781
5275,2347
5276,1968
5277,2075
5278,1983
5279,2066
5280,7443
5281,9588
5282,1919
5283,2088
5284,2323
5285,2599
5286,1827
5287,1785
5288,2010
5289,1874
5290,2417
5291,2032
5292,2642
5293,1844
5294,1656
5295,1908
5296,2052
5297,1810
5298,1754
5299,2144
5300,20084
5301,4224
5302,3144
5303,2932
5304,2641
5305,2813
5306,2385
5307,2701
5308,2246
5309,3330
5310,4586
5311,2805
5312,2908
5313,2255
5314,1991
5315,2598
5316,2277
5317,2047
5318,2098
5319,1940
5320,3898
5321,2741
5322,2948
5323,2692
5324,2877
5325,2621
5326,1972
5327,2093
5328,2180
5329,2223
5330,3357
5331,2208
5332,2075
5333,3555
5334,2622
5335,2606
5336,2083
5337,2096
5338,1824
5339,1918
5340,2758
5341,2125
5342,2067
5343,2254
5344,2122
5345,2350
5346,2062
5347,2232
5348,2666
5349,1923
5350,3999
5351,2125
5352,2053
5353,3973
5354,2127
5355,2688
5356,2643
5357,1974
5358,1900
5359,2039
5360,2538
5361,1994
5362,1826
5363,2072
5364,2089
5365,1907
5366,1794
5367,2030
5368,1754
5369,1693
5370,2673
5371,1883
5372,1780
5373,2245
5374,1794
5375,2328
5376,3078
5377,1954
5378,1838
5379,1726
5380,2631
5381,2740
5382,1995
5383,1770
5384,1823
5385,2046
5386,1939
5387,2012
5388,1777
5389,1742
5390,2143
5391,2069
5392,1721
5393,1664
5394,1689
5395,2165
5396,1946
5397,1654
5398,2046
5399,1934
5400,26876
5401,4265
5402,2994
5403,2621
5404,2246
5405,3121
5406,3189
5407,2153
5408,2472
5409,2036
5410,3083
5411,2914
5412,2663
5413,2051
5414,2053
5415,2869
5416,2111
5417,2339
5418,2254
5419,1880
5420,3228
5421,2254
5422,2826
5423,2208
5424,2410
5425,2506
5426,1857
5427,1879
5428,2189
5429,1923
5430,3049
5431,2225
5432,25898
5433,3983
5434,2115
5435,2270
5436,1946
5437,2744
5438,2035
5439,2474
5440,3349
5441,2367
5442,2381
5443,2683
5444,2739
5445,2601
5446,2199
5447,2076
5448,2054
5449,2160
5450,4775
5451,2060
5452,2054
5453,2587
5454,3646
5455,2981
5456,2284
5457,2042
5458,1971
5459,1839
5460,2964
5461,3175
5462,1816
5463,2122
5464,2069
5465,2446
5466,2098
5467,1989
5468,2206
5469,2185
5470,2717
5471,2731
5472,4134
5473,1760
5474,1921
5475,2130
5476,1945
5477,1924
5478,1858
5479,2079
5480,2867
5481,2034
5482,1864
5483,1927
5484,2011
5485,2062
5486,1903
5487,1803
5488,2153
5489,1861
5490,2555
5491,2338
5492,1710
5493,1676
5494,1731
5495,2394
5496,1710
5497,1585
5498,2396
5499,2158
5500,55808
5501,3838
5502,2501
5503,2060
5504,2456
5505,3850
5506,2754
5507,2314
5508,3038
5509,2142
5510,4512
5511,3442
5512,3134
5513,2652
5514,2183
5515,3186
5516,2139
5517,2495
5518,2303
5519,1951
5520,4633
5521,2559
5522,2549
5523,3163
5524,2533
5525,3342
5526,2144
5527,2002
5528,1830
5529,1903
5530,3617
5531,2153
5532,2432
5533,2538
5534,2114
5535,2525
5536,2275
5537,2279
5538,2002
5539,2081
5540,3235
5541,2070
5542,2385
5543,1826
5544,2835
5545,2742
5546,1992
5547,2292
5548,3152
5549,1704
5550,5557
5551,2724
5552,2532
5553,2221
5554,3859
5555,22308
5556,3863
5557,2602
5558,2525
5559,2322
5560,3008
5561,1959
5562,1837
5563,1939
5564,1899
5565,2340
5566,2993
5567,2155
5568,2224
5569,1678
5570,3120
5571,1915
5572,1909
5573,1780
5574,1664
5575,2518
5576,1951
5577,2904
5578,1733
5579,1606
5580,2816
5581,1877
5582,1841
5583,1710
5584,2119
5585,2096
5586,1786
5587,1767
5588,2269
5589,1670
5590,2781
5591,1796
5592,1715
5593,1789
5594,1781
5595,2102
5596,1770
5597,1820
5598,1687
5599,2215
5600,24501
5601,5443
5602,2425
5603,3327
5604,2060
5605,2306
5606,2225
5607,2029
5608,1912
5609,2084
5610,4781
5611,2529
5612,2227
5613,1948
5614,1771
5615,2019
5616,2315
5617,1764
5618,1870
5619,1822
5620,2891
5621,2103
5622,1999
5623,2041
5624,1924
5625,11081
5626,2233
5627,1989
5628,1900
5629,1774
5630,2663
5631,2070
5632,2486
5633,1904
5634,1997
5635,2328
5636,1955
5637,2928
5638,1902
5639,1881
5640,2802
5641,2071
5642,1990
5643,1990
5644,1852
5645,2136
5646,2402
5647,1861
5648,1753
5649,1524
5650,4394
5651,2062
5652,2309
5653,1829
5654,1946
5655,2498
5656,3265
5657,2035
5658,1812
5659,1626
5660,2907
5661,2099
5662,2126
5663,1938
5664,2224
5665,2405
5666,2346
5667,2307
5668,1753
5669,1989
5670,3437
5671,2807
5672,7050
5673,1976
5674,1785
5675,2382
5676,2223
5677,1821
5678,11633
5679,1802
5680,2445
5681,2613
5682,1807
5683,2211
5684,2106
5685,1737
5686,1514
5687,2168
5688,1974
5689,1730
5690,1992
5691,1664
5692,1658
5693,1509
5694,1710
5695,2036
5696,1818
5697,1518
5698,1873
5699,1960
5700,22675
5701,5477
5702,2499
5703,2530
5704,1947
5705,2251
5706,1872
5707,2074
5708,2564
5709,2300
5710,2738
5711,3581
5712,2487
5713,2217
5714,2458
5715,2382
5716,1641
5717,2431
5718,2005
5719,2339
5720,2876
5721,2351
5722,2121
5723,1845
5724,2082
5725,2642
5726,1535
5727,2043
5728,2158
5729,1748
5730,4024
5731,1838
5732,1882
5733,2090
5734,2307
5735,2340
5736,1798
5737,1907
5738,1679
5739,1786
5740,2642
5741,2022
5742,1907
5743,1853
5744,2239
5745,2053
5746,1831
5747,1991
5748,1972
5749,1815
5750,5474
5751,2356
5752,1802
5753,2657
5754,2559
5755,2630
5756,1772
5757,2689
5758,1915
5759,1937
5760,5733
5761,1860
5762,1889
5763,1985
5764,1899
5765,2328
5766,2096
5767,2058
5768,2344
5769,2085
5770,4844
5771,2335
5772,4025
5773,2154
5774,2499
5775,3309
5776,2361
5777,3700
5778,2781
5779,2131
5780,3163
5781,2298
5782,2568
5783,1656
5784,1560
5785,1660
5786,1735
5787,1680
5788,1901
5789,1911
5790,2038
5791,1715
5792,1882
5793,2230
5794,1509
5795,1881
5796,1524
5797,1947
5798,1514
5799,1638
5800,21285
5801,3311
5802,2223
5803,1827
5804,1922
5805,2175
5806,1790
5807,1906
5808,2174
5809,1741
5810,2909
5811,2384
5812,3027
5813,1858
5814,1777
5815,1995
5816,1640
5817,1937
5818,1767
5819,1838
5820,3034
5821,1847
5822,2159
5823,1716
5824,1748
5825,2353
5826,1599
5827,1654
5828,1986
5829,1713
5830,2900
5831,1734
5832,2311
5833,2576
5834,1598
5835,1808
5836,1631
5837,1866
5838,1751
5839,1943
5840,2766
5841,1967
5842,1773
5843,1706
5844,1688
5845,2027
5846,2038
5847,1619
5848,1959
5849,2009
5850,5213
5851,2109
5852,1992
5853,1739
5854,1676
5855,2594
5856,1905
5857,1757
5858,3073
5859,2156
5860,2401
5861,2091
5862,1763
5863,1683
5864,1698
5865,1939
5866,1881
5867,1861
5868,1856
5869,1760
5870,4778
5871,1759
5872,1720
5873,1426
5874,1559
5875,2815
5876,2516
5877,1665
5878,1640
5879,1606
5880,3020
5881,1985
5882,2174
5883,1750
5884,1672
5885,2114
5886,1491
5887,1923
5888,2631
5889,1791
5890,2856
5891,1724
5892,1634
5893,1585
5894,1464
5895,2013
5896,1717
5897,1793
5898,1647
5899,1624
5900,13006
5901,3487
5902,2207
5903,1817
5904,2054
5905,2411
5906,2121
5907,2051
5908,2050
5909,1790
5910,2521
5911,2089
5912,1940
5913,1578
5914,1713
5915,1904
5916,1636
5917,1629
5918,1507
5919,1778
5920,2683
5921,1637
5922,1833
5923,1977
5924,1509
5925,2142
5926,1548
5927,1665
5928,1563
5929,1761
5930,3263
5931,1704
5932,1524
5933,1695
5934,1674
5935,1863
5936,1636
5937,1820
5938,1765
5939,1673
5940,2585
5941,1789
5942,1636
5943,1506
5944,1851
5945,1739
5946,1652
5947,1656
5948,1521
5949,1719
5950,3856
5951,1802
5952,2037
5953,1580
5954,1610
5955,2025
5956,1550
5957,1566
5958,1952
5959,2645
5960,2665
5961,1629
5962,1863
5963,1695
5964,1594
5965,1962
5966,1759
5967,1778
5968,1726
5969,1527
5970,3204
5971,1618
5972,1823
5973,2232
5974,1535
5975,2246
5976,1849
5977,1838
5978,1585
5979,1738
5980,2441
5981,1687
5982,1573
5983,1522
5984,4161
5985,2414
5986,2183
5987,1651
5988,1834
5989,1628
5990,2778
5991,1765
5992,1697
5993,1618
5994,1701
5995,2294
5996,1685
5997,1732
5998,2045
5999,4173
6000,227807
6001,10131
6002,5691
6003,3586
6004,3542
6005,3978
6006,5390
6007,2816
6008,3089
6009,3182
6010,5578
6011,4675
6012,3655
6013,3196
6014,2428
6015,3660
6016,3065
6017,2192
6018,2239
6019,2176
6020,4734
6021,2752
6022,2772
6023,2102
6024,2241
6025,2583
6026,2153
6027,2097
6028,2105
6029,1891
6030,4004
6031,2181
6032,2343
6033,2440
6034,1981
6035,2422
6036,1989
6037,1980
6038,1944
6039,1852
6040,3852
6041,2188
6042,2155
6043,1917
6044,2028
6045,2419
6046,1794
6047,1704
6048,2087
6049,2107
6050,4796
6051,2300
6052,2183
6053,2127
6054,1871
6055,2997
6056,2227
6057,1711
6058,1677
6059,1944
6060,10241
6061,13952
6062,2449
6063,3672
6064,2185
6065,2259
6066,2560
6067,2030
6068,2071
6069,1848
6070,3311
6071,1923
6072,2006
6073,1888
6074,1873
6075,2283
6076,1963
6077,1997
6078,1801
6079,1808
6080,4400
6081,2114
6082,3107
6083,1955
6084,3843
6085,2091
6086,1984
6087,1983
6088,1929
6089,1573
6090,3143
6091,2001
6092,1910
6093,1717
6094,1778
6095,1935
6096,2470
6097,1708
6098,1738
6099,1984
6100,18221
6101,4197
6102,3400
6103,3853
6104,2432
6105,3714
6106,2897
6107,2451
6108,2472
6109,2399
6110,3962
6111,4213
6112,2696
6113,2114
6114,2446
6115,2652
6116,2446
6117,1998
6118,2042
6119,2228
6120,4534
6121,2981
6122,2321
6123,2506
6124,1981
6125,2766
6126,2328
6127,2037
6128,2302
6129,1870
6130,3067
6131,2685
6132,1881
6133,2446
6134,1781
6135,1896
6136,1923
6137,1616
6138,1841
6139,1977
6140,2700
6141,2263
6142,1958
6143,2158
6144,4642
6145,2120
6146,1861
6147,1810
6148,2135
6149,1665
6150,5181
6151,2610
6152,2090
6153,2072
6154,2150
6155,2034
6156,2146
6157,1756
6158,1667
6159,1621
6160,3158
6161,2995
6162,2192
6163,2008
6164,2036
6165,1907
6166,2819
6167,2029
6168,1814
6169,1580
6170,2262
6171,2031
6172,1885
6173,1919
6174,1929
6175,1906
6176,1983
6177,1726
6178,1643
6179,3958
6180,3334
6181,1918
6182,2240
6183,1692
6184,1497
6185,1718
6186,1535
6187,1376
6188,1636
6189,1735
6190,2096
6191,1676
6192,1593
6193,1577
6194,1466
6195,1626
6196,1777
6197,1431
6198,1573
6199,2028
6200,18906
6201,3742
6202,2408
6203,2782
6204,2380
6205,2944
6206,2255
6207,2283
6208,2282
6209,1964
6210,3907
6211,2980
6212,2496
6213,2103
6214,1935
6215,2399
6216,1923
6217,1942
6218,1757
6219,1666
6220,3265
6221,3221
6222,3166
6223,2230
6224,2096
6225,2388
6226,2378
6227,1990
6228,1846
6229,2027
6230,3635
6231,2382
6232,2103
6233,2423
6234,1978
6235,2146
6236,1688
6237,1969
6238,2239
6239,2349
6240,3558
6241,2379
6242,2151
6243,1624
6244,1885
6245,1967
6246,1737
6247,1964
6248,2049
6249,1704
6250,9822
6251,2476
6252,2176
6253,2096
6254,2026
6255,2281
6256,2063
6257,1627
6258,1848
6259,1664
6260,2476
6261,2316
6262,3006
6263,2354
6264,2433
6265,2258
6266,2157
6267,1635
6268,1666
6269,1961
6270,2331
6271,2123
6272,2376
6273,2473
6274,1879
6275,2102
6276,1747
6277,2382
6278,1800
6279,1734
6280,2601
6281,1794
6282,1822
6283,2096
6284,1801
6285,1953
6286,1457
6287,1549
6288,1893
6289,1638
6290,2069
6291,1574
6292,1575
6293,1492
6294,1517
6295,1862
6296,1588
6297,1555
6298,1686
6299,1928
6300,21854
6301,3701
6302,2582
6303,2372
6304,2387
6305,2207
6306,1902
6307,1920
6308,1910
6309,2448
6310,3290
6311,2417
6312,2069
6313,1790
6314,1639
6315,2091
6316,1737
6317,1651
6318,1714
6319,1642
6320,3120
6321,2332
6322,2198
6323,2098
6324,1841
6325,2207
6326,1886
6327,1747
6328,1902
6329,1639
6330,3719
6331,2110
6332,2342
6333,3593
6334,2183
6335,1795
6336,2308
6337,1997
6338,1794
6339,1671
6340,2553
6341,2104
6342,1746
6343,1748
6344,1760
6345,1892
6346,1805
6347,1797
6348,1818
6349,1494
6350,3696
6351,2357
6352,1845
6353,1772
6354,1619
6355,2959
6356,1648
6357,1871
6358,1483
6359,1642
6360,2637
6361,2915
6362,1941
6363,3792
6364,2394
6365,1795
6366,1813
6367,1839
6368,1699
6369,1604
6370,2138
6371,3492
6372,1913
6373,1801
6374,1789
6375,2117
6376,1584
6377,1707
6378,2472
6379,21317
6380,3191
6381,1950
6382,1801
6383,1674
6384,1611
6385,1795
6386,1642
6387,1506
6388,2033
6389,1621
6390,1953
6391,1543
6392,1562
6393,1545
6394,1438
6395,1653
6396,1472
6397,2895
6398,1538
6399,2024
6400,29061
6401,3280
6402,2650
6403,1926
6404,2118
6405,2266
6406,1960
6407,1748
6408,1871
6409,1743
6410,2862
6411,2368
6412,1998
6413,1666
6414,1935
6415,1847
6416,1955
6417,1638
6418,1548
6419,1671
6420,2887
6421,1800
6422,2012
6423,1717
6424,1743
6425,2721
6426,1737
6427,1542
6428,1800
6429,1719
6430,2252
6431,1887
6432,2206
6433,1813
6434,1890
6435,2123
6436,1449
6437,1763
6438,1971
6439,1340
6440,2813
6441,2043
6442,1874
6443,5262
6444,2253
6445,1784
6446,1854
6447,1516
6448,1504
6449,1739
6450,4016
6451,1637
6452,1685
6453,1772
6454,1808
6455,2480
6456,1625
6457,1857
6458,1584
6459,1548
6460,2462
6461,1877
6462,1605
6463,1816
6464,2956
6465,1837
6466,1759
6467,1626
6468,2190
6469,1576
6470,2171
6471,1744
6472,1537
6473,1717
6474,1597
6475,2296
6476,1420
6477,1565
6478,1467
6479,1470
6480,2549
6481,1660
6482,1621
6483,1675
6484,1792
6485,1529
6486,1302
6487,1514
6488,1979
6489,1671
6490,2196
6491,1479
6492,1737
6493,1292
6494,1676
6495,1658
6496,1607
6497,1878
6498,1554
6499,1957
6500,46716
6501,3921
6502,9908
6503,2057
6504,1898
6505,3032
6506,1900
6507,1924
6508,2032
6509,2187
6510,3737
6511,3145
6512,2935
6513,1938
6514,1947
6515,2318
6516,2047
6517,1740
6518,1689
6519,1633
6520,3645
6521,1731
6522,2496
6523,1654
6524,1635
6525,2426
6526,1598
6527,1689
6528,1854
6529,1707
6530,2689
6531,1760
6532,1994
6533,1908
6534,1808
6535,2055
6536,1682
6537,1554
6538,2231
6539,1528
6540,2295
6541,1814
6542,1924
6543,2774
6544,1886
6545,2061
6546,1701
6547,1497
6548,2096
6549,1506
6550,4820
6551,1878
6552,2093
6553,2214
6554,1531
6555,2842
6556,1889
6557,1513
6558,1534
6559,1561
6560,2763
6561,2560
6562,1953
6563,2119
6564,1635
6565,2988
6566,2159
6567,1691
6568,1520
6569,1871
6570,2603
6571,1782
6572,1784
6573,1409
6574,1681
6575,1875
6576,1667
6577,1695
6578,1445
6579,1525
6580,2356
6581,2063
6582,1783
6583,2498
6584,2365
6585,1981
6586,1305
6587,1409
6588,1636
6589,1436
6590,1878
6591,1627
6592,1774
6593,1300
6594,1262
6595,1580
6596,2308
6597,1487
6598,1405
6599,1572
6600,24107
6601,2965
6602,2697
6603,2036
6604,2150
6605,1997
6606,2210
6607,1739
6608,1760
6609,1684
6610,2898
6611,3342
6612,1976
6613,1969
6614,1700
6615,1975
6616,1805
6617,1418
6618,1450
6619,1486
6620,2830
6621,2202
6622,2101
6623,1514
6624,1778
6625,2301
6626,1713
6627,1510
6628,1468
6629,1364
6630,2716
6631,1647
6632,2175
6633,3376
6634,1595
6635,1654
6636,1834
6637,1485
6638,1480
6639,1537
6640,2146
6641,1935
6642,1842
6643,1716
6644,1864
6645,1711
6646,1655
6647,1336
6648,1589
6649,1478
6650,3664
6651,2337
6652,1720
6653,2211
6654,1970
6655,2481
6656,2199
6657,1811
6658,1377
6659,1528
6660,2457
6661,2062
6662,2572
6663,1625
6664,1991
6665,1938
6666,10272
6667,9179
6668,1894
6669,1925
6670,3114
6671,1769
6672,1923
6673,1663
6674,1406
6675,1952
6676,1560
6677,2285
6678,2025
6679,1308
6680,2958
6681,1892
6682,1733
6683,1480
6684,1801
6685,1621
6686,1684
6687,1466
6688,2417
6689,1532
6690,1858
6691,1511
6692,1372
6693,1492
6694,1864
6695,1542
6696,1659
6697,1762
6698,1894
6699,3341
6700,17391
6701,3100
6702,1928
6703,1680
6704,1656
6705,1786
6706,1620
6707,2022
6708,2313
6709,1636
6710,2149
6711,1892
6712,1816
6713,1608
6714,1593
6715,1828
6716,2361
6717,1984
6718,1403
6719,1494
6720,3181
6721,1692
6722,2013
6723,1720
6724,1625
6725,2072
6726,1472
6727,1607
6728,1753
6729,1339
6730,2039
6731,2753
6732,1647
6733,1793
6734,1572
6735,1790
6736,7095
6737,1676
6738,1536
6739,1294
6740,2157
6741,1757
6742,1770
6743,1442
6744,1593
6745,1817
6746,1332
6747,1617
6748,1505
6749,1901
6750,4668
6751,1923
6752,2782
6753,1658
6754,1398
6755,1629
6756,1386
6757,1544
6758,1809
6759,1417
6760,1927
6761,1469
6762,1686
6763,1643
6764,1555
6765,1940
6766,1593
6767,2395
6768,1824
6769,1456
6770,2856
6771,1524
6772,1677
6773,1647
6774,1486
6775,1537
6776,1879
6777,2683
6778,1495
6779,1520
6780,2102
6781,1492
6782,1377
6783,1521
6784,1709
6785,1546
6786,1387
6787,2158
6788,1415
6789,6714
6790,2253
6791,2209
6792,1532
6793,1357
6794,1342
6795,1373
6796,1307
6797,1327
6798,1338
6799,1649
6800,23594
6801,2766
6802,1782
6803,3817
6804,1743
6805,1793
6806,1659
6807,1650
6808,1704
6809,2682
6810,2734
6811,3325
6812,1795
6813,1430
6814,1643
6815,1638
6816,1547
6817,1631
6818,1573
6819,1963
6820,2473
6821,1656
6822,2674
6823,1697
6824,1687
6825,2334
6826,1612
6827,1591
6828,1656
6829,1337
6830,2395
6831,2097
6832,1681
6833,2127
6834,1687
6835,1610
6836,1762
6837,1567
6838,1492
6839,1326
6840,2408
6841,1588
6842,1884
6843,1361
6844,1601
6845,1989
6846,1788
6847,1481
6848,1495
6849,1213
6850,4384
6851,2039
6852,1453
6853,1571
6854,2168
6855,1538
6856,1393
6857,1401
6858,1315
6859,1317
6860,1930
6861,1583
6862,1299
6863,1429
6864,1416
6865,1579
6866,1557
6867,1322
6868,2724
6869,1547
6870,3558
6871,1414
6872,1755
6873,1297
6874,1349
6875,8676
6876,1847
6877,1702
6878,1509
6879,1573
6880,2905
6881,2101
6882,1682
6883,1548
6884,1400
6885,1599
6886,1599
6887,1494
6888,2743
6889,1638
6890,2810
6891,1434
6892,1387
6893,1194
6894,1327
6895,1418
6896,1224
6897,1481
6898,1227
6899,1558
6900,12687
6901,2922
6902,2151
6903,1657
6904,1712
6905,1710
6906,1500
6907,1476
6908,1345
6909,1666
6910,2464
6911,2117
6912,2259
6913,1404
6914,1466
6915,1627
6916,1349
6917,1530
6918,1402
6919,1473
6920,2827
6921,1470
6922,2100
6923,1510
6924,1613
6925,1700
6926,1406
6927,1265
6928,1408
6929,1391
6930,2152
6931,1609
6932,1487
6933,1613
6934,1486
6935,1512
6936,1257
6937,1528
6938,1312
6939,1637
6940,2113
6941,1571
6942,1336
6943,1211
6944,1574
6945,1535
6946,2760
6947,1510
6948,1398
6949,1473
6950,4733
6951,1595
6952,1356
6953,1416
6954,1280
6955,2128
6956,1298
6957,1281
6958,1364
6959,1434
6960,2241
6961,1432
6962,1566
6963,2026
6964,1442
6965,1589
6966,1665
6967,1325
6968,2107
6969,3592
6970,3240
6971,1431
6972,1473
6973,1385
6974,1287
6975,1868
6976,1900
6977,1548
6978,1617
6979,1437
6980,2249
6981,1758
6982,1177
6983,1293
6984,1370
6985,1416
6986,1288
6987,1266
6988,2256
6989,1352
6990,11560
6991,1478
6992,1469
6993,1383
6994,1247
6995,1786
6996,1632
6997,1419
6998,1673
6999,3210
7000,139440
7001,8972
7002,5631
7003,3910
7004,4297
7005,3707
7006,3163
7007,3568
7008,2500
7009,2688
7010,5202
7011,2768
7012,2906
7013,2911
7014,2591
7015,3115
7016,2226
7017,2227
7018,2794
7019,2887
7020,5337
7021,2138
7022,2135
7023,2359
7024,2078
7025,2595
7026,1844
7027,2468
7028,1632
7029,1770
7030,4024
7031,2969
7032,1897
7033,1855
7034,1773
7035,2194
7036,1932
7037,1815
7038,1542
7039,1828
7040,3600
7041,2122
7042,2200
7043,2053
7044,2465
7045,1863
7046,1593
7047,1801
7048,1621
7049,1685
7050,5537
7051,2703
7052,1854
7053,1799
7054,2265
7055,2527
7056,1869
7057,1868
7058,1633
7059,1565
7060,2604
7061,1744
7062,1520
7063,1650
7064,1621
7065,2157
7066,1775
7067,1647
7068,1790
7069,1686
7070,5652
7071,5378
7072,1949
7073,1815
7074,1936
7075,7839
7076,1766
7077,3282
7078,1932
7079,1954
7080,3727
7081,1811
7082,2519
7083,1952
7084,1550
7085,1822
7086,1597
7087,1783
7088,1598
7089,1510
7090,2868
7091,1635
7092,1478
7093,1389
7094,2069
7095,1820
7096,1509
7097,1599
7098,1283
7099,1740
7100,17609
7101,3113
7102,2940
7103,2255
7104,2163
7105,2178
7106,2761
7107,1978
7108,1808
7109,1802
7110,3472
7111,3709
7112,2079
7113,1642
7114,2206
7115,1932
7116,2351
7117,2170
7118,1552
7119,1587
7120,4012
7121,2363
7122,2290
7123,1996
7124,1637
7125,2607
7126,1800
7127,1492
7128,1676
7129,1804
7130,2685
7131,2001
7132,1903
7133,1587
7134,1913
7135,2417
7136,2001
7137,1467
7138,1493
7139,1438
7140,2441
7141,1929
7142,1849
7143,2111
7144,1660
7145,1478
7146,1523
7147,1395
7148,1474
7149,1240
7150,3924
7151,1703
7152,2337
7153,1855
7154,1558
7155,2021
7156,1479
7157,1383
7158,1410
7159,1566
7160,2806
7161,1678
7162,1367
7163,1707
7164,1599
7165,1627
7166,1516
7167,1886
7168,2042
7169,1492
7170,2261
7171,2740
7172,1964
7173,1409
7174,1391
7175,1786
7176,2113
7177,1800
7178,1384
7179,1552
7180,2215
7181,1863
7182,1560
7183,1715
7184,1649
7185,1679
7186,1468
7187,1526
7188,2139
7189,1481
7190,2011
7191,1727
7192,1560
7193,1522
7194,1461
7195,1830
7196,1304
7197,1323
7198,1285
7199,1986
7200,34504
7201,3555
7202,2776
7203,2639
7204,1869
7205,2331
7206,2457
7207,1944
7208,2091
7209,1545
7210,3648
7211,2606
7212,2148
7213,1857
7214,1566
7215,1909
7216,1767
7217,1627
7218,1719
7219,2035
7220,3034
7221,1833
7222,2857
7223,2524
7224,3211
7225,2434
7226,1704
7227,2371
7228,1682
7229,1453
7230,2853
7231,2711
7232,1957
7233,3721
7234,2202
7235,1770
7236,1538
7237,1597
7238,1654
7239,1562
7240,2424
7241,1574
7242,1824
7243,2171
7244,1718
7245,2135
7246,1630
7247,1618
7248,1490
7249,1380
7250,4596
7251,1854
7252,1939
7253,1638
7254,1437
7255,1783
7256,1844
7257,1577
7258,1890
7259,1346
7260,3203
7261,1659
7262,1803
7263,1575
7264,1974
7265,2106
7266,1548
7267,1778
7268,1360
7269,1774
7270,2093
7271,1545
7272,2989
7273,1920
7274,1810
7275,2742
7276,1513
7277,2082
7278,1595
7279,1423
7280,2424
7281,1653
7282,1642
7283,1597
7284,1426
7285,1607
7286,1419
7287,1810
7288,1859
7289,1652
7290,2527
7291,1779
7292,1671
7293,1575
7294,1338
7295,1432
7296,1623
7297,1601
7298,1242
7299,1524
7300,15466
7301,2490
7302,2147
7303,1932
7304,2159
7305,2190
7306,2044
7307,1965
7308,1730
7309,1529
7310,2557
7311,2169
7312,1793
7313,1608
7314,1585
7315,2073
7316,1637
7317,1476
7318,1684
7319,1601
7320,2826
7321,2586
7322,1662
7323,2120
7324,2044
7325,2191
7326,2782
7327,1394
7328,1622
7329,1382
7330,2358
7331,2206
7332,1801
7333,3305
7334,2064
7335,1671
7336,1598
7337,1845
7338,1374
7339,1318
7340,2303
7341,1427
7342,1406
7343,1476
7344,1595
7345,1738
7346,1357
7347,1600
7348,1491
7349,1356
7350,3351
7351,1673
7352,1948
7353,1523
7354,1511
7355,1786
7356,1668
7357,1916
7358,1318
7359,1545
7360,2526
7361,1577
7362,1319
7363,1458
7364,1698
7365,1447
7366,1524
7367,1653
7368,2274
7369,1497
7370,2179
7371,1530
7372,1565
7373,2570
7374,1642
7375,2137
7376,1493
7377,1896
7378,2096
7379,1616
7380,2204
7381,1593
7382,1606
7383,1618
7384,1525
7385,1730
7386,1833
7387,2173
7388,1596
7389,1433
7390,2524
7391,1606
7392,1608
7393,1580
7394,1329
7395,1515
7396,1464
7397,1312
7398,1266
7399,4122
7400,13326
7401,2785
7402,2886
7403,2015
7404,2959
7405,2617
7406,1626
7407,1887
7408,2011
7409,1519
7410,2867
7411,3128
7412,1900
7413,1540
7414,1774
7415,1822
7416,1444
7417,1749
7418,1387
7419,1511
7420,3349
7421,1855
7422,2148
7423,2056
7424,2222
7425,2001
7426,1590
7427,1660
7428,1644
7429,1494
7430,2588
7431,1605
7432,2160
7433,2186
7434,1696
7435,1715
7436,1601
7437,1534
7438,1394
7439,1531
7440,2788
7441,1785
7442,1669
7443,2024
7444,2126
7445,1932
7446,1686
7447,2092
7448,1522
7449,1374
7450,3509
7451,1563
7452,1642
7453,1408
7454,1479
7455,1818
7456,1747
7457,1600
7458,1702
7459,1438
7460,1908
7461,1524
7462,1456
7463,1792
7464,1538
7465,1639
7466,1402
7467,1692
7468,1562
7469,3050
7470,2207
7471,1613
7472,1736
7473,1620
7474,3557
7475,2324
7476,1638
7477,1660
7478,1450
7479,1387
7480,2433
7481,1740
7482,1704
7483,1555
7484,1630
7485,1610
7486,1674
7487,1441
7488,1710
7489,1634
7490,2469
7491,1760
7492,1390
7493,1585
7494,1753
7495,1659
7496,1441
7497,1411
7498,2130
7499,2089
7500,57282
7501,3230
7502,2345
7503,2048
7504,1691
7505,2230
7506,2948
7507,1756
7508,1627
7509,1591
7510,2951
7511,2158
7512,1889
7513,1962
7514,1841
7515,2213
7516,1736
7517,1783
7518,1636
7519,1901
7520,3446
7521,1936
7522,2425
7523,1651
7524,1475
7525,2646
7526,1633
7527,1410
7528,1534
7529,2564
7530,2268
7531,1771
7532,1528
7533,1583
7534,1553
7535,2032
7536,1413
7537,1490
7538,1733
7539,1491
7540,2169
7541,1622
7542,1472
7543,1590
7544,1530
7545,2311
7546,1784
7547,1657
7548,1595
7549,1458
7550,3188
7551,1714
7552,1632
7553,1487
7554,3957
7555,2717
7556,1644
7557,1823
7558,1361
7559,1953
7560,2257
7561,1462
7562,1551
7563,1406
7564,1362
7565,1686
7566,2131
7567,1873
7568,1565
7569,1324
7570,2119
7571,1287
7572,1435
7573,1296
7574,1296
7575,3115
7576,1699
7577,1824
7578,1409
7579,1233
7580,2312
7581,1361
7582,1707
7583,1421
7584,1786
7585,1839
7586,1423
7587,1430
7588,1427
7589,1596
7590,2673
7591,1665
7592,1480
7593,1346
7594,1282
7595,1724
7596,1129
7597,1171
7598,1451
7599,1497
7600,16811
7601,5814
7602,2170
7603,1962
7604,1703
7605,1570
7606,1795
7607,1715
7608,1584
7609,1599
7610,3941
7611,2174
7612,1775
7613,1975
7614,1619
7615,1448
7616,1647
7617,1506
7618,1251
7619,1754
7620,2886
7621,1626
7622,1563
7623,2013
7624,1588
7625,2369
7626,1606
7627,1485
7628,1463
7629,1521
7630,1899
7631,1831
7632,1920
7633,1521
7634,1257
7635,1342
7636,1715
7637,1530
7638,1612
7639,1376
7640,1984
7641,1641
7642,1549
7643,1590
7644,1821
7645,2132
7646,1538
7647,1577
7648,1403
7649,1248
7650,3411
7651,1302
7652,1846
7653,1750
7654,2487
7655,1696
7656,1708
7657,1601
7658,1263
7659,1419
7660,2159
7661,1610
7662,1565
7663,1670
7664,1593
7665,1668
7666,1878
7667,2167
7668,1376
7669,1992
7670,1880
7671,2191
7672,1389
7673,1452
7674,1319
7675,1739
7676,2874
7677,1665
7678,1549
7679,1654
7680,3896
7681,1740
7682,1437
7683,1529
7684,1281
7685,1423
7686,1323
7687,2414
7688,1712
7689,1240
7690,1683
7691,1377
7692,1939
7693,1285
7694,1241
7695,1952
7696,1465
7697,1291
7698,1652
7699,1579
7700,16703
7701,4432
7702,2729
7703,2180
7704,2027
7705,1726
7706,2373
7707,1642
7708,1628
7709,1496
7710,3367
7711,3052
7712,1920
7713,1573
7714,5152
7715,1900
7716,1497
7717,3138
7718,1519
7719,1472
7720,2993
7721,3932
7722,2374
7723,1613
7724,1722
7725,2317
7726,1954
7727,1965
7728,1849
7729,1676
7730,2871
7731,1613
7732,1747
7733,2273
7734,2731
7735,1920
7736,1830
7737,1922
7738,1643
7739,1699
7740,2960
7741,1621
7742,1777
7743,1635
7744,1802
7745,1745
7746,1481
7747,2395
7748,1845
7749,1457
7750,6859
7751,2281
7752,1540
7753,2201
7754,1446
7755,2019
7756,1462
7757,1799
7758,1435
7759,1652
7760,2390
7761,1700
7762,1528
7763,1773
7764,2016
7765,1562
7766,2247
7767,1719
7768,1705
7769,1648
7770,3868
7771,2770
7772,2044
7773,1788
7774,2008
7775,2162
7776,2469
7777,14321
7778,2866
7779,2066
7780,2442
7781,1448
7782,1695
7783,1497
7784,1361
7785,1645
7786,1942
7787,1866
7788,2911
7789,2040
7790,2350
7791,1593
7792,1663
7793,2018
7794,1330
7795,1722
7796,1562
7797,1580
7798,1557
7799,2611
7800,17959
7801,2586
7802,1833
7803,2183
7804,1450
7805,3705
7806,1564
7807,1545
7808,1852
7809,1789
7810,2373
7811,2053
7812,3839
7813,1726
7814,1709
7815,1656
7816,2417
7817,1769
7818,1643
7819,1426
7820,2117
7821,1700
7822,1663
7823,1439
7824,1641
7825,2633
7826,1463
7827,2251
7828,1665
7829,1300
7830,1756
7831,1936
7832,1545
7833,2151
7834,2110
7835,1508
7836,2184
7837,1565
7838,1418
7839,2293
7840,2565
7841,2045
7842,1434
7843,2204
7844,1654
7845,1917
7846,1374
7847,1547
7848,1749
7849,1525
7850,4766
7851,1541
7852,1516
7853,1517
7854,1748
7855,1990
7856,1265
7857,1496
7858,1497
7859,1201
7860,2499
7861,1509
7862,1330
7863,1485
7864,2011
7865,1471
7866,2023
7867,2711
7868,1468
7869,2232
7870,4262
7871,1954
7872,1838
7873,1787
7874,1866
7875,2411
7876,1837
7877,1615
7878,2522
7879,1968
7880,2289
7881,1699
7882,1454
7883,1398
7884,1648
7885,2088
7886,1399
7887,1980
7888,2883
7889,1749
7890,5750
7891,1788
7892,1277
7893,1367
7894,1441
7895,1603
7896,1594
7897,1467
7898,1759
7899,1985
7900,13438
7901,5136
7902,1994
7903,1748
7904,2077
7905,1719
7906,1396
7907,1604
7908,1755
7909,2117
7910,2921
7911,1987
7912,1738
7913,1550
7914,1994
7915,1773
7916,1620
7917,1958
7918,1455
7919,1973
7920,3020
7921,2307
7922,1798
7923,1595
7924,1675
7925,1964
7926,1478
7927,1520
7928,1833
7929,1392
7930,2404
7931,1610
7932,1650
7933,1386
7934,1328
7935,1691
7936,2079
7937,1522
7938,1358
7939,1784
7940,2340
7941,1663
7942,2221
7943,1140
7944,1833
7945,1408
7946,1968
7947,1408
7948,1224
7949,1565
7950,5744
7951,1567
7952,1449
7953,1214
7954,1248
7955,1713
7956,1658
7957,1541
7958,1518
7959,1235
7960,2625
7961,1661
7962,1461
7963,1260
7964,1192
7965,1352
7966,1691
7967,1832
7968,1800
7969,1602
7970,6209
7971,1869
7972,1268
7973,2418
7974,2190
7975,1586
7976,1825
7977,2053
7978,1297
7979,2302
7980,2220
7981,1515
7982,1314
7983,1399
7984,1481
7985,1578
7986,1326
7987,1098
7988,1320
7989,1635
7990,2841
7991,1416
7992,1261
7993,1427
7994,1289
7995,1700
7996,1247
7997,1417
7998,2144
7999,3403
8000,240976
8001,14692
8002,7239
8003,4745
8004,3866
8005,4155
8006,3930
8007,3129
8008,6712
8009,4142
8010,6141
8011,3631
8012,2750
8013,2423
8014,2596
8015,2219
8016,2385
8017,1983
8018,2549
8019,1782
8020,7496
8021,2656
8022,2775
8023,2106
8024,1923
8025,2924
8026,1831
8027,1681
8028,2410
8029,1713
8030,2975
8031,2323
8032,2686
8033,2058
8034,2142
8035,2229
8036,1857
8037,1663
8038,1812
8039,1697
8040,3798
8041,1755
8042,2495
8043,1802
8044,1817
8045,1845
8046,1727
8047,2153
8048,2268
8049,1706
8050,5032
8051,8156
8052,2348
8053,2202
8054,1725
8055,2043
8056,1554
8057,1940
8058,1764
8059,1533
8060,3223
8061,2183
8062,1704
8063,1580
8064,1973
8065,2155
8066,1745
8067,1536
8068,1630
8069,2172
8070,2891
8071,2057
8072,1806
8073,1482
8074,1370
8075,2185
8076,1608
8077,1900
8078,1905
8079,1686
8080,259497
8081,23127
8082,8788
8083,5152
8084,3089
8085,5833
8086,13670
8087,3834
8088,9739
8089,3752
8090,8623
8091,4182
8092,2772
8093,2234
8094,2231
8095,1969
8096,2475
8097,1755
8098,2110
8099,2470
8100,17990
8101,3423
8102,2419
8103,2174
8104,1924
8105,1871
8106,1959
8107,1592
8108,2076
8109,1917
8110,4267
8111,4776
8112,2170
8113,1993
8114,1675
8115,2096
8116,1650
8117,1725
8118,2573
8119,1772
8120,3696
8121,1827
8122,2085
8123,3842
8124,2002
8125,10448
8126,2237
8127,1896
8128,1926
8129,1450
8130,2877
8131,2316
8132,1463
8133,1973
8134,1533
8135,2364
8136,1466
8137,1736
8138,1760
8139,1915
8140,2774
8141,1640
8142,1465
8143,1558
8144,1878
8145,1646
8146,1378
8147,1542
8148,1309
8149,1281
8150,3847
8151,2068
8152,1845
8153,1568
8154,1419
8155,1691
8156,1450
8157,1491
8158,1440
8159,1511
8160,2639
8161,1833
8162,1454
8163,1447
8164,1432
8165,1859
8166,1841
8167,1891
8168,2050
8169,1502
8170,1809
8171,2028
8172,1629
8173,1429
8174,1503
8175,1645
8176,1771
8177,1507
8178,1350
8179,1338
8180,3023
8181,5318
8182,2376
8183,1644
8184,1633
8185,1671
8186,1557
8187,1546
8188,2126
8189,1459
8190,2100
8191,5169
8192,38589
8193,2201
8194,3233
8195,2392
8196,1728
8197,1360
8198,1433
8199,1839
8200,17896
8201,3596
8202,3431
8203,16551
8204,2246
8205,2862
8206,1958
8207,1698
8208,2874
8209,3119
8210,3271
8211,20952
8212,14186
8213,2527
8214,1768
8215,1961
8216,8729
8217,93444
8218,2129
8219,1392
8220,30210
8221,38440
8222,3697
8223,2290
8224,2408
8225,2119
8226,15036
8227,1677
8228,2261
8229,1552
8230,10217
8231,1693
8232,2459
8233,1941
8234,2001
8235,1665
8236,1676
8237,1632
8238,1386
8239,1883
8240,2525
8241,1500
8242,1989
8243,2169
8244,1567
8245,1724
8246,1524
8247,1684
8248,1522
8249,1791
8250,4915
8251,1828
8252,1794
8253,1784
8254,1942
8255,9427
8256,2119
8257,1358
8258,1549
8259,1784
8260,2862
8261,1742
8262,1547
8263,1571
8264,1568
8265,1984
8266,2150
8267,1936
8268,1404
8269,1409
8270,1994
8271,1471
8272,1752
8273,1507
8274,1621
8275,1809
8276,1556
8277,1523
8278,1616
8279,1764
8280,2666
8281,2006
8282,3033
8283,2925
8284,1877
8285,1449
8286,1623
8287,1527
8288,2662
8289,1531
8290,1887
8291,1447
8292,1480
8293,1582
8294,1376
8295,1519
8296,1436
8297,1423
8298,1326
8299,1573
8300,14069
8301,3941
8302,2311
8303,2298
8304,1846
8305,1678
8306,1725
8307,1347
8308,1620
8309,1623
8310,3432
8311,2017
8312,1734
8313,1971
8314,1581
8315,1622
8316,1590
8317,1474
8318,1443
8319,1398
8320,3766
8321,1663
8322,1715
8323,1673
8324,1740
8325,2210
8326,1560
8327,1431
8328,1469
8329,1681
8330,3605
8331,1722
8332,2579
8333,7389
8334,1574
8335,1533
8336,1623
8337,1533
8338,1623
8339,1907
8340,1945
8341,1635
8342,1401
8343,1473
8344,1691
8345,1621
8346,1444
8347,1364
8348,1471
8349,1287
8350,5732
8351,1527
8352,1560
8353,1575
8354,1333
8355,1572
8356,1520
8357,1333
8358,1775
8359,1388
8360,2041
8361,1500
8362,1400
8363,1346
8364,2243
8365,1412
8366,1435
8367,1404
8368,1374
8369,1633
8370,1755
8371,1536
8372,1420
8373,1379
8374,1305
8375,1653
8376,1456
8377,1998
8378,1393
8379,1547
8380,1984
8381,1467
8382,1454
8383,2392
8384,1653
8385,1527
8386,1307
8387,1682
8388,1807
8389,1575
8390,1794
8391,1408
8392,1489
8393,1324
8394,1211
8395,1386
8396,1310
8397,1256
8398,1630
8399,1542
8400,15187
8401,2777
8402,1839
8403,1577
8404,1821
8405,1503
8406,1543
8407,1557
8408,1527
8409,1411
8410,2063
8411,2240
8412,1535
8413,1471
8414,1806
8415,1870
8416,1521
8417,1688
8418,1516
8419,1445
8420,1833
8421,1731
8422,1599
8423,1577
8424,2108
8425,1802
8426,1235
8427,1410
8428,1438
8429,1399
8430,1767
8431,1672
8432,1727
8433,1749
8434,1595
8435,1471
8436,1396
8437,1331
8438,1327
8439,1458
8440,1967
8441,1566
8442,1697
8443,15370
8444,3325
8445,1826
8446,1841
8447,1419
8448,2277
8449,1562
8450,2818
8451,1988
8452,1731
8453,2020
8454,1739
8455,1686
8456,2052
8457,2486
8458,1554
8459,1371
8460,1673
8461,1399
8462,1587
8463,1591
8464,1472
8465,1398
8466,1479
8467,1286
8468,1209
8469,1459
8470,1968
8471,1618
8472,2709
8473,1522
8474,1401
8475,1490
8476,1362
8477,9336
8478,1559
8479,1314
8480,1967
8481,1502
8482,2468
8483,1379
8484,2511
8485,1805
8486,1822
8487,1340
8488,1571
8489,1491
8490,1627
8491,1448
8492,1217
8493,1631
8494,1242
8495,1638
8496,1580
8497,1322
8498,1732
8499,2124
8500,31523
8501,4339
8502,2460
8503,1722
8504,1685
8505,2166
8506,1634
8507,1682
8508,1574
8509,1377
8510,2418
8511,1995
8512,2023
8513,1289
8514,1687
8515,1983
8516,1823
8517,1527
8518,1351
8519,1354
8520,4511
8521,1720
8522,1532
8523,1441
8524,1342
8525,2515
8526,1736
8527,1670
8528,1608
8529,2154
8530,2717
8531,1651
8532,1576
8533,1563
8534,1571
8535,1695
8536,1700
8537,1340
8538,1348
8539,1371
8540,2940
8541,1700
8542,2607
8543,1752
8544,2191
8545,4040
8546,1663
8547,1579
8548,1247
8549,1309
8550,3273
8551,1792
8552,1627
8553,1485
8554,1906
8555,2880
8556,1770
8557,1257
8558,1794
8559,1379
8560,2161
8561,1403
8562,1375
8563,1433
8564,1359
8565,1444
8566,1346
8567,1417
8568,1543
8569,1199
8570,2537
8571,2004
8572,1589
8573,1566
8574,1352
8575,1756
8576,1353
8577,1758
8578,1346
8579,1372
8580,2146
8581,1541
8582,1708
8583,1904
8584,1499
8585,2946
8586,1860
8587,1591
8588,1732
8589,1318
8590,1613
8591,1423
8592,2115
8593,1719
8594,3962
8595,1787
8596,1343
8597,1209
8598,1316
8599,1802
8600,24035
8601,18888
8602,1665
8603,1619
8604,1573
8605,1539
8606,3397
8607,1381
8608,1531
8609,1432
8610,3128
8611,2065
8612,1521
8613,1362
8614,1353
8615,1542
8616,2145
8617,1654
8618,11904
8619,1345
8620,2856
8621,1982
8622,1602
8623,1841
8624,1725
8625,2319
8626,1326
8627,1420
8628,1641
8629,1450
8630,1808
8631,1418
8632,1373
8633,1539
8634,1248
8635,1408
8636,1383
8637,1257
8638,1304
8639,1725
8640,2570
8641,1362
8642,1474
8643,1437
8644,2079
8645,1426
8646,1396
8647,1450
8648,1691
8649,1440
8650,2485
8651,1356
8652,1446
8653,1321
8654,1439
8655,1858
8656,1575
8657,1397
8658,1630
8659,1371
8660,2194
8661,1635
8662,1741
8663,1394
8664,2438
8665,1597
8666,1969
8667,2058
8668,1543
8669,1795
8670,1579
8671,1354
8672,1493
8673,1265
8674,2978
8675,1664
8676,1355
8677,1437
8678,1286
8679,1183
8680,1808
8681,1643
8682,1317
8683,1998
8684,1270
8685,1343
8686,2555
8687,1866
8688,1936
8689,1238
8690,1623
8691,1457
8692,1282
8693,1396
8694,1197
8695,1415
8696,1484
8697,1231
8698,1231
8699,1330
8700,12153
8701,2926
8702,1491
8703,1637
8704,1933
8705,1835
8706,1628
8707,1679
8708,1821
8709,1371
8710,2338
8711,2399
8712,1848
8713,1528
8714,1327
8715,1451
8716,1548
8717,1520
8718,1306
8719,1612
8720,2081
8721,1888
8722,2382
8723,1518
8724,1429
8725,1717
8726,1606
8727,1504
8728,1464
8729,1344
8730,2140
8731,1465
8732,1769
8733,2059
8734,1615
8735,1509
8736,1609
8737,1485
8738,1413
8739,1504
8740,1888
8741,1707
8742,1732
8743,1569
8744,1584
8745,1534
8746,2252
8747,1911
8748,1378
8749,1583
8750,3884
8751,1538
8752,1515
8753,1691
8754,1244
8755,1801
8756,1394
8757,1378
8758,1340
8759,1351
8760,3601
8761,2434
8762,1553
8763,1268
8764,1272
8765,2776
8766,1614
8767,3069
8768,1283
8769,1225
8770,1744
8771,1406
8772,1468
8773,1510
8774,1594
8775,2079
8776,2408
8777,2603
8778,1709
8779,1247
8780,1768
8781,1368
8782,1506
8783,1395
8784,1445
8785,1398
8786,1786
8787,3610
8788,2041
8789,1580
8790,1745
8791,1261
8792,1464
8793,1221
8794,1436
8795,1448
8796,1144
8797,1301
8798,1197
8799,3021
8800,22712
8801,3047
8802,2756
8803,1757
8804,2161
8805,2064
8806,1663
8807,1912
8808,1910
8809,1743
8810,2347
8811,2604
8812,1683
8813,1379
8814,1527
8815,1659
8816,1793
8817,1606
8818,1679
8819,1425
8820,2829
8821,1887
8822,2397
8823,1482
8824,1732
8825,1926
8826,1448
8827,1506
8828,1753
8829,1621
8830,2701
8831,1578
8832,1970
8833,2456
8834,1479
8835,1651
8836,1430
8837,1400
8838,1552
8839,1543
8840,2040
8841,1585
8842,1451
8843,1809
8844,2212
8845,1579
8846,1425
8847,1221
8848,3511
8849,1511
8850,3138
8851,1509
8852,1434
8853,1652
8854,2154
8855,2229
8856,1762
8857,1685
8858,1709
8859,37180
8860,2259
8861,1739
8862,1569
8863,1843
8864,1378
8865,2049
8866,2060
8867,1428
8868,1695
8869,1589
8870,1820
8871,1512
8872,1460
8873,1624
8874,1274
8875,1867
8876,1556
8877,2000
8878,1629
8879,1822
8880,3338
8881,2238
8882,2030
8883,3006
8884,2044
8885,1826
8886,1863
8887,2303
8888,33492
8889,4305
8890,2974
8891,1831
8892,1310
8893,1407
8894,1212
8895,2365
8896,1403
8897,1271
8898,1668
8899,2848
8900,11156
8901,3975
8902,1645
8903,2072
8904,1647
8905,1503
8906,1832
8907,1375
8908,1546
8909,1553
8910,3073
8911,1868
8912,1707
8913,1401
8914,1336
8915,1374
8916,1498
8917,1499
8918,1405
8919,1392
8920,2006
8921,1404
8922,1571
8923,1553
8924,1602
8925,1698
8926,1408
8927,1226
8928,1505
8929,1378
8930,2020
8931,2159
8932,1347
8933,1309
8934,1348
8935,1342
8936,1348
8937,1422
8938,2770
8939,1350
8940,1897
8941,1442
8942,1392
8943,1317
8944,1539
8945,1549
8946,1358
8947,1468
8948,1249
8949,2600
8950,2354
8951,1337
8952,1409
8953,1154
8954,1424
8955,1506
8956,1198
8957,1059
8958,1490
8959,1216
8960,2355
8961,1319
8962,1858
8963,1283
8964,2306
8965,1631
8966,1420
8967,1104
8968,1391
8969,2307
8970,1508
8971,1524
8972,1239
8973,1341
8974,1380
8975,1444
8976,1419
8977,1469
8978,1279
8979,1440
8980,1958
8981,1526
8982,1214
8983,3430
8984,2235
8985,1292
8986,1557
8987,1242
8988,1738
8989,3137
8990,2389
8991,1397
8992,1390
8993,1996
8994,1430
8995,1692
8996,1487
8997,1471
8998,1792
8999,3837
9000,141791
9001,86944
9002,8064
9003,5266
9004,4164
9005,3945
9006,3887
9007,3084
9008,2536
9009,3880
9010,5024
9011,2627
9012,2914
9013,1754
9014,1969
9015,2531
9016,1927
9017,1676
9018,1793
9019,1606
9020,3607
9021,2019
9022,1796
9023,1756
9024,2116
9025,2067
9026,1484
9027,1795
9028,1370
9029,1560
9030,2542
9031,1774
9032,1674
9033,1759
9034,1298
9035,1679
9036,1728
9037,1373
9038,1388
9039,1433
9040,2464
9041,1653
9042,3184
9043,1415
9044,1486
9045,1481
9046,1421
9047,1375
9048,1466
9049,1234
9050,3861
9051,1729
9052,1563
9053,1442
9054,1681
9055,1820
9056,1405
9057,1405
9058,1399
9059,1544
9060,3225
9061,1417
9062,1428
9063,1361
9064,1429
9065,1346
9066,3364
9067,1207
9068,1423
9069,1330
9070,2031
9071,1641
9072,1385
9073,1250
9074,1136
9075,1899
9076,1262
9077,1551
9078,1951
9079,1252
9080,5476
9081,1785
9082,1620
9083,1662
9084,1315
9085,1856
9086,1188
9087,1551
9088,1657
9089,1695
9090,14267
9091,4340
9092,11854
9093,3243
9094,2222
9095,1906
9096,1497
9097,1419
9098,1464
9099,2521
9100,14760
9101,3383
9102,2241
9103,1766
9104,1985
9105,1940
9106,1616
9107,1462
9108,1582
9109,1402
9110,2903
9111,3127
9112,1601
9113,1606
9114,1545
9115,1838
9116,1564
9117,1504
9118,1308
9119,1796
9120,2422
9121,1794
9122,2293
9123,2286
9124,1389
9125,2145
9126,2008
9127,1353
9128,2270
9129,1296
9130,2040
9131,2080
9132,1602
9133,1527
9134,1236
9135,1528
9136,1656
9137,1367
9138,1165
9139,1250
9140,2220
9141,1839
9142,1617
9143,1156
9144,2635
9145,1505
9146,1171
9147,1263
9148,1353
9149,1632
9150,2922
9151,1554
9152,1459
9153,1542
9154,1238
9155,1787
9156,1201
9157,1107
9158,1287
9159,1109
9160,2187
9161,1412
9162,1303
9163,1220
9164,1319
9165,1946
9166,1433
9167,2048
9168,1370
9169,1207
9170,1520
9171,1791
9172,1253
9173,1527
9174,1181
9175,1499
9176,1315
9177,1315
9178,1327
9179,1250
9180,1977
9181,1488
9182,1427
9183,1335
9184,1690
9185,1361
9186,1113
9187,1471
9188,1395
9189,1283
9190,1969
9191,2757
9192,1669
9193,1589
9194,1340
9195,1495
9196,1279
9197,1251
9198,1256
9199,1743
9200,26605
9201,2840
9202,2091
9203,1991
9204,1520
9205,1797
9206,1429
9207,1487
9208,1797
9209,1414
9210,2118
9211,2424
9212,2478
9213,1507
9214,1358
9215,1539
9216,3048
9217,1549
9218,1295
9219,1445
9220,2495
9221,1663
9222,3276
9223,1757
9224,1497
9225,2063
9226,1414
9227,1578
9228,1440
9229,2236
9230,2708
9231,1566
9232,1672
9233,1591
9234,1418
9235,1464
9236,1291
9237,1321
9238,1505
9239,1486
9240,2151
9241,2213
9242,1492
9243,1505
9244,1464
9245,1300
9246,1303
9247,1364
9248,1515
9249,1345
9250,3900
9251,1701
9252,1567
9253,1354
9254,1186
9255,1640
9256,1361
9257,1468
9258,1557
9259,1192
9260,2040
9261,1666
9262,1937
9263,1387
9264,1313
9265,1465
9266,1518
9267,1381
9268,1613
9269,1185
9270,1522
9271,1373
9272,1476
9273,1313
9274,1367
9275,1489
9276,1468
9277,1447
9278,1414
9279,1291
9280,2015
9281,1436
9282,1415
9283,1469
9284,1290
9285,1341
9286,1395
9287,1227
9288,1483
9289,1143
9290,2093
9291,1407
9292,4125
9293,1446
9294,1446
9295,1719
9296,1284
9297,1314
9298,1362
9299,1512
9300,15121
9301,2263
9302,1667
9303,1719
9304,1380
9305,1556
9306,1461
9307,1263
9308,1347
9309,1327
9310,2748
9311,1901
9312,1699
9313,1447
9314,1372
9315,1547
9316,1373
9317,1245
9318,1232
9319,1249
9320,2543
9321,1432
9322,1516
9323,1333
9324,1482
9325,2227
9326,2364
9327,1623
9328,1560
9329,1220
9330,2114
9331,1609
9332,1433
9333,3319
9334,1367
9335,1619
9336,1719
9337,1526
9338,1251
9339,1471
9340,1690
9341,1551
9342,1292
9343,1761
9344,1556
9345,1492
9346,1285
9347,1315
9348,1222
9349,1404
9350,3019
9351,1789
9352,1351
9353,1234
9354,1277
9355,1930
9356,1306
9357,1301
9358,1274
9359,1336
9360,3211
9361,1529
9362,1527
9363,1285
9364,1509
9365,1376
9366,1204
9367,1211
9368,1151
9369,1347
9370,2295
9371,1456
9372,1404
9373,1339
9374,1249
9375,17043
9376,1601
9377,1468
9378,1608
9379,1130
9380,2258
9381,1702
9382,1241
9383,1591
9384,1793
9385,1512
9386,1268
9387,1312
9388,1557
9389,1283
9390,1582
9391,1394
9392,1393
9393,2350
9394,1528
9395,1428
9396,1212
9397,1618
9398,1258
9399,1543
9400,10146
9401,1965
9402,1473
9403,1627
9404,1714
9405,1588
9406,1320
9407,1273
9408,1652
9409,1438
9410,2192
9411,2851
9412,1584
9413,1393
9414,1482
9415,1828
9416,1432
9417,1658
9418,1662
9419,1664
9420,2178
9421,1494
9422,1604
9423,1203
9424,1575
9425,1651
9426,1246
9427,1207
9428,1262
9429,1389
9430,1799
9431,1370
9432,1449
9433,1463
9434,1355
9435,1417
9436,1230
9437,1313
9438,1465
9439,1260
9440,2305
9441,1490
9442,1484
9443,4010
9444,2060
9445,1651
9446,1409
9447,1234
9448,1424
9449,1542
9450,2519
9451,1430
9452,1433
9453,1515
9454,1326
9455,1427
9456,1370
9457,1335
9458,1203
9459,1181
9460,1861
9461,1329
9462,1280
9463,1815
9464,1525
9465,1723
9466,1343
9467,1346
9468,1326
9469,1328
9470,1542
9471,1192
9472,1906
9473,1650
9474,1853
9475,1348
9476,1264
9477,1467
9478,1237
9479,1358
9480,1611
9481,1287
9482,1221
9483,1091
9484,1456
9485,1307
9486,1254
9487,1360
9488,1308
9489,1190
9490,1616
9491,1166
9492,1429
9493,1214
9494,1977
9495,1530
9496,1484
9497,1320
9498,1206
9499,1553
9500,22051
9501,2686
9502,2034
9503,1786
9504,1962
9505,2071
9506,1432
9507,1352
9508,1552
9509,1280
9510,2198
9511,2017
9512,1466
9513,1517
9514,1520
9515,1754
9516,1501
9517,1311
9518,1527
9519,1289
9520,2123
9521,1632
9522,1366
9523,1550
9524,1565
9525,2743
9526,1326
9527,2033
9528,1517
9529,1342
9530,2228
9531,1705
9532,1393
9533,1422
9534,1344
9535,1385
9536,1760
9537,1350
9538,1309
9539,1120
9540,1789
9541,1669
9542,1354
9543,1304
9544,1308
9545,1914
9546,1343
9547,1241
9548,1192
9549,1138
9550,4042
9551,1665
9552,1343
9553,1310
9554,1210
9555,3042
9556,1259
9557,1286
9558,1414
9559,1532
9560,2946
9561,1249
9562,1209
9563,1196
9564,1309
9565,1406
9566,1395
9567,1306
9568,1755
9569,1305
9570,2256
9571,1288
9572,1379
9573,1198
9574,1112
9575,1938
9576,1143
9577,1232
9578,1231
9579,1795
9580,1765
9581,1123
9582,1200
9583,1310
9584,1216
9585,1404
9586,1111
9587,1333
9588,1172
9589,1208
9590,2186
9591,1125
9592,1334
9593,1296
9594,1225
9595,2926
9596,1472
9597,1176
9598,1435
9599,1642
9600,31036
9601,2658
9602,1701
9603,1724
9604,1879
9605,2031
9606,3377
9607,1914
9608,1979
9609,1378
9610,2235
9611,2254
9612,1496
9613,1576
9614,1271
9615,1593
9616,1218
9617,1356
9618,1410
9619,1293
9620,1970
9621,1300
9622,2033
9623,1326
9624,1357
9625,1763
9626,1486
9627,1200
9628,1087
9629,1268
9630,2255
9631,1223
9632,1736
9633,1439
9634,1093
9635,1255
9636,1290
9637,1250
9638,1183
9639,1391
9640,1448
9641,1392
9642,3314
9643,1306
9644,1284
9645,1531
9646,1361
9647,1371
9648,1297
9649,1258
9650,3737
9651,1417
9652,1454
9653,1258
9654,2256
9655,1435
9656,1469
9657,1189
9658,1729
9659,1269
9660,3488
9661,1555
9662,9708
9663,1686
9664,1799
9665,1431
9666,1587
9667,1661
9668,1440
9669,1399
9670,12408
9671,1182
9672,1403
9673,1373
9674,2148
9675,1856
9676,1207
9677,1228
9678,1183
9679,2252
9680,1448
9681,1289
9682,1243
9683,1222
9684,1208
9685,1449
9686,1499
9687,1260
9688,3577
9689,1251
9690,1685
9691,1232
9692,1167
9693,1224
9694,1123
9695,1379
9696,2426
9697,1540
9698,1204
9699,1360
9700,14087
9701,2098
9702,1480
9703,1374
9704,1404
9705,1488
9706,1475
9707,1639
9708,1474
9709,1540
9710,1634
9711,1821
9712,1549
9713,1203
9714,1429
9715,1282
9716,1298
9717,1161
9718,1120
9719,1075
9720,1888
9721,1400
9722,1352
9723,1201
9724,1218
9725,1513
9726,1372
9727,1264
9728,1731
9729,1467
9730,1412
9731,1136
9732,1269
9733,4080
9734,1905
9735,1570
9736,1269
9737,1283
9738,1303
9739,1154
9740,1452
9741,1503
9742,1286
9743,1320
9744,2640
9745,1682
9746,1142
9747,1408
9748,1132
9749,1112
9750,3022
9751,1284
9752,1280
9753,1237
9754,1207
9755,1506
9756,1408
9757,1215
9758,1291
9759,1080
9760,1517
9761,1322
9762,1241
9763,1338
9764,1143
9765,1306
9766,1535
9767,1521
9768,1254
9769,1147
9770,1794
9771,1295
9772,1268
9773,1171
9774,1185
9775,1439
9776,2225
9777,2051
9778,1510
9779,1449
9780,2623
9781,1374
9782,1116
9783,1209
9784,1473
9785,1415
9786,1360
9787,1421
9788,1393
9789,1308
9790,2028
9791,1342
9792,1833
9793,2359
9794,1268
9795,1297
9796,2748
9797,1980
9798,1481
9799,1579
9800,15913
9801,3130
9802,2027
9803,1583
9804,1630
9805,1516
9806,1475
9807,1555
9808,1684
9809,1179
9810,3625
9811,1618
9812,1398
9813,1395
9814,1258
9815,1463
9816,1427
9817,1341
9818,1355
9819,1179
9820,2687
9821,1475
9822,1881
9823,1328
9824,1497
9825,1953
9826,1324
9827,1419
9828,1397
9829,1497
9830,1790
9831,1231
9832,1630
9833,1652
9834,1408
9835,1599
9836,1305
9837,1186
9838,1288
9839,1272
9840,1949
9841,1426
9842,1367
9843,1406
9844,1639
9845,1555
9846,1244
9847,1262
9848,1347
9849,1139
9850,2949
9851,1404
9852,1267
9853,1433
9854,1235
9855,1470
9856,1575
9857,1436
9858,1440
9859,1247
9860,2155
9861,1506
9862,1035
9863,1187
9864,1234
9865,1443
9866,1356
9867,1268
9868,1682
9869,1274
9870,1561
9871,1425
9872,1422
9873,1290
9874,1190
9875,1939
9876,6086
9877,1705
9878,1367
9879,1335
9880,1890
9881,1308
9882,1320
9883,1209
9884,1153
9885,1359
9886,1278
9887,1698
9888,2558
9889,1825
9890,1673
9891,1126
9892,1163
9893,1149
9894,1091
9895,1841
9896,1305
9897,1272
9898,2873
9899,2559
9900,17449
9901,3195
9902,1821
9903,1939
9904,1954
9905,1693
9906,1447
9907,1524
9908,1692
9909,1510
9910,2100
9911,2110
9912,1750
9913,1606
9914,1330
9915,1465
9916,1372
9917,1422
9918,1395
9919,1622
9920,2012
9921,1476
9922,1977
9923,1598
9924,1304
9925,1950
9926,1760
9927,1248
9928,1357
9929,1421
9930,2901
9931,1403
9932,1407
9933,2271
9934,1356
9935,1552
9936,1451
9937,1310
9938,1415
9939,1839
9940,1702
9941,1319
9942,1310
9943,1259
9944,1870
9945,1626
9946,1334
9947,1670
9948,1536
9949,1620
9950,2731
9951,1482
9952,1336
9953,1318
9954,1397
9955,1807
9956,1427
9957,1269
9958,1438
9959,1589
9960,2732
9961,1703
9962,1429
9963,1311
9964,1507
9965,1845
9966,2341
9967,1468
9968,1363
9969,1431
9970,1570
9971,1591
9972,1566
9973,1736
9974,1416
9975,2203
9976,1606
9977,1865
9978,1674
9979,1670
9980,2366
9981,2372
9982,1894
9983,1807
9984,2327
9985,2012
9986,1882
9987,2175
9988,3134
9989,2618
9990,5071
9991,3230
9992,2658
9993,2823
9994,3063
9995,4681
9996,3760
9997,4181
9998,6541
9999,115063
10000,339004
