number,count
0,91849696
1,192342137
2,152506821
3,104857295
4,75269784
5,73506574
6,47383061
7,39344663
8,38091668
9,32916914
10,54375419
11,31962026
12,37823055
13,26475207
14,22336944
15,25715853
16,20948535
17,18149472
18,19336833
19,18249433
20,26909535
21,13762124
22,13140885
23,12000447
24,11610133
25,13798421
26,8493332
27,8333322
28,8448576
29,7875232
30,17591675
31,6314995
32,5598360
33,4180176
34,3796409
35,5198207
36,4020722
37,3523396
38,3446327
39,3685729
40,8841378
41,3112399
42,3553691
43,3069680
44,3226394
45,4914773
46,2975415
47,2931268
48,3448415
49,2941502
50,13162647
51,2885881
52,2936082
53,2676867
54,2697043
55,3362746
56,2763257
57,2563858
58,2514701
59,2622202
60,5836953
61,1003701
62,1117953
63,1074606
64,2459922
65,2016261
66,1136563
67,1096215
68,961095
69,886338
70,3673882
71,863955
72,1261998
73,871979
74,844422
75,2833025
76,826297
77,862472
78,896983
79,770426
80,4419881
81,853136
82,794810
83,834601
84,832996
85,1417899
86,806422
87,742438
88,823679
89,784419
90,4682035
91,846587
92,807286
93,788785
94,727804
95,2029501
96,937631
97,898475
98,1071261
99,2798289
100,15871239
101,1073293
102,453500
103,419150
104,419726
105,535275
106,389400
107,353023
108,417215
109,376498
110,811365
111,452992
112,370098
113,306936
114,297515
115,400950
116,291779
117,303457
118,285113
119,276169
120,1487146
121,319756
122,288752
123,614285
124,264782
125,703430
126,275864
127,340183
128,759964
129,249175
130,642477
131,237840
132,262048
133,250257
134,218327
135,360091
136,223816
137,253507
138,218722
139,224337
140,653368
141,214519
142,214073
143,219375
144,310374
145,289344
146,212372
147,234675
148,199528
149,205997
150,2167598
151,203120
152,195851
153,202639
154,187119
155,273785
156,192364
157,192050
158,176820
159,179129
160,770719
161,187894
162,190256
163,185019
164,176062
165,258304
166,170641
167,185560
168,233656
169,178639
170,383075
171,163474
172,173374
173,164180
174,151686
175,317183
176,170375
177,168927
178,152039
179,164657
180,1112125
181,156400
182,154854
183,192900
184,160065
185,212570
186,168548
187,172689
188,143182
189,159056
190,294358
191,150063
192,246263
193,151038
194,135072
195,194368
196,150885
197,137856
198,143608
199,179588
200,4632726
201,232941
202,198890
203,168339
204,157735
205,183377
206,177343
207,146142
208,164339
209,138504
210,301093
211,149772
212,206693
213,139340
214,141801
215,178721
216,169317
217,130189
218,123417
219,119468
220,405520
221,155761
222,167749
223,169993
224,155074
225,267896
226,125895
227,120862
228,142705
229,112096
230,282820
231,138871
232,153748
233,160965
234,158160
235,211879
236,116074
237,122165
238,154483
239,130127
240,442754
241,121028
242,115445
243,130374
244,128740
245,142691
246,124151
247,110198
248,116917
249,111348
250,1647194
251,116628
252,158489
253,116430
254,126085
255,495988
256,730228
257,110373
258,91737
259,93518
260,234963
261,100568
262,119755
263,109649
264,156156
265,141486
266,93159
267,93310
268,94113
269,96622
270,273593
271,93920
272,101076
273,158670
274,87965
275,196563
276,90093
277,101520
278,88317
279,88127
280,259406
281,92491
282,89715
283,90360
284,90227
285,116073
286,97306
287,97754
288,110580
289,92032
290,143839
291,83217
292,88043
293,93988
294,91050
295,102209
296,91708
297,87296
298,98633
299,128467
300,3111240
301,220547
302,141520
303,133021
304,118474
305,121925
306,95428
307,92182
308,114582
309,85769
310,157473
311,102528
312,116518
313,97606
314,96144
315,134936
316,91430
317,104006
318,107805
319,135109
320,265741
321,107014
322,105504
323,102015
324,98722
325,183512
326,77024
327,81072
328,81155
329,74322
330,238606
331,82288
332,80193
333,195939
334,79962
335,90300
336,95187
337,81723
338,74996
339,70362
340,159923
341,79050
342,77630
343,89298
344,75359
345,118849
346,67516
347,81384
348,70786
349,72823
350,638578
351,83506
352,75567
353,75085
354,77467
355,91980
356,78265
357,91745
358,66701
359,70771
360,849034
361,75548
362,65329
363,71199
364,79946
365,424462
366,84331
367,69003
368,67643
369,62043
370,150903
371,71486
372,73284
373,70278
374,60282
375,192421
376,66103
377,75815
378,69098
379,63861
380,156720
381,68693
382,63888
383,64330
384,113675
385,83580
386,83920
387,81059
388,60320
389,62225
390,117181
391,67147
392,63560
393,67970
394,60008
395,81809
396,61941
397,61699
398,54784
399,86393
400,2562588
401,678875
402,70520
403,138587
404,216145
405,96271
406,74252
407,67506
408,75361
409,67500
410,140470
411,75834
412,71076
413,64955
414,72287
415,103869
416,76381
417,66389
418,55997
419,58633
420,165363
421,66079
422,65412
423,61903
424,61543
425,110433
426,59462
427,59939
428,60166
429,64926
430,122929
431,60705
432,80247
433,66813
434,57301
435,97428
436,55299
437,57049
438,54631
439,49887
440,158847
441,60920
442,53884
443,82226
444,79734
445,65284
446,52683
447,59136
448,56152
449,55338
450,444254
451,126622
452,54855
453,59562
454,62518
455,71915
456,108229
457,72303
458,69191
459,54950
460,116673
461,50099
462,51558
463,52627
464,52536
465,68099
466,50986
467,51442
468,51103
469,50345
470,106448
471,63652
472,49137
473,50607
474,45353
475,86493
476,83537
477,46553
478,47243
479,54884
480,209959
481,51467
482,46484
483,74973
484,51625
485,68237
486,80174
487,46163
488,51693
489,46854
490,89315
491,45064
492,45273
493,48051
494,44624
495,70451
496,52922
497,45064
498,49196
499,85306
500,5453396
501,123871
502,67043
503,69723
504,90917
505,68309
506,49962
507,50272
508,61562
509,76227
510,114548
511,64458
512,336176
513,52462
514,52551
515,58237
516,52173
517,50178
518,46142
519,45219
520,120343
521,95284
522,46141
523,51371
524,46299
525,87694
526,50781
527,51515
528,48648
529,197015
530,95909
531,49002
532,47248
533,52744
534,49620
535,67771
536,64253
537,52541
538,69530
539,49272
540,132447
541,51875
542,47366
543,52574
544,45949
545,54411
546,45540
547,43093
548,39003
549,42751
550,301963
551,54161
552,44805
553,45492
554,39514
555,138558
556,43987
557,40146
558,44990
559,40674
560,122241
561,47355
562,43304
563,46657
564,39910
565,52577
566,36575
567,55249
568,43538
569,39950
570,96359
571,47609
572,41155
573,41663
574,40671
575,60957
576,64424
577,44740
578,37078
579,40716
580,91116
581,50281
582,39116
583,39607
584,40302
585,54102
586,48016
587,47025
588,39944
589,45218
590,72564
591,38667
592,43812
593,39853
594,37604
595,46911
596,38105
597,45255
598,40318
599,74840
600,1645168
601,63508
602,63414
603,59991
604,56122
605,48711
606,49503
607,43523
608,45080
609,50580
610,84531
611,41112
612,51276
613,56739
614,41936
615,53419
616,60006
617,54593
618,86254
619,40756
620,93543
621,41540
622,52352
623,42665
624,45740
625,130343
626,48586
627,41625
628,43268
629,37818
630,86989
631,47222
632,59861
633,41330
634,36830
635,44035
636,43371
637,38221
638,36837
639,47981
640,140477
641,41554
642,49388
643,37092
644,49970
645,50261
646,40004
647,48526
648,44870
649,39561
650,258259
651,38738
652,32887
653,35391
654,37962
655,42908
656,49193
657,34343
658,31445
659,31635
660,100027
661,44024
662,36393
663,36179
664,39269
665,40705
666,145426
667,62573
668,38389
669,36934
670,75995
671,37801
672,38607
673,36057
674,41970
675,55742
676,37886
677,37174
678,42611
679,35240
680,90714
681,34910
682,33074
683,34014
684,35162
685,38215
686,37930
687,35715
688,35927
689,32096
690,60326
691,43626
692,33973
693,37543
694,30947
695,38374
696,33790
697,31164
698,30150
699,39854
700,1043846
701,50841
702,50603
703,51603
704,48399
705,44593
706,38427
707,57883
708,36074
709,46162
710,63437
711,52930
712,42542
713,42100
714,42832
715,44233
716,39747
717,37602
718,48480
719,33927
720,159945
721,47928
722,39190
723,31368
724,31558
725,53952
726,31699
727,44399
728,40754
729,39724
730,73800
731,38684
732,53352
733,34657
734,33689
735,38539
736,32532
737,74254
738,30072
739,31031
740,70647
741,43008
742,33010
743,32514
744,40200
745,39173
746,36979
747,101131
748,31041
749,32685
750,463524
751,36977
752,36357
753,48220
754,70972
755,69318
756,38578
757,44188
758,26866
759,35191
760,98871
761,29478
762,31092
763,33916
764,29672
765,43027
766,35508
767,50840
768,78325
769,33851
770,75680
771,32884
772,35694
773,35123
774,32666
775,58244
776,42404
777,119843
778,38751
779,28361
780,83844
781,32968
782,31907
783,32952
784,42373
785,41090
786,37614
787,55517
788,31024
789,47954
790,50355
791,29670
792,49079
793,31762
794,35142
795,33549
796,28122
797,29432
798,28131
799,38169
800,1772958
801,52763
802,146575
803,38575
804,37001
805,41396
806,30320
807,34604
808,54297
809,31007
810,57379
811,32795
812,33835
813,37875
814,38939
815,41085
816,34896
817,31609
818,37587
819,29325
820,58071
821,31493
822,41509
823,30489
824,33134
825,47689
826,32574
827,31144
828,33826
829,32855
830,57794
831,28864
832,33807
833,51581
834,27002
835,33327
836,30911
837,27649
838,26635
839,28049
840,79138
841,31051
842,32698
843,37813
844,41593
845,44730
846,31885
847,34299
848,30769
849,27106
850,192493
851,28431
852,35000
853,30848
854,33511
855,79071
856,31406
857,32508
858,31835
859,30494
860,61517
861,28463
862,28455
863,31299
864,43892
865,38408
866,73271
867,30996
868,26878
869,28171
870,58971
871,30552
872,29040
873,27732
874,33238
875,76067
876,31282
877,67713
878,29317
879,27566
880,68946
881,27049
882,29251
883,30385
884,25308
885,29662
886,28321
887,26805
888,119050
889,27611
890,51231
891,28404
892,27671
893,30205
894,26847
895,32483
896,28959
897,26385
898,28070
899,34263
900,790038
901,42131
902,34303
903,31143
904,34277
905,37637
906,32205
907,50747
908,30181
909,40957
910,62189
911,321164
912,39138
913,38071
914,35731
915,36838
916,37320
917,33627
918,32412
919,38310
920,66723
921,28736
922,30902
923,30961
924,34173
925,47810
926,27478
927,28789
928,35153
929,29136
930,56112
931,31407
932,52664
933,30053
934,25749
935,33143
936,45987
937,31886
938,29049
939,29162
940,55880
941,35965
942,25203
943,26051
944,29861
945,36176
946,28391
947,25594
948,24544
949,31733
950,126249
951,30504
952,30453
953,27605
954,30607
955,32084
956,27535
957,26667
958,24307
959,28910
960,98226
961,28192
962,33324
963,28097
964,25477
965,34390
966,28142
967,36873
968,28130
969,31884
970,60937
971,29577
972,36398
973,35730
974,25802
975,44757
976,32971
977,26241
978,501642
979,28370
980,67204
981,39834
982,50524
983,51894
984,30495
985,32591
986,26337
987,40936
988,31239
989,33484
990,75184
991,30834
992,30711
993,29426
994,29050
995,48263
996,35278
997,37613
998,44407
999,343297
1000,2950804
1001,122171
1002,89196
1003,30978
1004,32679
1005,21589
1006,26091
1007,126639
1008,18623
1009,17213
1010,78189
1011,52527
1012,39331
1013,29678
1014,29002
1015,35252
1016,272108
1017,40658
1018,28501
1019,19939
1020,34074
1021,43843
1022,24874
1023,77193
1024,340810
1025,26492
1026,17886
1027,17825
1028,15807
1029,20634
1030,32029
1031,34921
1032,14540
1033,22466
1034,14031
1035,21017
1036,12688
1037,46361
1038,161647
1039,17068
1040,119554
1041,17868
1042,19398
1043,11681
1044,12934
1045,16090
1046,21975
1047,11546
1048,12644
1049,12189
1050,56494
1051,15347
1052,12285
1053,13489
1054,25249
1055,16549
1056,19879
1057,13160
1058,11963
1059,10651
1060,31999
1061,12007
1062,11171
1063,18965
1064,15132
1065,16143
1066,103401
1067,14667
1068,12184
1069,13215
1070,33271
1071,16123
1072,11775
1073,61529
1074,15751
1075,17225
1076,11707
1077,12887
1078,12131
1079,12240
1080,127435
1081,14539
1082,9796
1083,11562
1084,11668
1085,14650
1086,39089
1087,13862
1088,25798
1089,18644
1090,18555
1091,13054
1092,10626
1093,83652
1094,11210
1095,31866
1096,20739
1097,25338
1098,44417
1099,183961
1100,171173
1101,54642
1102,15996
1103,40012
1104,11396
1105,17734
1106,11844
1107,12404
1108,14087
1109,39084
1110,35111
1111,162995
1112,15613
1113,12715
1114,10422
1115,13148
1116,13613
1117,11976
1118,12974
1119,14397
1120,24704
1121,11912
1122,17486
1123,11834
1124,11135
1125,18741
1126,77891
1127,12701
1128,17883
1129,8969
1130,18957
1131,10640
1132,9345
1133,10195
1134,9949
1135,15492
1136,25619
1137,14621
1138,13754
1139,12921
1140,15494
1141,10649
1142,13802
1143,10455
1144,10593
1145,35863
1146,24333
1147,13057
1148,8775
1149,9742
1150,34071
1151,10704
1152,19279
1153,10504
1154,15152
1155,21593
1156,15667
1157,9668
1158,11747
1159,12934
1160,14067
1161,14213
1162,16835
1163,11230
1164,12308
1165,9962
1166,10672
1167,13662
1168,8453
1169,11001
1170,19187
1171,11305
1172,11023
1173,10475
1174,8691
1175,15942
1176,13082
1177,40431
1178,8602
1179,10716
1180,18664
1181,9321
1182,10991
1183,9963
1184,11187
1185,18975
1186,53766
1187,14686
1188,9816
1189,16658
1190,16163
1191,12131
1192,15919
1193,9895
1194,11787
1195,9528
1196,9669
1197,9236
1198,14193
1199,15868
1200,384093
1201,18814
1202,21577
1203,16070
1204,27761
1205,13322
1206,23643
1207,15273
1208,11644
1209,14730
1210,18594
1211,38113
1212,28746
1213,18712
1214,18270
1215,49687
1216,19622
1217,12454
1218,11174
1219,11785
1220,19789
1221,14207
1222,14759
1223,15698
1224,11991
1225,27449
1226,11335
1227,19744
1228,10233
1229,12733
1230,19007
1231,16570
1232,12213
1233,11067
1234,137482
1235,16386
1236,13129
1237,11364
1238,10644
1239,8963
1240,19941
1241,17997
1242,15655
1243,10682
1244,12309
1245,12677
1246,10329
1247,10237
1248,13754
1249,11423
1250,99205
1251,17230
1252,22147
1253,12726
1254,13287
1255,19490
1256,36449
1257,12766
1258,21311
1259,12939
1260,31428
1261,13373
1262,8838
1263,9764
1264,11364
1265,14708
1266,9283
1267,9738
1268,9897
1269,7655
1270,17247
1271,38347
1272,13606
1273,16005
1274,18217
1275,16720
1276,13786
1277,10290
1278,9576
1279,23858
1280,40692
1281,11394
1282,34211
1283,9184
1284,10705
1285,11703
1286,8033
1287,10229
1288,9203
1289,8821
1290,19234
1291,15774
1292,10740
1293,8866
1294,14259
1295,15601
1296,17736
1297,12157
1298,9733
1299,13739
1300,205943
1301,18256
1302,13401
1303,11606
1304,13382
1305,13734
1306,10707
1307,17079
1308,12298
1309,11060
1310,14931
1311,11910
1312,13625
1313,12982
1314,13663
1315,13443
1316,10503
1317,10545
1318,8283
1319,8045
1320,18762
1321,12196
1322,9462
1323,11164
1324,12648
1325,21485
1326,11044
1327,13604
1328,13271
1329,7757
1330,16034
1331,11702
1332,11840
1333,19774
1334,9031
1335,9820
1336,11470
1337,36254
1338,9445
1339,8319
1340,16111
1341,9683
1342,9351
1343,8408
1344,9897
1345,11103
1346,17060
1347,21286
1348,22100
1349,13028
1350,53681
1351,19360
1352,9686
1353,15509
1354,8364
1355,9356
1356,11920
1357,10108
1358,8556
1359,7762
1360,15908
1361,9889
1362,10044
1363,8498
1364,12364
1365,21249
1366,14099
1367,11201
1368,30511
1369,10214
1370,15495
1371,58139
1372,8924
1373,9529
1374,9398
1375,16236
1376,8463
1377,16544
1378,13253
1379,8199
1380,17530
1381,13171
1382,12011
1383,7119
1384,9181
1385,10664
1386,12614
1387,10368
1388,9236
1389,13071
1390,15245
1391,10563
1392,13809
1393,8674
1394,11646
1395,11148
1396,11484
1397,11655
1398,11349
1399,13279
1400,207267
1401,17893
1402,11997
1403,10815
1404,10492
1405,13356
1406,11991
1407,8393
1408,10641
1409,9439
1410,15521
1411,10212
1412,11842
1413,11241
1414,11124
1415,32432
1416,18468
1417,10393
1418,9500
1419,10718
1420,19503
1421,11348
1422,12496
1423,9181
1424,9386
1425,15413
1426,6476
1427,8564
1428,11398
1429,12826
1430,15506
1431,12870
1432,11138
1433,12782
1434,9372
1435,12412
1436,9952
1437,9455
1438,11870
1439,11134
1440,46336
1441,11946
1442,9511
1443,10604
1444,12463
1445,9600
1446,10045
1447,7829
1448,7932
1449,9802
1450,57217
1451,11420
1452,15728
1453,54696
1454,8189
1455,15484
1456,9664
1457,9707
1458,10105
1459,8213
1460,19791
1461,15008
1462,9528
1463,8060
1464,10013
1465,8661
1466,8953
1467,19606
1468,11500
1469,19088
1470,20713
1471,33710
1472,12198
1473,14091
1474,10621
1475,17364
1476,12795
1477,12025
1478,13941
1479,10762
1480,18684
1481,10894
1482,10847
1483,22266
1484,10809
1485,31586
1486,11616
1487,12584
1488,10800
1489,9713
1490,15016
1491,15563
1492,92709
1493,19787
1494,20811
1495,13990
1496,10546
1497,16909
1498,17605
1499,15747
1500,601064
1501,20939
1502,21904
1503,18324
1504,15264
1505,16691
1506,23573
1507,12701
1508,14036
1509,24544
1510,19104
1511,17782
1512,20704
1513,20419
1514,14996
1515,22203
1516,25285
1517,33033
1518,15157
1519,40901
1520,37588
1521,40027
1522,16447
1523,18122
1524,17334
1525,28326
1526,26172
1527,18953
1528,13844
1529,17954
1530,28323
1531,14284
1532,18321
1533,23030
1534,25935
1535,20332
1536,35813
1537,14287
1538,14679
1539,15613
1540,32218
1541,18829
1542,22488
1543,30464
1544,11050
1545,20542
1546,18590
1547,24392
1548,11881
1549,15919
1550,46132
1551,12552
1552,13362
1553,20331
1554,13973
1555,21220
1556,18408
1557,14325
1558,29538
1559,24429
1560,25821
1561,15076
1562,15062
1563,14273
1564,28480
1565,17373
1566,15018
1567,13510
1568,15578
1569,16571
1570,23155
1571,20658
1572,21622
1573,15506
1574,10834
1575,15085
1576,14750
1577,12847
1578,13881
1579,12551
1580,27279
1581,14547
1582,24061
1583,13911
1584,15532
1585,20625
1586,13306
1587,17712
1588,34202
1589,16321
1590,24124
1591,16354
1592,18666
1593,15053
1594,13826
1595,16581
1596,27031
1597,15501
1598,26352
1599,20539
1600,301910
1601,24704
1602,20544
1603,52372
1604,24214
1605,28154
1606,23275
1607,30601
1608,24094
1609,37867
1610,37162
1611,32322
1612,17648
1613,16982
1614,16526
1615,17955
1616,27624
1617,14436
1618,27892
1619,28314
1620,43890
1621,20339
1622,13853
1623,24312
1624,15931
1625,24645
1626,16657
1627,15737
1628,20565
1629,17731
1630,32526
1631,15133
1632,30077
1633,15826
1634,16298
1635,19277
1636,18075
1637,24519
1638,19442
1639,13922
1640,34428
1641,21430
1642,49558
1643,24342
1644,38056
1645,41796
1646,17730
1647,15168
1648,47474
1649,28664
1650,70972
1651,23881
1652,17460
1653,15751
1654,16790
1655,16059
1656,16195
1657,14024
1658,18018
1659,14560
1660,50233
1661,19545
1662,22477
1663,14956
1664,17675
1665,30679
1666,25300
1667,25219
1668,15647
1669,13324
1670,22796
1671,13373
1672,19882
1673,13938
1674,15377
1675,18767
1676,17047
1677,13480
1678,14555
1679,18284
1680,30739
1681,13958
1682,16113
1683,22226
1684,13180
1685,24323
1686,14751
1687,24863
1688,40610
1689,41001
1690,29960
1691,14763
1692,21227
1693,12650
1694,18970
1695,14328
1696,12981
1697,18678
1698,13517
1699,15597
1700,200142
1701,30118
1702,21160
1703,19512
1704,25869
1705,17092
1706,18853
1707,44396
1708,15631
1709,18109
1710,21285
1711,20763
1712,21660
1713,25958
1714,27388
1715,26936
1716,18014
1717,18830
1718,18232
1719,14348
1720,27501
1721,18532
1722,17010
1723,15586
1724,18191
1725,18983
1726,13756
1727,25335
1728,22081
1729,21538
1730,22573
1731,13497
1732,17595
1733,17731
1734,12026
1735,17873
1736,16950
1737,15053
1738,17740
1739,15890
1740,32500
1741,16318
1742,18717
1743,18304
1744,19281
1745,23457
1746,15565
1747,14505
1748,28688
1749,19633
1750,114908
1751,19551
1752,24692
1753,18509
1754,27612
1755,32054
1756,30986
1757,28953
1758,23778
1759,25272
1760,44716
1761,18647
1762,26385
1763,68109
1764,29762
1765,43197
1766,25733
1767,22542
1768,21783
1769,28238
1770,51469
1771,18240
1772,31163
1773,34242
1774,46557
1775,82560
1776,171909
1777,43317
1778,39910
1779,24087
1780,46992
1781,51001
1782,27883
1783,70459
1784,32425
1785,36114
1786,28821
1787,118769
1788,56791
1789,186388
1790,106824
1791,84945
1792,68453
1793,64745
1794,48649
1795,52060
1796,49501
1797,40147
1798,62682
1799,57518
1800,426905
1801,66009
1802,40289
1803,62877
1804,63135
1805,40636
1806,45970
1807,46410
1808,47139
1809,50959
1810,48935
1811,37066
1812,134825
1813,41581
1814,62425
1815,105496
1816,41644
1817,37372
1818,51413
1819,50149
1820,87646
1821,55569
1822,44634
1823,38183
1824,62799
1825,46389
1826,35951
1827,35298
1828,59707
1829,39729
1830,107115
1831,49388
1832,60837
1833,46190
1834,44826
1835,48497
1836,53140
1837,58580
1838,45487
1839,55099
1840,86874
1841,42462
1842,49031
1843,44842
1844,57758
1845,66148
1846,66565
1847,55962
1848,141942
1849,56382
1850,178905
1851,56041
1852,49220
1853,49392
1854,65065
1855,50055
1856,64560
1857,85968
1858,63371
1859,95102
1860,147900
1861,131183
1862,82153
1863,85832
1864,77232
1865,133398
1866,76068
1867,95616
1868,96704
1869,70943
1870,157230
1871,120156
1872,70243
1873,65498
1874,55529
1875,73071
1876,86100
1877,71863
1878,62726
1879,77074
1880,128038
1881,72444
1882,78197
1883,69424
1884,73530
1885,81321
1886,71280
1887,72228
1888,76270
1889,89467
1890,149028
1891,68483
1892,72398
1893,81479
1894,83949
1895,109475
1896,112782
1897,88214
1898,125665
1899,93974
1900,456926
1901,135297
1902,104005
1903,116557
1904,112632
1905,197153
1906,114488
1907,106343
1908,127275
1909,104327
1910,183733
1911,196252
1912,169586
1913,499467
1914,364627
1915,178832
1916,173227
1917,318737
1918,391989
1919,244696
1920,388416
1921,170311
1922,172579
1923,147709
1924,143006
1925,144866
1926,127338
1927,137151
1928,150352
1929,234158
1930,365123
1931,154964
1932,173920
1933,275371
1934,151458
1935,200780
1936,232282
1937,208541
1938,222922
1939,385012
1940,500168
1941,340544
1942,258312
1943,222494
1944,275023
1945,632173
1946,234407
1947,315947
1948,364524
1949,278065
1950,543369
1951,202782
1952,212211
1953,239254
1954,237533
1955,228452
1956,262821
1957,254208
1958,250736
1959,258928
1960,566654
1961,319030
1962,308770
1963,319416
1964,369007
1965,383984
1966,283798
1967,400344
1968,406627
1969,402114
1970,710795
1971,394108
1972,423683
1973,484006
1974,405505
1975,487191
1976,437465
1977,422989
1978,427536
1979,529681
1980,842679
1981,471495
1982,496681
1983,480299
1984,621120
1985,562723
1986,599638
1987,576461
1988,620548
1989,758299
1990,1154622
1991,914176
1992,875104
1993,862651
1994,1104534
1995,1178000
1996,1265007
1997,1315673
1998,1461448
1999,1589142
2000,3453262
2001,2377155
2002,2171119
2003,2756806
2004,2984196
2005,3612579
2006,3690536
2007,4336361
2008,5314409
2009,5137718
2010,6051257
2011,6552488
2012,7463631
2013,7399392
2014,6112989
2015,5304823
2016,5454892
2017,5718085
2018,5300403
2019,4399294
2020,4751003
2021,2957367
2022,1453758
2023,120483
2024,99028
2025,191279
2026,55351
2027,32363
2028,31947
2029,30597
2030,258304
2031,13025
2032,13046
2033,14029
2034,10991
2035,42991
2036,12800
2037,9647
2038,16723
2039,7193
2040,58749
2041,9323
2042,7808
2043,5730
2044,7794
2045,27886
2046,8409
2047,13279
2048,110677
2049,21554
2050,248361
2051,6345
2052,6918
2053,5843
2054,5005
2055,9185
2056,5516
2057,5453
2058,4881
2059,4460
2060,32546
2061,9441
2062,4368
2063,5114
2064,4318
2065,6800
2066,4239
2067,4413
2068,4750
2069,4038
2070,19853
2071,5047
2072,4835
2073,3690
2074,4049
2075,8245
2076,4213
2077,10318
2078,3849
2079,3982
2080,26818
2081,4796
2082,3422
2083,5028
2084,4261
2085,4640
2086,3397
2087,3648
2088,3783
2089,3929
2090,8000
2091,3707
2092,3466
2093,3548
2094,3367
2095,4919
2096,3702
2097,3440
2098,3546
2099,10385
2100,143695
2101,6874
2102,5790
2103,5527
2104,6019
2105,14230
2106,7220
2107,4516
2108,4321
2109,4904
2110,7884
2111,6447
2112,9273
2113,27655
2114,4312
2115,5405
2116,5071
2117,4282
2118,3950
2119,4784
2120,6826
2121,6228
2122,27622
2123,4870
2124,4262
2125,5559
2126,4281
2127,4045
2128,7802
2129,3251
2130,5567
2131,27123
2132,3514
2133,6262
2134,5309
2135,3434
2136,3637
2137,3272
2138,4757
2139,5922
2140,11320
2141,3812
2142,5073
2143,4514
2144,3452
2145,4022
2146,2791
2147,4860
2148,5466
2149,3188
2150,12564
2151,3654
2152,3670
2153,3502
2154,4217
2155,3763
2156,3769
2157,3226
2158,2779
2159,3374
2160,15210
2161,3205
2162,2844
2163,3432
2164,6643
2165,4455
2166,3204
2167,3955
2168,2904
2169,3007
2170,4468
2171,3076
2172,3095
2173,2835
2174,8787
2175,3658
2176,2872
2177,2505
2178,3122
2179,2681
2180,4789
2181,6047
2182,3418
2183,2663
2184,3298
2185,3377
2186,2488
2187,5499
2188,3130
2189,2903
2190,4621
2191,2598
2192,3614
2193,2985
2194,2571
2195,3346
2196,3936
2197,4199
2198,3587
2199,5671
2200,65173
2201,4689
2202,4755
2203,4112
2204,4267
2205,5623
2206,3586
2207,3506
2208,3815
2209,3514
2210,8379
2211,4924
2212,3992
2213,3476
2214,3898
2215,3705
2216,2866
2217,3950
2218,3812
2219,3299
2220,6131
2221,4104
2222,20595
2223,4525
2224,4287
2225,5352
2226,3111
2227,3280
2228,3340
2229,5494
2230,4617
2231,4008
2232,3271
2233,3802
2234,3200
2235,2819
2236,3290
2237,2869
2238,3179
2239,2335
2240,5792
2241,3019
2242,3273
2243,2670
2244,3347
2245,3748
2246,2896
2247,3103
2248,2652
2249,3146
2250,17584
2251,4548
2252,3146
2253,3085
2254,3972
2255,4662
2256,6655
2257,3437
2258,3191
2259,4830
2260,5013
2261,6311
2262,3086
2263,2830
2264,3544
2265,3362
2266,6890
2267,4381
2268,3816
2269,3045
2270,4130
2271,2706
2272,3225
2273,3291
2274,2376
2275,3703
2276,2560
2277,3689
2278,2929
2279,25905
2280,5387
2281,3625
2282,2749
2283,2691
2284,2638
2285,3034
2286,2766
2287,3249
2288,4060
2289,2430
2290,3739
2291,2686
2292,2481
2293,2984
2294,2443
2295,3762
2296,2940
2297,2676
2298,2636
2299,3238
2300,51523
2301,6848
2302,3833
2303,2972
2304,5655
2305,3988
2306,2853
2307,43254
2308,3087
2309,3048
2310,5760
2311,4074
2312,4726
2313,3302
2314,3368
2315,3148
2316,2625
2317,2457
2318,2751
2319,26159
2320,4270
2321,2855
2322,4267
2323,4764
2324,3617
2325,27175
2326,3186
2327,2870
2328,2818
2329,3278
2330,4964
2331,2817
2332,2840
2333,4595
2334,4162
2335,2918
2336,3129
2337,4657
2338,3187
2339,2382
2340,5432
2341,3861
2342,3428
2343,3038
2344,3304
2345,17069
2346,3108
2347,2816
2348,3392
2349,2744
2350,8541
2351,2691
2352,3619
2353,2806
2354,3031
2355,2895
2356,3051
2357,3463
2358,2655
2359,3072
2360,3792
2361,2783
2362,2392
2363,2719
2364,2948
2365,2851
2366,3017
2367,3287
2368,3841
2369,3369
2370,4432
2371,3431
2372,3326
2373,3454
2374,2769
2375,5125
2376,3449
2377,4172
2378,2929
2379,2550
2380,3801
2381,3515
2382,2683
2383,2793
2384,2468
2385,2830
2386,2052
2387,2268
2388,2624
2389,2381
2390,3260
2391,2024
2392,2857
2393,2424
2394,2015
2395,2608
2396,4698
2397,2474
2398,2029
2399,2849
2400,79456
2401,5830
2402,3352
2403,3244
2404,2445
2405,2778
2406,2548
2407,2631
2408,2619
2409,2848
2410,3736
2411,2887
2412,3605
2413,3251
2414,3138
2415,2906
2416,2340
2417,2407
2418,2619
2419,2441
2420,3830
2421,2769
2422,5969
2423,3325
2424,4146
2425,6185
2426,3069
2427,2755
2428,2436
2429,2551
2430,4794
2431,3612
2432,3522
2433,2629
2434,2423
2435,2579
2436,2507
2437,2349
2438,2393
2439,2341
2440,4321
2441,3268
2442,2845
2443,2622
2444,2476
2445,2721
2446,2160
2447,2713
2448,3462
2449,2212
2450,8421
2451,16414
2452,2097
2453,2184
2454,2745
2455,2600
2456,2596
2457,2181
2458,2622
2459,2506
2460,3800
2461,2587
2462,2228
2463,2533
2464,2211
2465,2878
2466,4353
2467,2555
2468,4128
2469,2313
2470,2757
2471,2425
2472,2226
2473,2155
2474,2188
2475,3714
2476,2365
2477,2506
2478,2716
2479,2221
2480,3667
2481,2586
2482,2048
2483,2324
2484,2551
2485,2166
2486,2465
2487,2162
2488,2433
2489,2732
2490,3155
2491,2119
2492,2459
2493,2204
2494,2419
2495,2552
2496,2625
2497,1994
2498,2571
2499,4340
2500,254055
2501,5550
2502,3439
2503,2990
2504,2867
2505,2970
2506,3638
2507,2664
2508,2596
2509,2703
2510,8098
2511,3282
2512,3467
2513,2457
2514,3058
2515,2350
2516,2611
2517,2018
2518,2738
2519,2643
2520,9762
2521,7463
2522,2648
2523,2603
2524,2274
2525,5526
2526,2981
2527,2850
2528,2880
2529,3433
2530,2796
2531,2610
2532,2517
2533,2580
2534,1956
2535,2639
2536,2146
2537,3426
2538,2267
2539,1877
2540,3766
2541,2195
2542,2168
2543,2185
2544,2481
2545,2601
2546,2040
2547,2201
2548,2491
2549,1772
2550,7800
2551,2861
2552,3778
2553,6487
2554,2657
2555,6091
2556,2155
2557,2185
2558,2923
2559,2493
2560,16128
2561,2331
2562,2467
2563,2588
2564,2712
2565,2696
2566,2695
2567,2981
2568,2258
2569,2073
2570,2880
2571,2116
2572,1982
2573,1698
2574,2229
2575,3928
2576,2192
2577,2180
2578,2079
2579,1963
2580,3543
2581,2781
2582,2134
2583,2172
2584,2880
2585,2157
2586,2094
2587,1844
2588,2702
2589,3034
2590,2759
2591,2020
2592,3709
2593,2082
2594,1836
2595,2122
2596,1892
2597,2459
2598,2083
2599,2766
2600,63707
2601,4221
2602,2957
2603,2751
2604,2251
2605,2365
2606,2852
2607,4027
2608,2364
2609,2492
2610,3242
2611,2914
2612,2298
2613,3246
2614,2070
2615,2096
2616,7121
2617,2562
2618,2442
2619,2649
2620,3520
2621,2246
2622,2252
2623,2244
2624,1880
2625,3922
2626,2842
2627,2616
2628,2384
2629,2507
2630,4774
2631,2327
2632,2067
2633,2143
2634,1773
2635,2235
2636,1634
2637,2127
2638,1669
2639,2148
2640,5058
2641,1707
2642,2421
2643,2094
2644,1913
2645,2167
2646,1911
2647,2049
2648,2073
2649,2389
2650,6494
2651,2010
2652,2403
2653,1718
2654,1978
2655,2096
2656,2331
2657,1914
2658,2025
2659,1606
2660,3546
2661,1928
2662,2016
2663,2154
2664,2962
2665,2229
2666,4623
2667,3407
2668,1820
2669,1884
2670,3252
2671,1939
2672,2148
2673,1944
2674,1945
2675,2469
2676,1884
2677,1929
2678,1956
2679,2599
2680,3880
2681,2001
2682,1905
2683,1981
2684,1756
2685,1943
2686,4020
2687,1740
2688,2538
2689,1640
2690,2689
2691,1900
2692,2210
2693,2871
2694,1723
2695,1933
2696,2024
2697,2487
2698,2777
2699,2898
2700,42476
2701,3161
2702,2726
2703,2984
2704,2830
2705,3320
2706,2173
2707,2449
2708,1953
2709,3001
2710,2918
2711,2348
2712,2559
2713,2510
2714,2001
2715,2005
2716,2180
2717,2073
2718,2410
2719,1780
2720,2979
2721,1957
2722,1984
2723,1856
2724,1743
2725,2702
2726,1923
2727,4421
2728,1991
2729,2349
2730,3068
2731,1933
2732,2375
2733,2175
2734,1876
2735,1733
2736,1996
2737,3771
2738,2166
2739,2021
2740,2524
2741,2347
2742,1451
2743,2724
2744,2645
2745,1944
2746,1848
2747,2070
2748,1541
2749,1840
2750,10537
2751,2058
2752,1771
2753,2648
2754,1554
2755,2234
2756,1871
2757,1437
2758,2323
2759,2145
2760,3241
2761,2637
2762,1736
2763,1977
2764,1715
2765,2404
2766,1830
2767,2336
2768,1824
2769,1613
2770,2778
2771,5763
2772,2217
2773,1960
2774,1818
2775,2797
2776,1997
2777,3245
2778,2585
2779,2320
2780,2543
2781,1813
2782,1850
2783,2297
2784,1988
2785,2571
2786,1772
2787,2361
2788,1998
2789,2066
2790,2548
2791,1875
2792,1909
2793,1667
2794,2368
2795,1934
2796,1771
2797,1855
2798,1387
2799,2030
2800,35922
2801,3468
2802,2430
2803,2339
2804,2027
2805,2291
2806,1972
2807,2037
2808,3496
2809,2061
2810,2587
2811,2168
2812,2496
2813,1966
2814,2109
2815,1875
2816,2698
2817,2795
2818,2088
2819,1485
2820,2959
2821,2447
2822,4321
2823,1555
2824,1839
2825,2299
2826,1526
2827,1775
2828,3029
2829,2295
2830,2947
2831,2113
2832,2773
2833,2325
2834,1603
2835,2598
2836,3235
2837,1667
2838,1894
2839,1718
2840,2379
2841,1745
2842,1578
2843,1735
2844,1770
2845,1822
2846,1392
2847,1798
2848,2347
2849,1812
2850,5132
2851,3004
2852,1952
2853,1784
2854,1815
2855,1782
2856,3463
2857,3543
2858,1518
2859,1808
2860,2641
2861,1849
2862,1694
2863,1600
2864,2285
2865,2161
2866,13557
2867,2009
2868,1828
2869,1631
2870,2758
2871,1572
2872,3489
2873,1873
2874,1587
2875,2364
2876,1743
2877,1607
2878,1787
2879,2161
2880,7524
2881,1871
2882,1971
2883,1868
2884,1733
2885,2076
2886,1742
2887,1665
2888,1897
2889,2381
2890,3017
2891,2408
2892,1739
2893,1847
2894,1724
2895,1735
2896,2448
2897,2329
2898,2117
2899,1884
2900,19283
2901,2200
2902,1836
2903,2181
2904,2010
2905,2077
2906,1744
2907,2009
2908,2007
2909,4164
2910,2585
2911,2415
2912,2699
2913,2078
2914,1682
2915,1989
2916,2609
2917,2030
2918,1925
2919,1727
2920,3874
2921,1893
2922,1942
2923,1832
2924,1749
2925,2450
2926,1650
2927,1739
2928,1621
2929,3144
2930,2893
2931,2387
2932,1825
2933,3301
2934,1475
2935,1750
2936,1564
2937,1950
2938,1594
2939,1753
2940,2905
2941,3324
2942,1641
2943,2018
2944,2025
2945,2255
2946,1631
2947,1822
2948,1547
2949,1778
2950,5618
2951,1886
2952,1903
2953,1870
2954,1446
2955,1928
2956,1514
2957,1990
2958,2975
2959,1451
2960,3314
2961,1676
2962,1489
2963,1857
2964,1831
2965,1819
2966,2498
2967,1452
2968,1774
2969,1480
2970,2604
2971,1484
2972,1918
2973,1284
2974,1654
2975,2115
2976,1540
2977,1680
2978,1396
2979,1673
2980,2715
2981,1605
2982,1497
2983,1400
2984,1780
2985,1634
2986,1556
2987,1823
2988,1768
2989,1766
2990,2707
2991,8158
2992,1908
2993,1625
2994,1668
2995,2119
2996,1986
2997,2400
2998,1792
2999,7125
3000,607039
3001,11567
3002,5807
3003,7702
3004,4069
3005,3282
3006,4075
3007,2478
3008,3410
3009,2837
3010,6501
3011,3170
3012,5371
3013,2266
3014,2110
3015,3475
3016,2069
3017,1988
3018,3611
3019,4754
3020,4690
3021,2840
3022,2272
3023,2047
3024,3007
3025,3744
3026,1763
3027,1643
3028,1789
3029,1840
3030,7627
3031,2946
3032,2212
3033,3789
3034,1845
3035,2214
3036,2055
3037,1556
3038,1607
3039,1761
3040,4466
3041,1570
3042,1827
3043,1640
3044,1605
3045,1722
3046,1539
3047,1889
3048,13948
3049,1838
3050,5493
3051,1725
3052,1828
3053,1963
3054,1728
3055,2082
3056,1758
3057,2246
3058,1689
3059,1543
3060,5789
3061,2156
3062,1679
3063,1406
3064,1361
3065,1885
3066,2143
3067,1662
3068,1936
3069,1639
3070,5389
3071,2160
3072,9367
3073,1706
3074,1727
3075,2125
3076,1454
3077,2418
3078,1464
3079,1514
3080,8221
3081,1997
3082,1758
3083,1846
3084,1334
3085,1914
3086,1570
3087,1877
3088,1711
3089,1367
3090,5721
3091,1647
3092,1892
3093,1520
3094,1643
3095,1798
3096,1787
3097,1371
3098,1393
3099,2128
3100,26692
3101,3627
3102,5082
3103,2697
3104,2511
3105,2414
3106,1897
3107,3286
3108,1856
3109,3974
3110,3792
3111,3318
3112,2665
3113,2737
3114,2967
3115,3537
3116,1830
3117,1624
3118,1650
3119,2276
3120,3722
3121,4198
3122,2272
3123,2211
3124,2471
3125,12394
3126,1470
3127,1350
3128,3235
3129,1981
3130,2277
3131,2577
3132,2005
3133,2211
3134,1763
3135,2020
3136,2418
3137,1929
3138,2101
3139,1636
3140,2503
3141,3529
3142,2688
3143,2096
3144,1640
3145,2938
3146,1934
3147,1863
3148,1385
3149,1448
3150,7794
3151,1769
3152,1867
3153,1870
3154,1328
3155,1750
3156,1806
3157,1472
3158,1285
3159,1552
3160,2047
3161,2360
3162,2075
3163,1504
3164,1651
3165,1583
3166,8803
3167,1788
3168,2216
3169,1402
3170,1936
3171,1565
3172,1357
3173,1403
3174,1473
3175,1998
3176,1195
3177,1398
3178,1124
3179,1257
3180,2356
3181,1714
3182,2052
3183,1527
3184,1284
3185,1691
3186,1531
3187,1102
3188,1565
3189,1453
3190,1692
3191,1654
3192,1795
3193,1544
3194,1469
3195,1540
3196,1567
3197,1493
3198,1447
3199,1414
3200,51949
3201,3179
3202,2322
3203,1948
3204,1827
3205,1872
3206,1650
3207,2314
3208,1602
3209,1541
3210,3933
3211,2332
3212,1986
3213,2389
3214,2218
3215,2276
3216,1510
3217,2049
3218,2095
3219,2238
3220,3262
3221,2371
3222,2041
3223,1982
3224,1725
3225,2509
3226,2239
3227,1720
3228,1623
3229,1316
3230,1958
3231,1581
3232,2427
3233,4174
3234,2390
3235,2042
3236,1707
3237,1431
3238,1548
3239,1991
3240,3322
3241,2080
3242,1582
3243,1794
3244,1821
3245,1854
3246,1658
3247,1401
3248,1563
3249,1778
3250,5811
3251,1317
3252,1613
3253,1349
3254,1201
3255,1905
3256,1393
3257,1473
3258,1742
3259,1264
3260,2321
3261,1478
3262,1462
3263,2066
3264,2524
3265,1734
3266,1439
3267,1660
3268,1663
3269,1485
3270,4766
3271,1812
3272,1350
3273,1309
3274,1491
3275,1744
3276,1671
3277,1741
3278,1319
3279,1586
3280,3052
3281,2006
3282,1851
3283,1531
3284,1281
3285,1768
3286,1465
3287,1934
3288,1387
3289,1308
3290,1754
3291,1363
3292,1508
3293,1897
3294,1373
3295,1395
3296,1315
3297,1385
3298,1345
3299,1657
3300,25640
3301,3617
3302,1716
3303,2750
3304,1703
3305,2078
3306,14562
3307,2861
3308,1750
3309,1687
3310,4125
3311,3647
3312,2101
3313,1888
3314,1785
3315,1810
3316,1519
3317,1299
3318,1573
3319,1950
3320,2785
3321,1814
3322,2383
3323,1612
3324,1598
3325,2067
3326,1480
3327,1952
3328,1814
3329,1331
3330,3518
3331,2238
3332,2106
3333,29461
3334,2614
3335,2308
3336,2419
3337,1720
3338,1724
3339,2987
3340,2654
3341,1374
3342,1808
3343,1854
3344,2864
3345,1792
3346,1382
3347,1150
3348,1852
3349,1427
3350,3937
3351,1592
3352,1849
3353,1621
3354,2219
3355,1954
3356,1804
3357,1267
3358,1174
3359,1621
3360,3352
3361,1756
3362,1565
3363,1469
3364,1765
3365,1497
3366,2191
3367,1511
3368,1480
3369,1206
3370,2250
3371,1737
3372,1404
3373,1325
3374,1373
3375,2854
3376,1296
3377,1447
3378,1329
3379,1357
3380,2182
3381,1491
3382,1523
3383,1200
3384,1568
3385,1627
3386,33646
3387,1070
3388,1318
3389,20990
3390,16377
3391,1302
3392,1329
3393,3924
3394,1121
3395,1837
3396,1443
3397,1381
3398,1291
3399,1817
3400,19967
3401,2973
3402,3393
3403,1250
3404,1754
3405,1679
3406,1857
3407,1818
3408,1598
3409,1575
3410,2344
3411,1515
3412,3581
3413,1944
3414,1388
3415,1475
3416,1252
3417,1306
3418,1114
3419,1198
3420,2099
3421,2281
3422,1773
3423,1742
3424,1265
3425,1929
3426,1212
3427,1245
3428,1512
3429,1495
3430,2108
3431,1397
3432,2225
3433,1529
3434,3015
3435,2343
3436,2315
3437,1450
3438,2231
3439,1555
3440,2541
3441,2134
3442,1608
3443,1575
3444,1885
3445,2057
3446,1379
3447,1349
3448,1227
3449,1673
3450,4166
3451,1348
3452,1737
3453,1554
3454,1521
3455,1422
3456,9210
3457,1710
3458,1405
3459,1279
3460,1751
3461,1095
3462,1953
3463,1297
3464,1521
3465,1951
3466,1323
3467,1379
3468,1809
3469,1234
3470,2140
3471,1250
3472,1744
3473,1141
3474,1254
3475,1608
3476,1710
3477,1587
3478,1365
3479,1229
3480,2095
3481,1575
3482,1209
3483,1526
3484,1340
3485,1675
3486,1580
3487,1181
3488,1615
3489,1119
3490,1993
3491,1378
3492,1426
3493,1050
3494,1379
3495,2231
3496,1061
3497,1269
3498,1227
3499,1803
3500,116597
3501,3103
3502,1863
3503,1554
3504,1686
3505,1817
3506,1706
3507,1456
3508,1811
3509,1404
3510,2249
3511,2028
3512,1871
3513,1473
3514,7122
3515,1380
3516,1826
3517,1247
3518,1285
3519,1435
3520,4469
3521,1676
3522,1347
3523,1497
3524,1406
3525,1653
3526,1675
3527,1831
3528,1853
3529,1385
3530,1632
3531,1354
3532,1413
3533,1174
3534,1646
3535,1964
3536,1786
3537,1451
3538,1391
3539,1347
3540,1829
3541,1203
3542,1571
3543,1611
3544,1207
3545,1402
3546,1624
3547,1501
3548,1555
3549,1316
3550,3498
3551,1466
3552,1270
3553,3718
3554,1448
3555,1797
3556,1276
3557,1184
3558,1098
3559,1165
3560,1900
3561,1278
3562,1371
3563,1027
3564,1443
3565,1340
3566,1552
3567,1323
3568,1874
3569,1294
3570,2017
3571,1810
3572,1103
3573,1004
3574,1075
3575,1632
3576,1202
3577,1362
3578,1305
3579,1347
3580,1790
3581,1064
3582,1746
3583,1354
3584,2270
3585,1440
3586,1325
3587,1231
3588,1693
3589,1336
3590,2033
3591,1477
3592,1396
3593,1254
3594,1271
3595,1309
3596,1383
3597,1225
3598,1142
3599,1710
3600,88499
3601,2516
3602,1984
3603,1702
3604,1710
3605,1806
3606,1281
3607,1235
3608,1371
3609,1062
3610,2211
3611,1713
3612,1718
3613,1136
3614,966
3615,1538
3616,1308
3617,1398
3618,1078
3619,1115
3620,1704
3621,1080
3622,1430
3623,1246
3624,1367
3625,1603
3626,1338
3627,1476
3628,1259
3629,1333
3630,2047
3631,1172
3632,1481
3633,1421
3634,988
3635,1332
3636,2793
3637,1535
3638,1627
3639,1523
3640,2793
3641,1528
3642,1945
3643,1673
3644,1119
3645,1698
3646,1255
3647,1508
3648,1786
3649,1220
3650,5320
3651,1377
3652,1314
3653,1610
3654,1191
3655,1477
3656,1176
3657,1223
3658,1255
3659,1211
3660,2113
3661,1195
3662,1046
3663,1840
3664,1469
3665,1238
3666,1544
3667,1405
3668,1148
3669,1171
3670,1495
3671,892
3672,1447
3673,1398
3674,1176
3675,1928
3676,1827
3677,1117
3678,1713
3679,1711
3680,2374
3681,1357
3682,933
3683,1245
3684,1223
3685,1032
3686,1372
3687,1149
3688,1044
3689,1058
3690,1916
3691,909
3692,1044
3693,1399
3694,844
3695,1341
3696,1479
3697,1119
3698,1326
3699,1431
3700,14718
3701,2160
3702,2364
3703,1405
3704,1395
3705,1607
3706,1824
3707,1306
3708,1285
3709,1150
3710,2370
3711,2104
3712,1473
3713,1401
3714,1148
3715,1221
3716,1363
3717,1317
3718,1343
3719,1508
3720,1936
3721,1438
3722,1485
3723,1327
3724,1691
3725,1256
3726,1266
3727,1545
3728,947
3729,1385
3730,1963
3731,1170
3732,1560
3733,1818
3734,973
3735,1295
3736,1349
3737,1867
3738,1471
3739,1537
3740,1894
3741,1206
3742,1774
3743,1231
3744,1455
3745,1851
3746,1357
3747,1344
3748,2113
3749,1190
3750,7900
3751,1171
3752,1104
3753,1967
3754,1153
3755,1277
3756,1093
3757,1056
3758,5242
3759,1114
3760,2345
3761,1477
3762,1517
3763,1203
3764,933
3765,2079
3766,1378
3767,1093
3768,1113
3769,1802
3770,2473
3771,4599
3772,1342
3773,1643
3774,1506
3775,1137
3776,1322
3777,1441
3778,1509
3779,1117
3780,2323
3781,1707
3782,1022
3783,1129
3784,1242
3785,3018
3786,1188
3787,1406
3788,1132
3789,1230
3790,1785
3791,1733
3792,1300
3793,1053
3794,1060
3795,1476
3796,1287
3797,1847
3798,994
3799,1179
3800,18402
3801,2384
3802,1681
3803,1452
3804,1443
3805,1413
3806,1600
3807,1542
3808,1636
3809,1378
3810,1679
3811,1503
3812,1659
3813,1205
3814,1115
3815,1115
3816,1342
3817,1287
3818,1211
3819,1269
3820,3342
3821,1220
3822,1124
3823,1186
3824,1217
3825,1436
3826,1046
3827,1376
3828,1450
3829,1059
3830,1569
3831,1210
3832,1134
3833,1504
3834,1316
3835,1394
3836,1171
3837,1060
3838,1917
3839,1375
3840,8921
3841,1546
3842,1480
3843,986
3844,1861
3845,1210
3846,1677
3847,2134
3848,1180
3849,1244
3850,4016
3851,1223
3852,1148
3853,1319
3854,926
3855,1527
3856,1121
3857,5634
3858,1102
3859,1129
3860,1244
3861,1194
3862,876
3863,1221
3864,1370
3865,1532
3866,1097
3867,1199
3868,1346
3869,1041
3870,2241
3871,1157
3872,1726
3873,1175
3874,947
3875,1783
3876,1104
3877,1213
3878,834
3879,1116
3880,1743
3881,1257
3882,1105
3883,1081
3884,1129
3885,1145
3886,1117
3887,908
3888,2587
3889,1804
3890,1601
3891,1246
3892,1396
3893,909
3894,1309
3895,1162
3896,1225
3897,1797
3898,1190
3899,1210
3900,11850
3901,1588
3902,1443
3903,1860
3904,1378
3905,2691
3906,1968
3907,1228
3908,1083
3909,1518
3910,1631
3911,1620
3912,1598
3913,1105
3914,939
3915,1326
3916,1503
3917,1176
3918,868
3919,1030
3920,2145
3921,1259
3922,1271
3923,1429
3924,1084
3925,1331
3926,1019
3927,1519
3928,1161
3929,1175
3930,1488
3931,1239
3932,1546
3933,1013
3934,1221
3935,1115
3936,1411
3937,5281
3938,1144
3939,1620
3940,2209
3941,1357
3942,952
3943,1010
3944,1158
3945,3439
3946,1277
3947,1503
3948,1057
3949,1962
3950,2858
3951,1431
3952,1730
3953,1178
3954,1432
3955,1173
3956,2399
3957,1017
3958,1449
3959,2571
3960,2865
3961,2777
3962,1401
3963,2077
3964,1444
3965,1338
3966,1205
3967,1157
3968,1156
3969,1228
3970,1277
3971,1035
3972,1243
3973,1351
3974,1154
3975,2249
3976,1066
3977,1229
3978,1868
3979,1860
3980,1266
3981,1607
3982,1174
3983,1052
3984,1215
3985,986
3986,5072
3987,1370
3988,860
3989,1427
3990,1570
3991,1625
3992,1367
3993,1252
3994,1136
3995,1273
3996,1763
3997,1266
3998,1501
3999,4595
4000,329766
4001,6284
4002,3345
4003,2238
4004,17974
4005,2394
4006,2420
4007,2070
4008,2535
4009,2388
4010,3177
4011,2319
4012,2195
4013,1737
4014,1550
4015,1653
4016,2668
4017,1566
4018,4431
4019,1350
4020,6645
4021,1558
4022,1895
4023,1815
4024,1560
4025,1643
4026,1256
4027,1618
4028,1385
4029,1604
4030,2244
4031,1686
4032,2986
4033,10608
4034,1341
4035,1515
4036,2164
4037,1038
4038,1494
4039,2196
4040,5567
4041,1451
4042,1401
4043,2403
4044,1713
4045,1483
4046,2261
4047,1988
4048,1421
4049,1954
4050,3576
4051,4790
4052,1224
4053,1454
4054,1584
4055,1411
4056,1210
4057,1263
4058,1497
4059,1090
4060,2397
4061,1409
4062,1401
4063,937
4064,1344
4065,1496
4066,1485
4067,1686
4068,1414
4069,1264
4070,1653
4071,1222
4072,1234
4073,1454
4074,1412
4075,1874
4076,1279
4077,1672
4078,995
4079,1639
4080,2997
4081,1686
4082,1351
4083,1014
4084,1267
4085,1211
4086,1641
4087,1339
4088,2372
4089,1138
4090,2119
4091,1508
4092,1649
4093,1301
4094,2103
4095,6640
4096,111834
4097,1710
4098,2570
4099,1854
4100,11013
4101,2518
4102,2209
4103,4937
4104,1873
4105,2571
4106,1734
4107,1431
4108,1288
4109,1357
4110,2126
4111,2562
4112,2076
4113,1392
4114,1295
4115,1652
4116,1764
4117,1226
4118,1778
4119,1292
4120,1958
4121,1549
4122,3308
4123,2785
4124,1203
4125,2128
4126,1291
4127,2192
4128,1533
4129,2068
4130,4134
4131,1529
4132,1449
4133,1083
4134,1569
4135,2130
4136,1116
4137,1571
4138,1460
4139,1328
4140,3316
4141,1980
4142,4610
4143,1410
4144,1201
4145,1438
4146,1054
4147,1407
4148,1518
4149,1071
4150,3474
4151,2273
4152,1476
4153,1393
4154,1095
4155,1719
4156,1386
4157,2366
4158,1116
4159,1647
4160,3280
4161,2846
4162,1279
4163,1204
4164,1259
4165,1617
4166,1909
4167,3519
4168,1217
4169,2439
4170,1600
4171,1287
4172,1840
4173,1084
4174,969
4175,1625
4176,1027
4177,981
4178,924
4179,1355
4180,3755
4181,2171
4182,1233
4183,1080
4184,2240
4185,1243
4186,3802
4187,1211
4188,1126
4189,1045
4190,1688
4191,1220
4192,1374
4193,1239
4194,1307
4195,1076
4196,1271
4197,1225
4198,951
4199,1242
4200,23987
4201,2046
4202,1481
4203,1397
4204,1485
4205,1279
4206,1480
4207,1064
4208,1458
4209,1419
4210,2310
4211,1587
4212,1539
4213,2323
4214,1415
4215,1634
4216,1111
4217,2909
4218,1088
4219,1245
4220,1631
4221,1607
4222,2142
4223,1179
4224,1830
4225,2388
4226,1917
4227,1336
4228,945
4229,1209
4230,1620
4231,1979
4232,1298
4233,1473
4234,1084
4235,1389
4236,4403
4237,865
4238,1012
4239,1137
4240,2157
4241,1563
4242,3607
4243,1223
4244,2024
4245,1340
4246,1681
4247,1127
4248,1078
4249,2288
4250,3565
4251,1457
4252,1227
4253,1477
4254,1066
4255,1172
4256,1282
4257,1255
4258,1872
4259,1038
4260,1690
4261,1412
4262,1299
4263,928
4264,962
4265,1013
4266,1259
4267,1437
4268,801
4269,2245
4270,1430
4271,1362
4272,1351
4273,1281
4274,1058
4275,1427
4276,1003
4277,2059
4278,1258
4279,1155
4280,1541
4281,1375
4282,1078
4283,1315
4284,993
4285,1216
4286,1814
4287,1236
4288,1604
4289,968
4290,1310
4291,1462
4292,1641
4293,806
4294,1140
4295,1376
4296,1426
4297,907
4298,954
4299,1127
4300,11038
4301,2024
4302,2060
4303,1766
4304,1480
4305,1310
4306,1225
4307,1190
4308,1471
4309,1111
4310,1778
4311,1633
4312,2859
4313,1306
4314,1171
4315,1066
4316,976
4317,935
4318,892
4319,1359
4320,4664
4321,8193
4322,1842
4323,1267
4324,6439
4325,1920
4326,23472
4327,1362
4328,1375
4329,1312
4330,1538
4331,2363
4332,1927
4333,1909
4334,1686
4335,1154
4336,1287
4337,1316
4338,1386
4339,1066
4340,2171
4341,1241
4342,1090
4343,1889
4344,1300
4345,1938
4346,1282
4347,1135
4348,1401
4349,1086
4350,3173
4351,1276
4352,1616
4353,1016
4354,947
4355,1094
4356,2343
4357,3280
4358,1120
4359,1210
4360,2113
4361,1109
4362,1349
4363,1212
4364,1183
4365,1031
4366,1531
4367,899
4368,1584
4369,1277
4370,1377
4371,1249
4372,1085
4373,1670
4374,1100
4375,4316
4376,953
4377,1406
4378,906
4379,827
4380,1733
4381,1258
4382,1102
4383,1062
4384,1240
4385,892
4386,1078
4387,1149
4388,1279
4389,1016
4390,1478
4391,1666
4392,1181
4393,1052
4394,871
4395,1130
4396,1164
4397,979
4398,2142
4399,1039
4400,14443
4401,1993
4402,1702
4403,1563
4404,1804
4405,2693
4406,1386
4407,1018
4408,1388
4409,1275
4410,2285
4411,1820
4412,1988
4413,1275
4414,1858
4415,1296
4416,3610
4417,1204
4418,1275
4419,3102
4420,1804
4421,922
4422,1737
4423,1589
4424,1107
4425,1909
4426,1222
4427,1350
4428,1230
4429,746
4430,2382
4431,1105
4432,1307
4433,1888
4434,1127
4435,2272
4436,1334
4437,1181
4438,1370
4439,959
4440,4117
4441,2182
4442,1187
4443,1753
4444,14449
4445,1816
4446,1332
4447,1375
4448,1576
4449,1098
4450,2035
4451,1172
4452,958
4453,1444
4454,1312
4455,1472
4456,1155
4457,1112
4458,1118
4459,818
4460,1645
4461,923
4462,1181
4463,967
4464,1210
4465,1096
4466,1394
4467,1007
4468,1009
4469,1094
4470,2009
4471,1162
4472,1781
4473,2462
4474,884
4475,1076
4476,950
4477,1187
4478,883
4479,989
4480,1890
4481,1299
4482,1341
4483,1154
4484,1254
4485,1070
4486,1705
4487,755
4488,1293
4489,1298
4490,1731
4491,2045
4492,1004
4493,1072
4494,1005
4495,1316
4496,1090
4497,910
4498,1598
4499,1651
4500,57654
4501,1691
4502,1698
4503,2332
4504,1248
4505,2133
4506,3965
4507,1345
4508,1278
4509,1281
4510,2130
4511,2078
4512,1627
4513,1391
4514,1167
4515,1285
4516,1739
4517,1048
4518,1173
4519,1223
4520,1799
4521,1271
4522,1368
4523,1086
4524,1475
4525,1545
4526,1252
4527,1204
4528,850
4529,1639
4530,2132
4531,1131
4532,1090
4533,880
4534,798
4535,1287
4536,2308
4537,1326
4538,818
4539,1386
4540,1387
4541,1007
4542,1052
4543,1604
4544,983
4545,4010
4546,1317
4547,1250
4548,1179
4549,1095
4550,2551
4551,1101
4552,1351
4553,1064
4554,1423
4555,1940
4556,1276
4557,1093
4558,1063
4559,883
4560,2636
4561,1170
4562,2500
4563,1331
4564,1231
4565,2395
4566,1535
4567,10947
4568,1643
4569,1053
4570,1665
4571,1385
4572,1131
4573,1198
4574,928
4575,1373
4576,1672
4577,968
4578,1348
4579,1603
4580,1343
4581,957
4582,1075
4583,1212
4584,981
4585,1061
4586,1000
4587,959
4588,1506
4589,925
4590,2349
4591,949
4592,1028
4593,1261
4594,807
4595,1072
4596,950
4597,1027
4598,1272
4599,910
4600,11832
4601,1919
4602,1530
4603,1229
4604,973
4605,1340
4606,1219
4607,1242
4608,4147
4609,1037
4610,1703
4611,1199
4612,1495
4613,1426
4614,2026
4615,2114
4616,1272
4617,823
4618,822
4619,941
4620,1587
4621,1039
4622,1580
4623,1231
4624,1806
4625,1699
4626,1254
4627,1842
4628,923
4629,786
4630,1917
4631,1196
4632,1158
4633,985
4634,1519
4635,1036
4636,3025
4637,965
4638,1009
4639,1000
4640,1727
4641,1414
4642,1053
4643,983
4644,1238
4645,1010
4646,1533
4647,1598
4648,1966
4649,1467
4650,2519
4651,1128
4652,863
4653,880
4654,1001
4655,1374
4656,943
4657,1256
4658,1264
4659,832
4660,1494
4661,947
4662,1352
4663,994
4664,1203
4665,1313
4666,1770
4667,1097
4668,1038
4669,1088
4670,2440
4671,1081
4672,1201
4673,2390
4674,1042
4675,1214
4676,1094
4677,893
4678,1117
4679,1166
4680,2310
4681,1526
4682,1306
4683,914
4684,1697
4685,828
4686,1151
4687,1947
4688,1168
4689,770
4690,1903
4691,820
4692,1037
4693,927
4694,888
4695,977
4696,979
4697,936
4698,1025
4699,920
4700,10328
4701,1643
4702,1049
4703,1304
4704,1505
4705,1444
4706,1121
4707,1315
4708,1089
4709,981
4710,1385
4711,3539
4712,1703
4713,2309
4714,1213
4715,1322
4716,966
4717,876
4718,883
4719,951
4720,1468
4721,939
4722,1206
4723,1608
4724,1094
4725,1624
4726,890
4727,1039
4728,1143
4729,1193
4730,1121
4731,1054
4732,1576
4733,1308
4734,994
4735,1147
4736,1027
4737,1014
4738,849
4739,904
4740,1263
4741,787
4742,1189
4743,900
4744,859
4745,1077
4746,961
4747,1645
4748,980
4749,1050
4750,2870
4751,1222
4752,1064
4753,1101
4754,944
4755,2765
4756,826
4757,1205
4758,1262
4759,1158
4760,1424
4761,1183
4762,993
4763,908
4764,826
4765,966
4766,973
4767,1007
4768,1154
4769,1083
4770,2950
4771,1691
4772,1268
4773,967
4774,1072
4775,1066
4776,1189
4777,1177
4778,929
4779,690
4780,1162
4781,948
4782,920
4783,976
4784,968
4785,984
4786,1036
4787,896
4788,1196
4789,1136
4790,1614
4791,990
4792,892
4793,1265
4794,921
4795,1060
4796,742
4797,1704
4798,889
4799,1320
4800,21446
4801,1538
4802,1106
4803,1392
4804,970
4805,1775
4806,1193
4807,1027
4808,987
4809,877
4810,1613
4811,1425
4812,1193
4813,979
4814,901
4815,1330
4816,1270
4817,1277
4818,919
4819,1455
4820,1257
4821,918
4822,1505
4823,967
4824,1199
4825,1210
4826,1137
4827,984
4828,1152
4829,923
4830,1474
4831,1046
4832,1348
4833,1184
4834,652
4835,927
4836,947
4837,986
4838,1088
4839,1016
4840,2010
4841,960
4842,1434
4843,743
4844,1170
4845,44283
4846,989
4847,817
4848,2309
4849,1098
4850,5023
4851,1220
4852,2229
4853,830
4854,881
4855,838
4856,878
4857,1066
4858,887
4859,1100
4860,2521
4861,1654
4862,1385
4863,957
4864,1281
4865,1200
4866,1190
4867,1135
4868,3606
4869,810
4870,3663
4871,818
4872,1436
4873,1067
4874,665
4875,1331
4876,736
4877,948
4878,1212
4879,1042
4880,2846
4881,723
4882,826
4883,943
4884,1112
4885,1126
4886,985
4887,1407
4888,1282
4889,1247
4890,1913
4891,1038
4892,872
4893,701
4894,729
4895,756
4896,1263
4897,1030
4898,1135
4899,1161
4900,7888
4901,1850
4902,1156
4903,1007
4904,942
4905,1033
4906,1306
4907,1015
4908,752
4909,1128
4910,1454
4911,1064
4912,1021
4913,1216
4914,949
4915,1215
4916,904
4917,948
4918,1602
4919,1588
4920,1518
4921,1086
4922,994
4923,806
4924,819
4925,882
4926,976
4927,778
4928,881
4929,1333
4930,1333
4931,944
4932,2161
4933,1440
4934,951
4935,995
4936,966
4937,740
4938,1149
4939,1615
4940,1475
4941,1411
4942,1027
4943,836
4944,1207
4945,976
4946,754
4947,927
4948,1049
4949,1659
4950,3825
4951,1133
4952,1499
4953,1219
4954,939
4955,1039
4956,937
4957,898
4958,845
4959,1182
4960,1378
4961,1158
4962,916
4963,1006
4964,910
4965,1055
4966,891
4967,801
4968,975
4969,691
4970,1277
4971,1118
4972,1107
4973,987
4974,831
4975,1786
4976,799
4977,1273
4978,1002
4979,790
4980,1347
4981,764
4982,1229
4983,1261
4984,890
4985,939
4986,981
4987,1118
4988,1276
4989,853
4990,1725
4991,1203
4992,1079
4993,985
4994,1182
4995,1917
4996,978
4997,1119
4998,1431
4999,6355
5000,560056
5001,7917
5002,3106
5003,2658
5004,1891
5005,3653
5006,1768
5007,1821
5008,1815
5009,1331
5010,3854
5011,1737
5012,1734
5013,1084
5014,1231
5015,1674
5016,1823
5017,1166
5018,1124
5019,878
5020,3028
5021,1254
5022,1298
5023,1331
5024,1166
5025,1488
5026,1205
5027,1325
5028,1063
5029,1011
5030,2527
5031,1113
5032,1245
5033,1288
5034,1218
5035,1036
5036,892
5037,1539
5038,1326
5039,1263
5040,8580
5041,1394
5042,1146
5043,1032
5044,1173
5045,1450
5046,1016
5047,1186
5048,972
5049,1032
5050,8539
5051,3871
5052,2933
5053,1114
5054,1984
5055,1482
5056,1215
5057,955
5058,848
5059,1179
5060,2008
5061,2851
5062,1205
5063,1457
5064,718
5065,1107
5066,1056
5067,944
5068,904
5069,1268
5070,1427
5071,940
5072,952
5073,868
5074,1072
5075,1417
5076,864
5077,966
5078,1022
5079,1011
5080,1785
5081,1178
5082,996
5083,1545
5084,987
5085,1070
5086,977
5087,854
5088,1219
5089,893
5090,1760
5091,911
5092,694
5093,1051
5094,966
5095,942
5096,1193
5097,786
5098,738
5099,1014
5100,13616
5101,2348
5102,1732
5103,1438
5104,1230
5105,1130
5106,1187
5107,1443
5108,1327
5109,1189
5110,2486
5111,1932
5112,1668
5113,1077
5114,1616
5115,1514
5116,1526
5117,1190
5118,1158
5119,1100
5120,5684
5121,1598
5122,1215
5123,1345
5124,1291
5125,1612
5126,957
5127,949
5128,1236
5129,1167
5130,1375
5131,942
5132,1241
5133,1078
5134,839
5135,983
5136,776
5137,1104
5138,1197
5139,799
5140,1459
5141,850
5142,1098
5143,1051
5144,1055
5145,1079
5146,770
5147,956
5148,1180
5149,740
5150,5731
5151,1761
5152,1181
5153,1040
5154,1359
5155,1057
5156,1034
5157,964
5158,676
5159,784
5160,2349
5161,1103
5162,838
5163,825
5164,803
5165,1093
5166,988
5167,946
5168,873
5169,862
5170,1082
5171,1066
5172,1146
5173,916
5174,635
5175,1051
5176,981
5177,920
5178,824
5179,894
5180,1126
5181,1049
5182,791
5183,1045
5184,2334
5185,961
5186,860
5187,952
5188,839
5189,733
5190,1152
5191,1183
5192,3010
5193,2402
5194,10937
5195,1168
5196,3345
5197,737
5198,925
5199,1239
5200,16151
5201,1631
5202,1422
5203,1130
5204,1147
5205,1505
5206,1214
5207,948
5208,1407
5209,899
5210,1746
5211,1269
5212,1217
5213,968
5214,1089
5215,897
5216,985
5217,1081
5218,1025
5219,719
5220,3983
5221,1641
5222,1490
5223,1439
5224,854
5225,1950
5226,955
5227,2523
5228,762
5229,1147
5230,1492
5231,1076
5232,1017
5233,1074
5234,2043
5235,1296
5236,1356
5237,915
5238,881
5239,719
5240,1084
5241,979
5242,940
5243,1069
5244,725
5245,1321
5246,1366
5247,1060
5248,1008
5249,981
5250,4811
5251,1189
5252,3564
5253,1032
5254,1246
5255,1446
5256,1038
5257,859
5258,997
5259,827
5260,1161
5261,725
5262,1178
5263,1568
5264,749
5265,949
5266,722
5267,953
5268,1146
5269,650
5270,1004
5271,968
5272,717
5273,957
5274,1018
5275,957
5276,676
5277,812
5278,1165
5279,859
5280,13730
5281,2561
5282,927
5283,925
5284,620
5285,1162
5286,629
5287,1017
5288,952
5289,764
5290,935
5291,1349
5292,930
5293,1121
5294,1229
5295,708
5296,1317
5297,779
5298,754
5299,1054
5300,10814
5301,1828
5302,1308
5303,1224
5304,1248
5305,1830
5306,1190
5307,1234
5308,1045
5309,2729
5310,1394
5311,1019
5312,1252
5313,1440
5314,980
5315,1188
5316,3077
5317,813
5318,746
5319,844
5320,1957
5321,2207
5322,2398
5323,1514
5324,1403
5325,1243
5326,837
5327,1327
5328,1461
5329,3362
5330,1098
5331,1228
5332,1100
5333,1578
5334,1561
5335,1169
5336,1114
5337,750
5338,1374
5339,838
5340,1348
5341,1419
5342,1044
5343,2054
5344,761
5345,1617
5346,2543
5347,2292
5348,868
5349,1328
5350,1762
5351,957
5352,1145
5353,1500
5354,941
5355,1671
5356,1732
5357,894
5358,838
5359,1397
5360,988
5361,723
5362,910
5363,801
5364,1077
5365,803
5366,797
5367,797
5368,947
5369,751
5370,1119
5371,1250
5372,784
5373,877
5374,1140
5375,1256
5376,1223
5377,987
5378,851
5379,963
5380,1602
5381,1983
5382,929
5383,843
5384,780
5385,1112
5386,1092
5387,831
5388,811
5389,992
5390,1060
5391,899
5392,826
5393,878
5394,727
5395,885
5396,1187
5397,975
5398,1237
5399,1102
5400,18494
5401,1666
5402,1361
5403,1100
5404,751
5405,1180
5406,1153
5407,914
5408,1416
5409,1155
5410,1337
5411,1283
5412,1238
5413,1257
5414,1050
5415,1427
5416,1007
5417,974
5418,822
5419,898
5420,1269
5421,1067
5422,957
5423,1340
5424,1079
5425,1320
5426,950
5427,918
5428,996
5429,780
5430,1585
5431,887
5432,11090
5433,2343
5434,940
5435,1048
5436,1349
5437,796
5438,767
5439,1436
5440,1170
5441,1162
5442,1122
5443,1164
5444,1100
5445,1314
5446,1038
5447,849
5448,1021
5449,845
5450,2065
5451,1065
5452,801
5453,824
5454,2244
5455,1358
5456,1337
5457,831
5458,907
5459,731
5460,1455
5461,1464
5462,873
5463,1417
5464,840
5465,1376
5466,938
5467,1049
5468,1037
5469,966
5470,1440
5471,2370
5472,3188
5473,832
5474,817
5475,1065
5476,867
5477,820
5478,1245
5479,1181
5480,1295
5481,1178
5482,1232
5483,979
5484,737
5485,784
5486,824
5487,862
5488,1100
5489,963
5490,986
5491,960
5492,722
5493,962
5494,1563
5495,1437
5496,805
5497,740
5498,2983
5499,811
5500,34948
5501,1631
5502,1340
5503,994
5504,1104
5505,1493
5506,2286
5507,1176
5508,1356
5509,995
5510,1757
5511,1485
5512,1190
5513,971
5514,955
5515,1294
5516,840
5517,1145
5518,938
5519,711
5520,2199
5521,2934
5522,1282
5523,669
5524,882
5525,1434
5526,870
5527,934
5528,832
5529,862
5530,1640
5531,927
5532,1246
5533,1126
5534,739
5535,1023
5536,923
5537,796
5538,1308
5539,2215
5540,1063
5541,1232
5542,949
5543,1046
5544,1502
5545,1105
5546,765
5547,922
5548,824
5549,737
5550,2474
5551,1689
5552,1096
5553,1343
5554,1946
5555,16088
5556,2702
5557,1208
5558,1220
5559,1210
5560,1366
5561,1393
5562,856
5563,989
5564,1183
5565,1196
5566,2321
5567,882
5568,1679
5569,721
5570,1621
5571,945
5572,1192
5573,775
5574,1357
5575,1037
5576,783
5577,1111
5578,743
5579,740
5580,1600
5581,758
5582,922
5583,618
5584,750
5585,1072
5586,850
5587,867
5588,1042
5589,913
5590,1806
5591,952
5592,1125
5593,695
5594,1064
5595,4047
5596,784
5597,751
5598,1148
5599,1051
5600,13459
5601,2168
5602,1162
5603,954
5604,1196
5605,1244
5606,980
5607,1045
5608,879
5609,836
5610,1450
5611,958
5612,1058
5613,696
5614,813
5615,939
5616,1225
5617,912
5618,789
5619,883
5620,1375
5621,908
5622,990
5623,1195
5624,894
5625,6467
5626,1156
5627,806
5628,697
5629,717
5630,1165
5631,855
5632,1141
5633,887
5634,1161
5635,811
5636,872
5637,649
5638,997
5639,771
5640,1358
5641,4236
5642,1154
5643,1174
5644,697
5645,1165
5646,2137
5647,814
5648,831
5649,858
5650,1902
5651,1066
5652,1073
5653,732
5654,1059
5655,1263
5656,1403
5657,974
5658,1144
5659,709
5660,1363
5661,672
5662,786
5663,897
5664,1260
5665,1120
5666,1159
5667,1055
5668,835
5669,1239
5670,2426
5671,1113
5672,1595
5673,1069
5674,976
5675,1135
5676,1175
5677,808
5678,10769
5679,818
5680,1468
5681,814
5682,950
5683,1078
5684,740
5685,816
5686,867
5687,831
5688,907
5689,824
5690,1053
5691,702
5692,693
5693,952
5694,1553
5695,1073
5696,806
5697,1820
5698,732
5699,858
5700,13101
5701,1775
5702,998
5703,1052
5704,945
5705,975
5706,908
5707,1176
5708,2917
5709,909
5710,1213
5711,1163
5712,1121
5713,749
5714,1805
5715,1248
5716,1144
5717,940
5718,2095
5719,1034
5720,1400
5721,849
5722,1050
5723,3105
5724,1027
5725,1644
5726,711
5727,932
5728,1162
5729,889
5730,8596
5731,921
5732,833
5733,1190
5734,1003
5735,1858
5736,1366
5737,1154
5738,873
5739,788
5740,1535
5741,1461
5742,1006
5743,830
5744,854
5745,916
5746,994
5747,1224
5748,1073
5749,1255
5750,2681
5751,1308
5752,987
5753,1901
5754,1541
5755,1343
5756,1280
5757,2648
5758,2150
5759,1681
5760,4268
5761,1783
5762,1901
5763,3052
5764,2522
5765,2443
5766,1975
5767,2343
5768,2251
5769,1999
5770,5299
5771,2381
5772,5439
5773,4397
5774,3931
5775,2893
5776,2158
5777,2676
5778,2957
5779,1606
5780,2418
5781,1178
5782,1410
5783,857
5784,827
5785,813
5786,721
5787,710
5788,748
5789,1691
5790,1029
5791,759
5792,961
5793,1728
5794,766
5795,1063
5796,807
5797,610
5798,834
5799,750
5800,10347
5801,1429
5802,1382
5803,1005
5804,831
5805,1219
5806,876
5807,1330
5808,1334
5809,1226
5810,1135
5811,1081
5812,1334
5813,831
5814,1141
5815,837
5816,1064
5817,882
5818,647
5819,934
5820,1122
5821,917
5822,1134
5823,904
5824,962
5825,907
5826,823
5827,662
5828,860
5829,899
5830,1244
5831,917
5832,1457
5833,1865
5834,816
5835,631
5836,670
5837,691
5838,657
5839,991
5840,2260
5841,908
5842,671
5843,881
5844,1072
5845,1230
5846,867
5847,599
5848,787
5849,1228
5850,3508
5851,900
5852,880
5853,903
5854,666
5855,800
5856,956
5857,520
5858,1797
5859,882
5860,1072
5861,774
5862,577
5863,539
5864,1004
5865,767
5866,959
5867,677
5868,1146
5869,1180
5870,3579
5871,861
5872,786
5873,750
5874,1207
5875,1106
5876,940
5877,556
5878,1090
5879,783
5880,1619
5881,849
5882,1367
5883,1575
5884,928
5885,860
5886,686
5887,861
5888,1076
5889,612
5890,1674
5891,881
5892,810
5893,899
5894,576
5895,954
5896,644
5897,838
5898,867
5899,843
5900,6089
5901,1671
5902,1021
5903,1023
5904,904
5905,1252
5906,1500
5907,1250
5908,921
5909,1137
5910,1305
5911,1063
5912,977
5913,713
5914,1040
5915,1144
5916,899
5917,1010
5918,919
5919,800
5920,1585
5921,764
5922,748
5923,1014
5924,1308
5925,993
5926,1015
5927,903
5928,978
5929,942
5930,1383
5931,1016
5932,754
5933,673
5934,688
5935,722
5936,662
5937,922
5938,699
5939,1029
5940,1423
5941,779
5942,839
5943,779
5944,644
5945,839
5946,1617
5947,840
5948,611
5949,1001
5950,1810
5951,885
5952,1504
5953,800
5954,700
5955,1035
5956,906
5957,859
5958,858
5959,1078
5960,1004
5961,1036
5962,1254
5963,921
5964,1017
5965,790
5966,595
5967,1097
5968,804
5969,698
5970,2586
5971,812
5972,947
5973,898
5974,756
5975,1041
5976,894
5977,814
5978,1085
5979,1018
5980,1208
5981,1148
5982,740
5983,572
5984,3416
5985,1336
5986,795
5987,1218
5988,918
5989,711
5990,1266
5991,1039
5992,859
5993,768
5994,1162
5995,920
5996,771
5997,739
5998,714
5999,2403
6000,219869
6001,4557
6002,2278
6003,1440
6004,1612
6005,3986
6006,2470
6007,1219
6008,1340
6009,1419
6010,2778
6011,3008
6012,2246
6013,2254
6014,965
6015,1071
6016,1454
6017,812
6018,1079
6019,747
6020,1946
6021,1264
6022,2286
6023,954
6024,1110
6025,1236
6026,951
6027,1045
6028,963
6029,666
6030,1237
6031,901
6032,887
6033,1137
6034,870
6035,1039
6036,819
6037,782
6038,562
6039,794
6040,1542
6041,909
6042,944
6043,765
6044,787
6045,1045
6046,768
6047,802
6048,1017
6049,793
6050,2807
6051,915
6052,1385
6053,1216
6054,873
6055,1330
6056,1108
6057,866
6058,868
6059,763
6060,2644
6061,10892
6062,1071
6063,3378
6064,901
6065,1022
6066,942
6067,894
6068,849
6069,680
6070,1181
6071,1051
6072,922
6073,1059
6074,723
6075,2185
6076,1193
6077,678
6078,998
6079,886
6080,2788
6081,956
6082,1198
6083,923
6084,2805
6085,872
6086,790
6087,671
6088,1024
6089,624
6090,1695
6091,761
6092,713
6093,1263
6094,919
6095,743
6096,1148
6097,941
6098,632
6099,960
6100,7350
6101,1363
6102,2100
6103,1879
6104,799
6105,1311
6106,1321
6107,802
6108,1109
6109,1332
6110,1639
6111,2285
6112,1063
6113,1002
6114,1164
6115,1272
6116,1326
6117,812
6118,845
6119,933
6120,1523
6121,1035
6122,925
6123,1451
6124,1102
6125,1689
6126,689
6127,814
6128,1239
6129,1013
6130,1866
6131,1461
6132,872
6133,1031
6134,757
6135,898
6136,901
6137,828
6138,1004
6139,837
6140,1251
6141,862
6142,795
6143,1086
6144,2513
6145,985
6146,784
6147,660
6148,1570
6149,713
6150,3186
6151,1189
6152,761
6153,620
6154,1012
6155,1050
6156,846
6157,892
6158,592
6159,720
6160,1217
6161,1245
6162,1018
6163,1044
6164,1086
6165,1056
6166,1768
6167,841
6168,977
6169,704
6170,960
6171,805
6172,862
6173,1130
6174,2586
6175,1055
6176,1539
6177,1054
6178,527
6179,946
6180,2986
6181,847
6182,736
6183,762
6184,786
6185,741
6186,812
6187,631
6188,787
6189,864
6190,1453
6191,1006
6192,885
6193,653
6194,710
6195,647
6196,1108
6197,711
6198,1323
6199,988
6200,9712
6201,1194
6202,991
6203,2099
6204,1163
6205,946
6206,952
6207,1151
6208,749
6209,976
6210,1430
6211,1108
6212,1355
6213,1280
6214,1966
6215,1032
6216,904
6217,810
6218,801
6219,653
6220,1207
6221,1424
6222,1123
6223,1074
6224,1264
6225,1048
6226,1415
6227,831
6228,733
6229,788
6230,1527
6231,869
6232,781
6233,777
6234,1491
6235,940
6236,1149
6237,1348
6238,1593
6239,908
6240,1655
6241,751
6242,741
6243,742
6244,769
6245,853
6246,956
6247,663
6248,597
6249,846
6250,4156
6251,2378
6252,1078
6253,833
6254,778
6255,852
6256,1005
6257,698
6258,825
6259,665
6260,1068
6261,1237
6262,1311
6263,1009
6264,1367
6265,1346
6266,1256
6267,651
6268,971
6269,1109
6270,890
6271,1613
6272,1164
6273,2237
6274,991
6275,1055
6276,870
6277,873
6278,927
6279,734
6280,1175
6281,603
6282,950
6283,1030
6284,808
6285,812
6286,1955
6287,632
6288,1076
6289,898
6290,706
6291,974
6292,769
6293,851
6294,791
6295,616
6296,979
6297,594
6298,641
6299,994
6300,9244
6301,1448
6302,944
6303,1080
6304,1238
6305,1014
6306,635
6307,611
6308,739
6309,1794
6310,1342
6311,1089
6312,1223
6313,862
6314,814
6315,713
6316,719
6317,2182
6318,898
6319,649
6320,1110
6321,1354
6322,837
6323,609
6324,1074
6325,1127
6326,724
6327,600
6328,1021
6329,2129
6330,1008
6331,940
6332,991
6333,1365
6334,1186
6335,793
6336,1234
6337,839
6338,830
6339,971
6340,937
6341,741
6342,769
6343,730
6344,813
6345,854
6346,1158
6347,805
6348,1368
6349,752
6350,1972
6351,771
6352,817
6353,623
6354,638
6355,848
6356,1266
6357,1237
6358,649
6359,574
6360,1112
6361,2569
6362,691
6363,1422
6364,1018
6365,897
6366,1369
6367,1379
6368,1165
6369,1073
6370,2017
6371,5919
6372,1455
6373,1143
6374,1093
6375,1206
6376,1139
6377,800
6378,4439
6379,3972
6380,1460
6381,756
6382,683
6383,791
6384,880
6385,699
6386,799
6387,650
6388,779
6389,784
6390,821
6391,629
6392,860
6393,1018
6394,960
6395,868
6396,967
6397,1020
6398,877
6399,1056
6400,20825
6401,1340
6402,1269
6403,730
6404,942
6405,694
6406,997
6407,772
6408,783
6409,1108
6410,1375
6411,878
6412,1026
6413,680
6414,726
6415,724
6416,1050
6417,664
6418,697
6419,948
6420,1696
6421,771
6422,812
6423,930
6424,777
6425,938
6426,892
6427,565
6428,885
6429,1413
6430,861
6431,800
6432,1493
6433,931
6434,820
6435,1442
6436,632
6437,717
6438,752
6439,642
6440,1326
6441,734
6442,520
6443,1236
6444,712
6445,685
6446,1029
6447,623
6448,903
6449,983
6450,1816
6451,609
6452,648
6453,1077
6454,685
6455,912
6456,787
6457,792
6458,820
6459,727
6460,946
6461,761
6462,645
6463,797
6464,1236
6465,1032
6466,796
6467,638
6468,746
6469,1022
6470,592
6471,772
6472,796
6473,993
6474,895
6475,1252
6476,801
6477,676
6478,795
6479,508
6480,1636
6481,564
6482,679
6483,714
6484,940
6485,943
6486,978
6487,832
6488,700
6489,1081
6490,1096
6491,637
6492,791
6493,553
6494,1126
6495,1060
6496,529
6497,485
6498,950
6499,554
6500,27916
6501,1739
6502,58925
6503,891
6504,993
6505,1103
6506,817
6507,1001
6508,837
6509,805
6510,2432
6511,1737
6512,1725
6513,561
6514,859
6515,950
6516,1074
6517,694
6518,821
6519,752
6520,1587
6521,809
6522,1145
6523,604
6524,801
6525,937
6526,875
6527,790
6528,969
6529,635
6530,990
6531,854
6532,974
6533,970
6534,1012
6535,836
6536,1162
6537,623
6538,803
6539,523
6540,738
6541,830
6542,1129
6543,2306
6544,964
6545,632
6546,932
6547,841
6548,626
6549,793
6550,2946
6551,953
6552,945
6553,1021
6554,836
6555,1553
6556,996
6557,982
6558,609
6559,616
6560,1384
6561,2806
6562,1000
6563,912
6564,681
6565,1407
6566,952
6567,798
6568,572
6569,930
6570,1402
6571,709
6572,908
6573,1013
6574,798
6575,785
6576,1076
6577,660
6578,820
6579,796
6580,1196
6581,988
6582,534
6583,969
6584,839
6585,898
6586,705
6587,629
6588,852
6589,532
6590,764
6591,733
6592,625
6593,812
6594,649
6595,647
6596,1324
6597,764
6598,667
6599,530
6600,13940
6601,1188
6602,933
6603,1061
6604,725
6605,1585
6606,1106
6607,801
6608,943
6609,624
6610,1225
6611,1230
6612,719
6613,1613
6614,887
6615,822
6616,886
6617,602
6618,642
6619,821
6620,1271
6621,928
6622,898
6623,725
6624,866
6625,896
6626,527
6627,655
6628,584
6629,576
6630,1525
6631,671
6632,1982
6633,956
6634,547
6635,772
6636,797
6637,744
6638,619
6639,792
6640,1629
6641,719
6642,855
6643,910
6644,951
6645,853
6646,623
6647,598
6648,1217
6649,752
6650,1423
6651,1046
6652,793
6653,817
6654,790
6655,1096
6656,1142
6657,745
6658,664
6659,598
6660,1249
6661,1019
6662,1420
6663,1177
6664,1309
6665,1120
6666,10891
6667,9077
6668,1346
6669,953
6670,1804
6671,856
6672,1123
6673,890
6674,923
6675,862
6676,930
6677,1171
6678,864
6679,670
6680,1398
6681,662
6682,679
6683,684
6684,783
6685,586
6686,692
6687,740
6688,851
6689,712
6690,1143
6691,629
6692,816
6693,642
6694,1007
6695,817
6696,794
6697,1217
6698,597
6699,1406
6700,7507
6701,1151
6702,1157
6703,689
6704,1067
6705,950
6706,754
6707,965
6708,994
6709,1062
6710,1316
6711,790
6712,862
6713,671
6714,605
6715,649
6716,734
6717,615
6718,653
6719,737
6720,1539
6721,892
6722,771
6723,809
6724,768
6725,717
6726,1899
6727,605
6728,777
6729,626
6730,876
6731,1550
6732,884
6733,744
6734,792
6735,899
6736,6417
6737,663
6738,936
6739,566
6740,976
6741,608
6742,987
6743,685
6744,582
6745,931
6746,523
6747,991
6748,702
6749,1813
6750,3134
6751,762
6752,860
6753,764
6754,1006
6755,813
6756,731
6757,1073
6758,936
6759,610
6760,886
6761,660
6762,680
6763,927
6764,1045
6765,2012
6766,667
6767,1199
6768,732
6769,887
6770,1426
6771,899
6772,689
6773,795
6774,1192
6775,936
6776,673
6777,892
6778,671
6779,689
6780,1471
6781,986
6782,678
6783,708
6784,989
6785,949
6786,648
6787,812
6788,668
6789,6299
6790,1085
6791,804
6792,840
6793,814
6794,522
6795,741
6796,605
6797,723
6798,559
6799,763
6800,14025
6801,1221
6802,893
6803,959
6804,1520
6805,1070
6806,1028
6807,610
6808,998
6809,3533
6810,1142
6811,1210
6812,852
6813,465
6814,735
6815,565
6816,738
6817,965
6818,937
6819,926
6820,1191
6821,605
6822,1268
6823,822
6824,676
6825,1141
6826,848
6827,748
6828,671
6829,751
6830,877
6831,937
6832,1097
6833,681
6834,544
6835,522
6836,756
6837,645
6838,550
6839,861
6840,960
6841,647
6842,730
6843,493
6844,715
6845,1099
6846,1675
6847,831
6848,852
6849,659
6850,2683
6851,871
6852,761
6853,562
6854,757
6855,842
6856,590
6857,814
6858,735
6859,921
6860,590
6861,566
6862,541
6863,528
6864,1000
6865,1025
6866,628
6867,534
6868,1315
6869,865
6870,2662
6871,569
6872,786
6873,559
6874,631
6875,3407
6876,836
6877,777
6878,622
6879,933
6880,960
6881,617
6882,778
6883,611
6884,620
6885,617
6886,857
6887,758
6888,1062
6889,814
6890,882
6891,574
6892,2168
6893,697
6894,1048
6895,834
6896,2040
6897,602
6898,647
6899,702
6900,4392
6901,1006
6902,1110
6903,894
6904,676
6905,709
6906,1224
6907,643
6908,622
6909,791
6910,910
6911,1058
6912,1604
6913,681
6914,824
6915,882
6916,1126
6917,927
6918,974
6919,487
6920,1347
6921,569
6922,1460
6923,778
6924,994
6925,663
6926,669
6927,628
6928,691
6929,1093
6930,1346
6931,1539
6932,710
6933,678
6934,682
6935,823
6936,795
6937,527
6938,436
6939,1214
6940,855
6941,821
6942,692
6943,510
6944,1047
6945,812
6946,922
6947,761
6948,734
6949,729
6950,3429
6951,734
6952,612
6953,517
6954,653
6955,790
6956,542
6957,572
6958,756
6959,771
6960,981
6961,625
6962,649
6963,917
6964,573
6965,990
6966,973
6967,574
6968,874
6969,1999
6970,2493
6971,580
6972,691
6973,762
6974,634
6975,1071
6976,1075
6977,683
6978,639
6979,1120
6980,1575
6981,649
6982,595
6983,515
6984,781
6985,1041
6986,537
6987,587
6988,572
6989,946
6990,1748
6991,799
6992,903
6993,804
6994,557
6995,1086
6996,1889
6997,649
6998,720
6999,1395
7000,117057
7001,3164
7002,1589
7003,1462
7004,1801
7005,1843
7006,1650
7007,3366
7008,1095
7009,988
7010,2012
7011,1158
7012,1239
7013,824
7014,1110
7015,1399
7016,854
7017,584
7018,2794
7019,815
7020,1882
7021,940
7022,970
7023,1167
7024,1088
7025,893
7026,779
7027,1144
7028,944
7029,772
7030,2058
7031,1027
7032,941
7033,720
7034,868
7035,700
7036,989
7037,801
7038,757
7039,815
7040,1708
7041,847
7042,878
7043,948
7044,1339
7045,854
7046,978
7047,873
7048,979
7049,661
7050,1891
7051,892
7052,794
7053,619
7054,850
7055,1103
7056,1748
7057,644
7058,870
7059,683
7060,1133
7061,891
7062,630
7063,960
7064,731
7065,1018
7066,934
7067,693
7068,840
7069,658
7070,2040
7071,4941
7072,959
7073,630
7074,890
7075,5869
7076,691
7077,1340
7078,1086
7079,892
7080,1320
7081,661
7082,918
7083,967
7084,746
7085,984
7086,810
7087,625
7088,710
7089,738
7090,3528
7091,1013
7092,809
7093,583
7094,2989
7095,836
7096,1057
7097,720
7098,618
7099,1174
7100,7598
7101,1344
7102,1127
7103,1014
7104,915
7105,810
7106,1171
7107,1034
7108,767
7109,921
7110,2355
7111,2655
7112,1064
7113,902
7114,722
7115,605
7116,685
7117,1091
7118,449
7119,803
7120,1804
7121,836
7122,942
7123,1439
7124,885
7125,944
7126,995
7127,685
7128,849
7129,982
7130,931
7131,1082
7132,650
7133,759
7134,942
7135,760
7136,986
7137,639
7138,612
7139,727
7140,1228
7141,1067
7142,848
7143,1540
7144,820
7145,640
7146,1460
7147,701
7148,776
7149,431
7150,1717
7151,841
7152,1867
7153,739
7154,738
7155,815
7156,971
7157,723
7158,720
7159,1054
7160,1162
7161,778
7162,801
7163,797
7164,950
7165,889
7166,844
7167,7002
7168,1029
7169,976
7170,1206
7171,1641
7172,932
7173,1336
7174,846
7175,868
7176,985
7177,741
7178,891
7179,508
7180,1138
7181,1005
7182,1308
7183,1956
7184,1006
7185,2136
7186,897
7187,683
7188,1010
7189,686
7190,1897
7191,833
7192,1031
7193,666
7194,691
7195,959
7196,563
7197,638
7198,910
7199,744
7200,29251
7201,2745
7202,1452
7203,1705
7204,1364
7205,1862
7206,2051
7207,720
7208,1354
7209,920
7210,1013
7211,925
7212,1333
7213,927
7214,1069
7215,804
7216,1668
7217,587
7218,1106
7219,819
7220,1021
7221,724
7222,1480
7223,835
7224,749
7225,1863
7226,759
7227,836
7228,853
7229,881
7230,1221
7231,1734
7232,851
7233,1880
7234,1203
7235,1010
7236,674
7237,656
7238,761
7239,657
7240,769
7241,874
7242,835
7243,1431
7244,781
7245,983
7246,880
7247,627
7248,761
7249,740
7250,1561
7251,760
7252,735
7253,766
7254,822
7255,958
7256,868
7257,588
7258,741
7259,428
7260,1408
7261,997
7262,1471
7263,767
7264,863
7265,845
7266,628
7267,691
7268,537
7269,764
7270,685
7271,506
7272,1663
7273,865
7274,725
7275,1007
7276,1007
7277,1299
7278,684
7279,620
7280,1265
7281,1910
7282,958
7283,685
7284,854
7285,943
7286,640
7287,1019
7288,953
7289,1575
7290,1290
7291,828
7292,1087
7293,859
7294,746
7295,1026
7296,799
7297,1094
7298,734
7299,648
7300,5895
7301,1069
7302,860
7303,746
7304,787
7305,1300
7306,852
7307,793
7308,861
7309,840
7310,1275
7311,925
7312,805
7313,584
7314,535
7315,893
7316,794
7317,732
7318,588
7319,649
7320,1259
7321,1440
7322,830
7323,985
7324,751
7325,885
7326,1832
7327,822
7328,740
7329,610
7330,998
7331,699
7332,684
7333,1548
7334,1222
7335,649
7336,723
7337,1179
7338,689
7339,639
7340,1818
7341,718
7342,465
7343,623
7344,633
7345,771
7346,914
7347,734
7348,648
7349,635
7350,1950
7351,1222
7352,937
7353,678
7354,560
7355,1016
7356,1228
7357,725
7358,821
7359,550
7360,1236
7361,832
7362,737
7363,590
7364,876
7365,663
7366,1049
7367,750
7368,927
7369,895
7370,1075
7371,830
7372,684
7373,1226
7374,932
7375,1210
7376,778
7377,727
7378,955
7379,660
7380,941
7381,906
7382,1009
7383,627
7384,1238
7385,619
7386,1323
7387,717
7388,847
7389,889
7390,885
7391,1398
7392,926
7393,1655
7394,647
7395,883
7396,745
7397,715
7398,539
7399,593
7400,7144
7401,1072
7402,980
7403,1041
7404,1339
7405,1106
7406,671
7407,946
7408,1050
7409,594
7410,1227
7411,1048
7412,803
7413,606
7414,800
7415,583
7416,768
7417,796
7418,781
7419,525
7420,1480
7421,842
7422,731
7423,817
7424,669
7425,1985
7426,634
7427,584
7428,566
7429,803
7430,837
7431,1001
7432,1943
7433,988
7434,975
7435,924
7436,902
7437,389
7438,539
7439,708
7440,1561
7441,734
7442,591
7443,713
7444,805
7445,1252
7446,1890
7447,1252
7448,807
7449,634
7450,1618
7451,1367
7452,624
7453,745
7454,579
7455,789
7456,1691
7457,737
7458,1448
7459,919
7460,840
7461,630
7462,685
7463,528
7464,635
7465,717
7466,714
7467,637
7468,825
7469,669
7470,1004
7471,649
7472,550
7473,739
7474,1711
7475,1305
7476,1045
7477,630
7478,885
7479,528
7480,1189
7481,934
7482,830
7483,841
7484,1110
7485,1244
7486,1196
7487,1050
7488,793
7489,991
7490,1030
7491,679
7492,810
7493,643
7494,946
7495,772
7496,678
7497,1136
7498,745
7499,1086
7500,40924
7501,1483
7502,1390
7503,1644
7504,667
7505,872
7506,2967
7507,902
7508,590
7509,1211
7510,1297
7511,907
7512,964
7513,1116
7514,1098
7515,892
7516,1278
7517,817
7518,757
7519,1349
7520,1600
7521,904
7522,699
7523,964
7524,1167
7525,1096
7526,795
7527,677
7528,755
7529,1016
7530,1206
7531,1061
7532,729
7533,623
7534,893
7535,820
7536,697
7537,700
7538,1037
7539,784
7540,1225
7541,647
7542,965
7543,772
7544,760
7545,1131
7546,1850
7547,555
7548,1001
7549,593
7550,1305
7551,1240
7552,668
7553,964
7554,10336
7555,985
7556,704
7557,698
7558,522
7559,1027
7560,1217
7561,846
7562,677
7563,752
7564,716
7565,694
7566,1094
7567,1286
7568,765
7569,651
7570,753
7571,758
7572,712
7573,481
7574,699
7575,1363
7576,728
7577,1131
7578,709
7579,739
7580,1204
7581,605
7582,540
7583,701
7584,903
7585,815
7586,802
7587,1233
7588,605
7589,635
7590,1030
7591,1190
7592,805
7593,609
7594,819
7595,742
7596,567
7597,571
7598,688
7599,868
7600,10117
7601,1887
7602,1109
7603,1210
7604,758
7605,838
7606,806
7607,819
7608,964
7609,662
7610,1814
7611,926
7612,755
7613,985
7614,870
7615,734
7616,843
7617,560
7618,817
7619,1811
7620,1009
7621,697
7622,798
7623,825
7624,856
7625,1194
7626,938
7627,734
7628,542
7629,492
7630,846
7631,696
7632,811
7633,493
7634,1062
7635,486
7636,808
7637,1991
7638,549
7639,1125
7640,742
7641,1207
7642,677
7643,1945
7644,806
7645,1473
7646,594
7647,840
7648,732
7649,555
7650,1811
7651,543
7652,721
7653,949
7654,1415
7655,567
7656,1187
7657,596
7658,823
7659,693
7660,1014
7661,1230
7662,872
7663,764
7664,955
7665,792
7666,644
7667,1176
7668,624
7669,772
7670,779
7671,890
7672,560
7673,708
7674,741
7675,698
7676,1366
7677,926
7678,1140
7679,1168
7680,2530
7681,906
7682,554
7683,600
7684,683
7685,872
7686,592
7687,1481
7688,699
7689,928
7690,1020
7691,518
7692,1167
7693,753
7694,564
7695,1524
7696,732
7697,420
7698,1134
7699,523
7700,7967
7701,3045
7702,1423
7703,765
7704,712
7705,745
7706,563
7707,894
7708,739
7709,681
7710,1304
7711,964
7712,1226
7713,920
7714,819
7715,832
7716,791
7717,3098
7718,743
7719,556
7720,1028
7721,762
7722,1346
7723,893
7724,551
7725,1055
7726,854
7727,648
7728,849
7729,1110
7730,1160
7731,622
7732,1022
7733,1074
7734,1620
7735,1316
7736,820
7737,1143
7738,731
7739,1057
7740,957
7741,528
7742,907
7743,748
7744,839
7745,1008
7746,789
7747,1010
7748,1038
7749,705
7750,2729
7751,812
7752,663
7753,2153
7754,573
7755,1201
7756,716
7757,763
7758,1028
7759,958
7760,1029
7761,709
7762,488
7763,626
7764,726
7765,796
7766,1164
7767,592
7768,692
7769,587
7770,2205
7771,1077
7772,750
7773,612
7774,537
7775,767
7776,5422
7777,10220
7778,1942
7779,1045
7780,1031
7781,742
7782,988
7783,840
7784,458
7785,724
7786,770
7787,608
7788,1458
7789,695
7790,1029
7791,574
7792,783
7793,740
7794,603
7795,600
7796,882
7797,660
7798,756
7799,1604
7800,8979
7801,1104
7802,1089
7803,1408
7804,701
7805,5813
7806,899
7807,627
7808,1008
7809,941
7810,1418
7811,736
7812,2064
7813,1008
7814,887
7815,687
7816,1570
7817,1860
7818,1017
7819,479
7820,753
7821,1014
7822,987
7823,699
7824,1002
7825,1919
7826,665
7827,750
7828,761
7829,725
7830,720
7831,662
7832,690
7833,876
7834,735
7835,560
7836,859
7837,700
7838,665
7839,836
7840,996
7841,609
7842,605
7843,684
7844,862
7845,742
7846,559
7847,622
7848,1897
7849,566
7850,4089
7851,561
7852,722
7853,927
7854,2943
7855,679
7856,663
7857,1129
7858,1009
7859,729
7860,853
7861,791
7862,681
7863,674
7864,1892
7865,583
7866,883
7867,1014
7868,970
7869,1477
7870,3354
7871,689
7872,896
7873,958
7874,1283
7875,2251
7876,1122
7877,608
7878,1420
7879,810
7880,946
7881,751
7882,493
7883,601
7884,544
7885,778
7886,681
7887,776
7888,1162
7889,578
7890,6102
7891,789
7892,458
7893,560
7894,1114
7895,794
7896,872
7897,698
7898,846
7899,969
7900,4962
7901,1340
7902,885
7903,770
7904,623
7905,826
7906,1690
7907,653
7908,736
7909,1019
7910,1243
7911,918
7912,795
7913,663
7914,1903
7915,850
7916,748
7917,967
7918,844
7919,1095
7920,1971
7921,738
7922,891
7923,2992
7924,840
7925,1118
7926,726
7927,586
7928,522
7929,532
7930,1094
7931,735
7932,542
7933,661
7934,519
7935,645
7936,846
7937,619
7938,622
7939,673
7940,1039
7941,612
7942,441
7943,728
7944,603
7945,695
7946,969
7947,548
7948,644
7949,630
7950,3842
7951,705
7952,642
7953,884
7954,786
7955,771
7956,694
7957,578
7958,539
7959,715
7960,1073
7961,572
7962,631
7963,489
7964,752
7965,647
7966,990
7967,748
7968,762
7969,483
7970,3831
7971,771
7972,578
7973,789
7974,952
7975,550
7976,1152
7977,874
7978,566
7979,850
7980,1375
7981,739
7982,545
7983,544
7984,590
7985,502
7986,1349
7987,581
7988,549
7989,750
7990,1209
7991,494
7992,691
7993,954
7994,629
7995,704
7996,454
7997,586
7998,1300
7999,1690
8000,165361
8001,5134
8002,2595
8003,1416
8004,1341
8005,1623
8006,1707
8007,1368
8008,8205
8009,1641
8010,2370
8011,2007
8012,1034
8013,785
8014,2574
8015,753
8016,980
8017,647
8018,3802
8019,1203
8020,3641
8021,1666
8022,1394
8023,1142
8024,846
8025,1125
8026,688
8027,1159
8028,1649
8029,689
8030,848
8031,981
8032,1407
8033,917
8034,732
8035,775
8036,933
8037,551
8038,719
8039,787
8040,1368
8041,655
8042,999
8043,668
8044,673
8045,641
8046,902
8047,2441
8048,1441
8049,715
8050,2438
8051,12842
8052,1395
8053,2814
8054,673
8055,878
8056,632
8057,780
8058,1791
8059,656
8060,1600
8061,1604
8062,750
8063,588
8064,1132
8065,1096
8066,580
8067,571
8068,799
8069,1398
8070,1268
8071,665
8072,807
8073,595
8074,719
8075,3057
8076,669
8077,1029
8078,1369
8079,702
8080,83096
8081,6237
8082,2635
8083,1737
8084,1007
8085,16238
8086,42414
8087,5810
8088,17101
8089,1971
8090,2724
8091,1522
8092,1264
8093,746
8094,573
8095,716
8096,1241
8097,1051
8098,930
8099,1035
8100,7511
8101,1254
8102,900
8103,805
8104,759
8105,809
8106,780
8107,638
8108,1580
8109,1306
8110,1147
8111,1751
8112,1120
8113,1223
8114,725
8115,766
8116,569
8117,662
8118,1092
8119,618
8120,1595
8121,1028
8122,1855
8123,1454
8124,964
8125,3383
8126,1231
8127,683
8128,3219
8129,1318
8130,1040
8131,905
8132,818
8133,1915
8134,658
8135,1488
8136,727
8137,1417
8138,751
8139,787
8140,1195
8141,578
8142,698
8143,666
8144,1187
8145,619
8146,951
8147,1619
8148,556
8149,554
8150,2104
8151,766
8152,886
8153,2467
8154,483
8155,909
8156,846
8157,766
8158,603
8159,453
8160,2102
8161,787
8162,837
8163,644
8164,703
8165,973
8166,1220
8167,610
8168,901
8169,632
8170,707
8171,842
8172,737
8173,724
8174,594
8175,730
8176,2796
8177,588
8178,751
8179,892
8180,1212
8181,1994
8182,1134
8183,740
8184,1032
8185,644
8186,1021
8187,595
8188,780
8189,699
8190,1108
8191,3326
8192,89142
8193,1197
8194,995
8195,784
8196,923
8197,688
8198,603
8199,654
8200,6983
8201,1308
8202,1042
8203,2132
8204,1254
8205,1814
8206,3558
8207,702
8208,958
8209,777
8210,1299
8211,13872
8212,13544
8213,1021
8214,724
8215,668
8216,5669
8217,107392
8218,3635
8219,575
8220,30202
8221,31135
8222,1105
8223,1384
8224,896
8225,1208
8226,2279
8227,489
8228,1700
8229,794
8230,8007
8231,1003
8232,1352
8233,1034
8234,683
8235,940
8236,653
8237,1471
8238,761
8239,752
8240,1255
8241,705
8242,1095
8243,997
8244,650
8245,675
8246,666
8247,2420
8248,1422
8249,544
8250,1969
8251,1031
8252,997
8253,1116
8254,1148
8255,10426
8256,1001
8257,718
8258,630
8259,1341
8260,1268
8261,685
8262,817
8263,981
8264,1675
8265,795
8266,1015
8267,965
8268,581
8269,586
8270,592
8271,652
8272,608
8273,721
8274,718
8275,891
8276,739
8277,679
8278,765
8279,1279
8280,860
8281,947
8282,1602
8283,1732
8284,1274
8285,755
8286,1041
8287,449
8288,1526
8289,612
8290,1286
8291,924
8292,865
8293,724
8294,522
8295,864
8296,437
8297,696
8298,562
8299,652
8300,6097
8301,1985
8302,688
8303,871
8304,759
8305,709
8306,609
8307,711
8308,640
8309,719
8310,1156
8311,919
8312,1316
8313,907
8314,1120
8315,611
8316,800
8317,578
8318,483
8319,603
8320,1800
8321,1174
8322,1106
8323,771
8324,829
8325,581
8326,768
8327,585
8328,736
8329,635
8330,1215
8331,818
8332,3424
8333,6176
8334,619
8335,632
8336,717
8337,1005
8338,1013
8339,670
8340,695
8341,758
8342,719
8343,767
8344,1033
8345,608
8346,673
8347,509
8348,698
8349,601
8350,4175
8351,746
8352,801
8353,620
8354,493
8355,836
8356,710
8357,753
8358,511
8359,540
8360,839
8361,966
8362,523
8363,450
8364,1162
8365,574
8366,907
8367,495
8368,631
8369,515
8370,687
8371,774
8372,577
8373,885
8374,656
8375,1030
8376,866
8377,551
8378,943
8379,1634
8380,874
8381,472
8382,742
8383,1097
8384,756
8385,1030
8386,651
8387,675
8388,733
8389,487
8390,698
8391,682
8392,514
8393,353
8394,725
8395,553
8396,783
8397,418
8398,558
8399,677
8400,7354
8401,1005
8402,934
8403,799
8404,845
8405,493
8406,673
8407,584
8408,554
8409,661
8410,886
8411,1049
8412,824
8413,748
8414,870
8415,1002
8416,901
8417,1351
8418,607
8419,630
8420,879
8421,1402
8422,573
8423,1331
8424,2741
8425,645
8426,533
8427,586
8428,522
8429,520
8430,970
8431,919
8432,859
8433,751
8434,498
8435,754
8436,1051
8437,481
8438,608
8439,548
8440,834
8441,430
8442,953
8443,2367
8444,999
8445,429
8446,652
8447,412
8448,712
8449,425
8450,978
8451,930
8452,770
8453,940
8454,636
8455,660
8456,1104
8457,1147
8458,388
8459,560
8460,607
8461,612
8462,1028
8463,707
8464,780
8465,464
8466,614
8467,531
8468,568
8469,566
8470,729
8471,600
8472,3202
8473,605
8474,575
8475,513
8476,939
8477,719
8478,876
8479,628
8480,846
8481,1069
8482,792
8483,455
8484,1468
8485,689
8486,782
8487,746
8488,653
8489,463
8490,521
8491,608
8492,516
8493,2979
8494,387
8495,537
8496,653
8497,726
8498,498
8499,624
8500,15742
8501,1657
8502,927
8503,680
8504,670
8505,699
8506,651
8507,740
8508,671
8509,426
8510,793
8511,858
8512,1050
8513,480
8514,609
8515,534
8516,458
8517,519
8518,542
8519,855
8520,1212
8521,1175
8522,654
8523,656
8524,557
8525,826
8526,686
8527,594
8528,562
8529,794
8530,783
8531,433
8532,835
8533,551
8534,664
8535,690
8536,861
8537,411
8538,422
8539,423
8540,1690
8541,833
8542,1176
8543,788
8544,1120
8545,3272
8546,864
8547,727
8548,816
8549,1449
8550,1312
8551,678
8552,521
8553,398
8554,518
8555,1168
8556,517
8557,541
8558,2995
8559,447
8560,947
8561,637
8562,575
8563,635
8564,527
8565,553
8566,517
8567,613
8568,650
8569,519
8570,877
8571,1705
8572,514
8573,1115
8574,615
8575,649
8576,585
8577,699
8578,556
8579,548
8580,982
8581,690
8582,777
8583,755
8584,670
8585,1233
8586,644
8587,610
8588,750
8589,652
8590,577
8591,539
8592,514
8593,638
8594,1337
8595,737
8596,779
8597,528
8598,641
8599,2308
8600,6673
8601,22451
8602,677
8603,577
8604,1314
8605,671
8606,5895
8607,543
8608,817
8609,674
8610,943
8611,951
8612,1072
8613,713
8614,636
8615,1061
8616,640
8617,2537
8618,461
8619,539
8620,1041
8621,1674
8622,723
8623,481
8624,1521
8625,1109
8626,484
8627,592
8628,834
8629,449
8630,549
8631,740
8632,913
8633,615
8634,438
8635,624
8636,800
8637,668
8638,685
8639,593
8640,1856
8641,573
8642,603
8643,632
8644,1027
8645,637
8646,770
8647,709
8648,627
8649,1585
8650,1054
8651,568
8652,855
8653,503
8654,744
8655,631
8656,652
8657,543
8658,501
8659,624
8660,1705
8661,565
8662,631
8663,553
8664,681
8665,1233
8666,593
8667,1049
8668,835
8669,1152
8670,639
8671,686
8672,594
8673,379
8674,5157
8675,1192
8676,813
8677,480
8678,460
8679,416
8680,803
8681,1191
8682,646
8683,773
8684,876
8685,650
8686,1006
8687,746
8688,889
8689,697
8690,1023
8691,526
8692,577
8693,923
8694,425
8695,421
8696,777
8697,563
8698,508
8699,617
8700,5173
8701,701
8702,636
8703,691
8704,869
8705,611
8706,839
8707,554
8708,769
8709,903
8710,1245
8711,817
8712,1158
8713,561
8714,543
8715,636
8716,549
8717,495
8718,521
8719,559
8720,826
8721,1715
8722,1922
8723,533
8724,737
8725,796
8726,599
8727,678
8728,816
8729,737
8730,2196
8731,548
8732,867
8733,879
8734,858
8735,608
8736,768
8737,750
8738,529
8739,1323
8740,717
8741,459
8742,908
8743,475
8744,574
8745,932
8746,748
8747,1004
8748,710
8749,637
8750,2410
8751,1023
8752,681
8753,864
8754,724
8755,786
8756,638
8757,456
8758,408
8759,576
8760,4328
8761,775
8762,953
8763,699
8764,719
8765,3300
8766,977
8767,1999
8768,801
8769,526
8770,633
8771,525
8772,498
8773,585
8774,671
8775,1867
8776,1141
8777,1137
8778,614
8779,597
8780,549
8781,565
8782,527
8783,550
8784,731
8785,662
8786,658
8787,2037
8788,1224
8789,791
8790,696
8791,1571
8792,523
8793,458
8794,737
8795,500
8796,717
8797,793
8798,424
8799,1508
8800,19406
8801,1424
8802,1434
8803,870
8804,1650
8805,1109
8806,613
8807,848
8808,1155
8809,893
8810,1049
8811,943
8812,1296
8813,612
8814,589
8815,1159
8816,990
8817,905
8818,909
8819,781
8820,1614
8821,818
8822,1305
8823,785
8824,1429
8825,786
8826,553
8827,588
8828,581
8829,809
8830,784
8831,590
8832,2332
8833,2661
8834,604
8835,421
8836,629
8837,806
8838,722
8839,729
8840,999
8841,576
8842,596
8843,1423
8844,839
8845,531
8846,789
8847,494
8848,1938
8849,660
8850,2254
8851,609
8852,527
8853,703
8854,1140
8855,1054
8856,684
8857,1046
8858,1032
8859,43837
8860,727
8861,552
8862,760
8863,1462
8864,630
8865,683
8866,564
8867,482
8868,579
8869,1182
8870,804
8871,661
8872,573
8873,777
8874,505
8875,541
8876,518
8877,821
8878,808
8879,4888
8880,2116
8881,949
8882,749
8883,2532
8884,814
8885,933
8886,701
8887,836
8888,16065
8889,3040
8890,1080
8891,1261
8892,595
8893,468
8894,460
8895,708
8896,492
8897,636
8898,683
8899,773
8900,3888
8901,1824
8902,656
8903,2365
8904,673
8905,548
8906,543
8907,754
8908,583
8909,563
8910,1428
8911,794
8912,881
8913,595
8914,497
8915,992
8916,460
8917,1136
8918,523
8919,904
8920,794
8921,760
8922,456
8923,472
8924,598
8925,781
8926,446
8927,683
8928,573
8929,600
8930,802
8931,550
8932,476
8933,741
8934,638
8935,566
8936,836
8937,590
8938,3529
8939,557
8940,686
8941,360
8942,816
8943,640
8944,1079
8945,872
8946,336
8947,753
8948,503
8949,4651
8950,909
8951,582
8952,582
8953,438
8954,539
8955,650
8956,595
8957,468
8958,598
8959,681
8960,1189
8961,654
8962,1808
8963,685
8964,751
8965,1057
8966,1142
8967,504
8968,437
8969,608
8970,646
8971,861
8972,519
8973,634
8974,612
8975,563
8976,577
8977,825
8978,698
8979,616
8980,724
8981,545
8982,533
8983,1326
8984,1319
8985,468
8986,853
8987,657
8988,1028
8989,1138
8990,882
8991,534
8992,644
8993,951
8994,518
8995,750
8996,493
8997,873
8998,678
8999,1998
9000,124799
9001,32138
9002,2578
9003,1855
9004,1624
9005,1885
9006,1844
9007,1683
9008,1871
9009,2118
9010,2062
9011,1143
9012,1708
9013,893
9014,778
9015,805
9016,700
9017,586
9018,771
9019,700
9020,1449
9021,1222
9022,670
9023,840
9024,599
9025,1549
9026,716
9027,559
9028,570
9029,494
9030,1440
9031,616
9032,826
9033,935
9034,549
9035,920
9036,896
9037,824
9038,624
9039,599
9040,1358
9041,788
9042,813
9043,588
9044,505
9045,1133
9046,618
9047,830
9048,1011
9049,507
9050,1923
9051,1262
9052,736
9053,783
9054,681
9055,891
9056,988
9057,560
9058,881
9059,750
9060,1194
9061,677
9062,537
9063,865
9064,744
9065,603
9066,6587
9067,469
9068,816
9069,914
9070,809
9071,705
9072,645
9073,502
9074,498
9075,1446
9076,596
9077,883
9078,675
9079,428
9080,1851
9081,926
9082,574
9083,608
9084,657
9085,742
9086,446
9087,780
9088,496
9089,861
9090,5300
9091,2636
9092,1932
9093,972
9094,490
9095,717
9096,620
9097,902
9098,577
9099,883
9100,5702
9101,2364
9102,931
9103,679
9104,646
9105,690
9106,556
9107,511
9108,753
9109,686
9110,797
9111,1404
9112,837
9113,577
9114,773
9115,675
9116,532
9117,562
9118,754
9119,966
9120,1469
9121,602
9122,700
9123,986
9124,658
9125,1297
9126,1562
9127,508
9128,584
9129,624
9130,970
9131,899
9132,392
9133,774
9134,1004
9135,647
9136,686
9137,605
9138,996
9139,766
9140,767
9141,823
9142,661
9143,529
9144,3383
9145,527
9146,536
9147,666
9148,551
9149,656
9150,2644
9151,611
9152,653
9153,556
9154,492
9155,1008
9156,617
9157,592
9158,594
9159,615
9160,1015
9161,698
9162,594
9163,774
9164,484
9165,779
9166,904
9167,1708
9168,568
9169,527
9170,810
9171,2771
9172,491
9173,695
9174,379
9175,461
9176,489
9177,446
9178,559
9179,520
9180,724
9181,643
9182,498
9183,1027
9184,635
9185,641
9186,780
9187,443
9188,522
9189,490
9190,536
9191,1210
9192,885
9193,799
9194,544
9195,546
9196,486
9197,492
9198,733
9199,824
9200,14165
9201,866
9202,570
9203,1252
9204,601
9205,984
9206,641
9207,655
9208,721
9209,459
9210,896
9211,936
9212,551
9213,797
9214,468
9215,732
9216,1778
9217,584
9218,495
9219,834
9220,734
9221,1038
9222,1449
9223,789
9224,733
9225,706
9226,433
9227,646
9228,556
9229,916
9230,1259
9231,1430
9232,921
9233,499
9234,699
9235,1411
9236,594
9237,587
9238,639
9239,616
9240,965
9241,1761
9242,477
9243,657
9244,618
9245,551
9246,456
9247,674
9248,723
9249,495
9250,2059
9251,560
9252,509
9253,474
9254,488
9255,625
9256,503
9257,662
9258,676
9259,578
9260,1301
9261,991
9262,849
9263,661
9264,723
9265,769
9266,625
9267,475
9268,970
9269,420
9270,717
9271,656
9272,655
9273,752
9274,506
9275,918
9276,570
9277,597
9278,711
9279,404
9280,2574
9281,580
9282,730
9283,694
9284,683
9285,608
9286,999
9287,608
9288,693
9289,503
9290,920
9291,458
9292,1465
9293,687
9294,651
9295,679
9296,601
9297,857
9298,542
9299,742
9300,6319
9301,926
9302,646
9303,852
9304,584
9305,480
9306,798
9307,468
9308,521
9309,692
9310,1034
9311,717
9312,946
9313,608
9314,524
9315,734
9316,420
9317,486
9318,543
9319,383
9320,791
9321,827
9322,570
9323,443
9324,458
9325,1852
9326,1637
9327,609
9328,520
9329,541
9330,800
9331,636
9332,554
9333,1641
9334,463
9335,1012
9336,450
9337,491
9338,423
9339,789
9340,995
9341,539
9342,482
9343,739
9344,1066
9345,815
9346,553
9347,535
9348,762
9349,678
9350,1245
9351,717
9352,596
9353,527
9354,889
9355,886
9356,492
9357,548
9358,582
9359,600
9360,1183
9361,592
9362,715
9363,594
9364,563
9365,776
9366,379
9367,655
9368,403
9369,501
9370,840
9371,498
9372,1002
9373,414
9374,501
9375,4529
9376,1104
9377,783
9378,852
9379,567
9380,734
9381,1516
9382,1927
9383,582
9384,838
9385,729
9386,598
9387,636
9388,624
9389,504
9390,881
9391,569
9392,534
9393,934
9394,718
9395,429
9396,438
9397,675
9398,474
9399,485
9400,3972
9401,749
9402,555
9403,624
9404,589
9405,760
9406,633
9407,528
9408,624
9409,880
9410,839
9411,990
9412,926
9413,481
9414,663
9415,661
9416,534
9417,693
9418,814
9419,526
9420,745
9421,528
9422,603
9423,556
9424,683
9425,723
9426,529
9427,436
9428,744
9429,466
9430,556
9431,603
9432,572
9433,456
9434,748
9435,471
9436,486
9437,553
9438,1234
9439,672
9440,1192
9441,513
9442,537
9443,939
9444,1401
9445,604
9446,388
9447,635
9448,645
9449,504
9450,1412
9451,516
9452,636
9453,798
9454,556
9455,726
9456,756
9457,648
9458,425
9459,576
9460,549
9461,589
9462,675
9463,550
9464,501
9465,2281
9466,482
9467,559
9468,685
9469,423
9470,452
9471,574
9472,583
9473,790
9474,930
9475,664
9476,614
9477,725
9478,527
9479,363
9480,607
9481,708
9482,539
9483,589
9484,557
9485,494
9486,543
9487,501
9488,724
9489,470
9490,722
9491,377
9492,612
9493,461
9494,655
9495,636
9496,516
9497,540
9498,391
9499,723
9500,13448
9501,792
9502,534
9503,859
9504,776
9505,879
9506,560
9507,388
9508,762
9509,435
9510,1462
9511,679
9512,835
9513,793
9514,492
9515,710
9516,627
9517,643
9518,461
9519,462
9520,783
9521,504
9522,863
9523,713
9524,811
9525,2836
9526,447
9527,654
9528,498
9529,831
9530,1107
9531,468
9532,621
9533,576
9534,371
9535,553
9536,1051
9537,501
9538,594
9539,708
9540,1001
9541,694
9542,697
9543,540
9544,536
9545,1026
9546,1008
9547,472
9548,1361
9549,626
9550,2025
9551,651
9552,1017
9553,381
9554,388
9555,1632
9556,511
9557,457
9558,1354
9559,613
9560,917
9561,474
9562,543
9563,443
9564,611
9565,1014
9566,663
9567,1303
9568,1017
9569,365
9570,689
9571,547
9572,630
9573,423
9574,877
9575,693
9576,563
9577,595
9578,635
9579,301
9580,652
9581,574
9582,405
9583,532
9584,680
9585,725
9586,539
9587,460
9588,617
9589,496
9590,1215
9591,428
9592,839
9593,520
9594,553
9595,1728
9596,675
9597,514
9598,585
9599,939
9600,19097
9601,1187
9602,850
9603,722
9604,1195
9605,504
9606,1580
9607,612
9608,682
9609,502
9610,713
9611,696
9612,545
9613,547
9614,390
9615,771
9616,444
9617,453
9618,459
9619,863
9620,774
9621,507
9622,462
9623,795
9624,726
9625,569
9626,381
9627,432
9628,371
9629,605
9630,673
9631,655
9632,892
9633,587
9634,481
9635,851
9636,456
9637,458
9638,352
9639,504
9640,677
9641,415
9642,677
9643,458
9644,534
9645,674
9646,694
9647,530
9648,654
9649,539
9650,1356
9651,522
9652,470
9653,655
9654,793
9655,539
9656,468
9657,486
9658,804
9659,968
9660,3700
9661,718
9662,955
9663,735
9664,505
9665,558
9666,733
9667,647
9668,537
9669,775
9670,678
9671,614
9672,569
9673,994
9674,591
9675,744
9676,346
9677,622
9678,536
9679,754
9680,700
9681,468
9682,489
9683,358
9684,498
9685,673
9686,709
9687,509
9688,497
9689,970
9690,703
9691,528
9692,485
9693,365
9694,488
9695,549
9696,1045
9697,765
9698,514
9699,602
9700,48204
9701,936
9702,1641
9703,800
9704,537
9705,837
9706,680
9707,718
9708,834
9709,910
9710,739
9711,549
9712,638
9713,544
9714,640
9715,622
9716,670
9717,581
9718,469
9719,515
9720,1305
9721,671
9722,778
9723,999
9724,780
9725,728
9726,970
9727,493
9728,647
9729,819
9730,613
9731,655
9732,655
9733,635
9734,481
9735,548
9736,1580
9737,576
9738,472
9739,590
9740,732
9741,528
9742,983
9743,1047
9744,911
9745,543
9746,550
9747,821
9748,501
9749,455
9750,1806
9751,617
9752,612
9753,569
9754,432
9755,667
9756,418
9757,520
9758,707
9759,455
9760,1067
9761,526
9762,419
9763,748
9764,414
9765,778
9766,684
9767,629
9768,536
9769,808
9770,905
9771,340
9772,677
9773,639
9774,872
9775,694
9776,563
9777,844
9778,436
9779,525
9780,722
9781,579
9782,457
9783,961
9784,528
9785,421
9786,759
9787,733
9788,525
9789,1170
9790,673
9791,539
9792,710
9793,484
9794,410
9795,477
9796,2153
9797,974
9798,664
9799,547
9800,9140
9801,2891
9802,875
9803,611
9804,647
9805,763
9806,654
9807,536
9808,718
9809,631
9810,1337
9811,901
9812,659
9813,446
9814,661
9815,709
9816,475
9817,514
9818,652
9819,456
9820,1263
9821,637
9822,2220
9823,547
9824,605
9825,754
9826,702
9827,387
9828,685
9829,716
9830,961
9831,671
9832,772
9833,838
9834,1220
9835,865
9836,691
9837,445
9838,461
9839,689
9840,1100
9841,678
9842,630
9843,690
9844,425
9845,1863
9846,648
9847,526
9848,761
9849,444
9850,1927
9851,448
9852,635
9853,506
9854,435
9855,802
9856,902
9857,766
9858,447
9859,566
9860,769
9861,810
9862,1648
9863,712
9864,637
9865,716
9866,662
9867,583
9868,920
9869,638
9870,605
9871,582
9872,702
9873,722
9874,580
9875,1011
9876,4532
9877,892
9878,783
9879,419
9880,1119
9881,694
9882,544
9883,566
9884,576
9885,1008
9886,688
9887,755
9888,1018
9889,675
9890,946
9891,877
9892,481
9893,589
9894,548
9895,590
9896,653
9897,515
9898,1193
9899,5374
9900,6657
9901,1698
9902,897
9903,856
9904,1929
9905,775
9906,990
9907,620
9908,578
9909,550
9910,937
9911,828
9912,822
9913,520
9914,535
9915,662
9916,603
9917,503
9918,697
9919,874
9920,907
9921,771
9922,899
9923,663
9924,913
9925,788
9926,737
9927,523
9928,596
9929,1569
9930,830
9931,843
9932,426
9933,773
9934,651
9935,498
9936,576
9937,512
9938,816
9939,1654
9940,862
9941,599
9942,596
9943,533
9944,851
9945,1578
9946,805
9947,1373
9948,603
9949,931
9950,1871
9951,630
9952,634
9953,620
9954,656
9955,912
9956,528
9957,634
9958,1165
9959,1009
9960,1647
9961,788
9962,520
9963,639
9964,621
9965,1144
9966,1261
9967,752
9968,816
9969,670
9970,637
9971,963
9972,955
9973,1406
9974,795
9975,1863
9976,766
9977,745
9978,716
9979,1266
9980,1225
9981,1690
9982,1132
9983,683
9984,1257
9985,1082
9986,835
9987,1079
9988,1621
9989,1049
9990,2380
9991,2029
9992,1555
9993,2242
9994,4151
9995,3497
9996,2752
9997,3591
9998,5782
9999,81413
10000,367020
