number,count
0,75372953
1,157833739
2,125142639
3,86041539
4,61767155
5,60321743
6,38877853
7,32286501
8,31254579
9,27015125
10,44623099
11,26221843
12,31036648
13,21723751
14,18330169
15,21108412
16,17194027
17,14894058
18,15871559
19,14976535
20,22074875
21,11292294
22,10783479
23,9850179
24,9527533
25,11326616
26,6968226
27,6838619
28,6933155
29,6462172
30,14433669
31,5181809
32,4593678
33,3430887
34,3115464
35,4267585
36,3299914
37,2891741
38,2828430
39,3024275
40,7255685
41,2553104
42,2916110
43,2519532
44,2647545
45,4033543
46,2441780
47,2406565
48,2829441
49,2413990
50,10800988
51,2368219
52,2408822
53,2197613
54,2214271
55,2759371
56,2267130
57,2104426
58,2063267
59,2150786
60,4790067
61,823529
62,917277
63,881734
64,2018839
65,1654293
66,931880
67,900002
68,788430
69,727815
70,3015573
71,708432
72,1036029
73,715636
74,692287
75,2324659
76,678231
77,707403
78,735859
79,632856
80,3627076
81,699992
82,652367
83,685061
84,684061
85,1164175
86,662266
87,609102
88,676571
89,643791
90,3842302
91,694815
92,662640
93,647937
94,597921
95,1666177
96,769365
97,736720
98,879488
99,2296439
100,13025809
101,880894
102,371675
103,344045
104,344286
105,439356
106,319436
107,289382
108,342344
109,308886
110,665881
111,371879
112,303887
113,251671
114,244134
115,329043
116,239735
117,249089
118,234131
119,226410
120,1219812
121,262782
122,236600
123,503720
124,217346
125,577253
126,226575
127,278928
128,623080
129,204491
130,527097
131,195006
132,215007
133,205792
134,179173
135,295274
136,183656
137,207907
138,179309
139,184016
140,535927
141,176279
142,175659
143,180079
144,255157
145,237394
146,174389
147,192910
148,163376
149,169114
150,1778871
151,166723
152,160615
153,166318
154,153251
155,224464
156,157746
157,157719
158,144991
159,146960
160,632058
161,154093
162,155761
163,151846
164,144814
165,212195
166,139828
167,152400
168,191663
169,146576
170,314007
171,133892
172,142234
173,134507
174,124694
175,260443
176,139915
177,138420
178,124851
179,135271
180,912700
181,128682
182,127184
183,158461
184,131286
185,174714
186,138339
187,141762
188,117366
189,130530
190,241638
191,123136
192,202018
193,123829
194,110686
195,159397
196,123657
197,112829
198,117827
199,147421
200,3802229
201,191579
202,163147
203,138095
204,129029
205,150634
206,145936
207,120155
208,134712
209,113757
210,247179
211,123186
212,169604
213,114453
214,116512
215,146684
216,138848
217,106837
218,101419
219,98137
220,332976
221,128160
222,137293
223,139402
224,127240
225,219778
226,103274
227,99218
228,116967
229,91746
230,232380
231,113979
232,126265
233,132355
234,129755
235,173884
236,95154
237,100274
238,126728
239,107281
240,363235
241,99081
242,94766
243,107067
244,105585
245,117054
246,101747
247,90265
248,95963
249,91403
250,1351975
251,95759
252,130264
253,95641
254,103220
255,407234
256,598704
257,90469
258,75329
259,76702
260,193125
261,82592
262,98353
263,90153
264,128334
265,116414
266,76521
267,76551
268,77161
269,79174
270,224643
271,76989
272,82983
273,130115
274,72220
275,161430
276,73970
277,82957
278,72547
279,72189
280,212743
281,75973
282,73521
283,74163
284,74143
285,95120
286,79578
287,80197
288,90862
289,75543
290,118002
291,68401
292,72200
293,77172
294,74744
295,83708
296,75545
297,71074
298,80915
299,105395
300,2553449
301,180995
302,116237
303,109220
304,96996
305,100368
306,78471
307,75739
308,94096
309,70495
310,129299
311,84060
312,95590
313,80071
314,78908
315,110736
316,75243
317,85289
318,88321
319,110687
320,218084
321,87788
322,86601
323,83736
324,80903
325,150999
326,63302
327,66459
328,66596
329,61096
330,195812
331,67595
332,65839
333,160803
334,65539
335,74182
336,78317
337,67087
338,61650
339,57632
340,131257
341,65045
342,63664
343,73524
344,62022
345,97433
346,55287
347,66788
348,58374
349,60090
350,523796
351,68536
352,61984
353,61402
354,63377
355,75502
356,64097
357,74955
358,54807
359,58139
360,696619
361,62058
362,53585
363,58552
364,65411
365,348476
366,69173
367,56739
368,55548
369,50774
370,124015
371,58796
372,60125
373,57570
374,49547
375,158091
376,54155
377,62205
378,56903
379,52385
380,128504
381,56425
382,52322
383,52814
384,93442
385,68713
386,68862
387,66409
388,49569
389,51085
390,96166
391,54973
392,52206
393,55783
394,49307
395,66859
396,50972
397,50534
398,45040
399,70960
400,2102890
401,556719
402,57760
403,113681
404,177265
405,79011
406,60901
407,55387
408,61754
409,55373
410,115193
411,62107
412,58138
413,53353
414,59284
415,85220
416,62774
417,54535
418,45972
419,48247
420,135824
421,54202
422,53554
423,50880
424,50400
425,90765
426,48819
427,49190
428,49387
429,53246
430,100975
431,49781
432,65994
433,54656
434,46865
435,80034
436,45401
437,46778
438,44800
439,41037
440,130183
441,50171
442,44300
443,67291
444,65398
445,53542
446,43325
447,48416
448,46328
449,45387
450,364448
451,103753
452,45216
453,48944
454,51181
455,58781
456,88715
457,59246
458,56697
459,45123
460,95870
461,40940
462,42168
463,43276
464,43089
465,55932
466,41852
467,42118
468,41853
469,41369
470,87206
471,52124
472,40487
473,41628
474,37277
475,71059
476,68507
477,38271
478,38705
479,45029
480,172337
481,42288
482,38150
483,61516
484,42519
485,55699
486,65859
487,37805
488,42315
489,38585
490,73292
491,36933
492,37145
493,39644
494,36525
495,57863
496,43513
497,36838
498,40445
499,70040
500,4475228
501,102088
502,54871
503,57081
504,74389
505,56150
506,41044
507,41344
508,50476
509,62524
510,93847
511,53108
512,275799
513,42890
514,43026
515,47799
516,42743
517,40979
518,37753
519,37156
520,98492
521,78179
522,38003
523,41993
524,37935
525,71922
526,41497
527,42217
528,39901
529,162495
530,78493
531,40265
532,38691
533,43146
534,40768
535,55507
536,52631
537,43054
538,56963
539,40352
540,108486
541,42448
542,38702
543,43047
544,37530
545,44540
546,37170
547,35299
548,32068
549,34976
550,247938
551,44351
552,36669
553,37366
554,32503
555,113577
556,35985
557,32915
558,36871
559,33494
560,100439
561,38750
562,35446
563,38328
564,32714
565,43202
566,29956
567,45285
568,35714
569,32744
570,79105
571,38979
572,33686
573,34089
574,33389
575,49968
576,52948
577,36477
578,30465
579,33264
580,74748
581,41339
582,32174
583,32497
584,33124
585,44311
586,39487
587,38679
588,32727
589,37127
590,59664
591,31579
592,35817
593,32675
594,30767
595,38421
596,31264
597,37015
598,33042
599,61350
600,1350970
601,52237
602,51897
603,49251
604,45992
605,39882
606,40387
607,35584
608,36902
609,41542
610,69428
611,33775
612,42092
613,46508
614,34432
615,43743
616,49462
617,44681
618,70683
619,33351
620,76833
621,34197
622,42935
623,35202
624,37570
625,106900
626,39721
627,34034
628,35395
629,31133
630,71204
631,38829
632,49070
633,33847
634,30179
635,36160
636,35414
637,31348
638,30154
639,39406
640,115107
641,34158
642,40593
643,30437
644,41039
645,41075
646,32842
647,39778
648,36906
649,32531
650,212058
651,31779
652,26949
653,28926
654,31103
655,35119
656,40410
657,28309
658,25786
659,25915
660,82080
661,36088
662,29806
663,29842
664,32227
665,33476
666,118733
667,51329
668,31508
669,30213
670,62439
671,31075
672,31718
673,29728
674,34452
675,45753
676,31100
677,30397
678,34891
679,28860
680,74107
681,28649
682,27136
683,27904
684,28894
685,31418
686,31211
687,29527
688,29539
689,26355
690,49664
691,35860
692,27872
693,30912
694,25372
695,31443
696,27629
697,25583
698,24731
699,32613
700,856115
701,41736
702,41400
703,42276
704,39676
705,36588
706,31593
707,47481
708,29449
709,37862
710,51970
711,43562
712,34848
713,34555
714,35318
715,36245
716,32681
717,30862
718,39723
719,27810
720,131108
721,39386
722,32097
723,25799
724,25905
725,44233
726,25955
727,36235
728,33513
729,32562
730,60536
731,31688
732,43806
733,28469
734,27588
735,31685
736,26760
737,60817
738,24574
739,25241
740,57897
741,35284
742,27070
743,26602
744,33014
745,32110
746,30213
747,83082
748,25456
749,26755
750,380475
751,30399
752,29708
753,39645
754,58105
755,56801
756,31649
757,36275
758,22069
759,28757
760,81155
761,24261
762,25504
763,27790
764,24280
765,35379
766,29069
767,41635
768,64275
769,27702
770,62150
771,27024
772,29323
773,28807
774,26914
775,47792
776,34739
777,97775
778,31887
779,23130
780,69041
781,27017
782,26218
783,26996
784,34703
785,33692
786,30861
787,45640
788,25476
789,39209
790,41332
791,24300
792,40246
793,26125
794,28879
795,27565
796,23154
797,24086
798,23044
799,31268
800,1455140
801,43195
802,120169
803,31599
804,30296
805,34035
806,24767
807,28590
808,44682
809,25412
810,47087
811,26846
812,27782
813,31085
814,31861
815,33688
816,28624
817,26065
818,30890
819,24194
820,47546
821,25775
822,33928
823,25061
824,27231
825,39204
826,26698
827,25403
828,27717
829,27011
830,47335
831,23655
832,27670
833,42277
834,22184
835,27293
836,25160
837,22712
838,21752
839,22862
840,64801
841,25435
842,26787
843,30993
844,34247
845,36546
846,26227
847,27958
848,25125
849,22164
850,158170
851,23269
852,28634
853,25346
854,27537
855,64801
856,25905
857,26662
858,26110
859,24844
860,50569
861,23313
862,23387
863,25693
864,36107
865,31436
866,59966
867,25442
868,22127
869,23136
870,48420
871,25022
872,23860
873,22833
874,27380
875,62515
876,25579
877,55595
878,24074
879,22601
880,56791
881,22187
882,23959
883,24866
884,20742
885,24264
886,23189
887,21886
888,97755
889,22670
890,42014
891,23338
892,22697
893,24818
894,22090
895,26683
896,23857
897,21652
898,23036
899,28123
900,647986
901,34453
902,28104
903,25524
904,28114
905,30800
906,26381
907,41702
908,24754
909,33721
910,51119
911,263718
912,32163
913,31201
914,29403
915,30173
916,30551
917,27519
918,26737
919,31338
920,54723
921,23630
922,25405
923,25353
924,28011
925,39314
926,22534
927,23615
928,28841
929,23909
930,45906
931,25714
932,43152
933,24647
934,21205
935,27238
936,37795
937,26039
938,23785
939,23928
940,45531
941,29521
942,20636
943,21322
944,24446
945,29573
946,23225
947,20945
948,20091
949,25952
950,103646
951,25019
952,25045
953,22643
954,25119
955,26435
956,22556
957,21844
958,19909
959,23723
960,80385
961,23131
962,27170
963,23004
964,20915
965,28133
966,23072
967,30339
968,23048
969,26120
970,49797
971,24175
972,29924
973,29424
974,21201
975,36747
976,27088
977,21516
978,411586
979,23187
980,55017
981,32572
982,41396
983,42554
984,25088
985,26685
986,21595
987,33481
988,25626
989,27455
990,61436
991,25284
992,25239
993,24132
994,23748
995,39676
996,28884
997,30954
998,36537
999,281893
1000,2421610
1001,100391
1002,72943
1003,25493
1004,26791
1005,17651
1006,21415
1007,103660
1008,15347
1009,14188
1010,64368
1011,43283
1012,32272
1013,24399
1014,23934
1015,28892
1016,222793
1017,33462
1018,23368
1019,16412
1020,27919
1021,35980
1022,20400
1023,63641
1024,279333
1025,21563
1026,14663
1027,14574
1028,12988
1029,16990
1030,26208
1031,28738
1032,11922
1033,18453
1034,11517
1035,17369
1036,10389
1037,37921
1038,132669
1039,14037
1040,98093
1041,14612
1042,15957
1043,9637
1044,10681
1045,13318
1046,18079
1047,9498
1048,10424
1049,9993
1050,46322
1051,12563
1052,10111
1053,11002
1054,20809
1055,13636
1056,16280
1057,10800
1058,9779
1059,8779
1060,26379
1061,9838
1062,9210
1063,15642
1064,12452
1065,13211
1066,84960
1067,12032
1068,10007
1069,10875
1070,27249
1071,13352
1072,9662
1073,50415
1074,12927
1075,14108
1076,9603
1077,10539
1078,9973
1079,10049
1080,104707
1081,12006
1082,7964
1083,9526
1084,9549
1085,11984
1086,32022
1087,11330
1088,21082
1089,15266
1090,15216
1091,10745
1092,8709
1093,68730
1094,9204
1095,26138
1096,17046
1097,20702
1098,36297
1099,151410
1100,140505
1101,44940
1102,13068
1103,32969
1104,9335
1105,14548
1106,9744
1107,10212
1108,11499
1109,32114
1110,28900
1111,133534
1112,12854
1113,10338
1114,8545
1115,10817
1116,11214
1117,9812
1118,10695
1119,11890
1120,20107
1121,9785
1122,14393
1123,9826
1124,9111
1125,15372
1126,63931
1127,10417
1128,14679
1129,7381
1130,15548
1131,8747
1132,7670
1133,8425
1134,8171
1135,12689
1136,21023
1137,12028
1138,11303
1139,10521
1140,12720
1141,8708
1142,11280
1143,8540
1144,8669
1145,29436
1146,19982
1147,10713
1148,7195
1149,7943
1150,27786
1151,8747
1152,15688
1153,8611
1154,12387
1155,17774
1156,12572
1157,7885
1158,9688
1159,10585
1160,11500
1161,11556
1162,13797
1163,9178
1164,10075
1165,8200
1166,8779
1167,11270
1168,6872
1169,9027
1170,15691
1171,9248
1172,9011
1173,8576
1174,7161
1175,13065
1176,10735
1177,33193
1178,7046
1179,8804
1180,15313
1181,7662
1182,8995
1183,8136
1184,9126
1185,15577
1186,44111
1187,12015
1188,8058
1189,13694
1190,13240
1191,9978
1192,13013
1193,8113
1194,9729
1195,7877
1196,7947
1197,7631
1198,11660
1199,12938
1200,315146
1201,15412
1202,17691
1203,13135
1204,22935
1205,10876
1206,19390
1207,12477
1208,9503
1209,12137
1210,15287
1211,31214
1212,23541
1213,15323
1214,14945
1215,40799
1216,16119
1217,10286
1218,9153
1219,9668
1220,16239
1221,11817
1222,12076
1223,12790
1224,9909
1225,22501
1226,9280
1227,16243
1228,8464
1229,10519
1230,15528
1231,13497
1232,10050
1233,9104
1234,112758
1235,13450
1236,10734
1237,9357
1238,8762
1239,7390
1240,16405
1241,14768
1242,12920
1243,8806
1244,10051
1245,10424
1246,8509
1247,8388
1248,11312
1249,9315
1250,81465
1251,14085
1252,18238
1253,10412
1254,10932
1255,15856
1256,29900
1257,10468
1258,17484
1259,10584
1260,25755
1261,10963
1262,7209
1263,8017
1264,9334
1265,12069
1266,7665
1267,7959
1268,8128
1269,6341
1270,14140
1271,31504
1272,11160
1273,13106
1274,14980
1275,13769
1276,11325
1277,8480
1278,7875
1279,19673
1280,33410
1281,9329
1282,28103
1283,7602
1284,8732
1285,9601
1286,6558
1287,8384
1288,7581
1289,7239
1290,15845
1291,12887
1292,8814
1293,7251
1294,11621
1295,12918
1296,14488
1297,9975
1298,8047
1299,11200
1300,169000
1301,15037
1302,10999
1303,9524
1304,10925
1305,11263
1306,8806
1307,13934
1308,10104
1309,9069
1310,12225
1311,9699
1312,11174
1313,10621
1314,11192
1315,11024
1316,8511
1317,8683
1318,6771
1319,6599
1320,15513
1321,10046
1322,7769
1323,9124
1324,10360
1325,17646
1326,9030
1327,11126
1328,10884
1329,6380
1330,13110
1331,9597
1332,9638
1333,16247
1334,7374
1335,8040
1336,9394
1337,29731
1338,7715
1339,6839
1340,13237
1341,7948
1342,7653
1343,6879
1344,8158
1345,9081
1346,14043
1347,17489
1348,18155
1349,10678
1350,44072
1351,15825
1352,7931
1353,12686
1354,6875
1355,7677
1356,9778
1357,8209
1358,6996
1359,6426
1360,13130
1361,8176
1362,8263
1363,6945
1364,10120
1365,17390
1366,11467
1367,9189
1368,25167
1369,8361
1370,12738
1371,47626
1372,7332
1373,7858
1374,7705
1375,13376
1376,6942
1377,13624
1378,10872
1379,6692
1380,14460
1381,10805
1382,9900
1383,5891
1384,7518
1385,8871
1386,10374
1387,8556
1388,7609
1389,10688
1390,12456
1391,8648
1392,11343
1393,7136
1394,9552
1395,9081
1396,9409
1397,9446
1398,9271
1399,10845
1400,170175
1401,14752
1402,9875
1403,8947
1404,8576
1405,11032
1406,9902
1407,6883
1408,8792
1409,7742
1410,12770
1411,8276
1412,9734
1413,9221
1414,9161
1415,26625
1416,15070
1417,8575
1418,7832
1419,8742
1420,16009
1421,9273
1422,10191
1423,7523
1424,7755
1425,12662
1426,5331
1427,7082
1428,9316
1429,10549
1430,12699
1431,10580
1432,9129
1433,10533
1434,7642
1435,10219
1436,8167
1437,7677
1438,9706
1439,9072
1440,37882
1441,9919
1442,7840
1443,8707
1444,10188
1445,7875
1446,8273
1447,6480
1448,6532
1449,8047
1450,47026
1451,9329
1452,12902
1453,44802
1454,6734
1455,12707
1456,7870
1457,7973
1458,8275
1459,6720
1460,16164
1461,12334
1462,7787
1463,6621
1464,8205
1465,7138
1466,7330
1467,16032
1468,9513
1469,15714
1470,16985
1471,27597
1472,9958
1473,11605
1474,8659
1475,14268
1476,10510
1477,9812
1478,11496
1479,8815
1480,15361
1481,8924
1482,8939
1483,18233
1484,8900
1485,25974
1486,9595
1487,10284
1488,8843
1489,7919
1490,12218
1491,12776
1492,76206
1493,16224
1494,16949
1495,11498
1496,8696
1497,13874
1498,14427
1499,12941
1500,493492
1501,17252
1502,17953
1503,15074
1504,12554
1505,13564
1506,19292
1507,10444
1508,11567
1509,20136
1510,15665
1511,14625
1512,16914
1513,16666
1514,12380
1515,18216
1516,20754
1517,27088
1518,12369
1519,33430
1520,30845
1521,32786
1522,13483
1523,14823
1524,14228
1525,23289
1526,21562
1527,15624
1528,11424
1529,14815
1530,23185
1531,11662
1532,15008
1533,18891
1534,21351
1535,16636
1536,29305
1537,11806
1538,12029
1539,12814
1540,26533
1541,15463
1542,18468
1543,24982
1544,9051
1545,16866
1546,15251
1547,20068
1548,9791
1549,13012
1550,37825
1551,10255
1552,10936
1553,16777
1554,11486
1555,17402
1556,15192
1557,11816
1558,24176
1559,20008
1560,21214
1561,12438
1562,12380
1563,11695
1564,23313
1565,14253
1566,12289
1567,11075
1568,12782
1569,13581
1570,18897
1571,16956
1572,17682
1573,12673
1574,8854
1575,12391
1576,12080
1577,10568
1578,11403
1579,10276
1580,22309
1581,11921
1582,19702
1583,11387
1584,12709
1585,16947
1586,10911
1587,14565
1588,28089
1589,13340
1590,19787
1591,13529
1592,15273
1593,12381
1594,11406
1595,13626
1596,22230
1597,12742
1598,21594
1599,16941
1600,248041
1601,20306
1602,16900
1603,43135
1604,19915
1605,23205
1606,19127
1607,25113
1608,19688
1609,30966
1610,30439
1611,26560
1612,14456
1613,13960
1614,13570
1615,14729
1616,22611
1617,11905
1618,22929
1619,23327
1620,35927
1621,16617
1622,11314
1623,19862
1624,13068
1625,20218
1626,13647
1627,12873
1628,16881
1629,14504
1630,26786
1631,12476
1632,24756
1633,13020
1634,13412
1635,15915
1636,14788
1637,20027
1638,15982
1639,11467
1640,28223
1641,17642
1642,40687
1643,19954
1644,31357
1645,34361
1646,14535
1647,12472
1648,39189
1649,23502
1650,58216
1651,19551
1652,14367
1653,12938
1654,13764
1655,13221
1656,13311
1657,11491
1658,14775
1659,11999
1660,41293
1661,16137
1662,18465
1663,12236
1664,14465
1665,25054
1666,20819
1667,20778
1668,12911
1669,11016
1670,18752
1671,10947
1672,16273
1673,11478
1674,12587
1675,15333
1676,13960
1677,11006
1678,11930
1679,14935
1680,25137
1681,11435
1682,13221
1683,18293
1684,10801
1685,19983
1686,12099
1687,20435
1688,33322
1689,33752
1690,24500
1691,12076
1692,17346
1693,10381
1694,15552
1695,11790
1696,10670
1697,15276
1698,11090
1699,12770
1700,164222
1701,24765
1702,17307
1703,16043
1704,21283
1705,14020
1706,15467
1707,36367
1708,12787
1709,14798
1710,17517
1711,17031
1712,17712
1713,21410
1714,22508
1715,22149
1716,14828
1717,15447
1718,14899
1719,11703
1720,22474
1721,15226
1722,13882
1723,12908
1724,14945
1725,15466
1726,11281
1727,20740
1728,18245
1729,17708
1730,18641
1731,11214
1732,14453
1733,14552
1734,9935
1735,14704
1736,13876
1737,12305
1738,14601
1739,13044
1740,26673
1741,13377
1742,15271
1743,15031
1744,15882
1745,19288
1746,12692
1747,11910
1748,23545
1749,16220
1750,94343
1751,16035
1752,20233
1753,15172
1754,22656
1755,26266
1756,25333
1757,23837
1758,19559
1759,20716
1760,36815
1761,15394
1762,21644
1763,56146
1764,24453
1765,35457
1766,21133
1767,18628
1768,17933
1769,22974
1770,42212
1771,14965
1772,25639
1773,28128
1774,38337
1775,67705
1776,141111
1777,35630
1778,32782
1779,19779
1780,38701
1781,41767
1782,22965
1783,57727
1784,26629
1785,29642
1786,23622
1787,97288
1788,46633
1789,153040
1790,87814
1791,69683
1792,56188
1793,53144
1794,39958
1795,42782
1796,40604
1797,32659
1798,51205
1799,47248
1800,350745
1801,54162
1802,33073
1803,51492
1804,51905
1805,33379
1806,37758
1807,38101
1808,38694
1809,41745
1810,40155
1811,30488
1812,111168
1813,34048
1814,51324
1815,86699
1816,34064
1817,30704
1818,42186
1819,41140
1820,72036
1821,45713
1822,36494
1823,31222
1824,51511
1825,38030
1826,29507
1827,28985
1828,49118
1829,32612
1830,87871
1831,40630
1832,49939
1833,38002
1834,36898
1835,39790
1836,43610
1837,48238
1838,37346
1839,45346
1840,71457
1841,34830
1842,40154
1843,36794
1844,47430
1845,54191
1846,54711
1847,45999
1848,116675
1849,46369
1850,146760
1851,45971
1852,40371
1853,40602
1854,53442
1855,41003
1856,53049
1857,70356
1858,52218
1859,78010
1860,121418
1861,107839
1862,67422
1863,70515
1864,63326
1865,109651
1866,62402
1867,78465
1868,79298
1869,58358
1870,128882
1871,98612
1872,57625
1873,53803
1874,45574
1875,60078
1876,70839
1877,59086
1878,51491
1879,63437
1880,104992
1881,59396
1882,64227
1883,57086
1884,60269
1885,66734
1886,58717
1887,59436
1888,62573
1889,73426
1890,122227
1891,56437
1892,59529
1893,66939
1894,68677
1895,89746
1896,92452
1897,72319
1898,103322
1899,77061
1900,375279
1901,111204
1902,85536
1903,95756
1904,92520
1905,161391
1906,93984
1907,87525
1908,104473
1909,85717
1910,150606
1911,161103
1912,139309
1913,408916
1914,299649
1915,146836
1916,142157
1917,261487
1918,322238
1919,200679
1920,318922
1921,139801
1922,141479
1923,121253
1924,117231
1925,118661
1926,104813
1927,113074
1928,123495
1929,192169
1930,299517
1931,127475
1932,142854
1933,225956
1934,124392
1935,164680
1936,190831
1937,171023
1938,183101
1939,316149
1940,410339
1941,279392
1942,212263
1943,182560
1944,225172
1945,518678
1946,192314
1947,259542
1948,299404
1949,228283
1950,445430
1951,166317
1952,174378
1953,196303
1954,195018
1955,187194
1956,215760
1957,208592
1958,205636
1959,212634
1960,464653
1961,261833
1962,253645
1963,262344
1964,302801
1965,315012
1966,233183
1967,328800
1968,333730
1969,330152
1970,583491
1971,323804
1972,347711
1973,397489
1974,333080
1975,400447
1976,358830
1977,347063
1978,350546
1979,434290
1980,691566
1981,387233
1982,407952
1983,394680
1984,510251
1985,461973
1986,491964
1987,473325
1988,509761
1989,621853
1990,946924
1991,751128
1992,718533
1993,707911
1994,906508
1995,967121
1996,1037830
1997,1079467
1998,1199941
1999,1304191
2000,2833327
2001,1950756
2002,1781311
2003,2262220
2004,2448962
2005,2963727
2006,3028120
2007,3557496
2008,4360223
2009,4215539
2010,4963339
2011,5376063
2012,6122365
2013,6067304
2014,5016542
2015,4352293
2016,4477536
2017,4691920
2018,4350512
2019,3610870
2020,3899212
2021,2426971
2022,1193108
2023,98659
2024,81305
2025,156878
2026,45534
2027,26651
2028,26192
2029,25207
2030,212031
2031,10700
2032,10664
2033,11509
2034,8975
2035,35297
2036,10507
2037,7897
2038,13847
2039,5956
2040,48169
2041,7705
2042,6390
2043,4703
2044,6452
2045,22734
2046,6973
2047,10984
2048,90754
2049,17646
2050,203614
2051,5200
2052,5660
2053,4804
2054,4082
2055,7532
2056,4532
2057,4488
2058,4007
2059,3631
2060,26670
2061,7781
2062,3536
2063,4243
2064,3567
2065,5580
2066,3472
2067,3605
2068,3898
2069,3318
2070,16325
2071,4148
2072,4018
2073,3062
2074,3316
2075,6749
2076,3477
2077,8514
2078,3153
2079,3279
2080,21969
2081,3935
2082,2798
2083,4112
2084,3493
2085,3786
2086,2771
2087,2960
2088,3115
2089,3248
2090,6583
2091,3070
2092,2857
2093,2929
2094,2788
2095,4014
2096,3100
2097,2813
2098,2920
2099,8463
2100,117910
2101,5592
2102,4697
2103,4576
2104,4940
2105,11663
2106,5953
2107,3689
2108,3539
2109,4032
2110,6407
2111,5340
2112,7547
2113,22667
2114,3556
2115,4435
2116,4121
2117,3577
2118,3240
2119,3930
2120,5599
2121,5021
2122,22656
2123,3939
2124,3511
2125,4508
2126,3519
2127,3330
2128,6431
2129,2651
2130,4591
2131,22243
2132,2895
2133,5108
2134,4325
2135,2857
2136,3023
2137,2693
2138,3903
2139,4863
2140,9252
2141,3101
2142,4167
2143,3693
2144,2834
2145,3330
2146,2295
2147,3966
2148,4490
2149,2630
2150,10310
2151,2946
2152,3006
2153,2870
2154,3483
2155,3063
2156,3099
2157,2617
2158,2260
2159,2772
2160,12498
2161,2636
2162,2315
2163,2822
2164,5463
2165,3663
2166,2620
2167,3253
2168,2381
2169,2460
2170,3698
2171,2503
2172,2547
2173,2341
2174,7193
2175,3028
2176,2386
2177,2039
2178,2534
2179,2205
2180,3944
2181,4995
2182,2822
2183,2189
2184,2705
2185,2768
2186,2046
2187,4494
2188,2553
2189,2336
2190,3850
2191,2136
2192,2972
2193,2452
2194,2115
2195,2726
2196,3234
2197,3427
2198,2892
2199,4633
2200,53656
2201,3850
2202,3894
2203,3350
2204,3539
2205,4561
2206,2944
2207,2855
2208,3115
2209,2918
2210,6875
2211,4043
2212,3220
2213,2863
2214,3158
2215,3013
2216,2316
2217,3284
2218,3127
2219,2704
2220,5031
2221,3368
2222,16848
2223,3712
2224,3502
2225,4411
2226,2527
2227,2712
2228,2729
2229,4481
2230,3785
2231,3295
2232,2706
2233,3128
2234,2581
2235,2325
2236,2695
2237,2362
2238,2606
2239,1907
2240,4749
2241,2499
2242,2700
2243,2215
2244,2724
2245,3052
2246,2387
2247,2539
2248,2160
2249,2584
2250,14412
2251,3734
2252,2570
2253,2546
2254,3245
2255,3828
2256,5376
2257,2833
2258,2625
2259,4009
2260,4094
2261,5123
2262,2514
2263,2324
2264,2866
2265,2724
2266,5561
2267,3590
2268,3084
2269,2498
2270,3392
2271,2225
2272,2670
2273,2726
2274,1938
2275,3030
2276,2095
2277,3073
2278,2376
2279,21240
2280,4436
2281,2992
2282,2272
2283,2216
2284,2141
2285,2473
2286,2298
2287,2660
2288,3353
2289,1966
2290,3086
2291,2235
2292,2036
2293,2443
2294,2007
2295,3071
2296,2428
2297,2179
2298,2156
2299,2639
2300,42280
2301,5660
2302,3168
2303,2418
2304,4627
2305,3237
2306,2332
2307,35565
2308,2531
2309,2486
2310,4725
2311,3376
2312,3928
2313,2739
2314,2776
2315,2574
2316,2149
2317,2013
2318,2264
2319,21457
2320,3528
2321,2340
2322,3499
2323,3896
2324,2945
2325,22289
2326,2616
2327,2398
2328,2299
2329,2686
2330,4116
2331,2300
2332,2349
2333,3818
2334,3411
2335,2375
2336,2566
2337,3856
2338,2617
2339,1954
2340,4506
2341,3133
2342,2807
2343,2440
2344,2723
2345,13956
2346,2552
2347,2321
2348,2785
2349,2253
2350,6980
2351,2171
2352,2967
2353,2324
2354,2467
2355,2362
2356,2513
2357,2820
2358,2182
2359,2477
2360,3065
2361,2268
2362,1960
2363,2233
2364,2419
2365,2354
2366,2479
2367,2707
2368,3151
2369,2746
2370,3605
2371,2803
2372,2745
2373,2858
2374,2312
2375,4177
2376,2833
2377,3435
2378,2371
2379,2085
2380,3130
2381,2917
2382,2201
2383,2256
2384,2035
2385,2343
2386,1694
2387,1868
2388,2157
2389,1969
2390,2686
2391,1667
2392,2351
2393,2006
2394,1642
2395,2106
2396,3869
2397,2042
2398,1666
2399,2345
2400,65357
2401,4799
2402,2723
2403,2644
2404,2000
2405,2252
2406,2089
2407,2196
2408,2169
2409,2305
2410,3056
2411,2359
2412,2906
2413,2659
2414,2537
2415,2359
2416,1892
2417,1936
2418,2114
2419,1988
2420,3141
2421,2301
2422,4930
2423,2692
2424,3382
2425,5056
2426,2487
2427,2248
2428,1988
2429,2106
2430,3882
2431,2945
2432,2850
2433,2167
2434,2028
2435,2145
2436,2051
2437,1945
2438,1943
2439,1929
2440,3576
2441,2690
2442,2332
2443,2133
2444,2038
2445,2225
2446,1767
2447,2213
2448,2850
2449,1816
2450,6893
2451,13444
2452,1725
2453,1755
2454,2202
2455,2113
2456,2135
2457,1791
2458,2149
2459,2071
2460,3110
2461,2109
2462,1834
2463,2089
2464,1793
2465,2345
2466,3578
2467,2066
2468,3481
2469,1919
2470,2256
2471,1966
2472,1844
2473,1765
2474,1778
2475,3071
2476,1933
2477,1996
2478,2236
2479,1815
2480,3030
2481,2111
2482,1697
2483,1883
2484,2084
2485,1796
2486,2034
2487,1766
2488,2001
2489,2230
2490,2609
2491,1751
2492,2036
2493,1843
2494,2004
2495,2070
2496,2168
2497,1659
2498,2127
2499,3523
2500,208187
2501,4597
2502,2821
2503,2448
2504,2356
2505,2419
2506,2975
2507,2201
2508,2154
2509,2210
2510,6628
2511,2692
2512,2836
2513,2029
2514,2531
2515,1938
2516,2157
2517,1673
2518,2273
2519,2161
2520,7980
2521,6153
2522,2175
2523,2168
2524,1849
2525,4520
2526,2460
2527,2330
2528,2385
2529,2823
2530,2300
2531,2103
2532,2084
2533,2132
2534,1627
2535,2169
2536,1754
2537,2792
2538,1870
2539,1549
2540,3113
2541,1790
2542,1740
2543,1768
2544,2017
2545,2124
2546,1667
2547,1769
2548,2052
2549,1468
2550,6402
2551,2380
2552,3117
2553,5227
2554,2186
2555,5040
2556,1757
2557,1788
2558,2373
2559,2052
2560,13286
2561,1890
2562,2036
2563,2099
2564,2212
2565,2233
2566,2224
2567,2460
2568,1805
2569,1712
2570,2361
2571,1708
2572,1625
2573,1401
2574,1851
2575,3226
2576,1823
2577,1791
2578,1677
2579,1621
2580,2886
2581,2307
2582,1718
2583,1796
2584,2365
2585,1760
2586,1714
2587,1531
2588,2199
2589,2488
2590,2250
2591,1649
2592,3063
2593,1652
2594,1507
2595,1723
2596,1561
2597,2029
2598,1736
2599,2233
2600,52134
2601,3462
2602,2422
2603,2277
2604,1851
2605,1941
2606,2333
2607,3273
2608,1949
2609,2013
2610,2683
2611,2376
2612,1890
2613,2641
2614,1716
2615,1741
2616,5813
2617,2118
2618,2015
2619,2172
2620,2879
2621,1840
2622,1814
2623,1862
2624,1544
2625,3240
2626,2330
2627,2140
2628,1966
2629,2071
2630,3948
2631,1931
2632,1672
2633,1769
2634,1447
2635,1827
2636,1342
2637,1736
2638,1360
2639,1750
2640,4138
2641,1390
2642,1995
2643,1719
2644,1589
2645,1766
2646,1577
2647,1687
2648,1719
2649,1943
2650,5334
2651,1666
2652,1958
2653,1421
2654,1661
2655,1693
2656,1901
2657,1566
2658,1647
2659,1317
2660,2884
2661,1588
2662,1650
2663,1750
2664,2413
2665,1804
2666,3776
2667,2785
2668,1486
2669,1500
2670,2643
2671,1598
2672,1761
2673,1609
2674,1587
2675,1996
2676,1555
2677,1605
2678,1599
2679,2094
2680,3194
2681,1638
2682,1568
2683,1619
2684,1449
2685,1592
2686,3302
2687,1404
2688,2067
2689,1332
2690,2233
2691,1572
2692,1805
2693,2350
2694,1428
2695,1595
2696,1664
2697,2013
2698,2265
2699,2345
2700,34699
2701,2550
2702,2196
2703,2431
2704,2349
2705,2702
2706,1768
2707,2010
2708,1584
2709,2455
2710,2380
2711,1891
2712,2100
2713,2040
2714,1632
2715,1628
2716,1765
2717,1661
2718,1993
2719,1401
2720,2440
2721,1636
2722,1629
2723,1528
2724,1451
2725,2222
2726,1573
2727,3665
2728,1666
2729,1935
2730,2530
2731,1617
2732,1948
2733,1775
2734,1535
2735,1413
2736,1649
2737,3119
2738,1755
2739,1676
2740,2065
2741,1941
2742,1195
2743,2175
2744,2166
2745,1602
2746,1524
2747,1683
2748,1269
2749,1518
2750,8597
2751,1686
2752,1445
2753,2179
2754,1283
2755,1868
2756,1521
2757,1171
2758,1904
2759,1729
2760,2644
2761,2145
2762,1409
2763,1632
2764,1391
2765,1963
2766,1518
2767,1891
2768,1485
2769,1335
2770,2262
2771,4742
2772,1809
2773,1559
2774,1502
2775,2281
2776,1623
2777,2633
2778,2135
2779,1870
2780,2115
2781,1490
2782,1512
2783,1884
2784,1642
2785,2149
2786,1451
2787,1909
2788,1628
2789,1699
2790,2098
2791,1547
2792,1583
2793,1374
2794,1900
2795,1625
2796,1402
2797,1499
2798,1162
2799,1675
2800,29472
2801,2877
2802,2004
2803,1923
2804,1670
2805,1897
2806,1644
2807,1693
2808,2881
2809,1678
2810,2144
2811,1795
2812,2032
2813,1616
2814,1729
2815,1560
2816,2221
2817,2297
2818,1711
2819,1217
2820,2381
2821,2004
2822,3557
2823,1235
2824,1507
2825,1882
2826,1253
2827,1435
2828,2479
2829,1873
2830,2418
2831,1746
2832,2269
2833,1899
2834,1315
2835,2102
2836,2664
2837,1380
2838,1560
2839,1419
2840,1937
2841,1444
2842,1289
2843,1447
2844,1460
2845,1510
2846,1145
2847,1466
2848,1935
2849,1483
2850,4204
2851,2473
2852,1592
2853,1485
2854,1451
2855,1459
2856,2862
2857,2865
2858,1243
2859,1471
2860,2194
2861,1516
2862,1386
2863,1331
2864,1840
2865,1770
2866,11048
2867,1627
2868,1473
2869,1337
2870,2276
2871,1268
2872,2852
2873,1547
2874,1309
2875,1928
2876,1420
2877,1328
2878,1493
2879,1749
2880,6184
2881,1534
2882,1609
2883,1552
2884,1427
2885,1687
2886,1427
2887,1387
2888,1558
2889,1990
2890,2474
2891,1979
2892,1440
2893,1540
2894,1384
2895,1445
2896,1974
2897,1888
2898,1758
2899,1558
2900,15893
2901,1803
2902,1533
2903,1785
2904,1677
2905,1710
2906,1417
2907,1639
2908,1668
2909,3419
2910,2119
2911,1991
2912,2191
2913,1708
2914,1366
2915,1629
2916,2149
2917,1656
2918,1611
2919,1404
2920,3168
2921,1556
2922,1601
2923,1514
2924,1458
2925,2047
2926,1320
2927,1449
2928,1306
2929,2549
2930,2376
2931,1957
2932,1511
2933,2734
2934,1191
2935,1454
2936,1247
2937,1622
2938,1321
2939,1424
2940,2328
2941,2694
2942,1331
2943,1672
2944,1638
2945,1854
2946,1340
2947,1497
2948,1250
2949,1486
2950,4532
2951,1542
2952,1549
2953,1514
2954,1198
2955,1567
2956,1216
2957,1631
2958,2448
2959,1200
2960,2717
2961,1379
2962,1223
2963,1527
2964,1487
2965,1519
2966,2035
2967,1187
2968,1449
2969,1235
2970,2104
2971,1216
2972,1567
2973,1065
2974,1354
2975,1753
2976,1282
2977,1378
2978,1150
2979,1363
2980,2150
2981,1300
2982,1202
2983,1126
2984,1460
2985,1307
2986,1271
2987,1470
2988,1443
2989,1427
2990,2198
2991,6767
2992,1583
2993,1333
2994,1382
2995,1725
2996,1656
2997,1976
2998,1495
2999,5793
3000,497941
3001,9513
3002,4735
3003,6300
3004,3299
3005,2663
3006,3326
3007,2040
3008,2821
3009,2315
3010,5271
3011,2608
3012,4367
3013,1858
3014,1737
3015,2886
3016,1728
3017,1633
3018,2912
3019,3879
3020,3840
3021,2339
3022,1868
3023,1645
3024,2478
3025,3065
3026,1452
3027,1346
3028,1470
3029,1523
3030,6184
3031,2430
3032,1826
3033,3125
3034,1489
3035,1795
3036,1647
3037,1257
3038,1300
3039,1444
3040,3644
3041,1284
3042,1509
3043,1357
3044,1313
3045,1434
3046,1284
3047,1524
3048,11330
3049,1514
3050,4476
3051,1414
3052,1500
3053,1578
3054,1392
3055,1706
3056,1435
3057,1845
3058,1382
3059,1262
3060,4670
3061,1791
3062,1376
3063,1159
3064,1097
3065,1553
3066,1789
3067,1366
3068,1591
3069,1336
3070,4450
3071,1742
3072,7620
3073,1396
3074,1406
3075,1755
3076,1195
3077,1995
3078,1205
3079,1247
3080,6766
3081,1633
3082,1436
3083,1488
3084,1100
3085,1576
3086,1295
3087,1539
3088,1433
3089,1139
3090,4685
3091,1370
3092,1555
3093,1244
3094,1330
3095,1470
3096,1468
3097,1109
3098,1137
3099,1753
3100,21915
3101,2971
3102,4109
3103,2207
3104,2061
3105,1992
3106,1530
3107,2681
3108,1544
3109,3243
3110,3127
3111,2684
3112,2158
3113,2205
3114,2410
3115,2850
3116,1526
3117,1328
3118,1354
3119,1851
3120,3033
3121,3465
3122,1827
3123,1804
3124,2012
3125,10198
3126,1210
3127,1103
3128,2693
3129,1609
3130,1846
3131,2091
3132,1653
3133,1779
3134,1432
3135,1629
3136,2006
3137,1543
3138,1715
3139,1350
3140,2027
3141,2886
3142,2176
3143,1722
3144,1316
3145,2390
3146,1585
3147,1552
3148,1149
3149,1163
3150,6303
3151,1444
3152,1537
3153,1523
3154,1088
3155,1427
3156,1468
3157,1212
3158,1068
3159,1309
3160,1695
3161,1918
3162,1685
3163,1232
3164,1343
3165,1292
3166,7302
3167,1471
3168,1829
3169,1158
3170,1602
3171,1290
3172,1116
3173,1139
3174,1223
3175,1617
3176,985
3177,1173
3178,920
3179,1041
3180,1941
3181,1394
3182,1730
3183,1253
3184,1059
3185,1366
3186,1256
3187,904
3188,1276
3189,1177
3190,1399
3191,1342
3192,1446
3193,1295
3194,1223
3195,1273
3196,1265
3197,1217
3198,1192
3199,1163
3200,42642
3201,2585
3202,1856
3203,1593
3204,1488
3205,1531
3206,1384
3207,1921
3208,1319
3209,1281
3210,3210
3211,1924
3212,1623
3213,1941
3214,1814
3215,1854
3216,1253
3217,1659
3218,1722
3219,1810
3220,2654
3221,1909
3222,1641
3223,1566
3224,1422
3225,2032
3226,1837
3227,1427
3228,1354
3229,1084
3230,1620
3231,1290
3232,2004
3233,3384
3234,1948
3235,1668
3236,1379
3237,1175
3238,1262
3239,1623
3240,2769
3241,1694
3242,1297
3243,1485
3244,1505
3245,1533
3246,1354
3247,1134
3248,1296
3249,1462
3250,4766
3251,1097
3252,1331
3253,1113
3254,987
3255,1558
3256,1148
3257,1180
3258,1408
3259,1036
3260,1864
3261,1221
3262,1235
3263,1707
3264,2047
3265,1439
3266,1163
3267,1363
3268,1386
3269,1229
3270,3891
3271,1488
3272,1126
3273,1072
3274,1212
3275,1420
3276,1381
3277,1428
3278,1101
3279,1294
3280,2498
3281,1675
3282,1511
3283,1252
3284,1053
3285,1438
3286,1212
3287,1558
3288,1156
3289,1094
3290,1435
3291,1111
3292,1196
3293,1559
3294,1133
3295,1141
3296,1082
3297,1142
3298,1115
3299,1334
3300,21050
3301,3005
3302,1428
3303,2206
3304,1419
3305,1727
3306,11921
3307,2376
3308,1437
3309,1398
3310,3348
3311,3025
3312,1746
3313,1551
3314,1463
3315,1464
3316,1262
3317,1077
3318,1284
3319,1604
3320,2262
3321,1470
3322,1943
3323,1327
3324,1332
3325,1708
3326,1226
3327,1625
3328,1491
3329,1082
3330,2896
3331,1806
3332,1710
3333,24113
3334,2164
3335,1904
3336,1978
3337,1411
3338,1437
3339,2437
3340,2182
3341,1127
3342,1483
3343,1506
3344,2335
3345,1469
3346,1116
3347,942
3348,1526
3349,1180
3350,3238
3351,1298
3352,1531
3353,1337
3354,1802
3355,1595
3356,1500
3357,1050
3358,955
3359,1330
3360,2768
3361,1432
3362,1293
3363,1174
3364,1451
3365,1222
3366,1787
3367,1242
3368,1197
3369,959
3370,1851
3371,1409
3372,1175
3373,1057
3374,1150
3375,2365
3376,1056
3377,1213
3378,1092
3379,1101
3380,1781
3381,1231
3382,1265
3383,971
3384,1289
3385,1317
3386,27579
3387,881
3388,1096
3389,17253
3390,13459
3391,1076
3392,1099
3393,3188
3394,936
3395,1529
3396,1190
3397,1125
3398,1080
3399,1512
3400,16429
3401,2435
3402,2752
3403,1040
3404,1432
3405,1377
3406,1533
3407,1483
3408,1294
3409,1276
3410,1948
3411,1262
3412,2933
3413,1612
3414,1144
3415,1191
3416,1044
3417,1079
3418,931
3419,980
3420,1709
3421,1840
3422,1438
3423,1372
3424,1029
3425,1583
3426,990
3427,1000
3428,1249
3429,1230
3430,1744
3431,1140
3432,1829
3433,1245
3434,2470
3435,1914
3436,1925
3437,1197
3438,1835
3439,1277
3440,2090
3441,1748
3442,1347
3443,1305
3444,1566
3445,1701
3446,1110
3447,1115
3448,1005
3449,1370
3450,3408
3451,1107
3452,1388
3453,1257
3454,1239
3455,1170
3456,7531
3457,1380
3458,1153
3459,1039
3460,1417
3461,895
3462,1574
3463,1074
3464,1273
3465,1612
3466,1103
3467,1137
3468,1476
3469,1037
3470,1716
3471,1018
3472,1438
3473,969
3474,1030
3475,1298
3476,1385
3477,1314
3478,1137
3479,1004
3480,1726
3481,1297
3482,998
3483,1280
3484,1102
3485,1367
3486,1260
3487,983
3488,1326
3489,926
3490,1638
3491,1110
3492,1170
3493,861
3494,1061
3495,1859
3496,877
3497,1046
3498,1029
3499,1503
3500,95706
3501,2568
3502,1545
3503,1275
3504,1366
3505,1476
3506,1415
3507,1178
3508,1470
3509,1146
3510,1849
3511,1661
3512,1503
3513,1207
3514,5794
3515,1144
3516,1484
3517,1022
3518,1065
3519,1174
3520,3651
3521,1369
3522,1102
3523,1229
3524,1132
3525,1359
3526,1365
3527,1512
3528,1514
3529,1138
3530,1349
3531,1109
3532,1139
3533,964
3534,1351
3535,1598
3536,1453
3537,1203
3538,1150
3539,1098
3540,1494
3541,995
3542,1288
3543,1280
3544,983
3545,1135
3546,1312
3547,1233
3548,1271
3549,1078
3550,2843
3551,1203
3552,1055
3553,3044
3554,1188
3555,1461
3556,1045
3557,978
3558,889
3559,968
3560,1595
3561,1041
3562,1118
3563,855
3564,1196
3565,1126
3566,1274
3567,1092
3568,1517
3569,1052
3570,1639
3571,1470
3572,916
3573,845
3574,863
3575,1365
3576,984
3577,1118
3578,1068
3579,1135
3580,1476
3581,899
3582,1428
3583,1095
3584,1849
3585,1188
3586,1083
3587,1011
3588,1364
3589,1084
3590,1662
3591,1189
3592,1128
3593,1038
3594,1056
3595,1071
3596,1109
3597,1003
3598,930
3599,1374
3600,72430
3601,2027
3602,1612
3603,1398
3604,1410
3605,1493
3606,1065
3607,1002
3608,1139
3609,879
3610,1857
3611,1403
3612,1416
3613,924
3614,799
3615,1281
3616,1072
3617,1145
3618,889
3619,908
3620,1383
3621,891
3622,1162
3623,1020
3624,1107
3625,1299
3626,1111
3627,1185
3628,998
3629,1103
3630,1656
3631,955
3632,1207
3633,1178
3634,810
3635,1086
3636,2309
3637,1251
3638,1344
3639,1253
3640,2267
3641,1267
3642,1608
3643,1383
3644,927
3645,1371
3646,1031
3647,1231
3648,1488
3649,1027
3650,4353
3651,1103
3652,1066
3653,1323
3654,965
3655,1198
3656,952
3657,1009
3658,1038
3659,983
3660,1730
3661,989
3662,851
3663,1526
3664,1238
3665,1012
3666,1266
3667,1166
3668,945
3669,949
3670,1244
3671,756
3672,1192
3673,1161
3674,967
3675,1594
3676,1514
3677,916
3678,1415
3679,1403
3680,1952
3681,1101
3682,768
3683,1030
3684,981
3685,851
3686,1119
3687,922
3688,857
3689,859
3690,1574
3691,768
3692,858
3693,1131
3694,691
3695,1125
3696,1203
3697,916
3698,1088
3699,1161
3700,12080
3701,1782
3702,1923
3703,1128
3704,1165
3705,1322
3706,1504
3707,1066
3708,1066
3709,925
3710,1954
3711,1746
3712,1219
3713,1137
3714,951
3715,980
3716,1103
3717,1059
3718,1078
3719,1258
3720,1597
3721,1180
3722,1201
3723,1083
3724,1418
3725,1031
3726,1038
3727,1280
3728,783
3729,1121
3730,1609
3731,962
3732,1297
3733,1492
3734,812
3735,1090
3736,1094
3737,1533
3738,1208
3739,1238
3740,1561
3741,989
3742,1432
3743,1003
3744,1218
3745,1516
3746,1119
3747,1112
3748,1711
3749,947
3750,6480
3751,964
3752,916
3753,1587
3754,959
3755,1047
3756,924
3757,887
3758,4361
3759,879
3760,1945
3761,1222
3762,1251
3763,965
3764,760
3765,1708
3766,1130
3767,880
3768,909
3769,1499
3770,2035
3771,3872
3772,1099
3773,1333
3774,1213
3775,924
3776,1109
3777,1177
3778,1248
3779,919
3780,1902
3781,1417
3782,844
3783,929
3784,1032
3785,2471
3786,980
3787,1157
3788,939
3789,1016
3790,1448
3791,1423
3792,1075
3793,869
3794,857
3795,1213
3796,1071
3797,1501
3798,811
3799,982
3800,15125
3801,1952
3802,1352
3803,1197
3804,1189
3805,1151
3806,1329
3807,1256
3808,1327
3809,1112
3810,1372
3811,1220
3812,1380
3813,985
3814,925
3815,926
3816,1132
3817,1063
3818,978
3819,1056
3820,2751
3821,991
3822,928
3823,956
3824,1000
3825,1167
3826,849
3827,1139
3828,1173
3829,884
3830,1297
3831,1000
3832,927
3833,1234
3834,1084
3835,1138
3836,963
3837,858
3838,1591
3839,1129
3840,7390
3841,1239
3842,1218
3843,812
3844,1530
3845,1005
3846,1365
3847,1757
3848,969
3849,1008
3850,3270
3851,1002
3852,931
3853,1091
3854,760
3855,1220
3856,938
3857,4686
3858,889
3859,920
3860,1025
3861,963
3862,717
3863,988
3864,1119
3865,1230
3866,880
3867,981
3868,1090
3869,850
3870,1850
3871,953
3872,1427
3873,954
3874,784
3875,1444
3876,906
3877,988
3878,670
3879,915
3880,1423
3881,1006
3882,896
3883,890
3884,927
3885,947
3886,898
3887,746
3888,2105
3889,1482
3890,1301
3891,1020
3892,1155
3893,746
3894,1070
3895,959
3896,1030
3897,1452
3898,980
3899,985
3900,9685
3901,1299
3902,1178
3903,1488
3904,1120
3905,2190
3906,1613
3907,991
3908,892
3909,1253
3910,1330
3911,1331
3912,1305
3913,907
3914,774
3915,1090
3916,1253
3917,977
3918,722
3919,835
3920,1760
3921,1057
3922,1048
3923,1163
3924,906
3925,1081
3926,847
3927,1238
3928,952
3929,965
3930,1253
3931,1016
3932,1278
3933,827
3934,1003
3935,914
3936,1155
3937,4401
3938,919
3939,1309
3940,1785
3941,1075
3942,778
3943,842
3944,966
3945,2816
3946,1033
3947,1245
3948,871
3949,1615
3950,2361
3951,1184
3952,1413
3953,962
3954,1179
3955,947
3956,1976
3957,855
3958,1180
3959,2140
3960,2345
3961,2331
3962,1151
3963,1734
3964,1167
3965,1084
3966,967
3967,936
3968,962
3969,995
3970,1037
3971,841
3972,1032
3973,1098
3974,943
3975,1864
3976,849
3977,1013
3978,1536
3979,1542
3980,1029
3981,1330
3982,967
3983,855
3984,989
3985,790
3986,4109
3987,1139
3988,706
3989,1152
3990,1312
3991,1310
3992,1129
3993,1069
3994,946
3995,1043
3996,1455
3997,1042
3998,1246
3999,3763
4000,270288
4001,5203
4002,2738
4003,1831
4004,14769
4005,1983
4006,1971
4007,1723
4008,2052
4009,1952
4010,2609
4011,1897
4012,1780
4013,1437
4014,1272
4015,1345
4016,2186
4017,1309
4018,3651
4019,1096
4020,5399
4021,1284
4022,1537
4023,1448
4024,1295
4025,1360
4026,1038
4027,1330
4028,1156
4029,1292
4030,1837
4031,1388
4032,2468
4033,8707
4034,1097
4035,1252
4036,1765
4037,857
4038,1246
4039,1826
4040,4534
4041,1188
4042,1151
4043,1982
4044,1408
4045,1211
4046,1841
4047,1641
4048,1161
4049,1582
4050,2935
4051,3910
4052,1014
4053,1202
4054,1332
4055,1184
4056,1004
4057,1033
4058,1229
4059,913
4060,2005
4061,1147
4062,1164
4063,774
4064,1105
4065,1215
4066,1211
4067,1379
4068,1164
4069,1029
4070,1371
4071,985
4072,993
4073,1177
4074,1152
4075,1541
4076,1045
4077,1370
4078,818
4079,1347
4080,2468
4081,1383
4082,1122
4083,845
4084,1041
4085,979
4086,1371
4087,1122
4088,1953
4089,933
4090,1730
4091,1239
4092,1328
4093,1048
4094,1729
4095,5466
4096,91755
4097,1411
4098,2112
4099,1507
4100,9112
4101,2095
4102,1787
4103,4102
4104,1533
4105,2142
4106,1424
4107,1181
4108,1046
4109,1106
4110,1744
4111,2074
4112,1646
4113,1130
4114,1063
4115,1364
4116,1450
4117,994
4118,1425
4119,1050
4120,1566
4121,1272
4122,2715
4123,2270
4124,999
4125,1748
4126,1048
4127,1830
4128,1250
4129,1699
4130,3371
4131,1281
4132,1191
4133,904
4134,1284
4135,1751
4136,923
4137,1261
4138,1196
4139,1091
4140,2750
4141,1673
4142,3783
4143,1166
4144,969
4145,1191
4146,860
4147,1146
4148,1245
4149,873
4150,2832
4151,1854
4152,1201
4153,1152
4154,893
4155,1411
4156,1117
4157,1915
4158,934
4159,1319
4160,2654
4161,2315
4162,1040
4163,993
4164,1011
4165,1324
4166,1543
4167,2903
4168,988
4169,1993
4170,1338
4171,1062
4172,1508
4173,897
4174,805
4175,1303
4176,817
4177,810
4178,753
4179,1116
4180,3099
4181,1746
4182,1017
4183,893
4184,1866
4185,1019
4186,3109
4187,974
4188,914
4189,866
4190,1369
4191,1014
4192,1137
4193,1025
4194,1055
4195,856
4196,1031
4197,1005
4198,794
4199,1016
4200,19635
4201,1696
4202,1230
4203,1131
4204,1230
4205,1062
4206,1242
4207,881
4208,1181
4209,1177
4210,1916
4211,1300
4212,1260
4213,1907
4214,1198
4215,1332
4216,890
4217,2407
4218,886
4219,989
4220,1331
4221,1280
4222,1754
4223,945
4224,1507
4225,1935
4226,1591
4227,1097
4228,779
4229,982
4230,1332
4231,1613
4232,1046
4233,1207
4234,897
4235,1145
4236,3604
4237,717
4238,818
4239,934
4240,1791
4241,1258
4242,2986
4243,1016
4244,1674
4245,1112
4246,1391
4247,923
4248,878
4249,1878
4250,2909
4251,1194
4252,1023
4253,1232
4254,854
4255,957
4256,1058
4257,1037
4258,1535
4259,862
4260,1368
4261,1153
4262,1068
4263,760
4264,781
4265,839
4266,1041
4267,1164
4268,638
4269,1867
4270,1158
4271,1120
4272,1103
4273,1070
4274,869
4275,1195
4276,817
4277,1678
4278,1052
4279,933
4280,1258
4281,1124
4282,882
4283,1073
4284,809
4285,1002
4286,1509
4287,1015
4288,1293
4289,806
4290,1079
4291,1176
4292,1355
4293,666
4294,928
4295,1126
4296,1190
4297,737
4298,766
4299,907
4300,9034
4301,1653
4302,1672
4303,1451
4304,1236
4305,1078
4306,1005
4307,978
4308,1159
4309,896
4310,1450
4311,1349
4312,2318
4313,1098
4314,961
4315,886
4316,802
4317,757
4318,741
4319,1130
4320,3852
4321,6635
4322,1507
4323,1054
4324,5256
4325,1566
4326,19256
4327,1128
4328,1125
4329,1086
4330,1250
4331,1969
4332,1583
4333,1578
4334,1392
4335,941
4336,1068
4337,1071
4338,1139
4339,894
4340,1766
4341,995
4342,896
4343,1551
4344,1073
4345,1597
4346,1072
4347,949
4348,1182
4349,890
4350,2572
4351,1042
4352,1335
4353,836
4354,790
4355,906
4356,1911
4357,2689
4358,935
4359,1015
4360,1781
4361,888
4362,1107
4363,996
4364,999
4365,853
4366,1245
4367,734
4368,1319
4369,1048
4370,1125
4371,1017
4372,893
4373,1374
4374,913
4375,3558
4376,780
4377,1143
4378,756
4379,687
4380,1426
4381,1031
4382,895
4383,880
4384,1024
4385,748
4386,882
4387,981
4388,1072
4389,836
4390,1245
4391,1368
4392,953
4393,861
4394,723
4395,930
4396,959
4397,817
4398,1756
4399,850
4400,11833
4401,1651
4402,1397
4403,1289
4404,1452
4405,2185
4406,1134
4407,859
4408,1142
4409,1072
4410,1877
4411,1489
4412,1612
4413,1044
4414,1537
4415,1063
4416,2966
4417,1004
4418,1059
4419,2546
4420,1477
4421,752
4422,1440
4423,1334
4424,924
4425,1556
4426,1011
4427,1123
4428,1008
4429,613
4430,1968
4431,919
4432,1069
4433,1542
4434,936
4435,1864
4436,1082
4437,948
4438,1134
4439,820
4440,3432
4441,1852
4442,991
4443,1444
4444,11971
4445,1509
4446,1086
4447,1117
4448,1289
4449,901
4450,1706
4451,976
4452,800
4453,1179
4454,1065
4455,1180
4456,927
4457,897
4458,905
4459,680
4460,1360
4461,744
4462,953
4463,794
4464,1014
4465,892
4466,1149
4467,803
4468,843
4469,899
4470,1639
4471,961
4472,1460
4473,2052
4474,726
4475,867
4476,753
4477,955
4478,737
4479,834
4480,1528
4481,1065
4482,1083
4483,954
4484,1041
4485,892
4486,1365
4487,616
4488,1074
4489,1072
4490,1387
4491,1659
4492,795
4493,881
4494,845
4495,1093
4496,893
4497,756
4498,1316
4499,1359
4500,47314
4501,1391
4502,1393
4503,1938
4504,1025
4505,1743
4506,3231
4507,1092
4508,1044
4509,1049
4510,1745
4511,1716
4512,1339
4513,1167
4514,968
4515,1032
4516,1432
4517,837
4518,954
4519,985
4520,1487
4521,1028
4522,1118
4523,872
4524,1220
4525,1255
4526,1042
4527,976
4528,701
4529,1335
4530,1723
4531,951
4532,891
4533,720
4534,664
4535,1071
4536,1893
4537,1114
4538,692
4539,1127
4540,1141
4541,845
4542,899
4543,1303
4544,810
4545,3308
4546,1085
4547,1021
4548,976
4549,884
4550,2098
4551,901
4552,1143
4553,872
4554,1168
4555,1610
4556,1053
4557,903
4558,873
4559,722
4560,2121
4561,951
4562,2046
4563,1101
4564,1005
4565,1925
4566,1234
4567,9103
4568,1330
4569,880
4570,1330
4571,1115
4572,945
4573,974
4574,775
4575,1138
4576,1370
4577,794
4578,1111
4579,1327
4580,1079
4581,781
4582,893
4583,1036
4584,783
4585,886
4586,804
4587,783
4588,1234
4589,762
4590,1920
4591,790
4592,845
4593,1022
4594,675
4595,870
4596,775
4597,836
4598,1052
4599,756
4600,9779
4601,1586
4602,1274
4603,1001
4604,818
4605,1122
4606,1026
4607,1034
4608,3408
4609,856
4610,1356
4611,974
4612,1220
4613,1168
4614,1689
4615,1712
4616,1025
4617,697
4618,678
4619,756
4620,1275
4621,843
4622,1259
4623,985
4624,1465
4625,1389
4626,1042
4627,1507
4628,753
4629,644
4630,1572
4631,978
4632,953
4633,807
4634,1249
4635,847
4636,2480
4637,798
4638,842
4639,806
4640,1416
4641,1177
4642,852
4643,796
4644,1025
4645,816
4646,1230
4647,1318
4648,1612
4649,1164
4650,2090
4651,937
4652,708
4653,732
4654,805
4655,1142
4656,764
4657,1021
4658,1040
4659,663
4660,1260
4661,766
4662,1117
4663,807
4664,990
4665,1077
4666,1455
4667,903
4668,869
4669,888
4670,2021
4671,909
4672,973
4673,1961
4674,843
4675,1013
4676,928
4677,733
4678,936
4679,952
4680,1918
4681,1229
4682,1089
4683,764
4684,1410
4685,692
4686,941
4687,1591
4688,956
4689,615
4690,1538
4691,679
4692,859
4693,769
4694,709
4695,794
4696,803
4697,751
4698,855
4699,751
4700,8487
4701,1371
4702,859
4703,1072
4704,1240
4705,1175
4706,920
4707,1070
4708,898
4709,794
4710,1139
4711,2956
4712,1367
4713,1917
4714,1000
4715,1113
4716,801
4717,734
4718,745
4719,773
4720,1206
4721,763
4722,1002
4723,1308
4724,883
4725,1345
4726,719
4727,861
4728,932
4729,989
4730,927
4731,867
4732,1305
4733,1070
4734,783
4735,941
4736,836
4737,816
4738,689
4739,736
4740,1046
4741,648
4742,938
4743,736
4744,713
4745,892
4746,787
4747,1358
4748,800
4749,884
4750,2383
4751,984
4752,869
4753,889
4754,747
4755,2282
4756,684
4757,993
4758,1045
4759,948
4760,1172
4761,979
4762,813
4763,727
4764,678
4765,807
4766,801
4767,838
4768,925
4769,885
4770,2452
4771,1376
4772,1033
4773,795
4774,879
4775,873
4776,1021
4777,949
4778,741
4779,561
4780,958
4781,782
4782,778
4783,810
4784,770
4785,814
4786,852
4787,726
4788,974
4789,924
4790,1314
4791,822
4792,714
4793,1057
4794,757
4795,869
4796,625
4797,1407
4798,749
4799,1078
4800,17567
4801,1253
4802,887
4803,1147
4804,794
4805,1434
4806,972
4807,834
4808,815
4809,737
4810,1328
4811,1163
4812,992
4813,787
4814,746
4815,1056
4816,1036
4817,1075
4818,768
4819,1160
4820,1041
4821,772
4822,1209
4823,791
4824,968
4825,976
4826,944
4827,791
4828,933
4829,762
4830,1220
4831,841
4832,1091
4833,983
4834,542
4835,791
4836,784
4837,831
4838,889
4839,841
4840,1658
4841,791
4842,1183
4843,602
4844,960
4845,36400
4846,814
4847,669
4848,1883
4849,909
4850,4067
4851,1007
4852,1831
4853,696
4854,733
4855,693
4856,731
4857,880
4858,712
4859,901
4860,2072
4861,1346
4862,1153
4863,766
4864,1042
4865,989
4866,981
4867,911
4868,2899
4869,684
4870,2898
4871,679
4872,1188
4873,870
4874,556
4875,1060
4876,606
4877,800
4878,1015
4879,867
4880,2277
4881,600
4882,667
4883,786
4884,927
4885,926
4886,796
4887,1151
4888,1067
4889,1023
4890,1532
4891,853
4892,715
4893,580
4894,598
4895,606
4896,1036
4897,854
4898,950
4899,951
4900,6555
4901,1522
4902,965
4903,824
4904,787
4905,841
4906,1092
4907,841
4908,634
4909,947
4910,1208
4911,851
4912,856
4913,1005
4914,783
4915,996
4916,733
4917,772
4918,1309
4919,1338
4920,1241
4921,868
4922,788
4923,675
4924,667
4925,737
4926,827
4927,638
4928,728
4929,1110
4930,1124
4931,766
4932,1726
4933,1218
4934,795
4935,812
4936,791
4937,600
4938,948
4939,1338
4940,1218
4941,1178
4942,846
4943,693
4944,997
4945,819
4946,624
4947,757
4948,868
4949,1378
4950,3156
4951,914
4952,1235
4953,1019
4954,761
4955,860
4956,788
4957,738
4958,683
4959,986
4960,1126
4961,938
4962,742
4963,819
4964,733
4965,851
4966,725
4967,658
4968,783
4969,573
4970,1036
4971,918
4972,909
4973,824
4974,708
4975,1468
4976,670
4977,1018
4978,827
4979,645
4980,1164
4981,614
4982,971
4983,1024
4984,712
4985,787
4986,801
4987,917
4988,1064
4989,719
4990,1418
4991,974
4992,901
4993,812
4994,971
4995,1609
4996,793
4997,907
4998,1189
4999,5264
5000,459533
5001,6505
5002,2571
5003,2186
5004,1573
5005,3003
5006,1453
5007,1485
5008,1485
5009,1105
5010,3092
5011,1433
5012,1434
5013,910
5014,1029
5015,1365
5016,1441
5017,955
5018,932
5019,735
5020,2473
5021,1023
5022,1057
5023,1082
5024,957
5025,1215
5026,984
5027,1110
5028,895
5029,804
5030,2066
5031,924
5032,1039
5033,1065
5034,962
5035,836
5036,733
5037,1260
5038,1101
5039,1029
5040,7022
5041,1126
5042,927
5043,858
5044,978
5045,1167
5046,845
5047,964
5048,799
5049,870
5050,7010
5051,3191
5052,2490
5053,897
5054,1615
5055,1222
5056,996
5057,793
5058,705
5059,938
5060,1634
5061,2357
5062,992
5063,1219
5064,580
5065,879
5066,870
5067,799
5068,762
5069,1028
5070,1179
5071,774
5072,796
5073,719
5074,873
5075,1184
5076,712
5077,791
5078,834
5079,837
5080,1514
5081,996
5082,795
5083,1252
5084,790
5085,892
5086,819
5087,709
5088,995
5089,718
5090,1445
5091,758
5092,583
5093,831
5094,799
5095,779
5096,969
5097,627
5098,637
5099,839
5100,11153
5101,1941
5102,1414
5103,1190
5104,1033
5105,920
5106,971
5107,1189
5108,1080
5109,950
5110,1973
5111,1602
5112,1376
5113,880
5114,1321
5115,1238
5116,1257
5117,993
5118,954
5119,901
5120,4691
5121,1310
5122,994
5123,1098
5124,1066
5125,1343
5126,781
5127,791
5128,1009
5129,953
5130,1099
5131,785
5132,1056
5133,872
5134,684
5135,810
5136,635
5137,898
5138,959
5139,655
5140,1229
5141,725
5142,939
5143,861
5144,876
5145,895
5146,647
5147,781
5148,957
5149,600
5150,4692
5151,1458
5152,972
5153,857
5154,1150
5155,881
5156,848
5157,801
5158,537
5159,654
5160,1899
5161,913
5162,700
5163,687
5164,649
5165,903
5166,820
5167,779
5168,742
5169,713
5170,892
5171,882
5172,931
5173,747
5174,522
5175,856
5176,822
5177,749
5178,710
5179,740
5180,930
5181,854
5182,637
5183,863
5184,1879
5185,739
5186,694
5187,797
5188,692
5189,604
5190,963
5191,973
5192,2481
5193,1941
5194,9026
5195,953
5196,2694
5197,603
5198,760
5199,1017
5200,13264
5201,1350
5202,1174
5203,927
5204,948
5205,1243
5206,1001
5207,786
5208,1134
5209,727
5210,1445
5211,1035
5212,985
5213,781
5214,878
5215,741
5216,805
5217,897
5218,841
5219,599
5220,3307
5221,1352
5222,1235
5223,1193
5224,704
5225,1603
5226,795
5227,2080
5228,660
5229,931
5230,1232
5231,888
5232,803
5233,851
5234,1670
5235,1057
5236,1145
5237,725
5238,740
5239,594
5240,910
5241,809
5242,785
5243,876
5244,585
5245,1093
5246,1158
5247,882
5248,840
5249,808
5250,3917
5251,978
5252,2944
5253,856
5254,1022
5255,1183
5256,839
5257,712
5258,821
5259,678
5260,940
5261,590
5262,973
5263,1273
5264,607
5265,775
5266,587
5267,785
5268,953
5269,544
5270,825
5271,793
5272,587
5273,790
5274,832
5275,798
5276,559
5277,665
5278,966
5279,706
5280,11218
5281,2098
5282,763
5283,727
5284,503
5285,954
5286,523
5287,828
5288,790
5289,618
5290,772
5291,1125
5292,772
5293,907
5294,1003
5295,581
5296,1028
5297,648
5298,653
5299,882
5300,8872
5301,1488
5302,1057
5303,1008
5304,1013
5305,1491
5306,998
5307,1031
5308,840
5309,2239
5310,1138
5311,828
5312,1024
5313,1160
5314,778
5315,948
5316,2546
5317,645
5318,612
5319,701
5320,1583
5321,1818
5322,1982
5323,1233
5324,1162
5325,1029
5326,677
5327,1077
5328,1199
5329,2717
5330,901
5331,1003
5332,885
5333,1296
5334,1252
5335,973
5336,919
5337,606
5338,1086
5339,691
5340,1039
5341,1152
5342,866
5343,1681
5344,620
5345,1329
5346,2066
5347,1869
5348,696
5349,1099
5350,1483
5351,773
5352,939
5353,1243
5354,752
5355,1341
5356,1428
5357,742
5358,706
5359,1124
5360,801
5361,588
5362,727
5363,643
5364,878
5365,664
5366,650
5367,655
5368,772
5369,617
5370,909
5371,1034
5372,633
5373,717
5374,940
5375,1042
5376,1012
5377,802
5378,703
5379,773
5380,1260
5381,1622
5382,771
5383,707
5384,646
5385,898
5386,894
5387,680
5388,674
5389,814
5390,893
5391,740
5392,671
5393,718
5394,592
5395,741
5396,947
5397,791
5398,1023
5399,900
5400,15175
5401,1384
5402,1094
5403,910
5404,629
5405,961
5406,938
5407,745
5408,1119
5409,934
5410,1090
5411,1064
5412,1042
5413,1007
5414,847
5415,1172
5416,842
5417,791
5418,669
5419,741
5420,1024
5421,853
5422,789
5423,1096
5424,831
5425,1088
5426,759
5427,763
5428,786
5429,642
5430,1312
5431,738
5432,9047
5433,1939
5434,775
5435,864
5436,1158
5437,666
5438,615
5439,1192
5440,948
5441,972
5442,914
5443,951
5444,916
5445,1098
5446,858
5447,681
5448,832
5449,682
5450,1680
5451,884
5452,646
5453,693
5454,1853
5455,1126
5456,1108
5457,683
5458,738
5459,610
5460,1200
5461,1203
5462,720
5463,1134
5464,686
5465,1112
5466,740
5467,866
5468,857
5469,805
5470,1218
5471,2000
5472,2593
5473,682
5474,663
5475,879
5476,715
5477,667
5478,1035
5479,974
5480,1067
5481,977
5482,1018
5483,809
5484,593
5485,640
5486,685
5487,693
5488,914
5489,787
5490,789
5491,802
5492,615
5493,796
5494,1285
5495,1147
5496,619
5497,603
5498,2461
5499,675
5500,28697
5501,1336
5502,1088
5503,820
5504,897
5505,1232
5506,1829
5507,961
5508,1106
5509,839
5510,1424
5511,1205
5512,986
5513,793
5514,794
5515,1086
5516,679
5517,951
5518,764
5519,579
5520,1818
5521,2446
5522,1034
5523,553
5524,728
5525,1189
5526,721
5527,775
5528,707
5529,705
5530,1334
5531,761
5532,1039
5533,921
5534,622
5535,855
5536,761
5537,660
5538,1047
5539,1809
5540,887
5541,1053
5542,784
5543,854
5544,1229
5545,903
5546,626
5547,756
5548,685
5549,583
5550,2055
5551,1365
5552,893
5553,1097
5554,1587
5555,13306
5556,2229
5557,981
5558,987
5559,992
5560,1140
5561,1123
5562,687
5563,818
5564,991
5565,956
5566,1892
5567,719
5568,1359
5569,591
5570,1339
5571,785
5572,974
5573,635
5574,1103
5575,866
5576,650
5577,913
5578,611
5579,586
5580,1311
5581,617
5582,767
5583,510
5584,619
5585,884
5586,721
5587,708
5588,857
5589,760
5590,1479
5591,808
5592,874
5593,565
5594,869
5595,3320
5596,644
5597,630
5598,933
5599,856
5600,11048
5601,1788
5602,936
5603,773
5604,1005
5605,1026
5606,809
5607,828
5608,721
5609,692
5610,1187
5611,794
5612,874
5613,565
5614,664
5615,751
5616,1029
5617,762
5618,639
5619,729
5620,1161
5621,748
5622,813
5623,998
5624,735
5625,5317
5626,926
5627,655
5628,577
5629,590
5630,935
5631,710
5632,934
5633,721
5634,945
5635,687
5636,695
5637,532
5638,800
5639,625
5640,1152
5641,3458
5642,948
5643,956
5644,572
5645,943
5646,1765
5647,658
5648,688
5649,714
5650,1593
5651,870
5652,892
5653,611
5654,870
5655,1039
5656,1175
5657,794
5658,928
5659,592
5660,1136
5661,565
5662,648
5663,723
5664,1030
5665,934
5666,942
5667,836
5668,707
5669,1013
5670,1976
5671,921
5672,1312
5673,882
5674,789
5675,941
5676,963
5677,653
5678,8832
5679,659
5680,1198
5681,671
5682,763
5683,885
5684,592
5685,680
5686,724
5687,675
5688,756
5689,670
5690,870
5691,579
5692,581
5693,788
5694,1242
5695,891
5696,658
5697,1475
5698,607
5699,703
5700,10854
5701,1457
5702,817
5703,864
5704,789
5705,811
5706,718
5707,964
5708,2378
5709,730
5710,1005
5711,953
5712,929
5713,619
5714,1444
5715,1042
5716,946
5717,784
5718,1718
5719,817
5720,1152
5721,704
5722,856
5723,2529
5724,845
5725,1360
5726,597
5727,764
5728,952
5729,718
5730,7071
5731,763
5732,684
5733,967
5734,824
5735,1511
5736,1153
5737,936
5738,726
5739,657
5740,1246
5741,1204
5742,853
5743,655
5744,707
5745,739
5746,831
5747,1005
5748,857
5749,1047
5750,2217
5751,1062
5752,815
5753,1579
5754,1278
5755,1128
5756,1048
5757,2180
5758,1752
5759,1377
5760,3531
5761,1435
5762,1576
5763,2510
5764,2088
5765,1974
5766,1615
5767,1908
5768,1882
5769,1615
5770,4378
5771,1915
5772,4528
5773,3738
5774,3204
5775,2395
5776,1756
5777,2205
5778,2427
5779,1319
5780,1973
5781,975
5782,1157
5783,674
5784,670
5785,669
5786,596
5787,575
5788,605
5789,1380
5790,848
5791,616
5792,814
5793,1427
5794,633
5795,890
5796,689
5797,510
5798,679
5799,622
5800,8508
5801,1172
5802,1154
5803,830
5804,674
5805,992
5806,704
5807,1088
5808,1101
5809,1008
5810,943
5811,897
5812,1091
5813,693
5814,966
5815,676
5816,858
5817,722
5818,531
5819,778
5820,944
5821,751
5822,929
5823,742
5824,801
5825,749
5826,681
5827,547
5828,692
5829,734
5830,1021
5831,753
5832,1191
5833,1554
5834,661
5835,535
5836,534
5837,574
5838,552
5839,809
5840,1846
5841,738
5842,557
5843,672
5844,895
5845,1018
5846,724
5847,508
5848,647
5849,983
5850,2878
5851,751
5852,739
5853,761
5854,549
5855,666
5856,787
5857,432
5858,1441
5859,721
5860,881
5861,636
5862,468
5863,447
5864,827
5865,624
5866,785
5867,549
5868,905
5869,973
5870,2940
5871,696
5872,659
5873,611
5874,1014
5875,899
5876,765
5877,444
5878,893
5879,649
5880,1372
5881,705
5882,1121
5883,1304
5884,765
5885,673
5886,559
5887,717
5888,887
5889,507
5890,1393
5891,714
5892,671
5893,738
5894,468
5895,769
5896,535
5897,680
5898,700
5899,695
5900,4959
5901,1356
5902,838
5903,827
5904,743
5905,1020
5906,1161
5907,1017
5908,762
5909,921
5910,1015
5911,833
5912,799
5913,572
5914,867
5915,945
5916,747
5917,811
5918,741
5919,661
5920,1326
5921,623
5922,588
5923,823
5924,1080
5925,820
5926,824
5927,741
5928,746
5929,765
5930,1124
5931,845
5932,606
5933,543
5934,556
5935,609
5936,535
5937,769
5938,559
5939,852
5940,1155
5941,645
5942,649
5943,641
5944,541
5945,683
5946,1338
5947,675
5948,495
5949,826
5950,1474
5951,746
5952,1256
5953,654
5954,585
5955,840
5956,741
5957,697
5958,694
5959,878
5960,830
5961,868
5962,1024
5963,755
5964,849
5965,635
5966,487
5967,922
5968,675
5969,560
5970,2086
5971,657
5972,780
5973,728
5974,625
5975,857
5976,735
5977,656
5978,893
5979,842
5980,991
5981,946
5982,611
5983,483
5984,2797
5985,1104
5986,659
5987,987
5988,751
5989,578
5990,1087
5991,849
5992,703
5993,660
5994,951
5995,753
5996,632
5997,610
5998,604
5999,1961
6000,180013
6001,3701
6002,1862
6003,1165
6004,1296
6005,3272
6006,1994
6007,1013
6008,1109
6009,1169
6010,2293
6011,2463
6012,1858
6013,1861
6014,802
6015,892
6016,1194
6017,669
6018,877
6019,613
6020,1571
6021,1061
6022,1833
6023,793
6024,891
6025,1012
6026,754
6027,834
6028,779
6029,549
6030,1024
6031,725
6032,714
6033,933
6034,706
6035,855
6036,679
6037,631
6038,450
6039,670
6040,1289
6041,738
6042,748
6043,616
6044,639
6045,867
6046,625
6047,655
6048,847
6049,644
6050,2311
6051,757
6052,1156
6053,1004
6054,735
6055,1110
6056,921
6057,720
6058,695
6059,620
6060,2196
6061,8919
6062,874
6063,2790
6064,742
6065,856
6066,774
6067,714
6068,679
6069,565
6070,984
6071,827
6072,731
6073,871
6074,588
6075,1774
6076,967
6077,555
6078,829
6079,735
6080,2304
6081,784
6082,996
6083,776
6084,2326
6085,715
6086,657
6087,557
6088,847
6089,508
6090,1347
6091,606
6092,594
6093,1021
6094,761
6095,617
6096,949
6097,778
6098,532
6099,788
6100,6045
6101,1107
6102,1710
6103,1529
6104,666
6105,1092
6106,1099
6107,671
6108,927
6109,1080
6110,1361
6111,1872
6112,878
6113,819
6114,967
6115,1035
6116,1093
6117,660
6118,691
6119,747
6120,1264
6121,853
6122,740
6123,1170
6124,913
6125,1420
6126,549
6127,666
6128,1018
6129,843
6130,1546
6131,1167
6132,744
6133,822
6134,632
6135,741
6136,733
6137,678
6138,838
6139,687
6140,1006
6141,704
6142,665
6143,894
6144,2058
6145,809
6146,640
6147,532
6148,1302
6149,589
6150,2607
6151,971
6152,629
6153,515
6154,834
6155,875
6156,677
6157,737
6158,501
6159,596
6160,995
6161,1035
6162,823
6163,866
6164,888
6165,883
6166,1451
6167,697
6168,792
6169,578
6170,756
6171,638
6172,706
6173,925
6174,2113
6175,871
6176,1263
6177,866
6178,434
6179,796
6180,2359
6181,705
6182,617
6183,612
6184,663
6185,607
6186,650
6187,542
6188,644
6189,703
6190,1207
6191,828
6192,727
6193,545
6194,590
6195,550
6196,891
6197,575
6198,1062
6199,798
6200,7904
6201,985
6202,803
6203,1687
6204,891
6205,787
6206,788
6207,947
6208,612
6209,794
6210,1177
6211,906
6212,1124
6213,1050
6214,1601
6215,858
6216,738
6217,660
6218,661
6219,521
6220,979
6221,1162
6222,916
6223,890
6224,1047
6225,862
6226,1183
6227,673
6228,619
6229,647
6230,1244
6231,705
6232,662
6233,646
6234,1212
6235,781
6236,943
6237,1132
6238,1315
6239,729
6240,1350
6241,624
6242,599
6243,607
6244,633
6245,711
6246,758
6247,556
6248,495
6249,690
6250,3395
6251,1963
6252,901
6253,691
6254,653
6255,697
6256,821
6257,590
6258,660
6259,548
6260,877
6261,1019
6262,1091
6263,807
6264,1150
6265,1073
6266,1017
6267,535
6268,786
6269,897
6270,717
6271,1284
6272,971
6273,1850
6274,833
6275,867
6276,698
6277,714
6278,776
6279,590
6280,983
6281,487
6282,788
6283,822
6284,680
6285,638
6286,1568
6287,531
6288,874
6289,755
6290,594
6291,807
6292,622
6293,704
6294,642
6295,506
6296,808
6297,491
6298,516
6299,816
6300,7567
6301,1204
6302,760
6303,878
6304,1003
6305,812
6306,516
6307,505
6308,607
6309,1446
6310,1102
6311,920
6312,989
6313,729
6314,654
6315,589
6316,617
6317,1787
6318,709
6319,550
6320,918
6321,1114
6322,694
6323,497
6324,898
6325,898
6326,603
6327,502
6328,833
6329,1747
6330,856
6331,789
6332,803
6333,1124
6334,970
6335,652
6336,1021
6337,692
6338,664
6339,802
6340,765
6341,603
6342,638
6343,596
6344,664
6345,714
6346,928
6347,664
6348,1141
6349,623
6350,1591
6351,635
6352,665
6353,504
6354,531
6355,692
6356,1028
6357,1033
6358,529
6359,471
6360,905
6361,2114
6362,565
6363,1162
6364,836
6365,732
6366,1138
6367,1119
6368,952
6369,893
6370,1637
6371,4834
6372,1197
6373,944
6374,900
6375,977
6376,936
6377,656
6378,3669
6379,3323
6380,1212
6381,617
6382,563
6383,647
6384,738
6385,578
6386,657
6387,530
6388,647
6389,656
6390,686
6391,544
6392,725
6393,831
6394,782
6395,712
6396,778
6397,850
6398,711
6399,868
6400,17189
6401,1085
6402,1041
6403,602
6404,782
6405,588
6406,806
6407,625
6408,652
6409,910
6410,1114
6411,697
6412,851
6413,550
6414,597
6415,609
6416,849
6417,519
6418,581
6419,777
6420,1384
6421,633
6422,659
6423,753
6424,628
6425,755
6426,721
6427,462
6428,749
6429,1137
6430,718
6431,659
6432,1260
6433,770
6434,677
6435,1176
6436,529
6437,597
6438,611
6439,530
6440,1083
6441,605
6442,426
6443,1009
6444,587
6445,555
6446,842
6447,522
6448,738
6449,811
6450,1463
6451,521
6452,543
6453,879
6454,569
6455,751
6456,665
6457,661
6458,680
6459,602
6460,776
6461,615
6462,515
6463,657
6464,1039
6465,845
6466,666
6467,512
6468,600
6469,839
6470,485
6471,635
6472,647
6473,810
6474,733
6475,1038
6476,673
6477,561
6478,650
6479,414
6480,1350
6481,484
6482,554
6483,571
6484,773
6485,775
6486,813
6487,688
6488,575
6489,874
6490,900
6491,524
6492,692
6493,431
6494,920
6495,856
6496,446
6497,407
6498,788
6499,451
6500,22904
6501,1445
6502,48415
6503,741
6504,808
6505,889
6506,673
6507,814
6508,681
6509,662
6510,1997
6511,1443
6512,1413
6513,472
6514,719
6515,784
6516,874
6517,562
6518,682
6519,620
6520,1327
6521,647
6522,949
6523,494
6524,652
6525,753
6526,718
6527,647
6528,811
6529,541
6530,789
6531,707
6532,808
6533,804
6534,824
6535,692
6536,946
6537,507
6538,662
6539,448
6540,616
6541,681
6542,935
6543,1890
6544,822
6545,524
6546,767
6547,702
6548,510
6549,652
6550,2403
6551,783
6552,786
6553,836
6554,682
6555,1296
6556,826
6557,816
6558,485
6559,498
6560,1120
6561,2265
6562,813
6563,737
6564,558
6565,1183
6566,757
6567,654
6568,461
6569,766
6570,1134
6571,589
6572,761
6573,838
6574,657
6575,654
6576,869
6577,547
6578,680
6579,646
6580,983
6581,806
6582,461
6583,807
6584,686
6585,752
6586,565
6587,533
6588,698
6589,418
6590,638
6591,622
6592,517
6593,660
6594,545
6595,539
6596,1087
6597,615
6598,549
6599,438
6600,11459
6601,988
6602,774
6603,891
6604,605
6605,1305
6606,909
6607,661
6608,755
6609,514
6610,1013
6611,1001
6612,589
6613,1304
6614,731
6615,685
6616,728
6617,484
6618,520
6619,688
6620,1078
6621,756
6622,731
6623,575
6624,723
6625,730
6626,445
6627,542
6628,486
6629,490
6630,1246
6631,546
6632,1630
6633,798
6634,457
6635,642
6636,651
6637,610
6638,499
6639,646
6640,1327
6641,597
6642,708
6643,737
6644,733
6645,694
6646,509
6647,485
6648,1012
6649,620
6650,1152
6651,863
6652,663
6653,659
6654,656
6655,873
6656,930
6657,607
6658,544
6659,502
6660,1030
6661,838
6662,1167
6663,940
6664,1067
6665,909
6666,8980
6667,7419
6668,1126
6669,811
6670,1476
6671,688
6672,940
6673,734
6674,759
6675,736
6676,764
6677,963
6678,710
6679,550
6680,1164
6681,559
6682,552
6683,566
6684,649
6685,476
6686,561
6687,609
6688,705
6689,575
6690,966
6691,537
6692,672
6693,513
6694,830
6695,671
6696,650
6697,1014
6698,501
6699,1168
6700,6181
6701,943
6702,933
6703,564
6704,887
6705,791
6706,602
6707,806
6708,804
6709,881
6710,1059
6711,648
6712,711
6713,556
6714,496
6715,525
6716,593
6717,518
6718,529
6719,610
6720,1258
6721,737
6722,645
6723,661
6724,629
6725,582
6726,1544
6727,493
6728,614
6729,509
6730,725
6731,1288
6732,706
6733,606
6734,643
6735,709
6736,5208
6737,525
6738,776
6739,461
6740,761
6741,501
6742,822
6743,563
6744,477
6745,777
6746,424
6747,829
6748,579
6749,1491
6750,2578
6751,631
6752,713
6753,633
6754,794
6755,658
6756,613
6757,856
6758,760
6759,510
6760,744
6761,560
6762,565
6763,780
6764,874
6765,1611
6766,559
6767,988
6768,598
6769,738
6770,1192
6771,720
6772,578
6773,658
6774,972
6775,784
6776,573
6777,724
6778,564
6779,571
6780,1207
6781,787
6782,552
6783,582
6784,806
6785,773
6786,516
6787,667
6788,572
6789,5113
6790,889
6791,661
6792,684
6793,658
6794,420
6795,617
6796,494
6797,596
6798,454
6799,596
6800,11597
6801,1030
6802,729
6803,791
6804,1268
6805,880
6806,843
6807,505
6808,812
6809,2914
6810,922
6811,1019
6812,700
6813,393
6814,604
6815,464
6816,612
6817,782
6818,754
6819,780
6820,971
6821,482
6822,1031
6823,674
6824,566
6825,920
6826,699
6827,615
6828,549
6829,617
6830,727
6831,780
6832,899
6833,556
6834,451
6835,426
6836,611
6837,519
6838,450
6839,700
6840,806
6841,540
6842,604
6843,402
6844,590
6845,899
6846,1392
6847,709
6848,688
6849,547
6850,2220
6851,711
6852,605
6853,462
6854,627
6855,702
6856,473
6857,647
6858,600
6859,768
6860,486
6861,467
6862,458
6863,430
6864,799
6865,843
6866,526
6867,443
6868,1068
6869,703
6870,2186
6871,469
6872,637
6873,449
6874,511
6875,2790
6876,684
6877,633
6878,509
6879,766
6880,761
6881,518
6882,644
6883,515
6884,499
6885,488
6886,704
6887,620
6888,871
6889,662
6890,731
6891,477
6892,1810
6893,571
6894,818
6895,645
6896,1644
6897,478
6898,511
6899,573
6900,3633
6901,814
6902,904
6903,737
6904,563
6905,597
6906,1026
6907,535
6908,513
6909,651
6910,756
6911,880
6912,1333
6913,535
6914,645
6915,736
6916,900
6917,749
6918,813
6919,393
6920,1088
6921,459
6922,1218
6923,640
6924,795
6925,550
6926,562
6927,526
6928,564
6929,926
6930,1128
6931,1268
6932,582
6933,544
6934,547
6935,691
6936,657
6937,436
6938,375
6939,979
6940,700
6941,638
6942,568
6943,421
6944,866
6945,648
6946,750
6947,638
6948,624
6949,610
6950,2835
6951,588
6952,511
6953,424
6954,547
6955,651
6956,453
6957,484
6958,606
6959,636
6960,798
6961,511
6962,526
6963,731
6964,468
6965,837
6966,790
6967,474
6968,696
6969,1624
6970,2040
6971,480
6972,552
6973,612
6974,519
6975,906
6976,894
6977,572
6978,537
6979,921
6980,1304
6981,542
6982,484
6983,427
6984,638
6985,857
6986,443
6987,488
6988,468
6989,761
6990,1457
6991,665
6992,733
6993,680
6994,464
6995,883
6996,1559
6997,512
6998,580
6999,1154
7000,95967
7001,2619
7002,1305
7003,1184
7004,1477
7005,1476
7006,1371
7007,2762
7008,900
7009,823
7010,1676
7011,935
7012,1028
7013,691
7014,931
7015,1125
7016,698
7017,482
7018,2312
7019,666
7020,1549
7021,750
7022,808
7023,968
7024,891
7025,730
7026,642
7027,901
7028,762
7029,625
7030,1693
7031,871
7032,786
7033,568
7034,699
7035,576
7036,813
7037,652
7038,632
7039,651
7040,1387
7041,697
7042,707
7043,771
7044,1095
7045,701
7046,795
7047,729
7048,790
7049,549
7050,1560
7051,705
7052,656
7053,497
7054,685
7055,904
7056,1456
7057,544
7058,715
7059,569
7060,923
7061,732
7062,500
7063,788
7064,598
7065,833
7066,731
7067,578
7068,706
7069,538
7070,1713
7071,4073
7072,779
7073,513
7074,732
7075,4758
7076,553
7077,1129
7078,876
7079,734
7080,1107
7081,549
7082,761
7083,797
7084,615
7085,807
7086,668
7087,525
7088,581
7089,600
7090,2868
7091,816
7092,640
7093,471
7094,2427
7095,710
7096,882
7097,592
7098,497
7099,954
7100,6283
7101,1114
7102,901
7103,830
7104,747
7105,676
7106,959
7107,851
7108,624
7109,755
7110,1915
7111,2220
7112,886
7113,744
7114,590
7115,498
7116,566
7117,895
7118,363
7119,658
7120,1456
7121,682
7122,786
7123,1214
7124,725
7125,760
7126,818
7127,572
7128,688
7129,812
7130,754
7131,883
7132,526
7133,623
7134,765
7135,631
7136,817
7137,521
7138,502
7139,607
7140,1009
7141,882
7142,704
7143,1237
7144,684
7145,533
7146,1200
7147,574
7148,644
7149,368
7150,1432
7151,695
7152,1502
7153,606
7154,617
7155,674
7156,789
7157,579
7158,579
7159,864
7160,954
7161,628
7162,660
7163,629
7164,784
7165,755
7166,692
7167,5791
7168,849
7169,798
7170,999
7171,1341
7172,774
7173,1155
7174,673
7175,723
7176,804
7177,611
7178,737
7179,422
7180,946
7181,827
7182,1075
7183,1626
7184,827
7185,1742
7186,739
7187,561
7188,844
7189,585
7190,1556
7191,650
7192,827
7193,560
7194,559
7195,768
7196,476
7197,530
7198,724
7199,615
7200,24021
7201,2256
7202,1173
7203,1394
7204,1122
7205,1499
7206,1662
7207,587
7208,1115
7209,758
7210,834
7211,772
7212,1079
7213,775
7214,874
7215,653
7216,1369
7217,491
7218,914
7219,689
7220,819
7221,594
7222,1199
7223,669
7224,613
7225,1497
7226,608
7227,698
7228,705
7229,730
7230,1000
7231,1407
7232,689
7233,1545
7234,982
7235,837
7236,555
7237,556
7238,624
7239,539
7240,615
7241,739
7242,688
7243,1161
7244,657
7245,815
7246,726
7247,521
7248,629
7249,611
7250,1280
7251,626
7252,579
7253,607
7254,666
7255,770
7256,723
7257,478
7258,610
7259,357
7260,1153
7261,796
7262,1198
7263,622
7264,714
7265,688
7266,517
7267,577
7268,448
7269,625
7270,558
7271,412
7272,1335
7273,701
7274,608
7275,848
7276,838
7277,1034
7278,576
7279,505
7280,1031
7281,1572
7282,804
7283,566
7284,689
7285,755
7286,526
7287,842
7288,784
7289,1302
7290,1019
7291,667
7292,855
7293,687
7294,605
7295,823
7296,682
7297,903
7298,591
7299,543
7300,4805
7301,876
7302,715
7303,624
7304,641
7305,1064
7306,700
7307,650
7308,723
7309,681
7310,1042
7311,755
7312,674
7313,489
7314,443
7315,727
7316,647
7317,597
7318,488
7319,520
7320,1036
7321,1146
7322,696
7323,799
7324,631
7325,734
7326,1482
7327,666
7328,603
7329,498
7330,822
7331,577
7332,554
7333,1287
7334,1017
7335,529
7336,574
7337,975
7338,553
7339,542
7340,1525
7341,616
7342,383
7343,483
7344,516
7345,650
7346,767
7347,606
7348,549
7349,524
7350,1603
7351,995
7352,768
7353,573
7354,465
7355,847
7356,1027
7357,588
7358,679
7359,454
7360,1025
7361,695
7362,599
7363,486
7364,732
7365,558
7366,851
7367,611
7368,757
7369,737
7370,875
7371,688
7372,561
7373,1024
7374,773
7375,998
7376,628
7377,591
7378,777
7379,550
7380,752
7381,755
7382,819
7383,519
7384,1014
7385,523
7386,1081
7387,600
7388,674
7389,700
7390,730
7391,1150
7392,762
7393,1342
7394,539
7395,712
7396,611
7397,595
7398,444
7399,482
7400,5850
7401,884
7402,802
7403,849
7404,1100
7405,901
7406,545
7407,776
7408,864
7409,497
7410,987
7411,854
7412,654
7413,504
7414,653
7415,489
7416,630
7417,643
7418,616
7419,425
7420,1228
7421,684
7422,600
7423,673
7424,561
7425,1618
7426,532
7427,478
7428,480
7429,663
7430,685
7431,819
7432,1611
7433,825
7434,802
7435,767
7436,733
7437,319
7438,454
7439,590
7440,1259
7441,592
7442,476
7443,580
7444,666
7445,1034
7446,1534
7447,1035
7448,679
7449,519
7450,1325
7451,1116
7452,515
7453,606
7454,494
7455,641
7456,1383
7457,614
7458,1174
7459,745
7460,664
7461,526
7462,562
7463,443
7464,540
7465,604
7466,601
7467,538
7468,688
7469,550
7470,828
7471,530
7472,457
7473,623
7474,1415
7475,1078
7476,861
7477,521
7478,705
7479,443
7480,951
7481,760
7482,674
7483,679
7484,915
7485,1031
7486,995
7487,843
7488,669
7489,775
7490,839
7491,567
7492,650
7493,520
7494,786
7495,656
7496,553
7497,924
7498,596
7499,854
7500,33567
7501,1215
7502,1128
7503,1359
7504,547
7505,714
7506,2449
7507,742
7508,481
7509,993
7510,1055
7511,750
7512,806
7513,891
7514,913
7515,727
7516,1032
7517,683
7518,613
7519,1116
7520,1327
7521,732
7522,579
7523,790
7524,969
7525,886
7526,657
7527,543
7528,633
7529,837
7530,998
7531,882
7532,590
7533,520
7534,743
7535,665
7536,569
7537,604
7538,832
7539,638
7540,994
7541,542
7542,794
7543,629
7544,626
7545,948
7546,1536
7547,449
7548,826
7549,476
7550,1086
7551,1005
7552,545
7553,768
7554,8410
7555,804
7556,574
7557,582
7558,445
7559,848
7560,988
7561,690
7562,554
7563,611
7564,604
7565,561
7566,905
7567,1050
7568,626
7569,543
7570,607
7571,620
7572,594
7573,395
7574,572
7575,1136
7576,595
7577,950
7578,602
7579,592
7580,997
7581,507
7582,444
7583,573
7584,747
7585,683
7586,645
7587,1026
7588,508
7589,528
7590,868
7591,960
7592,657
7593,505
7594,670
7595,612
7596,474
7597,454
7598,552
7599,716
7600,8291
7601,1515
7602,904
7603,982
7604,623
7605,668
7606,669
7607,654
7608,799
7609,544
7610,1502
7611,762
7612,610
7613,817
7614,703
7615,606
7616,685
7617,465
7618,682
7619,1506
7620,806
7621,573
7622,634
7623,640
7624,694
7625,993
7626,754
7627,590
7628,428
7629,410
7630,690
7631,560
7632,672
7633,407
7634,875
7635,410
7636,673
7637,1636
7638,472
7639,897
7640,610
7641,996
7642,571
7643,1603
7644,670
7645,1224
7646,487
7647,684
7648,601
7649,441
7650,1449
7651,445
7652,607
7653,767
7654,1175
7655,458
7656,969
7657,480
7658,678
7659,582
7660,823
7661,1003
7662,705
7663,630
7664,758
7665,634
7666,522
7667,979
7668,509
7669,637
7670,654
7671,729
7672,465
7673,582
7674,607
7675,565
7676,1074
7677,768
7678,954
7679,964
7680,2078
7681,769
7682,449
7683,482
7684,548
7685,705
7686,475
7687,1218
7688,580
7689,751
7690,815
7691,420
7692,951
7693,615
7694,461
7695,1255
7696,611
7697,340
7698,903
7699,434
7700,6508
7701,2449
7702,1238
7703,638
7704,579
7705,614
7706,454
7707,724
7708,619
7709,540
7710,1068
7711,800
7712,1006
7713,753
7714,692
7715,681
7716,654
7717,2532
7718,621
7719,472
7720,818
7721,619
7722,1097
7723,726
7724,445
7725,878
7726,709
7727,534
7728,706
7729,902
7730,928
7731,508
7732,834
7733,870
7734,1308
7735,1075
7736,665
7737,935
7738,593
7739,865
7740,771
7741,432
7742,760
7743,626
7744,700
7745,798
7746,626
7747,839
7748,865
7749,580
7750,2251
7751,660
7752,546
7753,1732
7754,465
7755,1016
7756,593
7757,628
7758,848
7759,765
7760,866
7761,587
7762,403
7763,522
7764,589
7765,626
7766,949
7767,485
7768,578
7769,474
7770,1802
7771,890
7772,620
7773,510
7774,444
7775,625
7776,4509
7777,8358
7778,1605
7779,866
7780,854
7781,597
7782,804
7783,706
7784,381
7785,599
7786,625
7787,489
7788,1179
7789,564
7790,837
7791,463
7792,652
7793,626
7794,505
7795,495
7796,722
7797,518
7798,614
7799,1342
7800,7468
7801,902
7802,904
7803,1140
7804,577
7805,4767
7806,749
7807,515
7808,827
7809,780
7810,1161
7811,621
7812,1707
7813,823
7814,754
7815,593
7816,1275
7817,1496
7818,822
7819,400
7820,619
7821,832
7822,804
7823,569
7824,810
7825,1582
7826,547
7827,616
7828,612
7829,599
7830,597
7831,554
7832,572
7833,743
7834,598
7835,449
7836,707
7837,579
7838,542
7839,685
7840,829
7841,495
7842,494
7843,548
7844,687
7845,611
7846,446
7847,507
7848,1553
7849,468
7850,3395
7851,460
7852,589
7853,769
7854,2378
7855,555
7856,559
7857,942
7858,821
7859,594
7860,712
7861,649
7862,549
7863,553
7864,1552
7865,491
7866,721
7867,815
7868,774
7869,1173
7870,2772
7871,550
7872,750
7873,789
7874,1058
7875,1792
7876,897
7877,487
7878,1141
7879,653
7880,788
7881,599
7882,409
7883,499
7884,453
7885,640
7886,562
7887,644
7888,937
7889,484
7890,4989
7891,664
7892,386
7893,451
7894,935
7895,652
7896,713
7897,573
7898,713
7899,797
7900,4063
7901,1095
7902,716
7903,649
7904,506
7905,656
7906,1376
7907,536
7908,596
7909,841
7910,1002
7911,764
7912,658
7913,529
7914,1550
7915,706
7916,632
7917,796
7918,680
7919,904
7920,1645
7921,611
7922,723
7923,2465
7924,687
7925,909
7926,592
7927,481
7928,446
7929,434
7930,897
7931,595
7932,443
7933,542
7934,426
7935,543
7936,695
7937,501
7938,523
7939,561
7940,835
7941,517
7942,367
7943,597
7944,496
7945,567
7946,802
7947,454
7948,527
7949,506
7950,3125
7951,557
7952,521
7953,724
7954,633
7955,634
7956,566
7957,492
7958,432
7959,582
7960,868
7961,465
7962,525
7963,391
7964,611
7965,525
7966,825
7967,614
7968,637
7969,396
7970,3129
7971,638
7972,472
7973,637
7974,781
7975,461
7976,951
7977,718
7978,441
7979,708
7980,1124
7981,608
7982,455
7983,447
7984,488
7985,417
7986,1112
7987,476
7988,454
7989,603
7990,1015
7991,426
7992,561
7993,762
7994,524
7995,562
7996,380
7997,479
7998,1042
7999,1376
8000,135951
8001,4209
8002,2125
8003,1162
8004,1109
8005,1339
8006,1371
8007,1118
8008,6738
8009,1346
8010,1955
8011,1683
8012,844
8013,633
8014,2117
8015,604
8016,792
8017,519
8018,3135
8019,974
8020,2924
8021,1363
8022,1148
8023,960
8024,688
8025,941
8026,553
8027,939
8028,1341
8029,574
8030,678
8031,824
8032,1157
8033,739
8034,585
8035,641
8036,780
8037,449
8038,585
8039,637
8040,1137
8041,552
8042,815
8043,555
8044,568
8045,531
8046,726
8047,1997
8048,1180
8049,586
8050,2002
8051,10633
8052,1138
8053,2316
8054,565
8055,728
8056,501
8057,643
8058,1474
8059,538
8060,1318
8061,1317
8062,619
8063,492
8064,926
8065,892
8066,482
8067,468
8068,655
8069,1163
8070,1027
8071,548
8072,667
8073,484
8074,576
8075,2499
8076,563
8077,835
8078,1113
8079,579
8080,67821
8081,5211
8082,2159
8083,1446
8084,833
8085,13423
8086,34705
8087,4755
8088,13963
8089,1645
8090,2205
8091,1243
8092,1047
8093,625
8094,468
8095,569
8096,1019
8097,878
8098,755
8099,843
8100,6187
8101,1041
8102,744
8103,656
8104,601
8105,643
8106,640
8107,534
8108,1286
8109,1056
8110,954
8111,1431
8112,900
8113,1009
8114,603
8115,618
8116,466
8117,536
8118,896
8119,497
8120,1320
8121,848
8122,1523
8123,1174
8124,770
8125,2806
8126,1002
8127,552
8128,2679
8129,1068
8130,851
8131,755
8132,679
8133,1595
8134,555
8135,1205
8136,595
8137,1141
8138,614
8139,635
8140,986
8141,461
8142,607
8143,552
8144,976
8145,518
8146,753
8147,1327
8148,466
8149,450
8150,1719
8151,632
8152,743
8153,2015
8154,415
8155,732
8156,709
8157,638
8158,486
8159,377
8160,1730
8161,633
8162,694
8163,531
8164,555
8165,792
8166,1024
8167,506
8168,738
8169,515
8170,583
8171,685
8172,625
8173,587
8174,487
8175,580
8176,2259
8177,480
8178,612
8179,742
8180,984
8181,1685
8182,925
8183,600
8184,855
8185,535
8186,840
8187,486
8188,651
8189,576
8190,920
8191,2725
8192,73030
8193,963
8194,822
8195,627
8196,769
8197,555
8198,497
8199,540
8200,5761
8201,1106
8202,832
8203,1725
8204,1025
8205,1480
8206,2886
8207,573
8208,786
8209,620
8210,1073
8211,11324
8212,10986
8213,862
8214,603
8215,525
8216,4585
8217,88296
8218,2963
8219,464
8220,24651
8221,25485
8222,929
8223,1143
8224,727
8225,983
8226,1904
8227,406
8228,1366
8229,650
8230,6677
8231,841
8232,1124
8233,868
8234,563
8235,784
8236,532
8237,1194
8238,622
8239,618
8240,1037
8241,551
8242,888
8243,783
8244,545
8245,548
8246,530
8247,1964
8248,1149
8249,443
8250,1629
8251,869
8252,800
8253,941
8254,936
8255,8547
8256,819
8257,592
8258,516
8259,1093
8260,1056
8261,567
8262,669
8263,804
8264,1375
8265,652
8266,841
8267,783
8268,479
8269,483
8270,486
8271,541
8272,482
8273,596
8274,584
8275,742
8276,611
8277,549
8278,618
8279,1042
8280,710
8281,756
8282,1317
8283,1430
8284,1049
8285,621
8286,819
8287,367
8288,1262
8289,486
8290,1072
8291,766
8292,671
8293,584
8294,427
8295,694
8296,343
8297,555
8298,458
8299,545
8300,4949
8301,1641
8302,553
8303,708
8304,622
8305,576
8306,511
8307,582
8308,553
8309,596
8310,960
8311,790
8312,1072
8313,738
8314,919
8315,493
8316,650
8317,460
8318,394
8319,500
8320,1494
8321,930
8322,935
8323,606
8324,673
8325,471
8326,622
8327,482
8328,595
8329,529
8330,991
8331,682
8332,2847
8333,5075
8334,515
8335,523
8336,567
8337,832
8338,839
8339,534
8340,565
8341,647
8342,577
8343,630
8344,824
8345,496
8346,559
8347,417
8348,581
8349,496
8350,3411
8351,609
8352,656
8353,508
8354,408
8355,685
8356,584
8357,620
8358,421
8359,440
8360,699
8361,790
8362,419
8363,371
8364,937
8365,472
8366,767
8367,414
8368,523
8369,430
8370,578
8371,638
8372,488
8373,729
8374,539
8375,865
8376,707
8377,459
8378,781
8379,1335
8380,724
8381,386
8382,606
8383,896
8384,625
8385,856
8386,543
8387,568
8388,591
8389,394
8390,563
8391,574
8392,429
8393,291
8394,585
8395,455
8396,663
8397,339
8398,453
8399,561
8400,6034
8401,810
8402,767
8403,655
8404,717
8405,398
8406,545
8407,457
8408,467
8409,540
8410,733
8411,846
8412,676
8413,617
8414,717
8415,840
8416,749
8417,1118
8418,511
8419,523
8420,722
8421,1163
8422,458
8423,1068
8424,2249
8425,552
8426,437
8427,462
8428,423
8429,429
8430,808
8431,757
8432,701
8433,605
8434,411
8435,638
8436,864
8437,402
8438,499
8439,442
8440,681
8441,354
8442,775
8443,1965
8444,830
8445,342
8446,541
8447,332
8448,604
8449,356
8450,820
8451,770
8452,618
8453,773
8454,522
8455,548
8456,955
8457,931
8458,313
8459,454
8460,504
8461,503
8462,890
8463,591
8464,617
8465,384
8466,496
8467,427
8468,446
8469,465
8470,597
8471,469
8472,2619
8473,516
8474,470
8475,414
8476,785
8477,598
8478,712
8479,515
8480,690
8481,859
8482,641
8483,380
8484,1174
8485,579
8486,630
8487,611
8488,550
8489,394
8490,433
8491,478
8492,429
8493,2446
8494,320
8495,439
8496,520
8497,597
8498,404
8499,536
8500,12964
8501,1375
8502,762
8503,569
8504,564
8505,565
8506,518
8507,616
8508,543
8509,351
8510,673
8511,699
8512,862
8513,399
8514,500
8515,444
8516,371
8517,410
8518,440
8519,733
8520,993
8521,969
8522,546
8523,543
8524,463
8525,682
8526,550
8527,488
8528,458
8529,635
8530,636
8531,367
8532,689
8533,461
8534,531
8535,578
8536,714
8537,343
8538,359
8539,351
8540,1391
8541,676
8542,960
8543,676
8544,926
8545,2698
8546,705
8547,602
8548,687
8549,1140
8550,1089
8551,562
8552,428
8553,332
8554,432
8555,949
8556,417
8557,429
8558,2448
8559,371
8560,773
8561,510
8562,473
8563,546
8564,439
8565,447
8566,431
8567,514
8568,529
8569,420
8570,731
8571,1451
8572,418
8573,925
8574,520
8575,540
8576,472
8577,579
8578,454
8579,441
8580,798
8581,570
8582,631
8583,634
8584,521
8585,993
8586,542
8587,513
8588,612
8589,536
8590,477
8591,441
8592,432
8593,506
8594,1129
8595,591
8596,636
8597,439
8598,510
8599,1914
8600,5475
8601,18249
8602,555
8603,481
8604,1084
8605,553
8606,4853
8607,456
8608,691
8609,550
8610,780
8611,796
8612,884
8613,573
8614,512
8615,882
8616,540
8617,2037
8618,369
8619,455
8620,863
8621,1371
8622,584
8623,402
8624,1261
8625,909
8626,402
8627,483
8628,672
8629,364
8630,441
8631,620
8632,756
8633,503
8634,350
8635,496
8636,668
8637,538
8638,557
8639,506
8640,1495
8641,485
8642,488
8643,541
8644,845
8645,508
8646,609
8647,572
8648,515
8649,1307
8650,850
8651,457
8652,675
8653,398
8654,621
8655,520
8656,527
8657,444
8658,414
8659,513
8660,1419
8661,477
8662,532
8663,463
8664,572
8665,995
8666,488
8667,855
8668,679
8669,962
8670,532
8671,578
8672,476
8673,315
8674,4253
8675,891
8676,673
8677,392
8678,391
8679,334
8680,641
8681,977
8682,531
8683,630
8684,725
8685,534
8686,825
8687,604
8688,732
8689,573
8690,831
8691,432
8692,486
8693,752
8694,345
8695,353
8696,620
8697,463
8698,413
8699,505
8700,4211
8701,578
8702,514
8703,565
8704,705
8705,489
8706,677
8707,449
8708,621
8709,743
8710,1041
8711,687
8712,947
8713,461
8714,451
8715,526
8716,444
8717,410
8718,428
8719,468
8720,662
8721,1436
8722,1565
8723,444
8724,605
8725,648
8726,479
8727,568
8728,674
8729,597
8730,1746
8731,463
8732,704
8733,727
8734,715
8735,511
8736,636
8737,617
8738,426
8739,1026
8740,590
8741,375
8742,751
8743,370
8744,462
8745,774
8746,606
8747,815
8748,584
8749,545
8750,1956
8751,844
8752,550
8753,709
8754,590
8755,640
8756,521
8757,390
8758,337
8759,486
8760,3576
8761,638
8762,794
8763,581
8764,588
8765,2703
8766,840
8767,1675
8768,651
8769,422
8770,522
8771,427
8772,413
8773,488
8774,551
8775,1474
8776,948
8777,899
8778,492
8779,486
8780,452
8781,461
8782,417
8783,451
8784,580
8785,542
8786,549
8787,1692
8788,985
8789,651
8790,577
8791,1315
8792,423
8793,389
8794,602
8795,420
8796,585
8797,650
8798,343
8799,1258
8800,15882
8801,1176
8802,1188
8803,724
8804,1337
8805,913
8806,504
8807,706
8808,955
8809,731
8810,861
8811,773
8812,1059
8813,498
8814,483
8815,977
8816,817
8817,737
8818,755
8819,665
8820,1293
8821,655
8822,1061
8823,664
8824,1159
8825,636
8826,440
8827,459
8828,477
8829,685
8830,636
8831,463
8832,1927
8833,2172
8834,516
8835,349
8836,509
8837,627
8838,609
8839,601
8840,834
8841,490
8842,490
8843,1171
8844,690
8845,443
8846,637
8847,422
8848,1607
8849,552
8850,1852
8851,492
8852,439
8853,551
8854,952
8855,854
8856,562
8857,890
8858,864
8859,36018
8860,594
8861,452
8862,611
8863,1190
8864,528
8865,573
8866,449
8867,403
8868,467
8869,951
8870,658
8871,552
8872,488
8873,660
8874,432
8875,451
8876,424
8877,675
8878,649
8879,4016
8880,1718
8881,771
8882,595
8883,2068
8884,663
8885,767
8886,603
8887,688
8888,13188
8889,2541
8890,869
8891,1042
8892,486
8893,377
8894,373
8895,587
8896,396
8897,508
8898,562
8899,636
8900,3190
8901,1492
8902,561
8903,1922
8904,563
8905,445
8906,444
8907,587
8908,476
8909,466
8910,1206
8911,643
8912,707
8913,497
8914,421
8915,847
8916,370
8917,910
8918,435
8919,743
8920,648
8921,632
8922,366
8923,390
8924,489
8925,634
8926,362
8927,556
8928,480
8929,478
8930,663
8931,452
8932,399
8933,610
8934,517
8935,459
8936,698
8937,489
8938,2908
8939,467
8940,558
8941,299
8942,677
8943,526
8944,887
8945,695
8946,272
8947,622
8948,415
8949,3831
8950,759
8951,485
8952,485
8953,350
8954,426
8955,555
8956,492
8957,390
8958,495
8959,550
8960,975
8961,529
8962,1493
8963,560
8964,615
8965,859
8966,899
8967,397
8968,364
8969,493
8970,530
8971,716
8972,416
8973,524
8974,493
8975,468
8976,471
8977,687
8978,571
8979,494
8980,579
8981,449
8982,442
8983,1095
8984,1069
8985,390
8986,711
8987,534
8988,834
8989,954
8990,708
8991,445
8992,531
8993,776
8994,432
8995,624
8996,412
8997,717
8998,560
8999,1644
9000,102430
9001,26618
9002,2141
9003,1516
9004,1324
9005,1547
9006,1502
9007,1388
9008,1543
9009,1727
9010,1667
9011,925
9012,1409
9013,741
9014,628
9015,646
9016,579
9017,488
9018,625
9019,584
9020,1190
9021,927
9022,534
9023,685
9024,494
9025,1259
9026,588
9027,469
9028,473
9029,416
9030,1153
9031,501
9032,671
9033,783
9034,440
9035,776
9036,722
9037,653
9038,525
9039,508
9040,1126
9041,635
9042,704
9043,479
9044,435
9045,944
9046,514
9047,688
9048,809
9049,412
9050,1612
9051,1029
9052,597
9053,649
9054,566
9055,719
9056,825
9057,462
9058,707
9059,625
9060,932
9061,567
9062,441
9063,700
9064,614
9065,505
9066,5393
9067,375
9068,661
9069,762
9070,636
9071,572
9072,541
9073,420
9074,404
9075,1221
9076,483
9077,716
9078,545
9079,352
9080,1514
9081,770
9082,495
9083,495
9084,546
9085,635
9086,362
9087,632
9088,403
9089,719
9090,4306
9091,2122
9092,1561
9093,808
9094,413
9095,594
9096,521
9097,742
9098,486
9099,719
9100,4690
9101,1943
9102,769
9103,556
9104,532
9105,573
9106,467
9107,407
9108,622
9109,574
9110,664
9111,1160
9112,678
9113,459
9114,641
9115,539
9116,438
9117,461
9118,605
9119,784
9120,1194
9121,496
9122,582
9123,824
9124,525
9125,1046
9126,1257
9127,423
9128,470
9129,522
9130,786
9131,747
9132,324
9133,642
9134,830
9135,520
9136,566
9137,492
9138,818
9139,619
9140,635
9141,679
9142,544
9143,413
9144,2802
9145,428
9146,444
9147,540
9148,437
9149,546
9150,2145
9151,502
9152,549
9153,459
9154,420
9155,826
9156,503
9157,478
9158,480
9159,514
9160,834
9161,558
9162,471
9163,645
9164,391
9165,665
9166,741
9167,1391
9168,470
9169,434
9170,643
9171,2260
9172,403
9173,558
9174,316
9175,377
9176,390
9177,365
9178,470
9179,431
9180,586
9181,518
9182,431
9183,848
9184,521
9185,538
9186,624
9187,342
9188,430
9189,387
9190,437
9191,1003
9192,721
9193,669
9194,458
9195,465
9196,392
9197,403
9198,605
9199,682
9200,11665
9201,733
9202,475
9203,1042
9204,508
9205,810
9206,536
9207,525
9208,593
9209,381
9210,715
9211,768
9212,458
9213,636
9214,381
9215,588
9216,1467
9217,473
9218,397
9219,696
9220,611
9221,861
9222,1159
9223,646
9224,613
9225,576
9226,354
9227,526
9228,456
9229,737
9230,1017
9231,1111
9232,783
9233,413
9234,578
9235,1181
9236,486
9237,479
9238,507
9239,508
9240,799
9241,1436
9242,389
9243,548
9244,502
9245,463
9246,373
9247,530
9248,598
9249,410
9250,1656
9251,463
9252,413
9253,402
9254,401
9255,518
9256,409
9257,540
9258,566
9259,461
9260,1060
9261,790
9262,695
9263,542
9264,582
9265,617
9266,512
9267,396
9268,775
9269,347
9270,597
9271,537
9272,540
9273,599
9274,416
9275,754
9276,483
9277,497
9278,584
9279,336
9280,2084
9281,468
9282,596
9283,578
9284,548
9285,502
9286,756
9287,486
9288,579
9289,416
9290,713
9291,374
9292,1200
9293,562
9294,531
9295,549
9296,468
9297,707
9298,440
9299,616
9300,5161
9301,787
9302,539
9303,702
9304,500
9305,392
9306,651
9307,393
9308,419
9309,565
9310,861
9311,584
9312,783
9313,493
9314,434
9315,595
9316,350
9317,405
9318,432
9319,314
9320,645
9321,666
9322,472
9323,367
9324,385
9325,1532
9326,1338
9327,497
9328,409
9329,441
9330,660
9331,529
9332,444
9333,1359
9334,396
9335,849
9336,393
9337,404
9338,340
9339,656
9340,835
9341,438
9342,389
9343,604
9344,876
9345,671
9346,471
9347,432
9348,617
9349,568
9350,1055
9351,583
9352,494
9353,437
9354,725
9355,737
9356,397
9357,442
9358,477
9359,482
9360,947
9361,496
9362,585
9363,483
9364,457
9365,629
9366,313
9367,548
9368,332
9369,412
9370,690
9371,408
9372,829
9373,336
9374,409
9375,3753
9376,903
9377,642
9378,680
9379,464
9380,569
9381,1232
9382,1586
9383,470
9384,689
9385,613
9386,489
9387,513
9388,513
9389,411
9390,742
9391,486
9392,426
9393,744
9394,603
9395,364
9396,363
9397,557
9398,379
9399,396
9400,3304
9401,631
9402,460
9403,507
9404,498
9405,603
9406,518
9407,439
9408,508
9409,737
9410,697
9411,829
9412,725
9413,390
9414,547
9415,559
9416,434
9417,553
9418,680
9419,421
9420,584
9421,445
9422,486
9423,461
9424,567
9425,583
9426,445
9427,362
9428,597
9429,380
9430,460
9431,488
9432,466
9433,377
9434,620
9435,391
9436,404
9437,449
9438,1012
9439,562
9440,982
9441,418
9442,451
9443,785
9444,1133
9445,497
9446,320
9447,515
9448,534
9449,418
9450,1168
9451,409
9452,514
9453,647
9454,468
9455,597
9456,644
9457,537
9458,345
9459,481
9460,452
9461,478
9462,562
9463,447
9464,391
9465,1870
9466,395
9467,472
9468,582
9469,361
9470,380
9471,478
9472,488
9473,649
9474,777
9475,544
9476,503
9477,606
9478,420
9479,289
9480,489
9481,579
9482,435
9483,483
9484,461
9485,406
9486,435
9487,401
9488,590
9489,400
9490,587
9491,308
9492,500
9493,389
9494,531
9495,502
9496,424
9497,450
9498,320
9499,592
9500,11049
9501,659
9502,445
9503,711
9504,628
9505,707
9506,458
9507,316
9508,632
9509,361
9510,1209
9511,556
9512,666
9513,637
9514,416
9515,581
9516,510
9517,525
9518,385
9519,363
9520,640
9521,432
9522,706
9523,593
9524,668
9525,2366
9526,367
9527,537
9528,405
9529,673
9530,913
9531,390
9532,503
9533,461
9534,297
9535,461
9536,870
9537,436
9538,477
9539,575
9540,831
9541,576
9542,576
9543,436
9544,440
9545,840
9546,821
9547,393
9548,1103
9549,508
9550,1697
9551,530
9552,827
9553,308
9554,306
9555,1333
9556,420
9557,377
9558,1107
9559,521
9560,764
9561,389
9562,439
9563,355
9564,476
9565,836
9566,537
9567,1067
9568,845
9569,296
9570,566
9571,449
9572,518
9573,351
9574,709
9575,556
9576,448
9577,482
9578,546
9579,236
9580,534
9581,483
9582,329
9583,442
9584,560
9585,571
9586,430
9587,376
9588,490
9589,413
9590,1031
9591,354
9592,695
9593,420
9594,459
9595,1414
9596,548
9597,421
9598,478
9599,784
9600,15616
9601,966
9602,697
9603,601
9604,986
9605,435
9606,1287
9607,488
9608,545
9609,416
9610,579
9611,565
9612,444
9613,442
9614,323
9615,654
9616,382
9617,372
9618,385
9619,722
9620,628
9621,414
9622,381
9623,646
9624,607
9625,457
9626,307
9627,353
9628,296
9629,505
9630,548
9631,541
9632,743
9633,484
9634,393
9635,709
9636,374
9637,371
9638,298
9639,423
9640,547
9641,338
9642,552
9643,362
9644,429
9645,553
9646,565
9647,438
9648,527
9649,438
9650,1128
9651,429
9652,394
9653,545
9654,639
9655,451
9656,388
9657,390
9658,670
9659,784
9660,3081
9661,595
9662,774
9663,593
9664,414
9665,457
9666,607
9667,526
9668,431
9669,634
9670,558
9671,499
9672,461
9673,834
9674,479
9675,614
9676,284
9677,526
9678,445
9679,630
9680,581
9681,389
9682,389
9683,297
9684,417
9685,551
9686,581
9687,437
9688,413
9689,790
9690,565
9691,436
9692,395
9693,300
9694,402
9695,441
9696,857
9697,633
9698,419
9699,511
9700,39578
9701,769
9702,1363
9703,676
9704,450
9705,681
9706,557
9707,582
9708,702
9709,764
9710,614
9711,446
9712,535
9713,447
9714,525
9715,493
9716,548
9717,490
9718,385
9719,421
9720,1068
9721,552
9722,655
9723,805
9724,650
9725,584
9726,808
9727,407
9728,533
9729,673
9730,488
9731,537
9732,509
9733,524
9734,392
9735,443
9736,1304
9737,478
9738,374
9739,479
9740,595
9741,414
9742,819
9743,861
9744,748
9745,452
9746,444
9747,683
9748,415
9749,384
9750,1455
9751,514
9752,504
9753,475
9754,352
9755,554
9756,336
9757,434
9758,598
9759,374
9760,858
9761,424
9762,364
9763,616
9764,338
9765,633
9766,563
9767,504
9768,426
9769,658
9770,740
9771,278
9772,551
9773,529
9774,727
9775,586
9776,479
9777,684
9778,356
9779,430
9780,590
9781,487
9782,377
9783,791
9784,436
9785,350
9786,628
9787,614
9788,438
9789,959
9790,545
9791,443
9792,596
9793,398
9794,333
9795,392
9796,1808
9797,779
9798,545
9799,454
9800,7518
9801,2374
9802,715
9803,508
9804,528
9805,627
9806,553
9807,441
9808,593
9809,531
9810,1091
9811,738
9812,567
9813,372
9814,531
9815,583
9816,385
9817,419
9818,522
9819,379
9820,974
9821,516
9822,1842
9823,451
9824,499
9825,625
9826,565
9827,334
9828,559
9829,582
9830,786
9831,553
9832,638
9833,692
9834,1044
9835,693
9836,562
9837,360
9838,374
9839,569
9840,904
9841,557
9842,523
9843,582
9844,340
9845,1520
9846,538
9847,439
9848,607
9849,358
9850,1578
9851,370
9852,510
9853,407
9854,355
9855,641
9856,741
9857,606
9858,387
9859,472
9860,637
9861,674
9862,1347
9863,575
9864,530
9865,589
9866,552
9867,460
9868,745
9869,522
9870,495
9871,469
9872,585
9873,592
9874,481
9875,821
9876,3675
9877,734
9878,633
9879,338
9880,920
9881,583
9882,451
9883,470
9884,478
9885,801
9886,574
9887,618
9888,828
9889,567
9890,776
9891,697
9892,402
9893,476
9894,453
9895,494
9896,542
9897,428
9898,1011
9899,4449
9900,5550
9901,1379
9902,723
9903,693
9904,1596
9905,627
9906,814
9907,513
9908,488
9909,458
9910,775
9911,679
9912,676
9913,441
9914,456
9915,536
9916,492
9917,411
9918,548
9919,712
9920,726
9921,630
9922,740
9923,552
9924,740
9925,656
9926,584
9927,423
9928,477
9929,1295
9930,672
9931,685
9932,366
9933,635
9934,533
9935,405
9936,465
9937,423
9938,681
9939,1347
9940,729
9941,508
9942,488
9943,439
9944,690
9945,1257
9946,671
9947,1135
9948,495
9949,766
9950,1558
9951,510
9952,520
9953,502
9954,523
9955,727
9956,417
9957,544
9958,975
9959,838
9960,1365
9961,663
9962,435
9963,511
9964,517
9965,952
9966,1032
9967,611
9968,659
9969,546
9970,531
9971,779
9972,776
9973,1131
9974,637
9975,1513
9976,640
9977,612
9978,593
9979,1046
9980,981
9981,1342
9982,956
9983,558
9984,1046
9985,867
9986,678
9987,904
9988,1333
9989,873
9990,1988
9991,1641
9992,1281
9993,1875
9994,3444
9995,2848
9996,2261
9997,2964
9998,4772
9999,66899
10000,301491
