number,count
0,290155833
1,222518319
2,162895644
3,119570119
4,93064088
5,103186780
6,65121787
7,54873792
8,53748972
9,41208466
10,69112001
11,29180225
12,37735340
13,21356933
14,21356052
15,30963346
16,21589616
17,16790571
18,20530440
19,24069859
20,36445049
21,15202321
22,14225082
23,12612170
24,20513226
25,22451229
26,10933122
27,10682644
28,11083751
29,9629509
30,32756850
31,9532659
32,8810278
33,6380916
34,6018640
35,8982147
36,6468037
37,6035320
38,5397196
39,7279857
40,15986944
41,4624499
42,5280642
43,4401065
44,4717753
45,8250221
46,3995775
47,4493332
48,5838582
49,4136948
50,24680090
51,3728838
52,4023122
53,3466567
54,3593600
55,5036198
56,3558995
57,3171375
58,3227987
59,3540138
60,12300256
61,2655223
62,2880121
63,2707955
64,4452954
65,4483550
66,2778717
67,2570337
68,2527699
69,2470975
70,7342842
71,2311549
72,3258777
73,2266677
74,2256975
75,6493236
76,2258044
77,2223230
78,2262754
79,2121652
80,8470310
81,2138025
82,2253035
83,2231222
84,2221612
85,3342798
86,2110051
87,2021351
88,2304789
89,2040615
90,8240075
91,2090821
92,2138799
93,2363945
94,2129613
95,5445410
96,2459501
97,2296985
98,2527263
99,6671801
100,29167722
101,1940335
102,1183757
103,1063817
104,1122598
105,1321042
106,1042962
107,952262
108,1052610
109,923827
110,1927962
111,1101101
112,998891
113,945357
114,887831
115,1101361
116,1715869
117,829303
118,835783
119,806697
120,3212008
121,825076
122,1325990
123,1064424
124,761776
125,1748849
126,719207
127,826953
128,1354357
129,704881
130,1587250
131,672776
132,723722
133,643772
134,614982
135,914548
136,689632
137,631556
138,618005
139,619101
140,1523477
141,599068
142,578674
143,583926
144,760087
145,762006
146,558029
147,576234
148,566561
149,627654
150,4670920
151,560411
152,579087
153,543887
154,526252
155,670761
156,549176
157,521878
158,501262
159,518162
160,1791801
161,511837
162,523886
163,503682
164,509366
165,699666
166,470609
167,504455
168,572622
169,518895
170,1006576
171,478820
172,484238
173,467332
174,490587
175,863822
176,505441
177,483143
178,459410
179,483900
180,2015945
181,437084
182,475070
183,841081
184,438297
185,582908
186,420945
187,471948
188,430790
189,444027
190,767646
191,437074
192,572118
193,416344
194,390974
195,546082
196,417083
197,404100
198,401929
199,574937
200,9504245
201,727629
202,576292
203,513655
204,513971
205,564686
206,464163
207,435440
208,480728
209,413000
210,769794
211,452180
212,494027
213,467499
214,414965
215,545003
216,422256
217,381297
218,378033
219,378007
220,1000692
221,397180
222,478472
223,460036
224,497372
225,745525
226,381853
227,376340
228,501884
229,384943
230,801159
231,418001
232,436848
233,587098
234,380511
235,465729
236,337175
237,350451
238,350973
239,457954
240,1045933
241,353117
242,352721
243,386311
244,360975
245,433213
246,401837
247,389810
248,347927
249,390356
250,3801987
251,351811
252,530163
253,339311
254,394769
255,1844809
256,917729
257,308743
258,287744
259,288497
260,614148
261,295959
262,303503
263,290333
264,390810
265,406780
266,280362
267,281504
268,275728
269,298479
270,643346
271,279519
272,290157
273,304270
274,264946
275,503951
276,283681
277,279006
278,262634
279,279945
280,616230
281,276854
282,262261
283,258076
284,257518
285,356709
286,257892
287,266731
288,308362
289,265682
290,408345
291,242498
292,252456
293,271741
294,245835
295,333225
296,250334
297,312588
298,251018
299,410032
300,6311328
301,450630
302,380787
303,360689
304,682144
305,364835
306,290739
307,278104
308,354335
309,288367
310,490600
311,310289
312,333533
313,271764
314,268227
315,368454
316,440430
317,257694
318,260676
319,260265
320,693325
321,318929
322,266582
323,275551
324,273292
325,476979
326,234312
327,248324
328,250025
329,244497
330,521582
331,236938
332,240512
333,409724
334,226040
335,301251
336,265599
337,229376
338,238597
339,223982
340,433989
341,231584
342,225010
343,251281
344,228590
345,303823
346,214636
347,233346
348,217951
349,249348
350,1911178
351,243452
352,246000
353,226915
354,215034
355,284948
356,230190
357,256745
358,218550
359,220791
360,1917417
361,216256
362,210245
363,218530
364,223884
365,1233351
366,217438
367,208956
368,215846
369,205163
370,367008
371,216849
372,207328
373,211162
374,204122
375,587885
376,208033
377,411966
378,191339
379,198825
380,417137
381,205081
382,193218
383,202461
384,253160
385,247695
386,202331
387,194901
388,193712
389,212268
390,310527
391,191135
392,200589
393,179753
394,179591
395,251839
396,189080
397,183972
398,180265
399,283663
400,4954339
401,590645
402,242102
403,323805
404,531522
405,291872
406,221365
407,217037
408,218818
409,218374
410,378949
411,238829
412,222011
413,189956
414,206742
415,249887
416,223639
417,209527
418,180855
419,190514
420,476828
421,195075
422,220789
423,182607
424,190399
425,348273
426,180173
427,189253
428,180143
429,206544
430,356293
431,182049
432,203934
433,192250
434,171389
435,222716
436,165857
437,166117
438,175874
439,164040
440,363224
441,180872
442,178566
443,246631
444,243634
445,205911
446,159265
447,167600
448,180817
449,181585
450,1133626
451,195983
452,163039
453,167027
454,185589
455,209296
456,202372
457,181515
458,177896
459,156007
460,318268
461,162484
462,160957
463,154353
464,163546
465,199291
466,156419
467,156358
468,166402
469,160363
470,262071
471,160720
472,162967
473,157479
474,148916
475,254979
476,159682
477,161949
478,151487
479,156508
480,459240
481,151387
482,158653
483,160687
484,160927
485,215604
486,168621
487,146890
488,208963
489,148885
490,234577
491,146159
492,153134
493,147968
494,143926
495,230479
496,151223
497,157194
498,154884
499,299116
500,10386163
501,472492
502,216619
503,207386
504,251423
505,228291
506,177731
507,165847
508,218913
509,187642
510,322603
511,188611
512,479498
513,156382
514,160783
515,193973
516,168959
517,150349
518,157154
519,151969
520,314154
521,172594
522,160445
523,152741
524,166203
525,266664
526,150764
527,151618
528,179028
529,197279
530,271889
531,151524
532,161182
533,149215
534,144601
535,182802
536,150768
537,161187
538,146982
539,137653
540,291387
541,145808
542,139048
543,139162
544,143975
545,165277
546,135392
547,132009
548,133103
549,142801
550,675254
551,140464
552,148278
553,135883
554,131007
555,253333
556,142666
557,128138
558,124858
559,129612
560,285586
561,146206
562,136597
563,131538
564,131491
565,156942
566,126843
567,136771
568,130382
569,129771
570,231809
571,138267
572,127886
573,129707
574,128917
575,206636
576,149260
577,131928
578,116444
579,126153
580,273424
581,124294
582,123327
583,125031
584,118553
585,154358
586,126563
587,127927
588,126651
589,120381
590,188700
591,118076
592,123454
593,123299
594,125575
595,161505
596,122557
597,115948
598,118827
599,189275
600,3455999
601,194845
602,161285
603,161014
604,146492
605,166054
606,151325
607,138963
608,149125
609,141560
610,226438
611,141203
612,152364
613,137480
614,126977
615,160073
616,142776
617,144007
618,153098
619,127038
620,251669
621,130549
622,130997
623,125956
624,135697
625,345997
626,136852
627,121794
628,125654
629,138338
630,250991
631,121199
632,131957
633,127724
634,115682
635,160681
636,132222
637,112572
638,117749
639,126467
640,390199
641,120112
642,144356
643,118912
644,139424
645,148781
646,119669
647,126402
648,126115
649,138360
650,708271
651,128010
652,116844
653,111825
654,126964
655,133806
656,126189
657,110619
658,109594
659,110094
660,243925
661,118574
662,122753
663,113726
664,118335
665,134607
666,230181
667,146200
668,115778
669,115595
670,186173
671,112945
672,121384
673,110795
674,108726
675,184649
676,109154
677,116527
678,116019
679,138842
680,223615
681,104705
682,109533
683,106878
684,112407
685,123533
686,112292
687,112541
688,116668
689,103474
690,163987
691,127893
692,110264
693,101055
694,100982
695,141258
696,109943
697,98254
698,112239
699,165537
700,2262543
701,177599
702,159601
703,143809
704,135627
705,146473
706,124097
707,144207
708,119660
709,115536
710,188781
711,140447
712,123125
713,113697
714,130071
715,135744
716,111135
717,113411
718,142050
719,107484
720,359642
721,117801
722,129650
723,106904
724,113373
725,164695
726,105977
727,125843
728,128989
729,107348
730,182610
731,106681
732,114971
733,108218
734,101113
735,128062
736,104990
737,240305
738,101214
739,98181
740,177056
741,103055
742,105869
743,101921
744,111691
745,131114
746,96711
747,178866
748,104827
749,110874
750,1090130
751,108770
752,108841
753,105581
754,107919
755,144720
756,105390
757,124628
758,94843
759,92773
760,192181
761,101167
762,111082
763,98695
764,97386
765,136716
766,99397
767,129249
768,186898
769,95206
770,172181
771,99306
772,104288
773,101076
774,98011
775,151502
776,104534
777,329091
778,105432
779,94734
780,188400
781,98782
782,98734
783,94339
784,98974
785,116949
786,102851
787,165570
788,95536
789,107579
790,136865
791,88896
792,101243
793,91323
794,94200
795,121112
796,93969
797,95118
798,91552
799,148360
800,3420167
801,153550
802,372031
803,113322
804,115992
805,135961
806,105507
807,105925
808,158993
809,97949
810,172115
811,120494
812,121623
813,103667
814,97806
815,129178
816,107577
817,97317
818,102997
819,95821
820,182760
821,105361
822,99663
823,95532
824,97896
825,155712
826,95527
827,93883
828,105290
829,96371
830,161229
831,91731
832,108610
833,131857
834,95654
835,118083
836,92537
837,92868
838,89245
839,86178
840,188248
841,95069
842,97545
843,97017
844,155598
845,140175
846,91347
847,93538
848,97523
849,95826
850,511119
851,92446
852,102690
853,100126
854,94273
855,174542
856,96962
857,91880
858,95747
859,89643
860,153414
861,89488
862,88312
863,91035
864,103200
865,119994
866,185744
867,88721
868,99250
869,85099
870,154640
871,93582
872,89641
873,88983
874,85536
875,221575
876,89792
877,184823
878,83938
879,84992
880,178077
881,86629
882,87696
883,99042
884,83750
885,111602
886,91503
887,86614
888,568059
889,94620
890,123182
891,84999
892,83610
893,82625
894,81312
895,114863
896,91101
897,82063
898,84566
899,121242
900,1650643
901,132921
902,107568
903,95990
904,104522
905,119141
906,95728
907,98776
908,96313
909,102061
910,133695
911,640826
912,117462
913,93557
914,102121
915,113992
916,99864
917,102567
918,102470
919,101159
920,176937
921,95219
922,96082
923,89258
924,99533
925,327909
926,90625
927,87450
928,99648
929,91632
930,149299
931,89419
932,87101
933,88474
934,83962
935,102880
936,90512
937,90970
938,88519
939,87800
940,140714
941,96939
942,84358
943,84879
944,99611
945,107192
946,82567
947,80229
948,84969
949,93754
950,377565
951,92309
952,89014
953,86730
954,91575
955,103959
956,87079
957,81498
958,80501
959,88845
960,201029
961,86014
962,87306
963,86140
964,87136
965,106368
966,86053
967,81968
968,90725
969,84672
970,145684
971,96297
972,96683
973,94488
974,83791
975,128788
976,99904
977,85173
978,338473
979,81476
980,170349
981,85948
982,81975
983,81948
984,88393
985,108344
986,85811
987,90346
988,115512
989,88025
990,233531
991,98564
992,97156
993,95261
994,89754
995,189874
996,113061
997,130754
998,117314
999,702869
1000,4089885
1001,200262
1002,178417
1003,76620
1004,66458
1005,69029
1006,65185
1007,192941
1008,64692
1009,50707
1010,127632
1011,79438
1012,65888
1013,55728
1014,55766
1015,65828
1016,403866
1017,66996
1018,61181
1019,47526
1020,104036
1021,80015
1022,49648
1023,73599
1024,423999
1025,59253
1026,46160
1027,42197
1028,41116
1029,72718
1030,76291
1031,73483
1032,42761
1033,47694
1034,39088
1035,47434
1036,39292
1037,46909
1038,137259
1039,41325
1040,110719
1041,40778
1042,41194
1043,38311
1044,38605
1045,59230
1046,45007
1047,35044
1048,36736
1049,37986
1050,192338
1051,39764
1052,35749
1053,41235
1054,41350
1055,48760
1056,53480
1057,35915
1058,34448
1059,33611
1060,113293
1061,36222
1062,38084
1063,40332
1064,44992
1065,42943
1066,65523
1067,37395
1068,38735
1069,32845
1070,88251
1071,37409
1072,46006
1073,59223
1074,49063
1075,45033
1076,34488
1077,44568
1078,34030
1079,35517
1080,331229
1081,36696
1082,34569
1083,37429
1084,36409
1085,42398
1086,57698
1087,35338
1088,59004
1089,45208
1090,56325
1091,33362
1092,33652
1093,97592
1094,35551
1095,56877
1096,35569
1097,68765
1098,50993
1099,132961
1100,363823
1101,86326
1102,43979
1103,55101
1104,41914
1105,45066
1106,37609
1107,43213
1108,39918
1109,59318
1110,66286
1111,193124
1112,40992
1113,37269
1114,32786
1115,43926
1116,35251
1117,35451
1118,33036
1119,33253
1120,63787
1121,36944
1122,38036
1123,35115
1124,32554
1125,85647
1126,52669
1127,32919
1128,54849
1129,29871
1130,54566
1131,34619
1132,31911
1133,33799
1134,33856
1135,36392
1136,55475
1137,32790
1138,33209
1139,30326
1140,47155
1141,34339
1142,31185
1143,29364
1144,31488
1145,44997
1146,34426
1147,29703
1148,29968
1149,31255
1150,121914
1151,35948
1152,42885
1153,30131
1154,28860
1155,51033
1156,31551
1157,30517
1158,34255
1159,35093
1160,41110
1161,38170
1162,29614
1163,30405
1164,30470
1165,31837
1166,28349
1167,33372
1168,26424
1169,27698
1170,44188
1171,30486
1172,35469
1173,30844
1174,26912
1175,63834
1176,37555
1177,63081
1178,25867
1179,29413
1180,43378
1181,27383
1182,32047
1183,28343
1184,28983
1185,34581
1186,86655
1187,32933
1188,31203
1189,33758
1190,41797
1191,37272
1192,34105
1193,32520
1194,37831
1195,34834
1196,32531
1197,35599
1198,37915
1199,51488
1200,806284
1201,58599
1202,51448
1203,43683
1204,50577
1205,43884
1206,47620
1207,42817
1208,40907
1209,40854
1210,64487
1211,44609
1212,56036
1213,47020
1214,46267
1215,56891
1216,50307
1217,39129
1218,38938
1219,41652
1220,64435
1221,43212
1222,44254
1223,40355
1224,40519
1225,46728
1226,35764
1227,34313
1228,32419
1229,31736
1230,57249
1231,32586
1232,31566
1233,29240
1234,127983
1235,37399
1236,30620
1237,27528
1238,26902
1239,28379
1240,44296
1241,36446
1242,34825
1243,29183
1244,35317
1245,38386
1246,28796
1247,27903
1248,31441
1249,29366
1250,180273
1251,31156
1252,35690
1253,31176
1254,32188
1255,40452
1256,31260
1257,31008
1258,49205
1259,27221
1260,57567
1261,29098
1262,26659
1263,28306
1264,27100
1265,30931
1266,26498
1267,27880
1268,26179
1269,24421
1270,40729
1271,29115
1272,30855
1273,40855
1274,29202
1275,38190
1276,27477
1277,27325
1278,26376
1279,30879
1280,134429
1281,25284
1282,26246
1283,25624
1284,29399
1285,27988
1286,23629
1287,25467
1288,25979
1289,25202
1290,47085
1291,31496
1292,29562
1293,25064
1294,24805
1295,35626
1296,31762
1297,27344
1298,25540
1299,36884
1300,367016
1301,47343
1302,36761
1303,32423
1304,32870
1305,33664
1306,30401
1307,36526
1308,29464
1309,28424
1310,46729
1311,30763
1312,34227
1313,35878
1314,30451
1315,38264
1316,28161
1317,28143
1318,25649
1319,25570
1320,51604
1321,29623
1322,29752
1323,28576
1324,27275
1325,46433
1326,29005
1327,29312
1328,27681
1329,25922
1330,42735
1331,29887
1332,35524
1333,38840
1334,27677
1335,30036
1336,25682
1337,46282
1338,23816
1339,25577
1340,38552
1341,26020
1342,26002
1343,27429
1344,32535
1345,38792
1346,27603
1347,28604
1348,29384
1349,28650
1350,128737
1351,27892
1352,25811
1353,44987
1354,23197
1355,27343
1356,24913
1357,26101
1358,22917
1359,23637
1360,36991
1361,26334
1362,23984
1363,23685
1364,26281
1365,44398
1366,41669
1367,25572
1368,31949
1369,23219
1370,33270
1371,71936
1372,23186
1373,26339
1374,22844
1375,31902
1376,25131
1377,28237
1378,24047
1379,23570
1380,36987
1381,25522
1382,24846
1383,22885
1384,24242
1385,27057
1386,26434
1387,26249
1388,24283
1389,24598
1390,33450
1391,23859
1392,28362
1393,21876
1394,31948
1395,27498
1396,23835
1397,25139
1398,24816
1399,31640
1400,315228
1401,47833
1402,32606
1403,28555
1404,32405
1405,31558
1406,29119
1407,26070
1408,30472
1409,26284
1410,38706
1411,27578
1412,29301
1413,25224
1414,26864
1415,37840
1416,26690
1417,24266
1418,23348
1419,24357
1420,40577
1421,27317
1422,26810
1423,26809
1424,25860
1425,32774
1426,21722
1427,23011
1428,24541
1429,30246
1430,37787
1431,27004
1432,24695
1433,28490
1434,23552
1435,29272
1436,23782
1437,23121
1438,24736
1439,24815
1440,96047
1441,31697
1442,27275
1443,24248
1444,27732
1445,26977
1446,24590
1447,23361
1448,22790
1449,23847
1450,111832
1451,25189
1452,26605
1453,35708
1454,21901
1455,32332
1456,23889
1457,22766
1458,21994
1459,24438
1460,38162
1461,28979
1462,25935
1463,22000
1464,23840
1465,24431
1466,22089
1467,25732
1468,23673
1469,26080
1470,33225
1471,44099
1472,28659
1473,26480
1474,22853
1475,37334
1476,26263
1477,24501
1478,24792
1479,22972
1480,36399
1481,22542
1482,25095
1483,28866
1484,24673
1485,30490
1486,22314
1487,23310
1488,26472
1489,21778
1490,31150
1491,24590
1492,51927
1493,28557
1494,28261
1495,29908
1496,22388
1497,26774
1498,25319
1499,34283
1500,1077487
1501,41843
1502,46540
1503,33986
1504,30915
1505,32501
1506,30252
1507,27659
1508,29097
1509,31007
1510,41605
1511,32634
1512,32736
1513,30390
1514,26307
1515,42207
1516,31572
1517,32749
1518,35279
1519,33142
1520,69506
1521,39133
1522,29377
1523,31432
1524,47825
1525,42257
1526,30007
1527,28241
1528,26780
1529,28962
1530,49448
1531,26030
1532,27662
1533,28718
1534,29494
1535,36015
1536,49025
1537,26594
1538,30425
1539,28177
1540,49524
1541,31845
1542,33320
1543,28263
1544,24726
1545,32461
1546,25888
1547,29842
1548,27804
1549,28584
1550,79786
1551,25932
1552,27116
1553,29864
1554,25475
1555,35093
1556,32825
1557,29206
1558,33211
1559,42286
1560,49270
1561,27342
1562,30678
1563,28503
1564,32156
1565,32491
1566,27180
1567,26061
1568,27669
1569,25351
1570,38802
1571,28888
1572,29916
1573,26620
1574,23810
1575,36373
1576,25808
1577,27430
1578,25555
1579,24684
1580,42039
1581,26499
1582,31595
1583,27211
1584,27959
1585,31369
1586,26292
1587,29618
1588,33644
1589,25749
1590,41035
1591,29030
1592,32133
1593,26928
1594,26064
1595,28635
1596,31858
1597,26986
1598,33070
1599,34733
1600,436195
1601,46148
1602,38338
1603,54291
1604,44637
1605,41913
1606,37932
1607,42426
1608,38615
1609,41738
1610,54555
1611,43397
1612,36863
1613,32559
1614,30321
1615,33503
1616,39444
1617,29734
1618,34135
1619,46538
1620,57580
1621,36972
1622,30668
1623,38721
1624,32875
1625,46430
1626,29445
1627,28890
1628,32913
1629,30193
1630,49584
1631,31542
1632,35297
1633,33611
1634,34576
1635,36176
1636,30839
1637,31579
1638,33619
1639,31556
1640,77106
1641,33562
1642,41585
1643,32270
1644,42857
1645,33499
1646,41894
1647,29249
1648,39857
1649,33393
1650,105648
1651,34703
1652,32062
1653,29275
1654,30264
1655,33299
1656,29994
1657,27368
1658,29383
1659,29548
1660,75595
1661,32979
1662,33067
1663,30200
1664,33953
1665,36810
1666,38302
1667,40170
1668,29533
1669,29236
1670,41194
1671,27482
1672,31183
1673,32846
1674,29769
1675,42690
1676,29811
1677,27443
1678,28558
1679,27461
1680,55257
1681,30245
1682,30916
1683,33984
1684,29309
1685,38593
1686,29129
1687,29080
1688,44169
1689,38318
1690,41573
1691,28250
1692,35793
1693,27920
1694,28748
1695,30599
1696,27253
1697,29551
1698,27793
1699,34421
1700,276954
1701,49977
1702,38231
1703,40358
1704,37711
1705,34244
1706,35774
1707,41707
1708,34515
1709,40953
1710,47912
1711,34446
1712,33218
1713,32310
1714,35608
1715,42039
1716,34038
1717,37700
1718,34469
1719,31354
1720,51144
1721,34135
1722,35325
1723,34063
1724,32089
1725,42741
1726,30974
1727,34486
1728,35971
1729,32455
1730,48648
1731,31514
1732,34052
1733,34968
1734,31407
1735,36815
1736,31770
1737,32813
1738,32275
1739,32371
1740,51191
1741,35570
1742,34841
1743,35514
1744,35150
1745,46406
1746,36142
1747,34426
1748,37848
1749,36460
1750,120676
1751,36018
1752,41100
1753,38951
1754,39581
1755,51295
1756,41944
1757,41783
1758,46598
1759,41783
1760,60657
1761,36605
1762,39374
1763,50047
1764,41491
1765,47379
1766,39482
1767,40918
1768,43957
1769,45654
1770,69146
1771,40863
1772,47792
1773,47749
1774,56205
1775,86581
1776,124352
1777,61428
1778,55154
1779,47460
1780,75633
1781,72241
1782,56699
1783,66225
1784,54457
1785,56366
1786,52307
1787,73093
1788,67250
1789,104213
1790,89979
1791,71749
1792,82085
1793,71777
1794,64431
1795,68401
1796,63694
1797,63364
1798,77317
1799,72407
1800,605574
1801,186095
1802,105759
1803,87434
1804,77779
1805,75257
1806,78637
1807,67240
1808,69913
1809,86523
1810,89946
1811,71614
1812,145016
1813,73374
1814,83954
1815,110489
1816,75536
1817,73953
1818,87870
1819,81263
1820,122620
1821,88061
1822,77390
1823,70827
1824,83794
1825,94478
1826,75965
1827,73437
1828,81773
1829,78691
1830,152013
1831,88305
1832,101168
1833,89947
1834,90898
1835,101286
1836,106117
1837,113286
1838,95125
1839,101049
1840,163961
1841,107067
1842,102441
1843,102024
1844,107177
1845,115719
1846,115832
1847,116411
1848,155540
1849,120686
1850,252385
1851,139260
1852,112115
1853,113062
1854,125080
1855,126169
1856,125421
1857,137257
1858,132542
1859,136341
1860,241430
1861,211115
1862,186090
1863,184515
1864,179126
1865,215972
1866,142131
1867,154441
1868,150979
1869,141146
1870,225966
1871,166891
1872,149018
1873,142357
1874,134401
1875,223800
1876,152830
1877,138035
1878,143626
1879,145453
1880,255775
1881,177045
1882,169728
1883,162660
1884,160016
1885,175636
1886,171541
1887,191130
1888,182925
1889,182264
1890,271264
1891,186500
1892,180137
1893,184882
1894,173190
1895,209818
1896,199216
1897,186182
1898,208976
1899,209382
1900,606373
1901,276889
1902,232026
1903,246345
1904,237492
1905,275529
1906,251833
1907,249345
1908,270891
1909,258154
1910,368694
1911,373702
1912,311089
1913,292629
1914,414321
1915,327270
1916,322855
1917,407029
1918,443451
1919,360095
1920,642476
1921,300080
1922,305169
1923,289112
1924,285552
1925,314623
1926,300988
1927,298531
1928,315834
1929,370206
1930,509637
1931,304569
1932,324624
1933,425462
1934,371268
1935,361520
1936,381134
1937,376192
1938,396539
1939,518643
1940,622954
1941,484950
1942,469904
1943,429607
1944,498511
1945,721747
1946,455027
1947,503801
1948,551871
1949,471586
1950,814260
1951,448405
1952,476867
1953,494253
1954,514993
1955,537200
1956,555311
1957,560697
1958,553842
1959,568026
1960,922802
1961,634993
1962,665423
1963,697592
1964,773088
1965,795959
1966,749747
1967,877038
1968,928132
1969,933679
1970,1255445
1971,891420
1972,963988
1973,954565
1974,930966
1975,997612
1976,994382
1977,949465
1978,1018541
1979,1117001
1980,1496399
1981,1079947
1982,1143510
1983,1167368
1984,1340762
1985,1327092
1986,1403580
1987,1374588
1988,1475592
1989,1640638
1990,2086448
1991,1782364
1992,1926344
1993,1942431
1994,2149936
1995,2369650
1996,2500602
1997,2621361
1998,2823921
1999,3200893
2000,5882271
2001,4137763
2002,4041890
2003,4412097
2004,4799877
2005,5218657
2006,5697566
2007,6449831
2008,7849092
2009,7909588
2010,9066392
2011,8990586
2012,10185526
2013,10447315
2014,11254439
2015,12407137
2016,13721804
2017,14389587
2018,16687446
2019,18391814
2020,21801418
2021,14212469
2022,7400322
2023,1489124
2024,537443
2025,677983
2026,337678
2027,243780
2028,174014
2029,85320
2030,657486
2031,54406
2032,57587
2033,35005
2034,29123
2035,90205
2036,34466
2037,25089
2038,25421
2039,23477
2040,118100
2041,25824
2042,31122
2043,19042
2044,18715
2045,41884
2046,20235
2047,26275
2048,147085
2049,36419
2050,331442
2051,19083
2052,19931
2053,16455
2054,17320
2055,21215
2056,17462
2057,15361
2058,16284
2059,14606
2060,64168
2061,17049
2062,19701
2063,21226
2064,17910
2065,18835
2066,15764
2067,15184
2068,15145
2069,15040
2070,51580
2071,17639
2072,16181
2073,14953
2074,16196
2075,20889
2076,16738
2077,62153
2078,17489
2079,14093
2080,61006
2081,14876
2082,12592
2083,15562
2084,14563
2085,14801
2086,12831
2087,13210
2088,14624
2089,12643
2090,21997
2091,13308
2092,12579
2093,12863
2094,13003
2095,14121
2096,12657
2097,13383
2098,12453
2099,33852
2100,216924
2101,25381
2102,24437
2103,18301
2104,19230
2105,33369
2106,21605
2107,18439
2108,20547
2109,17386
2110,31489
2111,23965
2112,24431
2113,16851
2114,17530
2115,20954
2116,17077
2117,15830
2118,17549
2119,15662
2120,29408
2121,22006
2122,16715
2123,13468
2124,13890
2125,19913
2126,15083
2127,12701
2128,13646
2129,13006
2130,22111
2131,14844
2132,14206
2133,19694
2134,14016
2135,18673
2136,13815
2137,12577
2138,15561
2139,15445
2140,21514
2141,14936
2142,16679
2143,14660
2144,13630
2145,15899
2146,11445
2147,15630
2148,15118
2149,23132
2150,35786
2151,14287
2152,13258
2153,12477
2154,13632
2155,16081
2156,13012
2157,12166
2158,12506
2159,12840
2160,49913
2161,12758
2162,11467
2163,12853
2164,14847
2165,15069
2166,13235
2167,12683
2168,11924
2169,12008
2170,17071
2171,12627
2172,11954
2173,11700
2174,13968
2175,15610
2176,12324
2177,11751
2178,11159
2179,11136
2180,16589
2181,18959
2182,11314
2183,11133
2184,12622
2185,12524
2186,11249
2187,13224
2188,12202
2189,10987
2190,14822
2191,13649
2192,12540
2193,12363
2194,10965
2195,12914
2196,14928
2197,11351
2198,11219
2199,16206
2200,166867
2201,24401
2202,19128
2203,15451
2204,16216
2205,35141
2206,17871
2207,15878
2208,17452
2209,14896
2210,23625
2211,17647
2212,23105
2213,14705
2214,14762
2215,21764
2216,16427
2217,15163
2218,14233
2219,14651
2220,21436
2221,14615
2222,35524
2223,15873
2224,14773
2225,19360
2226,12282
2227,12845
2228,12348
2229,13372
2230,19995
2231,16513
2232,13395
2233,14333
2234,12480
2235,13401
2236,14154
2237,12562
2238,12366
2239,10863
2240,19444
2241,14300
2242,13749
2243,11827
2244,15484
2245,13805
2246,12836
2247,10790
2248,12194
2249,12741
2250,45960
2251,14311
2252,12527
2253,12808
2254,19662
2255,22041
2256,13660
2257,18810
2258,11073
2259,11433
2260,16594
2261,12763
2262,12230
2263,11752
2264,14744
2265,12619
2266,11512
2267,11534
2268,11101
2269,11360
2270,13890
2271,11102
2272,12532
2273,12771
2274,10272
2275,14741
2276,12387
2277,12967
2278,11846
2279,10481
2280,24304
2281,14050
2282,10906
2283,12782
2284,10854
2285,12347
2286,12074
2287,11739
2288,12261
2289,10824
2290,22740
2291,11203
2292,10936
2293,12104
2294,10419
2295,12110
2296,11565
2297,11601
2298,11411
2299,12599
2300,124958
2301,19447
2302,15597
2303,14803
2304,20896
2305,18429
2306,14306
2307,29070
2308,14878
2309,13034
2310,20709
2311,17285
2312,17759
2313,13716
2314,13666
2315,15038
2316,14325
2317,12518
2318,12948
2319,14095
2320,19687
2321,12937
2322,14079
2323,15564
2324,12982
2325,15312
2326,11970
2327,11673
2328,13053
2329,11538
2330,17589
2331,12871
2332,12461
2333,21834
2334,13843
2335,13430
2336,11659
2337,15360
2338,10732
2339,14441
2340,23900
2341,30284
2342,13186
2343,12094
2344,15215
2345,21552
2346,12056
2347,11647
2348,11629
2349,12553
2350,30310
2351,11239
2352,12754
2353,11105
2354,10663
2355,13642
2356,10834
2357,11950
2358,11334
2359,14618
2360,15015
2361,14707
2362,11512
2363,10174
2364,10692
2365,11506
2366,11728
2367,10342
2368,13107
2369,10826
2370,12898
2371,10811
2372,11186
2373,10801
2374,9940
2375,16264
2376,11602
2377,10795
2378,10538
2379,15162
2380,16931
2381,13242
2382,11307
2383,11082
2384,10213
2385,11800
2386,10487
2387,9644
2388,11740
2389,10139
2390,11946
2391,16388
2392,11631
2393,10830
2394,10583
2395,12983
2396,10601
2397,10173
2398,9915
2399,13073
2400,187730
2401,19011
2402,14123
2403,14368
2404,14442
2405,13581
2406,11683
2407,11775
2408,13448
2409,11207
2410,15524
2411,12161
2412,20584
2413,11790
2414,11631
2415,12765
2416,12156
2417,10856
2418,10405
2419,12890
2420,17588
2421,11246
2422,13264
2423,11229
2424,13989
2425,15811
2426,11617
2427,11042
2428,10381
2429,10967
2430,14473
2431,11789
2432,11698
2433,11985
2434,10734
2435,11142
2436,13724
2437,11634
2438,11163
2439,10044
2440,18172
2441,12838
2442,11603
2443,12534
2444,12790
2445,14115
2446,12626
2447,12050
2448,14927
2449,13669
2450,31726
2451,13485
2452,11039
2453,12074
2454,14601
2455,14502
2456,11482
2457,13076
2458,12125
2459,9873
2460,19618
2461,12707
2462,13418
2463,12566
2464,10916
2465,11284
2466,10122
2467,11043
2468,11269
2469,9902
2470,15972
2471,10811
2472,12942
2473,11024
2474,11086
2475,14677
2476,11626
2477,11055
2478,12938
2479,10210
2480,15985
2481,12104
2482,11876
2483,10475
2484,10772
2485,11757
2486,10212
2487,12919
2488,13949
2489,11162
2490,13861
2491,16999
2492,19086
2493,9494
2494,10153
2495,18973
2496,15550
2497,10634
2498,12766
2499,18255
2500,545435
2501,20121
2502,13036
2503,12281
2504,11906
2505,13196
2506,10866
2507,18101
2508,11450
2509,11457
2510,21132
2511,12757
2512,12224
2513,10583
2514,11786
2515,12130
2516,12219
2517,27990
2518,11602
2519,12572
2520,22848
2521,11244
2522,11691
2523,12304
2524,10657
2525,19218
2526,12575
2527,10439
2528,11121
2529,10297
2530,14313
2531,10605
2532,12760
2533,10347
2534,10397
2535,11485
2536,20091
2537,10988
2538,9952
2539,10567
2540,18528
2541,10822
2542,10878
2543,10268
2544,11243
2545,11300
2546,9874
2547,10510
2548,11438
2549,9624
2550,32034
2551,11073
2552,11421
2553,11535
2554,11046
2555,14190
2556,9661
2557,10698
2558,10787
2559,10768
2560,53082
2561,11164
2562,11005
2563,12619
2564,11217
2565,11009
2566,10049
2567,9737
2568,9670
2569,8798
2570,11629
2571,9505
2572,8780
2573,8928
2574,8950
2575,12534
2576,9683
2577,9625
2578,10165
2579,8822
2580,14927
2581,10332
2582,9523
2583,9508
2584,9580
2585,11845
2586,9150
2587,8485
2588,9620
2589,8643
2590,12592
2591,9553
2592,12332
2593,9763
2594,9831
2595,10499
2596,8985
2597,10059
2598,9120
2599,11065
2600,150608
2601,16870
2602,11293
2603,13732
2604,11570
2605,13079
2606,12440
2607,13184
2608,9870
2609,12246
2610,15106
2611,11091
2612,10785
2613,9615
2614,9264
2615,11858
2616,11580
2617,10130
2618,10614
2619,10117
2620,17936
2621,10829
2622,10238
2623,9603
2624,9624
2625,15386
2626,13858
2627,10181
2628,10400
2629,8422
2630,13984
2631,11565
2632,10517
2633,9392
2634,8930
2635,10829
2636,9648
2637,9300
2638,9769
2639,9496
2640,16818
2641,8830
2642,11492
2643,8868
2644,9353
2645,9915
2646,9818
2647,8577
2648,9464
2649,8920
2650,29678
2651,9967
2652,9799
2653,9345
2654,8793
2655,10933
2656,10132
2657,9043
2658,8488
2659,8656
2660,12932
2661,9982
2662,8574
2663,9169
2664,9974
2665,10234
2666,17118
2667,12025
2668,9385
2669,8674
2670,13219
2671,9530
2672,10137
2673,10021
2674,9003
2675,10921
2676,9132
2677,9703
2678,8865
2679,8117
2680,13293
2681,8486
2682,9017
2683,9491
2684,8816
2685,8994
2686,9328
2687,8460
2688,11773
2689,8554
2690,12065
2691,8752
2692,9057
2693,8223
2694,8585
2695,9714
2696,8616
2697,8717
2698,8742
2699,11450
2700,106716
2701,15065
2702,12672
2703,11107
2704,11074
2705,13137
2706,27780
2707,10307
2708,9683
2709,10197
2710,13138
2711,11626
2712,10018
2713,10087
2714,10138
2715,11540
2716,9561
2717,9583
2718,8369
2719,9512
2720,17697
2721,10309
2722,9552
2723,9222
2724,8608
2725,13076
2726,9032
2727,11796
2728,10301
2729,9813
2730,13235
2731,8884
2732,10740
2733,9602
2734,9302
2735,8990
2736,11124
2737,9469
2738,11248
2739,10814
2740,10838
2741,9223
2742,8517
2743,10005
2744,10048
2745,10655
2746,8749
2747,9915
2748,8299
2749,8752
2750,33216
2751,9046
2752,10105
2753,8996
2754,8495
2755,10829
2756,8912
2757,8660
2758,8362
2759,8459
2760,12793
2761,8517
2762,8108
2763,8555
2764,9256
2765,9807
2766,8954
2767,10269
2768,8776
2769,8267
2770,10225
2771,8910
2772,10511
2773,8207
2774,7899
2775,11837
2776,9483
2777,9764
2778,10405
2779,7865
2780,11535
2781,9238
2782,8564
2783,8087
2784,8557
2785,9249
2786,8946
2787,10162
2788,9701
2789,8782
2790,10291
2791,8214
2792,7700
2793,7929
2794,8282
2795,9209
2796,8674
2797,7806
2798,7703
2799,10038
2800,113673
2801,13891
2802,9957
2803,9357
2804,11399
2805,11176
2806,9389
2807,9312
2808,10125
2809,9079
2810,11562
2811,10400
2812,10719
2813,9280
2814,9715
2815,9897
2816,10323
2817,9206
2818,9446
2819,10037
2820,14964
2821,9836
2822,10318
2823,8524
2824,14311
2825,12834
2826,9187
2827,8694
2828,10497
2829,8568
2830,11349
2831,9257
2832,8828
2833,9183
2834,8484
2835,14040
2836,11505
2837,7732
2838,8498
2839,7913
2840,12735
2841,9005
2842,8631
2843,7672
2844,9335
2845,8554
2846,7659
2847,8367
2848,9313
2849,8057
2850,25525
2851,8093
2852,8946
2853,7890
2854,8979
2855,9223
2856,8710
2857,12277
2858,10007
2859,7720
2860,10866
2861,8310
2862,7398
2863,8008
2864,8024
2865,9601
2866,29275
2867,8161
2868,7778
2869,8052
2870,9171
2871,8412
2872,8342
2873,8045
2874,7814
2875,12616
2876,8219
2877,8715
2878,8699
2879,8148
2880,19780
2881,10022
2882,8703
2883,8337
2884,8072
2885,10792
2886,8539
2887,7772
2888,9791
2889,7962
2890,9997
2891,9199
2892,11263
2893,8744
2894,8520
2895,9105
2896,8288
2897,8091
2898,7934
2899,8730
2900,64740
2901,17482
2902,10338
2903,10551
2904,9256
2905,9999
2906,9224
2907,8525
2908,9256
2909,8586
2910,12145
2911,9759
2912,9895
2913,9005
2914,9583
2915,10285
2916,9228
2917,10297
2918,8848
2919,9043
2920,15630
2921,10163
2922,8393
2923,9300
2924,9222
2925,12447
2926,8342
2927,8088
2928,8504
2929,12230
2930,10843
2931,9345
2932,8009
2933,10576
2934,8372
2935,8511
2936,8385
2937,8250
2938,7284
2939,8097
2940,11113
2941,9697
2942,7802
2943,7985
2944,9971
2945,8649
2946,7763
2947,7952
2948,8442
2949,7933
2950,24862
2951,8182
2952,8201
2953,8023
2954,8470
2955,8697
2956,7967
2957,8310
2958,9179
2959,7454
2960,14174
2961,7656
2962,7515
2963,7743
2964,7749
2965,8089
2966,7860
2967,7766
2968,7591
2969,7925
2970,9517
2971,7852
2972,7233
2973,7846
2974,7082
2975,12091
2976,8492
2977,9554
2978,7230
2979,8303
2980,9785
2981,7332
2982,7588
2983,7504
2984,8251
2985,8700
2986,7236
2987,8179
2988,10214
2989,7866
2990,10622
2991,8538
2992,8409
2993,8326
2994,7554
2995,10793
2996,8504
2997,8423
2998,9206
2999,18047
3000,1027198
3001,65398
3002,59561
3003,91619
3004,49839
3005,34034
3006,27579
3007,20378
3008,27171
3009,14694
3010,24843
3011,14909
3012,15741
3013,11588
3014,13137
3015,14509
3016,12023
3017,10678
3018,12707
3019,10686
3020,22699
3021,11052
3022,9965
3023,9500
3024,14377
3025,14416
3026,9947
3027,8769
3028,9317
3029,8818
3030,25404
3031,11034
3032,9687
3033,10094
3034,8951
3035,11132
3036,10528
3037,8714
3038,9375
3039,8540
3040,19688
3041,8715
3042,19119
3043,8852
3044,9122
3045,10450
3046,9318
3047,9283
3048,16573
3049,8342
3050,34513
3051,9446
3052,10375
3053,9131
3054,10218
3055,15256
3056,10164
3057,9213
3058,8240
3059,8588
3060,34931
3061,8692
3062,8795
3063,7852
3064,8639
3065,9880
3066,9334
3067,8313
3068,9229
3069,7482
3070,32448
3071,8858
3072,19252
3073,8072
3074,8198
3075,10995
3076,8137
3077,12494
3078,8130
3079,8127
3080,47534
3081,9086
3082,9105
3083,7718
3084,26831
3085,8981
3086,7821
3087,7923
3088,8623
3089,8021
3090,31038
3091,8638
3092,8400
3093,7753
3094,7264
3095,8581
3096,10964
3097,7615
3098,7712
3099,10128
3100,78067
3101,16470
3102,12727
3103,10507
3104,10934
3105,17457
3106,9722
3107,9182
3108,9744
3109,15161
3110,15257
3111,12760
3112,10158
3113,9406
3114,12036
3115,11477
3116,9852
3117,8941
3118,8387
3119,7860
3120,20724
3121,11894
3122,10209
3123,8827
3124,9033
3125,50033
3126,10168
3127,8434
3128,16184
3129,8045
3130,14066
3131,11718
3132,9493
3133,10190
3134,26324
3135,12798
3136,9372
3137,9250
3138,8888
3139,7267
3140,10702
3141,9690
3142,9023
3143,8675
3144,9461
3145,9185
3146,26538
3147,8219
3148,8833
3149,8888
3150,26173
3151,8132
3152,8048
3153,7638
3154,7033
3155,9395
3156,9363
3157,11690
3158,9587
3159,9753
3160,11094
3161,10549
3162,10844
3163,9350
3164,10090
3165,9967
3166,21198
3167,7573
3168,10272
3169,7050
3170,9177
3171,10987
3172,9316
3173,8936
3174,8063
3175,11653
3176,9700
3177,8337
3178,6683
3179,6931
3180,10733
3181,7873
3182,8531
3183,9303
3184,8008
3185,10102
3186,8172
3187,9687
3188,8017
3189,7884
3190,8661
3191,7754
3192,7724
3193,9200
3194,9760
3195,8616
3196,8385
3197,8576
3198,7622
3199,8742
3200,142112
3201,20018
3202,10029
3203,9932
3204,12333
3205,11681
3206,8683
3207,9430
3208,9849
3209,8486
3210,14040
3211,10651
3212,9696
3213,8912
3214,9056
3215,11386
3216,12503
3217,8982
3218,8498
3219,9616
3220,13238
3221,9265
3222,8860
3223,8397
3224,8769
3225,11169
3226,8359
3227,8297
3228,8183
3229,7755
3230,10718
3231,8545
3232,13704
3233,10367
3234,7738
3235,11526
3236,25139
3237,7116
3238,7625
3239,7724
3240,12304
3241,8935
3242,9450
3243,7723
3244,7586
3245,8587
3246,7745
3247,7361
3248,7305
3249,7110
3250,25256
3251,7819
3252,7634
3253,7152
3254,7558
3255,9109
3256,7865
3257,7414
3258,7845
3259,7130
3260,10361
3261,8307
3262,7562
3263,7058
3264,12117
3265,7978
3266,6926
3267,7378
3268,7879
3269,7474
3270,11729
3271,6801
3272,7715
3273,6690
3274,7492
3275,9698
3276,7769
3277,7868
3278,7362
3279,7323
3280,10807
3281,7910
3282,8941
3283,6460
3284,7246
3285,8044
3286,7965
3287,6862
3288,7915
3289,6488
3290,9281
3291,6539
3292,6785
3293,6997
3294,6838
3295,7855
3296,7597
3297,6844
3298,6285
3299,8961
3300,130809
3301,14377
3302,11601
3303,12682
3304,9613
3305,10645
3306,34287
3307,12194
3308,8976
3309,10526
3310,20550
3311,10871
3312,9884
3313,9704
3314,8300
3315,13820
3316,7934
3317,7825
3318,7696
3319,7904
3320,13385
3321,10908
3322,10989
3323,7334
3324,8537
3325,11341
3326,7862
3327,7359
3328,10823
3329,9154
3330,13762
3331,8469
3332,7914
3333,106962
3334,12256
3335,9505
3336,7796
3337,8127
3338,7452
3339,10916
3340,11388
3341,7683
3342,8078
3343,8626
3344,9455
3345,8365
3346,7879
3347,7875
3348,7434
3349,7241
3350,24629
3351,7834
3352,7633
3353,7786
3354,9402
3355,8941
3356,8377
3357,7643
3358,7025
3359,7681
3360,11951
3361,7521
3362,7759
3363,7110
3364,7225
3365,9457
3366,9419
3367,7896
3368,7312
3369,6678
3370,8759
3371,7793
3372,11903
3373,7132
3374,6956
3375,11414
3376,8187
3377,7311
3378,7925
3379,7513
3380,9031
3381,7405
3382,8111
3383,6976
3384,7664
3385,7806
3386,8013
3387,6952
3388,7290
3389,30442
3390,34678
3391,6596
3392,7017
3393,6863
3394,7365
3395,6548
3396,7138
3397,7739
3398,6699
3399,9414
3400,72002
3401,12348
3402,10903
3403,8120
3404,11717
3405,9232
3406,9666
3407,8610
3408,8129
3409,7695
3410,9948
3411,8749
3412,9529
3413,7756
3414,7967
3415,8391
3416,7118
3417,7379
3418,7094
3419,7162
3420,12922
3421,8645
3422,7243
3423,7209
3424,8848
3425,9483
3426,6724
3427,7000
3428,6507
3429,7047
3430,8782
3431,7531
3432,7541
3433,7892
3434,8702
3435,8169
3436,7071
3437,6793
3438,6993
3439,6650
3440,12785
3441,7130
3442,7243
3443,7973
3444,8592
3445,7898
3446,6876
3447,6986
3448,7334
3449,6455
3450,24417
3451,7373
3452,8402
3453,9104
3454,7542
3455,10563
3456,15199
3457,7887
3458,7177
3459,7379
3460,8255
3461,7002
3462,6600
3463,7035
3464,6646
3465,7752
3466,7461
3467,7086
3468,7326
3469,6768
3470,9196
3471,6837
3472,7127
3473,6169
3474,6721
3475,10393
3476,7284
3477,6865
3478,8535
3479,7337
3480,10253
3481,7100
3482,6268
3483,6430
3484,6980
3485,7428
3486,6032
3487,5697
3488,7331
3489,6252
3490,8754
3491,6940
3492,6386
3493,6120
3494,6459
3495,8199
3496,6567
3497,6283
3498,6432
3499,26845
3500,272558
3501,12617
3502,8567
3503,7937
3504,8794
3505,9726
3506,8894
3507,7283
3508,8373
3509,7407
3510,10866
3511,8657
3512,8003
3513,6995
3514,7292
3515,9961
3516,8308
3517,7825
3518,6668
3519,7043
3520,15100
3521,9156
3522,7181
3523,7027
3524,6933
3525,12510
3526,6998
3527,7006
3528,10972
3529,6958
3530,8830
3531,7413
3532,6915
3533,6813
3534,6626
3535,10532
3536,7422
3537,7471
3538,7649
3539,6162
3540,11431
3541,7564
3542,7782
3543,7268
3544,7238
3545,8107
3546,7014
3547,6408
3548,7167
3549,7192
3550,23391
3551,7033
3552,7838
3553,11624
3554,6440
3555,9918
3556,7854
3557,6692
3558,14411
3559,6332
3560,11000
3561,7063
3562,6366
3563,6415
3564,6519
3565,7258
3566,7120
3567,7092
3568,7609
3569,6726
3570,9915
3571,7278
3572,8414
3573,6676
3574,6448
3575,9409
3576,7202
3577,6945
3578,7726
3579,7458
3580,8398
3581,6523
3582,7729
3583,7441
3584,10973
3585,8455
3586,6431
3587,5929
3588,9992
3589,6845
3590,9141
3591,6403
3592,6836
3593,6466
3594,6587
3595,6851
3596,6711
3597,6497
3598,6595
3599,9937
3600,164381
3601,10633
3602,8193
3603,7676
3604,8057
3605,8092
3606,7195
3607,6779
3608,9884
3609,6745
3610,11031
3611,8148
3612,7471
3613,6882
3614,7208
3615,8773
3616,7840
3617,6651
3618,6868
3619,7496
3620,10474
3621,8035
3622,6963
3623,6724
3624,8338
3625,9752
3626,7405
3627,6907
3628,6546
3629,7316
3630,10844
3631,7356
3632,7627
3633,7575
3634,6629
3635,7469
3636,9247
3637,7194
3638,6724
3639,7161
3640,9683
3641,7019
3642,6924
3643,6961
3644,6228
3645,7378
3646,6790
3647,7035
3648,9502
3649,6247
3650,24814
3651,7087
3652,7198
3653,6849
3654,7018
3655,8063
3656,6830
3657,6245
3658,7358
3659,6217
3660,10231
3661,7099
3662,6703
3663,7684
3664,6869
3665,7097
3666,7334
3667,7294
3668,6665
3669,5932
3670,8168
3671,6674
3672,6429
3673,6496
3674,7025
3675,9221
3676,7160
3677,6951
3678,7159
3679,6658
3680,10131
3681,6299
3682,6999
3683,6723
3684,7337
3685,6272
3686,6656
3687,6375
3688,6363
3689,6221
3690,7805
3691,8753
3692,6273
3693,6175
3694,6112
3695,6958
3696,6863
3697,6122
3698,6000
3699,6854
3700,59775
3701,10809
3702,16302
3703,6849
3704,7625
3705,7716
3706,6786
3707,7051
3708,7195
3709,6493
3710,9541
3711,8389
3712,7883
3713,25201
3714,6916
3715,7315
3716,7336
3717,6686
3718,6951
3719,6713
3720,12601
3721,7107
3722,6720
3723,6639
3724,7124
3725,8796
3726,6744
3727,6989
3728,6808
3729,7693
3730,12807
3731,7086
3732,7008
3733,8614
3734,6684
3735,7234
3736,5967
3737,7801
3738,6863
3739,6557
3740,7717
3741,6775
3742,6599
3743,8731
3744,7546
3745,8837
3746,9555
3747,6002
3748,7367
3749,6503
3750,31196
3751,6845
3752,6926
3753,5992
3754,6643
3755,8536
3756,6868
3757,6309
3758,6977
3759,6111
3760,9123
3761,6383
3762,6481
3763,5612
3764,6309
3765,6360
3766,8646
3767,8449
3768,6027
3769,5483
3770,12125
3771,8571
3772,8359
3773,6315
3774,7704
3775,29013
3776,9992
3777,9317
3778,6735
3779,8352
3780,11209
3781,7301
3782,8647
3783,7688
3784,8286
3785,8497
3786,6216
3787,7543
3788,6222
3789,8375
3790,8313
3791,7323
3792,6220
3793,5952
3794,5863
3795,8614
3796,5912
3797,6728
3798,5899
3799,9052
3800,72530
3801,10409
3802,7501
3803,7229
3804,8822
3805,8001
3806,6812
3807,6328
3808,8096
3809,7293
3810,11303
3811,6819
3812,7421
3813,5909
3814,7090
3815,6945
3816,6883
3817,5884
3818,6231
3819,5739
3820,11598
3821,7362
3822,6421
3823,6011
3824,7642
3825,8519
3826,6146
3827,7159
3828,6741
3829,6045
3830,9225
3831,6625
3832,6367
3833,7446
3834,6722
3835,7258
3836,5962
3837,6264
3838,7698
3839,5920
3840,34354
3841,6522
3842,6924
3843,6157
3844,7074
3845,7185
3846,6000
3847,7096
3848,7015
3849,6036
3850,20604
3851,6228
3852,5929
3853,7072
3854,5559
3855,7244
3856,6157
3857,8294
3858,6135
3859,6528
3860,7601
3861,6689
3862,6550
3863,5890
3864,7192
3865,7001
3866,6211
3867,5825
3868,6353
3869,5788
3870,9022
3871,5845
3872,8075
3873,5226
3874,5582
3875,8949
3876,6543
3877,5889
3878,6160
3879,5310
3880,9529
3881,6071
3882,6413
3883,7862
3884,5847
3885,6536
3886,5937
3887,5918
3888,9729
3889,6079
3890,6857
3891,6536
3892,7258
3893,5840
3894,6788
3895,6485
3896,5800
3897,6334
3898,5695
3899,6714
3900,49623
3901,9178
3902,7178
3903,7662
3904,7717
3905,7322
3906,8944
3907,6464
3908,6959
3909,7329
3910,7638
3911,7034
3912,6910
3913,6551
3914,8795
3915,7513
3916,7045
3917,6337
3918,6395
3919,6344
3920,11480
3921,6600
3922,6834
3923,6010
3924,6631
3925,8468
3926,6562
3927,7525
3928,7230
3929,7848
3930,7953
3931,6336
3932,6183
3933,6039
3934,9419
3935,6096
3936,6370
3937,7675
3938,6080
3939,7970
3940,9365
3941,5888
3942,6398
3943,6182
3944,6268
3945,9500
3946,5991
3947,6187
3948,6219
3949,6474
3950,17249
3951,5874
3952,6479
3953,7042
3954,5719
3955,6179
3956,6181
3957,5423
3958,5872
3959,7198
3960,8186
3961,5478
3962,6857
3963,5650
3964,5585
3965,6298
3966,5599
3967,6076
3968,6613
3969,7111
3970,7608
3971,5875
3972,6231
3973,5543
3974,5659
3975,7912
3976,5873
3977,6361
3978,6494
3979,6217
3980,7228
3981,6021
3982,6925
3983,5555
3984,7434
3985,6450
3986,7587
3987,6788
3988,6478
3989,6278
3990,8167
3991,6202
3992,6306
3993,6007
3994,6728
3995,8034
3996,6586
3997,6601
3998,6832
3999,13057
4000,666005
4001,28176
4002,29881
4003,40120
4004,53809
4005,58681
4006,51636
4007,47452
4008,48306
4009,35299
4010,34693
4011,28814
4012,21788
4013,21112
4014,19607
4015,14921
4016,17511
4017,14323
4018,9887
4019,9577
4020,17424
4021,11726
4022,9865
4023,9285
4024,9600
4025,10164
4026,7895
4027,7619
4028,9049
4029,7115
4030,11877
4031,8473
4032,12266
4033,37572
4034,8013
4035,8169
4036,6473
4037,6908
4038,7311
4039,7072
4040,15650
4041,7786
4042,6757
4043,7554
4044,7570
4045,8553
4046,6705
4047,7259
4048,9214
4049,9252
4050,22068
4051,9314
4052,7449
4053,6964
4054,6829
4055,7660
4056,7082
4057,7220
4058,6208
4059,6105
4060,11784
4061,7560
4062,7121
4063,6070
4064,10077
4065,7292
4066,6696
4067,8070
4068,6467
4069,6904
4070,9651
4071,6370
4072,7447
4073,6273
4074,6724
4075,8471
4076,5948
4077,6743
4078,5994
4079,5781
4080,15949
4081,6904
4082,6188
4083,6392
4084,6182
4085,7169
4086,6319
4087,5948
4088,7461
4089,6020
4090,12770
4091,6495
4092,9583
4093,6185
4094,8287
4095,20078
4096,117032
4097,7716
4098,6626
4099,8416
4100,52620
4101,11553
4102,10213
4103,14322
4104,8734
4105,9415
4106,7214
4107,6768
4108,7491
4109,6902
4110,9778
4111,9217
4112,8255
4113,6874
4114,7370
4115,7484
4116,8122
4117,6521
4118,6710
4119,6800
4120,10154
4121,8464
4122,8839
4123,7445
4124,6691
4125,12377
4126,6480
4127,7024
4128,7497
4129,6550
4130,31062
4131,6816
4132,6426
4133,6723
4134,6957
4135,41475
4136,6221
4137,6310
4138,6041
4139,5650
4140,35186
4141,9444
4142,11513
4143,6438
4144,6447
4145,12362
4146,6206
4147,6669
4148,5784
4149,6321
4150,19980
4151,7712
4152,7146
4153,9042
4154,5677
4155,7685
4156,6722
4157,6385
4158,5829
4159,6320
4160,12070
4161,8189
4162,6027
4163,9072
4164,5851
4165,9828
4166,6713
4167,9774
4168,5944
4169,6065
4170,7354
4171,9712
4172,7531
4173,6252
4174,5617
4175,7646
4176,5827
4177,5936
4178,5843
4179,6029
4180,8081
4181,6484
4182,5844
4183,6445
4184,6631
4185,6140
4186,5982
4187,6034
4188,6182
4189,5629
4190,6930
4191,6252
4192,5878
4193,5643
4194,5804
4195,6034
4196,6096
4197,5367
4198,5870
4199,6461
4200,76442
4201,9671
4202,8588
4203,7346
4204,6926
4205,10546
4206,6539
4207,7330
4208,8182
4209,6616
4210,10010
4211,8679
4212,8314
4213,7357
4214,7518
4215,8284
4216,7801
4217,11333
4218,6395
4219,6728
4220,8705
4221,7828
4222,8285
4223,6246
4224,8994
4225,9098
4226,6640
4227,8042
4228,6525
4229,6131
4230,10105
4231,8873
4232,6820
4233,6876
4234,6071
4235,6320
4236,20456
4237,6033
4238,6390
4239,5734
4240,10077
4241,6594
4242,9659
4243,6123
4244,7313
4245,6481
4246,6048
4247,6108
4248,7537
4249,5665
4250,22154
4251,6673
4252,6166
4253,6011
4254,6035
4255,6922
4256,6074
4257,5976
4258,6381
4259,5614
4260,7460
4261,6042
4262,6304
4263,6387
4264,5856
4265,8585
4266,6417
4267,6545
4268,5695
4269,6897
4270,6586
4271,14017
4272,7281
4273,6803
4274,5873
4275,7841
4276,6258
4277,5547
4278,6260
4279,5541
4280,7282
4281,6374
4282,5751
4283,5541
4284,5566
4285,6510
4286,10029
4287,6772
4288,7889
4289,5586
4290,6502
4291,5818
4292,5863
4293,5752
4294,5814
4295,6241
4296,5823
4297,5424
4298,5331
4299,5909
4300,51343
4301,17328
4302,7643
4303,7380
4304,7235
4305,8566
4306,8648
4307,8207
4308,6737
4309,6454
4310,9364
4311,8137
4312,7655
4313,5971
4314,7015
4315,6956
4316,5914
4317,6194
4318,6763
4319,6647
4320,12816
4321,12709
4322,7266
4323,6126
4324,7388
4325,7877
4326,15443
4327,5648
4328,6125
4329,5762
4330,8647
4331,11659
4332,7519
4333,7938
4334,6119
4335,6882
4336,5990
4337,5910
4338,6122
4339,5500
4340,17177
4341,6110
4342,24183
4343,8201
4344,6360
4345,6704
4346,6189
4347,5968
4348,5548
4349,6011
4350,19701
4351,6531
4352,7527
4353,6059
4354,5757
4355,6983
4356,7063
4357,10061
4358,5547
4359,5486
4360,9837
4361,6188
4362,5929
4363,5935
4364,5691
4365,6402
4366,5362
4367,5614
4368,6454
4369,6027
4370,6954
4371,5551
4372,6322
4373,6129
4374,5457
4375,23317
4376,5620
4377,5827
4378,5577
4379,5373
4380,9623
4381,5981
4382,5652
4383,5302
4384,6924
4385,5612
4386,5845
4387,5594
4388,6155
4389,5764
4390,5803
4391,5345
4392,5615
4393,5263
4394,6094
4395,6326
4396,5252
4397,5113
4398,5709
4399,6735
4400,56126
4401,12757
4402,6910
4403,6286
4404,10333
4405,8076
4406,7078
4407,6298
4408,6491
4409,6257
4410,9294
4411,7877
4412,7522
4413,5924
4414,6229
4415,6820
4416,7250
4417,5763
4418,6837
4419,7009
4420,8315
4421,6941
4422,7802
4423,6980
4424,6699
4425,7451
4426,5839
4427,5889
4428,6079
4429,6181
4430,8884
4431,5835
4432,6718
4433,6630
4434,5893
4435,7403
4436,6202
4437,5561
4438,6646
4439,5806
4440,8919
4441,6426
4442,5842
4443,6835
4444,22223
4445,8472
4446,5687
4447,5780
4448,7721
4449,8627
4450,16210
4451,5956
4452,7358
4453,6272
4454,5389
4455,7807
4456,5589
4457,5519
4458,5934
4459,5308
4460,7543
4461,5637
4462,7278
4463,5168
4464,6252
4465,6251
4466,5974
4467,5711
4468,6869
4469,5074
4470,6954
4471,6185
4472,7045
4473,10003
4474,5797
4475,9221
4476,6757
4477,6782
4478,5558
4479,5056
4480,7534
4481,5579
4482,5420
4483,5509
4484,5611
4485,6519
4486,5373
4487,23378
4488,6583
4489,5321
4490,6407
4491,5424
4492,5442
4493,5220
4494,5143
4495,6113
4496,5846
4497,4945
4498,5061
4499,6897
4500,154814
4501,9994
4502,8000
4503,8514
4504,6657
4505,8282
4506,9891
4507,6211
4508,5930
4509,6854
4510,9934
4511,8360
4512,11947
4513,5919
4514,6268
4515,7509
4516,6534
4517,5487
4518,5386
4519,5498
4520,10358
4521,6863
4522,6283
4523,5843
4524,7185
4525,8464
4526,5727
4527,5328
4528,5807
4529,5953
4530,8521
4531,5718
4532,6194
4533,5831
4534,5347
4535,6778
4536,6629
4537,6281
4538,5484
4539,6710
4540,6829
4541,8813
4542,6030
4543,5358
4544,6133
4545,9078
4546,5323
4547,5948
4548,5673
4549,5233
4550,17758
4551,6125
4552,6065
4553,5445
4554,5729
4555,7471
4556,6680
4557,6462
4558,6400
4559,5442
4560,7949
4561,5739
4562,6888
4563,6077
4564,5521
4565,6688
4566,6165
4567,12062
4568,5866
4569,5737
4570,7546
4571,7333
4572,6596
4573,5365
4574,4876
4575,7639
4576,5693
4577,8467
4578,5279
4579,5365
4580,6822
4581,5469
4582,5244
4583,5887
4584,5100
4585,5367
4586,5120
4587,5369
4588,5320
4589,4867
4590,7792
4591,4882
4592,5763
4593,4941
4594,5110
4595,5809
4596,5397
4597,4976
4598,5297
4599,5885
4600,49943
4601,7957
4602,6931
4603,5936
4604,6289
4605,7043
4606,6276
4607,5620
4608,8437
4609,5875
4610,8682
4611,6256
4612,7255
4613,5931
4614,6251
4615,6817
4616,5817
4617,5473
4618,5378
4619,5401
4620,8898
4621,5756
4622,6162
4623,5393
4624,6677
4625,8751
4626,5954
4627,5582
4628,5931
4629,5002
4630,7922
4631,5636
4632,6334
4633,5579
4634,5828
4635,6025
4636,8037
4637,5642
4638,5491
4639,6419
4640,8308
4641,5882
4642,5674
4643,6605
4644,6335
4645,5929
4646,6932
4647,6521
4648,6356
4649,5168
4650,17818
4651,5650
4652,5444
4653,6531
4654,5645
4655,6585
4656,5979
4657,5159
4658,5425
4659,4980
4660,6797
4661,5363
4662,5338
4663,5853
4664,5776
4665,5509
4666,6224
4667,6677
4668,6371
4669,5100
4670,8101
4671,5792
4672,5637
4673,7626
4674,5225
4675,6742
4676,5349
4677,5238
4678,5669
4679,4951
4680,10235
4681,5484
4682,5046
4683,4756
4684,5896
4685,5340
4686,5685
4687,5423
4688,6991
4689,4932
4690,6708
4691,4889
4692,5421
4693,4757
4694,5080
4695,5639
4696,5633
4697,4998
4698,5167
4699,5858
4700,45706
4701,7624
4702,6173
4703,5957
4704,6904
4705,6106
4706,5672
4707,5590
4708,6818
4709,5333
4710,8099
4711,9050
4712,6267
4713,5639
4714,5441
4715,6432
4716,5685
4717,6133
4718,5365
4719,5281
4720,7995
4721,5654
4722,6090
4723,5720
4724,5856
4725,7744
4726,5412
4727,5502
4728,5461
4729,5543
4730,7401
4731,5418
4732,7076
4733,5473
4734,5410
4735,6100
4736,6325
4737,5511
4738,5542
4739,5431
4740,7209
4741,5645
4742,5358
4743,4919
4744,5449
4745,5665
4746,5372
4747,6710
4748,5077
4749,5237
4750,18936
4751,5926
4752,5925
4753,4944
4754,5414
4755,6313
4756,5204
4757,6352
4758,5340
4759,5000
4760,7823
4761,5977
4762,6149
4763,5972
4764,4821
4765,5715
4766,6020
4767,4666
4768,6058
4769,5356
4770,10423
4771,5879
4772,7062
4773,5013
4774,5349
4775,6271
4776,9001
4777,5881
4778,4748
4779,4932
4780,14483
4781,5151
4782,5135
4783,4867
4784,5371
4785,5156
4786,5471
4787,5279
4788,5590
4789,5390
4790,7259
4791,4949
4792,5359
4793,4836
4794,4693
4795,5245
4796,5262
4797,5722
4798,5312
4799,5692
4800,72922
4801,8103
4802,6017
4803,5548
4804,5586
4805,7134
4806,5334
4807,5567
4808,5586
4809,16051
4810,9132
4811,6005
4812,5943
4813,5088
4814,5222
4815,6013
4816,6155
4817,6148
4818,5217
4819,7561
4820,7532
4821,5455
4822,6301
4823,4969
4824,11836
4825,10295
4826,5620
4827,6089
4828,5494
4829,4998
4830,7211
4831,5550
4832,6074
4833,7254
4834,4996
4835,6035
4836,5266
4837,4531
4838,5539
4839,5042
4840,7795
4841,5780
4842,4884
4843,5718
4844,5881
4845,9781
4846,4631
4847,5052
4848,6754
4849,5260
4850,17394
4851,5490
4852,24535
4853,6150
4854,4692
4855,6356
4856,6731
4857,4802
4858,5311
4859,5032
4860,7841
4861,5341
4862,4985
4863,5598
4864,5805
4865,5486
4866,4616
4867,5102
4868,7561
4869,5335
4870,9799
4871,5392
4872,5987
4873,4878
4874,4744
4875,7873
4876,5771
4877,5531
4878,5862
4879,5114
4880,7043
4881,5044
4882,6753
4883,5273
4884,5312
4885,5382
4886,4833
4887,4840
4888,5917
4889,5164
4890,6960
4891,4662
4892,5069
4893,4469
4894,4720
4895,5812
4896,7083
4897,4897
4898,4941
4899,5688
4900,37438
4901,7850
4902,5838
4903,5561
4904,5214
4905,6204
4906,5019
4907,5790
4908,5292
4909,5827
4910,7208
4911,5967
4912,5707
4913,5599
4914,6094
4915,24464
4916,5724
4917,5115
4918,5444
4919,5182
4920,7840
4921,5276
4922,8406
4923,5595
4924,5281
4925,6971
4926,5903
4927,5394
4928,6212
4929,5424
4930,6687
4931,5706
4932,9204
4933,5153
4934,5312
4935,5477
4936,5393
4937,5358
4938,5448
4939,5778
4940,6645
4941,5781
4942,5274
4943,5228
4944,5898
4945,7415
4946,5036
4947,5204
4948,5571
4949,6164
4950,15719
4951,5418
4952,28081
4953,5376
4954,4954
4955,5656
4956,5567
4957,7810
4958,5471
4959,5224
4960,6982
4961,5671
4962,4596
4963,4786
4964,5076
4965,5835
4966,4954
4967,5160
4968,5530
4969,5217
4970,6141
4971,23365
4972,5331
4973,4750
4974,5085
4975,7727
4976,5519
4977,5568
4978,5504
4979,4784
4980,7942
4981,4882
4982,5390
4983,5273
4984,5726
4985,5707
4986,6043
4987,4955
4988,5414
4989,5451
4990,7109
4991,5421
4992,5912
4993,5606
4994,5101
4995,7155
4996,6177
4997,6223
4998,5867
4999,16208
5000,1066092
5001,27213
5002,13761
5003,10882
5004,10628
5005,22326
5006,9963
5007,12554
5008,15949
5009,11577
5010,19101
5011,12588
5012,10678
5013,8826
5014,9297
5015,11621
5016,8366
5017,7793
5018,8082
5019,7299
5020,12177
5021,6869
5022,7093
5023,5922
5024,6512
5025,8336
5026,5342
5027,5831
5028,5565
5029,6206
5030,10926
5031,5992
5032,6484
5033,6383
5034,5513
5035,6283
5036,5704
5037,5372
5038,5681
5039,5936
5040,13205
5041,5480
5042,5423
5043,5490
5044,6164
5045,6637
5046,5456
5047,5111
5048,9315
5049,5017
5050,36764
5051,6603
5052,37597
5053,5980
5054,6414
5055,8185
5056,8271
5057,6475
5058,4942
5059,5814
5060,11581
5061,8751
5062,6631
5063,5999
5064,5303
5065,6827
5066,7069
5067,6107
5068,5230
5069,4986
5070,8552
5071,5133
5072,5300
5073,5360
5074,4917
5075,8216
5076,5056
5077,4722
5078,5250
5079,5288
5080,9116
5081,5231
5082,6035
5083,25207
5084,5355
5085,6318
5086,9726
5087,4919
5088,14925
5089,5070
5090,6608
5091,5820
5092,5462
5093,4670
5094,5544
5095,5248
5096,5122
5097,4658
5098,4801
5099,5385
5100,50584
5101,9885
5102,6982
5103,6326
5104,6517
5105,17554
5106,5353
5107,5596
5108,5899
5109,5204
5110,12488
5111,6747
5112,6143
5113,5586
5114,7255
5115,6382
5116,5474
5117,5761
5118,5493
5119,5423
5120,16891
5121,7018
5122,6108
5123,6261
5124,5591
5125,8020
5126,5340
5127,4847
5128,5461
5129,4508
5130,7930
5131,5795
5132,5045
5133,5301
5134,5160
5135,6199
5136,4686
5137,4916
5138,4655
5139,4555
5140,7771
5141,5220
5142,4719
5143,4885
5144,5243
5145,5462
5146,5177
5147,4548
5148,4897
5149,5390
5150,24449
5151,6733
5152,5993
5153,5629
5154,5205
5155,5758
5156,5167
5157,5083
5158,4650
5159,4710
5160,11193
5161,5130
5162,5340
5163,5070
5164,5225
5165,5643
5166,5056
5167,5953
5168,4883
5169,4626
5170,6453
5171,4603
5172,5783
5173,4354
5174,4603
5175,6458
5176,13993
5177,4367
5178,4226
5179,4526
5180,8815
5181,4408
5182,6979
5183,4626
5184,5976
5185,6294
5186,4234
5187,4713
5188,5041
5189,4365
5190,5620
5191,4995
5192,4713
5193,4921
5194,31137
5195,5827
5196,5150
5197,4485
5198,5041
5199,5338
5200,65116
5201,8394
5202,7101
5203,6091
5204,7635
5205,6771
5206,5733
5207,6419
5208,6839
5209,5168
5210,8335
5211,6647
5212,5530
5213,5287
5214,5213
5215,5882
5216,6204
5217,8194
5218,5104
5219,5192
5220,11665
5221,6346
5222,6654
5223,5455
5224,5244
5225,8603
5226,5195
5227,5097
5228,5529
5229,4770
5230,7951
5231,4867
5232,5076
5233,6257
5234,4925
5235,5633
5236,5167
5237,4569
5238,4818
5239,5915
5240,6761
5241,4892
5242,4584
5243,5442
5244,4955
5245,5289
5246,4783
5247,4694
5248,4955
5249,4523
5250,19707
5251,6256
5252,6222
5253,5659
5254,5028
5255,7196
5256,4837
5257,4850
5258,4730
5259,4251
5260,10238
5261,4723
5262,4634
5263,5033
5264,4528
5265,4336
5266,5193
5267,4988
5268,4860
5269,4941
5270,6220
5271,4556
5272,4691
5273,4522
5274,4209
5275,5996
5276,4156
5277,4359
5278,5048
5279,3987
5280,14119
5281,10629
5282,4568
5283,4757
5284,4493
5285,5330
5286,4137
5287,4393
5288,4934
5289,4355
5290,5373
5291,4471
5292,4739
5293,4398
5294,4043
5295,4826
5296,4734
5297,4222
5298,4144
5299,4803
5300,44634
5301,7882
5302,5596
5303,5643
5304,6327
5305,6789
5306,5875
5307,5510
5308,5320
5309,6148
5310,10052
5311,5675
5312,6099
5313,5423
5314,5021
5315,5770
5316,5160
5317,5107
5318,4676
5319,4593
5320,7724
5321,6010
5322,5856
5323,5075
5324,5086
5325,7747
5326,4716
5327,4679
5328,5217
5329,5302
5330,6708
5331,5093
5332,4814
5333,6822
5334,5678
5335,5722
5336,4587
5337,4434
5338,4452
5339,4505
5340,6639
5341,4762
5342,4742
5343,5036
5344,4908
5345,5447
5346,4723
5347,4964
5348,4424
5349,5433
5350,12741
5351,5071
5352,4828
5353,6280
5354,4817
5355,6014
5356,5282
5357,4710
5358,5882
5359,4374
5360,5822
5361,4356
5362,4678
5363,4499
5364,4495
5365,4721
5366,4540
5367,4266
5368,4374
5369,3989
5370,5900
5371,4992
5372,4140
5373,4508
5374,4493
5375,6337
5376,5030
5377,4935
5378,4283
5379,4116
5380,7074
5381,5396
5382,4238
5383,4308
5384,4391
5385,4558
5386,4679
5387,4144
5388,4305
5389,4200
5390,5158
5391,4352
5392,4153
5393,4282
5394,3954
5395,5437
5396,4614
5397,3986
5398,4237
5399,4415
5400,51089
5401,7687
5402,6074
5403,5422
5404,5179
5405,6534
5406,5340
5407,4992
5408,5213
5409,4549
5410,6120
5411,6149
5412,5923
5413,4834
5414,4802
5415,7065
5416,4836
5417,4716
5418,4774
5419,4316
5420,6748
5421,4738
5422,5359
5423,4873
5424,6095
5425,6347
5426,4159
5427,4493
5428,4565
5429,4431
5430,6551
5431,4485
5432,22493
5433,6136
5434,4863
5435,5180
5436,4279
5437,5339
5438,4467
5439,5485
5440,6141
5441,4649
5442,4826
5443,5088
5444,5051
5445,5463
5446,4763
5447,4579
5448,5749
5449,4303
5450,15202
5451,4810
5452,4601
5453,5030
5454,7414
5455,5762
5456,5340
5457,4240
5458,4398
5459,4277
5460,5928
5461,5755
5462,4272
5463,5185
5464,4657
5465,5430
5466,4493
5467,4564
5468,4549
5469,4851
5470,5429
5471,5769
5472,8794
5473,4191
5474,5378
5475,6167
5476,4354
5477,5787
5478,4625
5479,4672
5480,6241
5481,4841
5482,4675
5483,4132
5484,4081
5485,4522
5486,4420
5487,3892
5488,5179
5489,4183
5490,5706
5491,4784
5492,4204
5493,5223
5494,4343
5495,5698
5496,4053
5497,3835
5498,5406
5499,5092
5500,107854
5501,8339
5502,5327
5503,5121
5504,5274
5505,7524
5506,5662
5507,5364
5508,5664
5509,5085
5510,9022
5511,6385
5512,7095
5513,6667
5514,4837
5515,7710
5516,4977
5517,5554
5518,4986
5519,4373
5520,10301
5521,5821
5522,5115
5523,5670
5524,6106
5525,7241
5526,6724
5527,4637
5528,4722
5529,4361
5530,7708
5531,5372
5532,5044
5533,4993
5534,4865
5535,6779
5536,5598
5537,5024
5538,22796
5539,4782
5540,6580
5541,5069
5542,4980
5543,4567
5544,5412
5545,6694
5546,4793
5547,5054
5548,5128
5549,4047
5550,16109
5551,5859
5552,5549
5553,4624
5554,5054
5555,21493
5556,7659
5557,5600
5558,5906
5559,5101
5560,5974
5561,4458
5562,4382
5563,4828
5564,4595
5565,5733
5566,5635
5567,4992
5568,5335
5569,5209
5570,6359
5571,4824
5572,4543
5573,4332
5574,4189
5575,6884
5576,4506
5577,5646
5578,4809
5579,4540
5580,7325
5581,4378
5582,4793
5583,5647
5584,5108
5585,5213
5586,4323
5587,4842
5588,5706
5589,4302
5590,6064
5591,4675
5592,4249
5593,4443
5594,4044
5595,4851
5596,6051
5597,4250
5598,4609
5599,4993
5600,54227
5601,9357
5602,5440
5603,5403
5604,4830
5605,5614
5606,5354
5607,4862
5608,4935
5609,5147
5610,8554
5611,5612
5612,5075
5613,4630
5614,4304
5615,5090
5616,4958
5617,4395
5618,4321
5619,4304
5620,7475
5621,4858
5622,5349
5623,5025
5624,4936
5625,60230
5626,4634
5627,4891
5628,4650
5629,4606
5630,6905
5631,4718
5632,5218
5633,4380
5634,5142
5635,5767
5636,4382
5637,5732
5638,4341
5639,4679
5640,6157
5641,4764
5642,4308
5643,4473
5644,4706
5645,4957
5646,5071
5647,4405
5648,4426
5649,4234
5650,12519
5651,4353
5652,4686
5653,4399
5654,4548
5655,5652
5656,5667
5657,4519
5658,4193
5659,4197
5660,6328
5661,4629
5662,4744
5663,4426
5664,4824
5665,5593
5666,4989
5667,5240
5668,4834
5669,4247
5670,7039
5671,5339
5672,7906
5673,4102
5674,4779
5675,6344
5676,4991
5677,4531
5678,19220
5679,4206
5680,5618
5681,4483
5682,4522
5683,4626
5684,4948
5685,4619
5686,4092
5687,4484
5688,4577
5689,4289
5690,4891
5691,5141
5692,4222
5693,3831
5694,4490
5695,4903
5696,4518
5697,3922
5698,4539
5699,4625
5700,49939
5701,7730
5702,5272
5703,5331
5704,4801
5705,4907
5706,4290
5707,5020
5708,24833
5709,4706
5710,5811
5711,7431
5712,6256
5713,4624
5714,5278
5715,7140
5716,4138
5717,4700
5718,4746
5719,4703
5720,6036
5721,4774
5722,4589
5723,4295
5724,4240
5725,6157
5726,4135
5727,4585
5728,5515
5729,4075
5730,8992
5731,5355
5732,4531
5733,5056
5734,5416
5735,5323
5736,4571
5737,5486
5738,4517
5739,5512
5740,6205
5741,5300
5742,5055
5743,4546
5744,4865
5745,9022
5746,5728
5747,5017
5748,5498
5749,4454
5750,16109
5751,5316
5752,4644
5753,4717
5754,12298
5755,5511
5756,6227
5757,5063
5758,4402
5759,4522
5760,9588
5761,4299
5762,4531
5763,4225
5764,4171
5765,6453
5766,4306
5767,4592
5768,5135
5769,4544
5770,8260
5771,4650
5772,6099
5773,4664
5774,5632
5775,7506
5776,5327
5777,6188
5778,6304
5779,5079
5780,9891
5781,5396
5782,5166
5783,4121
5784,4249
5785,6444
5786,4547
5787,4062
5788,4518
5789,5026
5790,4774
5791,4327
5792,5747
5793,5404
5794,3830
5795,4550
5796,4264
5797,4316
5798,3890
5799,4875
5800,44938
5801,6990
5802,4907
5803,4356
5804,4410
5805,6466
5806,4367
5807,4476
5808,4776
5809,4120
5810,6464
5811,4794
5812,6525
5813,4206
5814,4603
5815,5095
5816,4259
5817,4204
5818,4222
5819,4647
5820,6015
5821,4597
5822,4780
5823,4542
5824,4385
5825,7557
5826,4057
5827,4109
5828,4195
5829,4487
5830,5756
5831,4210
5832,5050
5833,6679
5834,5502
5835,4957
5836,4926
5837,4272
5838,4088
5839,4497
5840,6904
5841,4342
5842,4267
5843,4031
5844,4349
5845,4860
5846,4652
5847,4145
5848,4080
5849,4586
5850,14730
5851,4376
5852,4526
5853,4078
5854,4130
5855,5485
5856,4707
5857,3929
5858,5180
5859,4922
5860,4956
5861,4416
5862,4405
5863,3734
5864,4232
5865,4819
5866,3901
5867,4694
5868,4362
5869,5276
5870,10353
5871,4132
5872,4262
5873,3906
5874,4167
5875,7832
5876,4405
5877,4391
5878,4009
5879,4140
5880,6065
5881,5614
5882,4170
5883,4170
5884,4613
5885,4522
5886,4337
5887,4736
5888,6895
5889,3934
5890,5447
5891,4140
5892,4404
5893,3602
5894,3996
5895,4797
5896,3986
5897,4610
5898,4127
5899,4319
5900,29873
5901,6587
5902,4780
5903,4783
5904,4914
5905,5569
5906,5134
5907,4538
5908,4904
5909,4322
5910,7050
5911,5016
5912,4457
5913,4717
5914,4163
5915,4604
5916,4233
5917,4194
5918,4210
5919,4121
5920,5993
5921,4227
5922,5326
5923,4987
5924,4901
5925,5847
5926,4065
5927,4376
5928,4375
5929,4050
5930,6686
5931,4246
5932,5246
5933,4142
5934,3996
5935,4840
5936,4160
5937,4216
5938,4326
5939,3708
5940,5414
5941,3972
5942,3991
5943,3576
5944,4562
5945,6217
5946,5137
5947,5392
5948,4467
5949,4694
5950,13154
5951,5050
5952,5731
5953,6051
5954,4376
5955,5062
5956,4702
5957,4700
5958,4500
5959,5916
5960,6255
5961,4480
5962,5227
5963,5304
5964,4486
5965,4974
5966,4458
5967,4464
5968,4683
5969,4349
5970,7562
5971,4438
5972,4789
5973,5412
5974,4609
5975,6266
5976,4978
5977,4596
5978,4632
5979,4899
5980,6042
5981,5052
5982,4663
5983,4680
5984,6591
5985,6348
5986,5340
5987,5411
5988,5292
5989,4833
5990,8232
5991,5245
5992,4711
5993,4986
5994,4804
5995,6298
5996,4934
5997,4638
5998,5338
5999,9376
6000,401253
6001,103234
6002,55339
6003,35577
6004,27980
6005,19896
6006,16697
6007,12568
6008,11911
6009,10196
6010,15263
6011,12157
6012,11522
6013,9989
6014,8146
6015,10107
6016,9180
6017,7650
6018,7927
6019,7612
6020,13427
6021,8622
6022,8011
6023,5278
6024,7858
6025,7410
6026,7363
6027,5287
6028,7014
6029,5166
6030,11692
6031,4802
6032,7010
6033,5679
6034,4854
6035,5883
6036,5577
6037,4309
6038,5136
6039,4448
6040,11104
6041,5685
6042,5015
6043,4224
6044,4942
6045,6152
6046,4189
6047,3865
6048,5990
6049,4822
6050,14014
6051,5092
6052,5131
6053,4257
6054,4376
6055,7367
6056,6108
6057,7103
6058,4952
6059,4247
6060,16030
6061,81925
6062,5605
6063,30103
6064,5334
6065,6114
6066,5761
6067,4653
6068,5424
6069,5005
6070,6766
6071,4476
6072,7162
6073,4792
6074,4304
6075,6368
6076,5159
6077,4171
6078,4141
6079,4647
6080,8314
6081,4853
6082,13798
6083,4989
6084,7441
6085,6288
6086,4798
6087,4309
6088,5096
6089,4504
6090,7076
6091,4375
6092,4596
6093,4157
6094,4887
6095,4588
6096,7714
6097,4177
6098,4108
6099,4751
6100,39307
6101,8553
6102,6763
6103,8897
6104,5575
6105,7802
6106,6037
6107,5411
6108,5554
6109,5369
6110,8354
6111,7452
6112,5889
6113,4580
6114,4914
6115,5576
6116,5120
6117,6760
6118,5149
6119,4881
6120,10215
6121,14876
6122,5174
6123,5893
6124,4661
6125,6911
6126,4643
6127,4287
6128,6733
6129,4471
6130,6532
6131,5131
6132,4796
6133,4689
6134,4307
6135,4669
6136,4383
6137,4036
6138,4980
6139,4791
6140,5813
6141,4657
6142,4401
6143,4791
6144,10373
6145,4938
6146,4314
6147,4677
6148,4515
6149,3984
6150,16146
6151,5118
6152,5121
6153,4320
6154,4650
6155,5107
6156,5130
6157,4476
6158,3842
6159,3867
6160,7292
6161,5355
6162,5069
6163,4820
6164,5054
6165,5110
6166,5922
6167,23158
6168,4342
6169,4093
6170,4919
6171,4537
6172,4235
6173,4334
6174,4515
6175,5104
6176,4466
6177,4423
6178,3862
6179,3737
6180,6038
6181,4532
6182,3928
6183,3778
6184,3766
6185,4284
6186,3837
6187,3789
6188,4371
6189,4596
6190,5746
6191,5523
6192,4170
6193,3785
6194,3927
6195,4340
6196,4396
6197,3579
6198,3907
6199,5454
6200,46541
6201,15741
6202,14436
6203,20591
6204,15044
6205,13951
6206,11868
6207,10062
6208,10831
6209,8862
6210,12666
6211,10295
6212,9150
6213,8537
6214,7436
6215,8919
6216,8347
6217,7358
6218,6959
6219,6507
6220,10486
6221,8215
6222,7167
6223,4495
6224,6168
6225,5797
6226,6727
6227,4411
6228,5497
6229,23114
6230,8113
6231,4903
6232,5364
6233,4837
6234,5191
6235,5316
6236,4839
6237,4412
6238,5220
6239,10356
6240,9003
6241,5175
6242,4814
6243,3628
6244,4456
6245,4819
6246,4340
6247,4053
6248,4998
6249,3819
6250,21317
6251,4672
6252,5387
6253,4548
6254,4539
6255,5233
6256,5500
6257,3957
6258,4594
6259,5544
6260,6296
6261,4378
6262,5568
6263,5331
6264,5015
6265,5411
6266,4060
6267,3861
6268,4426
6269,4196
6270,5111
6271,4486
6272,4927
6273,5071
6274,4766
6275,5955
6276,4178
6277,4624
6278,4198
6279,4773
6280,6228
6281,4248
6282,4115
6283,4363
6284,4471
6285,4532
6286,3809
6287,3940
6288,4780
6289,4460
6290,4572
6291,6381
6292,3844
6293,3431
6294,4157
6295,4278
6296,3782
6297,3767
6298,3873
6299,5569
6300,46069
6301,10647
6302,11325
6303,10080
6304,10368
6305,10608
6306,10457
6307,8761
6308,9541
6309,10165
6310,12304
6311,8621
6312,8134
6313,8304
6314,7305
6315,8949
6316,8044
6317,6852
6318,6827
6319,6789
6320,10127
6321,6621
6322,7243
6323,5014
6324,5625
6325,5602
6326,5329
6327,4899
6328,5098
6329,4040
6330,7099
6331,4506
6332,5788
6333,6733
6334,5305
6335,4538
6336,6069
6337,4067
6338,5008
6339,4152
6340,6269
6341,4280
6342,4097
6343,4344
6344,4325
6345,4453
6346,3777
6347,4136
6348,4935
6349,3977
6350,12019
6351,4985
6352,4516
6353,4198
6354,3948
6355,6352
6356,4217
6357,4436
6358,3878
6359,3964
6360,6412
6361,5797
6362,4197
6363,5217
6364,5777
6365,4299
6366,4292
6367,4092
6368,4263
6369,4064
6370,4625
6371,6350
6372,4420
6373,4171
6374,4159
6375,6543
6376,5157
6377,4267
6378,7755
6379,18597
6380,7351
6381,4516
6382,4350
6383,4109
6384,4051
6385,4528
6386,4138
6387,4083
6388,5790
6389,4178
6390,5218
6391,4221
6392,4339
6393,3769
6394,3549
6395,4536
6396,4200
6397,4519
6398,3671
6399,4853
6400,55874
6401,7051
6402,5271
6403,4655
6404,5170
6405,5842
6406,5417
6407,4389
6408,6055
6409,5079
6410,6559
6411,5568
6412,5086
6413,4500
6414,4557
6415,4949
6416,5020
6417,4461
6418,4562
6419,4486
6420,8093
6421,4299
6422,4524
6423,3987
6424,4224
6425,6348
6426,4321
6427,4055
6428,4163
6429,5800
6430,5358
6431,4679
6432,5618
6433,4274
6434,3870
6435,4369
6436,3822
6437,4009
6438,4592
6439,3625
6440,5725
6441,4074
6442,4022
6443,6034
6444,4427
6445,4106
6446,4053
6447,3736
6448,3973
6449,3888
6450,12560
6451,4549
6452,4037
6453,4129
6454,4298
6455,5477
6456,3854
6457,4301
6458,4493
6459,3721
6460,6791
6461,4987
6462,4183
6463,4658
6464,5669
6465,6842
6466,3925
6467,4035
6468,4939
6469,3755
6470,4793
6471,5330
6472,3776
6473,4049
6474,4051
6475,5835
6476,3670
6477,3932
6478,3783
6479,4371
6480,5123
6481,3576
6482,3926
6483,4543
6484,4505
6485,3901
6486,3730
6487,4015
6488,5956
6489,4120
6490,4952
6491,3769
6492,4133
6493,3501
6494,3991
6495,4284
6496,3715
6497,4962
6498,4117
6499,5097
6500,86623
6501,7888
6502,16277
6503,4999
6504,4529
6505,6338
6506,4545
6507,4332
6508,4314
6509,4732
6510,7787
6511,6007
6512,5068
6513,4598
6514,4468
6515,5563
6516,4785
6517,4269
6518,4160
6519,4214
6520,7253
6521,4043
6522,4636
6523,4160
6524,3800
6525,6247
6526,4312
6527,3910
6528,6459
6529,3852
6530,5452
6531,4512
6532,4515
6533,4214
6534,4050
6535,6844
6536,4266
6537,3718
6538,5506
6539,4038
6540,4912
6541,4192
6542,4617
6543,5117
6544,4146
6545,4710
6546,3662
6547,3850
6548,5927
6549,3710
6550,11534
6551,4232
6552,6603
6553,4461
6554,4792
6555,5317
6556,5345
6557,3740
6558,3959
6559,3817
6560,5404
6561,4891
6562,4998
6563,4109
6564,3863
6565,5206
6566,4419
6567,4903
6568,3848
6569,5032
6570,6050
6571,3922
6572,4063
6573,3809
6574,4329
6575,5200
6576,4524
6577,3977
6578,3704
6579,3998
6580,5374
6581,4295
6582,4180
6583,4001
6584,4037
6585,4325
6586,3241
6587,3931
6588,5060
6589,3722
6590,4384
6591,3744
6592,4089
6593,3418
6594,4170
6595,4151
6596,4891
6597,3532
6598,3617
6599,3869
6600,44797
6601,5601
6602,5171
6603,4530
6604,7154
6605,5063
6606,4774
6607,4167
6608,4321
6609,3774
6610,6071
6611,6735
6612,4103
6613,5429
6614,4280
6615,4512
6616,4799
6617,3508
6618,3653
6619,4636
6620,5381
6621,4453
6622,4618
6623,3796
6624,3963
6625,6064
6626,4186
6627,3804
6628,3789
6629,3870
6630,5501
6631,5047
6632,5138
6633,23699
6634,3857
6635,4183
6636,4347
6637,3926
6638,3959
6639,6177
6640,5070
6641,4386
6642,3936
6643,4125
6644,3797
6645,4265
6646,4335
6647,3737
6648,3792
6649,3691
6650,10300
6651,4230
6652,3856
6653,4420
6654,4604
6655,5673
6656,4748
6657,4223
6658,4335
6659,4291
6660,5064
6661,4205
6662,5396
6663,3914
6664,5244
6665,5030
6666,14980
6667,83615
6668,4199
6669,4724
6670,6616
6671,4410
6672,4589
6673,3822
6674,3680
6675,5351
6676,3700
6677,4435
6678,3966
6679,3474
6680,4961
6681,4086
6682,3750
6683,3905
6684,3925
6685,4239
6686,3847
6687,3519
6688,4644
6689,3688
6690,4285
6691,3511
6692,3385
6693,3826
6694,4266
6695,4236
6696,3828
6697,4353
6698,4411
6699,6741
6700,37780
6701,5817
6702,4489
6703,3844
6704,4473
6705,4281
6706,4210
6707,4030
6708,4556
6709,3866
6710,5033
6711,4149
6712,4211
6713,4101
6714,4286
6715,4407
6716,4161
6717,3805
6718,3784
6719,3734
6720,5948
6721,4681
6722,4314
6723,4410
6724,4511
6725,5754
6726,6067
6727,3995
6728,4190
6729,3770
6730,4980
6731,4173
6732,3962
6733,4331
6734,3726
6735,4438
6736,15681
6737,4078
6738,3718
6739,4155
6740,5020
6741,4011
6742,4039
6743,3773
6744,4101
6745,4999
6746,3570
6747,3644
6748,3802
6749,4204
6750,13135
6751,4403
6752,4823
6753,4391
6754,3704
6755,4216
6756,3940
6757,3916
6758,4201
6759,3963
6760,4240
6761,3652
6762,4040
6763,3803
6764,3710
6765,4609
6766,3980
6767,4148
6768,5041
6769,3641
6770,6042
6771,3636
6772,4507
6773,3837
6774,3494
6775,4823
6776,4362
6777,5344
6778,3580
6779,3613
6780,4700
6781,3996
6782,3587
6783,3543
6784,5225
6785,3767
6786,5420
6787,3878
6788,3642
6789,8124
6790,4872
6791,3700
6792,3879
6793,3457
6794,3561
6795,3981
6796,21846
6797,3749
6798,3713
6799,4086
6800,53608
6801,7570
6802,5532
6803,7509
6804,5358
6805,5444
6806,5072
6807,4970
6808,4753
6809,6134
6810,6822
6811,6443
6812,4919
6813,6118
6814,4726
6815,4794
6816,4442
6817,4224
6818,4335
6819,4342
6820,5958
6821,4497
6822,5446
6823,3824
6824,4853
6825,5634
6826,4435
6827,3639
6828,4072
6829,3509
6830,6263
6831,4515
6832,4505
6833,4316
6834,4235
6835,3955
6836,4660
6837,3599
6838,4228
6839,3475
6840,5606
6841,4109
6842,3989
6843,3364
6844,4284
6845,6087
6846,5404
6847,4970
6848,5931
6849,4876
6850,14172
6851,6846
6852,4888
6853,5236
6854,5845
6855,5290
6856,5045
6857,5039
6858,6157
6859,5531
6860,6051
6861,5506
6862,4682
6863,5329
6864,7048
6865,5774
6866,4216
6867,4618
6868,6078
6869,3687
6870,7175
6871,3686
6872,4057
6873,3378
6874,3788
6875,24087
6876,4268
6877,4056
6878,3928
6879,3687
6880,6972
6881,4079
6882,3829
6883,3927
6884,3586
6885,4369
6886,3728
6887,3702
6888,5008
6889,3738
6890,5237
6891,3750
6892,4065
6893,3493
6894,3507
6895,3640
6896,3790
6897,3888
6898,3279
6899,4044
6900,36278
6901,7467
6902,6270
6903,5285
6904,5398
6905,7049
6906,5416
6907,4555
6908,4612
6909,5545
6910,5655
6911,5001
6912,5788
6913,4113
6914,4519
6915,4725
6916,4102
6917,4374
6918,4453
6919,3981
6920,6441
6921,4551
6922,5277
6923,3885
6924,4778
6925,4824
6926,4985
6927,3402
6928,3993
6929,3861
6930,5626
6931,3696
6932,4092
6933,3969
6934,4231
6935,3910
6936,3874
6937,3873
6938,3838
6939,3963
6940,5000
6941,3930
6942,3783
6943,3554
6944,4434
6945,4038
6946,4225
6947,4638
6948,4179
6949,3778
6950,12694
6951,3757
6952,3663
6953,3372
6954,3687
6955,4870
6956,3503
6957,3253
6958,3853
6959,3571
6960,5458
6961,3788
6962,3943
6963,4630
6964,3911
6965,3915
6966,3587
6967,3487
6968,4926
6969,5943
6970,6717
6971,8112
6972,4189
6973,4327
6974,3605
6975,7265
6976,4773
6977,3612
6978,4387
6979,3833
6980,5177
6981,4326
6982,3398
6983,3704
6984,3972
6985,5189
6986,3509
6987,5757
6988,4802
6989,4066
6990,14160
6991,3830
6992,4563
6993,4115
6994,3741
6995,4976
6996,4546
6997,3789
6998,4375
6999,6869
7000,250571
7001,95769
7002,76509
7003,66702
7004,53720
7005,43133
7006,31009
7007,21435
7008,20944
7009,14211
7010,17544
7011,12343
7012,10188
7013,8043
7014,6991
7015,9284
7016,6842
7017,6069
7018,9843
7019,6017
7020,11784
7021,6570
7022,6753
7023,4799
7024,7816
7025,6876
7026,4751
7027,5519
7028,4730
7029,4495
7030,8864
7031,6238
7032,5007
7033,4300
7034,5029
7035,6675
7036,5148
7037,4606
7038,4640
7039,4400
7040,8510
7041,4175
7042,4917
7043,4653
7044,4706
7045,4827
7046,4225
7047,4970
7048,4365
7049,3804
7050,15529
7051,5217
7052,4453
7053,3994
7054,4866
7055,5049
7056,4243
7057,4617
7058,3821
7059,4474
7060,6563
7061,22605
7062,3768
7063,3913
7064,4329
7065,5566
7066,4047
7067,4027
7068,4329
7069,4081
7070,8436
7071,7276
7072,5450
7073,4559
7074,5989
7075,36749
7076,4780
7077,5540
7078,4358
7079,4855
7080,7291
7081,4549
7082,5000
7083,4375
7084,3873
7085,4399
7086,3804
7087,4989
7088,4023
7089,4680
7090,5704
7091,4117
7092,4324
7093,4192
7094,4594
7095,4520
7096,4038
7097,4572
7098,4326
7099,4545
7100,35524
7101,6592
7102,5899
7103,5008
7104,5080
7105,5465
7106,5052
7107,4846
7108,4255
7109,5070
7110,7082
7111,6646
7112,5531
7113,3818
7114,4144
7115,4389
7116,4438
7117,4913
7118,3802
7119,4868
7120,7785
7121,4533
7122,4863
7123,4194
7124,3654
7125,6235
7126,4151
7127,4143
7128,4069
7129,3787
7130,5836
7131,4480
7132,4491
7133,3764
7134,3802
7135,5203
7136,4404
7137,3502
7138,3466
7139,3668
7140,5452
7141,4267
7142,3874
7143,6932
7144,5490
7145,4330
7146,4218
7147,4060
7148,3667
7149,3678
7150,12446
7151,4130
7152,4387
7153,4795
7154,3567
7155,5117
7156,3751
7157,3849
7158,3814
7159,3724
7160,5531
7161,6845
7162,3640
7163,4201
7164,3969
7165,5417
7166,3765
7167,4559
7168,6689
7169,3541
7170,5192
7171,4705
7172,4928
7173,3902
7174,3754
7175,4799
7176,4431
7177,4084
7178,3657
7179,3426
7180,4531
7181,4161
7182,3558
7183,3784
7184,3690
7185,4235
7186,3664
7187,3546
7188,4486
7189,3625
7190,4780
7191,3588
7192,3589
7193,3592
7194,3455
7195,4271
7196,5497
7197,3615
7198,3318
7199,4156
7200,61603
7201,7878
7202,7940
7203,6634
7204,6745
7205,7010
7206,6336
7207,5619
7208,6226
7209,5111
7210,8205
7211,6325
7212,5657
7213,5061
7214,5044
7215,5345
7216,5713
7217,4692
7218,5170
7219,4867
7220,7230
7221,4570
7222,5774
7223,4375
7224,7283
7225,9806
7226,4394
7227,9155
7228,4295
7229,3384
7230,6731
7231,4667
7232,5049
7233,6521
7234,4763
7235,4161
7236,4130
7237,3500
7238,4059
7239,3590
7240,5658
7241,3732
7242,4071
7243,4341
7244,4042
7245,4272
7246,3830
7247,3477
7248,5660
7249,3586
7250,12666
7251,3949
7252,4155
7253,3635
7254,3492
7255,4200
7256,4378
7257,3363
7258,4168
7259,3355
7260,7278
7261,3779
7262,5427
7263,4288
7264,4240
7265,4842
7266,3867
7267,4183
7268,3334
7269,3639
7270,4254
7271,3547
7272,8118
7273,4411
7274,3755
7275,5632
7276,3444
7277,4624
7278,3767
7279,4375
7280,4893
7281,3593
7282,3639
7283,3576
7284,3633
7285,4143
7286,3350
7287,3777
7288,3972
7289,3851
7290,4871
7291,3709
7292,3878
7293,3820
7294,3555
7295,3964
7296,3703
7297,3656
7298,3504
7299,3950
7300,32353
7301,6290
7302,6498
7303,5858
7304,5617
7305,6227
7306,5586
7307,5485
7308,5467
7309,4952
7310,7171
7311,6000
7312,5594
7313,5208
7314,5241
7315,5488
7316,5188
7317,4641
7318,4810
7319,4596
7320,6814
7321,4977
7322,4644
7323,4215
7324,4959
7325,5254
7326,6384
7327,3535
7328,4522
7329,3214
7330,5261
7331,3949
7332,4793
7333,5630
7334,4740
7335,6631
7336,4241
7337,4071
7338,4040
7339,3801
7340,5232
7341,3724
7342,3684
7343,55792
7344,4018
7345,4452
7346,3709
7347,3809
7348,3982
7349,3445
7350,10364
7351,3791
7352,4344
7353,4276
7354,3950
7355,4157
7356,3768
7357,3490
7358,3860
7359,3518
7360,5180
7361,4539
7362,3383
7363,3666
7364,3404
7365,4154
7366,3872
7367,3695
7368,4881
7369,3873
7370,6332
7371,3997
7372,3898
7373,5389
7374,5080
7375,5867
7376,4179
7377,4032
7378,4539
7379,3799
7380,5328
7381,4235
7382,5210
7383,3760
7384,4162
7385,5001
7386,4512
7387,4219
7388,4062
7389,4966
7390,5692
7391,4124
7392,4509
7393,3876
7394,3990
7395,3896
7396,3820
7397,3562
7398,3526
7399,4588
7400,30084
7401,7710
7402,6233
7403,4629
7404,7310
7405,6113
7406,4530
7407,4944
7408,4916
7409,4156
7410,6594
7411,4835
7412,5298
7413,4330
7414,4601
7415,5109
7416,4464
7417,4677
7418,4026
7419,3951
7420,6418
7421,4299
7422,6658
7423,4522
7424,4806
7425,24309
7426,22125
7427,3955
7428,4170
7429,3965
7430,4994
7431,3860
7432,5440
7433,4445
7434,4690
7435,4373
7436,4036
7437,3742
7438,3875
7439,3645
7440,7200
7441,4593
7442,3927
7443,5228
7444,4449
7445,4422
7446,4327
7447,4726
7448,4144
7449,3473
7450,10333
7451,4894
7452,3912
7453,3579
7454,3652
7455,3998
7456,4280
7457,3458
7458,4195
7459,3381
7460,5525
7461,3933
7462,3653
7463,4189
7464,3409
7465,4637
7466,3441
7467,3872
7468,3399
7469,4521
7470,4858
7471,3623
7472,3573
7473,3444
7474,4959
7475,5474
7476,4514
7477,3605
7478,3863
7479,3474
7480,5788
7481,3897
7482,3768
7483,3724
7484,3877
7485,3935
7486,4020
7487,3604
7488,4480
7489,3360
7490,5488
7491,3852
7492,3514
7493,3802
7494,3492
7495,4238
7496,3498
7497,3331
7498,3803
7499,4771
7500,113938
7501,7918
7502,5917
7503,4747
7504,4064
7505,4667
7506,6976
7507,4509
7508,3924
7509,7068
7510,11747
7511,4465
7512,4873
7513,4897
7514,4321
7515,5914
7516,4353
7517,4637
7518,4293
7519,4410
7520,7558
7521,4180
7522,4025
7523,3748
7524,3933
7525,5932
7526,4091
7527,3571
7528,3886
7529,4875
7530,5847
7531,3985
7532,3965
7533,3721
7534,3797
7535,4586
7536,3665
7537,4209
7538,4668
7539,3773
7540,4716
7541,3620
7542,3644
7543,3521
7544,3600
7545,4633
7546,4435
7547,3633
7548,3761
7549,3413
7550,9660
7551,3836
7552,3922
7553,3629
7554,6935
7555,4924
7556,4389
7557,3893
7558,3617
7559,4312
7560,5049
7561,3546
7562,3619
7563,3339
7564,3458
7565,4269
7566,4406
7567,4175
7568,3767
7569,3581
7570,4862
7571,3354
7572,3387
7573,3498
7574,3260
7575,5770
7576,3766
7577,3702
7578,3620
7579,3195
7580,4641
7581,3579
7582,3382
7583,3219
7584,3897
7585,4350
7586,3885
7587,3614
7588,3601
7589,3416
7590,5524
7591,3895
7592,3825
7593,3665
7594,3458
7595,3950
7596,5473
7597,3376
7598,3481
7599,3821
7600,33572
7601,7666
7602,4210
7603,4255
7604,4061
7605,4025
7606,4537
7607,4172
7608,4138
7609,3752
7610,7528
7611,4854
7612,4470
7613,4444
7614,3830
7615,3859
7616,4170
7617,3656
7618,3506
7619,4107
7620,7733
7621,3869
7622,3824
7623,4034
7624,3955
7625,6690
7626,3650
7627,3436
7628,3616
7629,3562
7630,4265
7631,4614
7632,4618
7633,3335
7634,4058
7635,4008
7636,3800
7637,4017
7638,3415
7639,3282
7640,4501
7641,4384
7642,3461
7643,3770
7644,3828
7645,5330
7646,4042
7647,3690
7648,3789
7649,3408
7650,9302
7651,3678
7652,4227
7653,4037
7654,4521
7655,3871
7656,4189
7657,3708
7658,3355
7659,4022
7660,4679
7661,3819
7662,3687
7663,3522
7664,4337
7665,3854
7666,3941
7667,4355
7668,3730
7669,3835
7670,3980
7671,5873
7672,3560
7673,3563
7674,3183
7675,4582
7676,4545
7677,3575
7678,3451
7679,3515
7680,8637
7681,3913
7682,3326
7683,5231
7684,3319
7685,3567
7686,3821
7687,3925
7688,4059
7689,3402
7690,3419
7691,3392
7692,4099
7693,3490
7694,3092
7695,4286
7696,3902
7697,3635
7698,3414
7699,3774
7700,32194
7701,7689
7702,5705
7703,4489
7704,4513
7705,4191
7706,4456
7707,3870
7708,3947
7709,3506
7710,7082
7711,5346
7712,5174
7713,3714
7714,9932
7715,4329
7716,3802
7717,5637
7718,3777
7719,3875
7720,7638
7721,6575
7722,4934
7723,3982
7724,3960
7725,4978
7726,4725
7727,4539
7728,4383
7729,3901
7730,7419
7731,4148
7732,4495
7733,4862
7734,4802
7735,4785
7736,4037
7737,4210
7738,3988
7739,5238
7740,7039
7741,3802
7742,4126
7743,3766
7744,4310
7745,4080
7746,3826
7747,4738
7748,4374
7749,3663
7750,18651
7751,4281
7752,3653
7753,4801
7754,3503
7755,4419
7756,3754
7757,3718
7758,3648
7759,4061
7760,6069
7761,3631
7762,3825
7763,3459
7764,3545
7765,3918
7766,4419
7767,3969
7768,3776
7769,3295
7770,8260
7771,5460
7772,3972
7773,3799
7774,4565
7775,4889
7776,6545
7777,17194
7778,8577
7779,4185
7780,6960
7781,3427
7782,4323
7783,3498
7784,3447
7785,3864
7786,4187
7787,4033
7788,5141
7789,4296
7790,4941
7791,3560
7792,3818
7793,4018
7794,3296
7795,3890
7796,3391
7797,3568
7798,3712
7799,5400
7800,36765
7801,5356
7802,4103
7803,4693
7804,4001
7805,7451
7806,4020
7807,3679
7808,4505
7809,3741
7810,5382
7811,4376
7812,9054
7813,4124
7814,3697
7815,4179
7816,4535
7817,4450
7818,3821
7819,3566
7820,5123
7821,4067
7822,4073
7823,3538
7824,3992
7825,5217
7826,3601
7827,4124
7828,4544
7829,3477
7830,4298
7831,4006
7832,3972
7833,4344
7834,3955
7835,4106
7836,4338
7837,3692
7838,3855
7839,3527
7840,4694
7841,4154
7842,3533
7843,4171
7844,4191
7845,4364
7846,3707
7847,3995
7848,3879
7849,3599
7850,13123
7851,4081
7852,4007
7853,3848
7854,4653
7855,5410
7856,3827
7857,5461
7858,5771
7859,3300
7860,5349
7861,3920
7862,3615
7863,3883
7864,5696
7865,4041
7866,4200
7867,5257
7868,3955
7869,4026
7870,9190
7871,4194
7872,4142
7873,3926
7874,5080
7875,7657
7876,4158
7877,3893
7878,4408
7879,5594
7880,5089
7881,3876
7882,3769
7883,3506
7884,3955
7885,5211
7886,4588
7887,4227
7888,5113
7889,3691
7890,7149
7891,3994
7892,4187
7893,3625
7894,3905
7895,3995
7896,4126
7897,3589
7898,3490
7899,4430
7900,27102
7901,7996
7902,4323
7903,3960
7904,4970
7905,4578
7906,3810
7907,3821
7908,3995
7909,4545
7910,6187
7911,4366
7912,4256
7913,3815
7914,5039
7915,4735
7916,4165
7917,4391
7918,3739
7919,4163
7920,6210
7921,6463
7922,4624
7923,3908
7924,4250
7925,4797
7926,3963
7927,3574
7928,4267
7929,3520
7930,4580
7931,3723
7932,4009
7933,3782
7934,3519
7935,3898
7936,4532
7937,3723
7938,3900
7939,3944
7940,4857
7941,3687
7942,4678
7943,4145
7944,6427
7945,4066
7946,4284
7947,3597
7948,3538
7949,3568
7950,13680
7951,3593
7952,3716
7953,5062
7954,3237
7955,8613
7956,4143
7957,3512
7958,3731
7959,6145
7960,5708
7961,3887
7962,3835
7963,3440
7964,3343
7965,4287
7966,4296
7967,4154
7968,3851
7969,3984
7970,11259
7971,3658
7972,3428
7973,5077
7974,4359
7975,4128
7976,4195
7977,6114
7978,3380
7979,4471
7980,5758
7981,3682
7982,3497
7983,4448
7984,3774
7985,4236
7986,3318
7987,3261
7988,3914
7989,3978
7990,5635
7991,3824
7992,22120
7993,3972
7994,3614
7995,4805
7996,4029
7997,4407
7998,4376
7999,7246
8000,347390
8001,20941
8002,11910
8003,10642
8004,11433
8005,11220
8006,10251
8007,12403
8008,13222
8009,8846
8010,13307
8011,19855
8012,7610
8013,7425
8014,8392
8015,7170
8016,6476
8017,5526
8018,7001
8019,4688
8020,11882
8021,7026
8022,5853
8023,4243
8024,4195
8025,6874
8026,4085
8027,4283
8028,6402
8029,4299
8030,6010
8031,5281
8032,6530
8033,5014
8034,4877
8035,5510
8036,4845
8037,4552
8038,4505
8039,3905
8040,8003
8041,4384
8042,4753
8043,4465
8044,4077
8045,4680
8046,3980
8047,7898
8048,6176
8049,4520
8050,12228
8051,13758
8052,5066
8053,5330
8054,22770
8055,5033
8056,3831
8057,4659
8058,4441
8059,3900
8060,7727
8061,4964
8062,4161
8063,4286
8064,5509
8065,4999
8066,3913
8067,4170
8068,4444
8069,4753
8070,5680
8071,4587
8072,4152
8073,3613
8074,3828
8075,5707
8076,3910
8077,4318
8078,5628
8079,5318
8080,168588
8081,22245
8082,8652
8083,7560
8084,5300
8085,9586
8086,16029
8087,5857
8088,12706
8089,5760
8090,10610
8091,5995
8092,5037
8093,4939
8094,3976
8095,5015
8096,6647
8097,3781
8098,3842
8099,5239
8100,34000
8101,6298
8102,5105
8103,4950
8104,4682
8105,4730
8106,4441
8107,3945
8108,4882
8109,4687
8110,7812
8111,6807
8112,4844
8113,4178
8114,4059
8115,4721
8116,4139
8117,4593
8118,6275
8119,3810
8120,7536
8121,3878
8122,4370
8123,6588
8124,4214
8125,24784
8126,4514
8127,4198
8128,8085
8129,3631
8130,6055
8131,4888
8132,3542
8133,4835
8134,3533
8135,4994
8136,3573
8137,3805
8138,3954
8139,4006
8140,5153
8141,4085
8142,3539
8143,3826
8144,4619
8145,3785
8146,3524
8147,4555
8148,3657
8149,2958
8150,10977
8151,3813
8152,3969
8153,3838
8154,3379
8155,3997
8156,3761
8157,3351
8158,3451
8159,3795
8160,5662
8161,3780
8162,4616
8163,4474
8164,3896
8165,4232
8166,4383
8167,4367
8168,4272
8169,3179
8170,3900
8171,4145
8172,3777
8173,3785
8174,3466
8175,4535
8176,4022
8177,3680
8178,3389
8179,4004
8180,5641
8181,7484
8182,4300
8183,3541
8184,3855
8185,3647
8186,3734
8187,3556
8188,4307
8189,3621
8190,13258
8191,8469
8192,42336
8193,4006
8194,4153
8195,4504
8196,3561
8197,3666
8198,3402
8199,3814
8200,34338
8201,7113
8202,5223
8203,26336
8204,5651
8205,5886
8206,4240
8207,3382
8208,5944
8209,4733
8210,12170
8211,36716
8212,24207
8213,4728
8214,3744
8215,5912
8216,12621
8217,149218
8218,4303
8219,3520
8220,48939
8221,63085
8222,6104
8223,4252
8224,4392
8225,4950
8226,92555
8227,4785
8228,4516
8229,3894
8230,20062
8231,4084
8232,4614
8233,4737
8234,4666
8235,4337
8236,3342
8237,3617
8238,3308
8239,3893
8240,5002
8241,3507
8242,4322
8243,4480
8244,3509
8245,4106
8246,3604
8247,3750
8248,3643
8249,3699
8250,11568
8251,3742
8252,4099
8253,3783
8254,3631
8255,15026
8256,4094
8257,3188
8258,3512
8259,3695
8260,5845
8261,3644
8262,4139
8263,3391
8264,3672
8265,4786
8266,4291
8267,3678
8268,5935
8269,3579
8270,4423
8271,3679
8272,3693
8273,3402
8274,4228
8275,4565
8276,3656
8277,3561
8278,3616
8279,3447
8280,5386
8281,3971
8282,4644
8283,5137
8284,4483
8285,3547
8286,4188
8287,3545
8288,4866
8289,3481
8290,3931
8291,4626
8292,3453
8293,3415
8294,3363
8295,3581
8296,3577
8297,3422
8298,2930
8299,4307
8300,29064
8301,14324
8302,4325
8303,4885
8304,3703
8305,3759
8306,4090
8307,3519
8308,3656
8309,3659
8310,5307
8311,5440
8312,4070
8313,3790
8314,3776
8315,5656
8316,3597
8317,4067
8318,3874
8319,3376
8320,6547
8321,4335
8322,3755
8323,3333
8324,3687
8325,4941
8326,3650
8327,3241
8328,3572
8329,3335
8330,6498
8331,4018
8332,5278
8333,12607
8334,5248
8335,3982
8336,3982
8337,3253
8338,3398
8339,4016
8340,4426
8341,3686
8342,3447
8343,4339
8344,3670
8345,3677
8346,3167
8347,3205
8348,3275
8349,3319
8350,12779
8351,3502
8352,3817
8353,3429
8354,3213
8355,3439
8356,3353
8357,2972
8358,3997
8359,3475
8360,4381
8361,3563
8362,3600
8363,3431
8364,5715
8365,3876
8366,3239
8367,3298
8368,3343
8369,3486
8370,3995
8371,4091
8372,3903
8373,3663
8374,3207
8375,5193
8376,3304
8377,4422
8378,4329
8379,3474
8380,4194
8381,3196
8382,3706
8383,4847
8384,4129
8385,3523
8386,3181
8387,3583
8388,3600
8389,3429
8390,3794
8391,3329
8392,3828
8393,3116
8394,3033
8395,3629
8396,3247
8397,3079
8398,3374
8399,3333
8400,30409
8401,7091
8402,4187
8403,4068
8404,4096
8405,3731
8406,4019
8407,3809
8408,4277
8409,3408
8410,4018
8411,3919
8412,3692
8413,3461
8414,22095
8415,4344
8416,3654
8417,3563
8418,3554
8419,3450
8420,4202
8421,3900
8422,3676
8423,3479
8424,4506
8425,4957
8426,3288
8427,3108
8428,3253
8429,2882
8430,3822
8431,3862
8432,3931
8433,3891
8434,3396
8435,3542
8436,3425
8437,3120
8438,3783
8439,3115
8440,4110
8441,3256
8442,3298
8443,15690
8444,4645
8445,3820
8446,3530
8447,3547
8448,4546
8449,3040
8450,8071
8451,4188
8452,3862
8453,5723
8454,3660
8455,3814
8456,4430
8457,4351
8458,3244
8459,3650
8460,4060
8461,3563
8462,3921
8463,3528
8464,3890
8465,4402
8466,3483
8467,3536
8468,3106
8469,3140
8470,4198
8471,4065
8472,5232
8473,3951
8474,3687
8475,3979
8476,3515
8477,16999
8478,3528
8479,3224
8480,5254
8481,3220
8482,5832
8483,3556
8484,4547
8485,3741
8486,3346
8487,3856
8488,3549
8489,3028
8490,3675
8491,3042
8492,2903
8493,4189
8494,3076
8495,4674
8496,3643
8497,2996
8498,3370
8499,4220
8500,59869
8501,7939
8502,4508
8503,4041
8504,3841
8505,4746
8506,3609
8507,3741
8508,3848
8509,3509
8510,5081
8511,6723
8512,4257
8513,3205
8514,3993
8515,3962
8516,4060
8517,3473
8518,3546
8519,3630
8520,10020
8521,3955
8522,3506
8523,3164
8524,6651
8525,5082
8526,3425
8527,3715
8528,4201
8529,3870
8530,5531
8531,3498
8532,3464
8533,3568
8534,3673
8535,3863
8536,3670
8537,3209
8538,3659
8539,3552
8540,5040
8541,3690
8542,4215
8543,3439
8544,4342
8545,6285
8546,3546
8547,3420
8548,3122
8549,2869
8550,9079
8551,3584
8552,4139
8553,3546
8554,3451
8555,4992
8556,3391
8557,3136
8558,3546
8559,3505
8560,4394
8561,3320
8562,3262
8563,3209
8564,3177
8565,3996
8566,3232
8567,3070
8568,3182
8569,3472
8570,5765
8571,4116
8572,5099
8573,4536
8574,3388
8575,5032
8576,3344
8577,4157
8578,4119
8579,3394
8580,4563
8581,3243
8582,4761
8583,3727
8584,3056
8585,4674
8586,3627
8587,3208
8588,3463
8589,3421
8590,3758
8591,3252
8592,4195
8593,3373
8594,5678
8595,3845
8596,3370
8597,3226
8598,3141
8599,4326
8600,30350
8601,24026
8602,3945
8603,3416
8604,3470
8605,4023
8606,4947
8607,3212
8608,3866
8609,3402
8610,5920
8611,4370
8612,3791
8613,3271
8614,3287
8615,3834
8616,4289
8617,3407
8618,11417
8619,3464
8620,8634
8621,22888
8622,3352
8623,3510
8624,3577
8625,6834
8626,3313
8627,3489
8628,4002
8629,3208
8630,4435
8631,3330
8632,3474
8633,3617
8634,3185
8635,3460
8636,3741
8637,3134
8638,3141
8639,11939
8640,6424
8641,3195
8642,3672
8643,3648
8644,4354
8645,3552
8646,3300
8647,3114
8648,3608
8649,3302
8650,7593
8651,3062
8652,3488
8653,3471
8654,3171
8655,4180
8656,3443
8657,3209
8658,3721
8659,3181
8660,4036
8661,3489
8662,4086
8663,3104
8664,5177
8665,3812
8666,4186
8667,4592
8668,3480
8669,4461
8670,3796
8671,2961
8672,3604
8673,2987
8674,5821
8675,4150
8676,3385
8677,3252
8678,3108
8679,2912
8680,3744
8681,3208
8682,3262
8683,3853
8684,21475
8685,3399
8686,4316
8687,3460
8688,6200
8689,3034
8690,3932
8691,5594
8692,3403
8693,2824
8694,3014
8695,3475
8696,3399
8697,3452
8698,3481
8699,3264
8700,26509
8701,5935
8702,4523
8703,3690
8704,4244
8705,4205
8706,3663
8707,3519
8708,3970
8709,3247
8710,6673
8711,4461
8712,5758
8713,3423
8714,3342
8715,3806
8716,3580
8717,3507
8718,3088
8719,5820
8720,4601
8721,4011
8722,5060
8723,3605
8724,3650
8725,4374
8726,4503
8727,3657
8728,3518
8729,3198
8730,4515
8731,3614
8732,3741
8733,4165
8734,3611
8735,4160
8736,3604
8737,3521
8738,3953
8739,3570
8740,4759
8741,3424
8742,3859
8743,3290
8744,4032
8745,3584
8746,5366
8747,3552
8748,3421
8749,3415
8750,11950
8751,3739
8752,3360
8753,3671
8754,3216
8755,3889
8756,4183
8757,3161
8758,2953
8759,3320
8760,6443
8761,4225
8762,3438
8763,3319
8764,3769
8765,4520
8766,3710
8767,4647
8768,3899
8769,2946
8770,3790
8771,3442
8772,3719
8773,3489
8774,4347
8775,4420
8776,5040
8777,4717
8778,3448
8779,21287
8780,3324
8781,2966
8782,3302
8783,3135
8784,3627
8785,3302
8786,3289
8787,5051
8788,3931
8789,5334
8790,3477
8791,2993
8792,3264
8793,2874
8794,3454
8795,3274
8796,3401
8797,3151
8798,3242
8799,7034
8800,42152
8801,6636
8802,5979
8803,3682
8804,4781
8805,4665
8806,4229
8807,4173
8808,4124
8809,3969
8810,6792
8811,4470
8812,4542
8813,4207
8814,3422
8815,3687
8816,4099
8817,3646
8818,3578
8819,3255
8820,7798
8821,4265
8822,5189
8823,4294
8824,4119
8825,5095
8826,3346
8827,3314
8828,3772
8829,3636
8830,7028
8831,3862
8832,4370
8833,4612
8834,3129
8835,3949
8836,3333
8837,3570
8838,3580
8839,3282
8840,4790
8841,3280
8842,3283
8843,4838
8844,4273
8845,3563
8846,3361
8847,3069
8848,6029
8849,3606
8850,8988
8851,3492
8852,3878
8853,3805
8854,4108
8855,4353
8856,3769
8857,3765
8858,3738
8859,34171
8860,4342
8861,4156
8862,3590
8863,3804
8864,3395
8865,5010
8866,3938
8867,3406
8868,3780
8869,3493
8870,3682
8871,3663
8872,3321
8873,4556
8874,3111
8875,5188
8876,3471
8877,4213
8878,3927
8879,3887
8880,6165
8881,4296
8882,3928
8883,4838
8884,4616
8885,3868
8886,4096
8887,4220
8888,34200
8889,6465
8890,5283
8891,3830
8892,3294
8893,3198
8894,2876
8895,4623
8896,3402
8897,3160
8898,3501
8899,4662
8900,26111
8901,6732
8902,4239
8903,4326
8904,3876
8905,3593
8906,3750
8907,3123
8908,3640
8909,3414
8910,6158
8911,4006
8912,4035
8913,3249
8914,3456
8915,3664
8916,3304
8917,3192
8918,3704
8919,3183
8920,4390
8921,3364
8922,3448
8923,3285
8924,4506
8925,4184
8926,3503
8927,3130
8928,4122
8929,5088
8930,5828
8931,3113
8932,3379
8933,3442
8934,3557
8935,3402
8936,3603
8937,3353
8938,5734
8939,3286
8940,4147
8941,3311
8942,4016
8943,3287
8944,3398
8945,4258
8946,3283
8947,3260
8948,3050
8949,5692
8950,7519
8951,3203
8952,3189
8953,2957
8954,3302
8955,3564
8956,3565
8957,3309
8958,4032
8959,3238
8960,5624
8961,3229
8962,4394
8963,3416
8964,3247
8965,3789
8966,3452
8967,3142
8968,3473
8969,3328
8970,3496
8971,3399
8972,3676
8973,3516
8974,3499
8975,4348
8976,3760
8977,4006
8978,3471
8979,3203
8980,4433
8981,3381
8982,3257
8983,5188
8984,4153
8985,3725
8986,3660
8987,4274
8988,3945
8989,6147
8990,4601
8991,3746
8992,3732
8993,4373
8994,4106
8995,6220
8996,3504
8997,3683
8998,4204
8999,8042
9000,225877
9001,246584
9002,16277
9003,10916
9004,8602
9005,13151
9006,11839
9007,7846
9008,7142
9009,6496
9010,10734
9011,5791
9012,7042
9013,4873
9014,4721
9015,6068
9016,5127
9017,4735
9018,4682
9019,3328
9020,8031
9021,4313
9022,4345
9023,4040
9024,4167
9025,5218
9026,3558
9027,4145
9028,3576
9029,3424
9030,6226
9031,5754
9032,3582
9033,4151
9034,3474
9035,4086
9036,3721
9037,3279
9038,3505
9039,3360
9040,5199
9041,3420
9042,4471
9043,3078
9044,3249
9045,3780
9046,3471
9047,3300
9048,5391
9049,3101
9050,8684
9051,3601
9052,3690
9053,3531
9054,3377
9055,4075
9056,3170
9057,3208
9058,3161
9059,3178
9060,6547
9061,3388
9062,3743
9063,3267
9064,3356
9065,3575
9066,6635
9067,4146
9068,4116
9069,2926
9070,4520
9071,3999
9072,3813
9073,3050
9074,4779
9075,4729
9076,3168
9077,3281
9078,4449
9079,2837
9080,7939
9081,3885
9082,3993
9083,3548
9084,3621
9085,4326
9086,3202
9087,3137
9088,3787
9089,3438
9090,15805
9091,6751
9092,10511
9093,4886
9094,3900
9095,3782
9096,3278
9097,3434
9098,3564
9099,4039
9100,31216
9101,5955
9102,5061
9103,3820
9104,4656
9105,4312
9106,3663
9107,3277
9108,3609
9109,3851
9110,5474
9111,5072
9112,4215
9113,3561
9114,3423
9115,4061
9116,3800
9117,3293
9118,3207
9119,3683
9120,5976
9121,3916
9122,4525
9123,4145
9124,3427
9125,5677
9126,3762
9127,3778
9128,3444
9129,2936
9130,4185
9131,4114
9132,3798
9133,3298
9134,3110
9135,3716
9136,3465
9137,3259
9138,3143
9139,3063
9140,4216
9141,3808
9142,3327
9143,3076
9144,4869
9145,4244
9146,3468
9147,3221
9148,3328
9149,3710
9150,8586
9151,3239
9152,3818
9153,3691
9154,2911
9155,4484
9156,3133
9157,3787
9158,3458
9159,2809
9160,5064
9161,4894
9162,3254
9163,2948
9164,3207
9165,4520
9166,3605
9167,6922
9168,3481
9169,3158
9170,3687
9171,4028
9172,3096
9173,3137
9174,3536
9175,4252
9176,3035
9177,3509
9178,3863
9179,3204
9180,3921
9181,3232
9182,3087
9183,3508
9184,4292
9185,3717
9186,3252
9187,3224
9188,3422
9189,3280
9190,3584
9191,5304
9192,3283
9193,4827
9194,3775
9195,4287
9196,3472
9197,3338
9198,3314
9199,3668
9200,36732
9201,5329
9202,3994
9203,4144
9204,3751
9205,4125
9206,3340
9207,21831
9208,3548
9209,3253
9210,4669
9211,5214
9212,3721
9213,3474
9214,3439
9215,3718
9216,6580
9217,3541
9218,3527
9219,3793
9220,5039
9221,3859
9222,5485
9223,3542
9224,3487
9225,5019
9226,3078
9227,3727
9228,3744
9229,3906
9230,3554
9231,3789
9232,3687
9233,3651
9234,3436
9235,3713
9236,3360
9237,3287
9238,3033
9239,3377
9240,4521
9241,4293
9242,3445
9243,3404
9244,3165
9245,3578
9246,3048
9247,3115
9248,4940
9249,3086
9250,10122
9251,21783
9252,3562
9253,3098
9254,3390
9255,3757
9256,3317
9257,3462
9258,3910
9259,2835
9260,6029
9261,3687
9262,3940
9263,3239
9264,4330
9265,3627
9266,3390
9267,3465
9268,3936
9269,3164
9270,3293
9271,3442
9272,3403
9273,3401
9274,3210
9275,5027
9276,3265
9277,3648
9278,4656
9279,3075
9280,4482
9281,3088
9282,3421
9283,3184
9284,3363
9285,3883
9286,4690
9287,2942
9288,3655
9289,3064
9290,4811
9291,3327
9292,5654
9293,3347
9294,3425
9295,3938
9296,3435
9297,3055
9298,3097
9299,3451
9300,31675
9301,4686
9302,3570
9303,3844
9304,3587
9305,3761
9306,3478
9307,3169
9308,3811
9309,3400
9310,6260
9311,4466
9312,4131
9313,3497
9314,3728
9315,4010
9316,3274
9317,3343
9318,3428
9319,3370
9320,5489
9321,4064
9322,3896
9323,4015
9324,3474
9325,5126
9326,5111
9327,3232
9328,3616
9329,3257
9330,4673
9331,3369
9332,4348
9333,5528
9334,3135
9335,9084
9336,3725
9337,3164
9338,3585
9339,3391
9340,3849
9341,3406
9342,3095
9343,4411
9344,4203
9345,3974
9346,3188
9347,2953
9348,3124
9349,3131
9350,8323
9351,4012
9352,3185
9353,3168
9354,3912
9355,4027
9356,3484
9357,3560
9358,3271
9359,13690
9360,6379
9361,4016
9362,3950
9363,2915
9364,3443
9365,4592
9366,3078
9367,3084
9368,3020
9369,3146
9370,4956
9371,3390
9372,3233
9373,3459
9374,3266
9375,106677
9376,3535
9377,3227
9378,4007
9379,2850
9380,6421
9381,3355
9382,3382
9383,3217
9384,3782
9385,3430
9386,3271
9387,3049
9388,3673
9389,3238
9390,3443
9391,3535
9392,3428
9393,3738
9394,4170
9395,3583
9396,3837
9397,3122
9398,3271
9399,3768
9400,24557
9401,4954
9402,3517
9403,7335
9404,3792
9405,5475
9406,3802
9407,3335
9408,3761
9409,3640
9410,4807
9411,5713
9412,3568
9413,3345
9414,3832
9415,4009
9416,3528
9417,3585
9418,4001
9419,3665
9420,4392
9421,3546
9422,5329
9423,3550
9424,3579
9425,4394
9426,3073
9427,3523
9428,3204
9429,3561
9430,3776
9431,4456
9432,3554
9433,3829
9434,3934
9435,4058
9436,3079
9437,3356
9438,3534
9439,3432
9440,4573
9441,3531
9442,3422
9443,6030
9444,4457
9445,3864
9446,3208
9447,3279
9448,3374
9449,3538
9450,7603
9451,3504
9452,3850
9453,3955
9454,3547
9455,3758
9456,3974
9457,3695
9458,3877
9459,3673
9460,4156
9461,3500
9462,3821
9463,3797
9464,4107
9465,4558
9466,3649
9467,3517
9468,3913
9469,3457
9470,3863
9471,3419
9472,4309
9473,3884
9474,4564
9475,4399
9476,3787
9477,4011
9478,3636
9479,3504
9480,5343
9481,3385
9482,3491
9483,3114
9484,3861
9485,3935
9486,3349
9487,3434
9488,4120
9489,3218
9490,4289
9491,3580
9492,3829
9493,3700
9494,4029
9495,4482
9496,3750
9497,3959
9498,3856
9499,4041
9500,44695
9501,5847
9502,5305
9503,4138
9504,5035
9505,4553
9506,3769
9507,4323
9508,4148
9509,5362
9510,4894
9511,3578
9512,3902
9513,3769
9514,3832
9515,3860
9516,4217
9517,3538
9518,4115
9519,3280
9520,4978
9521,3823
9522,3695
9523,4141
9524,5425
9525,6770
9526,3689
9527,4058
9528,4047
9529,3431
9530,5063
9531,4309
9532,3905
9533,3681
9534,3682
9535,4331
9536,4600
9537,3426
9538,4642
9539,2885
9540,3869
9541,3276
9542,3435
9543,3366
9544,3151
9545,4039
9546,3060
9547,3034
9548,3699
9549,2904
9550,9901
9551,3595
9552,3921
9553,3287
9554,3176
9555,5683
9556,3536
9557,3442
9558,3638
9559,3419
9560,5881
9561,3546
9562,3567
9563,3034
9564,3453
9565,3984
9566,3558
9567,3453
9568,4275
9569,3266
9570,5020
9571,3538
9572,3542
9573,2827
9574,2999
9575,4272
9576,3186
9577,3560
9578,3115
9579,3100
9580,3798
9581,3170
9582,3037
9583,3515
9584,3237
9585,3540
9586,3298
9587,3458
9588,3023
9589,3313
9590,4213
9591,3013
9592,3726
9593,3181
9594,3215
9595,4458
9596,5240
9597,3153
9598,5254
9599,3835
9600,50008
9601,5516
9602,3775
9603,3566
9604,3983
9605,4130
9606,57825
9607,4553
9608,4026
9609,3989
9610,4308
9611,5514
9612,3722
9613,3765
9614,3606
9615,5130
9616,3418
9617,3594
9618,3672
9619,3298
9620,4504
9621,4219
9622,4339
9623,3266
9624,3711
9625,6310
9626,3932
9627,3246
9628,3446
9629,3225
9630,5065
9631,3493
9632,4520
9633,3699
9634,3194
9635,22183
9636,3378
9637,3533
9638,3181
9639,3426
9640,3662
9641,3189
9642,6652
9643,4477
9644,4062
9645,3873
9646,3626
9647,3536
9648,3806
9649,3148
9650,9178
9651,3174
9652,4102
9653,3037
9654,4528
9655,3621
9656,3617
9657,3520
9658,4334
9659,3452
9660,6560
9661,3877
9662,16351
9663,3845
9664,4039
9665,3427
9666,3748
9667,3918
9668,3700
9669,3292
9670,14662
9671,3098
9672,3357
9673,3149
9674,4069
9675,4331
9676,3130
9677,3483
9678,3357
9679,4162
9680,3329
9681,3302
9682,3451
9683,4184
9684,3270
9685,3688
9686,3312
9687,3169
9688,6366
9689,3346
9690,3806
9691,2984
9692,3206
9693,3313
9694,3145
9695,4193
9696,6274
9697,3831
9698,4034
9699,3744
9700,27426
9701,4739
9702,3676
9703,3248
9704,3794
9705,3998
9706,4749
9707,3588
9708,3706
9709,3882
9710,4428
9711,5175
9712,4993
9713,3475
9714,4072
9715,3487
9716,3343
9717,3111
9718,3140
9719,3375
9720,4279
9721,3161
9722,3444
9723,3219
9724,3189
9725,4231
9726,3595
9727,3532
9728,5175
9729,3371
9730,3883
9731,3346
9732,3402
9733,5789
9734,4144
9735,3845
9736,3462
9737,3444
9738,3409
9739,3136
9740,3436
9741,3673
9742,3302
9743,3908
9744,4380
9745,3805
9746,3467
9747,3154
9748,3316
9749,2927
9750,8260
9751,3226
9752,3176
9753,3282
9754,3419
9755,3663
9756,3823
9757,3069
9758,3856
9759,3149
9760,3508
9761,3567
9762,4021
9763,3885
9764,3278
9765,4290
9766,4262
9767,3281
9768,3238
9769,3227
9770,4246
9771,3245
9772,3184
9773,3431
9774,2931
9775,4258
9776,3973
9777,4174
9778,3751
9779,3540
9780,5689
9781,3639
9782,2927
9783,2952
9784,3251
9785,3482
9786,3321
9787,3306
9788,3146
9789,3419
9790,4344
9791,3239
9792,4854
9793,3923
9794,3295
9795,3632
9796,6939
9797,4017
9798,3825
9799,4951
9800,33276
9801,5390
9802,4321
9803,3315
9804,3743
9805,4785
9806,3681
9807,3857
9808,4134
9809,3201
9810,6861
9811,3604
9812,3914
9813,3468
9814,3256
9815,3705
9816,3603
9817,3271
9818,3549
9819,3274
9820,5277
9821,3869
9822,3911
9823,3832
9824,3728
9825,4930
9826,3361
9827,3626
9828,3519
9829,3702
9830,4358
9831,3317
9832,4179
9833,4902
9834,3390
9835,3811
9836,3188
9837,3199
9838,3241
9839,3674
9840,4369
9841,3363
9842,3474
9843,4473
9844,3841
9845,3948
9846,3296
9847,3130
9848,3390
9849,3012
9850,7972
9851,4302
9852,3497
9853,3157
9854,3164
9855,3746
9856,3415
9857,4485
9858,3092
9859,3911
9860,4838
9861,3699
9862,3361
9863,3220
9864,3411
9865,3862
9866,3124
9867,3278
9868,3550
9869,3244
9870,3598
9871,3260
9872,3579
9873,3175
9874,3384
9875,5017
9876,7098
9877,4291
9878,5867
9879,3365
9880,4374
9881,4089
9882,4224
9883,3271
9884,3559
9885,3352
9886,4469
9887,4016
9888,5312
9889,3778
9890,4052
9891,3265
9892,3551
9893,2973
9894,3335
9895,4109
9896,3513
9897,3252
9898,4850
9899,4860
9900,54389
9901,5910
9902,4110
9903,4136
9904,4712
9905,4675
9906,5328
9907,3743
9908,3978
9909,3972
9910,4064
9911,4409
9912,4040
9913,6120
9914,3844
9915,3783
9916,3517
9917,4625
9918,3561
9919,3688
9920,5974
9921,3690
9922,4029
9923,3574
9924,3394
9925,4647
9926,3913
9927,3343
9928,3359
9929,3652
9930,5156
9931,3313
9932,3355
9933,4464
9934,3286
9935,3950
9936,3685
9937,3559
9938,3772
9939,3960
9940,3743
9941,4172
9942,3535
9943,3192
9944,5271
9945,4016
9946,3758
9947,3783
9948,3699
9949,4905
9950,7097
9951,3679
9952,4027
9953,3414
9954,3580
9955,4501
9956,4191
9957,3600
9958,3689
9959,3866
9960,5293
9961,4325
9962,3826
9963,3701
9964,3781
9965,4677
9966,5036
9967,4555
9968,4133
9969,3761
9970,4444
9971,4090
9972,4284
9973,4956
9974,3771
9975,5371
9976,4199
9977,4351
9978,4273
9979,4145
9980,4984
9981,5037
9982,4703
9983,5178
9984,6080
9985,5099
9986,4891
9987,6953
9988,6926
9989,6235
9990,10764
9991,7068
9992,7072
9993,7497
9994,10021
9995,11858
9996,9965
9997,10932
9998,14904
9999,148351
10000,449314
