number,count
0,66889726
1,119611851
2,95446348
3,74995184
4,57006369
5,61779729
6,39989620
7,32672195
8,32253548
9,25476343
10,48181920
11,18591986
12,24366143
13,13679079
14,14297852
15,19946637
16,13375806
17,10950856
18,13226107
19,16596560
20,23216264
21,9531939
22,9231717
23,8166176
24,11512573
25,14011227
26,7204400
27,6919261
28,7271583
29,6173028
30,19279808
31,5479002
32,4660693
33,3896156
34,3535160
35,5480353
36,3939506
37,3342025
38,3178569
39,3079957
40,10805190
41,2717499
42,3070432
43,2680398
44,2920400
45,5031065
46,2507945
47,2383513
48,3231298
49,2369254
50,14276777
51,2251615
52,2400083
53,2076086
54,2147173
55,3024483
56,2108294
57,1880985
58,1883290
59,1838758
60,8079236
61,1675752
62,1777652
63,1766639
64,2345126
65,3412042
66,1758550
67,1647988
68,1619571
69,1445404
70,5553685
71,1500255
72,1987843
73,1458486
74,1454598
75,4017015
76,1417387
77,1427873
78,1447688
79,1333328
80,6184398
81,1378737
82,1364408
83,1392053
84,1437152
85,2335714
86,1365608
87,1296711
88,1459265
89,1290621
90,5900526
91,1325275
92,1362045
93,1315014
94,1264919
95,3532287
96,1540085
97,1375911
98,1519667
99,2424469
100,15568385
101,1304520
102,790914
103,716180
104,838400
105,865931
106,721405
107,669180
108,766142
109,628973
110,1232919
111,667206
112,622059
113,543905
114,524766
115,685894
116,600789
117,520910
118,500474
119,493458
120,2098189
121,524340
122,501778
123,548342
124,525426
125,1007319
126,527270
127,578479
128,632240
129,433845
130,1121631
131,529114
132,439522
133,443278
134,396123
135,600746
136,398546
137,445586
138,389027
139,412495
140,1093322
141,391720
142,370961
143,374285
144,442843
145,491762
146,358512
147,379503
148,342410
149,361102
150,3064693
151,356994
152,357019
153,348141
154,333290
155,432177
156,332179
157,347181
158,309026
159,325462
160,1020775
161,346284
162,317366
163,330129
164,316295
165,451457
166,293441
167,323382
168,576536
169,324489
170,635572
171,381756
172,311091
173,295252
174,276240
175,508968
176,299657
177,303075
178,271623
179,278786
180,1363508
181,287842
182,272453
183,338132
184,430290
185,368127
186,277995
187,287365
188,331814
189,285305
190,474738
191,276657
192,489940
193,293637
194,239781
195,328551
196,258331
197,258155
198,240263
199,354277
200,6004573
201,397519
202,388696
203,312218
204,286495
205,339655
206,384302
207,284870
208,290919
209,265154
210,478242
211,282143
212,340349
213,259210
214,333327
215,330831
216,269112
217,256181
218,233209
219,235563
220,717465
221,274586
222,279111
223,252580
224,254597
225,411172
226,236688
227,237618
228,232416
229,220008
230,497981
231,248285
232,261512
233,261168
234,226217
235,320503
236,202491
237,217539
238,246522
239,232235
240,642131
241,229513
242,207309
243,224152
244,199685
245,248821
246,203572
247,218063
248,211302
249,205517
250,2201819
251,218369
252,232839
253,218575
254,232430
255,457868
256,415751
257,198863
258,175090
259,186023
260,413736
261,193642
262,199700
263,196304
264,221335
265,241076
266,178097
267,193739
268,177765
269,188608
270,415090
271,189138
272,192520
273,255396
274,169684
275,305859
276,177812
277,192705
278,168571
279,181295
280,428915
281,196539
282,175527
283,182548
284,171744
285,221116
286,168365
287,189856
288,190059
289,177298
290,257495
291,167120
292,162758
293,185091
294,158596
295,200371
296,161670
297,170748
298,161481
299,194227
300,4492519
301,298530
302,220468
303,253109
304,361473
305,245029
306,185811
307,184556
308,178078
309,179225
310,293279
311,193177
312,215651
313,199601
314,175846
315,231464
316,257769
317,181359
318,168792
319,201747
320,406695
321,196511
322,183298
323,212579
324,168708
325,291336
326,153169
327,162647
328,165924
329,150635
330,359054
331,171023
332,159294
333,218486
334,151282
335,185524
336,171601
337,165665
338,150847
339,143572
340,291843
341,153605
342,152325
343,162007
344,146372
345,189210
346,135067
347,164226
348,139296
349,143165
350,990908
351,161846
352,155897
353,151366
354,158078
355,173204
356,157087
357,154721
358,137368
359,146663
360,801964
361,151726
362,142092
363,149296
364,145247
365,470664
366,152421
367,144124
368,139309
369,139536
370,291804
371,149520
372,132965
373,142683
374,121565
375,262122
376,124388
377,147977
378,132010
379,131342
380,270236
381,139806
382,123585
383,128597
384,171279
385,163462
386,134445
387,139333
388,118868
389,121786
390,190840
391,122153
392,119381
393,133186
394,111944
395,159337
396,107850
397,119623
398,103775
399,139256
400,3365383
401,214261
402,147934
403,154973
404,186567
405,179953
406,142955
407,140421
408,135016
409,128728
410,240040
411,143673
412,134606
413,125244
414,121621
415,191905
416,141760
417,125948
418,108965
419,122061
420,267151
421,129435
422,128610
423,124641
424,120245
425,190779
426,113964
427,125272
428,113430
429,127891
430,240667
431,130098
432,138511
433,124077
434,107129
435,161516
436,104438
437,117277
438,108029
439,105741
440,245281
441,112886
442,106075
443,136645
444,124764
445,128315
446,99160
447,112230
448,104023
449,105641
450,702136
451,200669
452,100433
453,112285
454,123539
455,127666
456,114522
457,111392
458,108021
459,99788
460,205454
461,106245
462,96321
463,104014
464,98340
465,126061
466,91823
467,100112
468,95354
469,101806
470,180392
471,109994
472,94829
473,101191
474,88633
475,143508
476,129414
477,97802
478,90994
479,106920
480,305860
481,97411
482,89506
483,110388
484,92418
485,125032
486,116226
487,92220
488,108742
489,90677
490,157270
491,93757
492,90572
493,95395
494,88906
495,119818
496,97009
497,93697
498,83234
499,117045
500,6284506
501,214761
502,116468
503,123189
504,197892
505,130782
506,99032
507,103598
508,130018
509,120960
510,171989
511,105954
512,198163
513,96987
514,95104
515,121195
516,94945
517,97442
518,96415
519,97067
520,201343
521,138051
522,94245
523,97577
524,88023
525,156069
526,83522
527,100817
528,99597
529,113761
530,171688
531,91359
532,100022
533,94313
534,87789
535,112409
536,98246
537,92407
538,97863
539,94911
540,205286
541,104169
542,85457
543,95415
544,87296
545,98927
546,82608
547,83883
548,75622
549,83719
550,395244
551,96337
552,82344
553,84237
554,72993
555,152644
556,77717
557,79916
558,74550
559,82869
560,182775
561,89344
562,83636
563,86090
564,74809
565,100510
566,71190
567,87542
568,81988
569,75239
570,160005
571,83155
572,74784
573,84482
574,73254
575,109380
576,87877
577,79871
578,70043
579,77065
580,145639
581,91092
582,73763
583,74953
584,72720
585,97234
586,96276
587,86366
588,73369
589,80779
590,116873
591,71947
592,72320
593,75326
594,70075
595,85366
596,67026
597,83905
598,68436
599,77567
600,2381420
601,103164
602,98478
603,93983
604,96560
605,96993
606,80449
607,82509
608,86337
609,93429
610,153779
611,76963
612,92493
613,98196
614,82796
615,93741
616,79893
617,111132
618,112510
619,82358
620,150785
621,82257
622,86840
623,76868
624,79910
625,157896
626,79476
627,74746
628,75014
629,73016
630,154726
631,84097
632,94094
633,80833
634,70858
635,87507
636,76124
637,69684
638,69524
639,78551
640,198650
641,75724
642,83134
643,72272
644,70202
645,86892
646,72855
647,75324
648,67135
649,68124
650,408898
651,78623
652,67064
653,66582
654,65063
655,78957
656,77368
657,67654
658,61676
659,62382
660,159218
661,76639
662,72507
663,67520
664,68487
665,72041
666,89726
667,79422
668,70722
669,64997
670,125409
671,67316
672,66156
673,67796
674,69216
675,97520
676,64636
677,64101
678,67324
679,65945
680,137700
681,66675
682,59177
683,63284
684,64058
685,77699
686,62094
687,80157
688,66371
689,60868
690,101212
691,69616
692,59072
693,61833
694,54083
695,69269
696,56260
697,59050
698,53369
699,63318
700,1628926
701,89568
702,82124
703,96093
704,81203
705,88319
706,71655
707,90457
708,65762
709,68927
710,106733
711,85520
712,69948
713,71296
714,71559
715,83236
716,67887
717,77205
718,77310
719,61693
720,179924
721,71231
722,78002
723,64874
724,65329
725,89184
726,60571
727,80193
728,62851
729,61295
730,123245
731,70649
732,77907
733,64438
734,62134
735,77301
736,57361
737,104783
738,55246
739,58622
740,114319
741,76234
742,60111
743,59188
744,62553
745,72374
746,59070
747,129144
748,56731
749,58729
750,609561
751,65081
752,63054
753,71930
754,66480
755,74946
756,61158
757,75686
758,51417
759,54952
760,143382
761,60076
762,58640
763,61590
764,53701
765,77782
766,53583
767,71365
768,92155
769,53030
770,121059
771,63692
772,62258
773,61981
774,62796
775,85588
776,71029
777,103242
778,59368
779,51672
780,126083
781,63841
782,58074
783,58021
784,58685
785,76176
786,59123
787,91816
788,53425
789,59056
790,80233
791,56799
792,66820
793,58028
794,64722
795,66844
796,52635
797,53939
798,50330
799,62658
800,2412413
801,93737
802,297236
803,64319
804,64930
805,73938
806,59569
807,62936
808,87223
809,56958
810,95381
811,67586
812,65000
813,64853
814,68827
815,71008
816,59982
817,59381
818,62098
819,53348
820,101449
821,58901
822,58049
823,54816
824,55812
825,81315
826,52108
827,56392
828,63150
829,53545
830,98377
831,55183
832,58820
833,75689
834,48552
835,61640
836,52841
837,51596
838,48935
839,49136
840,110559
841,54780
842,58275
843,68465
844,74571
845,78814
846,51873
847,63632
848,55263
849,49808
850,299631
851,51077
852,60581
853,55692
854,50681
855,94658
856,52846
857,54190
858,62264
859,53506
860,105070
861,51347
862,50899
863,58286
864,62692
865,66038
866,130008
867,54400
868,50916
869,52626
870,99113
871,55233
872,50877
873,49026
874,48560
875,85796
876,50967
877,127280
878,52677
879,50387
880,104713
881,49334
882,53775
883,52041
884,47794
885,58037
886,50690
887,50348
888,182026
889,49689
890,76245
891,48786
892,45358
893,51238
894,44126
895,57037
896,51296
897,46882
898,45623
899,53307
900,1024879
901,65780
902,58350
903,54618
904,58045
905,67082
906,53480
907,85051
908,50550
909,57616
910,85165
911,348300
912,66090
913,51765
914,59762
915,65330
916,59096
917,55380
918,53717
919,60838
920,93338
921,52907
922,50943
923,48556
924,48653
925,83426
926,46365
927,49630
928,52614
929,51614
930,90979
931,51462
932,48296
933,50259
934,45911
935,54957
936,51334
937,53627
938,45556
939,47912
940,87034
941,53958
942,45404
943,45261
944,47095
945,56083
946,45708
947,44663
948,42544
949,52811
950,175104
951,54448
952,47353
953,46852
954,53066
955,54919
956,44979
957,45852
958,41786
959,49012
960,130856
961,48228
962,51847
963,49835
964,44634
965,56942
966,47930
967,51118
968,47169
969,50527
970,91773
971,51784
972,62223
973,66882
974,47476
975,69298
976,49099
977,48626
978,1424428
979,49078
980,100091
981,52697
982,44717
983,46000
984,49529
985,56105
986,43654
987,53476
988,62405
989,49356
990,163591
991,45677
992,46954
993,46771
994,47769
995,64840
996,51182
997,52945
998,53813
999,213226
1000,2191695
1001,180483
1002,311014
1003,39989
1004,34210
1005,35737
1006,51591
1007,523573
1008,31609
1009,29709
1010,84284
1011,56185
1012,52045
1013,40275
1014,43734
1015,48471
1016,1232162
1017,108486
1018,50709
1019,32277
1020,56146
1021,116482
1022,33297
1023,79259
1024,123313
1025,37315
1026,26038
1027,30996
1028,26101
1029,113004
1030,46940
1031,29423
1032,22478
1033,36942
1034,26547
1035,32125
1036,21543
1037,103846
1038,406984
1039,45497
1040,58500
1041,23402
1042,30583
1043,23660
1044,26696
1045,34287
1046,61457
1047,22760
1048,22940
1049,24537
1050,81092
1051,34233
1052,22580
1053,31037
1054,40613
1055,37309
1056,56838
1057,30576
1058,22227
1059,22639
1060,36220
1061,28519
1062,19995
1063,43558
1064,28228
1065,26100
1066,141968
1067,27498
1068,25134
1069,26291
1070,42145
1071,39350
1072,22724
1073,122962
1074,35773
1075,32281
1076,23153
1077,25127
1078,24227
1079,26141
1080,315515
1081,26164
1082,18507
1083,27951
1084,25369
1085,29518
1086,93023
1087,28609
1088,65187
1089,47614
1090,30852
1091,24105
1092,22236
1093,230490
1094,30623
1095,47543
1096,35617
1097,100593
1098,70851
1099,60430
1100,233713
1101,81706
1102,30848
1103,47452
1104,33172
1105,35785
1106,23498
1107,28009
1108,42623
1109,77177
1110,37166
1111,438024
1112,26802
1113,28472
1114,20956
1115,41916
1116,21795
1117,30805
1118,26449
1119,27518
1120,38446
1121,31058
1122,27742
1123,28593
1124,25241
1125,32860
1126,128357
1127,30895
1128,79779
1129,20944
1130,49312
1131,22795
1132,19931
1133,22118
1134,23466
1135,32649
1136,103640
1137,26093
1138,23240
1139,36940
1140,33669
1141,24318
1142,24679
1143,23905
1144,24473
1145,44233
1146,50752
1147,28006
1148,23847
1149,22938
1150,64331
1151,24059
1152,38990
1153,27499
1154,30680
1155,60831
1156,21670
1157,24365
1158,27072
1159,36915
1160,32363
1161,42438
1162,29133
1163,31795
1164,24867
1165,24456
1166,22585
1167,31125
1168,18314
1169,24398
1170,39709
1171,23522
1172,29528
1173,26568
1174,21641
1175,56695
1176,29666
1177,161563
1178,20021
1179,27525
1180,39215
1181,24159
1182,28890
1183,24441
1184,21306
1185,42602
1186,209507
1187,31805
1188,20820
1189,36543
1190,34633
1191,29278
1192,33639
1193,22512
1194,27752
1195,22612
1196,20690
1197,21066
1198,26933
1199,32393
1200,490556
1201,39982
1202,32881
1203,28097
1204,48085
1205,26899
1206,36139
1207,36444
1208,23165
1209,28354
1210,44304
1211,30994
1212,39779
1213,31687
1214,29201
1215,67202
1216,36611
1217,27083
1218,23977
1219,27885
1220,45054
1221,29784
1222,41139
1223,31013
1224,23865
1225,40401
1226,28147
1227,30202
1228,22598
1229,24810
1230,38882
1231,25868
1232,22748
1233,20966
1234,51685
1235,29809
1236,23709
1237,23315
1238,23340
1239,22183
1240,40292
1241,30314
1242,35489
1243,24425
1244,25448
1245,27631
1246,22844
1247,22704
1248,26730
1249,26663
1250,115292
1251,22478
1252,25128
1253,26644
1254,26484
1255,25761
1256,23951
1257,27020
1258,31345
1259,23257
1260,50763
1261,26720
1262,19827
1263,23116
1264,23137
1265,30776
1266,23569
1267,23025
1268,21491
1269,19708
1270,37807
1271,30214
1272,30947
1273,44163
1274,34288
1275,34379
1276,22056
1277,24180
1278,20732
1279,48704
1280,70011
1281,22694
1282,27085
1283,22029
1284,24672
1285,25957
1286,19985
1287,22034
1288,19645
1289,27126
1290,45211
1291,34097
1292,25447
1293,20888
1294,24769
1295,29134
1296,34536
1297,27667
1298,23156
1299,29275
1300,299996
1301,39907
1302,32915
1303,28470
1304,27134
1305,30885
1306,27303
1307,36176
1308,27467
1309,25684
1310,34247
1311,26104
1312,28918
1313,26412
1314,31543
1315,29517
1316,24377
1317,23635
1318,21343
1319,19918
1320,41298
1321,28483
1322,22981
1323,25179
1324,25247
1325,47689
1326,23348
1327,35660
1328,27256
1329,21854
1330,39196
1331,23241
1332,26165
1333,34822
1334,27135
1335,23543
1336,26943
1337,33625
1338,20980
1339,20878
1340,36913
1341,22513
1342,22542
1343,22241
1344,22397
1345,27415
1346,32438
1347,36873
1348,42083
1349,29382
1350,85358
1351,30564
1352,21964
1353,35310
1354,20472
1355,22281
1356,22882
1357,22150
1358,20633
1359,19933
1360,34503
1361,23251
1362,21276
1363,20877
1364,30216
1365,97723
1366,25905
1367,22934
1368,57002
1369,22686
1370,33555
1371,211083
1372,19545
1373,22349
1374,19860
1375,31457
1376,19881
1377,37491
1378,27600
1379,24842
1380,36748
1381,30837
1382,24014
1383,21398
1384,20358
1385,27142
1386,28173
1387,24381
1388,22991
1389,27641
1390,40079
1391,22883
1392,31960
1393,19816
1394,28898
1395,22774
1396,21771
1397,25330
1398,24381
1399,34673
1400,277971
1401,33771
1402,27246
1403,25943
1404,23884
1405,30966
1406,26683
1407,21171
1408,21791
1409,22634
1410,31241
1411,22838
1412,24888
1413,26805
1414,26097
1415,47498
1416,23775
1417,24830
1418,21374
1419,23481
1420,45306
1421,25301
1422,27793
1423,21813
1424,22992
1425,32554
1426,17129
1427,21657
1428,23739
1429,25721
1430,37335
1431,30388
1432,23144
1433,26461
1434,23334
1435,27085
1436,22675
1437,22650
1438,24934
1439,28054
1440,73618
1441,24515
1442,23100
1443,22657
1444,25748
1445,30760
1446,23260
1447,21984
1448,20863
1449,22839
1450,121601
1451,32500
1452,40046
1453,77061
1454,21618
1455,37659
1456,24070
1457,24172
1458,23517
1459,23633
1460,46572
1461,36773
1462,28738
1463,23064
1464,25658
1465,24938
1466,25316
1467,46048
1468,30996
1469,54130
1470,44068
1471,80264
1472,35186
1473,31072
1474,27875
1475,53410
1476,32691
1477,31794
1478,32958
1479,30225
1480,43562
1481,26333
1482,30009
1483,54047
1484,27594
1485,64294
1486,28302
1487,29545
1488,28504
1489,26038
1490,39462
1491,37691
1492,163508
1493,54434
1494,47371
1495,36818
1496,27812
1497,42269
1498,45594
1499,38649
1500,740559
1501,47597
1502,47710
1503,50592
1504,43931
1505,41081
1506,43337
1507,33986
1508,39501
1509,56614
1510,52898
1511,39844
1512,44521
1513,57688
1514,38718
1515,62838
1516,54694
1517,78240
1518,36042
1519,79066
1520,89210
1521,84689
1522,43179
1523,57277
1524,50603
1525,69549
1526,61650
1527,50705
1528,46265
1529,45784
1530,74368
1531,41931
1532,49906
1533,56854
1534,62317
1535,61198
1536,76020
1537,43806
1538,48265
1539,59687
1540,91396
1541,55738
1542,78002
1543,54272
1544,34100
1545,51298
1546,45046
1547,63719
1548,36294
1549,44180
1550,114605
1551,36166
1552,46283
1553,53836
1554,40747
1555,53868
1556,53008
1557,40878
1558,68101
1559,54777
1560,69321
1561,46995
1562,43596
1563,45113
1564,88942
1565,61577
1566,45682
1567,46634
1568,46708
1569,44387
1570,64533
1571,54430
1572,60208
1573,44006
1574,42043
1575,44981
1576,41515
1577,45656
1578,41764
1579,38714
1580,71176
1581,40248
1582,58141
1583,42118
1584,46689
1585,58152
1586,44384
1587,51609
1588,68673
1589,42931
1590,84792
1591,43860
1592,58725
1593,47473
1594,50667
1595,53160
1596,63691
1597,52519
1598,71110
1599,65731
1600,462062
1601,64330
1602,57859
1603,133119
1604,66357
1605,78004
1606,74684
1607,97010
1608,69609
1609,91441
1610,96238
1611,74659
1612,64569
1613,56118
1614,54301
1615,57106
1616,86180
1617,48895
1618,62725
1619,102947
1620,121031
1621,82368
1622,56957
1623,76710
1624,55480
1625,76911
1626,54420
1627,49499
1628,57257
1629,58241
1630,94733
1631,55733
1632,79370
1633,59435
1634,58551
1635,71371
1636,58318
1637,62625
1638,83218
1639,54582
1640,109138
1641,67993
1642,110967
1643,71844
1644,104237
1645,65084
1646,52383
1647,52451
1648,94952
1649,78773
1650,143469
1651,62616
1652,57990
1653,54323
1654,56297
1655,57316
1656,58235
1657,49038
1658,56288
1659,52358
1660,138209
1661,64221
1662,68207
1663,57128
1664,64599
1665,82737
1666,79118
1667,64565
1668,49554
1669,52265
1670,77257
1671,46422
1672,60585
1673,52022
1674,54024
1675,71444
1676,59550
1677,45740
1678,50572
1679,55230
1680,94794
1681,52840
1682,62394
1683,64312
1684,49015
1685,81409
1686,48072
1687,55979
1688,98370
1689,93358
1690,83347
1691,50702
1692,94810
1693,50888
1694,53773
1695,48737
1696,44792
1697,53869
1698,45821
1699,58558
1700,398933
1701,72056
1702,58149
1703,63356
1704,66128
1705,52729
1706,55658
1707,92359
1708,52362
1709,55909
1710,73306
1711,61416
1712,62096
1713,63406
1714,71750
1715,83601
1716,54738
1717,61756
1718,62531
1719,56837
1720,88241
1721,57896
1722,59738
1723,60772
1724,64868
1725,65165
1726,55610
1727,67564
1728,60529
1729,61872
1730,82968
1731,54330
1732,69211
1733,64969
1734,56827
1735,65614
1736,59717
1737,61780
1738,59070
1739,61953
1740,100036
1741,69943
1742,64510
1743,69850
1744,71817
1745,91051
1746,71649
1747,59224
1748,86288
1749,74611
1750,239377
1751,75294
1752,82822
1753,83302
1754,99827
1755,115467
1756,94249
1757,92176
1758,120952
1759,99645
1760,136205
1761,77185
1762,90482
1763,174908
1764,99654
1765,129456
1766,94209
1767,101804
1768,102717
1769,115820
1770,174983
1771,85730
1772,110360
1773,124835
1774,161938
1775,300716
1776,446176
1777,197719
1778,154696
1779,125528
1780,190963
1781,167517
1782,132999
1783,223145
1784,142171
1785,135854
1786,126234
1787,258902
1788,200650
1789,365942
1790,258902
1791,218451
1792,211278
1793,211997
1794,175621
1795,205405
1796,168347
1797,172480
1798,204608
1799,186935
1800,804353
1801,213303
1802,166344
1803,223150
1804,219357
1805,178693
1806,188644
1807,182069
1808,174720
1809,210374
1810,209342
1811,172452
1812,488572
1813,198425
1814,244378
1815,320232
1816,199973
1817,202290
1818,249712
1819,232340
1820,347246
1821,247022
1822,197755
1823,179057
1824,227078
1825,235144
1826,195309
1827,191552
1828,225514
1829,210813
1830,420619
1831,249693
1832,286266
1833,244346
1834,249673
1835,283838
1836,307459
1837,316211
1838,272746
1839,288781
1840,429295
1841,268665
1842,266465
1843,255861
1844,281602
1845,318434
1846,323699
1847,304999
1848,512539
1849,339470
1850,664305
1851,349907
1852,293092
1853,301600
1854,348477
1855,319421
1856,342559
1857,403075
1858,337580
1859,389086
1860,630215
1861,666042
1862,548746
1863,564649
1864,510422
1865,697151
1866,375014
1867,428474
1868,419438
1869,382969
1870,608708
1871,424128
1872,372754
1873,345495
1874,334812
1875,363701
1876,399773
1877,375612
1878,344450
1879,365129
1880,568722
1881,399048
1882,404525
1883,377042
1884,376190
1885,432449
1886,401345
1887,380754
1888,406014
1889,457596
1890,648136
1891,400172
1892,404413
1893,445063
1894,403843
1895,480117
1896,493187
1897,430051
1898,528110
1899,464004
1900,1173261
1901,592228
1902,510479
1903,516366
1904,514641
1905,621212
1906,562578
1907,545573
1908,580193
1909,525856
1910,809626
1911,683286
1912,726110
1913,707888
1914,1072870
1915,722958
1916,728017
1917,982965
1918,1175069
1919,857109
1920,1143675
1921,642028
1922,640073
1923,574608
1924,569108
1925,603035
1926,539169
1927,540722
1928,579663
1929,766841
1930,928285
1931,576242
1932,611862
1933,841145
1934,619175
1935,692080
1936,738566
1937,723333
1938,761505
1939,1116815
1940,1192872
1941,1102834
1942,1043169
1943,896572
1944,1081342
1945,1738566
1946,784449
1947,961192
1948,1031070
1949,801145
1950,1219545
1951,653595
1952,669744
1953,704193
1954,742129
1955,728927
1956,765404
1957,751693
1958,736083
1959,760958
1960,1334823
1961,923596
1962,910399
1963,1021924
1964,1089213
1965,1103601
1966,900494
1967,1080686
1968,1192582
1969,1121297
1970,1544151
1971,1120061
1972,1199709
1973,1191264
1974,1092079
1975,1238164
1976,1178437
1977,1091183
1978,1171403
1979,1401021
1980,1836475
1981,1269334
1982,1318125
1983,1312418
1984,1562105
1985,1540421
1986,1672289
1987,1599749
1988,1737552
1989,2015445
1990,2887583
1991,2375648
1992,2438754
1993,2391537
1994,2692187
1995,2927744
1996,3037947
1997,3218133
1998,3576399
1999,3812914
2000,6350474
2001,4736967
2002,4682625
2003,5192489
2004,5411057
2005,6143786
2006,6361198
2007,7058130
2008,7707790
2009,7993286
2010,9407024
2011,9024224
2012,9518551
2013,9557518
2014,9609499
2015,9828569
2016,9924483
2017,10342843
2018,9611788
2019,8412396
2020,9978810
2021,6214747
2022,3861469
2023,2092475
2024,436473
2025,536002
2026,136473
2027,98054
2028,83943
2029,59711
2030,1282608
2031,41824
2032,36683
2033,25272
2034,21776
2035,144633
2036,25955
2037,17264
2038,19023
2039,15703
2040,192203
2041,24031
2042,14092
2043,12745
2044,12979
2045,54539
2046,14041
2047,16097
2048,54085
2049,16296
2050,890847
2051,11608
2052,12344
2053,10026
2054,8462
2055,15009
2056,8605
2057,8505
2058,8144
2059,9686
2060,65274
2061,16493
2062,10668
2063,15617
2064,9019
2065,13850
2066,8531
2067,8818
2068,10099
2069,9548
2070,41231
2071,11987
2072,9596
2073,8477
2074,7634
2075,12602
2076,9173
2077,10204
2078,8085
2079,9079
2080,33904
2081,12060
2082,6674
2083,7565
2084,6281
2085,9352
2086,6040
2087,6813
2088,10320
2089,6466
2090,14971
2091,6461
2092,6679
2093,7034
2094,7765
2095,9915
2096,6510
2097,6210
2098,6172
2099,16244
2100,257943
2101,11451
2102,8259
2103,8782
2104,8739
2105,21126
2106,8991
2107,7282
2108,7868
2109,7609
2110,11493
2111,9735
2112,11224
2113,8016
2114,7772
2115,10670
2116,6607
2117,10925
2118,8683
2119,6555
2120,10079
2121,9635
2122,6602
2123,6562
2124,7850
2125,9308
2126,6277
2127,5203
2128,6689
2129,5801
2130,9865
2131,6592
2132,5238
2133,8476
2134,10170
2135,8995
2136,8481
2137,5548
2138,9916
2139,12317
2140,13996
2141,8058
2142,6247
2143,6293
2144,5456
2145,6563
2146,5198
2147,15179
2148,10443
2149,5067
2150,16882
2151,7198
2152,6018
2153,6245
2154,6300
2155,8537
2156,6352
2157,6476
2158,5350
2159,5849
2160,20374
2161,7836
2162,4768
2163,5635
2164,10704
2165,10192
2166,10956
2167,6170
2168,5635
2169,5797
2170,7143
2171,4590
2172,5014
2173,5931
2174,13176
2175,6472
2176,4458
2177,4867
2178,4851
2179,4307
2180,8592
2181,7897
2182,5025
2183,4510
2184,4824
2185,5069
2186,4306
2187,5151
2188,4385
2189,4814
2190,7681
2191,5434
2192,5835
2193,6139
2194,5239
2195,5809
2196,9950
2197,5184
2198,4101
2199,8572
2200,87605
2201,8807
2202,8094
2203,6441
2204,7155
2205,11973
2206,6334
2207,6358
2208,5138
2209,5378
2210,9620
2211,8366
2212,6724
2213,5728
2214,7836
2215,8564
2216,5209
2217,7553
2218,6008
2219,5872
2220,8377
2221,6985
2222,15905
2223,8291
2224,7288
2225,7097
2226,4877
2227,7000
2228,4917
2229,9616
2230,8411
2231,7150
2232,5013
2233,5906
2234,4695
2235,5622
2236,7089
2237,5983
2238,4641
2239,4504
2240,8587
2241,5365
2242,5170
2243,4830
2244,5764
2245,5245
2246,5010
2247,4986
2248,4750
2249,5966
2250,22146
2251,6723
2252,4854
2253,5102
2254,5102
2255,6365
2256,5160
2257,5518
2258,6039
2259,5039
2260,6922
2261,5671
2262,4603
2263,4292
2264,5419
2265,5577
2266,4771
2267,5574
2268,4957
2269,4374
2270,6042
2271,4806
2272,4640
2273,7456
2274,3766
2275,5294
2276,4759
2277,6471
2278,6859
2279,5163
2280,6268
2281,6050
2282,4513
2283,5007
2284,4413
2285,5585
2286,4459
2287,6081
2288,5546
2289,4091
2290,5536
2291,4323
2292,4277
2293,4526
2294,3647
2295,4834
2296,5087
2297,4080
2298,4228
2299,5015
2300,77490
2301,8534
2302,5818
2303,5778
2304,7312
2305,15768
2306,5586
2307,71112
2308,5049
2309,4963
2310,8854
2311,8702
2312,6529
2313,5268
2314,5281
2315,5482
2316,4346
2317,4542
2318,4379
2319,6150
2320,8553
2321,6753
2322,6926
2323,7156
2324,5156
2325,5952
2326,4559
2327,5715
2328,5031
2329,5357
2330,7395
2331,5839
2332,5055
2333,7637
2334,9301
2335,5094
2336,4485
2337,14515
2338,3774
2339,4100
2340,7675
2341,4808
2342,4313
2343,4577
2344,4311
2345,12234
2346,4107
2347,9726
2348,5495
2349,6023
2350,13319
2351,5384
2352,10218
2353,4873
2354,4091
2355,4518
2356,4137
2357,4405
2358,4157
2359,5084
2360,5894
2361,5141
2362,4772
2363,3905
2364,4349
2365,4546
2366,4427
2367,4687
2368,4427
2369,5314
2370,6438
2371,5410
2372,5012
2373,4858
2374,4228
2375,6765
2376,4663
2377,5096
2378,4363
2379,4828
2380,5711
2381,4785
2382,3893
2383,4614
2384,3480
2385,4268
2386,4454
2387,3696
2388,3698
2389,4171
2390,4654
2391,4904
2392,4897
2393,4360
2394,4327
2395,5429
2396,3665
2397,4311
2398,3996
2399,4814
2400,94977
2401,8142
2402,5259
2403,5590
2404,4535
2405,4763
2406,3622
2407,4678
2408,3771
2409,4904
2410,6224
2411,5894
2412,4674
2413,4722
2414,4484
2415,5169
2416,3812
2417,4194
2418,3508
2419,5357
2420,5912
2421,5082
2422,6737
2423,4770
2424,5499
2425,7406
2426,3716
2427,6042
2428,3792
2429,3848
2430,5586
2431,5134
2432,3705
2433,5243
2434,3623
2435,6806
2436,4162
2437,4321
2438,4556
2439,3371
2440,6763
2441,4153
2442,4057
2443,3990
2444,4275
2445,4465
2446,3618
2447,3654
2448,5529
2449,4056
2450,12610
2451,4201
2452,3429
2453,3629
2454,5278
2455,5888
2456,4736
2457,3905
2458,12148
2459,3634
2460,8439
2461,4910
2462,4136
2463,3648
2464,3517
2465,4781
2466,6205
2467,4367
2468,4607
2469,4104
2470,4862
2471,6003
2472,4240
2473,4836
2474,4726
2475,5850
2476,4262
2477,5177
2478,7817
2479,3185
2480,5331
2481,3658
2482,3260
2483,4551
2484,3473
2485,3724
2486,7416
2487,3377
2488,3316
2489,4181
2490,4574
2491,3882
2492,3321
2493,3570
2494,4821
2495,4609
2496,3347
2497,4019
2498,3982
2499,5672
2500,278696
2501,7573
2502,4759
2503,4381
2504,5035
2505,4847
2506,6158
2507,5315
2508,3900
2509,4120
2510,7154
2511,5232
2512,4100
2513,4077
2514,5689
2515,4647
2516,4118
2517,4037
2518,3815
2519,4898
2520,9047
2521,9842
2522,5116
2523,3720
2524,3588
2525,8392
2526,4378
2527,5474
2528,3787
2529,3651
2530,5243
2531,3958
2532,4440
2533,4005
2534,3149
2535,4549
2536,3953
2537,4284
2538,3167
2539,3600
2540,6478
2541,4572
2542,3867
2543,4518
2544,3755
2545,4391
2546,3086
2547,3715
2548,3336
2549,3504
2550,10967
2551,4774
2552,4398
2553,5375
2554,3798
2555,5415
2556,3292
2557,3364
2558,4509
2559,3964
2560,40789
2561,3662
2562,4130
2563,3959
2564,3571
2565,4145
2566,4027
2567,4040
2568,2865
2569,3358
2570,4861
2571,3680
2572,3409
2573,3435
2574,3026
2575,6248
2576,3412
2577,3764
2578,3533
2579,3247
2580,5516
2581,3864
2582,3053
2583,3902
2584,3575
2585,4420
2586,2979
2587,3311
2588,3612
2589,4768
2590,4305
2591,3581
2592,3775
2593,3446
2594,2959
2595,3682
2596,3201
2597,3737
2598,3164
2599,4037
2600,77602
2601,7032
2602,3889
2603,4194
2604,3494
2605,4745
2606,4254
2607,3650
2608,3181
2609,3944
2610,4900
2611,5543
2612,3272
2613,5054
2614,3398
2615,3974
2616,4659
2617,3511
2618,3710
2619,3232
2620,5518
2621,4740
2622,3490
2623,3605
2624,3079
2625,5539
2626,4475
2627,4270
2628,3626
2629,3012
2630,6512
2631,4482
2632,3653
2633,3690
2634,3203
2635,3669
2636,2949
2637,4131
2638,2931
2639,3376
2640,6329
2641,3506
2642,3634
2643,3272
2644,3293
2645,3216
2646,3097
2647,3608
2648,4864
2649,3324
2650,10202
2651,3459
2652,3464
2653,3221
2654,3213
2655,3871
2656,5444
2657,3073
2658,2741
2659,3212
2660,4608
2661,3205
2662,3077
2663,3572
2664,7361
2665,4103
2666,4691
2667,5283
2668,2820
2669,3396
2670,4401
2671,3002
2672,5870
2673,3902
2674,2748
2675,4159
2676,2741
2677,3318
2678,2642
2679,2868
2680,4610
2681,3232
2682,2655
2683,3334
2684,2726
2685,2826
2686,5702
2687,2862
2688,5118
2689,2882
2690,4577
2691,3103
2692,3091
2693,3679
2694,2547
2695,3518
2696,2964
2697,4211
2698,3441
2699,5839
2700,55993
2701,4889
2702,4161
2703,3494
2704,3258
2705,3866
2706,2962
2707,3740
2708,3070
2709,3318
2710,4411
2711,3810
2712,3550
2713,3018
2714,3237
2715,3584
2716,3068
2717,3524
2718,2501
2719,3153
2720,6461
2721,3531
2722,3686
2723,3893
2724,2765
2725,4460
2726,2715
2727,5141
2728,3579
2729,4034
2730,4069
2731,4100
2732,3212
2733,2943
2734,2711
2735,3292
2736,4269
2737,6297
2738,2981
2739,3944
2740,4228
2741,3657
2742,2794
2743,3767
2744,4660
2745,6378
2746,2585
2747,3437
2748,2448
2749,3067
2750,12446
2751,3227
2752,3413
2753,3535
2754,2678
2755,3585
2756,2694
2757,2864
2758,3365
2759,2782
2760,4719
2761,3330
2762,2719
2763,3052
2764,2676
2765,3843
2766,3303
2767,3435
2768,3038
2769,2557
2770,4218
2771,2857
2772,3990
2773,2841
2774,2432
2775,3713
2776,2606
2777,3566
2778,2842
2779,2957
2780,3873
2781,2933
2782,3162
2783,3317
2784,2427
2785,2666
2786,2501
2787,3743
2788,3280
2789,2879
2790,3393
2791,2779
2792,2516
2793,2587
2794,2540
2795,3416
2796,3050
2797,3101
2798,2368
2799,3140
2800,54306
2801,6008
2802,3294
2803,3264
2804,2829
2805,3652
2806,2624
2807,4480
2808,3985
2809,3232
2810,3930
2811,3850
2812,3534
2813,2995
2814,2868
2815,3274
2816,3029
2817,3135
2818,3410
2819,2489
2820,4175
2821,3155
2822,3957
2823,2653
2824,2863
2825,3981
2826,2846
2827,2652
2828,3575
2829,3213
2830,4216
2831,3048
2832,3275
2833,3029
2834,2662
2835,3712
2836,4389
2837,2691
2838,2634
2839,2689
2840,4140
2841,3352
2842,2352
2843,2556
2844,2413
2845,3283
2846,2250
2847,3795
2848,2721
2849,2861
2850,8967
2851,2713
2852,3175
2853,2601
2854,2443
2855,2770
2856,2459
2857,3507
2858,2499
2859,2997
2860,3912
2861,2749
2862,2611
2863,2653
2864,2708
2865,2973
2866,3213
2867,3149
2868,2762
2869,3340
2870,3426
2871,2714
2872,2703
2873,3523
2874,2538
2875,7794
2876,2267
2877,2549
2878,2387
2879,2940
2880,15010
2881,3080
2882,3027
2883,3088
2884,2408
2885,3584
2886,2764
2887,2598
2888,3081
2889,2916
2890,4372
2891,4510
2892,2344
2893,3270
2894,2173
2895,2822
2896,3081
2897,2687
2898,2560
2899,2884
2900,27956
2901,4421
2902,2784
2903,5586
2904,2728
2905,3238
2906,3087
2907,3383
2908,2499
2909,7164
2910,3840
2911,3453
2912,3723
2913,2895
2914,2864
2915,4254
2916,3298
2917,3165
2918,2894
2919,2871
2920,10247
2921,3825
2922,2938
2923,3590
2924,2550
2925,3412
2926,2464
2927,2992
2928,2598
2929,4423
2930,3773
2931,2790
2932,2513
2933,3758
2934,2339
2935,2643
2936,2610
2937,2486
2938,2253
2939,2414
2940,4343
2941,3161
2942,2181
2943,2635
2944,2835
2945,2727
2946,2236
2947,3292
2948,3271
2949,2278
2950,6264
2951,2651
2952,2779
2953,2558
2954,2360
2955,2597
2956,2151
2957,2697
2958,5855
2959,2692
2960,4415
2961,2533
2962,2333
2963,2861
2964,2094
2965,2512
2966,3946
2967,2950
2968,2236
2969,2330
2970,3219
2971,2828
2972,2430
2973,3032
2974,2388
2975,2806
2976,2167
2977,2683
2978,2063
2979,3395
2980,3568
2981,2770
2982,3223
2983,2579
2984,2537
2985,2700
2986,2147
2987,3000
2988,2648
2989,3477
2990,3874
2991,21468
2992,3081
2993,2658
2994,2465
2995,4145
2996,2660
2997,2916
2998,2476
2999,5798
3000,587904
3001,10395
3002,5587
3003,9554
3004,5473
3005,4841
3006,4459
3007,3969
3008,4635
3009,3866
3010,7452
3011,4464
3012,4913
3013,3802
3014,3381
3015,4112
3016,3888
3017,3697
3018,4058
3019,4040
3020,5939
3021,3857
3022,3125
3023,4110
3024,3704
3025,5055
3026,3043
3027,3506
3028,2799
3029,3211
3030,7694
3031,4025
3032,3315
3033,3822
3034,3301
3035,3773
3036,2797
3037,2461
3038,2970
3039,3095
3040,7789
3041,2865
3042,3325
3043,3087
3044,2706
3045,3508
3046,2631
3047,2664
3048,14745
3049,2953
3050,7867
3051,3387
3052,3295
3053,2793
3054,3839
3055,3154
3056,2481
3057,3098
3058,2449
3059,3652
3060,5867
3061,2773
3062,2617
3063,2591
3064,2233
3065,3203
3066,3001
3067,3207
3068,2736
3069,2353
3070,4554
3071,2961
3072,5032
3073,3190
3074,2700
3075,3108
3076,2224
3077,5708
3078,2261
3079,2889
3080,5900
3081,3067
3082,2225
3083,2986
3084,2436
3085,2986
3086,2618
3087,2857
3088,2978
3089,2540
3090,5411
3091,3322
3092,2149
3093,2437
3094,2230
3095,3023
3096,2306
3097,2453
3098,2337
3099,8358
3100,40004
3101,6960
3102,11623
3103,4297
3104,3923
3105,4500
3106,3528
3107,2885
3108,3474
3109,17891
3110,5047
3111,4851
3112,3577
3113,4373
3114,6032
3115,4080
3116,2624
3117,2863
3118,2348
3119,3214
3120,4914
3121,5206
3122,3800
3123,3287
3124,2810
3125,8076
3126,3135
3127,2643
3128,3539
3129,2438
3130,5125
3131,5272
3132,3505
3133,6266
3134,2904
3135,2670
3136,2768
3137,2764
3138,4215
3139,2683
3140,4192
3141,4060
3142,2964
3143,3199
3144,2619
3145,3731
3146,2509
3147,3719
3148,2808
3149,2252
3150,10662
3151,2728
3152,2422
3153,4307
3154,2474
3155,3073
3156,4567
3157,2477
3158,2145
3159,2361
3160,3491
3161,2969
3162,3207
3163,2564
3164,2786
3165,2684
3166,17591
3167,3154
3168,6523
3169,2444
3170,3017
3171,4557
3172,2161
3173,2428
3174,2706
3175,3004
3176,3022
3177,2517
3178,1908
3179,2313
3180,3905
3181,2997
3182,3213
3183,2615
3184,2576
3185,2646
3186,2329
3187,3082
3188,2952
3189,5216
3190,3645
3191,2475
3192,2543
3193,1812
3194,2077
3195,2664
3196,1959
3197,2402
3198,2225
3199,2713
3200,65416
3201,14518
3202,3313
3203,3049
3204,2828
3205,3857
3206,2460
3207,4340
3208,2536
3209,2594
3210,5204
3211,3479
3212,2935
3213,2912
3214,2561
3215,3291
3216,3152
3217,3815
3218,2938
3219,2842
3220,4145
3221,2962
3222,3223
3223,4121
3224,3367
3225,3185
3226,2651
3227,3266
3228,2644
3229,2633
3230,3273
3231,2671
3232,3350
3233,8336
3234,2421
3235,2493
3236,2458
3237,2433
3238,3294
3239,2036
3240,4304
3241,2646
3242,2974
3243,2785
3244,2387
3245,2797
3246,2773
3247,2069
3248,2265
3249,2326
3250,7714
3251,2352
3252,2406
3253,2250
3254,2206
3255,2600
3256,2730
3257,2421
3258,2197
3259,2224
3260,3723
3261,2784
3262,2211
3263,2455
3264,2585
3265,2392
3266,2402
3267,2164
3268,2380
3269,2340
3270,4512
3271,1925
3272,2926
3273,2189
3274,2111
3275,2841
3276,2479
3277,2405
3278,2494
3279,1966
3280,4861
3281,3440
3282,2491
3283,2516
3284,1973
3285,2467
3286,2267
3287,2133
3288,1977
3289,2311
3290,2943
3291,2101
3292,1930
3293,2488
3294,1879
3295,2381
3296,3342
3297,2850
3298,1799
3299,2554
3300,40113
3301,6331
3302,3704
3303,4132
3304,2545
3305,5446
3306,5549
3307,2875
3308,2430
3309,2743
3310,6764
3311,4168
3312,2550
3313,3674
3314,3034
3315,2844
3316,2723
3317,2529
3318,2148
3319,2547
3320,3806
3321,3525
3322,4890
3323,2767
3324,4044
3325,3190
3326,2346
3327,2640
3328,2301
3329,2846
3330,4636
3331,2840
3332,2691
3333,13854
3334,4227
3335,2970
3336,3040
3337,2626
3338,2870
3339,2727
3340,4093
3341,2705
3342,2531
3343,2826
3344,3522
3345,2821
3346,3039
3347,2194
3348,2177
3349,2722
3350,9121
3351,2839
3352,2453
3353,2398
3354,13742
3355,2835
3356,2447
3357,2464
3358,2160
3359,2322
3360,4025
3361,2275
3362,2750
3363,2153
3364,2177
3365,2872
3366,3304
3367,2152
3368,2842
3369,1998
3370,3490
3371,2603
3372,2612
3373,2995
3374,2001
3375,2940
3376,2409
3377,2706
3378,2079
3379,2888
3380,3325
3381,2676
3382,3867
3383,2235
3384,2183
3385,2222
3386,4184
3387,1867
3388,2047
3389,127508
3390,114596
3391,2819
3392,1869
3393,3059
3394,2127
3395,2795
3396,1919
3397,2266
3398,2032
3399,3171
3400,29745
3401,3399
3402,8890
3403,2433
3404,2367
3405,2715
3406,4066
3407,2670
3408,2076
3409,2090
3410,3809
3411,2455
3412,3285
3413,2708
3414,2469
3415,3462
3416,2026
3417,2396
3418,2098
3419,1948
3420,3673
3421,2549
3422,3431
3423,2175
3424,1982
3425,2785
3426,1951
3427,2081
3428,1965
3429,2129
3430,2949
3431,2540
3432,2389
3433,2278
3434,2851
3435,3307
3436,1793
3437,2028
3438,2230
3439,1981
3440,3619
3441,2491
3442,2115
3443,2459
3444,3281
3445,2274
3446,2147
3447,2080
3448,2287
3449,2207
3450,5190
3451,2007
3452,2160
3453,3392
3454,2269
3455,2144
3456,4937
3457,2080
3458,2160
3459,2294
3460,3207
3461,2246
3462,2003
3463,2038
3464,2705
3465,2443
3466,1957
3467,2085
3468,2239
3469,2159
3470,3444
3471,1937
3472,3352
3473,2126
3474,2160
3475,2907
3476,3227
3477,2297
3478,2290
3479,1869
3480,3179
3481,2170
3482,2013
3483,1905
3484,1833
3485,2293
3486,2176
3487,1727
3488,3031
3489,1863
3490,2725
3491,1931
3492,1862
3493,2102
3494,1721
3495,3794
3496,1824
3497,1917
3498,1781
3499,2087
3500,131417
3501,4303
3502,2541
3503,2537
3504,2217
3505,3960
3506,2741
3507,2089
3508,2794
3509,1868
3510,3309
3511,2560
3512,2601
3513,2196
3514,2281
3515,2535
3516,1873
3517,1979
3518,3309
3519,2094
3520,3845
3521,2604
3522,3519
3523,2185
3524,2129
3525,2575
3526,1820
3527,2232
3528,2814
3529,2013
3530,2989
3531,2430
3532,2092
3533,1991
3534,1823
3535,4050
3536,2294
3537,1982
3538,1930
3539,2072
3540,3093
3541,2403
3542,2082
3543,2314
3544,1982
3545,2260
3546,1834
3547,2223
3548,2054
3549,1989
3550,5363
3551,2363
3552,2122
3553,2489
3554,1750
3555,3714
3556,1961
3557,2054
3558,2575
3559,1788
3560,3197
3561,2035
3562,2090
3563,2038
3564,1701
3565,2032
3566,1986
3567,1775
3568,3315
3569,1837
3570,2755
3571,2364
3572,1948
3573,1887
3574,1654
3575,2410
3576,1935
3577,1880
3578,1613
3579,1931
3580,2779
3581,1896
3582,1772
3583,2134
3584,2395
3585,2030
3586,1699
3587,1773
3588,2091
3589,1988
3590,2999
3591,1942
3592,2087
3593,1901
3594,1652
3595,2052
3596,1582
3597,2148
3598,1658
3599,2169
3600,60424
3601,3567
3602,2555
3603,3364
3604,2489
3605,2311
3606,2065
3607,1730
3608,1882
3609,1970
3610,2884
3611,2281
3612,1733
3613,1874
3614,1708
3615,2550
3616,2051
3617,1871
3618,1918
3619,1719
3620,2600
3621,2443
3622,2751
3623,2328
3624,1970
3625,2838
3626,1834
3627,3778
3628,2810
3629,1862
3630,3063
3631,2013
3632,2341
3633,2595
3634,1924
3635,2022
3636,3060
3637,2078
3638,1801
3639,2077
3640,3442
3641,3469
3642,3452
3643,2175
3644,1695
3645,2055
3646,2252
3647,2106
3648,2261
3649,1775
3650,6232
3651,2277
3652,2001
3653,1960
3654,1751
3655,2160
3656,1784
3657,2395
3658,1926
3659,1980
3660,2864
3661,1751
3662,1668
3663,2414
3664,1715
3665,2045
3666,2249
3667,1975
3668,2151
3669,1820
3670,2311
3671,1856
3672,1678
3673,1643
3674,2064
3675,2844
3676,2195
3677,1798
3678,1882
3679,2287
3680,2647
3681,2042
3682,1848
3683,1946
3684,1852
3685,1863
3686,1971
3687,1663
3688,1723
3689,1729
3690,2365
3691,1753
3692,1704
3693,1774
3694,1349
3695,1957
3696,1748
3697,1798
3698,1659
3699,2065
3700,23263
3701,3877
3702,2467
3703,2842
3704,5292
3705,2320
3706,1743
3707,2161
3708,2102
3709,1721
3710,2810
3711,2426
3712,2099
3713,2212
3714,1735
3715,2501
3716,1574
3717,2386
3718,2370
3719,1951
3720,3223
3721,2195
3722,2002
3723,1899
3724,2977
3725,1994
3726,2030
3727,3006
3728,1630
3729,2442
3730,4544
3731,2056
3732,4227
3733,4911
3734,1594
3735,2053
3736,1621
3737,3348
3738,2113
3739,1989
3740,2614
3741,2027
3742,2577
3743,1930
3744,2173
3745,3171
3746,1992
3747,1902
3748,4338
3749,1711
3750,7534
3751,1874
3752,1862
3753,2291
3754,2239
3755,2548
3756,1806
3757,1926
3758,10492
3759,1680
3760,3881
3761,2559
3762,2382
3763,2220
3764,1776
3765,1999
3766,2045
3767,2104
3768,1731
3769,1678
3770,2811
3771,2110
3772,1993
3773,2735
3774,2013
3775,2122
3776,2064
3777,2530
3778,1547
3779,1728
3780,2875
3781,2095
3782,1870
3783,1626
3784,1638
3785,2802
3786,1720
3787,1995
3788,1835
3789,1688
3790,2176
3791,4944
3792,1518
3793,1836
3794,1616
3795,1712
3796,1403
3797,3016
3798,1639
3799,1836
3800,25476
3801,3361
3802,2044
3803,2450
3804,1833
3805,1941
3806,2055
3807,1736
3808,2246
3809,2226
3810,3509
3811,2337
3812,1985
3813,1780
3814,1995
3815,2135
3816,1788
3817,1891
3818,1649
3819,1783
3820,3612
3821,1811
3822,2126
3823,2081
3824,2277
3825,2252
3826,1645
3827,1961
3828,1985
3829,1640
3830,2327
3831,2050
3832,1868
3833,2407
3834,1957
3835,2386
3836,1568
3837,1667
3838,2503
3839,2051
3840,15616
3841,3459
3842,1983
3843,2052
3844,3203
3845,1950
3846,2418
3847,6053
3848,1828
3849,1531
3850,4772
3851,2016
3852,2310
3853,1619
3854,1607
3855,2239
3856,1548
3857,2427
3858,1555
3859,2306
3860,2295
3861,2404
3862,1630
3863,1753
3864,2316
3865,1663
3866,1454
3867,1815
3868,2068
3869,1949
3870,2566
3871,1714
3872,1976
3873,1579
3874,1395
3875,1904
3876,1542
3877,1670
3878,2092
3879,1421
3880,2544
3881,2197
3882,1467
3883,1796
3884,1324
3885,1915
3886,3653
3887,1590
3888,3035
3889,2087
3890,2617
3891,1709
3892,4247
3893,1595
3894,2453
3895,1950
3896,1929
3897,5889
3898,1608
3899,2028
3900,15621
3901,2494
3902,1664
3903,1973
3904,2004
3905,1866
3906,2370
3907,1865
3908,1837
3909,2032
3910,2217
3911,2294
3912,2212
3913,1830
3914,1833
3915,2131
3916,2060
3917,2429
3918,1525
3919,1892
3920,3229
3921,1916
3922,2620
3923,3688
3924,1738
3925,1930
3926,1583
3927,1772
3928,3728
3929,1773
3930,2159
3931,2500
3932,2475
3933,2001
3934,2181
3935,1741
3936,1595
3937,11108
3938,1544
3939,2934
3940,3256
3941,1617
3942,1430
3943,1572
3944,1482
3945,11562
3946,1571
3947,1685
3948,1407
3949,2169
3950,3237
3951,1627
3952,1904
3953,1413
3954,1720
3955,1945
3956,1813
3957,1517
3958,1624
3959,3093
3960,3011
3961,1770
3962,2412
3963,1843
3964,1681
3965,1921
3966,1662
3967,1514
3968,1535
3969,3499
3970,1936
3971,2289
3972,1770
3973,1631
3974,1427
3975,1957
3976,1595
3977,1713
3978,1998
3979,1983
3980,2088
3981,1708
3982,1618
3983,1567
3984,1486
3985,1784
3986,2250
3987,1675
3988,2174
3989,2295
3990,2226
3991,2642
3992,1872
3993,1850
3994,1320
3995,2211
3996,3092
3997,1792
3998,2262
3999,4156
4000,356703
4001,6795
4002,3637
4003,3392
4004,16357
4005,4011
4006,3049
4007,3022
4008,3546
4009,2682
4010,4552
4011,4012
4012,3151
4013,2773
4014,3285
4015,2809
4016,3019
4017,4906
4018,4942
4019,1834
4020,10022
4021,3271
4022,2338
4023,2269
4024,2525
4025,3064
4026,2303
4027,3382
4028,3189
4029,2711
4030,3551
4031,3185
4032,3155
4033,3191
4034,2188
4035,2244
4036,1910
4037,2590
4038,3196
4039,4655
4040,5923
4041,2764
4042,2257
4043,2636
4044,2247
4045,2496
4046,3109
4047,3037
4048,1809
4049,7019
4050,5737
4051,5981
4052,2009
4053,2302
4054,1989
4055,2103
4056,1975
4057,2049
4058,1935
4059,1617
4060,4536
4061,2561
4062,1808
4063,1895
4064,1987
4065,2638
4066,2531
4067,4501
4068,1765
4069,1852
4070,2755
4071,2000
4072,2679
4073,2056
4074,1973
4075,2256
4076,1613
4077,2043
4078,1406
4079,2147
4080,3359
4081,4020
4082,1882
4083,1761
4084,1816
4085,2656
4086,1815
4087,1919
4088,3968
4089,1572
4090,3031
4091,1880
4092,2005
4093,2236
4094,2642
4095,4374
4096,28743
4097,1940
4098,1942
4099,2175
4100,14902
4101,4405
4102,5512
4103,18780
4104,3169
4105,2212
4106,2108
4107,3733
4108,2247
4109,2241
4110,3141
4111,3485
4112,2103
4113,2131
4114,2322
4115,2381
4116,2359
4117,1798
4118,1839
4119,1773
4120,4083
4121,2327
4122,2303
4123,2138
4124,1788
4125,2743
4126,1813
4127,1817
4128,2352
4129,2727
4130,7477
4131,2348
4132,2088
4133,1958
4134,1767
4135,9285
4136,1811
4137,2169
4138,1701
4139,2025
4140,10095
4141,4027
4142,3322
4143,2296
4144,1867
4145,1967
4146,1731
4147,1561
4148,1988
4149,1728
4150,4333
4151,2912
4152,1605
4153,1771
4154,1799
4155,2397
4156,1819
4157,2229
4158,1848
4159,3242
4160,4922
4161,6756
4162,1913
4163,1822
4164,1475
4165,2437
4166,2037
4167,2575
4168,1739
4169,1850
4170,2221
4171,2461
4172,10752
4173,2017
4174,1376
4175,2178
4176,1344
4177,1549
4178,1325
4179,2987
4180,2772
4181,2381
4182,1647
4183,1467
4184,2787
4185,1695
4186,2342
4187,1750
4188,1565
4189,1591
4190,2135
4191,2020
4192,1717
4193,1762
4194,1676
4195,1704
4196,1488
4197,1764
4198,1385
4199,1568
4200,26577
4201,3119
4202,3062
4203,2469
4204,2041
4205,2399
4206,1785
4207,1991
4208,1747
4209,2249
4210,2945
4211,2473
4212,2187
4213,1879
4214,2838
4215,2729
4216,1583
4217,6190
4218,1576
4219,1569
4220,2763
4221,2862
4222,4785
4223,1907
4224,1975
4225,2722
4226,2130
4227,2933
4228,1543
4229,1836
4230,2328
4231,2092
4232,2213
4233,1953
4234,1598
4235,1561
4236,9965
4237,1957
4238,2383
4239,1880
4240,2501
4241,1972
4242,3207
4243,1926
4244,2602
4245,1966
4246,1719
4247,1575
4248,1881
4249,1903
4250,4560
4251,2178
4252,1772
4253,2043
4254,1938
4255,1974
4256,1508
4257,2580
4258,2541
4259,1683
4260,2283
4261,2459
4262,2239
4263,1838
4264,1609
4265,1851
4266,1594
4267,1920
4268,1456
4269,5931
4270,2101
4271,5206
4272,1684
4273,1544
4274,2529
4275,1673
4276,2276
4277,1865
4278,2029
4279,1577
4280,2007
4281,1432
4282,1511
4283,1546
4284,1456
4285,1700
4286,2077
4287,1825
4288,1801
4289,1503
4290,2247
4291,1931
4292,2536
4293,1284
4294,1616
4295,1959
4296,1650
4297,1432
4298,1550
4299,1818
4300,16785
4301,6826
4302,3052
4303,2437
4304,2557
4305,2460
4306,2455
4307,2857
4308,1634
4309,1574
4310,3572
4311,2359
4312,2616
4313,1695
4314,4101
4315,3678
4316,1544
4317,1849
4318,1811
4319,5787
4320,9301
4321,5434
4322,1945
4323,1742
4324,10198
4325,2477
4326,4445
4327,2052
4328,2331
4329,1948
4330,2863
4331,10194
4332,2480
4333,2902
4334,1654
4335,2166
4336,1602
4337,2783
4338,2236
4339,1445
4340,5361
4341,1851
4342,1451
4343,3542
4344,2025
4345,2244
4346,1521
4347,1738
4348,1641
4349,1542
4350,4199
4351,1883
4352,1780
4353,1587
4354,1399
4355,1887
4356,2761
4357,10626
4358,1766
4359,1321
4360,4718
4361,1754
4362,1878
4363,1923
4364,2514
4365,2003
4366,1556
4367,1336
4368,3679
4369,1545
4370,2218
4371,1637
4372,1676
4373,1689
4374,1776
4375,3279
4376,1284
4377,2905
4378,1210
4379,1421
4380,2469
4381,2163
4382,1394
4383,1368
4384,1874
4385,1545
4386,1275
4387,1439
4388,2952
4389,1507
4390,1835
4391,1752
4392,1564
4393,1455
4394,1398
4395,2042
4396,1603
4397,1410
4398,1892
4399,2034
4400,17513
4401,5751
4402,2569
4403,2466
4404,4410
4405,2103
4406,2957
4407,2042
4408,2142
4409,1933
4410,2406
4411,2652
4412,2166
4413,1447
4414,2498
4415,2048
4416,1507
4417,1694
4418,1627
4419,4845
4420,2466
4421,1987
4422,5311
4423,1881
4424,1845
4425,1996
4426,2004
4427,1543
4428,1550
4429,1650
4430,3022
4431,1829
4432,1655
4433,2082
4434,1556
4435,5970
4436,1841
4437,1865
4438,2359
4439,1550
4440,2735
4441,2187
4442,1757
4443,2422
4444,8872
4445,2066
4446,1844
4447,1734
4448,1997
4449,2283
4450,3241
4451,2061
4452,1498
4453,3211
4454,1616
4455,2248
4456,1627
4457,1904
4458,1724
4459,1315
4460,2119
4461,1695
4462,1960
4463,1648
4464,2003
4465,1588
4466,1474
4467,1523
4468,1498
4469,2252
4470,2366
4471,2192
4472,2021
4473,1799
4474,1722
4475,1612
4476,1213
4477,1828
4478,1520
4479,1630
4480,2518
4481,1632
4482,2130
4483,1557
4484,2666
4485,1914
4486,1613
4487,1429
4488,2001
4489,1496
4490,2981
4491,1881
4492,1162
4493,1791
4494,1509
4495,1733
4496,1721
4497,1516
4498,1490
4499,1951
4500,72434
4501,3249
4502,1893
4503,2166
4504,2059
4505,2451
4506,1790
4507,1628
4508,1617
4509,1483
4510,2993
4511,2862
4512,1921
4513,1990
4514,1586
4515,1642
4516,2527
4517,1479
4518,1349
4519,1647
4520,2350
4521,1981
4522,2722
4523,1401
4524,1551
4525,1825
4526,1686
4527,1633
4528,1528
4529,1858
4530,2257
4531,1452
4532,1633
4533,1655
4534,1350
4535,2388
4536,2372
4537,1950
4538,1348
4539,1597
4540,1819
4541,1972
4542,1266
4543,1612
4544,1600
4545,3100
4546,1689
4547,1554
4548,1834
4549,1302
4550,3909
4551,2094
4552,1726
4553,1526
4554,1519
4555,2687
4556,1434
4557,1979
4558,2090
4559,1633
4560,3328
4561,1323
4562,1922
4563,1756
4564,1543
4565,2768
4566,1976
4567,4554
4568,1887
4569,1562
4570,2286
4571,2832
4572,1737
4573,1448
4574,1215
4575,1987
4576,1892
4577,2544
4578,1419
4579,1868
4580,2198
4581,1462
4582,1406
4583,2863
4584,1315
4585,1511
4586,1641
4587,1593
4588,1344
4589,1409
4590,2495
4591,1308
4592,1603
4593,1417
4594,1525
4595,1309
4596,1439
4597,1523
4598,1686
4599,1517
4600,15376
4601,3573
4602,2018
4603,2057
4604,1407
4605,2139
4606,1581
4607,1520
4608,1998
4609,1636
4610,3044
4611,1659
4612,2248
4613,1969
4614,3991
4615,2625
4616,1717
4617,1915
4618,1431
4619,1448
4620,2326
4621,1453
4622,1985
4623,1753
4624,1611
4625,2255
4626,1528
4627,1495
4628,1668
4629,1482
4630,2156
4631,2003
4632,2203
4633,1503
4634,2715
4635,1445
4636,6968
4637,1831
4638,1284
4639,1759
4640,2166
4641,1697
4642,3226
4643,1490
4644,1589
4645,1649
4646,2416
4647,2354
4648,1870
4649,1955
4650,3680
4651,1931
4652,1508
4653,1521
4654,1545
4655,1760
4656,1476
4657,1274
4658,2128
4659,1168
4660,2327
4661,1555
4662,1678
4663,1737
4664,1324
4665,1868
4666,2375
4667,1500
4668,1489
4669,1565
4670,1890
4671,1412
4672,1487
4673,6472
4674,1570
4675,1394
4676,1814
4677,1454
4678,1470
4679,1686
4680,4264
4681,1471
4682,1724
4683,1421
4684,1913
4685,1463
4686,1619
4687,2355
4688,1509
4689,1246
4690,2199
4691,1420
4692,1319
4693,1213
4694,1605
4695,1622
4696,3166
4697,1347
4698,1331
4699,1455
4700,17489
4701,2137
4702,1801
4703,2259
4704,1872
4705,1807
4706,1382
4707,1849
4708,1546
4709,2164
4710,2466
4711,2333
4712,1893
4713,2612
4714,1800
4715,2235
4716,1345
4717,1384
4718,1472
4719,1239
4720,2368
4721,1484
4722,1627
4723,1641
4724,1635
4725,2585
4726,1660
4727,1788
4728,1712
4729,1773
4730,1907
4731,1542
4732,1561
4733,1661
4734,1141
4735,1350
4736,1701
4737,1407
4738,1760
4739,1213
4740,2064
4741,1516
4742,1800
4743,1280
4744,1668
4745,1509
4746,1388
4747,2759
4748,1356
4749,1452
4750,3906
4751,1895
4752,1676
4753,1529
4754,1990
4755,2237
4756,1308
4757,2084
4758,2188
4759,1329
4760,2754
4761,1510
4762,1670
4763,1763
4764,1055
4765,1338
4766,1651
4767,1478
4768,1450
4769,2289
4770,3015
4771,1694
4772,1798
4773,1870
4774,1653
4775,1715
4776,1254
4777,2075
4778,1629
4779,1226
4780,2122
4781,2589
4782,1280
4783,1451
4784,1365
4785,1297
4786,1227
4787,1425
4788,1220
4789,1444
4790,1610
4791,2880
4792,1205
4793,1794
4794,1142
4795,1277
4796,1149
4797,1530
4798,1112
4799,1934
4800,27933
4801,2699
4802,1694
4803,1544
4804,1409
4805,2297
4806,1564
4807,1582
4808,1327
4809,1227
4810,2565
4811,2038
4812,1632
4813,1222
4814,1368
4815,1537
4816,1433
4817,1295
4818,1385
4819,10982
4820,1949
4821,1396
4822,1979
4823,1686
4824,1277
4825,1613
4826,1366
4827,2071
4828,1776
4829,1109
4830,1656
4831,2085
4832,1712
4833,1970
4834,1165
4835,2068
4836,1540
4837,1506
4838,2327
4839,1457
4840,2891
4841,1849
4842,1838
4843,1193
4844,1623
4845,1754
4846,1160
4847,1275
4848,2219
4849,1728
4850,3160
4851,1413
4852,1399
4853,1404
4854,1183
4855,1463
4856,1352
4857,1283
4858,1487
4859,1599
4860,2819
4861,1684
4862,1344
4863,1669
4864,1295
4865,1296
4866,1449
4867,1563
4868,1431
4869,1495
4870,2026
4871,1317
4872,2186
4873,1188
4874,1261
4875,1681
4876,1895
4877,1758
4878,1858
4879,1358
4880,2509
4881,1331
4882,1494
4883,1086
4884,1652
4885,1516
4886,1507
4887,2723
4888,1721
4889,3034
4890,1639
4891,1118
4892,1517
4893,1109
4894,1143
4895,1306
4896,1170
4897,1299
4898,1429
4899,2093
4900,9927
4901,2782
4902,1401
4903,1447
4904,1216
4905,1594
4906,1699
4907,1312
4908,1248
4909,1584
4910,1889
4911,2148
4912,1392
4913,1278
4914,1429
4915,1880
4916,1178
4917,1417
4918,1239
4919,1270
4920,1903
4921,2005
4922,1798
4923,1521
4924,1369
4925,1678
4926,1446
4927,1363
4928,1282
4929,1451
4930,1784
4931,1343
4932,1450
4933,1386
4934,1344
4935,1129
4936,1311
4937,1231
4938,1087
4939,3203
4940,2024
4941,1438
4942,1133
4943,1333
4944,1632
4945,2073
4946,1210
4947,1227
4948,1546
4949,2041
4950,2984
4951,1444
4952,1183
4953,1252
4954,1213
4955,1494
4956,1238
4957,1219
4958,1245
4959,1698
4960,1856
4961,1363
4962,1413
4963,1170
4964,1176
4965,1413
4966,1499
4967,1389
4968,1246
4969,1182
4970,2022
4971,1309
4972,1131
4973,1239
4974,1099
4975,1708
4976,1034
4977,1575
4978,1336
4979,1197
4980,1886
4981,1044
4982,1229
4983,2162
4984,1137
4985,1671
4986,1133
4987,1226
4988,1223
4989,1806
4990,2096
4991,1670
4992,1244
4993,2129
4994,1564
4995,2066
4996,1591
4997,1318
4998,1300
4999,3498
5000,465640
5001,7427
5002,3571
5003,2763
5004,2514
5005,5470
5006,2143
5007,3073
5008,2043
5009,2148
5010,3762
5011,3079
5012,1855
5013,2347
5014,2963
5015,2601
5016,1696
5017,2014
5018,1674
5019,1566
5020,4161
5021,2116
5022,1835
5023,2096
5024,1741
5025,2152
5026,1649
5027,2070
5028,1384
5029,1774
5030,3553
5031,1619
5032,2254
5033,2222
5034,1461
5035,1860
5036,1439
5037,1691
5038,2330
5039,2021
5040,4934
5041,1678
5042,2016
5043,1500
5044,1605
5045,1819
5046,1253
5047,2017
5048,1688
5049,1603
5050,8346
5051,2046
5052,4768
5053,2234
5054,1666
5055,2615
5056,1858
5057,1281
5058,1245
5059,1490
5060,3908
5061,16491
5062,1566
5063,1615
5064,1495
5065,2141
5066,2695
5067,3756
5068,1953
5069,2433
5070,3882
5071,1261
5072,1836
5073,1439
5074,1435
5075,2045
5076,1551
5077,1307
5078,1739
5079,1253
5080,2313
5081,1552
5082,1343
5083,2958
5084,1191
5085,2301
5086,2137
5087,1419
5088,1834
5089,1576
5090,3045
5091,1573
5092,1119
5093,1474
5094,1275
5095,1823
5096,1190
5097,1190
5098,1578
5099,1429
5100,13845
5101,2905
5102,1938
5103,1908
5104,1961
5105,1951
5106,1538
5107,1950
5108,1435
5109,1360
5110,3578
5111,3619
5112,2200
5113,1815
5114,2890
5115,2015
5116,1816
5117,1930
5118,1649
5119,1564
5120,8666
5121,2238
5122,1806
5123,1756
5124,1563
5125,2309
5126,4036
5127,1361
5128,2689
5129,1448
5130,2191
5131,2113
5132,1333
5133,1481
5134,1397
5135,2108
5136,1273
5137,1781
5138,1569
5139,1684
5140,2312
5141,1660
5142,1507
5143,1396
5144,1592
5145,1957
5146,1522
5147,1238
5148,1417
5149,1388
5150,5941
5151,2494
5152,2165
5153,1649
5154,1910
5155,1742
5156,2202
5157,1696
5158,1160
5159,1189
5160,3142
5161,1883
5162,1407
5163,1387
5164,1081
5165,1429
5166,1574
5167,1879
5168,1118
5169,1622
5170,1629
5171,1737
5172,1735
5173,1497
5174,1106
5175,1607
5176,1520
5177,1286
5178,1286
5179,1491
5180,1953
5181,1458
5182,1559
5183,1501
5184,1514
5185,1233
5186,1191
5187,1080
5188,1472
5189,1621
5190,1757
5191,1543
5192,1296
5193,2029
5194,78957
5195,3027
5196,1963
5197,1674
5198,1393
5199,1892
5200,18911
5201,2163
5202,1540
5203,1575
5204,1816
5205,1912
5206,1500
5207,1234
5208,1289
5209,1657
5210,3558
5211,1954
5212,1789
5213,1623
5214,1771
5215,1623
5216,1498
5217,1959
5218,1774
5219,1499
5220,3532
5221,1665
5222,2579
5223,1843
5224,1421
5225,2583
5226,1296
5227,1540
5228,1240
5229,1337
5230,2083
5231,1593
5232,1445
5233,1416
5234,1361
5235,1732
5236,1803
5237,1351
5238,1273
5239,1240
5240,1853
5241,1457
5242,1259
5243,1522
5244,1164
5245,2051
5246,1318
5247,1841
5248,1474
5249,1299
5250,4514
5251,1789
5252,3212
5253,2248
5254,1529
5255,2257
5256,1374
5257,1397
5258,1517
5259,1573
5260,1859
5261,2287
5262,1361
5263,1540
5264,1193
5265,1138
5266,2027
5267,1854
5268,1501
5269,1291
5270,2006
5271,1703
5272,1485
5273,1570
5274,1413
5275,1947
5276,1276
5277,1410
5278,1283
5279,1102
5280,8249
5281,12168
5282,1346
5283,1555
5284,1324
5285,3275
5286,2441
5287,1222
5288,1257
5289,1126
5290,1564
5291,1418
5292,1231
5293,1357
5294,1315
5295,1121
5296,1680
5297,6244
5298,1166
5299,1136
5300,14548
5301,2529
5302,1721
5303,1344
5304,1623
5305,1584
5306,9294
5307,1585
5308,1446
5309,1788
5310,2125
5311,1791
5312,2312
5313,1640
5314,1476
5315,1800
5316,1478
5317,1577
5318,1299
5319,1179
5320,2274
5321,2158
5322,6591
5323,2047
5324,1442
5325,2203
5326,1608
5327,1517
5328,1870
5329,1179
5330,1792
5331,1798
5332,1662
5333,2167
5334,4900
5335,1708
5336,1258
5337,1340
5338,1337
5339,1446
5340,1750
5341,1537
5342,1112
5343,1468
5344,1702
5345,1355
5346,1307
5347,3706
5348,1288
5349,1440
5350,2503
5351,1365
5352,1409
5353,2199
5354,1455
5355,1746
5356,1897
5357,1419
5358,1190
5359,1235
5360,1785
5361,1138
5362,1596
5363,1326
5364,1427
5365,1297
5366,1322
5367,1264
5368,1128
5369,1325
5370,1731
5371,1753
5372,1230
5373,1591
5374,1474
5375,1422
5376,1456
5377,1896
5378,1304
5379,957
5380,2157
5381,2346
5382,1272
5383,1379
5384,1143
5385,1371
5386,1349
5387,1309
5388,1119
5389,1389
5390,1465
5391,1471
5392,1273
5393,1334
5394,1080
5395,1460
5396,982
5397,1018
5398,5787
5399,1189
5400,17431
5401,2878
5402,2376
5403,1696
5404,1253
5405,1839
5406,2289
5407,1425
5408,1859
5409,1504
5410,2094
5411,2053
5412,1693
5413,1651
5414,1942
5415,4058
5416,1399
5417,1066
5418,1509
5419,1513
5420,1908
5421,1366
5422,2043
5423,1612
5424,1808
5425,1879
5426,1291
5427,1436
5428,1840
5429,1346
5430,2570
5431,1350
5432,2838
5433,2203
5434,1194
5435,1618
5436,1202
5437,3251
5438,1257
5439,1749
5440,2186
5441,1703
5442,1701
5443,1669
5444,1668
5445,1725
5446,2137
5447,1251
5448,1627
5449,1205
5450,2702
5451,1482
5452,1484
5453,1655
5454,2643
5455,2707
5456,1546
5457,1507
5458,1240
5459,1296
5460,2071
5461,2086
5462,1147
5463,2057
5464,1597
5465,3049
5466,1328
5467,1515
5468,1234
5469,1217
5470,4472
5471,1538
5472,4461
5473,1172
5474,1588
5475,1293
5476,1564
5477,1301
5478,1130
5479,5441
5480,1840
5481,995
5482,1139
5483,1468
5484,1040
5485,1239
5486,1389
5487,1284
5488,1663
5489,1372
5490,1544
5491,2207
5492,1226
5493,1409
5494,1252
5495,1458
5496,1342
5497,1119
5498,1243
5499,1523
5500,39176
5501,2161
5502,1752
5503,1579
5504,1403
5505,2029
5506,1970
5507,1753
5508,1643
5509,1702
5510,2101
5511,2840
5512,1985
5513,1705
5514,1523
5515,1820
5516,1439
5517,1556
5518,1453
5519,1497
5520,2737
5521,1868
5522,1721
5523,1297
5524,1488
5525,1852
5526,1348
5527,1281
5528,1163
5529,1463
5530,2298
5531,1260
5532,1358
5533,1817
5534,2653
5535,1794
5536,1213
5537,1540
5538,1389
5539,4229
5540,1643
5541,1439
5542,1712
5543,2261
5544,2129
5545,1956
5546,1227
5547,1366
5548,7021
5549,1260
5550,2953
5551,1862
5552,1727
5553,1299
5554,1507
5555,9583
5556,2368
5557,1485
5558,1702
5559,1478
5560,2199
5561,1794
5562,1113
5563,1265
5564,1381
5565,1847
5566,1625
5567,1234
5568,2779
5569,1114
5570,1695
5571,1104
5572,1255
5573,1154
5574,1060
5575,1515
5576,1161
5577,1733
5578,1548
5579,1139
5580,1861
5581,1247
5582,1587
5583,1105
5584,1850
5585,1827
5586,1324
5587,1138
5588,1933
5589,1056
5590,2184
5591,1230
5592,1262
5593,1247
5594,1054
5595,1489
5596,1171
5597,1224
5598,1238
5599,1252
5600,15549
5601,2648
5602,1506
5603,1404
5604,1684
5605,1395
5606,1713
5607,1639
5608,1314
5609,1730
5610,2223
5611,1778
5612,1336
5613,1140
5614,1503
5615,1445
5616,1838
5617,1271
5618,1358
5619,1128
5620,1828
5621,1510
5622,1503
5623,1350
5624,1545
5625,4306
5626,1384
5627,1577
5628,1331
5629,1141
5630,2017
5631,1239
5632,1768
5633,1215
5634,1747
5635,1542
5636,1595
5637,1432
5638,1204
5639,1324
5640,1734
5641,1493
5642,1481
5643,1538
5644,1297
5645,1288
5646,3402
5647,1360
5648,1112
5649,1212
5650,2660
5651,1522
5652,1461
5653,1346
5654,1528
5655,1575
5656,1758
5657,1480
5658,1354
5659,1416
5660,1895
5661,1563
5662,1265
5663,1413
5664,2290
5665,2507
5666,1442
5667,1626
5668,1181
5669,1410
5670,3647
5671,1535
5672,1718
5673,1314
5674,1395
5675,1260
5676,1464
5677,1458
5678,4492
5679,1208
5680,1564
5681,1140
5682,1250
5683,1556
5684,1103
5685,1268
5686,1253
5687,1425
5688,1745
5689,1516
5690,1657
5691,1561
5692,1124
5693,1261
5694,2177
5695,1596
5696,1379
5697,1226
5698,1305
5699,1893
5700,13979
5701,3250
5702,2052
5703,2063
5704,1391
5705,1918
5706,1091
5707,1378
5708,2019
5709,1415
5710,1793
5711,1460
5712,1650
5713,1841
5714,1666
5715,1693
5716,1346
5717,1681
5718,1792
5719,1225
5720,1951
5721,1537
5722,1614
5723,2386
5724,1149
5725,2142
5726,1132
5727,1856
5728,1689
5729,1357
5730,10313
5731,1409
5732,1614
5733,1406
5734,2357
5735,2313
5736,1368
5737,5488
5738,1238
5739,1205
5740,1743
5741,1780
5742,1390
5743,1347
5744,1358
5745,1323
5746,1449
5747,1241
5748,1788
5749,1764
5750,3087
5751,6209
5752,1648
5753,1705
5754,2248
5755,1993
5756,1438
5757,2665
5758,1839
5759,1782
5760,3653
5761,1932
5762,2080
5763,2069
5764,1898
5765,2305
5766,2208
5767,2109
5768,3464
5769,2229
5770,2813
5771,2788
5772,6351
5773,2341
5774,2948
5775,3019
5776,2817
5777,3590
5778,3040
5779,2476
5780,3116
5781,2468
5782,2426
5783,1682
5784,1417
5785,1197
5786,1109
5787,1347
5788,1117
5789,1573
5790,1659
5791,1210
5792,1266
5793,2915
5794,948
5795,1179
5796,1066
5797,1087
5798,1309
5799,1175
5800,13702
5801,2814
5802,1339
5803,1125
5804,1270
5805,1377
5806,1396
5807,1705
5808,1647
5809,1228
5810,1990
5811,1614
5812,2496
5813,1268
5814,1053
5815,1630
5816,1172
5817,1342
5818,1158
5819,1146
5820,1821
5821,1332
5822,2578
5823,1385
5824,1167
5825,1150
5826,1335
5827,1176
5828,1272
5829,1528
5830,1496
5831,1073
5832,1400
5833,2205
5834,1130
5835,1026
5836,935
5837,1245
5838,1118
5839,1725
5840,2538
5841,1772
5842,1072
5843,1049
5844,1041
5845,1398
5846,1575
5847,1130
5848,1108
5849,1881
5850,2456
5851,1199
5852,1267
5853,1349
5854,905
5855,1282
5856,1067
5857,1059
5858,1880
5859,1113
5860,1954
5861,1306
5862,917
5863,1010
5864,1667
5865,1477
5866,1828
5867,1631
5868,3217
5869,1114
5870,1995
5871,1287
5872,1073
5873,880
5874,1096
5875,1409
5876,1687
5877,1422
5878,1084
5879,1017
5880,2310
5881,1270
5882,1247
5883,1385
5884,1158
5885,1476
5886,1014
5887,1162
5888,2483
5889,960
5890,2181
5891,979
5892,1143
5893,1015
5894,1272
5895,1831
5896,921
5897,3451
5898,1085
5899,1251
5900,7603
5901,2462
5902,1364
5903,1199
5904,1223
5905,1618
5906,1348
5907,1665
5908,1556
5909,1240
5910,1919
5911,1565
5912,1143
5913,868
5914,1113
5915,1210
5916,1222
5917,962
5918,1051
5919,1042
5920,1705
5921,1174
5922,1328
5923,1681
5924,1050
5925,1503
5926,1064
5927,1115
5928,940
5929,1431
5930,1934
5931,1580
5932,1035
5933,1229
5934,1085
5935,1530
5936,919
5937,1839
5938,1036
5939,1147
5940,1563
5941,1229
5942,963
5943,1113
5944,1485
5945,1066
5946,1189
5947,1034
5948,1014
5949,1381
5950,2359
5951,1993
5952,1104
5953,993
5954,1019
5955,1883
5956,1045
5957,1308
5958,3197
5959,1647
5960,1572
5961,1126
5962,2397
5963,1081
5964,1775
5965,1166
5966,1122
5967,1488
5968,1001
5969,1075
5970,1551
5971,1210
5972,1089
5973,1525
5974,895
5975,1615
5976,899
5977,1162
5978,1287
5979,1225
5980,1887
5981,1326
5982,1107
5983,977
5984,1033
5985,1298
5986,1125
5987,1231
5988,1092
5989,1124
5990,2890
5991,1207
5992,1649
5993,1268
5994,950
5995,1542
5996,1214
5997,1015
5998,1260
5999,2288
6000,232195
6001,5712
6002,2905
6003,2144
6004,2070
6005,2228
6006,2212
6007,1644
6008,2370
6009,2200
6010,4271
6011,3772
6012,2563
6013,2939
6014,1394
6015,1896
6016,1613
6017,1455
6018,1781
6019,1487
6020,2741
6021,2080
6022,2208
6023,1494
6024,1311
6025,1722
6026,1394
6027,1291
6028,1832
6029,1269
6030,2383
6031,1411
6032,1538
6033,1320
6034,1145
6035,1575
6036,1124
6037,1205
6038,1089
6039,1074
6040,2792
6041,1282
6042,1354
6043,1210
6044,1392
6045,1451
6046,1143
6047,1271
6048,1385
6049,1129
6050,4732
6051,1931
6052,1669
6053,1313
6054,1054
6055,1949
6056,1198
6057,1177
6058,1260
6059,1200
6060,3385
6061,13617
6062,1366
6063,4246
6064,1127
6065,1468
6066,1417
6067,2157
6068,1096
6069,1196
6070,2223
6071,1236
6072,1026
6073,1501
6074,1077
6075,1534
6076,1453
6077,1367
6078,1138
6079,1168
6080,2714
6081,1018
6082,1983
6083,1187
6084,6343
6085,1195
6086,1484
6087,1212
6088,1292
6089,1094
6090,1961
6091,1251
6092,1303
6093,1469
6094,1121
6095,1265
6096,1721
6097,1161
6098,1010
6099,1402
6100,10464
6101,3034
6102,3084
6103,2229
6104,1272
6105,3779
6106,1630
6107,1229
6108,1422
6109,1710
6110,2321
6111,3028
6112,1458
6113,1287
6114,1554
6115,1725
6116,1618
6117,1364
6118,1323
6119,1239
6120,2598
6121,2132
6122,1363
6123,2352
6124,1553
6125,2806
6126,1662
6127,1200
6128,1538
6129,1238
6130,1914
6131,2672
6132,1137
6133,1699
6134,1112
6135,2207
6136,1457
6137,936
6138,1243
6139,1326
6140,1869
6141,1364
6142,1209
6143,1343
6144,1954
6145,1405
6146,1199
6147,1289
6148,1780
6149,971
6150,3847
6151,1854
6152,1083
6153,1246
6154,1189
6155,1331
6156,1404
6157,1180
6158,1042
6159,1052
6160,1822
6161,2033
6162,1516
6163,1903
6164,1438
6165,1403
6166,1732
6167,1290
6168,1083
6169,1066
6170,1528
6171,1404
6172,1100
6173,1000
6174,1646
6175,1517
6176,1307
6177,1171
6178,1067
6179,942
6180,2400
6181,2446
6182,2033
6183,1117
6184,1864
6185,1503
6186,1165
6187,1037
6188,1977
6189,1369
6190,1449
6191,1194
6192,1265
6193,1118
6194,1148
6195,1166
6196,1643
6197,904
6198,1076
6199,1506
6200,11697
6201,2194
6202,1593
6203,3092
6204,1323
6205,2034
6206,1787
6207,2130
6208,1163
6209,1344
6210,2659
6211,1580
6212,1302
6213,1571
6214,2031
6215,2156
6216,1305
6217,1527
6218,1232
6219,992
6220,2785
6221,3708
6222,1763
6223,2567
6224,1181
6225,1604
6226,2171
6227,1346
6228,1220
6229,1327
6230,1889
6231,1456
6232,1623
6233,1389
6234,1319
6235,1488
6236,1458
6237,3571
6238,1223
6239,1116
6240,2953
6241,1574
6242,3075
6243,1065
6244,1195
6245,1311
6246,1414
6247,1173
6248,966
6249,1334
6250,4682
6251,1836
6252,1367
6253,1130
6254,1126
6255,1275
6256,2041
6257,1377
6258,1711
6259,1139
6260,1579
6261,1543
6262,2197
6263,1275
6264,2684
6265,1710
6266,1352
6267,991
6268,1124
6269,1664
6270,1563
6271,1738
6272,1473
6273,3618
6274,1299
6275,1425
6276,1074
6277,1899
6278,1252
6279,1122
6280,1586
6281,1168
6282,1064
6283,1451
6284,1265
6285,1803
6286,957
6287,1329
6288,1302
6289,1715
6290,1265
6291,1308
6292,889
6293,999
6294,1266
6295,1118
6296,1343
6297,1032
6298,1051
6299,1964
6300,12027
6301,2775
6302,2391
6303,1333
6304,1348
6305,1281
6306,1152
6307,1150
6308,1065
6309,1244
6310,1935
6311,1413
6312,1319
6313,1272
6314,1065
6315,1193
6316,1367
6317,1225
6318,932
6319,1078
6320,1915
6321,1338
6322,1218
6323,1299
6324,1334
6325,1305
6326,1203
6327,1136
6328,1370
6329,1144
6330,1859
6331,1687
6332,1762
6333,2407
6334,1939
6335,1173
6336,1726
6337,1429
6338,1177
6339,1284
6340,1689
6341,1438
6342,1375
6343,1029
6344,1010
6345,1165
6346,1167
6347,1482
6348,3819
6349,1039
6350,2693
6351,1389
6352,1640
6353,1210
6354,1030
6355,1532
6356,1276
6357,2122
6358,1000
6359,960
6360,1843
6361,6171
6362,1380
6363,2031
6364,1258
6365,1019
6366,1395
6367,1463
6368,1086
6369,1154
6370,2066
6371,2796
6372,1028
6373,1298
6374,1234
6375,1256
6376,1032
6377,1443
6378,2558
6379,2129
6380,2154
6381,1032
6382,1630
6383,1197
6384,1093
6385,1048
6386,1156
6387,1180
6388,1178
6389,967
6390,1521
6391,991
6392,1343
6393,1106
6394,963
6395,1199
6396,975
6397,2587
6398,1069
6399,1270
6400,18552
6401,1813
6402,1851
6403,1143
6404,1126
6405,1997
6406,1039
6407,1430
6408,1182
6409,1464
6410,2021
6411,1293
6412,1180
6413,957
6414,1313
6415,1199
6416,1497
6417,1013
6418,1134
6419,1043
6420,2514
6421,1182
6422,1175
6423,1180
6424,1079
6425,1748
6426,1016
6427,968
6428,1045
6429,1349
6430,1448
6431,1131
6432,1177
6433,1262
6434,1363
6435,1377
6436,1074
6437,1022
6438,1297
6439,1074
6440,1980
6441,1279
6442,881
6443,1399
6444,1351
6445,1150
6446,1219
6447,945
6448,1231
6449,877
6450,2417
6451,1047
6452,986
6453,1425
6454,1449
6455,1345
6456,1480
6457,1131
6458,1176
6459,1346
6460,1495
6461,1157
6462,926
6463,1503
6464,1843
6465,1407
6466,1129
6467,984
6468,1057
6469,1247
6470,1969
6471,1067
6472,1198
6473,1026
6474,1411
6475,3972
6476,1524
6477,1088
6478,1226
6479,972
6480,1725
6481,1158
6482,865
6483,1189
6484,1209
6485,1107
6486,888
6487,1013
6488,1744
6489,1070
6490,1362
6491,1121
6492,866
6493,929
6494,2042
6495,1176
6496,1162
6497,1081
6498,806
6499,994
6500,36450
6501,2432
6502,16373
6503,1586
6504,1492
6505,1529
6506,1333
6507,1448
6508,1298
6509,1367
6510,2777
6511,2324
6512,1664
6513,1184
6514,1197
6515,1399
6516,1410
6517,1043
6518,1067
6519,1186
6520,3115
6521,1295
6522,1561
6523,1330
6524,1011
6525,1458
6526,1278
6527,1095
6528,1176
6529,1222
6530,1921
6531,1472
6532,1240
6533,1224
6534,1219
6535,2610
6536,1233
6537,1146
6538,1604
6539,917
6540,1474
6541,1188
6542,1191
6543,2234
6544,1094
6545,1385
6546,970
6547,807
6548,939
6549,1074
6550,2576
6551,1192
6552,1305
6553,1357
6554,1131
6555,2075
6556,1221
6557,911
6558,920
6559,924
6560,1769
6561,1770
6562,1186
6563,1240
6564,933
6565,1801
6566,1569
6567,957
6568,1193
6569,1144
6570,1715
6571,954
6572,1086
6573,930
6574,929
6575,1297
6576,1295
6577,973
6578,1206
6579,1217
6580,1588
6581,1322
6582,1102
6583,1219
6584,1339
6585,1290
6586,954
6587,824
6588,1217
6589,1009
6590,1172
6591,1049
6592,967
6593,924
6594,917
6595,925
6596,2948
6597,821
6598,822
6599,1052
6600,12955
6601,1805
6602,1104
6603,1267
6604,1122
6605,1344
6606,1442
6607,946
6608,957
6609,863
6610,1815
6611,2899
6612,1285
6613,1729
6614,1525
6615,1018
6616,1136
6617,905
6618,1014
6619,1144
6620,1962
6621,1124
6622,1650
6623,1051
6624,1135
6625,1072
6626,1131
6627,1011
6628,859
6629,1018
6630,1638
6631,1003
6632,3846
6633,2046
6634,933
6635,1036
6636,1245
6637,943
6638,978
6639,1004
6640,1632
6641,1210
6642,1202
6643,2059
6644,1239
6645,1289
6646,1159
6647,860
6648,1155
6649,1089
6650,1933
6651,1212
6652,1049
6653,1082
6654,788
6655,1660
6656,1410
6657,1415
6658,969
6659,890
6660,1711
6661,962
6662,1052
6663,1395
6664,1062
6665,1276
6666,5182
6667,4158
6668,1127
6669,1097
6670,1922
6671,1623
6672,1358
6673,1546
6674,847
6675,1325
6676,1419
6677,1253
6678,1453
6679,806
6680,2086
6681,1020
6682,1042
6683,860
6684,1464
6685,935
6686,1236
6687,943
6688,1219
6689,932
6690,1256
6691,1016
6692,961
6693,885
6694,1177
6695,1092
6696,1083
6697,1090
6698,5121
6699,1427
6700,9956
6701,1942
6702,1404
6703,1015
6704,1050
6705,1082
6706,932
6707,1365
6708,1512
6709,1252
6710,1572
6711,1036
6712,1384
6713,1220
6714,943
6715,1322
6716,1059
6717,1041
6718,873
6719,888
6720,1991
6721,1083
6722,1187
6723,1210
6724,1300
6725,1171
6726,1123
6727,1150
6728,990
6729,1056
6730,1073
6731,1215
6732,840
6733,1246
6734,1109
6735,1026
6736,41311
6737,1050
6738,878
6739,806
6740,1387
6741,989
6742,2131
6743,958
6744,1782
6745,1180
6746,789
6747,983
6748,1137
6749,2170
6750,2915
6751,2012
6752,1532
6753,906
6754,851
6755,1074
6756,817
6757,1206
6758,901
6759,1053
6760,1159
6761,838
6762,1007
6763,1076
6764,804
6765,1432
6766,936
6767,1998
6768,1005
6769,1091
6770,1755
6771,1236
6772,1147
6773,1639
6774,837
6775,1032
6776,1219
6777,1664
6778,896
6779,1233
6780,1472
6781,1000
6782,1114
6783,1019
6784,1024
6785,1357
6786,939
6787,1064
6788,844
6789,3615
6790,1619
6791,1213
6792,996
6793,957
6794,854
6795,799
6796,777
6797,856
6798,970
6799,1230
6800,13725
6801,1615
6802,1152
6803,3609
6804,1278
6805,1214
6806,1076
6807,1181
6808,1266
6809,2542
6810,2309
6811,1559
6812,1095
6813,1599
6814,1140
6815,969
6816,916
6817,1033
6818,1044
6819,2420
6820,1626
6821,1055
6822,2752
6823,1203
6824,1052
6825,1250
6826,1464
6827,1009
6828,812
6829,893
6830,1387
6831,1647
6832,882
6833,1300
6834,1171
6835,972
6836,938
6837,925
6838,1008
6839,999
6840,1401
6841,1225
6842,1480
6843,840
6844,972
6845,1471
6846,1390
6847,1607
6848,1106
6849,760
6850,1885
6851,1719
6852,934
6853,1159
6854,1866
6855,1150
6856,959
6857,845
6858,965
6859,965
6860,1051
6861,1106
6862,849
6863,775
6864,1106
6865,956
6866,1073
6867,820
6868,2944
6869,1173
6870,1312
6871,1328
6872,1677
6873,919
6874,1122
6875,2103
6876,997
6877,1563
6878,1176
6879,1559
6880,1753
6881,1708
6882,2154
6883,914
6884,868
6885,3066
6886,1104
6887,998
6888,2219
6889,957
6890,2231
6891,937
6892,1464
6893,842
6894,1154
6895,973
6896,774
6897,1056
6898,1028
6899,1023
6900,6606
6901,1610
6902,951
6903,952
6904,1055
6905,983
6906,1129
6907,1025
6908,763
6909,1328
6910,1276
6911,1690
6912,1058
6913,1020
6914,977
6915,1475
6916,1178
6917,1157
6918,1210
6919,937
6920,2212
6921,995
6922,1023
6923,902
6924,1973
6925,1065
6926,932
6927,760
6928,843
6929,894
6930,1480
6931,1097
6932,1070
6933,1070
6934,1461
6935,958
6936,965
6937,961
6938,882
6939,1674
6940,1253
6941,3225
6942,1057
6943,754
6944,1026
6945,890
6946,2861
6947,1123
6948,719
6949,921
6950,1541
6951,949
6952,1011
6953,814
6954,833
6955,1341
6956,1047
6957,858
6958,832
6959,1095
6960,1680
6961,882
6962,1010
6963,2148
6964,810
6965,1130
6966,927
6967,833
6968,2904
6969,1491
6970,1300
6971,697
6972,945
6973,898
6974,907
6975,1178
6976,1948
6977,1223
6978,972
6979,1196
6980,1857
6981,1526
6982,936
6983,949
6984,1535
6985,982
6986,1079
6987,770
6988,1235
6989,1895
6990,1534
6991,1022
6992,1172
6993,853
6994,809
6995,1894
6996,1426
6997,1003
6998,1163
6999,2114
7000,152857
7001,4470
7002,2553
7003,4879
7004,1659
7005,2073
7006,3468
7007,4400
7008,1738
7009,1612
7010,3651
7011,1922
7012,2208
7013,1363
7014,1687
7015,3129
7016,1288
7017,2257
7018,3479
7019,1400
7020,3417
7021,2041
7022,1875
7023,2012
7024,1390
7025,1450
7026,1188
7027,2066
7028,1424
7029,1280
7030,3272
7031,1356
7032,942
7033,1173
7034,2285
7035,1317
7036,1790
7037,3255
7038,876
7039,1290
7040,2055
7041,1536
7042,1252
7043,1543
7044,1896
7045,1299
7046,1109
7047,964
7048,868
7049,1344
7050,3657
7051,1143
7052,1294
7053,1094
7054,1421
7055,1424
7056,1196
7057,1008
7058,1284
7059,1236
7060,1711
7061,1614
7062,1256
7063,1530
7064,1302
7065,1396
7066,1263
7067,878
7068,1202
7069,1316
7070,3234
7071,2839
7072,1223
7073,937
7074,1170
7075,7859
7076,1234
7077,1194
7078,1550
7079,1791
7080,2177
7081,1361
7082,1185
7083,1826
7084,1118
7085,1356
7086,926
7087,963
7088,1035
7089,1258
7090,3985
7091,2399
7092,1268
7093,954
7094,2466
7095,1036
7096,1090
7097,963
7098,1018
7099,1880
7100,9566
7101,1897
7102,2331
7103,1580
7104,1283
7105,1487
7106,1778
7107,1318
7108,1258
7109,1353
7110,3921
7111,2473
7112,1620
7113,1132
7114,1269
7115,1171
7116,1028
7117,1420
7118,998
7119,1282
7120,3110
7121,1466
7122,1336
7123,1429
7124,1107
7125,1777
7126,2478
7127,986
7128,1279
7129,1206
7130,1506
7131,1598
7132,1000
7133,1091
7134,2117
7135,1463
7136,2422
7137,1461
7138,1018
7139,1573
7140,1534
7141,2353
7142,1126
7143,1325
7144,1267
7145,1024
7146,3003
7147,800
7148,1324
7149,781
7150,3779
7151,1251
7152,1262
7153,2622
7154,1154
7155,1341
7156,1422
7157,816
7158,1177
7159,976
7160,2383
7161,1699
7162,993
7163,1349
7164,1820
7165,2158
7166,1227
7167,3446
7168,956
7169,1028
7170,1339
7171,1851
7172,1768
7173,1026
7174,1038
7175,1248
7176,2080
7177,1309
7178,1212
7179,876
7180,1419
7181,1830
7182,1484
7183,1801
7184,1096
7185,1840
7186,1138
7187,910
7188,1654
7189,1398
7190,3380
7191,2440
7192,1402
7193,1102
7194,861
7195,1793
7196,1346
7197,811
7198,812
7199,999
7200,17265
7201,2222
7202,1924
7203,1493
7204,1312
7205,1488
7206,1247
7207,1382
7208,1733
7209,1318
7210,1615
7211,1340
7212,1334
7213,1148
7214,1217
7215,1330
7216,2477
7217,1095
7218,1473
7219,1510
7220,3050
7221,1351
7222,1635
7223,1668
7224,1121
7225,2410
7226,1271
7227,1506
7228,1208
7229,1193
7230,1674
7231,1459
7232,1304
7233,6732
7234,1754
7235,1508
7236,1219
7237,1002
7238,1012
7239,1015
7240,2325
7241,1274
7242,1190
7243,1744
7244,1454
7245,1329
7246,1435
7247,1479
7248,1487
7249,1073
7250,2719
7251,2483
7252,1381
7253,1154
7254,1094
7255,1143
7256,2248
7257,1054
7258,1150
7259,6180
7260,1482
7261,944
7262,1308
7263,1343
7264,1112
7265,1522
7266,1523
7267,1003
7268,865
7269,1123
7270,1414
7271,1042
7272,2484
7273,1534
7274,1732
7275,1788
7276,1255
7277,2559
7278,1171
7279,986
7280,1557
7281,1192
7282,1181
7283,1143
7284,955
7285,1124
7286,989
7287,1432
7288,1469
7289,2378
7290,1599
7291,1151
7292,1302
7293,1706
7294,934
7295,1022
7296,1038
7297,948
7298,1053
7299,1059
7300,9018
7301,1552
7302,1276
7303,1387
7304,1236
7305,1559
7306,1349
7307,1216
7308,1264
7309,980
7310,1468
7311,1396
7312,1321
7313,1055
7314,1590
7315,1338
7316,1258
7317,1295
7318,1278
7319,1371
7320,2405
7321,1437
7322,1553
7323,2092
7324,1399
7325,2131
7326,11522
7327,1172
7328,1043
7329,1068
7330,1415
7331,2052
7332,1083
7333,2122
7334,2853
7335,1555
7336,1212
7337,1665
7338,788
7339,1066
7340,2041
7341,1163
7342,906
7343,1102
7344,979
7345,1237
7346,987
7347,996
7348,1769
7349,758
7350,1838
7351,1358
7352,1271
7353,1021
7354,931
7355,1284
7356,1271
7357,1104
7358,1348
7359,917
7360,1854
7361,1107
7362,1003
7363,814
7364,1406
7365,937
7366,1136
7367,1127
7368,1050
7369,984
7370,1466
7371,1095
7372,997
7373,1720
7374,1201
7375,1285
7376,892
7377,1340
7378,2670
7379,1162
7380,1620
7381,1284
7382,1549
7383,1260
7384,1110
7385,2154
7386,2509
7387,1904
7388,1502
7389,925
7390,1246
7391,1825
7392,1011
7393,922
7394,935
7395,867
7396,1071
7397,861
7398,792
7399,999
7400,9737
7401,2283
7402,2322
7403,1549
7404,2272
7405,1973
7406,1048
7407,1396
7408,2170
7409,1131
7410,1745
7411,1467
7412,1681
7413,1027
7414,1602
7415,1269
7416,1047
7417,1037
7418,959
7419,990
7420,1694
7421,1381
7422,1141
7423,1213
7424,1590
7425,2850
7426,1073
7427,975
7428,872
7429,1733
7430,1518
7431,1036
7432,3128
7433,1151
7434,1264
7435,1379
7436,935
7437,1045
7438,1084
7439,1629
7440,3635
7441,1495
7442,1239
7443,1117
7444,1312
7445,1391
7446,1399
7447,2441
7448,1399
7449,1134
7450,2116
7451,1044
7452,998
7453,1358
7454,1302
7455,1134
7456,1953
7457,1071
7458,2506
7459,1133
7460,1240
7461,1005
7462,976
7463,1165
7464,1027
7465,1092
7466,957
7467,1062
7468,1001
7469,1399
7470,1519
7471,1169
7472,1205
7473,1120
7474,1751
7475,2396
7476,1218
7477,1179
7478,1132
7479,984
7480,1607
7481,1158
7482,1466
7483,1179
7484,1779
7485,1172
7486,3251
7487,1295
7488,1308
7489,1405
7490,1858
7491,1863
7492,1105
7493,1287
7494,1277
7495,1443
7496,1129
7497,903
7498,1611
7499,1322
7500,41853
7501,1739
7502,1097
7503,1535
7504,1024
7505,1543
7506,2769
7507,1193
7508,861
7509,2720
7510,1627
7511,1436
7512,986
7513,1880
7514,1114
7515,1495
7516,1826
7517,1251
7518,1090
7519,1790
7520,1852
7521,1326
7522,1046
7523,1013
7524,2473
7525,2104
7526,1172
7527,1026
7528,1144
7529,1831
7530,1332
7531,1229
7532,922
7533,1329
7534,1167
7535,1287
7536,1200
7537,2177
7538,1519
7539,1101
7540,1763
7541,1903
7542,1185
7543,1249
7544,1102
7545,1152
7546,3817
7547,1075
7548,813
7549,820
7550,2082
7551,1684
7552,1040
7553,1624
7554,10843
7555,2541
7556,1526
7557,1997
7558,1202
7559,1533
7560,1673
7561,914
7562,972
7563,861
7564,1000
7565,1153
7566,2180
7567,1229
7568,1018
7569,904
7570,1259
7571,1059
7572,953
7573,801
7574,902
7575,2478
7576,1075
7577,1227
7578,833
7579,1125
7580,1982
7581,874
7582,1082
7583,832
7584,880
7585,1377
7586,1145
7587,1434
7588,947
7589,2013
7590,1740
7591,1895
7592,890
7593,1260
7594,1159
7595,1032
7596,785
7597,876
7598,1054
7599,1303
7600,10881
7601,1735
7602,1358
7603,2428
7604,1208
7605,906
7606,2483
7607,1769
7608,1302
7609,946
7610,5352
7611,1865
7612,1092
7613,4490
7614,1512
7615,1182
7616,1268
7617,1147
7618,1661
7619,2615
7620,1575
7621,1109
7622,1136
7623,1214
7624,1351
7625,1912
7626,963
7627,1349
7628,1075
7629,973
7630,1735
7631,1156
7632,1839
7633,1098
7634,1262
7635,1581
7636,1206
7637,2255
7638,911
7639,1321
7640,1538
7641,1502
7642,943
7643,2228
7644,1057
7645,1829
7646,1086
7647,1304
7648,1794
7649,838
7650,2137
7651,1039
7652,1759
7653,1171
7654,1521
7655,972
7656,2036
7657,1026
7658,1286
7659,977
7660,1771
7661,2692
7662,1055
7663,1201
7664,1233
7665,873
7666,1220
7667,1383
7668,1099
7669,1162
7670,1119
7671,3086
7672,1206
7673,853
7674,1041
7675,961
7676,1601
7677,1050
7678,1081
7679,1743
7680,6588
7681,1270
7682,1385
7683,956
7684,926
7685,1165
7686,896
7687,2313
7688,963
7689,979
7690,1156
7691,810
7692,2487
7693,763
7694,772
7695,1266
7696,1042
7697,930
7698,863
7699,830
7700,10368
7701,3751
7702,1549
7703,1242
7704,1158
7705,1421
7706,1053
7707,1337
7708,951
7709,1021
7710,2276
7711,2401
7712,1348
7713,1541
7714,1735
7715,1262
7716,1265
7717,6700
7718,928
7719,1501
7720,1378
7721,1643
7722,1989
7723,1218
7724,1093
7725,1447
7726,2022
7727,1491
7728,1076
7729,1069
7730,2372
7731,900
7732,1252
7733,1455
7734,3990
7735,2612
7736,1110
7737,2883
7738,1060
7739,995
7740,1643
7741,884
7742,1192
7743,1588
7744,1502
7745,1477
7746,969
7747,1485
7748,3721
7749,972
7750,2076
7751,1002
7752,1150
7753,1453
7754,894
7755,1732
7756,859
7757,1884
7758,1490
7759,3859
7760,1392
7761,997
7762,955
7763,1633
7764,1460
7765,1138
7766,1501
7767,1166
7768,1075
7769,1128
7770,1686
7771,2339
7772,1261
7773,1130
7774,1204
7775,1115
7776,1828
7777,5112
7778,1836
7779,1333
7780,1292
7781,937
7782,1307
7783,1160
7784,1077
7785,1114
7786,1537
7787,1253
7788,2203
7789,1508
7790,1263
7791,1291
7792,799
7793,1433
7794,870
7795,1447
7796,1199
7797,843
7798,1137
7799,2735
7800,10290
7801,1438
7802,1221
7803,1868
7804,918
7805,6626
7806,1351
7807,731
7808,1270
7809,1278
7810,2530
7811,1250
7812,2854
7813,1264
7814,1156
7815,1280
7816,1905
7817,2539
7818,1294
7819,1328
7820,1359
7821,1188
7822,1245
7823,826
7824,1497
7825,1520
7826,874
7827,2089
7828,999
7829,898
7830,1118
7831,1582
7832,948
7833,1308
7834,816
7835,999
7836,1742
7837,1114
7838,873
7839,967
7840,1368
7841,1097
7842,678
7843,1283
7844,1596
7845,987
7846,1252
7847,1324
7848,2010
7849,904
7850,2767
7851,826
7852,1034
7853,1099
7854,2234
7855,1193
7856,913
7857,897
7858,1443
7859,593
7860,2351
7861,1537
7862,993
7863,1343
7864,4107
7865,1067
7866,1008
7867,2027
7868,1398
7869,3306
7870,1318
7871,899
7872,1151
7873,1515
7874,1625
7875,1372
7876,1742
7877,1086
7878,1407
7879,1724
7880,1170
7881,1514
7882,2736
7883,738
7884,1005
7885,1233
7886,886
7887,1147
7888,3043
7889,827
7890,3017
7891,813
7892,1202
7893,938
7894,1488
7895,805
7896,813
7897,1008
7898,797
7899,1075
7900,6672
7901,1925
7902,1084
7903,1486
7904,859
7905,1166
7906,971
7907,905
7908,1016
7909,1979
7910,2754
7911,1342
7912,1200
7913,1307
7914,3769
7915,1676
7916,1590
7917,3164
7918,1061
7919,1084
7920,2556
7921,1375
7922,1470
7923,2222
7924,1078
7925,1753
7926,1123
7927,1094
7928,694
7929,774
7930,2048
7931,948
7932,799
7933,846
7934,678
7935,1027
7936,1640
7937,861
7938,822
7939,1200
7940,1169
7941,1082
7942,2481
7943,681
7944,932
7945,975
7946,949
7947,661
7948,704
7949,789
7950,1932
7951,806
7952,945
7953,831
7954,1380
7955,1397
7956,991
7957,947
7958,776
7959,1025
7960,1437
7961,834
7962,1054
7963,1044
7964,649
7965,838
7966,923
7967,2550
7968,902
7969,835
7970,1602
7971,936
7972,894
7973,1169
7974,1091
7975,740
7976,1541
7977,1329
7978,838
7979,1298
7980,1489
7981,953
7982,676
7983,759
7984,765
7985,953
7986,720
7987,696
7988,724
7989,763
7990,1178
7991,922
7992,823
7993,949
7994,744
7995,1264
7996,955
7997,784
7998,7450
7999,1694
8000,161191
8001,4721
8002,2288
8003,1808
8004,2093
8005,1906
8006,2389
8007,1898
8008,6057
8009,1804
8010,4147
8011,2196
8012,1556
8013,1363
8014,4496
8015,1254
8016,1150
8017,1293
8018,6708
8019,1109
8020,4680
8021,2456
8022,1287
8023,1619
8024,1192
8025,1427
8026,927
8027,1561
8028,3789
8029,779
8030,1587
8031,2516
8032,3661
8033,1396
8034,1198
8035,1576
8036,1462
8037,1342
8038,1762
8039,1432
8040,1963
8041,1524
8042,1345
8043,908
8044,1148
8045,1229
8046,1177
8047,5602
8048,2142
8049,1056
8050,4314
8051,29850
8052,2193
8053,2216
8054,1216
8055,1348
8056,797
8057,1618
8058,1681
8059,1293
8060,1549
8061,3341
8062,1899
8063,5631
8064,1075
8065,1547
8066,968
8067,1050
8068,958
8069,1655
8070,2258
8071,2230
8072,776
8073,684
8074,911
8075,3021
8076,809
8077,1268
8078,3459
8079,965
8080,28432
8081,2349
8082,1383
8083,2246
8084,1260
8085,19213
8086,29875
8087,2374
8088,10478
8089,1211
8090,2569
8091,2005
8092,1277
8093,1485
8094,1115
8095,1255
8096,1354
8097,610
8098,1186
8099,1210
8100,7877
8101,1888
8102,1408
8103,9727
8104,1242
8105,1091
8106,1093
8107,875
8108,3330
8109,2019
8110,2223
8111,2412
8112,1424
8113,1131
8114,1301
8115,1019
8116,1044
8117,2230
8118,1705
8119,1226
8120,1540
8121,950
8122,3029
8123,1147
8124,1302
8125,2225
8126,3144
8127,796
8128,1375
8129,1637
8130,2544
8131,2532
8132,1483
8133,2691
8134,999
8135,2453
8136,759
8137,6182
8138,1803
8139,1851
8140,1524
8141,1393
8142,1186
8143,1494
8144,1205
8145,1036
8146,1949
8147,2368
8148,697
8149,806
8150,1588
8151,1232
8152,1029
8153,2266
8154,885
8155,1241
8156,1886
8157,1137
8158,1001
8159,1003
8160,3582
8161,1282
8162,1122
8163,1083
8164,692
8165,1787
8166,2289
8167,1164
8168,1118
8169,683
8170,962
8171,1073
8172,1178
8173,1577
8174,933
8175,1194
8176,1391
8177,1137
8178,854
8179,1227
8180,1368
8181,1951
8182,1102
8183,849
8184,1113
8185,1010
8186,862
8187,716
8188,1144
8189,1013
8190,989
8191,1455
8192,7893
8193,1133
8194,1090
8195,1407
8196,984
8197,564
8198,832
8199,928
8200,9382
8201,1721
8202,1721
8203,1948
8204,1785
8205,2426
8206,2119
8207,893
8208,1069
8209,807
8210,2434
8211,6528
8212,8022
8213,2794
8214,1161
8215,1083
8216,4920
8217,68799
8218,1868
8219,807
8220,27365
8221,29734
8222,1927
8223,3357
8224,1062
8225,1533
8226,2730
8227,1098
8228,2375
8229,1387
8230,12112
8231,981
8232,1856
8233,1087
8234,1043
8235,1088
8236,866
8237,1476
8238,1626
8239,1311
8240,2381
8241,900
8242,1146
8243,1075
8244,851
8245,1482
8246,809
8247,1970
8248,3640
8249,1033
8250,2927
8251,1528
8252,2143
8253,1846
8254,1782
8255,25287
8256,1177
8257,1587
8258,1593
8259,2445
8260,2673
8261,1247
8262,1461
8263,1853
8264,2389
8265,1632
8266,1676
8267,897
8268,868
8269,843
8270,1448
8271,979
8272,949
8273,1204
8274,1634
8275,995
8276,1400
8277,656
8278,995
8279,1922
8280,1202
8281,1039
8282,1908
8283,1135
8284,1144
8285,915
8286,3051
8287,858
8288,1728
8289,1453
8290,1613
8291,786
8292,1392
8293,1229
8294,803
8295,1617
8296,633
8297,760
8298,876
8299,924
8300,8734
8301,3154
8302,1207
8303,1567
8304,1056
8305,1475
8306,1357
8307,853
8308,1359
8309,1092
8310,1345
8311,1335
8312,2602
8313,1460
8314,1102
8315,905
8316,880
8317,1802
8318,886
8319,830
8320,1384
8321,941
8322,1421
8323,985
8324,1195
8325,1244
8326,1045
8327,960
8328,720
8329,1245
8330,2084
8331,1084
8332,1032
8333,3829
8334,1053
8335,707
8336,1368
8337,864
8338,800
8339,3343
8340,970
8341,1159
8342,825
8343,1057
8344,1302
8345,904
8346,906
8347,861
8348,1291
8349,838
8350,1495
8351,899
8352,840
8353,1024
8354,654
8355,732
8356,1056
8357,755
8358,753
8359,894
8360,1094
8361,982
8362,800
8363,793
8364,930
8365,971
8366,1093
8367,937
8368,1061
8369,1410
8370,1130
8371,1545
8372,790
8373,1652
8374,761
8375,1024
8376,969
8377,903
8378,960
8379,753
8380,1052
8381,743
8382,863
8383,1225
8384,807
8385,3647
8386,1300
8387,1441
8388,926
8389,1083
8390,1345
8391,796
8392,964
8393,664
8394,649
8395,1195
8396,732
8397,575
8398,1049
8399,997
8400,7953
8401,1394
8402,1172
8403,890
8404,979
8405,827
8406,753
8407,836
8408,760
8409,657
8410,1677
8411,1369
8412,967
8413,965
8414,1158
8415,1405
8416,884
8417,742
8418,803
8419,1126
8420,1356
8421,1449
8422,719
8423,957
8424,2536
8425,1173
8426,773
8427,757
8428,927
8429,763
8430,1377
8431,1001
8432,982
8433,884
8434,623
8435,755
8436,916
8437,803
8438,1109
8439,1039
8440,1309
8441,1060
8442,964
8443,1785
8444,1786
8445,857
8446,1155
8447,719
8448,1028
8449,714
8450,1335
8451,1111
8452,1719
8453,1398
8454,956
8455,982
8456,830
8457,1689
8458,1094
8459,855
8460,996
8461,1048
8462,1321
8463,1909
8464,1066
8465,1219
8466,858
8467,795
8468,599
8469,780
8470,1033
8471,851
8472,1548
8473,1398
8474,800
8475,840
8476,1403
8477,1418
8478,1111
8479,999
8480,1139
8481,827
8482,973
8483,917
8484,1798
8485,1394
8486,1734
8487,1041
8488,945
8489,808
8490,1002
8491,1696
8492,710
8493,3599
8494,620
8495,889
8496,704
8497,609
8498,785
8499,780
8500,21322
8501,3051
8502,1963
8503,955
8504,1080
8505,1231
8506,975
8507,921
8508,731
8509,703
8510,1606
8511,1827
8512,1232
8513,602
8514,1163
8515,1244
8516,989
8517,969
8518,944
8519,915
8520,1766
8521,753
8522,959
8523,845
8524,1158
8525,1477
8526,811
8527,1004
8528,957
8529,1037
8530,1418
8531,871
8532,874
8533,811
8534,788
8535,1765
8536,935
8537,851
8538,929
8539,856
8540,2124
8541,1090
8542,1121
8543,999
8544,1524
8545,1125
8546,785
8547,849
8548,811
8549,989
8550,1932
8551,1087
8552,1060
8553,794
8554,642
8555,1645
8556,673
8557,797
8558,1369
8559,638
8560,1066
8561,792
8562,802
8563,669
8564,730
8565,857
8566,733
8567,1118
8568,669
8569,574
8570,1269
8571,1042
8572,922
8573,2110
8574,987
8575,934
8576,632
8577,1062
8578,1057
8579,880
8580,1439
8581,686
8582,754
8583,1076
8584,758
8585,1742
8586,1448
8587,2576
8588,840
8589,888
8590,923
8591,857
8592,892
8593,605
8594,1030
8595,783
8596,744
8597,678
8598,957
8599,2163
8600,7892
8601,9525
8602,958
8603,1022
8604,1034
8605,892
8606,1264
8607,793
8608,1242
8609,757
8610,1648
8611,1635
8612,892
8613,640
8614,933
8615,2200
8616,1008
8617,907
8618,817
8619,799
8620,2121
8621,886
8622,1132
8623,764
8624,4748
8625,1726
8626,734
8627,988
8628,1245
8629,652
8630,1348
8631,824
8632,917
8633,889
8634,732
8635,703
8636,837
8637,646
8638,971
8639,758
8640,1727
8641,859
8642,940
8643,735
8644,1557
8645,737
8646,702
8647,815
8648,788
8649,2107
8650,1746
8651,699
8652,804
8653,563
8654,826
8655,1498
8656,911
8657,674
8658,880
8659,1019
8660,1254
8661,763
8662,768
8663,702
8664,840
8665,1144
8666,1180
8667,988
8668,1075
8669,2355
8670,1080
8671,846
8672,871
8673,994
8674,7139
8675,815
8676,1081
8677,1073
8678,664
8679,542
8680,963
8681,775
8682,1405
8683,1018
8684,715
8685,797
8686,1611
8687,1113
8688,1200
8689,800
8690,879
8691,711
8692,989
8693,732
8694,692
8695,894
8696,794
8697,623
8698,639
8699,700
8700,9681
8701,1345
8702,1987
8703,908
8704,812
8705,874
8706,817
8707,737
8708,911
8709,1155
8710,1282
8711,1562
8712,975
8713,598
8714,735
8715,963
8716,1035
8717,702
8718,591
8719,990
8720,1062
8721,2405
8722,1329
8723,899
8724,1280
8725,834
8726,649
8727,903
8728,753
8729,811
8730,1254
8731,945
8732,674
8733,1591
8734,804
8735,911
8736,807
8737,1083
8738,698
8739,888
8740,929
8741,1968
8742,923
8743,597
8744,739
8745,639
8746,980
8747,1300
8748,812
8749,2102
8750,2219
8751,976
8752,675
8753,964
8754,761
8755,1473
8756,1004
8757,650
8758,652
8759,604
8760,3582
8761,666
8762,1493
8763,623
8764,670
8765,1389
8766,908
8767,1999
8768,630
8769,565
8770,966
8771,682
8772,740
8773,859
8774,840
8775,1365
8776,1640
8777,1763
8778,791
8779,547
8780,905
8781,669
8782,895
8783,707
8784,901
8785,579
8786,727
8787,1737
8788,1046
8789,678
8790,1329
8791,936
8792,1216
8793,729
8794,725
8795,963
8796,695
8797,785
8798,630
8799,3298
8800,13353
8801,1571
8802,4104
8803,1275
8804,833
8805,1066
8806,815
8807,1083
8808,1007
8809,1482
8810,1141
8811,1427
8812,1209
8813,756
8814,746
8815,872
8816,1021
8817,2054
8818,1365
8819,756
8820,1671
8821,827
8822,1235
8823,765
8824,887
8825,974
8826,718
8827,603
8828,908
8829,746
8830,1160
8831,946
8832,992
8833,1576
8834,617
8835,1140
8836,744
8837,918
8838,872
8839,881
8840,1251
8841,846
8842,775
8843,648
8844,1522
8845,828
8846,944
8847,875
8848,3079
8849,913
8850,2973
8851,817
8852,641
8853,711
8854,1209
8855,1152
8856,742
8857,974
8858,755
8859,14138
8860,1475
8861,879
8862,986
8863,794
8864,566
8865,730
8866,916
8867,593
8868,773
8869,1829
8870,1211
8871,734
8872,830
8873,1075
8874,790
8875,797
8876,802
8877,1001
8878,1603
8879,1440
8880,1924
8881,1214
8882,1222
8883,1068
8884,1594
8885,881
8886,940
8887,1350
8888,8514
8889,1565
8890,1256
8891,881
8892,937
8893,729
8894,555
8895,799
8896,745
8897,754
8898,971
8899,1032
8900,5426
8901,2162
8902,845
8903,1500
8904,1038
8905,912
8906,836
8907,562
8908,668
8909,887
8910,1738
8911,1129
8912,798
8913,835
8914,750
8915,748
8916,586
8917,760
8918,715
8919,680
8920,1030
8921,689
8922,972
8923,1034
8924,1116
8925,999
8926,615
8927,658
8928,581
8929,770
8930,1066
8931,885
8932,638
8933,869
8934,616
8935,763
8936,1060
8937,714
8938,836
8939,731
8940,883
8941,637
8942,788
8943,815
8944,807
8945,816
8946,828
8947,967
8948,617
8949,1210
8950,1117
8951,752
8952,708
8953,973
8954,597
8955,742
8956,744
8957,651
8958,820
8959,723
8960,1153
8961,646
8962,763
8963,643
8964,789
8965,772
8966,744
8967,1100
8968,647
8969,1669
8970,886
8971,654
8972,860
8973,701
8974,757
8975,781
8976,547
8977,977
8978,664
8979,713
8980,1016
8981,932
8982,746
8983,804
8984,1122
8985,699
8986,1598
8987,863
8988,1098
8989,1065
8990,1078
8991,675
8992,795
8993,2445
8994,728
8995,841
8996,832
8997,765
8998,1362
8999,1666
9000,106639
9001,51312
9002,3966
9003,4122
9004,2909
9005,1815
9006,1631
9007,2103
9008,1181
9009,1699
9010,3151
9011,1594
9012,1231
9013,1117
9014,949
9015,967
9016,1370
9017,945
9018,1097
9019,842
9020,1786
9021,1146
9022,996
9023,1003
9024,1045
9025,1202
9026,1013
9027,958
9028,870
9029,1000
9030,1362
9031,1156
9032,1313
9033,770
9034,783
9035,1112
9036,940
9037,1082
9038,812
9039,820
9040,1720
9041,1122
9042,812
9043,737
9044,803
9045,901
9046,788
9047,958
9048,937
9049,786
9050,1928
9051,1052
9052,1355
9053,1552
9054,1172
9055,1283
9056,1161
9057,730
9058,817
9059,922
9060,1778
9061,830
9062,849
9063,968
9064,1017
9065,981
9066,15863
9067,883
9068,992
9069,917
9070,1428
9071,1435
9072,1196
9073,775
9074,779
9075,1451
9076,732
9077,1005
9078,763
9079,700
9080,1338
9081,1312
9082,810
9083,875
9084,1050
9085,1502
9086,699
9087,883
9088,790
9089,936
9090,3134
9091,1285
9092,1464
9093,1152
9094,733
9095,1127
9096,890
9097,1178
9098,813
9099,1157
9100,6115
9101,3770
9102,1155
9103,1168
9104,987
9105,883
9106,831
9107,783
9108,725
9109,913
9110,1413
9111,2128
9112,953
9113,1104
9114,1031
9115,870
9116,1040
9117,740
9118,935
9119,1162
9120,1671
9121,904
9122,1060
9123,993
9124,757
9125,1415
9126,1939
9127,891
9128,848
9129,1115
9130,1218
9131,1611
9132,954
9133,961
9134,838
9135,1138
9136,912
9137,1054
9138,631
9139,1035
9140,1842
9141,1262
9142,950
9143,831
9144,13499
9145,1349
9146,771
9147,1143
9148,689
9149,1135
9150,1756
9151,882
9152,803
9153,747
9154,747
9155,1710
9156,1193
9157,706
9158,876
9159,770
9160,1021
9161,802
9162,833
9163,893
9164,880
9165,1350
9166,839
9167,1421
9168,765
9169,981
9170,952
9171,3116
9172,706
9173,835
9174,668
9175,1132
9176,706
9177,1005
9178,682
9179,682
9180,1646
9181,874
9182,838
9183,784
9184,884
9185,873
9186,818
9187,812
9188,888
9189,690
9190,1065
9191,1255
9192,972
9193,982
9194,856
9195,775
9196,639
9197,869
9198,979
9199,1230
9200,7171
9201,1588
9202,987
9203,3235
9204,957
9205,958
9206,885
9207,896
9208,957
9209,992
9210,1387
9211,1373
9212,1415
9213,986
9214,896
9215,923
9216,1496
9217,951
9218,953
9219,978
9220,1322
9221,1241
9222,1458
9223,1275
9224,931
9225,1064
9226,840
9227,1232
9228,934
9229,859
9230,1428
9231,1029
9232,752
9233,978
9234,800
9235,897
9236,853
9237,902
9238,755
9239,939
9240,1453
9241,2725
9242,788
9243,787
9244,1009
9245,1019
9246,716
9247,988
9248,1128
9249,751
9250,2263
9251,1029
9252,927
9253,961
9254,719
9255,1137
9256,754
9257,905
9258,1673
9259,733
9260,1243
9261,976
9262,1739
9263,832
9264,835
9265,1097
9266,1716
9267,881
9268,1392
9269,804
9270,1094
9271,912
9272,906
9273,766
9274,868
9275,1458
9276,1368
9277,1090
9278,880
9279,844
9280,3674
9281,776
9282,1117
9283,1047
9284,927
9285,926
9286,768
9287,742
9288,1069
9289,673
9290,1774
9291,879
9292,1418
9293,929
9294,834
9295,1604
9296,989
9297,1299
9298,952
9299,1163
9300,7096
9301,1262
9302,890
9303,1196
9304,965
9305,890
9306,851
9307,867
9308,880
9309,795
9310,1939
9311,1329
9312,1461
9313,955
9314,1141
9315,1246
9316,797
9317,888
9318,747
9319,738
9320,1270
9321,940
9322,1050
9323,722
9324,683
9325,1569
9326,9425
9327,1102
9328,1064
9329,1004
9330,1081
9331,1151
9332,1031
9333,1704
9334,855
9335,1091
9336,988
9337,825
9338,1045
9339,1141
9340,1892
9341,1084
9342,730
9343,2041
9344,1313
9345,1225
9346,1087
9347,1006
9348,700
9349,1455
9350,1457
9351,1755
9352,1034
9353,845
9354,628
9355,1967
9356,951
9357,687
9358,838
9359,688
9360,1587
9361,1147
9362,1256
9363,701
9364,963
9365,866
9366,728
9367,878
9368,1223
9369,822
9370,1126
9371,2204
9372,1033
9373,706
9374,687
9375,2564
9376,1181
9377,963
9378,1526
9379,738
9380,1163
9381,1211
9382,1204
9383,1052
9384,1705
9385,1569
9386,836
9387,876
9388,975
9389,933
9390,888
9391,964
9392,770
9393,1344
9394,1385
9395,830
9396,773
9397,861
9398,716
9399,1012
9400,5929
9401,1124
9402,831
9403,936
9404,978
9405,924
9406,758
9407,793
9408,800
9409,837
9410,3017
9411,1066
9412,1004
9413,879
9414,1109
9415,1283
9416,882
9417,1111
9418,845
9419,915
9420,1053
9421,713
9422,2004
9423,828
9424,1149
9425,836
9426,664
9427,770
9428,914
9429,1036
9430,1128
9431,760
9432,924
9433,956
9434,795
9435,784
9436,994
9437,848
9438,912
9439,1391
9440,2319
9441,868
9442,971
9443,751
9444,1454
9445,1058
9446,770
9447,737
9448,752
9449,940
9450,1884
9451,779
9452,1358
9453,1366
9454,1554
9455,917
9456,738
9457,1260
9458,679
9459,772
9460,841
9461,678
9462,762
9463,805
9464,1075
9465,900
9466,786
9467,726
9468,608
9469,693
9470,807
9471,765
9472,680
9473,771
9474,2062
9475,1030
9476,963
9477,950
9478,757
9479,878
9480,1006
9481,954
9482,703
9483,740
9484,669
9485,864
9486,895
9487,757
9488,865
9489,702
9490,995
9491,714
9492,779
9493,763
9494,1116
9495,983
9496,907
9497,785
9498,736
9499,984
9500,16220
9501,1461
9502,1098
9503,901
9504,853
9505,1182
9506,825
9507,1349
9508,865
9509,768
9510,1144
9511,991
9512,868
9513,947
9514,1092
9515,963
9516,1138
9517,871
9518,851
9519,809
9520,1176
9521,906
9522,931
9523,1163
9524,990
9525,2754
9526,745
9527,1173
9528,818
9529,1279
9530,1141
9531,971
9532,888
9533,878
9534,875
9535,816
9536,3541
9537,730
9538,675
9539,643
9540,1266
9541,945
9542,883
9543,815
9544,667
9545,1167
9546,851
9547,788
9548,854
9549,715
9550,1961
9551,806
9552,897
9553,863
9554,713
9555,1796
9556,845
9557,863
9558,804
9559,818
9560,1084
9561,1048
9562,818
9563,1146
9564,768
9565,982
9566,1285
9567,803
9568,2633
9569,773
9570,821
9571,813
9572,867
9573,669
9574,712
9575,1134
9576,608
9577,809
9578,671
9579,518
9580,1266
9581,797
9582,536
9583,717
9584,945
9585,1148
9586,629
9587,632
9588,1008
9589,659
9590,1198
9591,751
9592,1124
9593,779
9594,794
9595,1553
9596,827
9597,797
9598,767
9599,1020
9600,17492
9601,1676
9602,1137
9603,968
9604,1447
9605,1025
9606,1394
9607,1144
9608,1731
9609,989
9610,1351
9611,931
9612,1268
9613,1189
9614,1176
9615,1064
9616,774
9617,658
9618,727
9619,713
9620,1245
9621,787
9622,1987
9623,960
9624,702
9625,876
9626,1102
9627,684
9628,677
9629,1146
9630,1112
9631,800
9632,738
9633,707
9634,556
9635,907
9636,676
9637,851
9638,619
9639,753
9640,830
9641,706
9642,1032
9643,847
9644,814
9645,920
9646,858
9647,1009
9648,695
9649,610
9650,1552
9651,788
9652,892
9653,1354
9654,1001
9655,997
9656,804
9657,987
9658,2658
9659,735
9660,4021
9661,845
9662,1568
9663,1644
9664,686
9665,856
9666,1150
9667,789
9668,906
9669,1015
9670,899
9671,647
9672,899
9673,1216
9674,659
9675,1090
9676,689
9677,641
9678,847
9679,965
9680,825
9681,815
9682,923
9683,695
9684,913
9685,1129
9686,1763
9687,740
9688,848
9689,937
9690,1053
9691,713
9692,667
9693,731
9694,831
9695,916
9696,1409
9697,2053
9698,722
9699,1031
9700,7270
9701,1582
9702,1212
9703,805
9704,958
9705,1129
9706,1100
9707,1114
9708,909
9709,1229
9710,3535
9711,1208
9712,1249
9713,824
9714,1047
9715,877
9716,1509
9717,1050
9718,613
9719,667
9720,1235
9721,874
9722,970
9723,1037
9724,653
9725,877
9726,1152
9727,772
9728,917
9729,1166
9730,1115
9731,788
9732,636
9733,1414
9734,2152
9735,1168
9736,858
9737,1011
9738,774
9739,775
9740,998
9741,915
9742,662
9743,902
9744,857
9745,906
9746,634
9747,933
9748,832
9749,660
9750,1766
9751,716
9752,915
9753,815
9754,750
9755,911
9756,901
9757,624
9758,769
9759,702
9760,1324
9761,811
9762,660
9763,713
9764,729
9765,725
9766,796
9767,789
9768,752
9769,769
9770,1236
9771,926
9772,909
9773,827
9774,1186
9775,940
9776,950
9777,1543
9778,1022
9779,904
9780,1209
9781,1171
9782,690
9783,958
9784,692
9785,830
9786,643
9787,896
9788,763
9789,724
9790,1527
9791,839
9792,923
9793,834
9794,674
9795,674
9796,900
9797,1345
9798,1167
9799,956
9800,6560
9801,1532
9802,952
9803,772
9804,854
9805,898
9806,1049
9807,827
9808,1017
9809,1194
9810,1356
9811,965
9812,1014
9813,775
9814,695
9815,827
9816,856
9817,1226
9818,850
9819,705
9820,1214
9821,1017
9822,3474
9823,1007
9824,925
9825,763
9826,912
9827,907
9828,781
9829,658
9830,1393
9831,895
9832,1265
9833,876
9834,1039
9835,1264
9836,807
9837,810
9838,1205
9839,713
9840,1883
9841,837
9842,1399
9843,1088
9844,775
9845,1434
9846,714
9847,623
9848,792
9849,690
9850,1523
9851,744
9852,715
9853,678
9854,783
9855,756
9856,914
9857,755
9858,759
9859,1804
9860,1007
9861,1617
9862,569
9863,835
9864,633
9865,710
9866,784
9867,702
9868,985
9869,866
9870,879
9871,766
9872,778
9873,928
9874,554
9875,1071
9876,1373
9877,1367
9878,684
9879,672
9880,1194
9881,788
9882,874
9883,756
9884,757
9885,942
9886,622
9887,815
9888,1615
9889,828
9890,1105
9891,860
9892,735
9893,689
9894,800
9895,785
9896,777
9897,605
9898,1244
9899,2283
9900,4951
9901,1359
9902,968
9903,991
9904,1643
9905,1122
9906,889
9907,831
9908,856
9909,1005
9910,1180
9911,1203
9912,1087
9913,985
9914,833
9915,796
9916,786
9917,861
9918,850
9919,1182
9920,1361
9921,1144
9922,1267
9923,971
9924,987
9925,1103
9926,850
9927,793
9928,604
9929,894
9930,1212
9931,973
9932,693
9933,1171
9934,792
9935,848
9936,866
9937,665
9938,1360
9939,990
9940,1064
9941,848
9942,733
9943,576
9944,1061
9945,1240
9946,704
9947,923
9948,655
9949,904
9950,1557
9951,709
9952,667
9953,810
9954,680
9955,1234
9956,759
9957,832
9958,843
9959,822
9960,5962
9961,931
9962,1083
9963,1026
9964,1175
9965,2255
9966,1360
9967,754
9968,828
9969,1767
9970,939
9971,1583
9972,987
9973,1153
9974,1058
9975,1292
9976,909
9977,911
9978,924
9979,1147
9980,1418
9981,3979
9982,1018
9983,920
9984,1227
9985,1296
9986,1162
9987,1275
9988,2567
9989,1033
9990,1971
9991,1544
9992,1921
9993,2440
9994,3418
9995,4518
9996,1831
9997,2249
9998,2638
9999,28417
10000,121074
