number,count
0,79642838
1,123446062
2,102669846
3,73739839
4,57038256
5,62595861
6,40002401
7,34195133
8,32980928
9,25929470
10,46239050
11,19815772
12,24893539
13,13750964
14,14133625
15,21182466
16,13757176
17,11443470
18,13666465
19,14505290
20,24703833
21,10066519
22,9474779
23,8257046
24,12475478
25,14717757
26,7192765
27,7042917
28,7324136
29,6308051
30,23272958
31,6116579
32,4677212
33,3738750
34,3511617
35,5670496
36,3696978
37,3181457
38,3137332
39,3662128
40,10502400
41,2636763
42,3041864
43,2569914
44,2840316
45,5499994
46,2415304
47,2403633
48,3311699
49,2572534
50,15551182
51,2268532
52,2582680
53,2075987
54,2179506
55,3134061
56,2120266
57,1921196
58,1936522
59,1994772
60,7524649
61,1503510
62,1612146
63,1508382
64,2299158
65,2762403
66,1618340
67,1505184
68,1463053
69,1402364
70,4979743
71,1323021
72,1859412
73,1306212
74,1303392
75,3945890
76,1312559
77,1293305
78,1298155
79,1220160
80,5512489
81,1216159
82,1254871
83,1214877
84,1257320
85,2022130
86,1205388
87,1149029
88,1306480
89,1174467
90,5534410
91,1178981
92,1230453
93,1422647
94,1171034
95,3280881
96,1351194
97,1246011
98,1439002
99,3992081
100,16441814
101,1172185
102,662611
103,583132
104,630081
105,762936
106,607028
107,517159
108,559444
109,490735
110,1157527
111,583068
112,535926
113,434425
114,444508
115,606218
116,420068
117,411541
118,418847
119,412867
120,1906503
121,414052
122,405107
123,463070
124,381987
125,1000285
126,374102
127,377158
128,560378
129,363983
130,1004818
131,339111
132,363808
133,332576
134,313177
135,531095
136,311567
137,309981
138,316311
139,310897
140,956802
141,302162
142,292528
143,288804
144,368670
145,421641
146,277343
147,290895
148,275458
149,324430
150,2953234
151,289246
152,291635
153,260341
154,263596
155,370467
156,267644
157,257973
158,249620
159,254637
160,993452
161,263025
162,266616
163,246357
164,241381
165,388244
166,231807
167,241227
168,292211
169,255901
170,616927
171,232774
172,240933
173,223763
174,233785
175,509805
176,234540
177,229197
178,222021
179,238055
180,1183213
181,214079
182,253102
183,303055
184,219481
185,327634
186,206388
187,218903
188,213005
189,224254
190,453623
191,215162
192,284536
193,203767
194,187679
195,295648
196,198713
197,201865
198,197964
199,311097
200,6108188
201,349972
202,347823
203,272859
204,250708
205,321418
206,264490
207,246995
208,264876
209,219504
210,463579
211,237317
212,317269
213,210558
214,223850
215,317690
216,222754
217,202480
218,199994
219,193534
220,595382
221,207205
222,246257
223,227530
224,227195
225,436009
226,191764
227,194057
228,218211
229,192659
230,454371
231,210191
232,219479
233,241619
234,186299
235,255932
236,170241
237,175649
238,177144
239,182575
240,595198
241,172422
242,175896
243,194541
244,163344
245,228859
246,178350
247,182766
248,174531
249,200943
250,2401498
251,173071
252,218132
253,165601
254,175457
255,287741
256,368722
257,155851
258,150481
259,149834
260,375875
261,150278
262,162919
263,153878
264,209965
265,219593
266,146825
267,153291
268,144639
269,156632
270,392494
271,146929
272,159329
273,163834
274,139814
275,298349
276,146312
277,148990
278,140962
279,152166
280,382344
281,153033
282,138768
283,137930
284,133770
285,202808
286,135842
287,146452
288,160839
289,141631
290,239912
291,126572
292,131912
293,140608
294,126293
295,189948
296,129663
297,132513
298,131309
299,220796
300,4166195
301,272475
302,213769
303,223273
304,214834
305,216442
306,160387
307,152168
308,201688
309,145729
310,307159
311,174746
312,191891
313,148822
314,149469
315,206640
316,154978
317,142934
318,140138
319,143616
320,408649
321,158234
322,139304
323,156892
324,134778
325,287484
326,127308
327,131212
328,132656
329,129523
330,328814
331,127638
332,125649
333,207859
334,122719
335,165682
336,144331
337,124836
338,127048
339,116909
340,253968
341,124539
342,118943
343,143652
344,119903
345,165045
346,111866
347,120721
348,113877
349,137803
350,1217709
351,129591
352,131811
353,125712
354,112732
355,149685
356,122665
357,143900
358,117702
359,113587
360,1240988
361,115574
362,108228
363,113003
364,117641
365,692069
366,117128
367,106627
368,110093
369,107302
370,221522
371,108339
372,104945
373,108907
374,96818
375,317236
376,103312
377,109851
378,98683
379,102541
380,244762
381,101232
382,99354
383,105788
384,124854
385,138745
386,105850
387,101887
388,96998
389,99228
390,180060
391,97596
392,100033
393,93942
394,88123
395,140130
396,92202
397,91472
398,88798
399,163382
400,3234217
401,346341
402,142351
403,171533
404,242457
405,174851
406,127364
407,128199
408,130443
409,110100
410,228452
411,135521
412,132075
413,107926
414,115181
415,162050
416,138608
417,110146
418,96882
419,111267
420,269536
421,107650
422,112087
423,103936
424,105950
425,219310
426,96762
427,104836
428,93785
429,109013
430,195883
431,96865
432,112701
433,102191
434,94419
435,133127
436,88930
437,88477
438,90013
439,85202
440,220536
441,97457
442,94189
443,114713
444,116889
445,107773
446,81698
447,88488
448,90661
449,98841
450,704970
451,114315
452,86116
453,85564
454,101569
455,116617
456,97115
457,100464
458,98545
459,82148
460,186271
461,88234
462,86110
463,83431
464,87199
465,106786
466,81907
467,83098
468,84535
469,83773
470,157599
471,86455
472,81958
473,82683
474,76202
475,142199
476,85018
477,83909
478,78957
479,84626
480,270072
481,77056
482,80326
483,84043
484,79645
485,116785
486,92174
487,78184
488,107486
489,76633
490,134307
491,74211
492,73427
493,72699
494,72827
495,131050
496,76085
497,76235
498,73173
499,168633
500,6949435
501,312608
502,123263
503,125907
504,142669
505,136425
506,99120
507,92190
508,126465
509,104222
510,196612
511,95358
512,227407
513,87471
514,92175
515,110231
516,88049
517,82768
518,89740
519,84144
520,191759
521,88221
522,85064
523,80683
524,78993
525,138854
526,77651
527,80558
528,81637
529,119673
530,164217
531,77003
532,82593
533,80343
534,72224
535,97669
536,75873
537,75099
538,77230
539,72203
540,177282
541,89438
542,72977
543,72963
544,73626
545,90051
546,71735
547,69078
548,67498
549,78426
550,407510
551,73778
552,76900
553,70469
554,66522
555,138909
556,74746
557,65858
558,63248
559,70458
560,177510
561,82018
562,75618
563,69572
564,65905
565,82701
566,62000
567,69862
568,66571
569,63833
570,141167
571,74678
572,62003
573,71578
574,69035
575,114733
576,72476
577,69213
578,58363
579,63762
580,157614
581,67805
582,61175
583,64596
584,59852
585,87118
586,68758
587,67801
588,63784
589,60844
590,107457
591,59509
592,58871
593,59240
594,61766
595,87186
596,57602
597,60330
598,58838
599,107557
600,2207132
601,104979
602,93845
603,91248
604,97794
605,92084
606,83707
607,71910
608,83281
609,81285
610,145626
611,71144
612,88094
613,88201
614,74187
615,97384
616,86233
617,96717
618,77995
619,76312
620,153218
621,71974
622,71245
623,66792
624,71169
625,156539
626,77571
627,61788
628,62609
629,61216
630,154791
631,72089
632,71073
633,70565
634,59310
635,78875
636,72343
637,57481
638,59145
639,62965
640,187395
641,64090
642,78358
643,60460
644,63271
645,80971
646,70942
647,68084
648,61109
649,72967
650,441178
651,75352
652,61137
653,56214
654,55858
655,70399
656,63347
657,57096
658,54091
659,56540
660,144741
661,64662
662,67617
663,57348
664,58973
665,66851
666,103964
667,76160
668,59691
669,55892
670,108842
671,55013
672,57190
673,55885
674,53826
675,97316
676,54992
677,60173
678,64063
679,67304
680,133966
681,54010
682,57349
683,54121
684,55564
685,65130
686,58159
687,58124
688,57318
689,52640
690,92656
691,52991
692,54380
693,52882
694,50471
695,74831
696,53159
697,50622
698,50624
699,87135
700,1502765
701,93813
702,97059
703,87165
704,79837
705,79299
706,73410
707,89350
708,65248
709,63016
710,113215
711,72453
712,66506
713,73199
714,73835
715,78300
716,66662
717,70650
718,85292
719,60107
720,203242
721,63107
722,66209
723,56024
724,62447
725,92815
726,55378
727,78718
728,63117
729,55620
730,111700
731,59026
732,72160
733,59477
734,59110
735,67520
736,52591
737,149296
738,50432
739,50023
740,113606
741,55732
742,54899
743,51913
744,58213
745,71988
746,49588
747,116160
748,53897
749,60681
750,673984
751,56799
752,56008
753,55744
754,53885
755,70681
756,51447
757,77060
758,48275
759,47418
760,124083
761,52379
762,53937
763,53826
764,50152
765,74522
766,50890
767,73018
768,89420
769,49140
770,116212
771,52667
772,55833
773,62742
774,52282
775,89277
776,53819
777,161903
778,53620
779,47387
780,118424
781,59244
782,51835
783,49102
784,48978
785,65769
786,56055
787,105467
788,50300
789,55097
790,80097
791,47833
792,51224
793,45988
794,45940
795,65887
796,45213
797,49082
798,47138
799,83483
800,2402250
801,98256
802,245427
803,65056
804,66032
805,80338
806,57497
807,54381
808,109006
809,51036
810,106388
811,62019
812,67090
813,62169
814,58390
815,75795
816,60518
817,59222
818,62754
819,49746
820,111482
821,57423
822,55404
823,50724
824,52234
825,84111
826,51649
827,49677
828,63732
829,51243
830,99645
831,55116
832,58087
833,64950
834,45936
835,64445
836,47625
837,47875
838,46696
839,45724
840,106602
841,51314
842,50829
843,63516
844,82396
845,99150
846,48149
847,63178
848,52082
849,49566
850,313609
851,47203
852,56742
853,48496
854,48522
855,109338
856,54873
857,48742
858,56884
859,50639
860,103000
861,46972
862,46321
863,51507
864,58380
865,68250
866,138593
867,48194
868,47649
869,44199
870,99570
871,52613
872,46993
873,44112
874,43678
875,99437
876,47295
877,140306
878,43280
879,43019
880,105823
881,44112
882,46008
883,49397
884,43047
885,57434
886,49394
887,44193
888,270424
889,46892
890,73634
891,44433
892,43015
893,45709
894,40769
895,60360
896,46709
897,41424
898,44216
899,67196
900,1023776
901,79985
902,63518
903,54134
904,61582
905,72445
906,52521
907,59307
908,56775
909,62319
910,86197
911,493589
912,61408
913,51054
914,60666
915,62176
916,65961
917,60846
918,60029
919,67989
920,124670
921,48447
922,53545
923,44029
924,55328
925,94566
926,44595
927,43438
928,57822
929,49160
930,89607
931,48215
932,44252
933,46563
934,42640
935,54951
936,46177
937,52422
938,41727
939,46229
940,82248
941,54875
942,42666
943,41381
944,52020
945,55513
946,42080
947,40465
948,39951
949,58108
950,209531
951,52182
952,48892
953,41453
954,55905
955,51173
956,43776
957,40407
958,36624
959,42055
960,116946
961,41213
962,45087
963,44920
964,42715
965,53160
966,43580
967,41088
968,44330
969,42744
970,102335
971,49506
972,58427
973,57821
974,42892
975,65115
976,42768
977,42066
978,211919
979,41922
980,101951
981,41549
982,39796
983,38731
984,41221
985,53507
986,40210
987,45358
988,47828
989,47300
990,141018
991,46768
992,44820
993,45093
994,41962
995,106040
996,54082
997,57853
998,54923
999,335696
1000,2028058
1001,97458
1002,87090
1003,29096
1004,25273
1005,27339
1006,27124
1007,100962
1008,22254
1009,19426
1010,59707
1011,32748
1012,28229
1013,22019
1014,22648
1015,28788
1016,230108
1017,29209
1018,21152
1019,18204
1020,46047
1021,36096
1022,18196
1023,27407
1024,105290
1025,22798
1026,16131
1027,15803
1028,14781
1029,27264
1030,38570
1031,38975
1032,15358
1033,21424
1034,14435
1035,19524
1036,13398
1037,20992
1038,74498
1039,17333
1040,60005
1041,16753
1042,17279
1043,14939
1044,16385
1045,19744
1046,21288
1047,13755
1048,13626
1049,16144
1050,67501
1051,16335
1052,14094
1053,17969
1054,17701
1055,21513
1056,21682
1057,14520
1058,13385
1059,13082
1060,44244
1061,14484
1062,13169
1063,17649
1064,17196
1065,18608
1066,36900
1067,15692
1068,14995
1069,13279
1070,47215
1071,15560
1072,14420
1073,30641
1074,20159
1075,17366
1076,12750
1077,16297
1078,14105
1079,13703
1080,174547
1081,14635
1082,11646
1083,14966
1084,13965
1085,15566
1086,26176
1087,13407
1088,22680
1089,18950
1090,23098
1091,13240
1092,12516
1093,53761
1094,14140
1095,27107
1096,15443
1097,38947
1098,24723
1099,81985
1100,191219
1101,39155
1102,20063
1103,22763
1104,18267
1105,20577
1106,15586
1107,17936
1108,16997
1109,29685
1110,28478
1111,105785
1112,18789
1113,16884
1114,14912
1115,22096
1116,14593
1117,15818
1118,14758
1119,13930
1120,30048
1121,16223
1122,18657
1123,14771
1124,14006
1125,21802
1126,25839
1127,14367
1128,28932
1129,12964
1130,29368
1131,14446
1132,13825
1133,13902
1134,12299
1135,15866
1136,27311
1137,13807
1138,13921
1139,12904
1140,20713
1141,12666
1142,12758
1143,12340
1144,12842
1145,20338
1146,15711
1147,12689
1148,11656
1149,12673
1150,42283
1151,15715
1152,18624
1153,12761
1154,12104
1155,26004
1156,12842
1157,11824
1158,15925
1159,15597
1160,18730
1161,17635
1162,11920
1163,12193
1164,11898
1165,12339
1166,11171
1167,15331
1168,9625
1169,11459
1170,20773
1171,12157
1172,14026
1173,12156
1174,10001
1175,19793
1176,14298
1177,34753
1178,9650
1179,12662
1180,19946
1181,11617
1182,14299
1183,11778
1184,10643
1185,15819
1186,49658
1187,12146
1188,11537
1189,13653
1190,18032
1191,13083
1192,13053
1193,10483
1194,12748
1195,12479
1196,10044
1197,11143
1198,12817
1199,21018
1200,445001
1201,26428
1202,24094
1203,16123
1204,21418
1205,17206
1206,18485
1207,16268
1208,14942
1209,14606
1210,26625
1211,17302
1212,24437
1213,16485
1214,15312
1215,24980
1216,16328
1217,12928
1218,13154
1219,13096
1220,26492
1221,16919
1222,18462
1223,18311
1224,14718
1225,22184
1226,13760
1227,15659
1228,12574
1229,12518
1230,27335
1231,14735
1232,12857
1233,12739
1234,44433
1235,16261
1236,11666
1237,11596
1238,11246
1239,11293
1240,21342
1241,13831
1242,16560
1243,13674
1244,16021
1245,17721
1246,12565
1247,11167
1248,13163
1249,13263
1250,71142
1251,13357
1252,16556
1253,13909
1254,14250
1255,13832
1256,13182
1257,12808
1258,12587
1259,10891
1260,28814
1261,12001
1262,10222
1263,11502
1264,11020
1265,13133
1266,10898
1267,11965
1268,10901
1269,9831
1270,19958
1271,13544
1272,12584
1273,19529
1274,14241
1275,18515
1276,10728
1277,11486
1278,10727
1279,15059
1280,61820
1281,10986
1282,11617
1283,11211
1284,12922
1285,13461
1286,9667
1287,11093
1288,10531
1289,10854
1290,21230
1291,16125
1292,12453
1293,11163
1294,11059
1295,16809
1296,14673
1297,11686
1298,11213
1299,16820
1300,225979
1301,23084
1302,18437
1303,15611
1304,15496
1305,16727
1306,14470
1307,15991
1308,13713
1309,13145
1310,22837
1311,15013
1312,14705
1313,17964
1314,14851
1315,15987
1316,12529
1317,12450
1318,11666
1319,10609
1320,25789
1321,13623
1322,13165
1323,13256
1324,13426
1325,23894
1326,13410
1327,14383
1328,12083
1329,11536
1330,23156
1331,15153
1332,17897
1333,20682
1334,12415
1335,12929
1336,11159
1337,18048
1338,10204
1339,10052
1340,20301
1341,12460
1342,12517
1343,12666
1344,12980
1345,14592
1346,12817
1347,12858
1348,14120
1349,13536
1350,45439
1351,12260
1352,10058
1353,12873
1354,10346
1355,12491
1356,10403
1357,10979
1358,9183
1359,10109
1360,18584
1361,11537
1362,10540
1363,10958
1364,11699
1365,25148
1366,21708
1367,12013
1368,16325
1369,10422
1370,17049
1371,46626
1372,10148
1373,13467
1374,9928
1375,14366
1376,9935
1377,13762
1378,10735
1379,10007
1380,17935
1381,11838
1382,11551
1383,10442
1384,10428
1385,13193
1386,12458
1387,10471
1388,10374
1389,11624
1390,15226
1391,10979
1392,13557
1393,9070
1394,17635
1395,12692
1396,9957
1397,10460
1398,10519
1399,15277
1400,193654
1401,21439
1402,16099
1403,13875
1404,15300
1405,15845
1406,13545
1407,11831
1408,13819
1409,11277
1410,19398
1411,13255
1412,12521
1413,11328
1414,14811
1415,20024
1416,11344
1417,10864
1418,10389
1419,10703
1420,22706
1421,12556
1422,12869
1423,11905
1424,11575
1425,15175
1426,8946
1427,10303
1428,10941
1429,11508
1430,22051
1431,13100
1432,11813
1433,12483
1434,10672
1435,12788
1436,10298
1437,10466
1438,10638
1439,11019
1440,53303
1441,15092
1442,11777
1443,10593
1444,13613
1445,12691
1446,11089
1447,10576
1448,8770
1449,9897
1450,44400
1451,11467
1452,12563
1453,19955
1454,9429
1455,13907
1456,9841
1457,9212
1458,9370
1459,9601
1460,19277
1461,13546
1462,10825
1463,10312
1464,9874
1465,10681
1466,9174
1467,12117
1468,10131
1469,12706
1470,16375
1471,24085
1472,13335
1473,12160
1474,10011
1475,17449
1476,11630
1477,11539
1478,10853
1479,10160
1480,18694
1481,9862
1482,12504
1483,17520
1484,11287
1485,16884
1486,9543
1487,9641
1488,11039
1489,9998
1490,16627
1491,12612
1492,33436
1493,15075
1494,14788
1495,14378
1496,9431
1497,12774
1498,12810
1499,16733
1500,617488
1501,24311
1502,20319
1503,17730
1504,16077
1505,16834
1506,15314
1507,13684
1508,14447
1509,16759
1510,22551
1511,16617
1512,16372
1513,16005
1514,13393
1515,23969
1516,17146
1517,18898
1518,13641
1519,18569
1520,41068
1521,22221
1522,16057
1523,16398
1524,15979
1525,22714
1526,16217
1527,15593
1528,13603
1529,14094
1530,29295
1531,13747
1532,14232
1533,15611
1534,16498
1535,20605
1536,26998
1537,13621
1538,16374
1539,16515
1540,29756
1541,17582
1542,17933
1543,15633
1544,12297
1545,18299
1546,14014
1547,17457
1548,13117
1549,16321
1550,45095
1551,15224
1552,14282
1553,17575
1554,13454
1555,19442
1556,14624
1557,15247
1558,18735
1559,20030
1560,25307
1561,14315
1562,13507
1563,14777
1564,18497
1565,18478
1566,14363
1567,13844
1568,14195
1569,13350
1570,21901
1571,16058
1572,16558
1573,14022
1574,12195
1575,17447
1576,13000
1577,14095
1578,12707
1579,12604
1580,23582
1581,13396
1582,17097
1583,13928
1584,14926
1585,16921
1586,13767
1587,14679
1588,18551
1589,13361
1590,23913
1591,14145
1592,17301
1593,14331
1594,13945
1595,16271
1596,15689
1597,15024
1598,18844
1599,19852
1600,285053
1601,25718
1602,21984
1603,37264
1604,24231
1605,24663
1606,21349
1607,26110
1608,20647
1609,24402
1610,30057
1611,24891
1612,20151
1613,18251
1614,17400
1615,19554
1616,23320
1617,16911
1618,18257
1619,26720
1620,36133
1621,21874
1622,17902
1623,21273
1624,17781
1625,25992
1626,16839
1627,15235
1628,19034
1629,16835
1630,32707
1631,17749
1632,19903
1633,18933
1634,20387
1635,21916
1636,19059
1637,18460
1638,20834
1639,17890
1640,49162
1641,20231
1642,28031
1643,20044
1644,26264
1645,20688
1646,16299
1647,16475
1648,24410
1649,20911
1650,62370
1651,19006
1652,17436
1653,17305
1654,17904
1655,19352
1656,17222
1657,15726
1658,16664
1659,16200
1660,51112
1661,20800
1662,21141
1663,17541
1664,19798
1665,23307
1666,24508
1667,20727
1668,16777
1669,16822
1670,26308
1671,15358
1672,18136
1673,16325
1674,16580
1675,22136
1676,16852
1677,16196
1678,16358
1679,16031
1680,33226
1681,18076
1682,17957
1683,19450
1684,16862
1685,24361
1686,16306
1687,17462
1688,27440
1689,25720
1690,26669
1691,16336
1692,22868
1693,16679
1694,17044
1695,19279
1696,16392
1697,18215
1698,16760
1699,20384
1700,179371
1701,33609
1702,23999
1703,24041
1704,22080
1705,20459
1706,22009
1707,27384
1708,21516
1709,24659
1710,29548
1711,20804
1712,19756
1713,19950
1714,23010
1715,27946
1716,18983
1717,23896
1718,21922
1719,18775
1720,33632
1721,20603
1722,22200
1723,21935
1724,20326
1725,25077
1726,20160
1727,22573
1728,22193
1729,19504
1730,34684
1731,19405
1732,22069
1733,22165
1734,21344
1735,23814
1736,20378
1737,21566
1738,21024
1739,20069
1740,33720
1741,22650
1742,22495
1743,23296
1744,22325
1745,30714
1746,23601
1747,22012
1748,24827
1749,24614
1750,77474
1751,23982
1752,27278
1753,27017
1754,27765
1755,34650
1756,29069
1757,27667
1758,31337
1759,29661
1760,42759
1761,25776
1762,27216
1763,38009
1764,28075
1765,32787
1766,28636
1767,27530
1768,29682
1769,32335
1770,49717
1771,29356
1772,33885
1773,32574
1774,40019
1775,65520
1776,96182
1777,45962
1778,40480
1779,35749
1780,55811
1781,40479
1782,41239
1783,49421
1784,40531
1785,41165
1786,37339
1787,56089
1788,50644
1789,80791
1790,70945
1791,53580
1792,58209
1793,55713
1794,49262
1795,52085
1796,48875
1797,47808
1798,56673
1799,52926
1800,407922
1801,63655
1802,53640
1803,68489
1804,59342
1805,57313
1806,58790
1807,52569
1808,54473
1809,63465
1810,70114
1811,54918
1812,120214
1813,58816
1814,66676
1815,87419
1816,58883
1817,59064
1818,67173
1819,65652
1820,99121
1821,70747
1822,60465
1823,57144
1824,66937
1825,73346
1826,60407
1827,60242
1828,66871
1829,64999
1830,125189
1831,73436
1832,84692
1833,74444
1834,75838
1835,85252
1836,88717
1837,93658
1838,81045
1839,84585
1840,135556
1841,89058
1842,85188
1843,83250
1844,88999
1845,97462
1846,95936
1847,96286
1848,130060
1849,102007
1850,201243
1851,118168
1852,95427
1853,96631
1854,106798
1855,107603
1856,105436
1857,118321
1858,108719
1859,115964
1860,197125
1861,184839
1862,166559
1863,162838
1864,159693
1865,188092
1866,120665
1867,131345
1868,128821
1869,122587
1870,192955
1871,141821
1872,128735
1873,121244
1874,117873
1875,132924
1876,133258
1877,119566
1878,123610
1879,125589
1880,214408
1881,153384
1882,141643
1883,137258
1884,139212
1885,154186
1886,147609
1887,148468
1888,160087
1889,159828
1890,225368
1891,164452
1892,159583
1893,162692
1894,152310
1895,181033
1896,172074
1897,165716
1898,182011
1899,179943
1900,467853
1901,229970
1902,197138
1903,209552
1904,208829
1905,232869
1906,219044
1907,211550
1908,233608
1909,219131
1910,317189
1911,307281
1912,278319
1913,263388
1914,363025
1915,291491
1916,284343
1917,352006
1918,381507
1919,314151
1920,503238
1921,259549
1922,269376
1923,255970
1924,254804
1925,273571
1926,265124
1927,266472
1928,277429
1929,325469
1930,437921
1931,267654
1932,286136
1933,353706
1934,311733
1935,315069
1936,336719
1937,332027
1938,349129
1939,443784
1940,519429
1941,421203
1942,412563
1943,377773
1944,435865
1945,615250
1946,400110
1947,436108
1948,478908
1949,408569
1950,647897
1951,370591
1952,394569
1953,407897
1954,422554
1955,436261
1956,455369
1957,453262
1958,455441
1959,473145
1960,753398
1961,523796
1962,558246
1963,578193
1964,643474
1965,655624
1966,620062
1967,720861
1968,767297
1969,757322
1970,1004598
1971,737226
1972,798517
1973,787405
1974,776006
1975,832796
1976,824980
1977,798776
1978,854392
1979,934444
1980,1239711
1981,900907
1982,960997
1983,985021
1984,1124486
1985,1099868
1986,1159773
1987,1145495
1988,1230796
1989,1368882
1990,1733696
1991,1494515
1992,1627406
1993,1627003
1994,1806003
1995,1952172
1996,2091278
1997,2176740
1998,2388403
1999,2814876
2000,4561799
2001,3362360
2002,3388915
2003,3836225
2004,4181575
2005,4751139
2006,5338016
2007,6417795
2008,7780582
2009,7240003
2010,8374764
2011,8401129
2012,9638935
2013,9546602
2014,9535384
2015,9386872
2016,9969258
2017,10129856
2018,10499342
2019,9700424
2020,9818653
2021,6704502
2022,4952665
2023,989714
2024,333529
2025,360956
2026,142302
2027,99318
2028,77987
2029,40210
2030,440350
2031,32992
2032,28561
2033,21311
2034,14238
2035,58731
2036,16567
2037,11887
2038,12174
2039,9096
2040,77408
2041,12909
2042,18762
2043,8083
2044,8317
2045,23293
2046,8892
2047,10056
2048,52029
2049,20417
2050,221900
2051,7659
2052,8327
2053,6092
2054,6041
2055,9547
2056,7102
2057,5577
2058,5286
2059,5543
2060,35608
2061,6862
2062,5556
2063,9123
2064,5692
2065,7722
2066,5956
2067,5897
2068,5500
2069,5248
2070,28657
2071,7032
2072,6160
2073,5386
2074,5331
2075,8578
2076,6225
2077,39551
2078,5013
2079,5377
2080,33892
2081,5273
2082,4013
2083,4684
2084,5322
2085,5401
2086,4217
2087,4871
2088,5064
2089,4335
2090,8362
2091,4334
2092,4375
2093,4271
2094,4394
2095,5554
2096,4080
2097,4527
2098,3955
2099,13148
2100,119969
2101,12104
2102,9665
2103,8713
2104,8838
2105,14109
2106,9233
2107,7491
2108,8328
2109,7040
2110,13044
2111,10737
2112,11871
2113,6807
2114,7394
2115,10112
2116,6754
2117,5924
2118,8036
2119,5998
2120,11273
2121,13233
2122,6677
2123,6046
2124,5454
2125,7453
2126,4866
2127,4634
2128,4844
2129,4654
2130,10659
2131,5980
2132,4770
2133,9231
2134,5539
2135,5911
2136,4739
2137,4363
2138,6768
2139,6602
2140,10171
2141,6842
2142,7808
2143,5472
2144,4841
2145,5615
2146,3960
2147,5706
2148,4963
2149,4369
2150,15688
2151,6397
2152,4753
2153,4873
2154,5163
2155,7189
2156,4232
2157,4538
2158,3763
2159,4012
2160,24186
2161,5010
2162,3605
2163,3974
2164,5382
2165,5782
2166,4456
2167,4143
2168,3756
2169,4283
2170,6827
2171,4553
2172,4115
2173,3877
2174,6036
2175,5594
2176,3855
2177,3961
2178,3547
2179,3568
2180,6863
2181,4688
2182,3609
2183,3661
2184,3558
2185,4021
2186,3406
2187,4482
2188,3604
2189,3517
2190,5299
2191,4257
2192,3922
2193,3457
2194,3471
2195,4612
2196,4979
2197,3834
2198,3141
2199,7221
2200,91584
2201,12041
2202,8321
2203,5808
2204,6274
2205,8824
2206,5930
2207,5260
2208,5684
2209,4982
2210,9825
2211,8608
2212,7955
2213,4884
2214,5170
2215,8228
2216,5433
2217,5463
2218,4632
2219,4565
2220,9071
2221,6502
2222,16983
2223,6364
2224,5836
2225,8123
2226,4486
2227,5275
2228,4693
2229,5195
2230,9621
2231,6802
2232,4752
2233,6549
2234,3979
2235,5045
2236,4760
2237,4429
2238,3656
2239,3680
2240,8406
2241,6938
2242,5111
2243,4272
2244,6596
2245,5364
2246,4139
2247,3816
2248,3930
2249,4363
2250,19415
2251,5790
2252,4604
2253,5412
2254,11063
2255,14771
2256,4449
2257,5563
2258,3712
2259,4147
2260,6548
2261,5047
2262,3937
2263,4019
2264,4461
2265,5264
2266,4173
2267,4574
2268,3999
2269,3639
2270,5724
2271,3846
2272,4879
2273,5111
2274,3501
2275,4908
2276,3429
2277,5659
2278,4240
2279,3248
2280,9489
2281,5212
2282,3778
2283,3962
2284,3796
2285,4181
2286,3343
2287,4501
2288,4440
2289,3570
2290,6578
2291,3490
2292,3238
2293,3425
2294,3042
2295,4040
2296,3426
2297,3245
2298,3248
2299,4974
2300,70033
2301,9129
2302,5558
2303,5005
2304,6979
2305,6796
2306,4431
2307,12474
2308,4595
2309,4286
2310,8579
2311,6267
2312,5739
2313,4467
2314,4981
2315,5453
2316,4261
2317,4685
2318,3676
2319,4506
2320,8489
2321,5076
2322,5029
2323,7291
2324,4880
2325,5525
2326,4195
2327,4100
2328,3692
2329,3817
2330,8114
2331,4720
2332,4383
2333,6087
2334,5365
2335,4446
2336,3566
2337,6338
2338,3361
2339,3453
2340,9926
2341,4339
2342,4069
2343,3860
2344,3840
2345,10307
2346,3438
2347,4243
2348,3704
2349,3730
2350,11436
2351,3929
2352,3868
2353,3815
2354,3402
2355,4406
2356,3602
2357,4195
2358,3301
2359,4472
2360,5702
2361,3722
2362,3457
2363,3330
2364,3558
2365,3968
2366,3916
2367,3638
2368,3748
2369,3720
2370,5459
2371,4143
2372,3935
2373,3722
2374,3389
2375,5245
2376,3667
2377,3675
2378,3386
2379,3525
2380,6360
2381,4235
2382,3358
2383,3756
2384,2963
2385,3772
2386,3055
2387,2982
2388,3480
2389,3130
2390,4236
2391,4244
2392,4246
2393,3387
2394,3284
2395,4196
2396,3145
2397,3165
2398,2810
2399,4747
2400,99248
2401,8454
2402,4921
2403,5208
2404,4403
2405,5056
2406,3679
2407,4578
2408,4358
2409,3901
2410,6738
2411,4768
2412,7415
2413,4077
2414,4059
2415,4713
2416,3511
2417,3596
2418,3267
2419,4052
2420,6567
2421,4115
2422,4560
2423,4273
2424,6370
2425,5924
2426,3588
2427,3727
2428,3466
2429,3326
2430,5384
2431,4092
2432,3218
2433,4111
2434,3291
2435,3885
2436,3799
2437,3119
2438,3219
2439,2870
2440,6175
2441,3961
2442,3796
2443,3159
2444,4258
2445,4183
2446,3429
2447,3236
2448,5310
2449,3724
2450,10646
2451,4140
2452,3509
2453,3354
2454,4146
2455,4580
2456,3548
2457,3329
2458,4266
2459,3165
2460,6647
2461,3577
2462,3319
2463,2916
2464,3324
2465,3982
2466,3460
2467,3338
2468,3507
2469,2975
2470,4271
2471,3760
2472,3743
2473,3048
2474,3645
2475,4269
2476,4435
2477,3794
2478,4111
2479,2898
2480,5237
2481,3403
2482,2796
2483,3247
2484,2974
2485,3468
2486,3139
2487,2925
2488,3076
2489,3335
2490,4202
2491,3188
2492,2895
2493,2958
2494,3172
2495,4259
2496,3555
2497,3261
2498,3047
2499,6799
2500,284914
2501,8476
2502,4887
2503,4235
2504,4167
2505,5429
2506,4111
2507,3918
2508,3971
2509,3639
2510,8166
2511,5700
2512,4251
2513,3747
2514,3955
2515,4691
2516,3877
2517,3586
2518,4226
2519,3562
2520,11544
2521,4587
2522,4773
2523,3646
2524,3425
2525,9895
2526,4492
2527,4181
2528,3652
2529,3710
2530,5756
2531,4169
2532,4069
2533,3459
2534,3128
2535,4486
2536,3946
2537,3685
2538,3176
2539,3164
2540,5928
2541,3758
2542,3061
2543,3617
2544,3256
2545,4000
2546,3007
2547,3214
2548,3764
2549,3132
2550,11071
2551,4243
2552,4633
2553,4505
2554,3465
2555,6261
2556,3123
2557,3654
2558,3563
2559,3683
2560,26498
2561,3032
2562,3931
2563,3329
2564,2960
2565,3579
2566,2833
2567,3167
2568,3131
2569,2637
2570,4107
2571,3075
2572,2480
2573,2700
2574,2587
2575,4393
2576,2746
2577,3262
2578,2916
2579,2769
2580,4935
2581,3507
2582,2944
2583,3206
2584,2652
2585,3199
2586,2686
2587,2753
2588,3056
2589,2704
2590,4235
2591,3061
2592,3986
2593,2909
2594,2339
2595,3536
2596,3055
2597,2764
2598,2522
2599,3547
2600,90741
2601,7927
2602,3806
2603,3743
2604,3633
2605,4418
2606,3825
2607,3426
2608,3130
2609,3635
2610,6094
2611,4236
2612,3582
2613,3205
2614,2965
2615,3788
2616,4142
2617,3306
2618,3114
2619,2950
2620,6124
2621,3650
2622,3705
2623,3405
2624,2840
2625,5147
2626,4864
2627,3490
2628,3773
2629,2888
2630,5803
2631,3386
2632,3072
2633,3314
2634,2645
2635,3971
2636,2938
2637,3155
2638,2888
2639,3352
2640,5654
2641,2945
2642,3261
2643,2926
2644,2730
2645,3329
2646,3182
2647,2698
2648,3090
2649,2660
2650,11032
2651,3513
2652,3132
2653,3110
2654,2608
2655,3838
2656,3013
2657,2667
2658,2512
2659,2456
2660,4857
2661,3152
2662,2973
2663,3035
2664,2878
2665,4173
2666,8460
2667,3867
2668,2504
2669,2583
2670,4276
2671,3125
2672,3067
2673,3103
2674,2497
2675,3753
2676,2560
2677,3432
2678,2425
2679,2514
2680,5079
2681,2851
2682,2557
2683,2569
2684,2247
2685,2567
2686,2774
2687,2443
2688,3621
2689,2424
2690,4288
2691,2855
2692,2480
2693,2579
2694,2186
2695,3720
2696,2327
2697,2949
2698,2540
2699,4042
2700,54197
2701,6478
2702,4247
2703,4236
2704,4180
2705,3939
2706,3294
2707,3463
2708,3280
2709,3138
2710,5933
2711,4578
2712,3538
2713,3193
2714,2795
2715,3703
2716,3314
2717,3102
2718,2983
2719,2959
2720,6889
2721,3805
2722,3443
2723,3079
2724,2851
2725,3674
2726,2931
2727,5566
2728,3349
2729,3081
2730,5227
2731,2880
2732,3340
2733,3067
2734,2524
2735,2918
2736,3584
2737,3707
2738,2883
2739,3187
2740,4125
2741,3241
2742,2819
2743,2907
2744,3233
2745,3234
2746,2494
2747,3087
2748,2485
2749,2630
2750,11972
2751,2995
2752,2652
2753,2932
2754,2286
2755,3808
2756,2533
2757,3001
2758,2465
2759,2410
2760,5767
2761,2685
2762,2414
2763,2497
2764,2832
2765,3253
2766,2776
2767,3635
2768,2455
2769,2361
2770,4030
2771,2646
2772,3388
2773,2637
2774,2275
2775,3682
2776,2588
2777,4113
2778,3585
2779,2433
2780,4163
2781,3162
2782,2782
2783,2591
2784,2358
2785,2978
2786,2431
2787,5586
2788,2772
2789,2710
2790,3579
2791,2474
2792,2147
2793,2249
2794,1969
2795,3100
2796,3045
2797,2463
2798,2310
2799,6008
2800,58863
2801,6270
2802,3791
2803,3574
2804,3037
2805,3806
2806,3065
2807,3184
2808,3891
2809,3256
2810,4952
2811,4465
2812,3271
2813,2915
2814,3671
2815,3485
2816,3233
2817,2948
2818,3287
2819,2690
2820,5054
2821,3575
2822,3727
2823,2592
2824,5923
2825,3864
2826,2599
2827,2515
2828,4039
2829,3094
2830,4344
2831,2842
2832,2682
2833,2892
2834,2609
2835,3808
2836,3985
2837,2437
2838,2531
2839,2783
2840,5031
2841,3365
2842,2532
2843,2265
2844,2589
2845,2992
2846,2166
2847,2792
2848,3329
2849,2457
2850,8240
2851,2774
2852,2631
2853,2429
2854,2024
2855,3231
2856,2559
2857,2870
2858,2323
2859,2411
2860,4551
2861,2702
2862,2167
2863,2424
2864,2518
2865,3281
2866,8857
2867,2292
2868,2476
2869,2649
2870,3295
2871,2675
2872,2357
2873,2502
2874,2357
2875,3910
2876,2257
2877,2427
2878,2275
2879,2269
2880,9482
2881,2820
2882,2897
2883,2621
2884,2157
2885,3531
2886,2515
2887,2689
2888,3589
2889,2634
2890,3877
2891,3030
2892,3988
2893,2894
2894,2201
2895,2938
2896,2322
2897,2218
2898,2155
2899,2906
2900,30913
2901,5985
2902,3135
2903,4728
2904,3236
2905,3620
2906,2827
2907,2948
2908,2955
2909,3526
2910,4481
2911,4925
2912,3522
2913,3312
2914,3072
2915,4049
2916,2989
2917,2951
2918,2807
2919,3051
2920,7564
2921,3503
2922,2733
2923,3324
2924,3006
2925,4392
2926,2534
2927,2407
2928,2369
2929,6043
2930,4655
2931,2776
2932,2474
2933,4034
2934,2585
2935,2714
2936,2795
2937,2244
2938,2113
2939,2409
2940,4367
2941,3133
2942,2240
2943,2575
2944,2400
2945,2877
2946,2104
2947,2467
2948,2366
2949,2509
2950,8512
2951,2686
2952,2454
2953,2448
2954,2191
2955,3046
2956,1980
2957,2080
2958,3443
2959,2175
2960,6049
2961,2300
2962,2144
2963,2173
2964,1959
2965,2409
2966,2365
2967,2262
2968,2053
2969,2059
2970,3342
2971,2161
2972,2080
2973,2067
2974,2330
2975,2854
2976,2373
2977,2630
2978,2134
2979,2162
2980,3342
2981,2170
2982,2196
2983,2074
2984,1944
2985,2475
2986,1833
2987,2149
2988,2468
2989,2115
2990,3685
2991,2872
2992,2749
2993,2275
2994,2186
2995,3854
2996,2323
2997,2626
2998,2649
2999,7420
3000,581027
3001,14813
3002,7755
3003,8226
3004,5857
3005,5706
3006,5462
3007,4017
3008,9590
3009,4699
3010,8949
3011,5229
3012,5230
3013,4121
3014,3918
3015,5449
3016,4018
3017,3362
3018,3838
3019,4037
3020,9210
3021,4378
3022,3527
3023,3195
3024,6810
3025,5378
3026,3138
3027,3142
3028,2705
3029,2812
3030,12005
3031,4288
3032,3416
3033,4108
3034,3079
3035,4024
3036,3130
3037,2663
3038,2775
3039,3132
3040,7965
3041,2942
3042,2990
3043,2733
3044,2691
3045,3684
3046,2474
3047,2531
3048,3681
3049,2890
3050,14015
3051,3466
3052,3468
3053,3483
3054,2789
3055,4244
3056,3080
3057,2709
3058,2488
3059,2460
3060,19255
3061,2696
3062,2596
3063,2480
3064,2358
3065,3298
3066,2863
3067,2699
3068,2803
3069,2251
3070,19014
3071,2686
3072,5362
3073,2384
3074,2663
3075,3330
3076,2327
3077,3173
3078,2110
3079,2675
3080,28900
3081,2602
3082,2113
3083,2644
3084,2298
3085,3442
3086,2337
3087,2357
3088,2759
3089,2201
3090,17921
3091,2373
3092,2085
3093,2277
3094,2012
3095,2633
3096,2377
3097,1954
3098,2075
3099,3424
3100,38425
3101,8348
3102,4969
3103,3775
3104,3696
3105,4207
3106,3319
3107,3192
3108,3558
3109,6992
3110,6519
3111,6290
3112,3882
3113,3744
3114,3891
3115,4639
3116,3153
3117,3259
3118,2610
3119,2709
3120,7201
3121,6555
3122,3292
3123,3442
3124,3124
3125,7551
3126,2997
3127,2485
3128,3484
3129,2588
3130,5608
3131,5645
3132,3591
3133,3885
3134,2623
3135,4619
3136,2817
3137,2556
3138,2710
3139,2294
3140,4231
3141,3950
3142,3375
3143,2710
3144,2975
3145,3849
3146,2550
3147,2614
3148,2458
3149,2289
3150,8817
3151,3017
3152,2300
3153,2600
3154,2057
3155,3247
3156,2924
3157,2594
3158,2210
3159,2244
3160,4123
3161,3672
3162,2554
3163,2585
3164,2260
3165,2675
3166,6221
3167,2308
3168,3165
3169,1952
3170,3532
3171,3351
3172,2001
3173,2404
3174,2317
3175,3428
3176,2182
3177,2713
3178,1963
3179,2073
3180,3687
3181,2839
3182,2330
3183,2046
3184,2057
3185,2658
3186,2368
3187,2264
3188,2455
3189,2285
3190,2940
3191,2641
3192,2244
3193,1968
3194,3314
3195,2792
3196,2210
3197,1969
3198,2183
3199,2842
3200,84812
3201,8367
3202,3705
3203,3166
3204,3156
3205,4427
3206,2692
3207,3160
3208,3260
3209,2487
3210,6140
3211,4957
3212,3588
3213,3190
3214,2899
3215,3473
3216,3125
3217,2557
3218,2596
3219,2635
3220,5741
3221,3589
3222,3553
3223,3332
3224,3061
3225,3658
3226,2936
3227,2703
3228,2333
3229,2691
3230,4120
3231,3124
3232,9270
3233,5185
3234,2466
3235,4389
3236,2272
3237,2346
3238,2092
3239,2302
3240,4760
3241,3003
3242,2447
3243,2749
3244,2324
3245,2965
3246,2592
3247,2312
3248,1950
3249,2145
3250,8719
3251,2944
3252,2525
3253,2143
3254,2126
3255,3251
3256,2243
3257,2217
3258,2256
3259,2099
3260,3718
3261,2760
3262,2084
3263,2182
3264,3843
3265,2480
3266,2162
3267,2293
3268,2088
3269,2083
3270,4944
3271,2025
3272,2176
3273,1927
3274,2142
3275,2659
3276,2238
3277,2105
3278,2203
3279,2052
3280,3980
3281,2390
3282,2777
3283,1905
3284,1852
3285,2651
3286,2921
3287,2111
3288,2361
3289,1971
3290,2942
3291,1856
3292,1961
3293,2054
3294,1841
3295,2329
3296,1779
3297,1835
3298,1677
3299,3254
3300,40485
3301,7830
3302,3666
3303,5300
3304,3643
3305,3793
3306,5808
3307,3340
3308,2711
3309,3014
3310,11915
3311,4823
3312,3169
3313,3515
3314,2711
3315,3475
3316,2394
3317,2537
3318,2662
3319,2431
3320,4603
3321,3256
3322,4227
3323,2612
3324,2841
3325,3688
3326,2426
3327,2463
3328,2467
3329,2057
3330,6322
3331,3500
3332,2777
3333,16555
3334,3065
3335,3294
3336,2509
3337,3052
3338,2422
3339,2888
3340,4145
3341,2551
3342,2703
3343,2883
3344,3337
3345,2961
3346,2381
3347,1978
3348,2311
3349,2046
3350,8577
3351,2721
3352,2253
3353,2666
3354,2977
3355,3695
3356,2047
3357,1915
3358,1987
3359,2252
3360,4816
3361,2413
3362,2778
3363,2209
3364,2172
3365,2545
3366,3220
3367,1900
3368,2312
3369,2624
3370,3585
3371,2492
3372,2137
3373,2292
3374,1811
3375,3387
3376,2172
3377,2774
3378,2036
3379,2221
3380,3555
3381,2201
3382,2029
3383,1956
3384,1947
3385,2023
3386,4133
3387,1884
3388,2501
3389,16424
3390,17350
3391,2247
3392,1778
3393,2828
3394,1814
3395,2156
3396,1924
3397,2242
3398,1706
3399,3343
3400,34605
3401,5551
3402,4703
3403,2665
3404,3131
3405,3660
3406,3575
3407,3435
3408,2358
3409,2475
3410,4413
3411,3515
3412,3675
3413,2284
3414,2481
3415,2852
3416,2111
3417,2386
3418,1927
3419,1931
3420,4194
3421,2901
3422,2498
3423,2214
3424,2245
3425,2815
3426,2206
3427,2174
3428,1856
3429,2024
3430,3208
3431,2632
3432,3262
3433,2319
3434,3434
3435,3211
3436,2309
3437,1957
3438,1836
3439,2070
3440,5162
3441,2399
3442,2148
3443,2400
3444,3344
3445,2702
3446,1855
3447,2102
3448,2269
3449,2201
3450,7314
3451,2479
3452,2096
3453,2049
3454,2644
3455,2539
3456,5794
3457,2475
3458,2040
3459,1853
3460,2883
3461,2136
3462,1817
3463,2289
3464,2150
3465,2156
3466,2185
3467,1858
3468,2130
3469,1858
3470,3613
3471,1991
3472,1898
3473,1920
3474,2471
3475,3141
3476,2130
3477,2011
3478,2193
3479,1861
3480,3210
3481,2044
3482,1807
3483,1800
3484,1743
3485,1913
3486,1778
3487,1531
3488,2103
3489,1572
3490,2780
3491,1861
3492,1715
3493,1661
3494,1724
3495,2783
3496,1543
3497,1565
3498,1650
3499,2934
3500,142478
3501,6260
3502,2914
3503,2526
3504,2721
3505,3356
3506,2640
3507,2249
3508,2752
3509,2427
3510,4753
3511,3103
3512,2552
3513,2045
3514,2492
3515,2744
3516,2466
3517,2028
3518,1712
3519,2074
3520,6274
3521,3254
3522,2276
3523,2114
3524,2142
3525,2979
3526,2071
3527,2158
3528,2720
3529,1888
3530,3321
3531,2256
3532,1927
3533,2178
3534,1805
3535,4595
3536,2442
3537,2479
3538,1770
3539,1909
3540,4461
3541,2318
3542,2347
3543,2238
3544,2017
3545,2414
3546,1784
3547,1872
3548,2045
3549,1812
3550,7721
3551,2623
3552,2222
3553,5344
3554,1671
3555,4027
3556,1906
3557,1816
3558,1756
3559,1888
3560,4263
3561,2012
3562,1650
3563,1755
3564,1720
3565,2342
3566,1795
3567,2068
3568,1877
3569,1652
3570,3407
3571,2122
3572,1749
3573,1857
3574,1631
3575,2646
3576,1742
3577,1918
3578,1733
3579,1776
3580,3035
3581,1816
3582,3078
3583,2556
3584,2613
3585,2392
3586,1820
3587,1533
3588,2366
3589,1833
3590,4040
3591,1879
3592,1997
3593,1610
3594,1492
3595,2207
3596,1493
3597,1657
3598,1649
3599,2497
3600,65664
3601,4829
3602,2800
3603,2817
3604,2866
3605,2719
3606,2350
3607,2202
3608,2221
3609,2094
3610,3781
3611,2848
3612,2242
3613,1976
3614,1886
3615,2872
3616,2149
3617,2044
3618,1781
3619,1862
3620,3564
3621,2638
3622,2447
3623,1954
3624,2532
3625,2696
3626,2398
3627,2486
3628,2111
3629,1804
3630,4390
3631,2336
3632,2209
3633,2722
3634,1647
3635,2127
3636,3594
3637,2201
3638,2072
3639,2039
3640,3345
3641,2233
3642,2013
3643,1850
3644,1703
3645,2058
3646,2060
3647,2270
3648,2319
3649,1561
3650,8227
3651,2352
3652,1813
3653,1772
3654,1769
3655,2327
3656,1668
3657,1688
3658,2083
3659,1729
3660,3339
3661,2084
3662,1582
3663,3201
3664,1986
3665,2164
3666,2233
3667,2289
3668,1960
3669,1724
3670,2534
3671,1792
3672,1747
3673,1735
3674,1582
3675,2260
3676,2176
3677,1852
3678,1746
3679,1531
3680,3052
3681,1774
3682,1450
3683,1701
3684,1751
3685,1765
3686,2120
3687,1719
3688,1819
3689,1623
3690,2812
3691,1648
3692,1477
3693,1552
3694,1287
3695,1943
3696,1857
3697,1660
3698,1572
3699,2209
3700,28665
3701,4598
3702,2499
3703,2224
3704,2317
3705,2694
3706,2043
3707,2092
3708,1978
3709,1920
3710,3503
3711,3128
3712,2155
3713,2036
3714,1954
3715,2415
3716,1858
3717,2314
3718,2046
3719,2450
3720,3696
3721,2292
3722,1964
3723,1942
3724,2149
3725,2402
3726,1873
3727,3144
3728,1956
3729,2954
3730,4894
3731,2490
3732,1979
3733,3648
3734,1681
3735,2089
3736,1652
3737,3565
3738,1968
3739,2042
3740,2807
3741,1967
3742,2631
3743,3043
3744,2354
3745,3177
3746,1971
3747,1824
3748,2247
3749,1577
3750,10602
3751,2246
3752,1869
3753,1661
3754,1619
3755,3113
3756,1692
3757,1705
3758,2451
3759,1608
3760,2931
3761,2066
3762,1717
3763,1565
3764,1626
3765,1824
3766,1738
3767,1751
3768,1474
3769,1570
3770,4822
3771,1838
3772,1784
3773,2163
3774,1830
3775,2660
3776,2850
3777,3002
3778,1709
3779,1728
3780,2795
3781,1767
3782,2136
3783,1927
3784,1727
3785,1942
3786,1918
3787,1747
3788,1741
3789,1670
3790,2405
3791,2525
3792,1515
3793,1560
3794,1337
3795,1885
3796,1461
3797,1926
3798,1383
3799,2063
3800,35506
3801,4811
3802,2278
3803,2354
3804,1876
3805,2634
3806,2000
3807,1881
3808,2740
3809,2306
3810,3742
3811,2552
3812,2257
3813,1845
3814,1858
3815,2299
3816,1868
3817,1816
3818,1896
3819,1755
3820,3968
3821,2162
3822,2012
3823,2071
3824,2157
3825,2642
3826,1686
3827,1755
3828,1877
3829,1728
3830,3304
3831,1979
3832,1795
3833,2682
3834,2213
3835,2284
3836,1551
3837,1919
3838,3296
3839,2282
3840,16494
3841,2159
3842,1993
3843,1624
3844,2543
3845,2284
3846,1678
3847,2175
3848,1897
3849,1958
3850,6781
3851,1939
3852,1696
3853,1572
3854,1428
3855,2521
3856,1558
3857,2122
3858,1531
3859,2055
3860,2876
3861,2347
3862,1629
3863,1761
3864,1885
3865,2183
3866,1723
3867,1818
3868,1683
3869,1557
3870,3783
3871,1742
3872,3641
3873,1537
3874,1423
3875,2071
3876,1504
3877,1571
3878,1616
3879,1432
3880,3521
3881,1703
3882,1491
3883,1957
3884,1476
3885,1953
3886,1681
3887,1607
3888,3923
3889,1656
3890,2272
3891,1530
3892,2298
3893,1796
3894,1523
3895,1654
3896,1352
3897,1771
3898,1505
3899,1858
3900,22259
3901,3884
3902,2244
3903,2607
3904,2127
3905,2386
3906,2137
3907,2003
3908,1875
3909,2174
3910,2832
3911,2629
3912,2131
3913,1919
3914,1706
3915,2430
3916,1724
3917,1713
3918,1733
3919,1828
3920,3118
3921,2344
3922,2347
3923,1999
3924,1704
3925,2226
3926,1839
3927,1630
3928,1916
3929,1646
3930,2911
3931,1889
3932,1714
3933,2131
3934,4224
3935,1773
3936,1624
3937,2338
3938,1412
3939,3230
3940,3499
3941,1944
3942,1458
3943,1647
3944,1841
3945,3271
3946,1614
3947,1731
3948,1372
3949,1721
3950,4760
3951,1696
3952,1515
3953,1466
3954,1445
3955,2025
3956,1503
3957,1372
3958,1519
3959,2488
3960,2939
3961,1488
3962,1984
3963,1478
3964,1388
3965,1765
3966,1577
3967,1410
3968,1758
3969,2122
3970,2763
3971,1993
3972,1459
3973,1380
3974,1592
3975,1993
3976,1395
3977,1546
3978,1743
3979,1649
3980,2207
3981,1732
3982,1558
3983,1430
3984,1460
3985,1976
3986,2028
3987,1777
3988,1717
3989,1595
3990,2655
3991,1748
3992,1594
3993,1812
3994,1612
3995,2598
3996,1844
3997,1713
3998,1874
3999,4976
4000,337148
4001,9442
4002,4689
4003,4256
4004,6950
4005,5123
4006,3565
4007,3511
4008,3317
4009,2902
4010,6376
4011,4481
4012,3315
4013,3383
4014,3591
4015,3062
4016,2710
4017,3063
4018,2448
4019,2137
4020,6758
4021,2792
4022,2674
4023,2145
4024,2379
4025,2948
4026,2346
4027,2061
4028,1994
4029,2174
4030,4194
4031,2911
4032,5380
4033,17196
4034,2035
4035,2493
4036,1876
4037,1910
4038,2433
4039,2348
4040,7162
4041,3002
4042,2230
4043,2431
4044,2328
4045,2596
4046,2276
4047,2277
4048,2062
4049,3401
4050,7391
4051,3711
4052,2144
4053,2200
4054,2071
4055,2435
4056,2033
4057,1873
4058,1658
4059,1857
4060,4730
4061,2618
4062,2217
4063,1683
4064,2856
4065,2276
4066,2211
4067,2412
4068,1742
4069,2083
4070,4696
4071,1952
4072,2222
4073,1651
4074,1864
4075,2316
4076,1677
4077,2350
4078,1422
4079,1527
4080,7271
4081,2238
4082,1619
4083,1662
4084,1563
4085,1878
4086,1464
4087,1646
4088,2282
4089,1539
4090,8060
4091,1978
4092,1704
4093,1650
4094,1912
4095,3502
4096,31053
4097,1850
4098,1626
4099,2345
4100,24430
4101,5831
4102,3874
4103,5818
4104,3262
4105,2970
4106,2457
4107,2165
4108,2356
4109,2495
4110,4125
4111,5044
4112,3107
4113,2298
4114,2549
4115,2607
4116,2463
4117,1981
4118,1955
4119,1839
4120,4075
4121,2998
4122,2603
4123,2864
4124,1830
4125,3137
4126,1799
4127,2037
4128,2858
4129,2010
4130,8324
4131,2368
4132,1907
4133,2086
4134,1591
4135,7848
4136,1758
4137,1908
4138,1653
4139,1557
4140,6491
4141,4537
4142,2609
4143,2156
4144,2052
4145,1975
4146,1495
4147,1874
4148,1492
4149,1659
4150,6064
4151,3361
4152,1827
4153,1878
4154,1543
4155,2538
4156,1630
4157,1945
4158,1703
4159,2090
4160,4235
4161,3242
4162,1564
4163,1846
4164,1595
4165,2155
4166,1896
4167,1981
4168,1377
4169,1684
4170,2621
4171,2253
4172,2641
4173,1708
4174,1484
4175,2020
4176,1465
4177,1676
4178,1514
4179,1654
4180,2945
4181,2009
4182,1431
4183,1590
4184,1493
4185,1671
4186,1407
4187,1595
4188,1455
4189,1407
4190,2133
4191,1810
4192,1489
4193,1419
4194,1532
4195,1684
4196,1326
4197,1464
4198,1374
4199,1866
4200,36156
4201,3891
4202,3203
4203,2268
4204,2136
4205,2600
4206,1721
4207,2083
4208,2335
4209,2120
4210,4313
4211,3061
4212,3039
4213,2400
4214,2450
4215,2973
4216,1973
4217,3683
4218,1970
4219,1748
4220,3721
4221,2802
4222,3301
4223,1958
4224,2457
4225,2953
4226,2064
4227,3116
4228,2061
4229,1916
4230,3044
4231,3971
4232,2187
4233,1929
4234,1630
4235,1917
4236,7112
4237,1680
4238,1508
4239,1604
4240,3270
4241,2129
4242,3842
4243,2096
4244,2647
4245,2796
4246,1582
4247,2170
4248,1712
4249,1538
4250,6259
4251,2054
4252,1749
4253,2005
4254,1943
4255,2325
4256,1531
4257,1651
4258,1951
4259,1403
4260,3425
4261,2023
4262,1606
4263,1817
4264,1581
4265,1766
4266,1900
4267,1700
4268,1537
4269,1978
4270,2321
4271,4920
4272,1880
4273,1352
4274,1754
4275,2158
4276,1826
4277,1913
4278,1737
4279,1599
4280,2713
4281,1665
4282,1617
4283,1370
4284,1407
4285,1929
4286,1645
4287,1872
4288,1704
4289,1507
4290,2000
4291,1632
4292,1682
4293,1406
4294,1451
4295,1920
4296,1402
4297,1464
4298,1359
4299,1781
4300,23269
4301,4644
4302,2817
4303,2436
4304,1939
4305,2657
4306,2136
4307,1926
4308,1850
4309,1648
4310,3963
4311,2831
4312,2797
4313,1950
4314,1986
4315,2583
4316,1528
4317,1767
4318,1687
4319,2293
4320,5421
4321,5830
4322,2317
4323,1924
4324,2393
4325,2631
4326,2665
4327,1707
4328,1790
4329,1633
4330,3740
4331,2729
4332,2371
4333,3256
4334,2108
4335,2150
4336,1679
4337,1835
4338,1838
4339,1462
4340,4387
4341,1865
4342,1703
4343,3113
4344,2071
4345,2164
4346,1563
4347,1847
4348,1491
4349,1810
4350,6269
4351,2026
4352,1864
4353,1809
4354,1428
4355,2116
4356,1929
4357,6064
4358,1531
4359,1445
4360,2958
4361,1771
4362,1772
4363,2162
4364,1512
4365,1797
4366,1526
4367,1439
4368,3034
4369,1350
4370,2623
4371,1692
4372,1482
4373,1664
4374,1389
4375,3147
4376,1365
4377,1757
4378,1271
4379,1296
4380,2678
4381,1630
4382,1347
4383,1407
4384,1502
4385,1614
4386,1561
4387,1242
4388,2039
4389,1552
4390,1829
4391,1818
4392,1338
4393,1384
4394,1298
4395,1924
4396,1216
4397,1348
4398,1349
4399,2198
4400,28899
4401,4947
4402,2564
4403,1991
4404,2776
4405,2201
4406,2230
4407,1821
4408,1859
4409,1822
4410,3293
4411,3718
4412,2779
4413,1594
4414,2222
4415,2247
4416,1935
4417,1722
4418,1774
4419,2540
4420,3017
4421,2509
4422,3180
4423,2637
4424,1742
4425,2291
4426,1536
4427,1598
4428,1662
4429,1677
4430,3359
4431,2019
4432,1929
4433,2512
4434,1993
4435,2551
4436,1428
4437,1783
4438,1951
4439,1458
4440,3808
4441,2567
4442,1802
4443,2211
4444,11728
4445,2544
4446,1805
4447,2014
4448,2063
4449,2600
4450,3819
4451,1862
4452,1683
4453,2099
4454,1501
4455,3474
4456,1481
4457,1872
4458,1437
4459,1444
4460,3136
4461,1710
4462,1699
4463,1458
4464,1763
4465,1908
4466,1853
4467,1424
4468,1433
4469,1498
4470,2649
4471,2126
4472,2341
4473,5214
4474,1701
4475,1732
4476,1492
4477,2212
4478,1466
4479,1253
4480,2623
4481,1730
4482,1467
4483,1734
4484,1825
4485,2000
4486,1525
4487,1760
4488,2425
4489,1391
4490,2567
4491,1639
4492,1226
4493,1480
4494,1530
4495,1850
4496,1375
4497,1443
4498,1371
4499,2359
4500,79633
4501,4018
4502,2486
4503,2904
4504,1916
4505,3224
4506,3357
4507,1927
4508,2104
4509,1778
4510,3750
4511,3066
4512,2078
4513,1934
4514,1759
4515,2238
4516,1857
4517,1415
4518,1457
4519,1590
4520,3571
4521,1991
4522,2284
4523,1592
4524,1637
4525,2288
4526,1601
4527,1489
4528,1422
4529,1868
4530,2787
4531,1590
4532,1613
4533,1749
4534,1344
4535,1911
4536,1675
4537,1499
4538,1457
4539,1516
4540,2294
4541,1763
4542,1459
4543,1651
4544,1693
4545,4337
4546,2029
4547,1533
4548,1737
4549,1510
4550,4929
4551,2321
4552,1650
4553,1634
4554,1933
4555,2949
4556,1694
4557,1952
4558,1775
4559,1514
4560,2792
4561,1584
4562,2148
4563,1455
4564,1589
4565,2106
4566,1982
4567,4363
4568,1433
4569,1859
4570,2811
4571,1868
4572,1542
4573,1571
4574,1186
4575,2238
4576,1502
4577,1643
4578,1239
4579,1500
4580,1995
4581,1449
4582,1393
4583,1510
4584,1143
4585,1497
4586,1245
4587,1446
4588,1434
4589,1243
4590,3113
4591,1225
4592,1588
4593,1407
4594,1259
4595,1512
4596,1227
4597,1170
4598,1387
4599,1639
4600,23577
4601,3032
4602,2049
4603,1769
4604,1551
4605,2016
4606,1837
4607,1542
4608,2504
4609,1609
4610,3171
4611,2004
4612,1682
4613,1664
4614,2006
4615,2026
4616,1654
4617,1625
4618,1473
4619,1502
4620,2954
4621,1670
4622,1895
4623,1521
4624,1756
4625,2600
4626,1854
4627,1653
4628,1515
4629,1265
4630,3027
4631,1915
4632,1639
4633,1720
4634,1694
4635,1744
4636,4582
4637,1584
4638,1424
4639,1479
4640,2684
4641,1728
4642,1558
4643,1508
4644,1649
4645,1757
4646,2724
4647,2122
4648,1639
4649,1776
4650,5135
4651,1927
4652,1438
4653,2140
4654,1505
4655,2007
4656,1643
4657,1224
4658,1747
4659,1225
4660,2704
4661,1683
4662,1606
4663,2033
4664,1513
4665,1820
4666,1944
4667,1770
4668,1587
4669,1442
4670,3508
4671,1520
4672,1322
4673,3544
4674,1228
4675,1601
4676,1348
4677,1593
4678,1463
4679,1330
4680,4094
4681,1564
4682,1302
4683,1288
4684,1542
4685,1575
4686,2688
4687,1311
4688,1581
4689,1331
4690,2637
4691,1489
4692,1278
4693,1142
4694,1216
4695,1470
4696,1538
4697,1253
4698,1202
4699,1539
4700,20280
4701,3066
4702,1692
4703,1904
4704,2181
4705,1864
4706,1388
4707,1804
4708,1503
4709,1644
4710,2794
4711,3959
4712,1684
4713,1765
4714,1578
4715,2289
4716,1351
4717,1608
4718,1365
4719,1378
4720,2953
4721,1609
4722,1844
4723,1827
4724,1630
4725,2499
4726,1456
4727,1759
4728,1498
4729,1731
4730,2839
4731,1837
4732,1728
4733,1632
4734,1365
4735,1519
4736,1627
4737,1545
4738,1351
4739,1364
4740,2455
4741,1994
4742,1420
4743,1399
4744,1462
4745,1533
4746,1322
4747,3283
4748,1504
4749,1437
4750,4911
4751,1875
4752,1582
4753,1481
4754,1519
4755,2325
4756,1257
4757,1730
4758,1480
4759,1502
4760,2295
4761,1489
4762,1448
4763,1267
4764,1158
4765,1581
4766,1520
4767,1391
4768,1250
4769,1574
4770,4325
4771,1811
4772,1430
4773,1457
4774,1688
4775,1828
4776,1358
4777,2439
4778,1308
4779,1304
4780,1977
4781,1537
4782,1273
4783,1238
4784,1272
4785,1274
4786,1175
4787,1389
4788,1432
4789,1351
4790,2819
4791,1414
4792,1158
4793,1205
4794,948
4795,1401
4796,1136
4797,1666
4798,1079
4799,1800
4800,34517
4801,3636
4802,1824
4803,1600
4804,1551
4805,2098
4806,1592
4807,1575
4808,1574
4809,8818
4810,3780
4811,2241
4812,1683
4813,1414
4814,1538
4815,1857
4816,1471
4817,1387
4818,1495
4819,2407
4820,2359
4821,1584
4822,1932
4823,1541
4824,1450
4825,2042
4826,1306
4827,1623
4828,1496
4829,1230
4830,2588
4831,1766
4832,1307
4833,1944
4834,1122
4835,1804
4836,1365
4837,1168
4838,1324
4839,1368
4840,2325
4841,1816
4842,1470
4843,1374
4844,1568
4845,1499
4846,1136
4847,1450
4848,2906
4849,1967
4850,6197
4851,1689
4852,1793
4853,1427
4854,1282
4855,1558
4856,1588
4857,1253
4858,1404
4859,1257
4860,2483
4861,1764
4862,1292
4863,1232
4864,1378
4865,1402
4866,1248
4867,1489
4868,2959
4869,1451
4870,5270
4871,1309
4872,1698
4873,1260
4874,1281
4875,2023
4876,1367
4877,1624
4878,1828
4879,1176
4880,2451
4881,1441
4882,1248
4883,1344
4884,1406
4885,1498
4886,1277
4887,1404
4888,2237
4889,1815
4890,2584
4891,1235
4892,1179
4893,1154
4894,1172
4895,1690
4896,1361
4897,1185
4898,1282
4899,1777
4900,14130
4901,3222
4902,1573
4903,1730
4904,1491
4905,1881
4906,1517
4907,1421
4908,1353
4909,1796
4910,2636
4911,2405
4912,1461
4913,1475
4914,1412
4915,2115
4916,1330
4917,1348
4918,1218
4919,1419
4920,2487
4921,2029
4922,1612
4923,1434
4924,1456
4925,1944
4926,1668
4927,1309
4928,1424
4929,1604
4930,2114
4931,1538
4932,1395
4933,1613
4934,1230
4935,1434
4936,1258
4937,1380
4938,1337
4939,1738
4940,2304
4941,1612
4942,1380
4943,1303
4944,1794
4945,2607
4946,1296
4947,1501
4948,1555
4949,2578
4950,4247
4951,1610
4952,1553
4953,1253
4954,1245
4955,1658
4956,1352
4957,1316
4958,1463
4959,2055
4960,2333
4961,1385
4962,1422
4963,1322
4964,1121
4965,1637
4966,1342
4967,1319
4968,1387
4969,1207
4970,2019
4971,1263
4972,1227
4973,1159
4974,1252
4975,2768
4976,1191
4977,1441
4978,1079
4979,1207
4980,1951
4981,1185
4982,1187
4983,1236
4984,1264
4985,1399
4986,1310
4987,1149
4988,1276
4989,1321
4990,2583
4991,1530
4992,1374
4993,1367
4994,1478
4995,2232
4996,1296
4997,1560
4998,1453
4999,5742
5000,536260
5001,9720
5002,4341
5003,3550
5004,3034
5005,5373
5006,2734
5007,5861
5008,5114
5009,2473
5010,7396
5011,3115
5012,2247
5013,2307
5014,2325
5015,3674
5016,1985
5017,2111
5018,2270
5019,1789
5020,5100
5021,2305
5022,2197
5023,1943
5024,1773
5025,2417
5026,1591
5027,1633
5028,1385
5029,1564
5030,3753
5031,1865
5032,1816
5033,2108
5034,1769
5035,2158
5036,1718
5037,1833
5038,1579
5039,1943
5040,4672
5041,1797
5042,1458
5043,1684
5044,1866
5045,2160
5046,1525
5047,1607
5048,1574
5049,1432
5050,12249
5051,2522
5052,3458
5053,1927
5054,1804
5055,3349
5056,1760
5057,1574
5058,1401
5059,1829
5060,5208
5061,2536
5062,1581
5063,1575
5064,1482
5065,2071
5066,1750
5067,1923
5068,1513
5069,1667
5070,3301
5071,1466
5072,1352
5073,1381
5074,1218
5075,2102
5076,1231
5077,1348
5078,1250
5079,1274
5080,3131
5081,1553
5082,1395
5083,2755
5084,1234
5085,1925
5086,1526
5087,1268
5088,1837
5089,1430
5090,2430
5091,1398
5092,1274
5093,1235
5094,1208
5095,1482
5096,1350
5097,1194
5098,1224
5099,1492
5100,24233
5101,4719
5102,2892
5103,2503
5104,2141
5105,9789
5106,1850
5107,2076
5108,1840
5109,1565
5110,4444
5111,3888
5112,2156
5113,1911
5114,2982
5115,2431
5116,1696
5117,1772
5118,1786
5119,1821
5120,5488
5121,2697
5122,2145
5123,2166
5124,1590
5125,2417
5126,1707
5127,1620
5128,2068
5129,1431
5130,3134
5131,2163
5132,1466
5133,1729
5134,1614
5135,1873
5136,1415
5137,1540
5138,1222
5139,1472
5140,2915
5141,1874
5142,1444
5143,1382
5144,1511
5145,1913
5146,1663
5147,1324
5148,1367
5149,1589
5150,12595
5151,3792
5152,2051
5153,1990
5154,1441
5155,2272
5156,1441
5157,1408
5158,1429
5159,1402
5160,4316
5161,1998
5162,1500
5163,1358
5164,1444
5165,1572
5166,1514
5167,2050
5168,1303
5169,1433
5170,2459
5171,1693
5172,1785
5173,1343
5174,1248
5175,1788
5176,1502
5177,1371
5178,1083
5179,1099
5180,2003
5181,1370
5182,1332
5183,1354
5184,1899
5185,1780
5186,1061
5187,1220
5188,1428
5189,1268
5190,2016
5191,1915
5192,1138
5193,1452
5194,10119
5195,1715
5196,1276
5197,1234
5198,1376
5199,1675
5200,34254
5201,3410
5202,1940
5203,1822
5204,2160
5205,2260
5206,1643
5207,1701
5208,1845
5209,1473
5210,3757
5211,2511
5212,2058
5213,1561
5214,1629
5215,1854
5216,1659
5217,2802
5218,1663
5219,1581
5220,4086
5221,2326
5222,3064
5223,2041
5224,1606
5225,2973
5226,1614
5227,1820
5228,1510
5229,1299
5230,3742
5231,1646
5232,1604
5233,2326
5234,1435
5235,2094
5236,1593
5237,1533
5238,1291
5239,1243
5240,2304
5241,1682
5242,1512
5243,1427
5244,1426
5245,1744
5246,1380
5247,1581
5248,1377
5249,1429
5250,7271
5251,2086
5252,2984
5253,2081
5254,1473
5255,2737
5256,1358
5257,1611
5258,1481
5259,1144
5260,2271
5261,1478
5262,1465
5263,1657
5264,1163
5265,1197
5266,1852
5267,1458
5268,1201
5269,1286
5270,2137
5271,1475
5272,1456
5273,1445
5274,1145
5275,1580
5276,1181
5277,1358
5278,1225
5279,1217
5280,6723
5281,4194
5282,1239
5283,1693
5284,1063
5285,1698
5286,1166
5287,1304
5288,1409
5289,1167
5290,1829
5291,1408
5292,1455
5293,1216
5294,1135
5295,1306
5296,1427
5297,1327
5298,1051
5299,1564
5300,21034
5301,3812
5302,1890
5303,1991
5304,1952
5305,2306
5306,1683
5307,2018
5308,1442
5309,2489
5310,4158
5311,2342
5312,1858
5313,1658
5314,1415
5315,2092
5316,1765
5317,1492
5318,1364
5319,1353
5320,3440
5321,2119
5322,2031
5323,1955
5324,1840
5325,2072
5326,1421
5327,1569
5328,1490
5329,1613
5330,2887
5331,1828
5332,1506
5333,2798
5334,1654
5335,2113
5336,1406
5337,1556
5338,1275
5339,1403
5340,2199
5341,1520
5342,1264
5343,1800
5344,1482
5345,1673
5346,1159
5347,1791
5348,1307
5349,1316
5350,3319
5351,1475
5352,1406
5353,2675
5354,1481
5355,2025
5356,1750
5357,1477
5358,1398
5359,1381
5360,1919
5361,1386
5362,1309
5363,1540
5364,1292
5365,1362
5366,1225
5367,1266
5368,1176
5369,1141
5370,2062
5371,1307
5372,1018
5373,1568
5374,1123
5375,1574
5376,1524
5377,1590
5378,1195
5379,1233
5380,2110
5381,1581
5382,1203
5383,1274
5384,1100
5385,1315
5386,1184
5387,1429
5388,1242
5389,1285
5390,1510
5391,1181
5392,978
5393,1100
5394,988
5395,1493
5396,1352
5397,1108
5398,1099
5399,1335
5400,25838
5401,3908
5402,2189
5403,1944
5404,1634
5405,2210
5406,1905
5407,1491
5408,1584
5409,1378
5410,2483
5411,2540
5412,1782
5413,1347
5414,1592
5415,2184
5416,1518
5417,1209
5418,1409
5419,1231
5420,2945
5421,1615
5422,1841
5423,1507
5424,1687
5425,2038
5426,1128
5427,1261
5428,1582
5429,1270
5430,2687
5431,1442
5432,2948
5433,2467
5434,1258
5435,1512
5436,1187
5437,2345
5438,1335
5439,1450
5440,2706
5441,1780
5442,1530
5443,1741
5444,2161
5445,2056
5446,1585
5447,1463
5448,1460
5449,1586
5450,4343
5451,1400
5452,1352
5453,1616
5454,2846
5455,2276
5456,1557
5457,1323
5458,1175
5459,1263
5460,2133
5461,2158
5462,1191
5463,1536
5464,1385
5465,1790
5466,1441
5467,1300
5468,1260
5469,1137
5470,2366
5471,2494
5472,3947
5473,1179
5474,1359
5475,1611
5476,1304
5477,1413
5478,1369
5479,1299
5480,2263
5481,1489
5482,1288
5483,1448
5484,1053
5485,1313
5486,1089
5487,1106
5488,1439
5489,1262
5490,2045
5491,1873
5492,1065
5493,1116
5494,1196
5495,1846
5496,1126
5497,1124
5498,1988
5499,1715
5500,58007
5501,3605
5502,1895
5503,1805
5504,1668
5505,3488
5506,2199
5507,1490
5508,1948
5509,1806
5510,4243
5511,3115
5512,2439
5513,2483
5514,1589
5515,2572
5516,1766
5517,1839
5518,1567
5519,1432
5520,3973
5521,2007
5522,2039
5523,1582
5524,1744
5525,2882
5526,1466
5527,1617
5528,1246
5529,1430
5530,3522
5531,1671
5532,1696
5533,2280
5534,1520
5535,1905
5536,1619
5537,1600
5538,1335
5539,1727
5540,2434
5541,1542
5542,1330
5543,1399
5544,2136
5545,2136
5546,1394
5547,1565
5548,2020
5549,1148
5550,5257
5551,2073
5552,1605
5553,1576
5554,1681
5555,13545
5556,2095
5557,1752
5558,1744
5559,1890
5560,2356
5561,1526
5562,1243
5563,1368
5564,1222
5565,1856
5566,2186
5567,1396
5568,1517
5569,1163
5570,2698
5571,1445
5572,1196
5573,1252
5574,1068
5575,1995
5576,1272
5577,2093
5578,1128
5579,1110
5580,2175
5581,1308
5582,1224
5583,1370
5584,1296
5585,1660
5586,1037
5587,1216
5588,1953
5589,1090
5590,2155
5591,1278
5592,1104
5593,1297
5594,1026
5595,1386
5596,1214
5597,1126
5598,999
5599,1612
5600,25276
5601,3075
5602,1652
5603,1578
5604,1365
5605,1791
5606,1638
5607,1363
5608,1272
5609,1529
5610,3003
5611,1897
5612,1562
5613,1290
5614,1197
5615,1599
5616,1594
5617,1227
5618,1124
5619,1251
5620,2456
5621,1591
5622,1358
5623,1395
5624,1349
5625,3127
5626,1538
5627,1547
5628,1307
5629,1302
5630,2369
5631,1291
5632,1508
5633,1279
5634,1266
5635,1906
5636,1291
5637,1902
5638,1323
5639,1285
5640,1987
5641,1449
5642,1307
5643,1314
5644,1325
5645,1382
5646,1671
5647,1141
5648,1025
5649,1063
5650,3868
5651,1531
5652,1397
5653,1221
5654,1324
5655,2050
5656,2305
5657,1479
5658,1299
5659,1186
5660,2352
5661,1538
5662,1203
5663,1476
5664,1400
5665,1896
5666,1615
5667,1542
5668,1183
5669,1249
5670,2866
5671,1474
5672,1559
5673,1226
5674,1102
5675,1515
5676,1360
5677,1325
5678,3986
5679,1163
5680,1818
5681,1120
5682,982
5683,1288
5684,1027
5685,1258
5686,1053
5687,1654
5688,1358
5689,1142
5690,1544
5691,1123
5692,1069
5693,1019
5694,1088
5695,1512
5696,1244
5697,984
5698,1056
5699,1464
5700,23820
5701,3461
5702,1503
5703,1716
5704,1361
5705,1899
5706,1254
5707,1558
5708,1570
5709,1314
5710,2069
5711,3320
5712,1944
5713,1597
5714,1486
5715,1656
5716,1149
5717,1547
5718,1360
5719,1568
5720,2319
5721,1683
5722,1614
5723,1398
5724,1288
5725,2008
5726,1125
5727,1767
5728,1529
5729,1197
5730,3314
5731,1286
5732,1175
5733,1821
5734,1368
5735,1634
5736,1081
5737,1343
5738,1094
5739,1241
5740,2068
5741,1595
5742,1375
5743,1254
5744,1535
5745,1514
5746,1188
5747,1456
5748,1371
5749,1178
5750,4880
5751,2025
5752,1283
5753,1883
5754,1989
5755,2034
5756,1177
5757,2385
5758,1378
5759,1456
5760,4292
5761,1447
5762,1446
5763,1505
5764,1281
5765,1574
5766,1513
5767,1512
5768,1737
5769,1588
5770,4851
5771,2041
5772,2392
5773,1846
5774,1946
5775,2697
5776,2129
5777,3367
5778,2181
5779,1748
5780,2726
5781,1781
5782,1645
5783,1104
5784,1047
5785,1236
5786,1115
5787,1220
5788,1362
5789,1418
5790,1611
5791,1124
5792,1186
5793,1792
5794,895
5795,1258
5796,963
5797,1420
5798,1142
5799,1235
5800,21936
5801,2865
5802,1545
5803,1482
5804,1400
5805,1731
5806,1253
5807,1439
5808,1526
5809,1174
5810,2369
5811,1915
5812,2566
5813,1257
5814,1190
5815,1587
5816,1303
5817,1302
5818,1065
5819,1335
5820,2331
5821,1341
5822,1665
5823,1265
5824,1216
5825,1709
5826,1016
5827,1150
5828,1436
5829,1174
5830,2429
5831,1237
5832,1303
5833,1500
5834,1028
5835,1230
5836,995
5837,1166
5838,1134
5839,1462
5840,2056
5841,1432
5842,995
5843,1304
5844,1046
5845,1512
5846,1298
5847,1218
5848,1200
5849,1346
5850,4936
5851,1589
5852,1369
5853,1192
5854,972
5855,1705
5856,1139
5857,1101
5858,1986
5859,1340
5860,1737
5861,1555
5862,1083
5863,1063
5864,1079
5865,1427
5866,1407
5867,1240
5868,1193
5869,1170
5870,4358
5871,1171
5872,1105
5873,893
5874,1068
5875,1683
5876,1848
5877,1298
5878,1022
5879,983
5880,2038
5881,1579
5882,1000
5883,1046
5884,1042
5885,1694
5886,983
5887,1531
5888,1979
5889,1045
5890,2070
5891,1268
5892,1013
5893,1051
5894,852
5895,1631
5896,917
5897,1298
5898,1066
5899,1270
5900,12712
5901,2641
5902,1599
5903,1364
5904,1437
5905,1837
5906,1492
5907,1513
5908,1459
5909,1355
5910,2003
5911,1635
5912,1244
5913,1017
5914,1028
5915,1448
5916,990
5917,1105
5918,984
5919,1211
5920,2140
5921,1342
5922,1161
5923,1512
5924,1030
5925,1601
5926,1003
5927,1133
5928,950
5929,1052
5930,2989
5931,1260
5932,967
5933,1219
5934,994
5935,1794
5936,969
5937,1260
5938,922
5939,1100
5940,1933
5941,1255
5942,1093
5943,1004
5944,1120
5945,1177
5946,1044
5947,1030
5948,924
5949,1138
5950,3606
5951,1134
5952,1197
5953,1016
5954,1008
5955,1630
5956,1045
5957,947
5958,1246
5959,2164
5960,2374
5961,1180
5962,1218
5963,1252
5964,1063
5965,1690
5966,1181
5967,1155
5968,1136
5969,1039
5970,3457
5971,1189
5972,1124
5973,1401
5974,974
5975,1687
5976,1249
5977,1154
5978,1036
5979,1159
5980,2014
5981,1079
5982,953
5983,1057
5984,1203
5985,1273
5986,1036
5987,1027
5988,1163
5989,1186
5990,2481
5991,1203
5992,1134
5993,1028
5994,1016
5995,1975
5996,1059
5997,1002
5998,1453
5999,3370
6000,226114
6001,7459
6002,4453
6003,2812
6004,2730
6005,3182
6006,3235
6007,2134
6008,2514
6009,2693
6010,5004
6011,3971
6012,2822
6013,2572
6014,1852
6015,3306
6016,2150
6017,1647
6018,1762
6019,1639
6020,3982
6021,2388
6022,1901
6023,1576
6024,1594
6025,2113
6026,1575
6027,1478
6028,1376
6029,1326
6030,3450
6031,1671
6032,1689
6033,2102
6034,1284
6035,2068
6036,1399
6037,1383
6038,1328
6039,1377
6040,3103
6041,1914
6042,1404
6043,1320
6044,1389
6045,2028
6046,1176
6047,1095
6048,1249
6049,1680
6050,4170
6051,1826
6052,1429
6053,1314
6054,1247
6055,2665
6056,1672
6057,1048
6058,1144
6059,1311
6060,5525
6061,14881
6062,1815
6063,3649
6064,1315
6065,1696
6066,1842
6067,1538
6068,1513
6069,1384
6070,2897
6071,1284
6072,1363
6073,1391
6074,1217
6075,1576
6076,1300
6077,1188
6078,1102
6079,1259
6080,3127
6081,1590
6082,2403
6083,1200
6084,2338
6085,1611
6086,1415
6087,1233
6088,1419
6089,1026
6090,2732
6091,1266
6092,1119
6093,1206
6094,1137
6095,1433
6096,1109
6097,1113
6098,1137
6099,1607
6100,18216
6101,3589
6102,2760
6103,3266
6104,1854
6105,3152
6106,2296
6107,1905
6108,1783
6109,1989
6110,3666
6111,3934
6112,1921
6113,1514
6114,1779
6115,2216
6116,1696
6117,1635
6118,1509
6119,1684
6120,3997
6121,2181
6122,1647
6123,1986
6124,1485
6125,2216
6126,1876
6127,1336
6128,2038
6129,1283
6130,2730
6131,2447
6132,1408
6133,1772
6134,1008
6135,1420
6136,1394
6137,1120
6138,1359
6139,1695
6140,2378
6141,1765
6142,1173
6143,1497
6144,2243
6145,1578
6146,1317
6147,1300
6148,1345
6149,1086
6150,4721
6151,2207
6152,1370
6153,1294
6154,1403
6155,1738
6156,1350
6157,1397
6158,1039
6159,1185
6160,2522
6161,2442
6162,1806
6163,1426
6164,1444
6165,1491
6166,2208
6167,1352
6168,1327
6169,1163
6170,1811
6171,1499
6172,1153
6173,1341
6174,1150
6175,1380
6176,1264
6177,1281
6178,916
6179,1208
6180,2837
6181,1566
6182,1800
6183,1365
6184,1003
6185,1335
6186,965
6187,994
6188,1171
6189,1337
6190,1565
6191,1172
6192,1023
6193,1036
6194,978
6195,1201
6196,1096
6197,931
6198,1133
6199,1478
6200,19906
6201,3401
6202,1953
6203,2280
6204,1984
6205,2543
6206,1614
6207,1750
6208,1479
6209,1482
6210,3479
6211,2409
6212,1711
6213,1803
6214,1432
6215,1914
6216,1379
6217,1548
6218,1382
6219,1209
6220,3001
6221,2866
6222,2432
6223,1956
6224,1534
6225,2031
6226,1920
6227,1687
6228,1186
6229,1461
6230,3549
6231,1849
6232,1816
6233,2211
6234,1611
6235,1864
6236,1321
6237,1606
6238,1620
6239,1980
6240,2805
6241,1758
6242,1596
6243,1192
6244,1412
6245,1478
6246,1256
6247,1389
6248,1258
6249,1251
6250,5971
6251,1837
6252,1669
6253,1411
6254,1652
6255,1976
6256,1263
6257,1217
6258,1169
6259,1145
6260,2246
6261,1907
6262,2416
6263,2082
6264,1863
6265,1714
6266,1571
6267,1280
6268,1237
6269,1451
6270,1883
6271,1537
6272,1655
6273,2201
6274,1228
6275,1812
6276,1220
6277,2177
6278,1371
6279,1137
6280,2285
6281,1376
6282,1322
6283,1248
6284,1271
6285,1718
6286,1018
6287,1188
6288,1529
6289,1178
6290,1646
6291,1296
6292,1182
6293,1099
6294,1059
6295,1300
6296,1115
6297,1107
6298,991
6299,1554
6300,21881
6301,3443
6302,1992
6303,1950
6304,1656
6305,1690
6306,1465
6307,1484
6308,1257
6309,1714
6310,3007
6311,2044
6312,1603
6313,1316
6314,1157
6315,1604
6316,1335
6317,1208
6318,1122
6319,1120
6320,2838
6321,2008
6322,1685
6323,1685
6324,1375
6325,1731
6326,1183
6327,1440
6328,1433
6329,1245
6330,3388
6331,1787
6332,2096
6333,2832
6334,1613
6335,1367
6336,1681
6337,1537
6338,1505
6339,1351
6340,2166
6341,1526
6342,1156
6343,1315
6344,1381
6345,1448
6346,1190
6347,1356
6348,1434
6349,1107
6350,3257
6351,1447
6352,1261
6353,1338
6354,1047
6355,2496
6356,1034
6357,1383
6358,992
6359,1111
6360,2366
6361,2004
6362,1372
6363,3681
6364,1514
6365,1993
6366,1428
6367,1230
6368,1155
6369,1062
6370,1619
6371,1692
6372,1248
6373,1168
6374,1256
6375,1569
6376,1047
6377,1254
6378,1360
6379,1696
6380,1736
6381,1195
6382,1174
6383,1184
6384,1074
6385,1209
6386,1183
6387,992
6388,1443
6389,1157
6390,1426
6391,1140
6392,1120
6393,1142
6394,937
6395,1295
6396,973
6397,2298
6398,1013
6399,1568
6400,28484
6401,2756
6402,1951
6403,1347
6404,1668
6405,2043
6406,1371
6407,1272
6408,1412
6409,1342
6410,2306
6411,2093
6412,1507
6413,1351
6414,1207
6415,1493
6416,1511
6417,1229
6418,1172
6419,1305
6420,2503
6421,1437
6422,1286
6423,1320
6424,1375
6425,2451
6426,1311
6427,1178
6428,1220
6429,1207
6430,1931
6431,1489
6432,1508
6433,1509
6434,1547
6435,1681
6436,962
6437,1356
6438,1258
6439,986
6440,2328
6441,1655
6442,1158
6443,1422
6444,1701
6445,1349
6446,1439
6447,1090
6448,1047
6449,1247
6450,3728
6451,1235
6452,1220
6453,1282
6454,1191
6455,1734
6456,1133
6457,1505
6458,1137
6459,1141
6460,2053
6461,1239
6462,1123
6463,1553
6464,2387
6465,1448
6466,1390
6467,1053
6468,1709
6469,1059
6470,1690
6471,1203
6472,1056
6473,1229
6474,1087
6475,2003
6476,974
6477,1161
6478,1024
6479,1043
6480,1801
6481,1096
6482,1043
6483,1062
6484,1371
6485,1029
6486,808
6487,1126
6488,1458
6489,1231
6490,1632
6491,1098
6492,1237
6493,872
6494,1027
6495,1280
6496,981
6497,1414
6498,1152
6499,1490
6500,49129
6501,3640
6502,9227
6503,1622
6504,1207
6505,2611
6506,1348
6507,1405
6508,1502
6509,1799
6510,3453
6511,2895
6512,1869
6513,1597
6514,1305
6515,1861
6516,1621
6517,1271
6518,1165
6519,1205
6520,3190
6521,1217
6522,1641
6523,1042
6524,1267
6525,1978
6526,1071
6527,1067
6528,1102
6529,1185
6530,2178
6531,1452
6532,1442
6533,1315
6534,1188
6535,1558
6536,1305
6537,1007
6538,1626
6539,1006
6540,1764
6541,1289
6542,1448
6543,1570
6544,1128
6545,1488
6546,941
6547,1056
6548,1336
6549,900
6550,4001
6551,1482
6552,1582
6553,1294
6554,998
6555,2561
6556,1337
6557,1090
6558,943
6559,1025
6560,2232
6561,1555
6562,1265
6563,1318
6564,958
6565,2368
6566,1527
6567,1085
6568,1069
6569,1131
6570,2145
6571,1171
6572,1081
6573,967
6574,941
6575,1423
6576,1074
6577,1178
6578,1002
6579,942
6580,1870
6581,1366
6582,1142
6583,1788
6584,1596
6585,1323
6586,795
6587,906
6588,1092
6589,999
6590,1278
6591,1048
6592,1007
6593,835
6594,846
6595,1153
6596,1191
6597,859
6598,871
6599,1039
6600,24981
6601,2560
6602,1425
6603,1331
6604,1645
6605,1704
6606,1796
6607,1231
6608,1212
6609,1168
6610,2448
6611,3171
6612,1217
6613,1211
6614,1298
6615,1509
6616,1351
6617,1041
6618,1009
6619,1094
6620,2430
6621,1724
6622,1754
6623,1023
6624,1209
6625,1477
6626,1205
6627,1036
6628,948
6629,943
6630,2661
6631,1355
6632,1751
6633,2492
6634,1115
6635,1145
6636,1455
6637,1120
6638,999
6639,1155
6640,1626
6641,1238
6642,1061
6643,1257
6644,1638
6645,1356
6646,1253
6647,1007
6648,1113
6649,1052
6650,3031
6651,1993
6652,1299
6653,1637
6654,1645
6655,2214
6656,1280
6657,1622
6658,915
6659,1052
6660,2069
6661,1565
6662,2307
6663,1235
6664,1620
6665,1483
6666,6390
6667,3957
6668,1225
6669,1179
6670,2664
6671,1412
6672,1665
6673,1325
6674,1117
6675,1515
6676,1103
6677,1782
6678,1492
6679,1015
6680,2245
6681,1366
6682,1199
6683,1217
6684,1217
6685,1233
6686,1185
6687,1119
6688,1881
6689,1063
6690,1367
6691,985
6692,840
6693,774
6694,1483
6695,1189
6696,1266
6697,1218
6698,1524
6699,1951
6700,17818
6701,2753
6702,1391
6703,1223
6704,1148
6705,1472
6706,1154
6707,1617
6708,1591
6709,1079
6710,1818
6711,1419
6712,1371
6713,1315
6714,1084
6715,1379
6716,1543
6717,1568
6718,936
6719,989
6720,2323
6721,1332
6722,1690
6723,1419
6724,1124
6725,1669
6726,978
6727,1333
6728,1031
6729,932
6730,1732
6731,2070
6732,1083
6733,1281
6734,1093
6735,1409
6736,8038
6737,1368
6738,1095
6739,988
6740,1817
6741,1336
6742,1197
6743,1056
6744,1138
6745,1160
6746,911
6747,1281
6748,898
6749,1293
6750,4339
6751,1490
6752,1831
6753,1237
6754,926
6755,1357
6756,923
6757,1244
6758,1445
6759,958
6760,1526
6761,1026
6762,1106
6763,1111
6764,926
6765,1274
6766,1205
6767,1991
6768,1240
6769,1041
6770,2689
6771,1146
6772,1161
6773,1442
6774,919
6775,1235
6776,1620
6777,2526
6778,1051
6779,1098
6780,1571
6781,1113
6782,969
6783,926
6784,1060
6785,1047
6786,991
6787,1301
6788,1158
6789,3416
6790,1870
6791,1496
6792,847
6793,917
6794,851
6795,1090
6796,913
6797,937
6798,924
6799,1208
6800,24860
6801,2737
6802,1283
6803,2607
6804,1233
6805,1447
6806,1101
6807,1237
6808,1236
6809,2083
6810,2250
6811,1749
6812,1409
6813,1030
6814,1032
6815,1419
6816,945
6817,1096
6818,1081
6819,1481
6820,2228
6821,1127
6822,1966
6823,1250
6824,1336
6825,1620
6826,1058
6827,1000
6828,1110
6829,949
6830,2391
6831,1442
6832,1005
6833,1382
6834,1058
6835,1206
6836,1069
6837,966
6838,963
6839,974
6840,1810
6841,1163
6842,1526
6843,1473
6844,960
6845,1333
6846,1286
6847,1205
6848,1094
6849,928
6850,4179
6851,1789
6852,1064
6853,1163
6854,1813
6855,1082
6856,957
6857,935
6858,1059
6859,806
6860,1455
6861,1168
6862,1013
6863,886
6864,922
6865,1106
6866,1231
6867,878
6868,2370
6869,1047
6870,3700
6871,1098
6872,1355
6873,921
6874,869
6875,2278
6876,912
6877,1329
6878,1162
6879,1108
6880,2724
6881,1255
6882,1305
6883,1039
6884,993
6885,1210
6886,1137
6887,1068
6888,2491
6889,1007
6890,2034
6891,1032
6892,936
6893,859
6894,740
6895,1052
6896,798
6897,1074
6898,887
6899,1236
6900,12601
6901,2606
6902,1624
6903,1349
6904,1163
6905,1359
6906,1160
6907,1009
6908,858
6909,1291
6910,1957
6911,1528
6912,1263
6913,920
6914,922
6915,1217
6916,868
6917,1069
6918,857
6919,1059
6920,2512
6921,1196
6922,1659
6923,964
6924,1363
6925,1406
6926,964
6927,933
6928,868
6929,974
6930,1698
6931,963
6932,938
6933,1682
6934,873
6935,1018
6936,896
6937,1188
6938,801
6939,1099
6940,1809
6941,1148
6942,889
6943,901
6944,1152
6945,1056
6946,1936
6947,1010
6948,864
6949,1058
6950,4706
6951,1237
6952,816
6953,806
6954,867
6955,1308
6956,818
6957,903
6958,843
6959,992
6960,1814
6961,983
6962,1164
6963,1591
6964,910
6965,1126
6966,1316
6967,774
6968,1648
6969,2546
6970,3153
6971,1091
6972,1131
6973,956
6974,849
6975,1379
6976,1294
6977,1136
6978,1208
6979,1082
6980,1499
6981,1234
6982,823
6983,919
6984,826
6985,1048
6986,847
6987,856
6988,1987
6989,1102
6990,2533
6991,1061
6992,962
6993,908
6994,818
6995,1452
6996,1069
6997,978
6998,1141
6999,2799
7000,144552
7001,6209
7002,3703
7003,3233
7004,3535
7005,3194
7006,2424
7007,3100
7008,2090
7009,2217
7010,5080
7011,2575
7012,2522
7013,2004
7014,2019
7015,2838
7016,1924
7017,1877
7018,2413
7019,2423
7020,3982
7021,1820
7022,1585
7023,1742
7024,1496
7025,2136
7026,1386
7027,2062
7028,1133
7029,1379
7030,3780
7031,2030
7032,1135
7033,1422
7034,1370
7035,1721
7036,1405
7037,1552
7038,1050
7039,1261
7040,2959
7041,1467
7042,1627
7043,1495
7044,1433
7045,1370
7046,1163
7047,1411
7048,963
7049,1052
7050,4298
7051,1296
7052,1443
7053,1004
7054,1469
7055,1811
7056,1131
7057,1354
7058,1144
7059,1254
7060,2457
7061,1435
7062,1088
7063,988
7064,1139
7065,1659
7066,1219
7067,1339
7068,1133
7069,1373
7070,4392
7071,2625
7072,1335
7073,1392
7074,1309
7075,8031
7076,1240
7077,2049
7078,1442
7079,1350
7080,2879
7081,1317
7082,1569
7083,1393
7084,925
7085,1396
7086,968
7087,1411
7088,1119
7089,1102
7090,2575
7091,1208
7092,1117
7093,1119
7094,1645
7095,1390
7096,1146
7097,1073
7098,790
7099,1430
7100,15794
7101,2689
7102,2325
7103,2535
7104,1460
7105,1685
7106,2625
7107,1545
7108,1276
7109,1291
7110,3408
7111,3748
7112,1712
7113,1260
7114,2007
7115,1732
7116,2113
7117,1907
7118,1225
7119,1341
7120,3135
7121,2099
7122,1826
7123,1699
7124,1064
7125,1754
7126,1469
7127,1150
7128,1259
7129,1341
7130,2172
7131,1586
7132,1229
7133,1291
7134,1295
7135,2002
7136,1228
7137,1224
7138,976
7139,1086
7140,1962
7141,1591
7142,1109
7143,1216
7144,1125
7145,1158
7146,1089
7147,1111
7148,1080
7149,882
7150,3830
7151,1427
7152,1145
7153,1398
7154,940
7155,1713
7156,887
7157,919
7158,959
7159,990
7160,2452
7161,1369
7162,821
7163,1293
7164,1177
7165,1141
7166,1065
7167,1471
7168,1066
7169,1079
7170,1714
7171,2304
7172,1441
7173,1087
7174,1020
7175,1419
7176,1388
7177,1459
7178,942
7179,1084
7180,1672
7181,1526
7182,1045
7183,1402
7184,951
7185,1223
7186,990
7187,1019
7188,1477
7189,1143
7190,1649
7191,1391
7192,954
7193,1120
7194,886
7195,1479
7196,904
7197,896
7198,780
7199,1328
7200,30639
7201,3423
7202,2278
7203,2461
7204,1404
7205,1974
7206,1961
7207,1445
7208,1699
7209,1076
7210,2802
7211,2385
7212,1731
7213,1347
7214,1062
7215,1437
7216,1439
7217,1200
7218,1203
7219,1731
7220,2565
7221,1585
7222,2489
7223,2301
7224,3067
7225,2095
7226,1462
7227,1764
7228,1148
7229,1093
7230,2022
7231,1471
7232,1210
7233,3617
7234,1476
7235,1489
7236,1064
7237,1285
7238,1180
7239,1307
7240,2034
7241,1224
7242,1401
7243,1765
7244,1156
7245,1912
7246,1264
7247,1134
7248,1088
7249,1133
7250,4504
7251,1561
7252,1350
7253,1318
7254,989
7255,1414
7256,1573
7257,1223
7258,1564
7259,895
7260,3036
7261,1416
7262,1379
7263,1341
7264,1178
7265,1562
7266,1172
7267,1499
7268,850
7269,1312
7270,1764
7271,1155
7272,2612
7273,1636
7274,1330
7275,2437
7276,1061
7277,1996
7278,1326
7279,995
7280,2009
7281,1158
7282,1176
7283,1203
7284,1071
7285,1213
7286,987
7287,1336
7288,1322
7289,1335
7290,2133
7291,1394
7292,1210
7293,1038
7294,884
7295,1154
7296,885
7297,1242
7298,872
7299,1162
7300,15427
7301,2151
7302,1630
7303,1546
7304,1639
7305,1771
7306,1732
7307,1568
7308,1212
7309,1057
7310,2395
7311,1750
7312,1237
7313,1196
7314,1100
7315,1507
7316,1153
7317,1132
7318,1290
7319,1146
7320,2360
7321,1916
7322,1170
7323,1904
7324,1724
7325,1730
7326,2555
7327,1066
7328,1392
7329,953
7330,2093
7331,1612
7332,1348
7333,2301
7334,1176
7335,1377
7336,1249
7337,1680
7338,965
7339,969
7340,2146
7341,1019
7342,1059
7343,1192
7344,1039
7345,1491
7346,947
7347,1187
7348,1018
7349,922
7350,2728
7351,1214
7352,1362
7353,1250
7354,1122
7355,1380
7356,1072
7357,986
7358,832
7359,1000
7360,2170
7361,1069
7362,918
7363,1104
7364,920
7365,981
7366,1180
7367,1204
7368,1670
7369,925
7370,1892
7371,1154
7372,1150
7373,2257
7374,1070
7375,1617
7376,985
7377,1530
7378,1828
7379,1146
7380,1892
7381,1130
7382,1207
7383,1183
7384,1021
7385,1111
7386,1498
7387,1641
7388,1241
7389,1093
7390,2212
7391,1211
7392,1092
7393,1253
7394,964
7395,1157
7396,848
7397,929
7398,860
7399,1213
7400,13588
7401,2521
7402,1986
7403,1569
7404,2429
7405,2152
7406,1010
7407,1488
7408,1446
7409,1063
7410,2707
7411,3172
7412,1431
7413,1539
7414,1347
7415,1563
7416,980
7417,1215
7418,899
7419,1147
7420,3268
7421,1596
7422,1511
7423,1149
7424,1673
7425,1737
7426,1303
7427,1293
7428,935
7429,1155
7430,1961
7431,1317
7432,1658
7433,2013
7434,1363
7435,1431
7436,1108
7437,1114
7438,921
7439,1153
7440,2453
7441,1467
7442,1076
7443,1490
7444,1932
7445,1655
7446,1235
7447,1704
7448,1006
7449,941
7450,3195
7451,1136
7452,1133
7453,1002
7454,1027
7455,1289
7456,1224
7457,1126
7458,1188
7459,969
7460,1568
7461,1120
7462,989
7463,1689
7464,1176
7465,1218
7466,1104
7467,1280
7468,919
7469,2673
7470,1994
7471,1122
7472,1072
7473,1009
7474,1838
7475,1838
7476,1107
7477,1201
7478,1042
7479,999
7480,2009
7481,1223
7482,1098
7483,1108
7484,1148
7485,1127
7486,1201
7487,1085
7488,1161
7489,941
7490,2160
7491,1455
7492,1005
7493,1090
7494,1295
7495,1343
7496,856
7497,877
7498,1249
7499,1659
7500,57468
7501,2818
7502,1660
7503,1558
7504,1089
7505,2003
7506,2788
7507,1319
7508,1212
7509,1220
7510,2978
7511,1925
7512,1501
7513,1519
7514,1304
7515,1983
7516,1285
7517,1268
7518,1189
7519,1391
7520,3450
7521,1361
7522,1720
7523,1209
7524,1065
7525,2510
7526,1124
7527,1109
7528,1021
7529,2383
7530,2167
7531,1414
7532,1024
7533,1281
7534,1056
7535,1654
7536,881
7537,1296
7538,1349
7539,1086
7540,1904
7541,1193
7542,1263
7543,1134
7544,1007
7545,1556
7546,1472
7547,1169
7548,1109
7549,1143
7550,3047
7551,1405
7552,1102
7553,1217
7554,2098
7555,2496
7556,1308
7557,1669
7558,998
7559,1624
7560,1794
7561,1079
7562,1062
7563,964
7564,806
7565,1521
7566,1342
7567,1685
7568,1020
7569,1431
7570,1898
7571,953
7572,1029
7573,870
7574,863
7575,2779
7576,1105
7577,1600
7578,923
7579,852
7580,2088
7581,1101
7582,1293
7583,1105
7584,1323
7585,1580
7586,1011
7587,1140
7588,1099
7589,1148
7590,2455
7591,1304
7592,937
7593,1167
7594,1027
7595,1335
7596,794
7597,907
7598,999
7599,1286
7600,17050
7601,3665
7602,1608
7603,1292
7604,1281
7605,1241
7606,1533
7607,1466
7608,1082
7609,1253
7610,3745
7611,1767
7612,1287
7613,1748
7614,1058
7615,1223
7616,1236
7617,977
7618,928
7619,1230
7620,2038
7621,1291
7622,1134
7623,1472
7624,1338
7625,1881
7626,1127
7627,1096
7628,1076
7629,1142
7630,1871
7631,1392
7632,1689
7633,1244
7634,930
7635,1076
7636,1378
7637,1317
7638,1122
7639,974
7640,1653
7641,1294
7642,1137
7643,1297
7644,1302
7645,2151
7646,1143
7647,1155
7648,884
7649,919
7650,2962
7651,961
7652,1585
7653,1538
7654,1313
7655,1454
7656,1035
7657,1037
7658,786
7659,1092
7660,1847
7661,1253
7662,1087
7663,1387
7664,1160
7665,1260
7666,1517
7667,1529
7668,903
7669,1733
7670,1494
7671,1993
7672,923
7673,1078
7674,924
7675,1439
7676,2479
7677,1376
7678,1193
7679,1372
7680,2773
7681,1177
7682,832
7683,1048
7684,759
7685,976
7686,918
7687,974
7688,1101
7689,779
7690,1118
7691,937
7692,1080
7693,805
7694,658
7695,1521
7696,913
7697,938
7698,655
7699,1220
7700,15370
7701,4526
7702,2412
7703,1935
7704,1351
7705,1388
7706,1086
7707,1375
7708,1134
7709,1024
7710,3284
7711,2790
7712,1487
7713,1248
7714,5779
7715,1525
7716,1146
7717,2347
7718,1195
7719,1199
7720,2747
7721,2476
7722,1968
7723,1327
7724,1356
7725,2054
7726,1684
7727,1713
7728,1292
7729,1423
7730,2829
7731,1450
7732,1179
7733,2086
7734,2491
7735,1796
7736,1454
7737,1636
7738,1248
7739,1433
7740,2526
7741,1334
7742,1283
7743,1206
7744,1393
7745,1309
7746,1131
7747,2038
7748,1536
7749,1073
7750,7787
7751,1646
7752,1115
7753,1983
7754,1008
7755,1849
7756,1150
7757,1585
7758,984
7759,1397
7760,2357
7761,1053
7762,1164
7763,1535
7764,1742
7765,1307
7766,1971
7767,1466
7768,1489
7769,1303
7770,3862
7771,2385
7772,1497
7773,1337
7774,1494
7775,1964
7776,1957
7777,9594
7778,1903
7779,1708
7780,2400
7781,1171
7782,1040
7783,1083
7784,904
7785,1441
7786,1591
7787,1591
7788,2330
7789,1554
7790,2200
7791,1211
7792,1122
7793,1662
7794,1042
7795,1421
7796,1076
7797,1232
7798,980
7799,2244
7800,19483
7801,2295
7802,1528
7803,1919
7804,1130
7805,3539
7806,1247
7807,1065
7808,1439
7809,1459
7810,2225
7811,1742
7812,1948
7813,1212
7814,1190
7815,1401
7816,1814
7817,1454
7818,1138
7819,1081
7820,1894
7821,1402
7822,1293
7823,1167
7824,1357
7825,2243
7826,1082
7827,1860
7828,1362
7829,1059
7830,1474
7831,1760
7832,1106
7833,1538
7834,1655
7835,1290
7836,1970
7837,1353
7838,951
7839,1888
7840,2008
7841,1357
7842,1034
7843,1265
7844,1092
7845,1255
7846,869
7847,1039
7848,1277
7849,1162
7850,5006
7851,1213
7852,1088
7853,949
7854,1239
7855,1843
7856,829
7857,1050
7858,1125
7859,763
7860,2120
7861,1246
7862,1049
7863,1160
7864,1640
7865,990
7866,1785
7867,2557
7868,1076
7869,1952
7870,4700
7871,1203
7872,1486
7873,1275
7874,1421
7875,1727
7876,1240
7877,1261
7878,1986
7879,1512
7880,2027
7881,1323
7882,1183
7883,880
7884,1371
7885,1715
7886,928
7887,1819
7888,2662
7889,1186
7890,2899
7891,1124
7892,901
7893,825
7894,978
7895,982
7896,1002
7897,783
7898,1182
7899,1221
7900,13778
7901,3107
7902,1144
7903,1420
7904,1728
7905,1418
7906,939
7907,1107
7908,1236
7909,1474
7910,2048
7911,1340
7912,1251
7913,1060
7914,1562
7915,1331
7916,1138
7917,1640
7918,1041
7919,1377
7920,2584
7921,1581
7922,1364
7923,1300
7924,1196
7925,1455
7926,963
7927,1027
7928,1438
7929,1137
7930,2026
7931,1346
7932,1319
7933,1004
7934,760
7935,1229
7936,1500
7937,1037
7938,984
7939,1354
7940,2122
7941,1477
7942,1665
7943,860
7944,1168
7945,1056
7946,1238
7947,996
7948,870
7949,1261
7950,6096
7951,1159
7952,1048
7953,866
7954,851
7955,1373
7956,1279
7957,1234
7958,1222
7959,809
7960,2599
7961,1211
7962,1081
7963,932
7964,756
7965,1004
7966,1490
7967,1528
7968,1342
7969,1122
7970,7075
7971,1521
7972,913
7973,2134
7974,1917
7975,1053
7976,1557
7977,1953
7978,821
7979,1991
7980,1951
7981,1210
7982,811
7983,1004
7984,1011
7985,1150
7986,902
7987,788
7988,912
7989,1341
7990,2442
7991,847
7992,774
7993,1068
7994,732
7995,1517
7996,804
7997,903
7998,1395
7999,2732
8000,163126
8001,6035
8002,4437
8003,2999
8004,2492
8005,2815
8006,2984
8007,2369
8008,4427
8009,1963
8010,4565
8011,2894
8012,2047
8013,1599
8014,1738
8015,1795
8016,1486
8017,1235
8018,1928
8019,1187
8020,5376
8021,2025
8022,1643
8023,1332
8024,1182
8025,1889
8026,981
8027,1249
8028,1940
8029,1196
8030,2380
8031,1534
8032,1875
8033,1629
8034,1296
8035,1514
8036,1399
8037,1354
8038,1350
8039,1238
8040,3197
8041,1315
8042,1363
8043,1311
8044,1183
8045,1327
8046,1092
8047,1639
8048,1736
8049,1205
8050,3756
8051,7705
8052,1782
8053,1618
8054,1163
8055,1650
8056,889
8057,1506
8058,1311
8059,1264
8060,2408
8061,1464
8062,1145
8063,1139
8064,1237
8065,1429
8066,1083
8067,983
8068,1225
8069,1346
8070,1866
8071,1291
8072,1211
8073,933
8074,775
8075,1403
8076,949
8077,1373
8078,1315
8079,928
8080,25239
8081,3534
8082,1751
8083,1823
8084,1271
8085,3750
8086,7610
8087,1925
8088,5386
8089,1383
8090,3220
8091,1584
8092,1273
8093,1543
8094,953
8095,1158
8096,1250
8097,931
8098,1319
8099,1320
8100,15245
8101,2449
8102,1737
8103,1506
8104,1340
8105,1375
8106,1275
8107,1059
8108,1529
8109,1479
8110,4104
8111,4550
8112,1514
8113,1388
8114,1100
8115,1450
8116,1029
8117,1297
8118,1721
8119,1065
8120,3178
8121,1356
8122,1600
8123,1912
8124,1238
8125,3089
8126,1116
8127,1029
8128,1158
8129,1591
8130,2684
8131,1901
8132,912
8133,1509
8134,907
8135,1910
8136,901
8137,1445
8138,1053
8139,1608
8140,2070
8141,1256
8142,995
8143,1041
8144,1232
8145,1100
8146,986
8147,1000
8148,775
8149,813
8150,3416
8151,1357
8152,1058
8153,1039
8154,744
8155,1164
8156,913
8157,936
8158,872
8159,866
8160,1825
8161,1212
8162,1004
8163,983
8164,722
8165,1231
8166,1227
8167,1141
8168,1156
8169,905
8170,1204
8171,1655
8172,981
8173,966
8174,789
8175,1099
8176,1009
8177,1084
8178,883
8179,919
8180,2015
8181,2509
8182,1067
8183,1105
8184,983
8185,1094
8186,945
8187,836
8188,1384
8189,970
8190,1424
8191,1646
8192,8849
8193,1181
8194,981
8195,1087
8196,828
8197,829
8198,808
8199,1155
8200,16457
8201,2558
8202,1567
8203,2828
8204,1485
8205,1866
8206,1356
8207,1295
8208,1592
8209,1326
8210,3002
8211,11597
8212,10080
8213,1392
8214,1216
8215,1630
8216,3671
8217,69363
8218,1316
8219,827
8220,19380
8221,30586
8222,2535
8223,1882
8224,1332
8225,1610
8226,4243
8227,1289
8228,1887
8229,1145
8230,6261
8231,1303
8232,1793
8233,1458
8234,1216
8235,1272
8236,917
8237,1132
8238,920
8239,1096
8240,1794
8241,1042
8242,1197
8243,1290
8244,1041
8245,1232
8246,1109
8247,1155
8248,1166
8249,961
8250,3945
8251,1244
8252,1294
8253,1154
8254,1073
8255,11120
8256,1191
8257,803
8258,1142
8259,1160
8260,2383
8261,1130
8262,1072
8263,1244
8264,1005
8265,1578
8266,1530
8267,1580
8268,901
8269,950
8270,1573
8271,1001
8272,1130
8273,1038
8274,1107
8275,1423
8276,930
8277,1122
8278,1037
8279,1158
8280,1720
8281,1295
8282,2256
8283,2607
8284,1050
8285,1024
8286,1035
8287,983
8288,1749
8289,1134
8290,1438
8291,1002
8292,961
8293,1041
8294,991
8295,1156
8296,916
8297,1635
8298,717
8299,1129
8300,13619
8301,3182
8302,1543
8303,2032
8304,980
8305,1301
8306,1219
8307,926
8308,1075
8309,1141
8310,3169
8311,1550
8312,1181
8313,1494
8314,989
8315,1170
8316,932
8317,1008
8318,901
8319,896
8320,3627
8321,1160
8322,1115
8323,1108
8324,1161
8325,1507
8326,1008
8327,899
8328,819
8329,895
8330,3910
8331,1442
8332,1768
8333,3639
8334,925
8335,1013
8336,1055
8337,1014
8338,1053
8339,1599
8340,1480
8341,1228
8342,856
8343,989
8344,1298
8345,1147
8346,947
8347,981
8348,1004
8349,855
8350,5920
8351,1105
8352,1033
8353,1131
8354,781
8355,1088
8356,1074
8357,776
8358,923
8359,932
8360,1578
8361,1050
8362,860
8363,1030
8364,1314
8365,983
8366,942
8367,1118
8368,867
8369,892
8370,1326
8371,1303
8372,970
8373,975
8374,760
8375,1113
8376,932
8377,1117
8378,937
8379,1070
8380,1407
8381,881
8382,967
8383,1805
8384,1059
8385,1115
8386,778
8387,1329
8388,1149
8389,952
8390,1329
8391,941
8392,1097
8393,935
8394,792
8395,1095
8396,798
8397,862
8398,901
8399,1090
8400,14666
8401,2518
8402,1215
8403,1059
8404,1363
8405,1106
8406,1086
8407,965
8408,1073
8409,869
8410,1562
8411,1640
8412,1060
8413,990
8414,1217
8415,1275
8416,831
8417,1194
8418,955
8419,996
8420,1461
8421,1222
8422,1115
8423,1007
8424,1470
8425,1326
8426,836
8427,1036
8428,886
8429,765
8430,1332
8431,1084
8432,1140
8433,1134
8434,1011
8435,1065
8436,850
8437,860
8438,693
8439,1017
8440,1658
8441,1049
8442,1127
8443,3839
8444,2228
8445,1273
8446,1190
8447,987
8448,1477
8449,1136
8450,2280
8451,1397
8452,1196
8453,1518
8454,1329
8455,1243
8456,1589
8457,2234
8458,1052
8459,1007
8460,1202
8461,1008
8462,1016
8463,1235
8464,915
8465,943
8466,1006
8467,870
8468,761
8469,827
8470,1266
8471,1221
8472,2170
8473,1055
8474,799
8475,927
8476,813
8477,11025
8478,1058
8479,923
8480,1389
8481,1060
8482,1450
8483,966
8484,2006
8485,1118
8486,979
8487,991
8488,1119
8489,863
8490,1092
8491,888
8492,676
8493,1126
8494,836
8495,938
8496,787
8497,877
8498,808
8499,1830
8500,30909
8501,3490
8502,1751
8503,1372
8504,1363
8505,1840
8506,1196
8507,1104
8508,1107
8509,907
8510,2178
8511,1798
8512,1354
8513,884
8514,988
8515,1420
8516,1138
8517,1041
8518,913
8519,984
8520,4636
8521,1151
8522,1221
8523,1066
8524,813
8525,2330
8526,833
8527,1152
8528,1119
8529,1029
8530,2569
8531,1096
8532,946
8533,1067
8534,998
8535,1228
8536,949
8537,863
8538,777
8539,942
8540,2866
8541,1423
8542,1761
8543,1388
8544,1598
8545,1357
8546,889
8547,1066
8548,771
8549,865
8550,2902
8551,1258
8552,1014
8553,916
8554,953
8555,2611
8556,910
8557,916
8558,1311
8559,887
8560,1764
8561,1004
8562,887
8563,937
8564,810
8565,1154
8566,857
8567,928
8568,900
8569,753
8570,2426
8571,1194
8572,1014
8573,1255
8574,785
8575,1256
8576,651
8577,1152
8578,846
8579,855
8580,1611
8581,1087
8582,1137
8583,1353
8584,845
8585,2341
8586,1286
8587,1084
8588,1231
8589,814
8590,1217
8591,882
8592,998
8593,820
8594,1039
8595,1277
8596,795
8597,734
8598,776
8599,1304
8600,26508
8601,6059
8602,1085
8603,1149
8604,1088
8605,1201
8606,2253
8607,984
8608,1070
8609,1166
8610,2877
8611,1665
8612,939
8613,882
8614,829
8615,1243
8616,1815
8617,916
8618,871
8619,954
8620,2568
8621,1718
8622,1186
8623,913
8624,1142
8625,1851
8626,877
8627,987
8628,1171
8629,933
8630,1439
8631,906
8632,905
8633,1092
8634,717
8635,900
8636,819
8637,801
8638,953
8639,1202
8640,1960
8641,892
8642,933
8643,936
8644,1454
8645,937
8646,866
8647,819
8648,1118
8649,969
8650,1939
8651,990
8652,908
8653,761
8654,908
8655,1381
8656,986
8657,868
8658,802
8659,768
8660,1570
8661,1248
8662,1012
8663,1002
8664,2100
8665,1248
8666,1469
8667,1202
8668,1117
8669,1444
8670,1326
8671,982
8672,790
8673,801
8674,2700
8675,1018
8676,934
8677,1077
8678,864
8679,663
8680,1403
8681,1289
8682,917
8683,1702
8684,842
8685,1005
8686,2044
8687,1502
8688,1652
8689,805
8690,1274
8691,1081
8692,855
8693,968
8694,665
8695,1118
8696,940
8697,822
8698,777
8699,907
8700,12345
8701,2632
8702,1030
8703,1265
8704,906
8705,1404
8706,1089
8707,1173
8708,1326
8709,939
8710,1967
8711,1662
8712,1192
8713,761
8714,804
8715,1007
8716,936
8717,1060
8718,731
8719,905
8720,1707
8721,1410
8722,1763
8723,1033
8724,950
8725,1262
8726,849
8727,1091
8728,811
8729,792
8730,1375
8731,994
8732,1050
8733,1617
8734,890
8735,1143
8736,932
8737,991
8738,892
8739,1016
8740,1810
8741,1237
8742,1246
8743,751
8744,882
8745,864
8746,1847
8747,1351
8748,890
8749,1119
8750,3282
8751,1068
8752,853
8753,1226
8754,753
8755,1401
8756,815
8757,979
8758,810
8759,851
8760,2197
8761,819
8762,931
8763,811
8764,715
8765,1263
8766,964
8767,3060
8768,745
8769,765
8770,1523
8771,999
8772,994
8773,989
8774,762
8775,1547
8776,1578
8777,2140
8778,986
8779,762
8780,1346
8781,804
8782,921
8783,787
8784,844
8785,889
8786,772
8787,2046
8788,1315
8789,961
8790,1246
8791,864
8792,774
8793,658
8794,879
8795,866
8796,662
8797,845
8798,744
8799,2354
8800,22839
8801,2566
8802,2181
8803,1368
8804,1542
8805,1440
8806,1210
8807,1346
8808,1542
8809,1477
8810,2026
8811,2303
8812,1219
8813,874
8814,1005
8815,1208
8816,1291
8817,1366
8818,1152
8819,972
8820,2517
8821,1541
8822,2174
8823,1043
8824,1104
8825,1634
8826,988
8827,924
8828,1155
8829,1136
8830,2561
8831,1126
8832,1444
8833,1912
8834,763
8835,1161
8836,756
8837,967
8838,961
8839,952
8840,1599
8841,1065
8842,828
8843,1454
8844,1597
8845,1052
8846,874
8847,793
8848,2192
8849,1108
8850,2614
8851,1057
8852,898
8853,963
8854,1755
8855,1834
8856,957
8857,1231
8858,1194
8859,10386
8860,1705
8861,1144
8862,986
8863,1258
8864,733
8865,1653
8866,1508
8867,889
8868,1096
8869,1130
8870,1455
8871,1082
8872,957
8873,1157
8874,744
8875,1128
8876,1224
8877,1578
8878,1293
8879,1421
8880,2707
8881,1550
8882,1329
8883,1387
8884,1432
8885,1454
8886,1249
8887,1397
8888,12488
8889,2071
8890,2294
8891,1270
8892,964
8893,964
8894,739
8895,1926
8896,782
8897,777
8898,1121
8899,1620
8900,11421
8901,2479
8902,1304
8903,1260
8904,1024
8905,960
8906,910
8907,854
8908,943
8909,1036
8910,2310
8911,1398
8912,1016
8913,890
8914,821
8915,1052
8916,841
8917,879
8918,870
8919,867
8920,1430
8921,949
8922,1109
8923,841
8924,1162
8925,1104
8926,871
8927,796
8928,907
8929,806
8930,1509
8931,1997
8932,769
8933,875
8934,658
8935,931
8936,808
8937,902
8938,2440
8939,993
8940,1475
8941,976
8942,864
8943,807
8944,955
8945,948
8946,850
8947,874
8948,685
8949,2464
8950,1979
8951,842
8952,841
8953,719
8954,631
8955,1190
8956,675
8957,637
8958,894
8959,872
8960,1477
8961,858
8962,1512
8963,845
8964,2140
8965,1106
8966,961
8967,657
8968,784
8969,2022
8970,1052
8971,938
8972,885
8973,786
8974,779
8975,1009
8976,674
8977,989
8978,673
8979,848
8980,1224
8981,964
8982,641
8983,1051
8984,930
8985,916
8986,1003
8987,850
8988,1130
8989,1735
8990,1965
8991,872
8992,926
8993,1561
8994,931
8995,1383
8996,972
8997,791
8998,1216
8999,2816
9000,121309
9001,97228
9002,5853
9003,3763
9004,3151
9005,3202
9006,3070
9007,2157
9008,1837
9009,2878
9010,4524
9011,2066
9012,1642
9013,1089
9014,1355
9015,2268
9016,1438
9017,1134
9018,1416
9019,1030
9020,2950
9021,1423
9022,1123
9023,1317
9024,1374
9025,1688
9026,1029
9027,1156
9028,976
9029,977
9030,2190
9031,1230
9032,1099
9033,1374
9034,867
9035,1223
9036,1017
9037,1003
9038,970
9039,968
9040,1716
9041,1136
9042,989
9043,803
9044,824
9045,1173
9046,871
9047,753
9048,864
9049,781
9050,2607
9051,976
9052,1083
9053,812
9054,939
9055,1337
9056,764
9057,1001
9058,758
9059,730
9060,2955
9061,980
9062,751
9063,887
9064,910
9065,845
9066,3552
9067,784
9068,975
9069,934
9070,1675
9071,1128
9072,879
9073,913
9074,761
9075,1278
9076,791
9077,985
9078,753
9079,718
9080,1872
9081,1081
9082,866
9083,973
9084,856
9085,1500
9086,656
9087,867
9088,1033
9089,1087
9090,4190
9091,1466
9092,1137
9093,972
9094,929
9095,1192
9096,848
9097,919
9098,913
9099,1557
9100,13491
9101,2715
9102,1289
9103,1101
9104,1157
9105,1227
9106,990
9107,942
9108,827
9109,860
9110,2313
9111,2834
9112,1006
9113,1071
9114,1075
9115,1191
9116,950
9117,891
9118,912
9119,1268
9120,2102
9121,1140
9122,1067
9123,1482
9124,763
9125,1458
9126,1246
9127,979
9128,1752
9129,729
9130,1509
9131,1469
9132,1020
9133,1053
9134,787
9135,987
9136,872
9137,906
9138,723
9139,781
9140,1605
9141,1331
9142,856
9143,741
9144,1448
9145,1038
9146,744
9147,894
9148,802
9149,1202
9150,2568
9151,1031
9152,760
9153,1042
9154,696
9155,1355
9156,660
9157,689
9158,738
9159,794
9160,1163
9161,922
9162,867
9163,742
9164,672
9165,1683
9166,948
9167,1247
9168,742
9169,713
9170,1228
9171,1352
9172,806
9173,848
9174,686
9175,963
9176,634
9177,810
9178,775
9179,709
9180,1353
9181,1055
9182,965
9183,719
9184,1317
9185,887
9186,762
9187,752
9188,903
9189,755
9190,1195
9191,1849
9192,987
9193,1122
9194,788
9195,865
9196,848
9197,754
9198,740
9199,1229
9200,13751
9201,2130
9202,1416
9203,1518
9204,893
9205,1546
9206,935
9207,1055
9208,1301
9209,1020
9210,1854
9211,2017
9212,1443
9213,1167
9214,855
9215,1117
9216,1405
9217,1040
9218,866
9219,1011
9220,1991
9221,1289
9222,2080
9223,1201
9224,1055
9225,1480
9226,879
9227,1233
9228,895
9229,1174
9230,1402
9231,1146
9232,967
9233,1218
9234,859
9235,1131
9236,742
9237,947
9238,801
9239,1005
9240,1485
9241,1809
9242,1103
9243,990
9244,918
9245,938
9246,848
9247,1022
9248,919
9249,826
9250,3528
9251,1131
9252,1067
9253,860
9254,700
9255,1417
9256,748
9257,1011
9258,995
9259,722
9260,1708
9261,1202
9262,1570
9263,801
9264,894
9265,1080
9266,1095
9267,961
9268,1066
9269,874
9270,1065
9271,988
9272,1160
9273,949
9274,771
9275,1091
9276,976
9277,913
9278,912
9279,795
9280,1475
9281,948
9282,1032
9283,1084
9284,898
9285,987
9286,847
9287,761
9288,970
9289,774
9290,1746
9291,1076
9292,2053
9293,1010
9294,1010
9295,994
9296,839
9297,792
9298,851
9299,1217
9300,13525
9301,1826
9302,967
9303,1333
9304,853
9305,1179
9306,853
9307,813
9308,866
9309,945
9310,2244
9311,1440
9312,918
9313,1052
9314,960
9315,1145
9316,776
9317,821
9318,747
9319,912
9320,2073
9321,1054
9322,1066
9323,879
9324,789
9325,1603
9326,1740
9327,935
9328,974
9329,887
9330,1817
9331,1151
9332,886
9333,2194
9334,823
9335,1180
9336,1107
9337,1003
9338,928
9339,1196
9340,1278
9341,1004
9342,719
9343,1424
9344,1091
9345,1018
9346,761
9347,884
9348,710
9349,959
9350,2578
9351,1532
9352,725
9353,870
9354,816
9355,1518
9356,774
9357,788
9358,685
9359,743
9360,2654
9361,1041
9362,1209
9363,880
9364,863
9365,992
9366,765
9367,874
9368,772
9369,900
9370,2039
9371,940
9372,874
9373,878
9374,739
9375,2346
9376,807
9377,979
9378,1242
9379,639
9380,1681
9381,1179
9382,810
9383,1135
9384,1043
9385,1153
9386,825
9387,894
9388,1011
9389,877
9390,1007
9391,883
9392,834
9393,1569
9394,1135
9395,866
9396,699
9397,1116
9398,755
9399,1250
9400,9830
9401,1657
9402,912
9403,1141
9404,1166
9405,1146
9406,886
9407,943
9408,873
9409,862
9410,1709
9411,1359
9412,880
9413,859
9414,913
9415,1441
9416,934
9417,1206
9418,794
9419,1046
9420,1492
9421,938
9422,1208
9423,853
9424,908
9425,1181
9426,652
9427,914
9428,793
9429,865
9430,1255
9431,876
9432,863
9433,1016
9434,802
9435,865
9436,687
9437,764
9438,861
9439,837
9440,1751
9441,1054
9442,989
9443,1263
9444,1473
9445,1221
9446,750
9447,780
9448,848
9449,1061
9450,2020
9451,1003
9452,937
9453,1079
9454,896
9455,1071
9456,789
9457,887
9458,694
9459,789
9460,1195
9461,905
9462,785
9463,1545
9464,964
9465,1180
9466,903
9467,878
9468,642
9469,762
9470,1179
9471,751
9472,689
9473,991
9474,1393
9475,947
9476,680
9477,1070
9478,661
9479,888
9480,1038
9481,889
9482,777
9483,676
9484,665
9485,863
9486,764
9487,715
9488,803
9489,750
9490,1210
9491,745
9492,734
9493,710
9494,1465
9495,1051
9496,823
9497,817
9498,718
9499,1098
9500,22580
9501,2011
9502,1391
9503,1376
9504,1130
9505,1655
9506,991
9507,988
9508,907
9509,903
9510,1749
9511,1221
9512,841
9513,1173
9514,912
9515,1096
9516,958
9517,844
9518,978
9519,753
9520,1814
9521,1245
9522,985
9523,1077
9524,825
9525,2415
9526,754
9527,1079
9528,797
9529,932
9530,1962
9531,1142
9532,764
9533,936
9534,770
9535,911
9536,1303
9537,773
9538,659
9539,740
9540,1221
9541,1303
9542,779
9543,873
9544,758
9545,1519
9546,751
9547,718
9548,774
9549,766
9550,4044
9551,949
9552,856
9553,836
9554,752
9555,2488
9556,711
9557,937
9558,713
9559,1641
9560,2347
9561,879
9562,731
9563,765
9564,761
9565,993
9566,908
9567,860
9568,1288
9569,858
9570,1793
9571,907
9572,765
9573,602
9574,590
9575,1505
9576,615
9577,812
9578,601
9579,660
9580,1238
9581,769
9582,649
9583,733
9584,767
9585,1049
9586,589
9587,686
9588,743
9589,687
9590,1791
9591,762
9592,883
9593,811
9594,668
9595,1958
9596,914
9597,737
9598,865
9599,1116
9600,23804
9601,2124
9602,1137
9603,1097
9604,1267
9605,1064
9606,1483
9607,1384
9608,1021
9609,1011
9610,1899
9611,2124
9612,974
9613,1182
9614,806
9615,893
9616,723
9617,887
9618,807
9619,742
9620,1402
9621,976
9622,1887
9623,890
9624,863
9625,1183
9626,963
9627,731
9628,698
9629,896
9630,1832
9631,869
9632,938
9633,945
9634,605
9635,893
9636,830
9637,904
9638,634
9639,905
9640,972
9641,948
9642,3018
9643,770
9644,892
9645,1119
9646,977
9647,905
9648,715
9649,750
9650,3257
9651,819
9652,779
9653,904
9654,988
9655,1059
9656,811
9657,705
9658,1028
9659,813
9660,2821
9661,1077
9662,11346
9663,1416
9664,813
9665,955
9666,1033
9667,1016
9668,789
9669,984
9670,1450
9671,793
9672,819
9673,1018
9674,1167
9675,1378
9676,718
9677,866
9678,641
9679,1086
9680,958
9681,959
9682,708
9683,786
9684,720
9685,1018
9686,1009
9687,833
9688,974
9689,697
9690,1143
9691,779
9692,722
9693,731
9694,585
9695,839
9696,1532
9697,1074
9698,760
9699,1133
9700,15035
9701,1646
9702,997
9703,841
9704,918
9705,1053
9706,1018
9707,1123
9708,813
9709,934
9710,1611
9711,1491
9712,1225
9713,826
9714,1247
9715,934
9716,884
9717,845
9718,672
9719,711
9720,1616
9721,995
9722,981
9723,778
9724,776
9725,1106
9726,865
9727,936
9728,864
9729,855
9730,1070
9731,786
9732,671
9733,1199
9734,1065
9735,985
9736,699
9737,882
9738,754
9739,765
9740,1016
9741,861
9742,752
9743,1033
9744,922
9745,874
9746,648
9747,936
9748,637
9749,674
9750,2625
9751,872
9752,771
9753,740
9754,702
9755,1113
9756,785
9757,841
9758,627
9759,647
9760,986
9761,776
9762,693
9763,769
9764,673
9765,713
9766,775
9767,930
9768,694
9769,696
9770,1228
9771,828
9772,860
9773,807
9774,724
9775,1015
9776,910
9777,1805
9778,960
9779,933
9780,2668
9781,829
9782,646
9783,698
9784,687
9785,1041
9786,750
9787,926
9788,935
9789,900
9790,1819
9791,813
9792,1017
9793,765
9794,658
9795,932
9796,2629
9797,1561
9798,925
9799,1225
9800,16497
9801,1934
9802,1463
9803,834
9804,832
9805,1117
9806,857
9807,872
9808,1078
9809,830
9810,3727
9811,1041
9812,836
9813,971
9814,697
9815,990
9816,857
9817,857
9818,1004
9819,770
9820,2165
9821,978
9822,1457
9823,748
9824,762
9825,1513
9826,881
9827,852
9828,900
9829,889
9830,1286
9831,814
9832,1168
9833,1065
9834,806
9835,1080
9836,730
9837,683
9838,732
9839,712
9840,1447
9841,1061
9842,912
9843,878
9844,977
9845,1162
9846,668
9847,717
9848,764
9849,748
9850,2687
9851,896
9852,754
9853,890
9854,697
9855,1036
9856,633
9857,966
9858,853
9859,915
9860,1720
9861,984
9862,654
9863,747
9864,763
9865,1105
9866,752
9867,665
9868,814
9869,730
9870,1097
9871,876
9872,739
9873,761
9874,681
9875,1130
9876,1425
9877,1150
9878,804
9879,844
9880,1466
9881,830
9882,863
9883,759
9884,695
9885,918
9886,723
9887,1172
9888,1995
9889,1149
9890,1190
9891,772
9892,598
9893,609
9894,628
9895,1658
9896,712
9897,746
9898,1628
9899,1657
9900,13779
9901,2145
9902,1362
9903,1427
9904,1411
9905,1301
9906,993
9907,959
9908,1006
9909,1141
9910,1660
9911,1741
9912,1101
9913,1048
9914,844
9915,1000
9916,748
9917,908
9918,867
9919,1156
9920,1442
9921,1051
9922,1285
9923,1038
9924,759
9925,1542
9926,1324
9927,852
9928,729
9929,996
9930,2612
9931,769
9932,805
9933,1499
9934,735
9935,954
9936,709
9937,725
9938,889
9939,1177
9940,1244
9941,796
9942,733
9943,693
9944,1108
9945,1110
9946,805
9947,983
9948,808
9949,1092
9950,2132
9951,1006
9952,784
9953,816
9954,792
9955,1398
9956,753
9957,776
9958,820
9959,962
9960,2284
9961,882
9962,687
9963,785
9964,882
9965,1422
9966,1396
9967,950
9968,767
9969,939
9970,1119
9971,1106
9972,892
9973,1030
9974,745
9975,1260
9976,752
9977,1239
9978,927
9979,980
9980,1602
9981,1616
9982,987
9983,1084
9984,1348
9985,1164
9986,888
9987,1033
9988,2183
9989,1179
9990,2541
9991,1798
9992,1334
9993,1628
9994,1745
9995,3167
9996,1681
9997,2225
9998,2690
9999,31840
10000,121280
